"AGE","SEX","TNM_N_cat","TNM_T_cat","no_metastasis","metastasis","risk_level"
0,"1","N0","T0",0.6212,0.3788,"LOW"
1,"1","N0","T0",0.6212,0.3788,"LOW"
2,"1","N0","T0",0.6212,0.3788,"LOW"
3,"1","N0","T0",0.6212,0.3788,"LOW"
4,"1","N0","T0",0.6212,0.3788,"LOW"
5,"1","N0","T0",0.6212,0.3788,"LOW"
6,"1","N0","T0",0.6212,0.3788,"LOW"
7,"1","N0","T0",0.6212,0.3788,"LOW"
8,"1","N0","T0",0.6212,0.3788,"LOW"
9,"1","N0","T0",0.6212,0.3788,"LOW"
10,"1","N0","T0",0.6212,0.3788,"LOW"
11,"1","N0","T0",0.6212,0.3788,"LOW"
12,"1","N0","T0",0.6212,0.3788,"LOW"
13,"1","N0","T0",0.6212,0.3788,"LOW"
14,"1","N0","T0",0.6212,0.3788,"LOW"
15,"1","N0","T0",0.6212,0.3788,"LOW"
16,"1","N0","T0",0.6226,0.3774,"LOW"
17,"1","N0","T0",0.6375,0.3625,"LOW"
18,"1","N0","T0",0.6523,0.3477,"LOW"
19,"1","N0","T0",0.667,0.333,"LOW"
20,"1","N0","T0",0.6818,0.3182,"LOW"
21,"1","N0","T0",0.6881,0.3119,"LOW"
22,"1","N0","T0",0.6985,0.3015,"LOW"
23,"1","N0","T0",0.6999,0.3001,"LOW"
24,"1","N0","T0",0.6978,0.3022,"LOW"
25,"1","N0","T0",0.6986,0.3014,"LOW"
26,"1","N0","T0",0.6992,0.3008,"LOW"
27,"1","N0","T0",0.6992,0.3008,"LOW"
28,"1","N0","T0",0.6999,0.3001,"LOW"
29,"1","N0","T0",0.7017,0.2983,"LOW"
30,"1","N0","T0",0.6906,0.3094,"LOW"
31,"1","N0","T0",0.6804,0.3196,"LOW"
32,"1","N0","T0",0.6773,0.3227,"LOW"
33,"1","N0","T0",0.681,0.319,"LOW"
34,"1","N0","T0",0.6815,0.3185,"LOW"
35,"1","N0","T0",0.6802,0.3198,"LOW"
36,"1","N0","T0",0.6757,0.3243,"LOW"
37,"1","N0","T0",0.6726,0.3274,"LOW"
38,"1","N0","T0",0.6791,0.3209,"LOW"
39,"1","N0","T0",0.6817,0.3183,"LOW"
40,"1","N0","T0",0.679,0.321,"LOW"
41,"1","N0","T0",0.6753,0.3247,"LOW"
42,"1","N0","T0",0.6733,0.3267,"LOW"
43,"1","N0","T0",0.6732,0.3268,"LOW"
44,"1","N0","T0",0.6714,0.3286,"LOW"
45,"1","N0","T0",0.6748,0.3252,"LOW"
46,"1","N0","T0",0.6744,0.3256,"LOW"
47,"1","N0","T0",0.619,0.381,"LOW"
48,"1","N0","T0",0.5878,0.4122,"LOW"
49,"1","N0","T0",0.586,0.414,"LOW"
50,"1","N0","T0",0.6178,0.3822,"LOW"
51,"1","N0","T0",0.6516,0.3484,"LOW"
52,"1","N0","T0",0.6711,0.3289,"LOW"
53,"1","N0","T0",0.7016,0.2984,"LOW"
54,"1","N0","T0",0.7229,0.2771,"LOW"
55,"1","N0","T0",0.7385,0.2615,"LOW"
56,"1","N0","T0",0.7595,0.2405,"LOW"
57,"1","N0","T0",0.7525,0.2475,"LOW"
58,"1","N0","T0",0.7371,0.2629,"LOW"
59,"1","N0","T0",0.7216,0.2784,"LOW"
60,"1","N0","T0",0.7145,0.2855,"LOW"
61,"1","N0","T0",0.6999,0.3001,"LOW"
62,"1","N0","T0",0.7449,0.2551,"LOW"
63,"1","N0","T0",0.7353,0.2647,"LOW"
64,"1","N0","T0",0.7586,0.2414,"LOW"
65,"1","N0","T0",0.7685,0.2315,"LOW"
66,"1","N0","T0",0.7591,0.2409,"LOW"
67,"1","N0","T0",0.7097,0.2903,"LOW"
68,"1","N0","T0",0.7464,0.2536,"LOW"
69,"1","N0","T0",0.7705,0.2295,"LOW"
70,"1","N0","T0",0.7857,0.2143,"LOW"
71,"1","N0","T0",0.801,0.199,"LOW"
72,"1","N0","T0",0.8128,0.1872,"LOW"
73,"1","N0","T0",0.8243,0.1757,"LOW"
74,"1","N0","T0",0.825,0.175,"LOW"
75,"1","N0","T0",0.8341,0.1659,"LOW"
76,"1","N0","T0",0.8371,0.1629,"LOW"
77,"1","N0","T0",0.8357,0.1643,"LOW"
78,"1","N0","T0",0.8331,0.1669,"LOW"
79,"1","N0","T0",0.8296,0.1704,"LOW"
80,"1","N0","T0",0.8281,0.1719,"LOW"
81,"1","N0","T0",0.8303,0.1697,"LOW"
82,"1","N0","T0",0.8297,0.1703,"LOW"
83,"1","N0","T0",0.8175,0.1825,"LOW"
84,"1","N0","T0",0.8069,0.1931,"LOW"
85,"1","N0","T0",0.7939,0.2061,"LOW"
86,"1","N0","T0",0.7808,0.2192,"LOW"
87,"1","N0","T0",0.7373,0.2627,"LOW"
88,"1","N0","T0",0.6123,0.3877,"LOW"
89,"1","N0","T0",0.5817,0.4183,"LOW"
90,"1","N0","T0",0.6004,0.3996,"LOW"
91,"1","N0","T0",0.6004,0.3996,"LOW"
92,"1","N0","T0",0.6004,0.3996,"LOW"
93,"1","N0","T0",0.6004,0.3996,"LOW"
94,"1","N0","T0",0.6004,0.3996,"LOW"
95,"1","N0","T0",0.6004,0.3996,"LOW"
96,"1","N0","T0",0.6004,0.3996,"LOW"
97,"1","N0","T0",0.6004,0.3996,"LOW"
98,"1","N0","T0",0.6004,0.3996,"LOW"
99,"1","N0","T0",0.6004,0.3996,"LOW"
0,"2","N0","T0",0.824,0.176,"LOW"
1,"2","N0","T0",0.824,0.176,"LOW"
2,"2","N0","T0",0.824,0.176,"LOW"
3,"2","N0","T0",0.824,0.176,"LOW"
4,"2","N0","T0",0.824,0.176,"LOW"
5,"2","N0","T0",0.824,0.176,"LOW"
6,"2","N0","T0",0.824,0.176,"LOW"
7,"2","N0","T0",0.824,0.176,"LOW"
8,"2","N0","T0",0.824,0.176,"LOW"
9,"2","N0","T0",0.824,0.176,"LOW"
10,"2","N0","T0",0.824,0.176,"LOW"
11,"2","N0","T0",0.824,0.176,"LOW"
12,"2","N0","T0",0.824,0.176,"LOW"
13,"2","N0","T0",0.824,0.176,"LOW"
14,"2","N0","T0",0.824,0.176,"LOW"
15,"2","N0","T0",0.824,0.176,"LOW"
16,"2","N0","T0",0.826,0.174,"LOW"
17,"2","N0","T0",0.8358,0.1642,"LOW"
18,"2","N0","T0",0.8411,0.1589,"LOW"
19,"2","N0","T0",0.8486,0.1514,"LOW"
20,"2","N0","T0",0.8563,0.1437,"LOW"
21,"2","N0","T0",0.8595,0.1405,"LOW"
22,"2","N0","T0",0.8667,0.1333,"LOW"
23,"2","N0","T0",0.8667,0.1333,"LOW"
24,"2","N0","T0",0.8687,0.1313,"LOW"
25,"2","N0","T0",0.8705,0.1295,"LOW"
26,"2","N0","T0",0.8679,0.1321,"LOW"
27,"2","N0","T0",0.8689,0.1311,"LOW"
28,"2","N0","T0",0.8685,0.1315,"LOW"
29,"2","N0","T0",0.8695,0.1305,"LOW"
30,"2","N0","T0",0.8641,0.1359,"LOW"
31,"2","N0","T0",0.8578,0.1422,"LOW"
32,"2","N0","T0",0.853,0.147,"LOW"
33,"2","N0","T0",0.8517,0.1483,"LOW"
34,"2","N0","T0",0.8674,0.1326,"LOW"
35,"2","N0","T0",0.8685,0.1315,"LOW"
36,"2","N0","T0",0.8712,0.1288,"LOW"
37,"2","N0","T0",0.8711,0.1289,"LOW"
38,"2","N0","T0",0.863,0.137,"LOW"
39,"2","N0","T0",0.852,0.148,"LOW"
40,"2","N0","T0",0.8587,0.1413,"LOW"
41,"2","N0","T0",0.8618,0.1382,"LOW"
42,"2","N0","T0",0.8604,0.1396,"LOW"
43,"2","N0","T0",0.8613,0.1387,"LOW"
44,"2","N0","T0",0.8593,0.1407,"LOW"
45,"2","N0","T0",0.8585,0.1415,"LOW"
46,"2","N0","T0",0.8511,0.1489,"LOW"
47,"2","N0","T0",0.8321,0.1679,"LOW"
48,"2","N0","T0",0.8246,0.1754,"LOW"
49,"2","N0","T0",0.8349,0.1651,"LOW"
50,"2","N0","T0",0.8419,0.1581,"LOW"
51,"2","N0","T0",0.8574,0.1426,"LOW"
52,"2","N0","T0",0.8612,0.1388,"LOW"
53,"2","N0","T0",0.8734,0.1266,"LOW"
54,"2","N0","T0",0.8831,0.1169,"LOW"
55,"2","N0","T0",0.8859,0.1141,"LOW"
56,"2","N0","T0",0.8933,0.1067,"LOW"
57,"2","N0","T0",0.8954,0.1046,"LOW"
58,"2","N0","T0",0.8902,0.1098,"LOW"
59,"2","N0","T0",0.8876,0.1124,"LOW"
60,"2","N0","T0",0.8914,0.1086,"LOW"
61,"2","N0","T0",0.8888,0.1112,"LOW"
62,"2","N0","T0",0.896,0.104,"LOW"
63,"2","N0","T0",0.8991,0.1009,"LOW"
64,"2","N0","T0",0.9043,0.0957,"LOW"
65,"2","N0","T0",0.9091,0.0909,"LOW"
66,"2","N0","T0",0.9125,0.0875,"LOW"
67,"2","N0","T0",0.9123,0.0877,"LOW"
68,"2","N0","T0",0.9117,0.0883,"LOW"
69,"2","N0","T0",0.9181,0.0819,"LOW"
70,"2","N0","T0",0.9198,0.0802,"LOW"
71,"2","N0","T0",0.9101,0.0899,"LOW"
72,"2","N0","T0",0.9062,0.0938,"LOW"
73,"2","N0","T0",0.9017,0.0983,"LOW"
74,"2","N0","T0",0.8951,0.1049,"LOW"
75,"2","N0","T0",0.8665,0.1335,"LOW"
76,"2","N0","T0",0.7944,0.2056,"LOW"
77,"2","N0","T0",0.8332,0.1668,"LOW"
78,"2","N0","T0",0.8639,0.1361,"LOW"
79,"2","N0","T0",0.8678,0.1322,"LOW"
80,"2","N0","T0",0.8795,0.1205,"LOW"
81,"2","N0","T0",0.8911,0.1089,"LOW"
82,"2","N0","T0",0.8923,0.1077,"LOW"
83,"2","N0","T0",0.9044,0.0956,"LOW"
84,"2","N0","T0",0.9043,0.0957,"LOW"
85,"2","N0","T0",0.9049,0.0951,"LOW"
86,"2","N0","T0",0.9033,0.0967,"LOW"
87,"2","N0","T0",0.8993,0.1007,"LOW"
88,"2","N0","T0",0.8856,0.1144,"LOW"
89,"2","N0","T0",0.8762,0.1238,"LOW"
90,"2","N0","T0",0.8786,0.1214,"LOW"
91,"2","N0","T0",0.8786,0.1214,"LOW"
92,"2","N0","T0",0.8786,0.1214,"LOW"
93,"2","N0","T0",0.8786,0.1214,"LOW"
94,"2","N0","T0",0.8786,0.1214,"LOW"
95,"2","N0","T0",0.8786,0.1214,"LOW"
96,"2","N0","T0",0.8786,0.1214,"LOW"
97,"2","N0","T0",0.8786,0.1214,"LOW"
98,"2","N0","T0",0.8786,0.1214,"LOW"
99,"2","N0","T0",0.8786,0.1214,"LOW"
0,"1","N1","T0",0.3506,0.6494,"HIGH"
1,"1","N1","T0",0.3506,0.6494,"HIGH"
2,"1","N1","T0",0.3506,0.6494,"HIGH"
3,"1","N1","T0",0.3506,0.6494,"HIGH"
4,"1","N1","T0",0.3506,0.6494,"HIGH"
5,"1","N1","T0",0.3506,0.6494,"HIGH"
6,"1","N1","T0",0.3506,0.6494,"HIGH"
7,"1","N1","T0",0.3506,0.6494,"HIGH"
8,"1","N1","T0",0.3506,0.6494,"HIGH"
9,"1","N1","T0",0.3506,0.6494,"HIGH"
10,"1","N1","T0",0.3506,0.6494,"HIGH"
11,"1","N1","T0",0.3506,0.6494,"HIGH"
12,"1","N1","T0",0.3506,0.6494,"HIGH"
13,"1","N1","T0",0.3506,0.6494,"HIGH"
14,"1","N1","T0",0.3506,0.6494,"HIGH"
15,"1","N1","T0",0.3506,0.6494,"HIGH"
16,"1","N1","T0",0.3696,0.6304,"HIGH"
17,"1","N1","T0",0.3696,0.6304,"HIGH"
18,"1","N1","T0",0.3682,0.6318,"HIGH"
19,"1","N1","T0",0.3738,0.6262,"HIGH"
20,"1","N1","T0",0.3773,0.6227,"HIGH"
21,"1","N1","T0",0.3855,0.6145,"HIGH"
22,"1","N1","T0",0.3962,0.6038,"HIGH"
23,"1","N1","T0",0.4055,0.5945,"HIGH"
24,"1","N1","T0",0.4015,0.5985,"HIGH"
25,"1","N1","T0",0.3926,0.6074,"HIGH"
26,"1","N1","T0",0.3904,0.6096,"HIGH"
27,"1","N1","T0",0.389,0.611,"HIGH"
28,"1","N1","T0",0.3783,0.6217,"HIGH"
29,"1","N1","T0",0.3868,0.6132,"HIGH"
30,"1","N1","T0",0.3892,0.6108,"HIGH"
31,"1","N1","T0",0.3969,0.6031,"HIGH"
32,"1","N1","T0",0.4063,0.5937,"HIGH"
33,"1","N1","T0",0.4149,0.5851,"HIGH"
34,"1","N1","T0",0.4136,0.5864,"HIGH"
35,"1","N1","T0",0.4188,0.5812,"HIGH"
36,"1","N1","T0",0.4311,0.5689,"HIGH"
37,"1","N1","T0",0.4364,0.5636,"HIGH"
38,"1","N1","T0",0.4406,0.5594,"HIGH"
39,"1","N1","T0",0.4362,0.5638,"HIGH"
40,"1","N1","T0",0.4433,0.5567,"HIGH"
41,"1","N1","T0",0.4474,0.5526,"HIGH"
42,"1","N1","T0",0.4503,0.5497,"HIGH"
43,"1","N1","T0",0.4577,0.5423,"HIGH"
44,"1","N1","T0",0.4502,0.5498,"HIGH"
45,"1","N1","T0",0.4589,0.5411,"HIGH"
46,"1","N1","T0",0.4625,0.5375,"HIGH"
47,"1","N1","T0",0.4567,0.5433,"HIGH"
48,"1","N1","T0",0.4628,0.5372,"HIGH"
49,"1","N1","T0",0.467,0.533,"HIGH"
50,"1","N1","T0",0.4689,0.5311,"HIGH"
51,"1","N1","T0",0.4706,0.5294,"HIGH"
52,"1","N1","T0",0.4747,0.5253,"HIGH"
53,"1","N1","T0",0.4786,0.5214,"HIGH"
54,"1","N1","T0",0.4852,0.5148,"HIGH"
55,"1","N1","T0",0.4901,0.5099,"HIGH"
56,"1","N1","T0",0.5023,0.4977,"LOW"
57,"1","N1","T0",0.5303,0.4697,"LOW"
58,"1","N1","T0",0.5485,0.4515,"LOW"
59,"1","N1","T0",0.5748,0.4252,"LOW"
60,"1","N1","T0",0.5975,0.4025,"LOW"
61,"1","N1","T0",0.5657,0.4343,"LOW"
62,"1","N1","T0",0.6229,0.3771,"LOW"
63,"1","N1","T0",0.6505,0.3495,"LOW"
64,"1","N1","T0",0.6649,0.3351,"LOW"
65,"1","N1","T0",0.622,0.378,"LOW"
66,"1","N1","T0",0.5777,0.4223,"LOW"
67,"1","N1","T0",0.6048,0.3952,"LOW"
68,"1","N1","T0",0.6225,0.3775,"LOW"
69,"1","N1","T0",0.6331,0.3669,"LOW"
70,"1","N1","T0",0.6148,0.3852,"LOW"
71,"1","N1","T0",0.5927,0.4073,"LOW"
72,"1","N1","T0",0.6112,0.3888,"LOW"
73,"1","N1","T0",0.5725,0.4275,"LOW"
74,"1","N1","T0",0.5868,0.4132,"LOW"
75,"1","N1","T0",0.6075,0.3925,"LOW"
76,"1","N1","T0",0.6165,0.3835,"LOW"
77,"1","N1","T0",0.5931,0.4069,"LOW"
78,"1","N1","T0",0.5687,0.4313,"LOW"
79,"1","N1","T0",0.5519,0.4481,"LOW"
80,"1","N1","T0",0.5419,0.4581,"LOW"
81,"1","N1","T0",0.5255,0.4745,"LOW"
82,"1","N1","T0",0.5087,0.4913,"LOW"
83,"1","N1","T0",0.4948,0.5052,"HIGH"
84,"1","N1","T0",0.4843,0.5157,"HIGH"
85,"1","N1","T0",0.491,0.509,"HIGH"
86,"1","N1","T0",0.4984,0.5016,"HIGH"
87,"1","N1","T0",0.5051,0.4949,"LOW"
88,"1","N1","T0",0.4994,0.5006,"HIGH"
89,"1","N1","T0",0.5105,0.4895,"LOW"
90,"1","N1","T0",0.5164,0.4836,"LOW"
91,"1","N1","T0",0.5164,0.4836,"LOW"
92,"1","N1","T0",0.5164,0.4836,"LOW"
93,"1","N1","T0",0.5164,0.4836,"LOW"
94,"1","N1","T0",0.5164,0.4836,"LOW"
95,"1","N1","T0",0.5164,0.4836,"LOW"
96,"1","N1","T0",0.5164,0.4836,"LOW"
97,"1","N1","T0",0.5164,0.4836,"LOW"
98,"1","N1","T0",0.5164,0.4836,"LOW"
99,"1","N1","T0",0.5164,0.4836,"LOW"
0,"2","N1","T0",0.5565,0.4435,"LOW"
1,"2","N1","T0",0.5565,0.4435,"LOW"
2,"2","N1","T0",0.5565,0.4435,"LOW"
3,"2","N1","T0",0.5565,0.4435,"LOW"
4,"2","N1","T0",0.5565,0.4435,"LOW"
5,"2","N1","T0",0.5565,0.4435,"LOW"
6,"2","N1","T0",0.5565,0.4435,"LOW"
7,"2","N1","T0",0.5565,0.4435,"LOW"
8,"2","N1","T0",0.5565,0.4435,"LOW"
9,"2","N1","T0",0.5565,0.4435,"LOW"
10,"2","N1","T0",0.5565,0.4435,"LOW"
11,"2","N1","T0",0.5565,0.4435,"LOW"
12,"2","N1","T0",0.5565,0.4435,"LOW"
13,"2","N1","T0",0.5565,0.4435,"LOW"
14,"2","N1","T0",0.5565,0.4435,"LOW"
15,"2","N1","T0",0.5565,0.4435,"LOW"
16,"2","N1","T0",0.5693,0.4307,"LOW"
17,"2","N1","T0",0.5693,0.4307,"LOW"
18,"2","N1","T0",0.5709,0.4291,"LOW"
19,"2","N1","T0",0.5749,0.4251,"LOW"
20,"2","N1","T0",0.5766,0.4234,"LOW"
21,"2","N1","T0",0.5795,0.4205,"LOW"
22,"2","N1","T0",0.5862,0.4138,"LOW"
23,"2","N1","T0",0.5953,0.4047,"LOW"
24,"2","N1","T0",0.5934,0.4066,"LOW"
25,"2","N1","T0",0.5949,0.4051,"LOW"
26,"2","N1","T0",0.5869,0.4131,"LOW"
27,"2","N1","T0",0.5884,0.4116,"LOW"
28,"2","N1","T0",0.5856,0.4144,"LOW"
29,"2","N1","T0",0.5958,0.4042,"LOW"
30,"2","N1","T0",0.5997,0.4003,"LOW"
31,"2","N1","T0",0.6111,0.3889,"LOW"
32,"2","N1","T0",0.612,0.388,"LOW"
33,"2","N1","T0",0.6141,0.3859,"LOW"
34,"2","N1","T0",0.6172,0.3828,"LOW"
35,"2","N1","T0",0.631,0.369,"LOW"
36,"2","N1","T0",0.6421,0.3579,"LOW"
37,"2","N1","T0",0.648,0.352,"LOW"
38,"2","N1","T0",0.6583,0.3417,"LOW"
39,"2","N1","T0",0.6567,0.3433,"LOW"
40,"2","N1","T0",0.6729,0.3271,"LOW"
41,"2","N1","T0",0.6752,0.3248,"LOW"
42,"2","N1","T0",0.6824,0.3176,"LOW"
43,"2","N1","T0",0.6885,0.3115,"LOW"
44,"2","N1","T0",0.6858,0.3142,"LOW"
45,"2","N1","T0",0.6926,0.3074,"LOW"
46,"2","N1","T0",0.6905,0.3095,"LOW"
47,"2","N1","T0",0.6904,0.3096,"LOW"
48,"2","N1","T0",0.6898,0.3102,"LOW"
49,"2","N1","T0",0.6904,0.3096,"LOW"
50,"2","N1","T0",0.6945,0.3055,"LOW"
51,"2","N1","T0",0.6987,0.3013,"LOW"
52,"2","N1","T0",0.7016,0.2984,"LOW"
53,"2","N1","T0",0.7081,0.2919,"LOW"
54,"2","N1","T0",0.7148,0.2852,"LOW"
55,"2","N1","T0",0.7174,0.2826,"LOW"
56,"2","N1","T0",0.7193,0.2807,"LOW"
57,"2","N1","T0",0.7204,0.2796,"LOW"
58,"2","N1","T0",0.7313,0.2687,"LOW"
59,"2","N1","T0",0.7401,0.2599,"LOW"
60,"2","N1","T0",0.7491,0.2509,"LOW"
61,"2","N1","T0",0.7484,0.2516,"LOW"
62,"2","N1","T0",0.764,0.236,"LOW"
63,"2","N1","T0",0.7708,0.2292,"LOW"
64,"2","N1","T0",0.7667,0.2333,"LOW"
65,"2","N1","T0",0.7565,0.2435,"LOW"
66,"2","N1","T0",0.7478,0.2522,"LOW"
67,"2","N1","T0",0.7536,0.2464,"LOW"
68,"2","N1","T0",0.7361,0.2639,"LOW"
69,"2","N1","T0",0.7287,0.2713,"LOW"
70,"2","N1","T0",0.7113,0.2887,"LOW"
71,"2","N1","T0",0.6929,0.3071,"LOW"
72,"2","N1","T0",0.6561,0.3439,"LOW"
73,"2","N1","T0",0.6066,0.3934,"LOW"
74,"2","N1","T0",0.5596,0.4404,"LOW"
75,"2","N1","T0",0.5096,0.4904,"LOW"
76,"2","N1","T0",0.4604,0.5396,"HIGH"
77,"2","N1","T0",0.4527,0.5473,"HIGH"
78,"2","N1","T0",0.4376,0.5624,"HIGH"
79,"2","N1","T0",0.4439,0.5561,"HIGH"
80,"2","N1","T0",0.4476,0.5524,"HIGH"
81,"2","N1","T0",0.4574,0.5426,"HIGH"
82,"2","N1","T0",0.4572,0.5428,"HIGH"
83,"2","N1","T0",0.4619,0.5381,"HIGH"
84,"2","N1","T0",0.4613,0.5387,"HIGH"
85,"2","N1","T0",0.4671,0.5329,"HIGH"
86,"2","N1","T0",0.4831,0.5169,"HIGH"
87,"2","N1","T0",0.4855,0.5145,"HIGH"
88,"2","N1","T0",0.4906,0.5094,"HIGH"
89,"2","N1","T0",0.4928,0.5072,"HIGH"
90,"2","N1","T0",0.4896,0.5104,"HIGH"
91,"2","N1","T0",0.4896,0.5104,"HIGH"
92,"2","N1","T0",0.4896,0.5104,"HIGH"
93,"2","N1","T0",0.4896,0.5104,"HIGH"
94,"2","N1","T0",0.4896,0.5104,"HIGH"
95,"2","N1","T0",0.4896,0.5104,"HIGH"
96,"2","N1","T0",0.4896,0.5104,"HIGH"
97,"2","N1","T0",0.4896,0.5104,"HIGH"
98,"2","N1","T0",0.4896,0.5104,"HIGH"
99,"2","N1","T0",0.4896,0.5104,"HIGH"
0,"1","N2","T0",0.3788,0.6212,"HIGH"
1,"1","N2","T0",0.3788,0.6212,"HIGH"
2,"1","N2","T0",0.3788,0.6212,"HIGH"
3,"1","N2","T0",0.3788,0.6212,"HIGH"
4,"1","N2","T0",0.3788,0.6212,"HIGH"
5,"1","N2","T0",0.3788,0.6212,"HIGH"
6,"1","N2","T0",0.3788,0.6212,"HIGH"
7,"1","N2","T0",0.3788,0.6212,"HIGH"
8,"1","N2","T0",0.3788,0.6212,"HIGH"
9,"1","N2","T0",0.3788,0.6212,"HIGH"
10,"1","N2","T0",0.3788,0.6212,"HIGH"
11,"1","N2","T0",0.3788,0.6212,"HIGH"
12,"1","N2","T0",0.3788,0.6212,"HIGH"
13,"1","N2","T0",0.3788,0.6212,"HIGH"
14,"1","N2","T0",0.3788,0.6212,"HIGH"
15,"1","N2","T0",0.3788,0.6212,"HIGH"
16,"1","N2","T0",0.3788,0.6212,"HIGH"
17,"1","N2","T0",0.3788,0.6212,"HIGH"
18,"1","N2","T0",0.3808,0.6192,"HIGH"
19,"1","N2","T0",0.3808,0.6192,"HIGH"
20,"1","N2","T0",0.3821,0.6179,"HIGH"
21,"1","N2","T0",0.3821,0.6179,"HIGH"
22,"1","N2","T0",0.3821,0.6179,"HIGH"
23,"1","N2","T0",0.3725,0.6275,"HIGH"
24,"1","N2","T0",0.3501,0.6499,"HIGH"
25,"1","N2","T0",0.3497,0.6503,"HIGH"
26,"1","N2","T0",0.3508,0.6492,"HIGH"
27,"1","N2","T0",0.3555,0.6445,"HIGH"
28,"1","N2","T0",0.3577,0.6423,"HIGH"
29,"1","N2","T0",0.3634,0.6366,"HIGH"
30,"1","N2","T0",0.3552,0.6448,"HIGH"
31,"1","N2","T0",0.3529,0.6471,"HIGH"
32,"1","N2","T0",0.3414,0.6586,"HIGH"
33,"1","N2","T0",0.3558,0.6442,"HIGH"
34,"1","N2","T0",0.3545,0.6455,"HIGH"
35,"1","N2","T0",0.3514,0.6486,"HIGH"
36,"1","N2","T0",0.3549,0.6451,"HIGH"
37,"1","N2","T0",0.3535,0.6465,"HIGH"
38,"1","N2","T0",0.338,0.662,"HIGH"
39,"1","N2","T0",0.3374,0.6626,"HIGH"
40,"1","N2","T0",0.327,0.673,"HIGH"
41,"1","N2","T0",0.3198,0.6802,"HIGH"
42,"1","N2","T0",0.3119,0.6881,"HIGH"
43,"1","N2","T0",0.302,0.698,"HIGH"
44,"1","N2","T0",0.3096,0.6904,"HIGH"
45,"1","N2","T0",0.3259,0.6741,"HIGH"
46,"1","N2","T0",0.3365,0.6635,"HIGH"
47,"1","N2","T0",0.3385,0.6615,"HIGH"
48,"1","N2","T0",0.3356,0.6644,"HIGH"
49,"1","N2","T0",0.3398,0.6602,"HIGH"
50,"1","N2","T0",0.3489,0.6511,"HIGH"
51,"1","N2","T0",0.3475,0.6525,"HIGH"
52,"1","N2","T0",0.3579,0.6421,"HIGH"
53,"1","N2","T0",0.3582,0.6418,"HIGH"
54,"1","N2","T0",0.3641,0.6359,"HIGH"
55,"1","N2","T0",0.3642,0.6358,"HIGH"
56,"1","N2","T0",0.3637,0.6363,"HIGH"
57,"1","N2","T0",0.3669,0.6331,"HIGH"
58,"1","N2","T0",0.3709,0.6291,"HIGH"
59,"1","N2","T0",0.3738,0.6262,"HIGH"
60,"1","N2","T0",0.3798,0.6202,"HIGH"
61,"1","N2","T0",0.3845,0.6155,"HIGH"
62,"1","N2","T0",0.3902,0.6098,"HIGH"
63,"1","N2","T0",0.3967,0.6033,"HIGH"
64,"1","N2","T0",0.3935,0.6065,"HIGH"
65,"1","N2","T0",0.4274,0.5726,"HIGH"
66,"1","N2","T0",0.4564,0.5436,"HIGH"
67,"1","N2","T0",0.4823,0.5177,"HIGH"
68,"1","N2","T0",0.4581,0.5419,"HIGH"
69,"1","N2","T0",0.4401,0.5599,"HIGH"
70,"1","N2","T0",0.4229,0.5771,"HIGH"
71,"1","N2","T0",0.4123,0.5877,"HIGH"
72,"1","N2","T0",0.4023,0.5977,"HIGH"
73,"1","N2","T0",0.3819,0.6181,"HIGH"
74,"1","N2","T0",0.369,0.631,"HIGH"
75,"1","N2","T0",0.3483,0.6517,"HIGH"
76,"1","N2","T0",0.3251,0.6749,"HIGH"
77,"1","N2","T0",0.2965,0.7035,"HIGH"
78,"1","N2","T0",0.279,0.721,"HIGH"
79,"1","N2","T0",0.2783,0.7217,"HIGH"
80,"1","N2","T0",0.282,0.718,"HIGH"
81,"1","N2","T0",0.2867,0.7133,"HIGH"
82,"1","N2","T0",0.2843,0.7157,"HIGH"
83,"1","N2","T0",0.2755,0.7245,"HIGH"
84,"1","N2","T0",0.2672,0.7328,"HIGH"
85,"1","N2","T0",0.2711,0.7289,"HIGH"
86,"1","N2","T0",0.27,0.73,"HIGH"
87,"1","N2","T0",0.2739,0.7261,"HIGH"
88,"1","N2","T0",0.2647,0.7353,"HIGH"
89,"1","N2","T0",0.272,0.728,"HIGH"
90,"1","N2","T0",0.2867,0.7133,"HIGH"
91,"1","N2","T0",0.2867,0.7133,"HIGH"
92,"1","N2","T0",0.2867,0.7133,"HIGH"
93,"1","N2","T0",0.2867,0.7133,"HIGH"
94,"1","N2","T0",0.2867,0.7133,"HIGH"
95,"1","N2","T0",0.2867,0.7133,"HIGH"
96,"1","N2","T0",0.2867,0.7133,"HIGH"
97,"1","N2","T0",0.2867,0.7133,"HIGH"
98,"1","N2","T0",0.2867,0.7133,"HIGH"
99,"1","N2","T0",0.2867,0.7133,"HIGH"
0,"2","N2","T0",0.6786,0.3214,"LOW"
1,"2","N2","T0",0.6786,0.3214,"LOW"
2,"2","N2","T0",0.6786,0.3214,"LOW"
3,"2","N2","T0",0.6786,0.3214,"LOW"
4,"2","N2","T0",0.6786,0.3214,"LOW"
5,"2","N2","T0",0.6786,0.3214,"LOW"
6,"2","N2","T0",0.6786,0.3214,"LOW"
7,"2","N2","T0",0.6786,0.3214,"LOW"
8,"2","N2","T0",0.6786,0.3214,"LOW"
9,"2","N2","T0",0.6786,0.3214,"LOW"
10,"2","N2","T0",0.6786,0.3214,"LOW"
11,"2","N2","T0",0.6786,0.3214,"LOW"
12,"2","N2","T0",0.6786,0.3214,"LOW"
13,"2","N2","T0",0.6786,0.3214,"LOW"
14,"2","N2","T0",0.6786,0.3214,"LOW"
15,"2","N2","T0",0.6786,0.3214,"LOW"
16,"2","N2","T0",0.6786,0.3214,"LOW"
17,"2","N2","T0",0.6786,0.3214,"LOW"
18,"2","N2","T0",0.6806,0.3194,"LOW"
19,"2","N2","T0",0.6806,0.3194,"LOW"
20,"2","N2","T0",0.6806,0.3194,"LOW"
21,"2","N2","T0",0.6806,0.3194,"LOW"
22,"2","N2","T0",0.6806,0.3194,"LOW"
23,"2","N2","T0",0.6774,0.3226,"LOW"
24,"2","N2","T0",0.6734,0.3266,"LOW"
25,"2","N2","T0",0.6739,0.3261,"LOW"
26,"2","N2","T0",0.6749,0.3251,"LOW"
27,"2","N2","T0",0.6831,0.3169,"LOW"
28,"2","N2","T0",0.6839,0.3161,"LOW"
29,"2","N2","T0",0.6863,0.3137,"LOW"
30,"2","N2","T0",0.6831,0.3169,"LOW"
31,"2","N2","T0",0.6843,0.3157,"LOW"
32,"2","N2","T0",0.6905,0.3095,"LOW"
33,"2","N2","T0",0.689,0.311,"LOW"
34,"2","N2","T0",0.6874,0.3126,"LOW"
35,"2","N2","T0",0.6885,0.3115,"LOW"
36,"2","N2","T0",0.6905,0.3095,"LOW"
37,"2","N2","T0",0.6937,0.3063,"LOW"
38,"2","N2","T0",0.6864,0.3136,"LOW"
39,"2","N2","T0",0.6852,0.3148,"LOW"
40,"2","N2","T0",0.6778,0.3222,"LOW"
41,"2","N2","T0",0.6701,0.3299,"LOW"
42,"2","N2","T0",0.6692,0.3308,"LOW"
43,"2","N2","T0",0.6749,0.3251,"LOW"
44,"2","N2","T0",0.6855,0.3145,"LOW"
45,"2","N2","T0",0.6996,0.3004,"LOW"
46,"2","N2","T0",0.7058,0.2942,"LOW"
47,"2","N2","T0",0.7088,0.2912,"LOW"
48,"2","N2","T0",0.7144,0.2856,"LOW"
49,"2","N2","T0",0.7264,0.2736,"LOW"
50,"2","N2","T0",0.7317,0.2683,"LOW"
51,"2","N2","T0",0.7338,0.2662,"LOW"
52,"2","N2","T0",0.7391,0.2609,"LOW"
53,"2","N2","T0",0.7355,0.2645,"LOW"
54,"2","N2","T0",0.7332,0.2668,"LOW"
55,"2","N2","T0",0.7246,0.2754,"LOW"
56,"2","N2","T0",0.7307,0.2693,"LOW"
57,"2","N2","T0",0.7236,0.2764,"LOW"
58,"2","N2","T0",0.7291,0.2709,"LOW"
59,"2","N2","T0",0.7386,0.2614,"LOW"
60,"2","N2","T0",0.7413,0.2587,"LOW"
61,"2","N2","T0",0.7392,0.2608,"LOW"
62,"2","N2","T0",0.7476,0.2524,"LOW"
63,"2","N2","T0",0.7501,0.2499,"LOW"
64,"2","N2","T0",0.761,0.239,"LOW"
65,"2","N2","T0",0.772,0.228,"LOW"
66,"2","N2","T0",0.7802,0.2198,"LOW"
67,"2","N2","T0",0.7903,0.2097,"LOW"
68,"2","N2","T0",0.7921,0.2079,"LOW"
69,"2","N2","T0",0.7935,0.2065,"LOW"
70,"2","N2","T0",0.7988,0.2012,"LOW"
71,"2","N2","T0",0.7994,0.2006,"LOW"
72,"2","N2","T0",0.7991,0.2009,"LOW"
73,"2","N2","T0",0.794,0.206,"LOW"
74,"2","N2","T0",0.7796,0.2204,"LOW"
75,"2","N2","T0",0.768,0.232,"LOW"
76,"2","N2","T0",0.7515,0.2485,"LOW"
77,"2","N2","T0",0.7436,0.2564,"LOW"
78,"2","N2","T0",0.7326,0.2674,"LOW"
79,"2","N2","T0",0.7314,0.2686,"LOW"
80,"2","N2","T0",0.7295,0.2705,"LOW"
81,"2","N2","T0",0.7242,0.2758,"LOW"
82,"2","N2","T0",0.7307,0.2693,"LOW"
83,"2","N2","T0",0.7347,0.2653,"LOW"
84,"2","N2","T0",0.727,0.273,"LOW"
85,"2","N2","T0",0.7137,0.2863,"LOW"
86,"2","N2","T0",0.7123,0.2877,"LOW"
87,"2","N2","T0",0.6919,0.3081,"LOW"
88,"2","N2","T0",0.6936,0.3064,"LOW"
89,"2","N2","T0",0.6896,0.3104,"LOW"
90,"2","N2","T0",0.6963,0.3037,"LOW"
91,"2","N2","T0",0.6963,0.3037,"LOW"
92,"2","N2","T0",0.6963,0.3037,"LOW"
93,"2","N2","T0",0.6963,0.3037,"LOW"
94,"2","N2","T0",0.6963,0.3037,"LOW"
95,"2","N2","T0",0.6963,0.3037,"LOW"
96,"2","N2","T0",0.6963,0.3037,"LOW"
97,"2","N2","T0",0.6963,0.3037,"LOW"
98,"2","N2","T0",0.6963,0.3037,"LOW"
99,"2","N2","T0",0.6963,0.3037,"LOW"
0,"1","N3","T0",0.1782,0.8218,"HIGH"
1,"1","N3","T0",0.1782,0.8218,"HIGH"
2,"1","N3","T0",0.1782,0.8218,"HIGH"
3,"1","N3","T0",0.1782,0.8218,"HIGH"
4,"1","N3","T0",0.1782,0.8218,"HIGH"
5,"1","N3","T0",0.1782,0.8218,"HIGH"
6,"1","N3","T0",0.1782,0.8218,"HIGH"
7,"1","N3","T0",0.1782,0.8218,"HIGH"
8,"1","N3","T0",0.1782,0.8218,"HIGH"
9,"1","N3","T0",0.1782,0.8218,"HIGH"
10,"1","N3","T0",0.1782,0.8218,"HIGH"
11,"1","N3","T0",0.1782,0.8218,"HIGH"
12,"1","N3","T0",0.1782,0.8218,"HIGH"
13,"1","N3","T0",0.1782,0.8218,"HIGH"
14,"1","N3","T0",0.1782,0.8218,"HIGH"
15,"1","N3","T0",0.1782,0.8218,"HIGH"
16,"1","N3","T0",0.1782,0.8218,"HIGH"
17,"1","N3","T0",0.1782,0.8218,"HIGH"
18,"1","N3","T0",0.1782,0.8218,"HIGH"
19,"1","N3","T0",0.1782,0.8218,"HIGH"
20,"1","N3","T0",0.1762,0.8238,"HIGH"
21,"1","N3","T0",0.1742,0.8258,"HIGH"
22,"1","N3","T0",0.1722,0.8278,"HIGH"
23,"1","N3","T0",0.1671,0.8329,"HIGH"
24,"1","N3","T0",0.1611,0.8389,"HIGH"
25,"1","N3","T0",0.1536,0.8464,"HIGH"
26,"1","N3","T0",0.1453,0.8547,"HIGH"
27,"1","N3","T0",0.1428,0.8572,"HIGH"
28,"1","N3","T0",0.1385,0.8615,"HIGH"
29,"1","N3","T0",0.1365,0.8635,"HIGH"
30,"1","N3","T0",0.1431,0.8569,"HIGH"
31,"1","N3","T0",0.1402,0.8598,"HIGH"
32,"1","N3","T0",0.14,0.86,"HIGH"
33,"1","N3","T0",0.1321,0.8679,"HIGH"
34,"1","N3","T0",0.1371,0.8629,"HIGH"
35,"1","N3","T0",0.1397,0.8603,"HIGH"
36,"1","N3","T0",0.1293,0.8707,"HIGH"
37,"1","N3","T0",0.1228,0.8772,"HIGH"
38,"1","N3","T0",0.1232,0.8768,"HIGH"
39,"1","N3","T0",0.121,0.879,"HIGH"
40,"1","N3","T0",0.1204,0.8796,"HIGH"
41,"1","N3","T0",0.117,0.883,"HIGH"
42,"1","N3","T0",0.1144,0.8856,"HIGH"
43,"1","N3","T0",0.1182,0.8818,"HIGH"
44,"1","N3","T0",0.1245,0.8755,"HIGH"
45,"1","N3","T0",0.1254,0.8746,"HIGH"
46,"1","N3","T0",0.1219,0.8781,"HIGH"
47,"1","N3","T0",0.117,0.883,"HIGH"
48,"1","N3","T0",0.114,0.886,"HIGH"
49,"1","N3","T0",0.1125,0.8875,"HIGH"
50,"1","N3","T0",0.1155,0.8845,"HIGH"
51,"1","N3","T0",0.1223,0.8777,"HIGH"
52,"1","N3","T0",0.1162,0.8838,"HIGH"
53,"1","N3","T0",0.1169,0.8831,"HIGH"
54,"1","N3","T0",0.1202,0.8798,"HIGH"
55,"1","N3","T0",0.1119,0.8881,"HIGH"
56,"1","N3","T0",0.1068,0.8932,"HIGH"
57,"1","N3","T0",0.1062,0.8938,"HIGH"
58,"1","N3","T0",0.1063,0.8937,"HIGH"
59,"1","N3","T0",0.1078,0.8922,"HIGH"
60,"1","N3","T0",0.1086,0.8914,"HIGH"
61,"1","N3","T0",0.1104,0.8896,"HIGH"
62,"1","N3","T0",0.1137,0.8863,"HIGH"
63,"1","N3","T0",0.1172,0.8828,"HIGH"
64,"1","N3","T0",0.1158,0.8842,"HIGH"
65,"1","N3","T0",0.1065,0.8935,"HIGH"
66,"1","N3","T0",0.1106,0.8894,"HIGH"
67,"1","N3","T0",0.1129,0.8871,"HIGH"
68,"1","N3","T0",0.1057,0.8943,"HIGH"
69,"1","N3","T0",0.1127,0.8873,"HIGH"
70,"1","N3","T0",0.1175,0.8825,"HIGH"
71,"1","N3","T0",0.1233,0.8767,"HIGH"
72,"1","N3","T0",0.1246,0.8754,"HIGH"
73,"1","N3","T0",0.1277,0.8723,"HIGH"
74,"1","N3","T0",0.1322,0.8678,"HIGH"
75,"1","N3","T0",0.1283,0.8717,"HIGH"
76,"1","N3","T0",0.1274,0.8726,"HIGH"
77,"1","N3","T0",0.1339,0.8661,"HIGH"
78,"1","N3","T0",0.133,0.867,"HIGH"
79,"1","N3","T0",0.1313,0.8687,"HIGH"
80,"1","N3","T0",0.1314,0.8686,"HIGH"
81,"1","N3","T0",0.1348,0.8652,"HIGH"
82,"1","N3","T0",0.1475,0.8525,"HIGH"
83,"1","N3","T0",0.1465,0.8535,"HIGH"
84,"1","N3","T0",0.1535,0.8465,"HIGH"
85,"1","N3","T0",0.1479,0.8521,"HIGH"
86,"1","N3","T0",0.1407,0.8593,"HIGH"
87,"1","N3","T0",0.1626,0.8374,"HIGH"
88,"1","N3","T0",0.1666,0.8334,"HIGH"
89,"1","N3","T0",0.1717,0.8283,"HIGH"
90,"1","N3","T0",0.1688,0.8312,"HIGH"
91,"1","N3","T0",0.1688,0.8312,"HIGH"
92,"1","N3","T0",0.1688,0.8312,"HIGH"
93,"1","N3","T0",0.1688,0.8312,"HIGH"
94,"1","N3","T0",0.1688,0.8312,"HIGH"
95,"1","N3","T0",0.1688,0.8312,"HIGH"
96,"1","N3","T0",0.1688,0.8312,"HIGH"
97,"1","N3","T0",0.1688,0.8312,"HIGH"
98,"1","N3","T0",0.1688,0.8312,"HIGH"
99,"1","N3","T0",0.1688,0.8312,"HIGH"
0,"2","N3","T0",0.4645,0.5355,"HIGH"
1,"2","N3","T0",0.4645,0.5355,"HIGH"
2,"2","N3","T0",0.4645,0.5355,"HIGH"
3,"2","N3","T0",0.4645,0.5355,"HIGH"
4,"2","N3","T0",0.4645,0.5355,"HIGH"
5,"2","N3","T0",0.4645,0.5355,"HIGH"
6,"2","N3","T0",0.4645,0.5355,"HIGH"
7,"2","N3","T0",0.4645,0.5355,"HIGH"
8,"2","N3","T0",0.4645,0.5355,"HIGH"
9,"2","N3","T0",0.4645,0.5355,"HIGH"
10,"2","N3","T0",0.4645,0.5355,"HIGH"
11,"2","N3","T0",0.4645,0.5355,"HIGH"
12,"2","N3","T0",0.4645,0.5355,"HIGH"
13,"2","N3","T0",0.4645,0.5355,"HIGH"
14,"2","N3","T0",0.4645,0.5355,"HIGH"
15,"2","N3","T0",0.4645,0.5355,"HIGH"
16,"2","N3","T0",0.4645,0.5355,"HIGH"
17,"2","N3","T0",0.4645,0.5355,"HIGH"
18,"2","N3","T0",0.4645,0.5355,"HIGH"
19,"2","N3","T0",0.4645,0.5355,"HIGH"
20,"2","N3","T0",0.461,0.539,"HIGH"
21,"2","N3","T0",0.4579,0.5421,"HIGH"
22,"2","N3","T0",0.4507,0.5493,"HIGH"
23,"2","N3","T0",0.4442,0.5558,"HIGH"
24,"2","N3","T0",0.4325,0.5675,"HIGH"
25,"2","N3","T0",0.4253,0.5747,"HIGH"
26,"2","N3","T0",0.4183,0.5817,"HIGH"
27,"2","N3","T0",0.408,0.592,"HIGH"
28,"2","N3","T0",0.4017,0.5983,"HIGH"
29,"2","N3","T0",0.3997,0.6003,"HIGH"
30,"2","N3","T0",0.393,0.607,"HIGH"
31,"2","N3","T0",0.3886,0.6114,"HIGH"
32,"2","N3","T0",0.3808,0.6192,"HIGH"
33,"2","N3","T0",0.3747,0.6253,"HIGH"
34,"2","N3","T0",0.3724,0.6276,"HIGH"
35,"2","N3","T0",0.3661,0.6339,"HIGH"
36,"2","N3","T0",0.3697,0.6303,"HIGH"
37,"2","N3","T0",0.3625,0.6375,"HIGH"
38,"2","N3","T0",0.3584,0.6416,"HIGH"
39,"2","N3","T0",0.3475,0.6525,"HIGH"
40,"2","N3","T0",0.348,0.652,"HIGH"
41,"2","N3","T0",0.3518,0.6482,"HIGH"
42,"2","N3","T0",0.3516,0.6484,"HIGH"
43,"2","N3","T0",0.3525,0.6475,"HIGH"
44,"2","N3","T0",0.3555,0.6445,"HIGH"
45,"2","N3","T0",0.3371,0.6629,"HIGH"
46,"2","N3","T0",0.3454,0.6546,"HIGH"
47,"2","N3","T0",0.3379,0.6621,"HIGH"
48,"2","N3","T0",0.3292,0.6708,"HIGH"
49,"2","N3","T0",0.3225,0.6775,"HIGH"
50,"2","N3","T0",0.3359,0.6641,"HIGH"
51,"2","N3","T0",0.3567,0.6433,"HIGH"
52,"2","N3","T0",0.3483,0.6517,"HIGH"
53,"2","N3","T0",0.3477,0.6523,"HIGH"
54,"2","N3","T0",0.3213,0.6787,"HIGH"
55,"2","N3","T0",0.3252,0.6748,"HIGH"
56,"2","N3","T0",0.3436,0.6564,"HIGH"
57,"2","N3","T0",0.349,0.651,"HIGH"
58,"2","N3","T0",0.3534,0.6466,"HIGH"
59,"2","N3","T0",0.3548,0.6452,"HIGH"
60,"2","N3","T0",0.3536,0.6464,"HIGH"
61,"2","N3","T0",0.3534,0.6466,"HIGH"
62,"2","N3","T0",0.3597,0.6403,"HIGH"
63,"2","N3","T0",0.3672,0.6328,"HIGH"
64,"2","N3","T0",0.3836,0.6164,"HIGH"
65,"2","N3","T0",0.3944,0.6056,"HIGH"
66,"2","N3","T0",0.4014,0.5986,"HIGH"
67,"2","N3","T0",0.3776,0.6224,"HIGH"
68,"2","N3","T0",0.3817,0.6183,"HIGH"
69,"2","N3","T0",0.3973,0.6027,"HIGH"
70,"2","N3","T0",0.4133,0.5867,"HIGH"
71,"2","N3","T0",0.397,0.603,"HIGH"
72,"2","N3","T0",0.3883,0.6117,"HIGH"
73,"2","N3","T0",0.3841,0.6159,"HIGH"
74,"2","N3","T0",0.3878,0.6122,"HIGH"
75,"2","N3","T0",0.376,0.624,"HIGH"
76,"2","N3","T0",0.3957,0.6043,"HIGH"
77,"2","N3","T0",0.3999,0.6001,"HIGH"
78,"2","N3","T0",0.4053,0.5947,"HIGH"
79,"2","N3","T0",0.4182,0.5818,"HIGH"
80,"2","N3","T0",0.4213,0.5787,"HIGH"
81,"2","N3","T0",0.4389,0.5611,"HIGH"
82,"2","N3","T0",0.4511,0.5489,"HIGH"
83,"2","N3","T0",0.4652,0.5348,"HIGH"
84,"2","N3","T0",0.4833,0.5167,"HIGH"
85,"2","N3","T0",0.4796,0.5204,"HIGH"
86,"2","N3","T0",0.4853,0.5147,"HIGH"
87,"2","N3","T0",0.5057,0.4943,"LOW"
88,"2","N3","T0",0.5041,0.4959,"LOW"
89,"2","N3","T0",0.5097,0.4903,"LOW"
90,"2","N3","T0",0.509,0.491,"LOW"
91,"2","N3","T0",0.509,0.491,"LOW"
92,"2","N3","T0",0.509,0.491,"LOW"
93,"2","N3","T0",0.509,0.491,"LOW"
94,"2","N3","T0",0.509,0.491,"LOW"
95,"2","N3","T0",0.509,0.491,"LOW"
96,"2","N3","T0",0.509,0.491,"LOW"
97,"2","N3","T0",0.509,0.491,"LOW"
98,"2","N3","T0",0.509,0.491,"LOW"
99,"2","N3","T0",0.509,0.491,"LOW"
0,"1","Other/Unknown","T0",0.2561,0.7439,"HIGH"
1,"1","Other/Unknown","T0",0.2561,0.7439,"HIGH"
2,"1","Other/Unknown","T0",0.2561,0.7439,"HIGH"
3,"1","Other/Unknown","T0",0.2561,0.7439,"HIGH"
4,"1","Other/Unknown","T0",0.2561,0.7439,"HIGH"
5,"1","Other/Unknown","T0",0.2561,0.7439,"HIGH"
6,"1","Other/Unknown","T0",0.2561,0.7439,"HIGH"
7,"1","Other/Unknown","T0",0.2561,0.7439,"HIGH"
8,"1","Other/Unknown","T0",0.2561,0.7439,"HIGH"
9,"1","Other/Unknown","T0",0.2561,0.7439,"HIGH"
10,"1","Other/Unknown","T0",0.2561,0.7439,"HIGH"
11,"1","Other/Unknown","T0",0.2561,0.7439,"HIGH"
12,"1","Other/Unknown","T0",0.2561,0.7439,"HIGH"
13,"1","Other/Unknown","T0",0.2561,0.7439,"HIGH"
14,"1","Other/Unknown","T0",0.2561,0.7439,"HIGH"
15,"1","Other/Unknown","T0",0.2561,0.7439,"HIGH"
16,"1","Other/Unknown","T0",0.2561,0.7439,"HIGH"
17,"1","Other/Unknown","T0",0.2576,0.7424,"HIGH"
18,"1","Other/Unknown","T0",0.2586,0.7414,"HIGH"
19,"1","Other/Unknown","T0",0.2625,0.7375,"HIGH"
20,"1","Other/Unknown","T0",0.2638,0.7362,"HIGH"
21,"1","Other/Unknown","T0",0.2638,0.7362,"HIGH"
22,"1","Other/Unknown","T0",0.263,0.737,"HIGH"
23,"1","Other/Unknown","T0",0.2659,0.7341,"HIGH"
24,"1","Other/Unknown","T0",0.2758,0.7242,"HIGH"
25,"1","Other/Unknown","T0",0.2751,0.7249,"HIGH"
26,"1","Other/Unknown","T0",0.2693,0.7307,"HIGH"
27,"1","Other/Unknown","T0",0.2643,0.7357,"HIGH"
28,"1","Other/Unknown","T0",0.2634,0.7366,"HIGH"
29,"1","Other/Unknown","T0",0.2659,0.7341,"HIGH"
30,"1","Other/Unknown","T0",0.2639,0.7361,"HIGH"
31,"1","Other/Unknown","T0",0.2617,0.7383,"HIGH"
32,"1","Other/Unknown","T0",0.2607,0.7393,"HIGH"
33,"1","Other/Unknown","T0",0.2533,0.7467,"HIGH"
34,"1","Other/Unknown","T0",0.2565,0.7435,"HIGH"
35,"1","Other/Unknown","T0",0.2552,0.7448,"HIGH"
36,"1","Other/Unknown","T0",0.2618,0.7382,"HIGH"
37,"1","Other/Unknown","T0",0.2674,0.7326,"HIGH"
38,"1","Other/Unknown","T0",0.2841,0.7159,"HIGH"
39,"1","Other/Unknown","T0",0.2843,0.7157,"HIGH"
40,"1","Other/Unknown","T0",0.2899,0.7101,"HIGH"
41,"1","Other/Unknown","T0",0.2857,0.7143,"HIGH"
42,"1","Other/Unknown","T0",0.2899,0.7101,"HIGH"
43,"1","Other/Unknown","T0",0.2828,0.7172,"HIGH"
44,"1","Other/Unknown","T0",0.255,0.745,"HIGH"
45,"1","Other/Unknown","T0",0.2369,0.7631,"HIGH"
46,"1","Other/Unknown","T0",0.2444,0.7556,"HIGH"
47,"1","Other/Unknown","T0",0.2823,0.7177,"HIGH"
48,"1","Other/Unknown","T0",0.3438,0.6562,"HIGH"
49,"1","Other/Unknown","T0",0.4094,0.5906,"HIGH"
50,"1","Other/Unknown","T0",0.3595,0.6405,"HIGH"
51,"1","Other/Unknown","T0",0.3514,0.6486,"HIGH"
52,"1","Other/Unknown","T0",0.3354,0.6646,"HIGH"
53,"1","Other/Unknown","T0",0.2992,0.7008,"HIGH"
54,"1","Other/Unknown","T0",0.2934,0.7066,"HIGH"
55,"1","Other/Unknown","T0",0.2768,0.7232,"HIGH"
56,"1","Other/Unknown","T0",0.2507,0.7493,"HIGH"
57,"1","Other/Unknown","T0",0.2449,0.7551,"HIGH"
58,"1","Other/Unknown","T0",0.2598,0.7402,"HIGH"
59,"1","Other/Unknown","T0",0.2647,0.7353,"HIGH"
60,"1","Other/Unknown","T0",0.2748,0.7252,"HIGH"
61,"1","Other/Unknown","T0",0.2614,0.7386,"HIGH"
62,"1","Other/Unknown","T0",0.2654,0.7346,"HIGH"
63,"1","Other/Unknown","T0",0.2747,0.7253,"HIGH"
64,"1","Other/Unknown","T0",0.2841,0.7159,"HIGH"
65,"1","Other/Unknown","T0",0.277,0.723,"HIGH"
66,"1","Other/Unknown","T0",0.2826,0.7174,"HIGH"
67,"1","Other/Unknown","T0",0.2847,0.7153,"HIGH"
68,"1","Other/Unknown","T0",0.2907,0.7093,"HIGH"
69,"1","Other/Unknown","T0",0.2898,0.7102,"HIGH"
70,"1","Other/Unknown","T0",0.2783,0.7217,"HIGH"
71,"1","Other/Unknown","T0",0.2788,0.7212,"HIGH"
72,"1","Other/Unknown","T0",0.2795,0.7205,"HIGH"
73,"1","Other/Unknown","T0",0.274,0.726,"HIGH"
74,"1","Other/Unknown","T0",0.2808,0.7192,"HIGH"
75,"1","Other/Unknown","T0",0.3041,0.6959,"HIGH"
76,"1","Other/Unknown","T0",0.3313,0.6687,"HIGH"
77,"1","Other/Unknown","T0",0.3714,0.6286,"HIGH"
78,"1","Other/Unknown","T0",0.4022,0.5978,"HIGH"
79,"1","Other/Unknown","T0",0.4212,0.5788,"HIGH"
80,"1","Other/Unknown","T0",0.4364,0.5636,"HIGH"
81,"1","Other/Unknown","T0",0.4663,0.5337,"HIGH"
82,"1","Other/Unknown","T0",0.4959,0.5041,"HIGH"
83,"1","Other/Unknown","T0",0.5366,0.4634,"LOW"
84,"1","Other/Unknown","T0",0.5729,0.4271,"LOW"
85,"1","Other/Unknown","T0",0.5587,0.4413,"LOW"
86,"1","Other/Unknown","T0",0.5787,0.4213,"LOW"
87,"1","Other/Unknown","T0",0.5526,0.4474,"LOW"
88,"1","Other/Unknown","T0",0.5691,0.4309,"LOW"
89,"1","Other/Unknown","T0",0.5442,0.4558,"LOW"
90,"1","Other/Unknown","T0",0.5901,0.4099,"LOW"
91,"1","Other/Unknown","T0",0.5901,0.4099,"LOW"
92,"1","Other/Unknown","T0",0.5901,0.4099,"LOW"
93,"1","Other/Unknown","T0",0.5901,0.4099,"LOW"
94,"1","Other/Unknown","T0",0.5901,0.4099,"LOW"
95,"1","Other/Unknown","T0",0.5901,0.4099,"LOW"
96,"1","Other/Unknown","T0",0.5901,0.4099,"LOW"
97,"1","Other/Unknown","T0",0.5901,0.4099,"LOW"
98,"1","Other/Unknown","T0",0.5901,0.4099,"LOW"
99,"1","Other/Unknown","T0",0.5901,0.4099,"LOW"
0,"2","Other/Unknown","T0",0.4563,0.5437,"HIGH"
1,"2","Other/Unknown","T0",0.4563,0.5437,"HIGH"
2,"2","Other/Unknown","T0",0.4563,0.5437,"HIGH"
3,"2","Other/Unknown","T0",0.4563,0.5437,"HIGH"
4,"2","Other/Unknown","T0",0.4563,0.5437,"HIGH"
5,"2","Other/Unknown","T0",0.4563,0.5437,"HIGH"
6,"2","Other/Unknown","T0",0.4563,0.5437,"HIGH"
7,"2","Other/Unknown","T0",0.4563,0.5437,"HIGH"
8,"2","Other/Unknown","T0",0.4563,0.5437,"HIGH"
9,"2","Other/Unknown","T0",0.4563,0.5437,"HIGH"
10,"2","Other/Unknown","T0",0.4563,0.5437,"HIGH"
11,"2","Other/Unknown","T0",0.4563,0.5437,"HIGH"
12,"2","Other/Unknown","T0",0.4563,0.5437,"HIGH"
13,"2","Other/Unknown","T0",0.4563,0.5437,"HIGH"
14,"2","Other/Unknown","T0",0.4563,0.5437,"HIGH"
15,"2","Other/Unknown","T0",0.4563,0.5437,"HIGH"
16,"2","Other/Unknown","T0",0.4563,0.5437,"HIGH"
17,"2","Other/Unknown","T0",0.4563,0.5437,"HIGH"
18,"2","Other/Unknown","T0",0.4563,0.5437,"HIGH"
19,"2","Other/Unknown","T0",0.4547,0.5453,"HIGH"
20,"2","Other/Unknown","T0",0.4494,0.5506,"HIGH"
21,"2","Other/Unknown","T0",0.444,0.556,"HIGH"
22,"2","Other/Unknown","T0",0.446,0.554,"HIGH"
23,"2","Other/Unknown","T0",0.4313,0.5687,"HIGH"
24,"2","Other/Unknown","T0",0.4293,0.5707,"HIGH"
25,"2","Other/Unknown","T0",0.433,0.567,"HIGH"
26,"2","Other/Unknown","T0",0.4319,0.5681,"HIGH"
27,"2","Other/Unknown","T0",0.4315,0.5685,"HIGH"
28,"2","Other/Unknown","T0",0.433,0.567,"HIGH"
29,"2","Other/Unknown","T0",0.4309,0.5691,"HIGH"
30,"2","Other/Unknown","T0",0.4331,0.5669,"HIGH"
31,"2","Other/Unknown","T0",0.4356,0.5644,"HIGH"
32,"2","Other/Unknown","T0",0.4418,0.5582,"HIGH"
33,"2","Other/Unknown","T0",0.4386,0.5614,"HIGH"
34,"2","Other/Unknown","T0",0.4399,0.5601,"HIGH"
35,"2","Other/Unknown","T0",0.4412,0.5588,"HIGH"
36,"2","Other/Unknown","T0",0.4466,0.5534,"HIGH"
37,"2","Other/Unknown","T0",0.4442,0.5558,"HIGH"
38,"2","Other/Unknown","T0",0.455,0.545,"HIGH"
39,"2","Other/Unknown","T0",0.4572,0.5428,"HIGH"
40,"2","Other/Unknown","T0",0.457,0.543,"HIGH"
41,"2","Other/Unknown","T0",0.4599,0.5401,"HIGH"
42,"2","Other/Unknown","T0",0.4538,0.5462,"HIGH"
43,"2","Other/Unknown","T0",0.4474,0.5526,"HIGH"
44,"2","Other/Unknown","T0",0.4442,0.5558,"HIGH"
45,"2","Other/Unknown","T0",0.4428,0.5572,"HIGH"
46,"2","Other/Unknown","T0",0.4301,0.5699,"HIGH"
47,"2","Other/Unknown","T0",0.4211,0.5789,"HIGH"
48,"2","Other/Unknown","T0",0.4003,0.5997,"HIGH"
49,"2","Other/Unknown","T0",0.4072,0.5928,"HIGH"
50,"2","Other/Unknown","T0",0.3931,0.6069,"HIGH"
51,"2","Other/Unknown","T0",0.3917,0.6083,"HIGH"
52,"2","Other/Unknown","T0",0.3865,0.6135,"HIGH"
53,"2","Other/Unknown","T0",0.3663,0.6337,"HIGH"
54,"2","Other/Unknown","T0",0.3491,0.6509,"HIGH"
55,"2","Other/Unknown","T0",0.3072,0.6928,"HIGH"
56,"2","Other/Unknown","T0",0.3048,0.6952,"HIGH"
57,"2","Other/Unknown","T0",0.2965,0.7035,"HIGH"
58,"2","Other/Unknown","T0",0.3141,0.6859,"HIGH"
59,"2","Other/Unknown","T0",0.3163,0.6837,"HIGH"
60,"2","Other/Unknown","T0",0.3118,0.6882,"HIGH"
61,"2","Other/Unknown","T0",0.2932,0.7068,"HIGH"
62,"2","Other/Unknown","T0",0.2829,0.7171,"HIGH"
63,"2","Other/Unknown","T0",0.2651,0.7349,"HIGH"
64,"2","Other/Unknown","T0",0.269,0.731,"HIGH"
65,"2","Other/Unknown","T0",0.2874,0.7126,"HIGH"
66,"2","Other/Unknown","T0",0.302,0.698,"HIGH"
67,"2","Other/Unknown","T0",0.3181,0.6819,"HIGH"
68,"2","Other/Unknown","T0",0.3378,0.6622,"HIGH"
69,"2","Other/Unknown","T0",0.3525,0.6475,"HIGH"
70,"2","Other/Unknown","T0",0.3661,0.6339,"HIGH"
71,"2","Other/Unknown","T0",0.3807,0.6193,"HIGH"
72,"2","Other/Unknown","T0",0.3493,0.6507,"HIGH"
73,"2","Other/Unknown","T0",0.3617,0.6383,"HIGH"
74,"2","Other/Unknown","T0",0.3822,0.6178,"HIGH"
75,"2","Other/Unknown","T0",0.3946,0.6054,"HIGH"
76,"2","Other/Unknown","T0",0.3995,0.6005,"HIGH"
77,"2","Other/Unknown","T0",0.4492,0.5508,"HIGH"
78,"2","Other/Unknown","T0",0.4602,0.5398,"HIGH"
79,"2","Other/Unknown","T0",0.4413,0.5587,"HIGH"
80,"2","Other/Unknown","T0",0.4666,0.5334,"HIGH"
81,"2","Other/Unknown","T0",0.4518,0.5482,"HIGH"
82,"2","Other/Unknown","T0",0.4731,0.5269,"HIGH"
83,"2","Other/Unknown","T0",0.4721,0.5279,"HIGH"
84,"2","Other/Unknown","T0",0.4937,0.5063,"HIGH"
85,"2","Other/Unknown","T0",0.5301,0.4699,"LOW"
86,"2","Other/Unknown","T0",0.567,0.433,"LOW"
87,"2","Other/Unknown","T0",0.5599,0.4401,"LOW"
88,"2","Other/Unknown","T0",0.585,0.415,"LOW"
89,"2","Other/Unknown","T0",0.5751,0.4249,"LOW"
90,"2","Other/Unknown","T0",0.6163,0.3837,"LOW"
91,"2","Other/Unknown","T0",0.6163,0.3837,"LOW"
92,"2","Other/Unknown","T0",0.6163,0.3837,"LOW"
93,"2","Other/Unknown","T0",0.6163,0.3837,"LOW"
94,"2","Other/Unknown","T0",0.6163,0.3837,"LOW"
95,"2","Other/Unknown","T0",0.6163,0.3837,"LOW"
96,"2","Other/Unknown","T0",0.6163,0.3837,"LOW"
97,"2","Other/Unknown","T0",0.6163,0.3837,"LOW"
98,"2","Other/Unknown","T0",0.6163,0.3837,"LOW"
99,"2","Other/Unknown","T0",0.6163,0.3837,"LOW"
0,"1","N0","Other/Unknown",0.5348,0.4652,"LOW"
1,"1","N0","Other/Unknown",0.5348,0.4652,"LOW"
2,"1","N0","Other/Unknown",0.5348,0.4652,"LOW"
3,"1","N0","Other/Unknown",0.5348,0.4652,"LOW"
4,"1","N0","Other/Unknown",0.5348,0.4652,"LOW"
5,"1","N0","Other/Unknown",0.5348,0.4652,"LOW"
6,"1","N0","Other/Unknown",0.5348,0.4652,"LOW"
7,"1","N0","Other/Unknown",0.5348,0.4652,"LOW"
8,"1","N0","Other/Unknown",0.5348,0.4652,"LOW"
9,"1","N0","Other/Unknown",0.5348,0.4652,"LOW"
10,"1","N0","Other/Unknown",0.5348,0.4652,"LOW"
11,"1","N0","Other/Unknown",0.5348,0.4652,"LOW"
12,"1","N0","Other/Unknown",0.5348,0.4652,"LOW"
13,"1","N0","Other/Unknown",0.5348,0.4652,"LOW"
14,"1","N0","Other/Unknown",0.5348,0.4652,"LOW"
15,"1","N0","Other/Unknown",0.5348,0.4652,"LOW"
16,"1","N0","Other/Unknown",0.5348,0.4652,"LOW"
17,"1","N0","Other/Unknown",0.5378,0.4622,"LOW"
18,"1","N0","Other/Unknown",0.5381,0.4619,"LOW"
19,"1","N0","Other/Unknown",0.5381,0.4619,"LOW"
20,"1","N0","Other/Unknown",0.5385,0.4615,"LOW"
21,"1","N0","Other/Unknown",0.5436,0.4564,"LOW"
22,"1","N0","Other/Unknown",0.5389,0.4611,"LOW"
23,"1","N0","Other/Unknown",0.5389,0.4611,"LOW"
24,"1","N0","Other/Unknown",0.5571,0.4429,"LOW"
25,"1","N0","Other/Unknown",0.5856,0.4144,"LOW"
26,"1","N0","Other/Unknown",0.6224,0.3776,"LOW"
27,"1","N0","Other/Unknown",0.6178,0.3822,"LOW"
28,"1","N0","Other/Unknown",0.652,0.348,"LOW"
29,"1","N0","Other/Unknown",0.6644,0.3356,"LOW"
30,"1","N0","Other/Unknown",0.6693,0.3307,"LOW"
31,"1","N0","Other/Unknown",0.6455,0.3545,"LOW"
32,"1","N0","Other/Unknown",0.6771,0.3229,"LOW"
33,"1","N0","Other/Unknown",0.6658,0.3342,"LOW"
34,"1","N0","Other/Unknown",0.6367,0.3633,"LOW"
35,"1","N0","Other/Unknown",0.6531,0.3469,"LOW"
36,"1","N0","Other/Unknown",0.6624,0.3376,"LOW"
37,"1","N0","Other/Unknown",0.6502,0.3498,"LOW"
38,"1","N0","Other/Unknown",0.6605,0.3395,"LOW"
39,"1","N0","Other/Unknown",0.6692,0.3308,"LOW"
40,"1","N0","Other/Unknown",0.6611,0.3389,"LOW"
41,"1","N0","Other/Unknown",0.6681,0.3319,"LOW"
42,"1","N0","Other/Unknown",0.6692,0.3308,"LOW"
43,"1","N0","Other/Unknown",0.6585,0.3415,"LOW"
44,"1","N0","Other/Unknown",0.6625,0.3375,"LOW"
45,"1","N0","Other/Unknown",0.6679,0.3321,"LOW"
46,"1","N0","Other/Unknown",0.6715,0.3285,"LOW"
47,"1","N0","Other/Unknown",0.6662,0.3338,"LOW"
48,"1","N0","Other/Unknown",0.6671,0.3329,"LOW"
49,"1","N0","Other/Unknown",0.6713,0.3287,"LOW"
50,"1","N0","Other/Unknown",0.675,0.325,"LOW"
51,"1","N0","Other/Unknown",0.6746,0.3254,"LOW"
52,"1","N0","Other/Unknown",0.6748,0.3252,"LOW"
53,"1","N0","Other/Unknown",0.6767,0.3233,"LOW"
54,"1","N0","Other/Unknown",0.6796,0.3204,"LOW"
55,"1","N0","Other/Unknown",0.6838,0.3162,"LOW"
56,"1","N0","Other/Unknown",0.684,0.316,"LOW"
57,"1","N0","Other/Unknown",0.6848,0.3152,"LOW"
58,"1","N0","Other/Unknown",0.687,0.313,"LOW"
59,"1","N0","Other/Unknown",0.6864,0.3136,"LOW"
60,"1","N0","Other/Unknown",0.6877,0.3123,"LOW"
61,"1","N0","Other/Unknown",0.6873,0.3127,"LOW"
62,"1","N0","Other/Unknown",0.6892,0.3108,"LOW"
63,"1","N0","Other/Unknown",0.6911,0.3089,"LOW"
64,"1","N0","Other/Unknown",0.6892,0.3108,"LOW"
65,"1","N0","Other/Unknown",0.6952,0.3048,"LOW"
66,"1","N0","Other/Unknown",0.6995,0.3005,"LOW"
67,"1","N0","Other/Unknown",0.7006,0.2994,"LOW"
68,"1","N0","Other/Unknown",0.7019,0.2981,"LOW"
69,"1","N0","Other/Unknown",0.705,0.295,"LOW"
70,"1","N0","Other/Unknown",0.7056,0.2944,"LOW"
71,"1","N0","Other/Unknown",0.7035,0.2965,"LOW"
72,"1","N0","Other/Unknown",0.7064,0.2936,"LOW"
73,"1","N0","Other/Unknown",0.7105,0.2895,"LOW"
74,"1","N0","Other/Unknown",0.7104,0.2896,"LOW"
75,"1","N0","Other/Unknown",0.7133,0.2867,"LOW"
76,"1","N0","Other/Unknown",0.7173,0.2827,"LOW"
77,"1","N0","Other/Unknown",0.7187,0.2813,"LOW"
78,"1","N0","Other/Unknown",0.7203,0.2797,"LOW"
79,"1","N0","Other/Unknown",0.7203,0.2797,"LOW"
80,"1","N0","Other/Unknown",0.7212,0.2788,"LOW"
81,"1","N0","Other/Unknown",0.7194,0.2806,"LOW"
82,"1","N0","Other/Unknown",0.7216,0.2784,"LOW"
83,"1","N0","Other/Unknown",0.7212,0.2788,"LOW"
84,"1","N0","Other/Unknown",0.7255,0.2745,"LOW"
85,"1","N0","Other/Unknown",0.725,0.275,"LOW"
86,"1","N0","Other/Unknown",0.727,0.273,"LOW"
87,"1","N0","Other/Unknown",0.7316,0.2684,"LOW"
88,"1","N0","Other/Unknown",0.7365,0.2635,"LOW"
89,"1","N0","Other/Unknown",0.7343,0.2657,"LOW"
90,"1","N0","Other/Unknown",0.7368,0.2632,"LOW"
91,"1","N0","Other/Unknown",0.7368,0.2632,"LOW"
92,"1","N0","Other/Unknown",0.7368,0.2632,"LOW"
93,"1","N0","Other/Unknown",0.7368,0.2632,"LOW"
94,"1","N0","Other/Unknown",0.7368,0.2632,"LOW"
95,"1","N0","Other/Unknown",0.7368,0.2632,"LOW"
96,"1","N0","Other/Unknown",0.7368,0.2632,"LOW"
97,"1","N0","Other/Unknown",0.7368,0.2632,"LOW"
98,"1","N0","Other/Unknown",0.7368,0.2632,"LOW"
99,"1","N0","Other/Unknown",0.7368,0.2632,"LOW"
0,"2","N0","Other/Unknown",0.7194,0.2806,"LOW"
1,"2","N0","Other/Unknown",0.7194,0.2806,"LOW"
2,"2","N0","Other/Unknown",0.7194,0.2806,"LOW"
3,"2","N0","Other/Unknown",0.7194,0.2806,"LOW"
4,"2","N0","Other/Unknown",0.7194,0.2806,"LOW"
5,"2","N0","Other/Unknown",0.7194,0.2806,"LOW"
6,"2","N0","Other/Unknown",0.7194,0.2806,"LOW"
7,"2","N0","Other/Unknown",0.7194,0.2806,"LOW"
8,"2","N0","Other/Unknown",0.7194,0.2806,"LOW"
9,"2","N0","Other/Unknown",0.7194,0.2806,"LOW"
10,"2","N0","Other/Unknown",0.7194,0.2806,"LOW"
11,"2","N0","Other/Unknown",0.7194,0.2806,"LOW"
12,"2","N0","Other/Unknown",0.7194,0.2806,"LOW"
13,"2","N0","Other/Unknown",0.7194,0.2806,"LOW"
14,"2","N0","Other/Unknown",0.7194,0.2806,"LOW"
15,"2","N0","Other/Unknown",0.7194,0.2806,"LOW"
16,"2","N0","Other/Unknown",0.7194,0.2806,"LOW"
17,"2","N0","Other/Unknown",0.7214,0.2786,"LOW"
18,"2","N0","Other/Unknown",0.7234,0.2766,"LOW"
19,"2","N0","Other/Unknown",0.7234,0.2766,"LOW"
20,"2","N0","Other/Unknown",0.7258,0.2742,"LOW"
21,"2","N0","Other/Unknown",0.7273,0.2727,"LOW"
22,"2","N0","Other/Unknown",0.7283,0.2717,"LOW"
23,"2","N0","Other/Unknown",0.7258,0.2742,"LOW"
24,"2","N0","Other/Unknown",0.7368,0.2632,"LOW"
25,"2","N0","Other/Unknown",0.7346,0.2654,"LOW"
26,"2","N0","Other/Unknown",0.7229,0.2771,"LOW"
27,"2","N0","Other/Unknown",0.7132,0.2868,"LOW"
28,"2","N0","Other/Unknown",0.7123,0.2877,"LOW"
29,"2","N0","Other/Unknown",0.7073,0.2927,"LOW"
30,"2","N0","Other/Unknown",0.7003,0.2997,"LOW"
31,"2","N0","Other/Unknown",0.6919,0.3081,"LOW"
32,"2","N0","Other/Unknown",0.6924,0.3076,"LOW"
33,"2","N0","Other/Unknown",0.6855,0.3145,"LOW"
34,"2","N0","Other/Unknown",0.7285,0.2715,"LOW"
35,"2","N0","Other/Unknown",0.7247,0.2753,"LOW"
36,"2","N0","Other/Unknown",0.7227,0.2773,"LOW"
37,"2","N0","Other/Unknown",0.7311,0.2689,"LOW"
38,"2","N0","Other/Unknown",0.7198,0.2802,"LOW"
39,"2","N0","Other/Unknown",0.7413,0.2587,"LOW"
40,"2","N0","Other/Unknown",0.7473,0.2527,"LOW"
41,"2","N0","Other/Unknown",0.7566,0.2434,"LOW"
42,"2","N0","Other/Unknown",0.7432,0.2568,"LOW"
43,"2","N0","Other/Unknown",0.7439,0.2561,"LOW"
44,"2","N0","Other/Unknown",0.7416,0.2584,"LOW"
45,"2","N0","Other/Unknown",0.7447,0.2553,"LOW"
46,"2","N0","Other/Unknown",0.737,0.263,"LOW"
47,"2","N0","Other/Unknown",0.7462,0.2538,"LOW"
48,"2","N0","Other/Unknown",0.7459,0.2541,"LOW"
49,"2","N0","Other/Unknown",0.7461,0.2539,"LOW"
50,"2","N0","Other/Unknown",0.7503,0.2497,"LOW"
51,"2","N0","Other/Unknown",0.7575,0.2425,"LOW"
52,"2","N0","Other/Unknown",0.7554,0.2446,"LOW"
53,"2","N0","Other/Unknown",0.7582,0.2418,"LOW"
54,"2","N0","Other/Unknown",0.757,0.243,"LOW"
55,"2","N0","Other/Unknown",0.7615,0.2385,"LOW"
56,"2","N0","Other/Unknown",0.7666,0.2334,"LOW"
57,"2","N0","Other/Unknown",0.7654,0.2346,"LOW"
58,"2","N0","Other/Unknown",0.7609,0.2391,"LOW"
59,"2","N0","Other/Unknown",0.7708,0.2292,"LOW"
60,"2","N0","Other/Unknown",0.7691,0.2309,"LOW"
61,"2","N0","Other/Unknown",0.763,0.237,"LOW"
62,"2","N0","Other/Unknown",0.7706,0.2294,"LOW"
63,"2","N0","Other/Unknown",0.7689,0.2311,"LOW"
64,"2","N0","Other/Unknown",0.7701,0.2299,"LOW"
65,"2","N0","Other/Unknown",0.7736,0.2264,"LOW"
66,"2","N0","Other/Unknown",0.7758,0.2242,"LOW"
67,"2","N0","Other/Unknown",0.7751,0.2249,"LOW"
68,"2","N0","Other/Unknown",0.7757,0.2243,"LOW"
69,"2","N0","Other/Unknown",0.777,0.223,"LOW"
70,"2","N0","Other/Unknown",0.7754,0.2246,"LOW"
71,"2","N0","Other/Unknown",0.7756,0.2244,"LOW"
72,"2","N0","Other/Unknown",0.7716,0.2284,"LOW"
73,"2","N0","Other/Unknown",0.7721,0.2279,"LOW"
74,"2","N0","Other/Unknown",0.7709,0.2291,"LOW"
75,"2","N0","Other/Unknown",0.7715,0.2285,"LOW"
76,"2","N0","Other/Unknown",0.7781,0.2219,"LOW"
77,"2","N0","Other/Unknown",0.7781,0.2219,"LOW"
78,"2","N0","Other/Unknown",0.7732,0.2268,"LOW"
79,"2","N0","Other/Unknown",0.7757,0.2243,"LOW"
80,"2","N0","Other/Unknown",0.7771,0.2229,"LOW"
81,"2","N0","Other/Unknown",0.781,0.219,"LOW"
82,"2","N0","Other/Unknown",0.781,0.219,"LOW"
83,"2","N0","Other/Unknown",0.7805,0.2195,"LOW"
84,"2","N0","Other/Unknown",0.7768,0.2232,"LOW"
85,"2","N0","Other/Unknown",0.7852,0.2148,"LOW"
86,"2","N0","Other/Unknown",0.7799,0.2201,"LOW"
87,"2","N0","Other/Unknown",0.7941,0.2059,"LOW"
88,"2","N0","Other/Unknown",0.7811,0.2189,"LOW"
89,"2","N0","Other/Unknown",0.797,0.203,"LOW"
90,"2","N0","Other/Unknown",0.7944,0.2056,"LOW"
91,"2","N0","Other/Unknown",0.7944,0.2056,"LOW"
92,"2","N0","Other/Unknown",0.7944,0.2056,"LOW"
93,"2","N0","Other/Unknown",0.7944,0.2056,"LOW"
94,"2","N0","Other/Unknown",0.7944,0.2056,"LOW"
95,"2","N0","Other/Unknown",0.7944,0.2056,"LOW"
96,"2","N0","Other/Unknown",0.7944,0.2056,"LOW"
97,"2","N0","Other/Unknown",0.7944,0.2056,"LOW"
98,"2","N0","Other/Unknown",0.7944,0.2056,"LOW"
99,"2","N0","Other/Unknown",0.7944,0.2056,"LOW"
0,"1","N1","Other/Unknown",0.3057,0.6943,"HIGH"
1,"1","N1","Other/Unknown",0.3057,0.6943,"HIGH"
2,"1","N1","Other/Unknown",0.3057,0.6943,"HIGH"
3,"1","N1","Other/Unknown",0.3057,0.6943,"HIGH"
4,"1","N1","Other/Unknown",0.3057,0.6943,"HIGH"
5,"1","N1","Other/Unknown",0.3057,0.6943,"HIGH"
6,"1","N1","Other/Unknown",0.3057,0.6943,"HIGH"
7,"1","N1","Other/Unknown",0.3057,0.6943,"HIGH"
8,"1","N1","Other/Unknown",0.3057,0.6943,"HIGH"
9,"1","N1","Other/Unknown",0.3057,0.6943,"HIGH"
10,"1","N1","Other/Unknown",0.3057,0.6943,"HIGH"
11,"1","N1","Other/Unknown",0.3057,0.6943,"HIGH"
12,"1","N1","Other/Unknown",0.3057,0.6943,"HIGH"
13,"1","N1","Other/Unknown",0.3057,0.6943,"HIGH"
14,"1","N1","Other/Unknown",0.3057,0.6943,"HIGH"
15,"1","N1","Other/Unknown",0.3057,0.6943,"HIGH"
16,"1","N1","Other/Unknown",0.3057,0.6943,"HIGH"
17,"1","N1","Other/Unknown",0.3067,0.6933,"HIGH"
18,"1","N1","Other/Unknown",0.3067,0.6933,"HIGH"
19,"1","N1","Other/Unknown",0.3067,0.6933,"HIGH"
20,"1","N1","Other/Unknown",0.3067,0.6933,"HIGH"
21,"1","N1","Other/Unknown",0.3067,0.6933,"HIGH"
22,"1","N1","Other/Unknown",0.3067,0.6933,"HIGH"
23,"1","N1","Other/Unknown",0.3067,0.6933,"HIGH"
24,"1","N1","Other/Unknown",0.2839,0.7161,"HIGH"
25,"1","N1","Other/Unknown",0.2551,0.7449,"HIGH"
26,"1","N1","Other/Unknown",0.248,0.752,"HIGH"
27,"1","N1","Other/Unknown",0.2853,0.7147,"HIGH"
28,"1","N1","Other/Unknown",0.2566,0.7434,"HIGH"
29,"1","N1","Other/Unknown",0.2424,0.7576,"HIGH"
30,"1","N1","Other/Unknown",0.2381,0.7619,"HIGH"
31,"1","N1","Other/Unknown",0.232,0.768,"HIGH"
32,"1","N1","Other/Unknown",0.2369,0.7631,"HIGH"
33,"1","N1","Other/Unknown",0.2457,0.7543,"HIGH"
34,"1","N1","Other/Unknown",0.237,0.763,"HIGH"
35,"1","N1","Other/Unknown",0.2374,0.7626,"HIGH"
36,"1","N1","Other/Unknown",0.242,0.758,"HIGH"
37,"1","N1","Other/Unknown",0.2544,0.7456,"HIGH"
38,"1","N1","Other/Unknown",0.2565,0.7435,"HIGH"
39,"1","N1","Other/Unknown",0.2642,0.7358,"HIGH"
40,"1","N1","Other/Unknown",0.2615,0.7385,"HIGH"
41,"1","N1","Other/Unknown",0.2573,0.7427,"HIGH"
42,"1","N1","Other/Unknown",0.2608,0.7392,"HIGH"
43,"1","N1","Other/Unknown",0.2663,0.7337,"HIGH"
44,"1","N1","Other/Unknown",0.2634,0.7366,"HIGH"
45,"1","N1","Other/Unknown",0.2657,0.7343,"HIGH"
46,"1","N1","Other/Unknown",0.2643,0.7357,"HIGH"
47,"1","N1","Other/Unknown",0.2659,0.7341,"HIGH"
48,"1","N1","Other/Unknown",0.2665,0.7335,"HIGH"
49,"1","N1","Other/Unknown",0.271,0.729,"HIGH"
50,"1","N1","Other/Unknown",0.2719,0.7281,"HIGH"
51,"1","N1","Other/Unknown",0.2736,0.7264,"HIGH"
52,"1","N1","Other/Unknown",0.273,0.727,"HIGH"
53,"1","N1","Other/Unknown",0.2737,0.7263,"HIGH"
54,"1","N1","Other/Unknown",0.2735,0.7265,"HIGH"
55,"1","N1","Other/Unknown",0.2764,0.7236,"HIGH"
56,"1","N1","Other/Unknown",0.2768,0.7232,"HIGH"
57,"1","N1","Other/Unknown",0.277,0.723,"HIGH"
58,"1","N1","Other/Unknown",0.2799,0.7201,"HIGH"
59,"1","N1","Other/Unknown",0.2798,0.7202,"HIGH"
60,"1","N1","Other/Unknown",0.2797,0.7203,"HIGH"
61,"1","N1","Other/Unknown",0.2804,0.7196,"HIGH"
62,"1","N1","Other/Unknown",0.2802,0.7198,"HIGH"
63,"1","N1","Other/Unknown",0.2826,0.7174,"HIGH"
64,"1","N1","Other/Unknown",0.2835,0.7165,"HIGH"
65,"1","N1","Other/Unknown",0.2847,0.7153,"HIGH"
66,"1","N1","Other/Unknown",0.2858,0.7142,"HIGH"
67,"1","N1","Other/Unknown",0.2873,0.7127,"HIGH"
68,"1","N1","Other/Unknown",0.287,0.713,"HIGH"
69,"1","N1","Other/Unknown",0.2859,0.7141,"HIGH"
70,"1","N1","Other/Unknown",0.2925,0.7075,"HIGH"
71,"1","N1","Other/Unknown",0.2969,0.7031,"HIGH"
72,"1","N1","Other/Unknown",0.2937,0.7063,"HIGH"
73,"1","N1","Other/Unknown",0.2972,0.7028,"HIGH"
74,"1","N1","Other/Unknown",0.3001,0.6999,"HIGH"
75,"1","N1","Other/Unknown",0.2979,0.7021,"HIGH"
76,"1","N1","Other/Unknown",0.3034,0.6966,"HIGH"
77,"1","N1","Other/Unknown",0.3114,0.6886,"HIGH"
78,"1","N1","Other/Unknown",0.3124,0.6876,"HIGH"
79,"1","N1","Other/Unknown",0.3158,0.6842,"HIGH"
80,"1","N1","Other/Unknown",0.3144,0.6856,"HIGH"
81,"1","N1","Other/Unknown",0.3133,0.6867,"HIGH"
82,"1","N1","Other/Unknown",0.3167,0.6833,"HIGH"
83,"1","N1","Other/Unknown",0.3197,0.6803,"HIGH"
84,"1","N1","Other/Unknown",0.3178,0.6822,"HIGH"
85,"1","N1","Other/Unknown",0.3205,0.6795,"HIGH"
86,"1","N1","Other/Unknown",0.3199,0.6801,"HIGH"
87,"1","N1","Other/Unknown",0.323,0.677,"HIGH"
88,"1","N1","Other/Unknown",0.3371,0.6629,"HIGH"
89,"1","N1","Other/Unknown",0.3328,0.6672,"HIGH"
90,"1","N1","Other/Unknown",0.3384,0.6616,"HIGH"
91,"1","N1","Other/Unknown",0.3384,0.6616,"HIGH"
92,"1","N1","Other/Unknown",0.3384,0.6616,"HIGH"
93,"1","N1","Other/Unknown",0.3384,0.6616,"HIGH"
94,"1","N1","Other/Unknown",0.3384,0.6616,"HIGH"
95,"1","N1","Other/Unknown",0.3384,0.6616,"HIGH"
96,"1","N1","Other/Unknown",0.3384,0.6616,"HIGH"
97,"1","N1","Other/Unknown",0.3384,0.6616,"HIGH"
98,"1","N1","Other/Unknown",0.3384,0.6616,"HIGH"
99,"1","N1","Other/Unknown",0.3384,0.6616,"HIGH"
0,"2","N1","Other/Unknown",0.2942,0.7058,"HIGH"
1,"2","N1","Other/Unknown",0.2942,0.7058,"HIGH"
2,"2","N1","Other/Unknown",0.2942,0.7058,"HIGH"
3,"2","N1","Other/Unknown",0.2942,0.7058,"HIGH"
4,"2","N1","Other/Unknown",0.2942,0.7058,"HIGH"
5,"2","N1","Other/Unknown",0.2942,0.7058,"HIGH"
6,"2","N1","Other/Unknown",0.2942,0.7058,"HIGH"
7,"2","N1","Other/Unknown",0.2942,0.7058,"HIGH"
8,"2","N1","Other/Unknown",0.2942,0.7058,"HIGH"
9,"2","N1","Other/Unknown",0.2942,0.7058,"HIGH"
10,"2","N1","Other/Unknown",0.2942,0.7058,"HIGH"
11,"2","N1","Other/Unknown",0.2942,0.7058,"HIGH"
12,"2","N1","Other/Unknown",0.2942,0.7058,"HIGH"
13,"2","N1","Other/Unknown",0.2942,0.7058,"HIGH"
14,"2","N1","Other/Unknown",0.2942,0.7058,"HIGH"
15,"2","N1","Other/Unknown",0.2942,0.7058,"HIGH"
16,"2","N1","Other/Unknown",0.2942,0.7058,"HIGH"
17,"2","N1","Other/Unknown",0.2942,0.7058,"HIGH"
18,"2","N1","Other/Unknown",0.2942,0.7058,"HIGH"
19,"2","N1","Other/Unknown",0.2942,0.7058,"HIGH"
20,"2","N1","Other/Unknown",0.2942,0.7058,"HIGH"
21,"2","N1","Other/Unknown",0.2942,0.7058,"HIGH"
22,"2","N1","Other/Unknown",0.2942,0.7058,"HIGH"
23,"2","N1","Other/Unknown",0.2942,0.7058,"HIGH"
24,"2","N1","Other/Unknown",0.2951,0.7049,"HIGH"
25,"2","N1","Other/Unknown",0.2902,0.7098,"HIGH"
26,"2","N1","Other/Unknown",0.2893,0.7107,"HIGH"
27,"2","N1","Other/Unknown",0.2933,0.7067,"HIGH"
28,"2","N1","Other/Unknown",0.2936,0.7064,"HIGH"
29,"2","N1","Other/Unknown",0.2961,0.7039,"HIGH"
30,"2","N1","Other/Unknown",0.3004,0.6996,"HIGH"
31,"2","N1","Other/Unknown",0.3041,0.6959,"HIGH"
32,"2","N1","Other/Unknown",0.3101,0.6899,"HIGH"
33,"2","N1","Other/Unknown",0.3135,0.6865,"HIGH"
34,"2","N1","Other/Unknown",0.3234,0.6766,"HIGH"
35,"2","N1","Other/Unknown",0.329,0.671,"HIGH"
36,"2","N1","Other/Unknown",0.346,0.654,"HIGH"
37,"2","N1","Other/Unknown",0.3719,0.6281,"HIGH"
38,"2","N1","Other/Unknown",0.3941,0.6059,"HIGH"
39,"2","N1","Other/Unknown",0.4078,0.5922,"HIGH"
40,"2","N1","Other/Unknown",0.4011,0.5989,"HIGH"
41,"2","N1","Other/Unknown",0.3889,0.6111,"HIGH"
42,"2","N1","Other/Unknown",0.3756,0.6244,"HIGH"
43,"2","N1","Other/Unknown",0.3749,0.6251,"HIGH"
44,"2","N1","Other/Unknown",0.3669,0.6331,"HIGH"
45,"2","N1","Other/Unknown",0.3711,0.6289,"HIGH"
46,"2","N1","Other/Unknown",0.3458,0.6542,"HIGH"
47,"2","N1","Other/Unknown",0.3473,0.6527,"HIGH"
48,"2","N1","Other/Unknown",0.3601,0.6399,"HIGH"
49,"2","N1","Other/Unknown",0.3609,0.6391,"HIGH"
50,"2","N1","Other/Unknown",0.3498,0.6502,"HIGH"
51,"2","N1","Other/Unknown",0.357,0.643,"HIGH"
52,"2","N1","Other/Unknown",0.3622,0.6378,"HIGH"
53,"2","N1","Other/Unknown",0.3574,0.6426,"HIGH"
54,"2","N1","Other/Unknown",0.3573,0.6427,"HIGH"
55,"2","N1","Other/Unknown",0.3649,0.6351,"HIGH"
56,"2","N1","Other/Unknown",0.3733,0.6267,"HIGH"
57,"2","N1","Other/Unknown",0.3704,0.6296,"HIGH"
58,"2","N1","Other/Unknown",0.3781,0.6219,"HIGH"
59,"2","N1","Other/Unknown",0.3753,0.6247,"HIGH"
60,"2","N1","Other/Unknown",0.376,0.624,"HIGH"
61,"2","N1","Other/Unknown",0.3721,0.6279,"HIGH"
62,"2","N1","Other/Unknown",0.3726,0.6274,"HIGH"
63,"2","N1","Other/Unknown",0.3665,0.6335,"HIGH"
64,"2","N1","Other/Unknown",0.3683,0.6317,"HIGH"
65,"2","N1","Other/Unknown",0.3642,0.6358,"HIGH"
66,"2","N1","Other/Unknown",0.3654,0.6346,"HIGH"
67,"2","N1","Other/Unknown",0.3708,0.6292,"HIGH"
68,"2","N1","Other/Unknown",0.371,0.629,"HIGH"
69,"2","N1","Other/Unknown",0.3714,0.6286,"HIGH"
70,"2","N1","Other/Unknown",0.3781,0.6219,"HIGH"
71,"2","N1","Other/Unknown",0.3805,0.6195,"HIGH"
72,"2","N1","Other/Unknown",0.3786,0.6214,"HIGH"
73,"2","N1","Other/Unknown",0.3782,0.6218,"HIGH"
74,"2","N1","Other/Unknown",0.3821,0.6179,"HIGH"
75,"2","N1","Other/Unknown",0.3898,0.6102,"HIGH"
76,"2","N1","Other/Unknown",0.3864,0.6136,"HIGH"
77,"2","N1","Other/Unknown",0.3853,0.6147,"HIGH"
78,"2","N1","Other/Unknown",0.3926,0.6074,"HIGH"
79,"2","N1","Other/Unknown",0.3926,0.6074,"HIGH"
80,"2","N1","Other/Unknown",0.39,0.61,"HIGH"
81,"2","N1","Other/Unknown",0.3924,0.6076,"HIGH"
82,"2","N1","Other/Unknown",0.4011,0.5989,"HIGH"
83,"2","N1","Other/Unknown",0.4054,0.5946,"HIGH"
84,"2","N1","Other/Unknown",0.4041,0.5959,"HIGH"
85,"2","N1","Other/Unknown",0.4017,0.5983,"HIGH"
86,"2","N1","Other/Unknown",0.4075,0.5925,"HIGH"
87,"2","N1","Other/Unknown",0.4195,0.5805,"HIGH"
88,"2","N1","Other/Unknown",0.4266,0.5734,"HIGH"
89,"2","N1","Other/Unknown",0.4226,0.5774,"HIGH"
90,"2","N1","Other/Unknown",0.4206,0.5794,"HIGH"
91,"2","N1","Other/Unknown",0.4206,0.5794,"HIGH"
92,"2","N1","Other/Unknown",0.4206,0.5794,"HIGH"
93,"2","N1","Other/Unknown",0.4206,0.5794,"HIGH"
94,"2","N1","Other/Unknown",0.4206,0.5794,"HIGH"
95,"2","N1","Other/Unknown",0.4206,0.5794,"HIGH"
96,"2","N1","Other/Unknown",0.4206,0.5794,"HIGH"
97,"2","N1","Other/Unknown",0.4206,0.5794,"HIGH"
98,"2","N1","Other/Unknown",0.4206,0.5794,"HIGH"
99,"2","N1","Other/Unknown",0.4206,0.5794,"HIGH"
0,"1","N2","Other/Unknown",0.252,0.748,"HIGH"
1,"1","N2","Other/Unknown",0.252,0.748,"HIGH"
2,"1","N2","Other/Unknown",0.252,0.748,"HIGH"
3,"1","N2","Other/Unknown",0.252,0.748,"HIGH"
4,"1","N2","Other/Unknown",0.252,0.748,"HIGH"
5,"1","N2","Other/Unknown",0.252,0.748,"HIGH"
6,"1","N2","Other/Unknown",0.252,0.748,"HIGH"
7,"1","N2","Other/Unknown",0.252,0.748,"HIGH"
8,"1","N2","Other/Unknown",0.252,0.748,"HIGH"
9,"1","N2","Other/Unknown",0.252,0.748,"HIGH"
10,"1","N2","Other/Unknown",0.252,0.748,"HIGH"
11,"1","N2","Other/Unknown",0.252,0.748,"HIGH"
12,"1","N2","Other/Unknown",0.252,0.748,"HIGH"
13,"1","N2","Other/Unknown",0.252,0.748,"HIGH"
14,"1","N2","Other/Unknown",0.252,0.748,"HIGH"
15,"1","N2","Other/Unknown",0.252,0.748,"HIGH"
16,"1","N2","Other/Unknown",0.252,0.748,"HIGH"
17,"1","N2","Other/Unknown",0.254,0.746,"HIGH"
18,"1","N2","Other/Unknown",0.254,0.746,"HIGH"
19,"1","N2","Other/Unknown",0.254,0.746,"HIGH"
20,"1","N2","Other/Unknown",0.2527,0.7473,"HIGH"
21,"1","N2","Other/Unknown",0.2603,0.7397,"HIGH"
22,"1","N2","Other/Unknown",0.2661,0.7339,"HIGH"
23,"1","N2","Other/Unknown",0.2696,0.7304,"HIGH"
24,"1","N2","Other/Unknown",0.2797,0.7203,"HIGH"
25,"1","N2","Other/Unknown",0.2842,0.7158,"HIGH"
26,"1","N2","Other/Unknown",0.2761,0.7239,"HIGH"
27,"1","N2","Other/Unknown",0.2748,0.7252,"HIGH"
28,"1","N2","Other/Unknown",0.278,0.722,"HIGH"
29,"1","N2","Other/Unknown",0.2808,0.7192,"HIGH"
30,"1","N2","Other/Unknown",0.281,0.719,"HIGH"
31,"1","N2","Other/Unknown",0.2748,0.7252,"HIGH"
32,"1","N2","Other/Unknown",0.2825,0.7175,"HIGH"
33,"1","N2","Other/Unknown",0.2863,0.7137,"HIGH"
34,"1","N2","Other/Unknown",0.2914,0.7086,"HIGH"
35,"1","N2","Other/Unknown",0.2951,0.7049,"HIGH"
36,"1","N2","Other/Unknown",0.3026,0.6974,"HIGH"
37,"1","N2","Other/Unknown",0.3043,0.6957,"HIGH"
38,"1","N2","Other/Unknown",0.3071,0.6929,"HIGH"
39,"1","N2","Other/Unknown",0.3115,0.6885,"HIGH"
40,"1","N2","Other/Unknown",0.315,0.685,"HIGH"
41,"1","N2","Other/Unknown",0.3267,0.6733,"HIGH"
42,"1","N2","Other/Unknown",0.3443,0.6557,"HIGH"
43,"1","N2","Other/Unknown",0.3632,0.6368,"HIGH"
44,"1","N2","Other/Unknown",0.3645,0.6355,"HIGH"
45,"1","N2","Other/Unknown",0.3556,0.6444,"HIGH"
46,"1","N2","Other/Unknown",0.3551,0.6449,"HIGH"
47,"1","N2","Other/Unknown",0.3488,0.6512,"HIGH"
48,"1","N2","Other/Unknown",0.3483,0.6517,"HIGH"
49,"1","N2","Other/Unknown",0.3504,0.6496,"HIGH"
50,"1","N2","Other/Unknown",0.3616,0.6384,"HIGH"
51,"1","N2","Other/Unknown",0.365,0.635,"HIGH"
52,"1","N2","Other/Unknown",0.3682,0.6318,"HIGH"
53,"1","N2","Other/Unknown",0.3692,0.6308,"HIGH"
54,"1","N2","Other/Unknown",0.3702,0.6298,"HIGH"
55,"1","N2","Other/Unknown",0.369,0.631,"HIGH"
56,"1","N2","Other/Unknown",0.3631,0.6369,"HIGH"
57,"1","N2","Other/Unknown",0.3655,0.6345,"HIGH"
58,"1","N2","Other/Unknown",0.3738,0.6262,"HIGH"
59,"1","N2","Other/Unknown",0.3684,0.6316,"HIGH"
60,"1","N2","Other/Unknown",0.3772,0.6228,"HIGH"
61,"1","N2","Other/Unknown",0.3808,0.6192,"HIGH"
62,"1","N2","Other/Unknown",0.377,0.623,"HIGH"
63,"1","N2","Other/Unknown",0.3791,0.6209,"HIGH"
64,"1","N2","Other/Unknown",0.3779,0.6221,"HIGH"
65,"1","N2","Other/Unknown",0.378,0.622,"HIGH"
66,"1","N2","Other/Unknown",0.3677,0.6323,"HIGH"
67,"1","N2","Other/Unknown",0.3702,0.6298,"HIGH"
68,"1","N2","Other/Unknown",0.371,0.629,"HIGH"
69,"1","N2","Other/Unknown",0.3709,0.6291,"HIGH"
70,"1","N2","Other/Unknown",0.3736,0.6264,"HIGH"
71,"1","N2","Other/Unknown",0.3785,0.6215,"HIGH"
72,"1","N2","Other/Unknown",0.3856,0.6144,"HIGH"
73,"1","N2","Other/Unknown",0.3882,0.6118,"HIGH"
74,"1","N2","Other/Unknown",0.3758,0.6242,"HIGH"
75,"1","N2","Other/Unknown",0.378,0.622,"HIGH"
76,"1","N2","Other/Unknown",0.3803,0.6197,"HIGH"
77,"1","N2","Other/Unknown",0.3655,0.6345,"HIGH"
78,"1","N2","Other/Unknown",0.3722,0.6278,"HIGH"
79,"1","N2","Other/Unknown",0.3788,0.6212,"HIGH"
80,"1","N2","Other/Unknown",0.3867,0.6133,"HIGH"
81,"1","N2","Other/Unknown",0.4,0.6,"HIGH"
82,"1","N2","Other/Unknown",0.397,0.603,"HIGH"
83,"1","N2","Other/Unknown",0.3986,0.6014,"HIGH"
84,"1","N2","Other/Unknown",0.4015,0.5985,"HIGH"
85,"1","N2","Other/Unknown",0.3994,0.6006,"HIGH"
86,"1","N2","Other/Unknown",0.4055,0.5945,"HIGH"
87,"1","N2","Other/Unknown",0.4492,0.5508,"HIGH"
88,"1","N2","Other/Unknown",0.4173,0.5827,"HIGH"
89,"1","N2","Other/Unknown",0.446,0.554,"HIGH"
90,"1","N2","Other/Unknown",0.3946,0.6054,"HIGH"
91,"1","N2","Other/Unknown",0.3946,0.6054,"HIGH"
92,"1","N2","Other/Unknown",0.3946,0.6054,"HIGH"
93,"1","N2","Other/Unknown",0.3946,0.6054,"HIGH"
94,"1","N2","Other/Unknown",0.3946,0.6054,"HIGH"
95,"1","N2","Other/Unknown",0.3946,0.6054,"HIGH"
96,"1","N2","Other/Unknown",0.3946,0.6054,"HIGH"
97,"1","N2","Other/Unknown",0.3946,0.6054,"HIGH"
98,"1","N2","Other/Unknown",0.3946,0.6054,"HIGH"
99,"1","N2","Other/Unknown",0.3946,0.6054,"HIGH"
0,"2","N2","Other/Unknown",0.458,0.542,"HIGH"
1,"2","N2","Other/Unknown",0.458,0.542,"HIGH"
2,"2","N2","Other/Unknown",0.458,0.542,"HIGH"
3,"2","N2","Other/Unknown",0.458,0.542,"HIGH"
4,"2","N2","Other/Unknown",0.458,0.542,"HIGH"
5,"2","N2","Other/Unknown",0.458,0.542,"HIGH"
6,"2","N2","Other/Unknown",0.458,0.542,"HIGH"
7,"2","N2","Other/Unknown",0.458,0.542,"HIGH"
8,"2","N2","Other/Unknown",0.458,0.542,"HIGH"
9,"2","N2","Other/Unknown",0.458,0.542,"HIGH"
10,"2","N2","Other/Unknown",0.458,0.542,"HIGH"
11,"2","N2","Other/Unknown",0.458,0.542,"HIGH"
12,"2","N2","Other/Unknown",0.458,0.542,"HIGH"
13,"2","N2","Other/Unknown",0.458,0.542,"HIGH"
14,"2","N2","Other/Unknown",0.458,0.542,"HIGH"
15,"2","N2","Other/Unknown",0.458,0.542,"HIGH"
16,"2","N2","Other/Unknown",0.458,0.542,"HIGH"
17,"2","N2","Other/Unknown",0.46,0.54,"HIGH"
18,"2","N2","Other/Unknown",0.46,0.54,"HIGH"
19,"2","N2","Other/Unknown",0.46,0.54,"HIGH"
20,"2","N2","Other/Unknown",0.4587,0.5413,"HIGH"
21,"2","N2","Other/Unknown",0.4615,0.5385,"HIGH"
22,"2","N2","Other/Unknown",0.4703,0.5297,"HIGH"
23,"2","N2","Other/Unknown",0.4749,0.5251,"HIGH"
24,"2","N2","Other/Unknown",0.4817,0.5183,"HIGH"
25,"2","N2","Other/Unknown",0.4869,0.5131,"HIGH"
26,"2","N2","Other/Unknown",0.4199,0.5801,"HIGH"
27,"2","N2","Other/Unknown",0.4176,0.5824,"HIGH"
28,"2","N2","Other/Unknown",0.4185,0.5815,"HIGH"
29,"2","N2","Other/Unknown",0.4136,0.5864,"HIGH"
30,"2","N2","Other/Unknown",0.4089,0.5911,"HIGH"
31,"2","N2","Other/Unknown",0.4046,0.5954,"HIGH"
32,"2","N2","Other/Unknown",0.4316,0.5684,"HIGH"
33,"2","N2","Other/Unknown",0.4524,0.5476,"HIGH"
34,"2","N2","Other/Unknown",0.4658,0.5342,"HIGH"
35,"2","N2","Other/Unknown",0.484,0.516,"HIGH"
36,"2","N2","Other/Unknown",0.4717,0.5283,"HIGH"
37,"2","N2","Other/Unknown",0.4389,0.5611,"HIGH"
38,"2","N2","Other/Unknown",0.4183,0.5817,"HIGH"
39,"2","N2","Other/Unknown",0.4035,0.5965,"HIGH"
40,"2","N2","Other/Unknown",0.3742,0.6258,"HIGH"
41,"2","N2","Other/Unknown",0.3808,0.6192,"HIGH"
42,"2","N2","Other/Unknown",0.379,0.621,"HIGH"
43,"2","N2","Other/Unknown",0.3783,0.6217,"HIGH"
44,"2","N2","Other/Unknown",0.3778,0.6222,"HIGH"
45,"2","N2","Other/Unknown",0.3813,0.6187,"HIGH"
46,"2","N2","Other/Unknown",0.3843,0.6157,"HIGH"
47,"2","N2","Other/Unknown",0.3869,0.6131,"HIGH"
48,"2","N2","Other/Unknown",0.409,0.591,"HIGH"
49,"2","N2","Other/Unknown",0.4155,0.5845,"HIGH"
50,"2","N2","Other/Unknown",0.4123,0.5877,"HIGH"
51,"2","N2","Other/Unknown",0.4168,0.5832,"HIGH"
52,"2","N2","Other/Unknown",0.422,0.578,"HIGH"
53,"2","N2","Other/Unknown",0.4018,0.5982,"HIGH"
54,"2","N2","Other/Unknown",0.3951,0.6049,"HIGH"
55,"2","N2","Other/Unknown",0.3957,0.6043,"HIGH"
56,"2","N2","Other/Unknown",0.4095,0.5905,"HIGH"
57,"2","N2","Other/Unknown",0.4125,0.5875,"HIGH"
58,"2","N2","Other/Unknown",0.4121,0.5879,"HIGH"
59,"2","N2","Other/Unknown",0.4067,0.5933,"HIGH"
60,"2","N2","Other/Unknown",0.4007,0.5993,"HIGH"
61,"2","N2","Other/Unknown",0.4092,0.5908,"HIGH"
62,"2","N2","Other/Unknown",0.4158,0.5842,"HIGH"
63,"2","N2","Other/Unknown",0.4207,0.5793,"HIGH"
64,"2","N2","Other/Unknown",0.4311,0.5689,"HIGH"
65,"2","N2","Other/Unknown",0.425,0.575,"HIGH"
66,"2","N2","Other/Unknown",0.4102,0.5898,"HIGH"
67,"2","N2","Other/Unknown",0.4239,0.5761,"HIGH"
68,"2","N2","Other/Unknown",0.4212,0.5788,"HIGH"
69,"2","N2","Other/Unknown",0.4253,0.5747,"HIGH"
70,"2","N2","Other/Unknown",0.4157,0.5843,"HIGH"
71,"2","N2","Other/Unknown",0.42,0.58,"HIGH"
72,"2","N2","Other/Unknown",0.41,0.59,"HIGH"
73,"2","N2","Other/Unknown",0.4075,0.5925,"HIGH"
74,"2","N2","Other/Unknown",0.4184,0.5816,"HIGH"
75,"2","N2","Other/Unknown",0.4136,0.5864,"HIGH"
76,"2","N2","Other/Unknown",0.4311,0.5689,"HIGH"
77,"2","N2","Other/Unknown",0.4457,0.5543,"HIGH"
78,"2","N2","Other/Unknown",0.4502,0.5498,"HIGH"
79,"2","N2","Other/Unknown",0.45,0.55,"HIGH"
80,"2","N2","Other/Unknown",0.439,0.561,"HIGH"
81,"2","N2","Other/Unknown",0.4353,0.5647,"HIGH"
82,"2","N2","Other/Unknown",0.4697,0.5303,"HIGH"
83,"2","N2","Other/Unknown",0.4723,0.5277,"HIGH"
84,"2","N2","Other/Unknown",0.4792,0.5208,"HIGH"
85,"2","N2","Other/Unknown",0.4684,0.5316,"HIGH"
86,"2","N2","Other/Unknown",0.4468,0.5532,"HIGH"
87,"2","N2","Other/Unknown",0.4615,0.5385,"HIGH"
88,"2","N2","Other/Unknown",0.4471,0.5529,"HIGH"
89,"2","N2","Other/Unknown",0.5103,0.4897,"LOW"
90,"2","N2","Other/Unknown",0.5006,0.4994,"LOW"
91,"2","N2","Other/Unknown",0.5006,0.4994,"LOW"
92,"2","N2","Other/Unknown",0.5006,0.4994,"LOW"
93,"2","N2","Other/Unknown",0.5006,0.4994,"LOW"
94,"2","N2","Other/Unknown",0.5006,0.4994,"LOW"
95,"2","N2","Other/Unknown",0.5006,0.4994,"LOW"
96,"2","N2","Other/Unknown",0.5006,0.4994,"LOW"
97,"2","N2","Other/Unknown",0.5006,0.4994,"LOW"
98,"2","N2","Other/Unknown",0.5006,0.4994,"LOW"
99,"2","N2","Other/Unknown",0.5006,0.4994,"LOW"
0,"1","N3","Other/Unknown",0.1207,0.8793,"HIGH"
1,"1","N3","Other/Unknown",0.1207,0.8793,"HIGH"
2,"1","N3","Other/Unknown",0.1207,0.8793,"HIGH"
3,"1","N3","Other/Unknown",0.1207,0.8793,"HIGH"
4,"1","N3","Other/Unknown",0.1207,0.8793,"HIGH"
5,"1","N3","Other/Unknown",0.1207,0.8793,"HIGH"
6,"1","N3","Other/Unknown",0.1207,0.8793,"HIGH"
7,"1","N3","Other/Unknown",0.1207,0.8793,"HIGH"
8,"1","N3","Other/Unknown",0.1207,0.8793,"HIGH"
9,"1","N3","Other/Unknown",0.1207,0.8793,"HIGH"
10,"1","N3","Other/Unknown",0.1207,0.8793,"HIGH"
11,"1","N3","Other/Unknown",0.1207,0.8793,"HIGH"
12,"1","N3","Other/Unknown",0.1207,0.8793,"HIGH"
13,"1","N3","Other/Unknown",0.1207,0.8793,"HIGH"
14,"1","N3","Other/Unknown",0.1207,0.8793,"HIGH"
15,"1","N3","Other/Unknown",0.1207,0.8793,"HIGH"
16,"1","N3","Other/Unknown",0.1207,0.8793,"HIGH"
17,"1","N3","Other/Unknown",0.1227,0.8773,"HIGH"
18,"1","N3","Other/Unknown",0.123,0.877,"HIGH"
19,"1","N3","Other/Unknown",0.123,0.877,"HIGH"
20,"1","N3","Other/Unknown",0.1213,0.8787,"HIGH"
21,"1","N3","Other/Unknown",0.1223,0.8777,"HIGH"
22,"1","N3","Other/Unknown",0.1223,0.8777,"HIGH"
23,"1","N3","Other/Unknown",0.1223,0.8777,"HIGH"
24,"1","N3","Other/Unknown",0.1234,0.8766,"HIGH"
25,"1","N3","Other/Unknown",0.1231,0.8769,"HIGH"
26,"1","N3","Other/Unknown",0.1231,0.8769,"HIGH"
27,"1","N3","Other/Unknown",0.1231,0.8769,"HIGH"
28,"1","N3","Other/Unknown",0.1228,0.8772,"HIGH"
29,"1","N3","Other/Unknown",0.1216,0.8784,"HIGH"
30,"1","N3","Other/Unknown",0.1209,0.8791,"HIGH"
31,"1","N3","Other/Unknown",0.1189,0.8811,"HIGH"
32,"1","N3","Other/Unknown",0.1238,0.8762,"HIGH"
33,"1","N3","Other/Unknown",0.1232,0.8768,"HIGH"
34,"1","N3","Other/Unknown",0.1244,0.8756,"HIGH"
35,"1","N3","Other/Unknown",0.1255,0.8745,"HIGH"
36,"1","N3","Other/Unknown",0.1289,0.8711,"HIGH"
37,"1","N3","Other/Unknown",0.1316,0.8684,"HIGH"
38,"1","N3","Other/Unknown",0.1352,0.8648,"HIGH"
39,"1","N3","Other/Unknown",0.1384,0.8616,"HIGH"
40,"1","N3","Other/Unknown",0.1436,0.8564,"HIGH"
41,"1","N3","Other/Unknown",0.149,0.851,"HIGH"
42,"1","N3","Other/Unknown",0.1591,0.8409,"HIGH"
43,"1","N3","Other/Unknown",0.1647,0.8353,"HIGH"
44,"1","N3","Other/Unknown",0.1545,0.8455,"HIGH"
45,"1","N3","Other/Unknown",0.156,0.844,"HIGH"
46,"1","N3","Other/Unknown",0.1641,0.8359,"HIGH"
47,"1","N3","Other/Unknown",0.1647,0.8353,"HIGH"
48,"1","N3","Other/Unknown",0.1649,0.8351,"HIGH"
49,"1","N3","Other/Unknown",0.1657,0.8343,"HIGH"
50,"1","N3","Other/Unknown",0.1686,0.8314,"HIGH"
51,"1","N3","Other/Unknown",0.1673,0.8327,"HIGH"
52,"1","N3","Other/Unknown",0.1593,0.8407,"HIGH"
53,"1","N3","Other/Unknown",0.1635,0.8365,"HIGH"
54,"1","N3","Other/Unknown",0.1707,0.8293,"HIGH"
55,"1","N3","Other/Unknown",0.1656,0.8344,"HIGH"
56,"1","N3","Other/Unknown",0.1681,0.8319,"HIGH"
57,"1","N3","Other/Unknown",0.1647,0.8353,"HIGH"
58,"1","N3","Other/Unknown",0.1692,0.8308,"HIGH"
59,"1","N3","Other/Unknown",0.1713,0.8287,"HIGH"
60,"1","N3","Other/Unknown",0.1719,0.8281,"HIGH"
61,"1","N3","Other/Unknown",0.1715,0.8285,"HIGH"
62,"1","N3","Other/Unknown",0.1735,0.8265,"HIGH"
63,"1","N3","Other/Unknown",0.1721,0.8279,"HIGH"
64,"1","N3","Other/Unknown",0.1758,0.8242,"HIGH"
65,"1","N3","Other/Unknown",0.1735,0.8265,"HIGH"
66,"1","N3","Other/Unknown",0.1734,0.8266,"HIGH"
67,"1","N3","Other/Unknown",0.1811,0.8189,"HIGH"
68,"1","N3","Other/Unknown",0.1789,0.8211,"HIGH"
69,"1","N3","Other/Unknown",0.1853,0.8147,"HIGH"
70,"1","N3","Other/Unknown",0.1914,0.8086,"HIGH"
71,"1","N3","Other/Unknown",0.1902,0.8098,"HIGH"
72,"1","N3","Other/Unknown",0.1921,0.8079,"HIGH"
73,"1","N3","Other/Unknown",0.2092,0.7908,"HIGH"
74,"1","N3","Other/Unknown",0.2051,0.7949,"HIGH"
75,"1","N3","Other/Unknown",0.2017,0.7983,"HIGH"
76,"1","N3","Other/Unknown",0.2068,0.7932,"HIGH"
77,"1","N3","Other/Unknown",0.2142,0.7858,"HIGH"
78,"1","N3","Other/Unknown",0.2119,0.7881,"HIGH"
79,"1","N3","Other/Unknown",0.2064,0.7936,"HIGH"
80,"1","N3","Other/Unknown",0.23,0.77,"HIGH"
81,"1","N3","Other/Unknown",0.2235,0.7765,"HIGH"
82,"1","N3","Other/Unknown",0.2177,0.7823,"HIGH"
83,"1","N3","Other/Unknown",0.2136,0.7864,"HIGH"
84,"1","N3","Other/Unknown",0.2278,0.7722,"HIGH"
85,"1","N3","Other/Unknown",0.231,0.769,"HIGH"
86,"1","N3","Other/Unknown",0.2332,0.7668,"HIGH"
87,"1","N3","Other/Unknown",0.284,0.716,"HIGH"
88,"1","N3","Other/Unknown",0.2549,0.7451,"HIGH"
89,"1","N3","Other/Unknown",0.2235,0.7765,"HIGH"
90,"1","N3","Other/Unknown",0.2301,0.7699,"HIGH"
91,"1","N3","Other/Unknown",0.2301,0.7699,"HIGH"
92,"1","N3","Other/Unknown",0.2301,0.7699,"HIGH"
93,"1","N3","Other/Unknown",0.2301,0.7699,"HIGH"
94,"1","N3","Other/Unknown",0.2301,0.7699,"HIGH"
95,"1","N3","Other/Unknown",0.2301,0.7699,"HIGH"
96,"1","N3","Other/Unknown",0.2301,0.7699,"HIGH"
97,"1","N3","Other/Unknown",0.2301,0.7699,"HIGH"
98,"1","N3","Other/Unknown",0.2301,0.7699,"HIGH"
99,"1","N3","Other/Unknown",0.2301,0.7699,"HIGH"
0,"2","N3","Other/Unknown",0.1609,0.8391,"HIGH"
1,"2","N3","Other/Unknown",0.1609,0.8391,"HIGH"
2,"2","N3","Other/Unknown",0.1609,0.8391,"HIGH"
3,"2","N3","Other/Unknown",0.1609,0.8391,"HIGH"
4,"2","N3","Other/Unknown",0.1609,0.8391,"HIGH"
5,"2","N3","Other/Unknown",0.1609,0.8391,"HIGH"
6,"2","N3","Other/Unknown",0.1609,0.8391,"HIGH"
7,"2","N3","Other/Unknown",0.1609,0.8391,"HIGH"
8,"2","N3","Other/Unknown",0.1609,0.8391,"HIGH"
9,"2","N3","Other/Unknown",0.1609,0.8391,"HIGH"
10,"2","N3","Other/Unknown",0.1609,0.8391,"HIGH"
11,"2","N3","Other/Unknown",0.1609,0.8391,"HIGH"
12,"2","N3","Other/Unknown",0.1609,0.8391,"HIGH"
13,"2","N3","Other/Unknown",0.1609,0.8391,"HIGH"
14,"2","N3","Other/Unknown",0.1609,0.8391,"HIGH"
15,"2","N3","Other/Unknown",0.1609,0.8391,"HIGH"
16,"2","N3","Other/Unknown",0.1609,0.8391,"HIGH"
17,"2","N3","Other/Unknown",0.1629,0.8371,"HIGH"
18,"2","N3","Other/Unknown",0.1649,0.8351,"HIGH"
19,"2","N3","Other/Unknown",0.1649,0.8351,"HIGH"
20,"2","N3","Other/Unknown",0.1633,0.8367,"HIGH"
21,"2","N3","Other/Unknown",0.1633,0.8367,"HIGH"
22,"2","N3","Other/Unknown",0.1633,0.8367,"HIGH"
23,"2","N3","Other/Unknown",0.1633,0.8367,"HIGH"
24,"2","N3","Other/Unknown",0.1599,0.8401,"HIGH"
25,"2","N3","Other/Unknown",0.1563,0.8437,"HIGH"
26,"2","N3","Other/Unknown",0.1528,0.8472,"HIGH"
27,"2","N3","Other/Unknown",0.1528,0.8472,"HIGH"
28,"2","N3","Other/Unknown",0.1528,0.8472,"HIGH"
29,"2","N3","Other/Unknown",0.1531,0.8469,"HIGH"
30,"2","N3","Other/Unknown",0.1507,0.8493,"HIGH"
31,"2","N3","Other/Unknown",0.1487,0.8513,"HIGH"
32,"2","N3","Other/Unknown",0.1479,0.8521,"HIGH"
33,"2","N3","Other/Unknown",0.1484,0.8516,"HIGH"
34,"2","N3","Other/Unknown",0.1505,0.8495,"HIGH"
35,"2","N3","Other/Unknown",0.1511,0.8489,"HIGH"
36,"2","N3","Other/Unknown",0.1557,0.8443,"HIGH"
37,"2","N3","Other/Unknown",0.1572,0.8428,"HIGH"
38,"2","N3","Other/Unknown",0.1597,0.8403,"HIGH"
39,"2","N3","Other/Unknown",0.1646,0.8354,"HIGH"
40,"2","N3","Other/Unknown",0.1672,0.8328,"HIGH"
41,"2","N3","Other/Unknown",0.172,0.828,"HIGH"
42,"2","N3","Other/Unknown",0.1753,0.8247,"HIGH"
43,"2","N3","Other/Unknown",0.1809,0.8191,"HIGH"
44,"2","N3","Other/Unknown",0.1819,0.8181,"HIGH"
45,"2","N3","Other/Unknown",0.189,0.811,"HIGH"
46,"2","N3","Other/Unknown",0.196,0.804,"HIGH"
47,"2","N3","Other/Unknown",0.2118,0.7882,"HIGH"
48,"2","N3","Other/Unknown",0.2254,0.7746,"HIGH"
49,"2","N3","Other/Unknown",0.2705,0.7295,"HIGH"
50,"2","N3","Other/Unknown",0.2336,0.7664,"HIGH"
51,"2","N3","Other/Unknown",0.2312,0.7688,"HIGH"
52,"2","N3","Other/Unknown",0.251,0.749,"HIGH"
53,"2","N3","Other/Unknown",0.2482,0.7518,"HIGH"
54,"2","N3","Other/Unknown",0.2373,0.7627,"HIGH"
55,"2","N3","Other/Unknown",0.248,0.752,"HIGH"
56,"2","N3","Other/Unknown",0.2405,0.7595,"HIGH"
57,"2","N3","Other/Unknown",0.2342,0.7658,"HIGH"
58,"2","N3","Other/Unknown",0.2216,0.7784,"HIGH"
59,"2","N3","Other/Unknown",0.2173,0.7827,"HIGH"
60,"2","N3","Other/Unknown",0.2216,0.7784,"HIGH"
61,"2","N3","Other/Unknown",0.2325,0.7675,"HIGH"
62,"2","N3","Other/Unknown",0.2372,0.7628,"HIGH"
63,"2","N3","Other/Unknown",0.2322,0.7678,"HIGH"
64,"2","N3","Other/Unknown",0.2295,0.7705,"HIGH"
65,"2","N3","Other/Unknown",0.2292,0.7708,"HIGH"
66,"2","N3","Other/Unknown",0.2203,0.7797,"HIGH"
67,"2","N3","Other/Unknown",0.2221,0.7779,"HIGH"
68,"2","N3","Other/Unknown",0.2244,0.7756,"HIGH"
69,"2","N3","Other/Unknown",0.2521,0.7479,"HIGH"
70,"2","N3","Other/Unknown",0.2326,0.7674,"HIGH"
71,"2","N3","Other/Unknown",0.2413,0.7587,"HIGH"
72,"2","N3","Other/Unknown",0.2368,0.7632,"HIGH"
73,"2","N3","Other/Unknown",0.2421,0.7579,"HIGH"
74,"2","N3","Other/Unknown",0.2425,0.7575,"HIGH"
75,"2","N3","Other/Unknown",0.2327,0.7673,"HIGH"
76,"2","N3","Other/Unknown",0.2606,0.7394,"HIGH"
77,"2","N3","Other/Unknown",0.2768,0.7232,"HIGH"
78,"2","N3","Other/Unknown",0.2553,0.7447,"HIGH"
79,"2","N3","Other/Unknown",0.2301,0.7699,"HIGH"
80,"2","N3","Other/Unknown",0.2144,0.7856,"HIGH"
81,"2","N3","Other/Unknown",0.205,0.795,"HIGH"
82,"2","N3","Other/Unknown",0.2025,0.7975,"HIGH"
83,"2","N3","Other/Unknown",0.2012,0.7988,"HIGH"
84,"2","N3","Other/Unknown",0.2046,0.7954,"HIGH"
85,"2","N3","Other/Unknown",0.2117,0.7883,"HIGH"
86,"2","N3","Other/Unknown",0.247,0.753,"HIGH"
87,"2","N3","Other/Unknown",0.2936,0.7064,"HIGH"
88,"2","N3","Other/Unknown",0.3076,0.6924,"HIGH"
89,"2","N3","Other/Unknown",0.3289,0.6711,"HIGH"
90,"2","N3","Other/Unknown",0.3604,0.6396,"HIGH"
91,"2","N3","Other/Unknown",0.3604,0.6396,"HIGH"
92,"2","N3","Other/Unknown",0.3604,0.6396,"HIGH"
93,"2","N3","Other/Unknown",0.3604,0.6396,"HIGH"
94,"2","N3","Other/Unknown",0.3604,0.6396,"HIGH"
95,"2","N3","Other/Unknown",0.3604,0.6396,"HIGH"
96,"2","N3","Other/Unknown",0.3604,0.6396,"HIGH"
97,"2","N3","Other/Unknown",0.3604,0.6396,"HIGH"
98,"2","N3","Other/Unknown",0.3604,0.6396,"HIGH"
99,"2","N3","Other/Unknown",0.3604,0.6396,"HIGH"
0,"1","Other/Unknown","Other/Unknown",0.334,0.666,"HIGH"
1,"1","Other/Unknown","Other/Unknown",0.334,0.666,"HIGH"
2,"1","Other/Unknown","Other/Unknown",0.334,0.666,"HIGH"
3,"1","Other/Unknown","Other/Unknown",0.334,0.666,"HIGH"
4,"1","Other/Unknown","Other/Unknown",0.334,0.666,"HIGH"
5,"1","Other/Unknown","Other/Unknown",0.334,0.666,"HIGH"
6,"1","Other/Unknown","Other/Unknown",0.334,0.666,"HIGH"
7,"1","Other/Unknown","Other/Unknown",0.334,0.666,"HIGH"
8,"1","Other/Unknown","Other/Unknown",0.334,0.666,"HIGH"
9,"1","Other/Unknown","Other/Unknown",0.334,0.666,"HIGH"
10,"1","Other/Unknown","Other/Unknown",0.334,0.666,"HIGH"
11,"1","Other/Unknown","Other/Unknown",0.334,0.666,"HIGH"
12,"1","Other/Unknown","Other/Unknown",0.334,0.666,"HIGH"
13,"1","Other/Unknown","Other/Unknown",0.334,0.666,"HIGH"
14,"1","Other/Unknown","Other/Unknown",0.334,0.666,"HIGH"
15,"1","Other/Unknown","Other/Unknown",0.334,0.666,"HIGH"
16,"1","Other/Unknown","Other/Unknown",0.334,0.666,"HIGH"
17,"1","Other/Unknown","Other/Unknown",0.3513,0.6487,"HIGH"
18,"1","Other/Unknown","Other/Unknown",0.3613,0.6387,"HIGH"
19,"1","Other/Unknown","Other/Unknown",0.3668,0.6332,"HIGH"
20,"1","Other/Unknown","Other/Unknown",0.3649,0.6351,"HIGH"
21,"1","Other/Unknown","Other/Unknown",0.3718,0.6282,"HIGH"
22,"1","Other/Unknown","Other/Unknown",0.3545,0.6455,"HIGH"
23,"1","Other/Unknown","Other/Unknown",0.3725,0.6275,"HIGH"
24,"1","Other/Unknown","Other/Unknown",0.403,0.597,"HIGH"
25,"1","Other/Unknown","Other/Unknown",0.3974,0.6026,"HIGH"
26,"1","Other/Unknown","Other/Unknown",0.3869,0.6131,"HIGH"
27,"1","Other/Unknown","Other/Unknown",0.3798,0.6202,"HIGH"
28,"1","Other/Unknown","Other/Unknown",0.358,0.642,"HIGH"
29,"1","Other/Unknown","Other/Unknown",0.3524,0.6476,"HIGH"
30,"1","Other/Unknown","Other/Unknown",0.343,0.657,"HIGH"
31,"1","Other/Unknown","Other/Unknown",0.3436,0.6564,"HIGH"
32,"1","Other/Unknown","Other/Unknown",0.348,0.652,"HIGH"
33,"1","Other/Unknown","Other/Unknown",0.3485,0.6515,"HIGH"
34,"1","Other/Unknown","Other/Unknown",0.3668,0.6332,"HIGH"
35,"1","Other/Unknown","Other/Unknown",0.3483,0.6517,"HIGH"
36,"1","Other/Unknown","Other/Unknown",0.349,0.651,"HIGH"
37,"1","Other/Unknown","Other/Unknown",0.3667,0.6333,"HIGH"
38,"1","Other/Unknown","Other/Unknown",0.3679,0.6321,"HIGH"
39,"1","Other/Unknown","Other/Unknown",0.3632,0.6368,"HIGH"
40,"1","Other/Unknown","Other/Unknown",0.3719,0.6281,"HIGH"
41,"1","Other/Unknown","Other/Unknown",0.3685,0.6315,"HIGH"
42,"1","Other/Unknown","Other/Unknown",0.3701,0.6299,"HIGH"
43,"1","Other/Unknown","Other/Unknown",0.375,0.625,"HIGH"
44,"1","Other/Unknown","Other/Unknown",0.3779,0.6221,"HIGH"
45,"1","Other/Unknown","Other/Unknown",0.3826,0.6174,"HIGH"
46,"1","Other/Unknown","Other/Unknown",0.3797,0.6203,"HIGH"
47,"1","Other/Unknown","Other/Unknown",0.3811,0.6189,"HIGH"
48,"1","Other/Unknown","Other/Unknown",0.3865,0.6135,"HIGH"
49,"1","Other/Unknown","Other/Unknown",0.3979,0.6021,"HIGH"
50,"1","Other/Unknown","Other/Unknown",0.3999,0.6001,"HIGH"
51,"1","Other/Unknown","Other/Unknown",0.4079,0.5921,"HIGH"
52,"1","Other/Unknown","Other/Unknown",0.4129,0.5871,"HIGH"
53,"1","Other/Unknown","Other/Unknown",0.4182,0.5818,"HIGH"
54,"1","Other/Unknown","Other/Unknown",0.4212,0.5788,"HIGH"
55,"1","Other/Unknown","Other/Unknown",0.4184,0.5816,"HIGH"
56,"1","Other/Unknown","Other/Unknown",0.4232,0.5768,"HIGH"
57,"1","Other/Unknown","Other/Unknown",0.4261,0.5739,"HIGH"
58,"1","Other/Unknown","Other/Unknown",0.4287,0.5713,"HIGH"
59,"1","Other/Unknown","Other/Unknown",0.4307,0.5693,"HIGH"
60,"1","Other/Unknown","Other/Unknown",0.4335,0.5665,"HIGH"
61,"1","Other/Unknown","Other/Unknown",0.4335,0.5665,"HIGH"
62,"1","Other/Unknown","Other/Unknown",0.4336,0.5664,"HIGH"
63,"1","Other/Unknown","Other/Unknown",0.4363,0.5637,"HIGH"
64,"1","Other/Unknown","Other/Unknown",0.4404,0.5596,"HIGH"
65,"1","Other/Unknown","Other/Unknown",0.4405,0.5595,"HIGH"
66,"1","Other/Unknown","Other/Unknown",0.4415,0.5585,"HIGH"
67,"1","Other/Unknown","Other/Unknown",0.4436,0.5564,"HIGH"
68,"1","Other/Unknown","Other/Unknown",0.4471,0.5529,"HIGH"
69,"1","Other/Unknown","Other/Unknown",0.4519,0.5481,"HIGH"
70,"1","Other/Unknown","Other/Unknown",0.4532,0.5468,"HIGH"
71,"1","Other/Unknown","Other/Unknown",0.462,0.538,"HIGH"
72,"1","Other/Unknown","Other/Unknown",0.4624,0.5376,"HIGH"
73,"1","Other/Unknown","Other/Unknown",0.4635,0.5365,"HIGH"
74,"1","Other/Unknown","Other/Unknown",0.4676,0.5324,"HIGH"
75,"1","Other/Unknown","Other/Unknown",0.4682,0.5318,"HIGH"
76,"1","Other/Unknown","Other/Unknown",0.4718,0.5282,"HIGH"
77,"1","Other/Unknown","Other/Unknown",0.4729,0.5271,"HIGH"
78,"1","Other/Unknown","Other/Unknown",0.4761,0.5239,"HIGH"
79,"1","Other/Unknown","Other/Unknown",0.478,0.522,"HIGH"
80,"1","Other/Unknown","Other/Unknown",0.4793,0.5207,"HIGH"
81,"1","Other/Unknown","Other/Unknown",0.4845,0.5155,"HIGH"
82,"1","Other/Unknown","Other/Unknown",0.4885,0.5115,"HIGH"
83,"1","Other/Unknown","Other/Unknown",0.4833,0.5167,"HIGH"
84,"1","Other/Unknown","Other/Unknown",0.4934,0.5066,"HIGH"
85,"1","Other/Unknown","Other/Unknown",0.4966,0.5034,"HIGH"
86,"1","Other/Unknown","Other/Unknown",0.5059,0.4941,"LOW"
87,"1","Other/Unknown","Other/Unknown",0.5149,0.4851,"LOW"
88,"1","Other/Unknown","Other/Unknown",0.5339,0.4661,"LOW"
89,"1","Other/Unknown","Other/Unknown",0.5609,0.4391,"LOW"
90,"1","Other/Unknown","Other/Unknown",0.5709,0.4291,"LOW"
91,"1","Other/Unknown","Other/Unknown",0.5709,0.4291,"LOW"
92,"1","Other/Unknown","Other/Unknown",0.5709,0.4291,"LOW"
93,"1","Other/Unknown","Other/Unknown",0.5709,0.4291,"LOW"
94,"1","Other/Unknown","Other/Unknown",0.5709,0.4291,"LOW"
95,"1","Other/Unknown","Other/Unknown",0.5709,0.4291,"LOW"
96,"1","Other/Unknown","Other/Unknown",0.5709,0.4291,"LOW"
97,"1","Other/Unknown","Other/Unknown",0.5709,0.4291,"LOW"
98,"1","Other/Unknown","Other/Unknown",0.5709,0.4291,"LOW"
99,"1","Other/Unknown","Other/Unknown",0.5709,0.4291,"LOW"
0,"2","Other/Unknown","Other/Unknown",0.5684,0.4316,"LOW"
1,"2","Other/Unknown","Other/Unknown",0.5684,0.4316,"LOW"
2,"2","Other/Unknown","Other/Unknown",0.5684,0.4316,"LOW"
3,"2","Other/Unknown","Other/Unknown",0.5684,0.4316,"LOW"
4,"2","Other/Unknown","Other/Unknown",0.5684,0.4316,"LOW"
5,"2","Other/Unknown","Other/Unknown",0.5684,0.4316,"LOW"
6,"2","Other/Unknown","Other/Unknown",0.5684,0.4316,"LOW"
7,"2","Other/Unknown","Other/Unknown",0.5684,0.4316,"LOW"
8,"2","Other/Unknown","Other/Unknown",0.5684,0.4316,"LOW"
9,"2","Other/Unknown","Other/Unknown",0.5684,0.4316,"LOW"
10,"2","Other/Unknown","Other/Unknown",0.5684,0.4316,"LOW"
11,"2","Other/Unknown","Other/Unknown",0.5684,0.4316,"LOW"
12,"2","Other/Unknown","Other/Unknown",0.5684,0.4316,"LOW"
13,"2","Other/Unknown","Other/Unknown",0.5684,0.4316,"LOW"
14,"2","Other/Unknown","Other/Unknown",0.5684,0.4316,"LOW"
15,"2","Other/Unknown","Other/Unknown",0.5684,0.4316,"LOW"
16,"2","Other/Unknown","Other/Unknown",0.5684,0.4316,"LOW"
17,"2","Other/Unknown","Other/Unknown",0.5784,0.4216,"LOW"
18,"2","Other/Unknown","Other/Unknown",0.5844,0.4156,"LOW"
19,"2","Other/Unknown","Other/Unknown",0.5618,0.4382,"LOW"
20,"2","Other/Unknown","Other/Unknown",0.54,0.46,"LOW"
21,"2","Other/Unknown","Other/Unknown",0.5241,0.4759,"LOW"
22,"2","Other/Unknown","Other/Unknown",0.5201,0.4799,"LOW"
23,"2","Other/Unknown","Other/Unknown",0.4512,0.5488,"HIGH"
24,"2","Other/Unknown","Other/Unknown",0.4482,0.5518,"HIGH"
25,"2","Other/Unknown","Other/Unknown",0.4504,0.5496,"HIGH"
26,"2","Other/Unknown","Other/Unknown",0.4347,0.5653,"HIGH"
27,"2","Other/Unknown","Other/Unknown",0.4434,0.5566,"HIGH"
28,"2","Other/Unknown","Other/Unknown",0.4438,0.5562,"HIGH"
29,"2","Other/Unknown","Other/Unknown",0.4463,0.5537,"HIGH"
30,"2","Other/Unknown","Other/Unknown",0.4498,0.5502,"HIGH"
31,"2","Other/Unknown","Other/Unknown",0.4773,0.5227,"HIGH"
32,"2","Other/Unknown","Other/Unknown",0.5089,0.4911,"LOW"
33,"2","Other/Unknown","Other/Unknown",0.5019,0.4981,"LOW"
34,"2","Other/Unknown","Other/Unknown",0.503,0.497,"LOW"
35,"2","Other/Unknown","Other/Unknown",0.4995,0.5005,"HIGH"
36,"2","Other/Unknown","Other/Unknown",0.4933,0.5067,"HIGH"
37,"2","Other/Unknown","Other/Unknown",0.4825,0.5175,"HIGH"
38,"2","Other/Unknown","Other/Unknown",0.4904,0.5096,"HIGH"
39,"2","Other/Unknown","Other/Unknown",0.4952,0.5048,"HIGH"
40,"2","Other/Unknown","Other/Unknown",0.4957,0.5043,"HIGH"
41,"2","Other/Unknown","Other/Unknown",0.5154,0.4846,"LOW"
42,"2","Other/Unknown","Other/Unknown",0.4972,0.5028,"HIGH"
43,"2","Other/Unknown","Other/Unknown",0.4946,0.5054,"HIGH"
44,"2","Other/Unknown","Other/Unknown",0.4931,0.5069,"HIGH"
45,"2","Other/Unknown","Other/Unknown",0.5008,0.4992,"LOW"
46,"2","Other/Unknown","Other/Unknown",0.5095,0.4905,"LOW"
47,"2","Other/Unknown","Other/Unknown",0.4949,0.5051,"HIGH"
48,"2","Other/Unknown","Other/Unknown",0.4981,0.5019,"HIGH"
49,"2","Other/Unknown","Other/Unknown",0.5186,0.4814,"LOW"
50,"2","Other/Unknown","Other/Unknown",0.513,0.487,"LOW"
51,"2","Other/Unknown","Other/Unknown",0.511,0.489,"LOW"
52,"2","Other/Unknown","Other/Unknown",0.5147,0.4853,"LOW"
53,"2","Other/Unknown","Other/Unknown",0.5062,0.4938,"LOW"
54,"2","Other/Unknown","Other/Unknown",0.5151,0.4849,"LOW"
55,"2","Other/Unknown","Other/Unknown",0.5119,0.4881,"LOW"
56,"2","Other/Unknown","Other/Unknown",0.5102,0.4898,"LOW"
57,"2","Other/Unknown","Other/Unknown",0.5088,0.4912,"LOW"
58,"2","Other/Unknown","Other/Unknown",0.5124,0.4876,"LOW"
59,"2","Other/Unknown","Other/Unknown",0.5096,0.4904,"LOW"
60,"2","Other/Unknown","Other/Unknown",0.509,0.491,"LOW"
61,"2","Other/Unknown","Other/Unknown",0.5175,0.4825,"LOW"
62,"2","Other/Unknown","Other/Unknown",0.5179,0.4821,"LOW"
63,"2","Other/Unknown","Other/Unknown",0.5212,0.4788,"LOW"
64,"2","Other/Unknown","Other/Unknown",0.5273,0.4727,"LOW"
65,"2","Other/Unknown","Other/Unknown",0.5271,0.4729,"LOW"
66,"2","Other/Unknown","Other/Unknown",0.5298,0.4702,"LOW"
67,"2","Other/Unknown","Other/Unknown",0.522,0.478,"LOW"
68,"2","Other/Unknown","Other/Unknown",0.5264,0.4736,"LOW"
69,"2","Other/Unknown","Other/Unknown",0.5342,0.4658,"LOW"
70,"2","Other/Unknown","Other/Unknown",0.5403,0.4597,"LOW"
71,"2","Other/Unknown","Other/Unknown",0.5455,0.4545,"LOW"
72,"2","Other/Unknown","Other/Unknown",0.5529,0.4471,"LOW"
73,"2","Other/Unknown","Other/Unknown",0.5521,0.4479,"LOW"
74,"2","Other/Unknown","Other/Unknown",0.5614,0.4386,"LOW"
75,"2","Other/Unknown","Other/Unknown",0.5699,0.4301,"LOW"
76,"2","Other/Unknown","Other/Unknown",0.5751,0.4249,"LOW"
77,"2","Other/Unknown","Other/Unknown",0.5743,0.4257,"LOW"
78,"2","Other/Unknown","Other/Unknown",0.5812,0.4188,"LOW"
79,"2","Other/Unknown","Other/Unknown",0.5845,0.4155,"LOW"
80,"2","Other/Unknown","Other/Unknown",0.5922,0.4078,"LOW"
81,"2","Other/Unknown","Other/Unknown",0.5965,0.4035,"LOW"
82,"2","Other/Unknown","Other/Unknown",0.6016,0.3984,"LOW"
83,"2","Other/Unknown","Other/Unknown",0.6002,0.3998,"LOW"
84,"2","Other/Unknown","Other/Unknown",0.6018,0.3982,"LOW"
85,"2","Other/Unknown","Other/Unknown",0.6191,0.3809,"LOW"
86,"2","Other/Unknown","Other/Unknown",0.6364,0.3636,"LOW"
87,"2","Other/Unknown","Other/Unknown",0.6419,0.3581,"LOW"
88,"2","Other/Unknown","Other/Unknown",0.6601,0.3399,"LOW"
89,"2","Other/Unknown","Other/Unknown",0.6514,0.3486,"LOW"
90,"2","Other/Unknown","Other/Unknown",0.6724,0.3276,"LOW"
91,"2","Other/Unknown","Other/Unknown",0.6724,0.3276,"LOW"
92,"2","Other/Unknown","Other/Unknown",0.6724,0.3276,"LOW"
93,"2","Other/Unknown","Other/Unknown",0.6724,0.3276,"LOW"
94,"2","Other/Unknown","Other/Unknown",0.6724,0.3276,"LOW"
95,"2","Other/Unknown","Other/Unknown",0.6724,0.3276,"LOW"
96,"2","Other/Unknown","Other/Unknown",0.6724,0.3276,"LOW"
97,"2","Other/Unknown","Other/Unknown",0.6724,0.3276,"LOW"
98,"2","Other/Unknown","Other/Unknown",0.6724,0.3276,"LOW"
99,"2","Other/Unknown","Other/Unknown",0.6724,0.3276,"LOW"
0,"1","N0","T1",0.8515,0.1485,"LOW"
1,"1","N0","T1",0.8515,0.1485,"LOW"
2,"1","N0","T1",0.8515,0.1485,"LOW"
3,"1","N0","T1",0.8515,0.1485,"LOW"
4,"1","N0","T1",0.8515,0.1485,"LOW"
5,"1","N0","T1",0.8515,0.1485,"LOW"
6,"1","N0","T1",0.8515,0.1485,"LOW"
7,"1","N0","T1",0.8515,0.1485,"LOW"
8,"1","N0","T1",0.8515,0.1485,"LOW"
9,"1","N0","T1",0.8515,0.1485,"LOW"
10,"1","N0","T1",0.8515,0.1485,"LOW"
11,"1","N0","T1",0.8515,0.1485,"LOW"
12,"1","N0","T1",0.8515,0.1485,"LOW"
13,"1","N0","T1",0.8515,0.1485,"LOW"
14,"1","N0","T1",0.8515,0.1485,"LOW"
15,"1","N0","T1",0.8515,0.1485,"LOW"
16,"1","N0","T1",0.8533,0.1467,"LOW"
17,"1","N0","T1",0.8608,0.1392,"LOW"
18,"1","N0","T1",0.8683,0.1317,"LOW"
19,"1","N0","T1",0.8764,0.1236,"LOW"
20,"1","N0","T1",0.8859,0.1141,"LOW"
21,"1","N0","T1",0.8877,0.1123,"LOW"
22,"1","N0","T1",0.8931,0.1069,"LOW"
23,"1","N0","T1",0.8906,0.1094,"LOW"
24,"1","N0","T1",0.8873,0.1127,"LOW"
25,"1","N0","T1",0.8871,0.1129,"LOW"
26,"1","N0","T1",0.8837,0.1163,"LOW"
27,"1","N0","T1",0.8819,0.1181,"LOW"
28,"1","N0","T1",0.8816,0.1184,"LOW"
29,"1","N0","T1",0.8786,0.1214,"LOW"
30,"1","N0","T1",0.8727,0.1273,"LOW"
31,"1","N0","T1",0.8479,0.1521,"LOW"
32,"1","N0","T1",0.8595,0.1405,"LOW"
33,"1","N0","T1",0.8613,0.1387,"LOW"
34,"1","N0","T1",0.8594,0.1406,"LOW"
35,"1","N0","T1",0.8441,0.1559,"LOW"
36,"1","N0","T1",0.8251,0.1749,"LOW"
37,"1","N0","T1",0.8121,0.1879,"LOW"
38,"1","N0","T1",0.8333,0.1667,"LOW"
39,"1","N0","T1",0.858,0.142,"LOW"
40,"1","N0","T1",0.8578,0.1422,"LOW"
41,"1","N0","T1",0.8487,0.1513,"LOW"
42,"1","N0","T1",0.8569,0.1431,"LOW"
43,"1","N0","T1",0.8636,0.1364,"LOW"
44,"1","N0","T1",0.861,0.139,"LOW"
45,"1","N0","T1",0.882,0.118,"LOW"
46,"1","N0","T1",0.881,0.119,"LOW"
47,"1","N0","T1",0.887,0.113,"LOW"
48,"1","N0","T1",0.8877,0.1123,"LOW"
49,"1","N0","T1",0.8872,0.1128,"LOW"
50,"1","N0","T1",0.8879,0.1121,"LOW"
51,"1","N0","T1",0.8914,0.1086,"LOW"
52,"1","N0","T1",0.8945,0.1055,"LOW"
53,"1","N0","T1",0.8928,0.1072,"LOW"
54,"1","N0","T1",0.892,0.108,"LOW"
55,"1","N0","T1",0.8964,0.1036,"LOW"
56,"1","N0","T1",0.8972,0.1028,"LOW"
57,"1","N0","T1",0.8982,0.1018,"LOW"
58,"1","N0","T1",0.9001,0.0999,"LOW"
59,"1","N0","T1",0.8972,0.1028,"LOW"
60,"1","N0","T1",0.899,0.101,"LOW"
61,"1","N0","T1",0.9019,0.0981,"LOW"
62,"1","N0","T1",0.9006,0.0994,"LOW"
63,"1","N0","T1",0.9019,0.0981,"LOW"
64,"1","N0","T1",0.9045,0.0955,"LOW"
65,"1","N0","T1",0.9057,0.0943,"LOW"
66,"1","N0","T1",0.9073,0.0927,"LOW"
67,"1","N0","T1",0.9089,0.0911,"LOW"
68,"1","N0","T1",0.9095,0.0905,"LOW"
69,"1","N0","T1",0.9109,0.0891,"LOW"
70,"1","N0","T1",0.9132,0.0868,"LOW"
71,"1","N0","T1",0.913,0.087,"LOW"
72,"1","N0","T1",0.915,0.085,"LOW"
73,"1","N0","T1",0.9156,0.0844,"LOW"
74,"1","N0","T1",0.9144,0.0856,"LOW"
75,"1","N0","T1",0.9171,0.0829,"LOW"
76,"1","N0","T1",0.9145,0.0855,"LOW"
77,"1","N0","T1",0.9148,0.0852,"LOW"
78,"1","N0","T1",0.914,0.086,"LOW"
79,"1","N0","T1",0.915,0.085,"LOW"
80,"1","N0","T1",0.9135,0.0865,"LOW"
81,"1","N0","T1",0.9126,0.0874,"LOW"
82,"1","N0","T1",0.9138,0.0862,"LOW"
83,"1","N0","T1",0.912,0.088,"LOW"
84,"1","N0","T1",0.9116,0.0884,"LOW"
85,"1","N0","T1",0.9181,0.0819,"LOW"
86,"1","N0","T1",0.9171,0.0829,"LOW"
87,"1","N0","T1",0.9172,0.0828,"LOW"
88,"1","N0","T1",0.9174,0.0826,"LOW"
89,"1","N0","T1",0.906,0.094,"LOW"
90,"1","N0","T1",0.9136,0.0864,"LOW"
91,"1","N0","T1",0.9136,0.0864,"LOW"
92,"1","N0","T1",0.9136,0.0864,"LOW"
93,"1","N0","T1",0.9136,0.0864,"LOW"
94,"1","N0","T1",0.9136,0.0864,"LOW"
95,"1","N0","T1",0.9136,0.0864,"LOW"
96,"1","N0","T1",0.9136,0.0864,"LOW"
97,"1","N0","T1",0.9136,0.0864,"LOW"
98,"1","N0","T1",0.9136,0.0864,"LOW"
99,"1","N0","T1",0.9136,0.0864,"LOW"
0,"2","N0","T1",0.9226,0.0774,"LOW"
1,"2","N0","T1",0.9226,0.0774,"LOW"
2,"2","N0","T1",0.9226,0.0774,"LOW"
3,"2","N0","T1",0.9226,0.0774,"LOW"
4,"2","N0","T1",0.9226,0.0774,"LOW"
5,"2","N0","T1",0.9226,0.0774,"LOW"
6,"2","N0","T1",0.9226,0.0774,"LOW"
7,"2","N0","T1",0.9226,0.0774,"LOW"
8,"2","N0","T1",0.9226,0.0774,"LOW"
9,"2","N0","T1",0.9226,0.0774,"LOW"
10,"2","N0","T1",0.9226,0.0774,"LOW"
11,"2","N0","T1",0.9226,0.0774,"LOW"
12,"2","N0","T1",0.9226,0.0774,"LOW"
13,"2","N0","T1",0.9226,0.0774,"LOW"
14,"2","N0","T1",0.9226,0.0774,"LOW"
15,"2","N0","T1",0.9226,0.0774,"LOW"
16,"2","N0","T1",0.9244,0.0756,"LOW"
17,"2","N0","T1",0.9302,0.0698,"LOW"
18,"2","N0","T1",0.9342,0.0658,"LOW"
19,"2","N0","T1",0.9401,0.0599,"LOW"
20,"2","N0","T1",0.9437,0.0563,"LOW"
21,"2","N0","T1",0.9437,0.0563,"LOW"
22,"2","N0","T1",0.9495,0.0505,"LOW"
23,"2","N0","T1",0.9493,0.0507,"LOW"
24,"2","N0","T1",0.9473,0.0527,"LOW"
25,"2","N0","T1",0.9492,0.0508,"LOW"
26,"2","N0","T1",0.9489,0.0511,"LOW"
27,"2","N0","T1",0.9488,0.0512,"LOW"
28,"2","N0","T1",0.9493,0.0507,"LOW"
29,"2","N0","T1",0.945,0.055,"LOW"
30,"2","N0","T1",0.9437,0.0563,"LOW"
31,"2","N0","T1",0.9412,0.0588,"LOW"
32,"2","N0","T1",0.943,0.057,"LOW"
33,"2","N0","T1",0.9453,0.0547,"LOW"
34,"2","N0","T1",0.945,0.055,"LOW"
35,"2","N0","T1",0.9409,0.0591,"LOW"
36,"2","N0","T1",0.9416,0.0584,"LOW"
37,"2","N0","T1",0.9403,0.0597,"LOW"
38,"2","N0","T1",0.9401,0.0599,"LOW"
39,"2","N0","T1",0.9388,0.0612,"LOW"
40,"2","N0","T1",0.9368,0.0632,"LOW"
41,"2","N0","T1",0.9345,0.0655,"LOW"
42,"2","N0","T1",0.9282,0.0718,"LOW"
43,"2","N0","T1",0.9282,0.0718,"LOW"
44,"2","N0","T1",0.926,0.074,"LOW"
45,"2","N0","T1",0.9222,0.0778,"LOW"
46,"2","N0","T1",0.9124,0.0876,"LOW"
47,"2","N0","T1",0.9051,0.0949,"LOW"
48,"2","N0","T1",0.9132,0.0868,"LOW"
49,"2","N0","T1",0.9199,0.0801,"LOW"
50,"2","N0","T1",0.9164,0.0836,"LOW"
51,"2","N0","T1",0.9266,0.0734,"LOW"
52,"2","N0","T1",0.9244,0.0756,"LOW"
53,"2","N0","T1",0.92,0.08,"LOW"
54,"2","N0","T1",0.9223,0.0777,"LOW"
55,"2","N0","T1",0.9236,0.0764,"LOW"
56,"2","N0","T1",0.9173,0.0827,"LOW"
57,"2","N0","T1",0.9201,0.0799,"LOW"
58,"2","N0","T1",0.9237,0.0763,"LOW"
59,"2","N0","T1",0.92,0.08,"LOW"
60,"2","N0","T1",0.9205,0.0795,"LOW"
61,"2","N0","T1",0.9235,0.0765,"LOW"
62,"2","N0","T1",0.9208,0.0792,"LOW"
63,"2","N0","T1",0.922,0.078,"LOW"
64,"2","N0","T1",0.9198,0.0802,"LOW"
65,"2","N0","T1",0.9269,0.0731,"LOW"
66,"2","N0","T1",0.9308,0.0692,"LOW"
67,"2","N0","T1",0.9311,0.0689,"LOW"
68,"2","N0","T1",0.9288,0.0712,"LOW"
69,"2","N0","T1",0.9299,0.0701,"LOW"
70,"2","N0","T1",0.9302,0.0698,"LOW"
71,"2","N0","T1",0.9283,0.0717,"LOW"
72,"2","N0","T1",0.9293,0.0707,"LOW"
73,"2","N0","T1",0.9237,0.0763,"LOW"
74,"2","N0","T1",0.9267,0.0733,"LOW"
75,"2","N0","T1",0.9281,0.0719,"LOW"
76,"2","N0","T1",0.929,0.071,"LOW"
77,"2","N0","T1",0.9315,0.0685,"LOW"
78,"2","N0","T1",0.9329,0.0671,"LOW"
79,"2","N0","T1",0.9348,0.0652,"LOW"
80,"2","N0","T1",0.9332,0.0668,"LOW"
81,"2","N0","T1",0.9318,0.0682,"LOW"
82,"2","N0","T1",0.9257,0.0743,"LOW"
83,"2","N0","T1",0.9357,0.0643,"LOW"
84,"2","N0","T1",0.9345,0.0655,"LOW"
85,"2","N0","T1",0.9345,0.0655,"LOW"
86,"2","N0","T1",0.9323,0.0677,"LOW"
87,"2","N0","T1",0.9329,0.0671,"LOW"
88,"2","N0","T1",0.9365,0.0635,"LOW"
89,"2","N0","T1",0.9316,0.0684,"LOW"
90,"2","N0","T1",0.9375,0.0625,"LOW"
91,"2","N0","T1",0.9375,0.0625,"LOW"
92,"2","N0","T1",0.9375,0.0625,"LOW"
93,"2","N0","T1",0.9375,0.0625,"LOW"
94,"2","N0","T1",0.9375,0.0625,"LOW"
95,"2","N0","T1",0.9375,0.0625,"LOW"
96,"2","N0","T1",0.9375,0.0625,"LOW"
97,"2","N0","T1",0.9375,0.0625,"LOW"
98,"2","N0","T1",0.9375,0.0625,"LOW"
99,"2","N0","T1",0.9375,0.0625,"LOW"
0,"1","N1","T1",0.4221,0.5779,"HIGH"
1,"1","N1","T1",0.4221,0.5779,"HIGH"
2,"1","N1","T1",0.4221,0.5779,"HIGH"
3,"1","N1","T1",0.4221,0.5779,"HIGH"
4,"1","N1","T1",0.4221,0.5779,"HIGH"
5,"1","N1","T1",0.4221,0.5779,"HIGH"
6,"1","N1","T1",0.4221,0.5779,"HIGH"
7,"1","N1","T1",0.4221,0.5779,"HIGH"
8,"1","N1","T1",0.4221,0.5779,"HIGH"
9,"1","N1","T1",0.4221,0.5779,"HIGH"
10,"1","N1","T1",0.4221,0.5779,"HIGH"
11,"1","N1","T1",0.4221,0.5779,"HIGH"
12,"1","N1","T1",0.4221,0.5779,"HIGH"
13,"1","N1","T1",0.4221,0.5779,"HIGH"
14,"1","N1","T1",0.4221,0.5779,"HIGH"
15,"1","N1","T1",0.4221,0.5779,"HIGH"
16,"1","N1","T1",0.4262,0.5738,"HIGH"
17,"1","N1","T1",0.4262,0.5738,"HIGH"
18,"1","N1","T1",0.4252,0.5748,"HIGH"
19,"1","N1","T1",0.4252,0.5748,"HIGH"
20,"1","N1","T1",0.4242,0.5758,"HIGH"
21,"1","N1","T1",0.4262,0.5738,"HIGH"
22,"1","N1","T1",0.4565,0.5435,"HIGH"
23,"1","N1","T1",0.4905,0.5095,"HIGH"
24,"1","N1","T1",0.4815,0.5185,"HIGH"
25,"1","N1","T1",0.4676,0.5324,"HIGH"
26,"1","N1","T1",0.4569,0.5431,"HIGH"
27,"1","N1","T1",0.4439,0.5561,"HIGH"
28,"1","N1","T1",0.4378,0.5622,"HIGH"
29,"1","N1","T1",0.4297,0.5703,"HIGH"
30,"1","N1","T1",0.4284,0.5716,"HIGH"
31,"1","N1","T1",0.4455,0.5545,"HIGH"
32,"1","N1","T1",0.4872,0.5128,"HIGH"
33,"1","N1","T1",0.4764,0.5236,"HIGH"
34,"1","N1","T1",0.4469,0.5531,"HIGH"
35,"1","N1","T1",0.4625,0.5375,"HIGH"
36,"1","N1","T1",0.4763,0.5237,"HIGH"
37,"1","N1","T1",0.5012,0.4988,"LOW"
38,"1","N1","T1",0.525,0.475,"LOW"
39,"1","N1","T1",0.4992,0.5008,"HIGH"
40,"1","N1","T1",0.5196,0.4804,"LOW"
41,"1","N1","T1",0.4902,0.5098,"HIGH"
42,"1","N1","T1",0.4998,0.5002,"HIGH"
43,"1","N1","T1",0.5215,0.4785,"LOW"
44,"1","N1","T1",0.4834,0.5166,"HIGH"
45,"1","N1","T1",0.4998,0.5002,"HIGH"
46,"1","N1","T1",0.5123,0.4877,"LOW"
47,"1","N1","T1",0.4949,0.5051,"HIGH"
48,"1","N1","T1",0.4993,0.5007,"HIGH"
49,"1","N1","T1",0.5061,0.4939,"LOW"
50,"1","N1","T1",0.4972,0.5028,"HIGH"
51,"1","N1","T1",0.5009,0.4991,"LOW"
52,"1","N1","T1",0.5069,0.4931,"LOW"
53,"1","N1","T1",0.5104,0.4896,"LOW"
54,"1","N1","T1",0.52,0.48,"LOW"
55,"1","N1","T1",0.5138,0.4862,"LOW"
56,"1","N1","T1",0.5183,0.4817,"LOW"
57,"1","N1","T1",0.5217,0.4783,"LOW"
58,"1","N1","T1",0.5188,0.4812,"LOW"
59,"1","N1","T1",0.5208,0.4792,"LOW"
60,"1","N1","T1",0.5207,0.4793,"LOW"
61,"1","N1","T1",0.5269,0.4731,"LOW"
62,"1","N1","T1",0.527,0.473,"LOW"
63,"1","N1","T1",0.5274,0.4726,"LOW"
64,"1","N1","T1",0.5202,0.4798,"LOW"
65,"1","N1","T1",0.526,0.474,"LOW"
66,"1","N1","T1",0.5268,0.4732,"LOW"
67,"1","N1","T1",0.5296,0.4704,"LOW"
68,"1","N1","T1",0.5188,0.4812,"LOW"
69,"1","N1","T1",0.5272,0.4728,"LOW"
70,"1","N1","T1",0.5296,0.4704,"LOW"
71,"1","N1","T1",0.5252,0.4748,"LOW"
72,"1","N1","T1",0.529,0.471,"LOW"
73,"1","N1","T1",0.5407,0.4593,"LOW"
74,"1","N1","T1",0.5463,0.4537,"LOW"
75,"1","N1","T1",0.5504,0.4496,"LOW"
76,"1","N1","T1",0.5502,0.4498,"LOW"
77,"1","N1","T1",0.5552,0.4448,"LOW"
78,"1","N1","T1",0.5599,0.4401,"LOW"
79,"1","N1","T1",0.5683,0.4317,"LOW"
80,"1","N1","T1",0.568,0.432,"LOW"
81,"1","N1","T1",0.5623,0.4377,"LOW"
82,"1","N1","T1",0.57,0.43,"LOW"
83,"1","N1","T1",0.5662,0.4338,"LOW"
84,"1","N1","T1",0.5613,0.4387,"LOW"
85,"1","N1","T1",0.5705,0.4295,"LOW"
86,"1","N1","T1",0.5701,0.4299,"LOW"
87,"1","N1","T1",0.5811,0.4189,"LOW"
88,"1","N1","T1",0.5432,0.4568,"LOW"
89,"1","N1","T1",0.6017,0.3983,"LOW"
90,"1","N1","T1",0.6128,0.3872,"LOW"
91,"1","N1","T1",0.6128,0.3872,"LOW"
92,"1","N1","T1",0.6128,0.3872,"LOW"
93,"1","N1","T1",0.6128,0.3872,"LOW"
94,"1","N1","T1",0.6128,0.3872,"LOW"
95,"1","N1","T1",0.6128,0.3872,"LOW"
96,"1","N1","T1",0.6128,0.3872,"LOW"
97,"1","N1","T1",0.6128,0.3872,"LOW"
98,"1","N1","T1",0.6128,0.3872,"LOW"
99,"1","N1","T1",0.6128,0.3872,"LOW"
0,"2","N1","T1",0.4041,0.5959,"HIGH"
1,"2","N1","T1",0.4041,0.5959,"HIGH"
2,"2","N1","T1",0.4041,0.5959,"HIGH"
3,"2","N1","T1",0.4041,0.5959,"HIGH"
4,"2","N1","T1",0.4041,0.5959,"HIGH"
5,"2","N1","T1",0.4041,0.5959,"HIGH"
6,"2","N1","T1",0.4041,0.5959,"HIGH"
7,"2","N1","T1",0.4041,0.5959,"HIGH"
8,"2","N1","T1",0.4041,0.5959,"HIGH"
9,"2","N1","T1",0.4041,0.5959,"HIGH"
10,"2","N1","T1",0.4041,0.5959,"HIGH"
11,"2","N1","T1",0.4041,0.5959,"HIGH"
12,"2","N1","T1",0.4041,0.5959,"HIGH"
13,"2","N1","T1",0.4041,0.5959,"HIGH"
14,"2","N1","T1",0.4041,0.5959,"HIGH"
15,"2","N1","T1",0.4041,0.5959,"HIGH"
16,"2","N1","T1",0.4052,0.5948,"HIGH"
17,"2","N1","T1",0.4052,0.5948,"HIGH"
18,"2","N1","T1",0.4052,0.5948,"HIGH"
19,"2","N1","T1",0.4052,0.5948,"HIGH"
20,"2","N1","T1",0.4052,0.5948,"HIGH"
21,"2","N1","T1",0.4072,0.5928,"HIGH"
22,"2","N1","T1",0.4247,0.5753,"HIGH"
23,"2","N1","T1",0.4409,0.5591,"HIGH"
24,"2","N1","T1",0.4329,0.5671,"HIGH"
25,"2","N1","T1",0.4299,0.5701,"HIGH"
26,"2","N1","T1",0.4255,0.5745,"HIGH"
27,"2","N1","T1",0.4148,0.5852,"HIGH"
28,"2","N1","T1",0.4109,0.5891,"HIGH"
29,"2","N1","T1",0.4038,0.5962,"HIGH"
30,"2","N1","T1",0.4083,0.5917,"HIGH"
31,"2","N1","T1",0.4219,0.5781,"HIGH"
32,"2","N1","T1",0.4325,0.5675,"HIGH"
33,"2","N1","T1",0.43,0.57,"HIGH"
34,"2","N1","T1",0.4242,0.5758,"HIGH"
35,"2","N1","T1",0.4368,0.5632,"HIGH"
36,"2","N1","T1",0.4535,0.5465,"HIGH"
37,"2","N1","T1",0.4799,0.5201,"HIGH"
38,"2","N1","T1",0.4969,0.5031,"HIGH"
39,"2","N1","T1",0.5035,0.4965,"LOW"
40,"2","N1","T1",0.5466,0.4534,"LOW"
41,"2","N1","T1",0.5738,0.4262,"LOW"
42,"2","N1","T1",0.6148,0.3852,"LOW"
43,"2","N1","T1",0.615,0.385,"LOW"
44,"2","N1","T1",0.574,0.426,"LOW"
45,"2","N1","T1",0.6019,0.3981,"LOW"
46,"2","N1","T1",0.6033,0.3967,"LOW"
47,"2","N1","T1",0.5978,0.4022,"LOW"
48,"2","N1","T1",0.5864,0.4136,"LOW"
49,"2","N1","T1",0.5739,0.4261,"LOW"
50,"2","N1","T1",0.5703,0.4297,"LOW"
51,"2","N1","T1",0.5892,0.4108,"LOW"
52,"2","N1","T1",0.5909,0.4091,"LOW"
53,"2","N1","T1",0.6049,0.3951,"LOW"
54,"2","N1","T1",0.6099,0.3901,"LOW"
55,"2","N1","T1",0.5924,0.4076,"LOW"
56,"2","N1","T1",0.5896,0.4104,"LOW"
57,"2","N1","T1",0.5657,0.4343,"LOW"
58,"2","N1","T1",0.5701,0.4299,"LOW"
59,"2","N1","T1",0.5888,0.4112,"LOW"
60,"2","N1","T1",0.5911,0.4089,"LOW"
61,"2","N1","T1",0.5918,0.4082,"LOW"
62,"2","N1","T1",0.5983,0.4017,"LOW"
63,"2","N1","T1",0.6008,0.3992,"LOW"
64,"2","N1","T1",0.5966,0.4034,"LOW"
65,"2","N1","T1",0.6124,0.3876,"LOW"
66,"2","N1","T1",0.6151,0.3849,"LOW"
67,"2","N1","T1",0.6125,0.3875,"LOW"
68,"2","N1","T1",0.6053,0.3947,"LOW"
69,"2","N1","T1",0.6116,0.3884,"LOW"
70,"2","N1","T1",0.6125,0.3875,"LOW"
71,"2","N1","T1",0.6113,0.3887,"LOW"
72,"2","N1","T1",0.6254,0.3746,"LOW"
73,"2","N1","T1",0.6211,0.3789,"LOW"
74,"2","N1","T1",0.6304,0.3696,"LOW"
75,"2","N1","T1",0.604,0.396,"LOW"
76,"2","N1","T1",0.6346,0.3654,"LOW"
77,"2","N1","T1",0.6314,0.3686,"LOW"
78,"2","N1","T1",0.6306,0.3694,"LOW"
79,"2","N1","T1",0.6506,0.3494,"LOW"
80,"2","N1","T1",0.6514,0.3486,"LOW"
81,"2","N1","T1",0.6663,0.3337,"LOW"
82,"2","N1","T1",0.6569,0.3431,"LOW"
83,"2","N1","T1",0.6507,0.3493,"LOW"
84,"2","N1","T1",0.6513,0.3487,"LOW"
85,"2","N1","T1",0.6311,0.3689,"LOW"
86,"2","N1","T1",0.6771,0.3229,"LOW"
87,"2","N1","T1",0.6659,0.3341,"LOW"
88,"2","N1","T1",0.667,0.333,"LOW"
89,"2","N1","T1",0.6598,0.3402,"LOW"
90,"2","N1","T1",0.6666,0.3334,"LOW"
91,"2","N1","T1",0.6666,0.3334,"LOW"
92,"2","N1","T1",0.6666,0.3334,"LOW"
93,"2","N1","T1",0.6666,0.3334,"LOW"
94,"2","N1","T1",0.6666,0.3334,"LOW"
95,"2","N1","T1",0.6666,0.3334,"LOW"
96,"2","N1","T1",0.6666,0.3334,"LOW"
97,"2","N1","T1",0.6666,0.3334,"LOW"
98,"2","N1","T1",0.6666,0.3334,"LOW"
99,"2","N1","T1",0.6666,0.3334,"LOW"
0,"1","N2","T1",0.3362,0.6638,"HIGH"
1,"1","N2","T1",0.3362,0.6638,"HIGH"
2,"1","N2","T1",0.3362,0.6638,"HIGH"
3,"1","N2","T1",0.3362,0.6638,"HIGH"
4,"1","N2","T1",0.3362,0.6638,"HIGH"
5,"1","N2","T1",0.3362,0.6638,"HIGH"
6,"1","N2","T1",0.3362,0.6638,"HIGH"
7,"1","N2","T1",0.3362,0.6638,"HIGH"
8,"1","N2","T1",0.3362,0.6638,"HIGH"
9,"1","N2","T1",0.3362,0.6638,"HIGH"
10,"1","N2","T1",0.3362,0.6638,"HIGH"
11,"1","N2","T1",0.3362,0.6638,"HIGH"
12,"1","N2","T1",0.3362,0.6638,"HIGH"
13,"1","N2","T1",0.3362,0.6638,"HIGH"
14,"1","N2","T1",0.3362,0.6638,"HIGH"
15,"1","N2","T1",0.3362,0.6638,"HIGH"
16,"1","N2","T1",0.3362,0.6638,"HIGH"
17,"1","N2","T1",0.3362,0.6638,"HIGH"
18,"1","N2","T1",0.3362,0.6638,"HIGH"
19,"1","N2","T1",0.3362,0.6638,"HIGH"
20,"1","N2","T1",0.3373,0.6627,"HIGH"
21,"1","N2","T1",0.3373,0.6627,"HIGH"
22,"1","N2","T1",0.3373,0.6627,"HIGH"
23,"1","N2","T1",0.3348,0.6652,"HIGH"
24,"1","N2","T1",0.3288,0.6712,"HIGH"
25,"1","N2","T1",0.3298,0.6702,"HIGH"
26,"1","N2","T1",0.3298,0.6702,"HIGH"
27,"1","N2","T1",0.3331,0.6669,"HIGH"
28,"1","N2","T1",0.3328,0.6672,"HIGH"
29,"1","N2","T1",0.3466,0.6534,"HIGH"
30,"1","N2","T1",0.3632,0.6368,"HIGH"
31,"1","N2","T1",0.3805,0.6195,"HIGH"
32,"1","N2","T1",0.3877,0.6123,"HIGH"
33,"1","N2","T1",0.4023,0.5977,"HIGH"
34,"1","N2","T1",0.4111,0.5889,"HIGH"
35,"1","N2","T1",0.4246,0.5754,"HIGH"
36,"1","N2","T1",0.4285,0.5715,"HIGH"
37,"1","N2","T1",0.4409,0.5591,"HIGH"
38,"1","N2","T1",0.4503,0.5497,"HIGH"
39,"1","N2","T1",0.47,0.53,"HIGH"
40,"1","N2","T1",0.4932,0.5068,"HIGH"
41,"1","N2","T1",0.5088,0.4912,"LOW"
42,"1","N2","T1",0.5257,0.4743,"LOW"
43,"1","N2","T1",0.4997,0.5003,"HIGH"
44,"1","N2","T1",0.5022,0.4978,"LOW"
45,"1","N2","T1",0.5407,0.4593,"LOW"
46,"1","N2","T1",0.563,0.437,"LOW"
47,"1","N2","T1",0.5929,0.4071,"LOW"
48,"1","N2","T1",0.5614,0.4386,"LOW"
49,"1","N2","T1",0.5682,0.4318,"LOW"
50,"1","N2","T1",0.5852,0.4148,"LOW"
51,"1","N2","T1",0.5744,0.4256,"LOW"
52,"1","N2","T1",0.5932,0.4068,"LOW"
53,"1","N2","T1",0.6191,0.3809,"LOW"
54,"1","N2","T1",0.6261,0.3739,"LOW"
55,"1","N2","T1",0.6056,0.3944,"LOW"
56,"1","N2","T1",0.5905,0.4095,"LOW"
57,"1","N2","T1",0.5989,0.4011,"LOW"
58,"1","N2","T1",0.5908,0.4092,"LOW"
59,"1","N2","T1",0.5966,0.4034,"LOW"
60,"1","N2","T1",0.5921,0.4079,"LOW"
61,"1","N2","T1",0.5902,0.4098,"LOW"
62,"1","N2","T1",0.5805,0.4195,"LOW"
63,"1","N2","T1",0.5855,0.4145,"LOW"
64,"1","N2","T1",0.5846,0.4154,"LOW"
65,"1","N2","T1",0.6044,0.3956,"LOW"
66,"1","N2","T1",0.605,0.395,"LOW"
67,"1","N2","T1",0.6193,0.3807,"LOW"
68,"1","N2","T1",0.5994,0.4006,"LOW"
69,"1","N2","T1",0.6012,0.3988,"LOW"
70,"1","N2","T1",0.5867,0.4133,"LOW"
71,"1","N2","T1",0.5951,0.4049,"LOW"
72,"1","N2","T1",0.5895,0.4105,"LOW"
73,"1","N2","T1",0.5924,0.4076,"LOW"
74,"1","N2","T1",0.5884,0.4116,"LOW"
75,"1","N2","T1",0.5843,0.4157,"LOW"
76,"1","N2","T1",0.5677,0.4323,"LOW"
77,"1","N2","T1",0.5841,0.4159,"LOW"
78,"1","N2","T1",0.6258,0.3742,"LOW"
79,"1","N2","T1",0.6144,0.3856,"LOW"
80,"1","N2","T1",0.6,0.4,"LOW"
81,"1","N2","T1",0.641,0.359,"LOW"
82,"1","N2","T1",0.6533,0.3467,"LOW"
83,"1","N2","T1",0.6514,0.3486,"LOW"
84,"1","N2","T1",0.6443,0.3557,"LOW"
85,"1","N2","T1",0.5542,0.4458,"LOW"
86,"1","N2","T1",0.5567,0.4433,"LOW"
87,"1","N2","T1",0.621,0.379,"LOW"
88,"1","N2","T1",0.5993,0.4007,"LOW"
89,"1","N2","T1",0.5143,0.4857,"LOW"
90,"1","N2","T1",0.4713,0.5287,"HIGH"
91,"1","N2","T1",0.4713,0.5287,"HIGH"
92,"1","N2","T1",0.4713,0.5287,"HIGH"
93,"1","N2","T1",0.4713,0.5287,"HIGH"
94,"1","N2","T1",0.4713,0.5287,"HIGH"
95,"1","N2","T1",0.4713,0.5287,"HIGH"
96,"1","N2","T1",0.4713,0.5287,"HIGH"
97,"1","N2","T1",0.4713,0.5287,"HIGH"
98,"1","N2","T1",0.4713,0.5287,"HIGH"
99,"1","N2","T1",0.4713,0.5287,"HIGH"
0,"2","N2","T1",0.3622,0.6378,"HIGH"
1,"2","N2","T1",0.3622,0.6378,"HIGH"
2,"2","N2","T1",0.3622,0.6378,"HIGH"
3,"2","N2","T1",0.3622,0.6378,"HIGH"
4,"2","N2","T1",0.3622,0.6378,"HIGH"
5,"2","N2","T1",0.3622,0.6378,"HIGH"
6,"2","N2","T1",0.3622,0.6378,"HIGH"
7,"2","N2","T1",0.3622,0.6378,"HIGH"
8,"2","N2","T1",0.3622,0.6378,"HIGH"
9,"2","N2","T1",0.3622,0.6378,"HIGH"
10,"2","N2","T1",0.3622,0.6378,"HIGH"
11,"2","N2","T1",0.3622,0.6378,"HIGH"
12,"2","N2","T1",0.3622,0.6378,"HIGH"
13,"2","N2","T1",0.3622,0.6378,"HIGH"
14,"2","N2","T1",0.3622,0.6378,"HIGH"
15,"2","N2","T1",0.3622,0.6378,"HIGH"
16,"2","N2","T1",0.3622,0.6378,"HIGH"
17,"2","N2","T1",0.3622,0.6378,"HIGH"
18,"2","N2","T1",0.3622,0.6378,"HIGH"
19,"2","N2","T1",0.3622,0.6378,"HIGH"
20,"2","N2","T1",0.3622,0.6378,"HIGH"
21,"2","N2","T1",0.3622,0.6378,"HIGH"
22,"2","N2","T1",0.3622,0.6378,"HIGH"
23,"2","N2","T1",0.3597,0.6403,"HIGH"
24,"2","N2","T1",0.3577,0.6423,"HIGH"
25,"2","N2","T1",0.362,0.638,"HIGH"
26,"2","N2","T1",0.367,0.633,"HIGH"
27,"2","N2","T1",0.3752,0.6248,"HIGH"
28,"2","N2","T1",0.3805,0.6195,"HIGH"
29,"2","N2","T1",0.3881,0.6119,"HIGH"
30,"2","N2","T1",0.398,0.602,"HIGH"
31,"2","N2","T1",0.406,0.594,"HIGH"
32,"2","N2","T1",0.4171,0.5829,"HIGH"
33,"2","N2","T1",0.4275,0.5725,"HIGH"
34,"2","N2","T1",0.4332,0.5668,"HIGH"
35,"2","N2","T1",0.4373,0.5627,"HIGH"
36,"2","N2","T1",0.4421,0.5579,"HIGH"
37,"2","N2","T1",0.4489,0.5511,"HIGH"
38,"2","N2","T1",0.4546,0.5454,"HIGH"
39,"2","N2","T1",0.4649,0.5351,"HIGH"
40,"2","N2","T1",0.4869,0.5131,"HIGH"
41,"2","N2","T1",0.5058,0.4942,"LOW"
42,"2","N2","T1",0.517,0.483,"LOW"
43,"2","N2","T1",0.5218,0.4782,"LOW"
44,"2","N2","T1",0.5347,0.4653,"LOW"
45,"2","N2","T1",0.5581,0.4419,"LOW"
46,"2","N2","T1",0.5731,0.4269,"LOW"
47,"2","N2","T1",0.5649,0.4351,"LOW"
48,"2","N2","T1",0.6242,0.3758,"LOW"
49,"2","N2","T1",0.6457,0.3543,"LOW"
50,"2","N2","T1",0.6564,0.3436,"LOW"
51,"2","N2","T1",0.6651,0.3349,"LOW"
52,"2","N2","T1",0.667,0.333,"LOW"
53,"2","N2","T1",0.6567,0.3433,"LOW"
54,"2","N2","T1",0.6458,0.3542,"LOW"
55,"2","N2","T1",0.5962,0.4038,"LOW"
56,"2","N2","T1",0.5875,0.4125,"LOW"
57,"2","N2","T1",0.5625,0.4375,"LOW"
58,"2","N2","T1",0.5609,0.4391,"LOW"
59,"2","N2","T1",0.5733,0.4267,"LOW"
60,"2","N2","T1",0.5686,0.4314,"LOW"
61,"2","N2","T1",0.5543,0.4457,"LOW"
62,"2","N2","T1",0.5722,0.4278,"LOW"
63,"2","N2","T1",0.5812,0.4188,"LOW"
64,"2","N2","T1",0.5824,0.4176,"LOW"
65,"2","N2","T1",0.5926,0.4074,"LOW"
66,"2","N2","T1",0.5902,0.4098,"LOW"
67,"2","N2","T1",0.6242,0.3758,"LOW"
68,"2","N2","T1",0.6252,0.3748,"LOW"
69,"2","N2","T1",0.6204,0.3796,"LOW"
70,"2","N2","T1",0.6363,0.3637,"LOW"
71,"2","N2","T1",0.6266,0.3734,"LOW"
72,"2","N2","T1",0.6204,0.3796,"LOW"
73,"2","N2","T1",0.6286,0.3714,"LOW"
74,"2","N2","T1",0.6216,0.3784,"LOW"
75,"2","N2","T1",0.6076,0.3924,"LOW"
76,"2","N2","T1",0.6,0.4,"LOW"
77,"2","N2","T1",0.5974,0.4026,"LOW"
78,"2","N2","T1",0.614,0.386,"LOW"
79,"2","N2","T1",0.592,0.408,"LOW"
80,"2","N2","T1",0.5736,0.4264,"LOW"
81,"2","N2","T1",0.6154,0.3846,"LOW"
82,"2","N2","T1",0.6444,0.3556,"LOW"
83,"2","N2","T1",0.6561,0.3439,"LOW"
84,"2","N2","T1",0.6414,0.3586,"LOW"
85,"2","N2","T1",0.6254,0.3746,"LOW"
86,"2","N2","T1",0.5897,0.4103,"LOW"
87,"2","N2","T1",0.5608,0.4392,"LOW"
88,"2","N2","T1",0.6264,0.3736,"LOW"
89,"2","N2","T1",0.5886,0.4114,"LOW"
90,"2","N2","T1",0.5688,0.4312,"LOW"
91,"2","N2","T1",0.5688,0.4312,"LOW"
92,"2","N2","T1",0.5688,0.4312,"LOW"
93,"2","N2","T1",0.5688,0.4312,"LOW"
94,"2","N2","T1",0.5688,0.4312,"LOW"
95,"2","N2","T1",0.5688,0.4312,"LOW"
96,"2","N2","T1",0.5688,0.4312,"LOW"
97,"2","N2","T1",0.5688,0.4312,"LOW"
98,"2","N2","T1",0.5688,0.4312,"LOW"
99,"2","N2","T1",0.5688,0.4312,"LOW"
0,"1","N3","T1",0.1495,0.8505,"HIGH"
1,"1","N3","T1",0.1495,0.8505,"HIGH"
2,"1","N3","T1",0.1495,0.8505,"HIGH"
3,"1","N3","T1",0.1495,0.8505,"HIGH"
4,"1","N3","T1",0.1495,0.8505,"HIGH"
5,"1","N3","T1",0.1495,0.8505,"HIGH"
6,"1","N3","T1",0.1495,0.8505,"HIGH"
7,"1","N3","T1",0.1495,0.8505,"HIGH"
8,"1","N3","T1",0.1495,0.8505,"HIGH"
9,"1","N3","T1",0.1495,0.8505,"HIGH"
10,"1","N3","T1",0.1495,0.8505,"HIGH"
11,"1","N3","T1",0.1495,0.8505,"HIGH"
12,"1","N3","T1",0.1495,0.8505,"HIGH"
13,"1","N3","T1",0.1495,0.8505,"HIGH"
14,"1","N3","T1",0.1495,0.8505,"HIGH"
15,"1","N3","T1",0.1495,0.8505,"HIGH"
16,"1","N3","T1",0.1495,0.8505,"HIGH"
17,"1","N3","T1",0.1495,0.8505,"HIGH"
18,"1","N3","T1",0.1495,0.8505,"HIGH"
19,"1","N3","T1",0.1495,0.8505,"HIGH"
20,"1","N3","T1",0.1475,0.8525,"HIGH"
21,"1","N3","T1",0.1475,0.8525,"HIGH"
22,"1","N3","T1",0.1475,0.8525,"HIGH"
23,"1","N3","T1",0.1439,0.8561,"HIGH"
24,"1","N3","T1",0.1439,0.8561,"HIGH"
25,"1","N3","T1",0.144,0.856,"HIGH"
26,"1","N3","T1",0.1452,0.8548,"HIGH"
27,"1","N3","T1",0.1457,0.8543,"HIGH"
28,"1","N3","T1",0.1462,0.8538,"HIGH"
29,"1","N3","T1",0.147,0.853,"HIGH"
30,"1","N3","T1",0.1484,0.8516,"HIGH"
31,"1","N3","T1",0.1519,0.8481,"HIGH"
32,"1","N3","T1",0.1533,0.8467,"HIGH"
33,"1","N3","T1",0.1573,0.8427,"HIGH"
34,"1","N3","T1",0.167,0.833,"HIGH"
35,"1","N3","T1",0.1721,0.8279,"HIGH"
36,"1","N3","T1",0.1757,0.8243,"HIGH"
37,"1","N3","T1",0.1758,0.8242,"HIGH"
38,"1","N3","T1",0.1839,0.8161,"HIGH"
39,"1","N3","T1",0.1885,0.8115,"HIGH"
40,"1","N3","T1",0.1954,0.8046,"HIGH"
41,"1","N3","T1",0.2009,0.7991,"HIGH"
42,"1","N3","T1",0.2317,0.7683,"HIGH"
43,"1","N3","T1",0.2506,0.7494,"HIGH"
44,"1","N3","T1",0.2817,0.7183,"HIGH"
45,"1","N3","T1",0.2734,0.7266,"HIGH"
46,"1","N3","T1",0.2615,0.7385,"HIGH"
47,"1","N3","T1",0.2253,0.7747,"HIGH"
48,"1","N3","T1",0.198,0.802,"HIGH"
49,"1","N3","T1",0.1953,0.8047,"HIGH"
50,"1","N3","T1",0.2018,0.7982,"HIGH"
51,"1","N3","T1",0.2258,0.7742,"HIGH"
52,"1","N3","T1",0.2094,0.7906,"HIGH"
53,"1","N3","T1",0.2243,0.7757,"HIGH"
54,"1","N3","T1",0.2441,0.7559,"HIGH"
55,"1","N3","T1",0.2177,0.7823,"HIGH"
56,"1","N3","T1",0.2111,0.7889,"HIGH"
57,"1","N3","T1",0.2117,0.7883,"HIGH"
58,"1","N3","T1",0.2207,0.7793,"HIGH"
59,"1","N3","T1",0.23,0.77,"HIGH"
60,"1","N3","T1",0.2225,0.7775,"HIGH"
61,"1","N3","T1",0.2298,0.7702,"HIGH"
62,"1","N3","T1",0.2397,0.7603,"HIGH"
63,"1","N3","T1",0.2517,0.7483,"HIGH"
64,"1","N3","T1",0.2807,0.7193,"HIGH"
65,"1","N3","T1",0.2605,0.7395,"HIGH"
66,"1","N3","T1",0.3024,0.6976,"HIGH"
67,"1","N3","T1",0.3039,0.6961,"HIGH"
68,"1","N3","T1",0.287,0.713,"HIGH"
69,"1","N3","T1",0.2862,0.7138,"HIGH"
70,"1","N3","T1",0.2798,0.7202,"HIGH"
71,"1","N3","T1",0.2761,0.7239,"HIGH"
72,"1","N3","T1",0.2501,0.7499,"HIGH"
73,"1","N3","T1",0.2452,0.7548,"HIGH"
74,"1","N3","T1",0.2368,0.7632,"HIGH"
75,"1","N3","T1",0.2311,0.7689,"HIGH"
76,"1","N3","T1",0.2313,0.7687,"HIGH"
77,"1","N3","T1",0.247,0.753,"HIGH"
78,"1","N3","T1",0.235,0.765,"HIGH"
79,"1","N3","T1",0.2488,0.7512,"HIGH"
80,"1","N3","T1",0.2401,0.7599,"HIGH"
81,"1","N3","T1",0.2418,0.7582,"HIGH"
82,"1","N3","T1",0.2682,0.7318,"HIGH"
83,"1","N3","T1",0.2759,0.7241,"HIGH"
84,"1","N3","T1",0.3019,0.6981,"HIGH"
85,"1","N3","T1",0.2913,0.7087,"HIGH"
86,"1","N3","T1",0.2718,0.7282,"HIGH"
87,"1","N3","T1",0.2909,0.7091,"HIGH"
88,"1","N3","T1",0.3076,0.6924,"HIGH"
89,"1","N3","T1",0.3234,0.6766,"HIGH"
90,"1","N3","T1",0.3283,0.6717,"HIGH"
91,"1","N3","T1",0.3283,0.6717,"HIGH"
92,"1","N3","T1",0.3283,0.6717,"HIGH"
93,"1","N3","T1",0.3283,0.6717,"HIGH"
94,"1","N3","T1",0.3283,0.6717,"HIGH"
95,"1","N3","T1",0.3283,0.6717,"HIGH"
96,"1","N3","T1",0.3283,0.6717,"HIGH"
97,"1","N3","T1",0.3283,0.6717,"HIGH"
98,"1","N3","T1",0.3283,0.6717,"HIGH"
99,"1","N3","T1",0.3283,0.6717,"HIGH"
0,"2","N3","T1",0.3443,0.6557,"HIGH"
1,"2","N3","T1",0.3443,0.6557,"HIGH"
2,"2","N3","T1",0.3443,0.6557,"HIGH"
3,"2","N3","T1",0.3443,0.6557,"HIGH"
4,"2","N3","T1",0.3443,0.6557,"HIGH"
5,"2","N3","T1",0.3443,0.6557,"HIGH"
6,"2","N3","T1",0.3443,0.6557,"HIGH"
7,"2","N3","T1",0.3443,0.6557,"HIGH"
8,"2","N3","T1",0.3443,0.6557,"HIGH"
9,"2","N3","T1",0.3443,0.6557,"HIGH"
10,"2","N3","T1",0.3443,0.6557,"HIGH"
11,"2","N3","T1",0.3443,0.6557,"HIGH"
12,"2","N3","T1",0.3443,0.6557,"HIGH"
13,"2","N3","T1",0.3443,0.6557,"HIGH"
14,"2","N3","T1",0.3443,0.6557,"HIGH"
15,"2","N3","T1",0.3443,0.6557,"HIGH"
16,"2","N3","T1",0.3443,0.6557,"HIGH"
17,"2","N3","T1",0.3443,0.6557,"HIGH"
18,"2","N3","T1",0.3443,0.6557,"HIGH"
19,"2","N3","T1",0.3443,0.6557,"HIGH"
20,"2","N3","T1",0.3407,0.6593,"HIGH"
21,"2","N3","T1",0.3397,0.6603,"HIGH"
22,"2","N3","T1",0.3365,0.6635,"HIGH"
23,"2","N3","T1",0.3328,0.6672,"HIGH"
24,"2","N3","T1",0.3301,0.6699,"HIGH"
25,"2","N3","T1",0.3264,0.6736,"HIGH"
26,"2","N3","T1",0.3244,0.6756,"HIGH"
27,"2","N3","T1",0.3165,0.6835,"HIGH"
28,"2","N3","T1",0.3165,0.6835,"HIGH"
29,"2","N3","T1",0.3135,0.6865,"HIGH"
30,"2","N3","T1",0.3111,0.6889,"HIGH"
31,"2","N3","T1",0.3121,0.6879,"HIGH"
32,"2","N3","T1",0.3101,0.6899,"HIGH"
33,"2","N3","T1",0.3076,0.6924,"HIGH"
34,"2","N3","T1",0.3073,0.6927,"HIGH"
35,"2","N3","T1",0.3074,0.6926,"HIGH"
36,"2","N3","T1",0.3081,0.6919,"HIGH"
37,"2","N3","T1",0.3092,0.6908,"HIGH"
38,"2","N3","T1",0.3106,0.6894,"HIGH"
39,"2","N3","T1",0.3125,0.6875,"HIGH"
40,"2","N3","T1",0.3213,0.6787,"HIGH"
41,"2","N3","T1",0.328,0.672,"HIGH"
42,"2","N3","T1",0.3309,0.6691,"HIGH"
43,"2","N3","T1",0.3356,0.6644,"HIGH"
44,"2","N3","T1",0.3414,0.6586,"HIGH"
45,"2","N3","T1",0.3359,0.6641,"HIGH"
46,"2","N3","T1",0.3346,0.6654,"HIGH"
47,"2","N3","T1",0.3261,0.6739,"HIGH"
48,"2","N3","T1",0.3153,0.6847,"HIGH"
49,"2","N3","T1",0.3128,0.6872,"HIGH"
50,"2","N3","T1",0.3572,0.6428,"HIGH"
51,"2","N3","T1",0.405,0.595,"HIGH"
52,"2","N3","T1",0.3731,0.6269,"HIGH"
53,"2","N3","T1",0.3445,0.6555,"HIGH"
54,"2","N3","T1",0.309,0.691,"HIGH"
55,"2","N3","T1",0.2898,0.7102,"HIGH"
56,"2","N3","T1",0.3228,0.6772,"HIGH"
57,"2","N3","T1",0.3414,0.6586,"HIGH"
58,"2","N3","T1",0.3679,0.6321,"HIGH"
59,"2","N3","T1",0.3616,0.6384,"HIGH"
60,"2","N3","T1",0.3217,0.6783,"HIGH"
61,"2","N3","T1",0.3171,0.6829,"HIGH"
62,"2","N3","T1",0.3252,0.6748,"HIGH"
63,"2","N3","T1",0.3441,0.6559,"HIGH"
64,"2","N3","T1",0.3873,0.6127,"HIGH"
65,"2","N3","T1",0.4175,0.5825,"HIGH"
66,"2","N3","T1",0.462,0.538,"HIGH"
67,"2","N3","T1",0.432,0.568,"HIGH"
68,"2","N3","T1",0.4551,0.5449,"HIGH"
69,"2","N3","T1",0.475,0.525,"HIGH"
70,"2","N3","T1",0.4799,0.5201,"HIGH"
71,"2","N3","T1",0.4693,0.5307,"HIGH"
72,"2","N3","T1",0.4632,0.5368,"HIGH"
73,"2","N3","T1",0.4476,0.5524,"HIGH"
74,"2","N3","T1",0.4348,0.5652,"HIGH"
75,"2","N3","T1",0.3796,0.6204,"HIGH"
76,"2","N3","T1",0.3571,0.6429,"HIGH"
77,"2","N3","T1",0.363,0.637,"HIGH"
78,"2","N3","T1",0.3579,0.6421,"HIGH"
79,"2","N3","T1",0.3609,0.6391,"HIGH"
80,"2","N3","T1",0.3685,0.6315,"HIGH"
81,"2","N3","T1",0.3797,0.6203,"HIGH"
82,"2","N3","T1",0.3917,0.6083,"HIGH"
83,"2","N3","T1",0.4844,0.5156,"HIGH"
84,"2","N3","T1",0.5051,0.4949,"LOW"
85,"2","N3","T1",0.5259,0.4741,"LOW"
86,"2","N3","T1",0.5227,0.4773,"LOW"
87,"2","N3","T1",0.5324,0.4676,"LOW"
88,"2","N3","T1",0.5279,0.4721,"LOW"
89,"2","N3","T1",0.5314,0.4686,"LOW"
90,"2","N3","T1",0.5328,0.4672,"LOW"
91,"2","N3","T1",0.5328,0.4672,"LOW"
92,"2","N3","T1",0.5328,0.4672,"LOW"
93,"2","N3","T1",0.5328,0.4672,"LOW"
94,"2","N3","T1",0.5328,0.4672,"LOW"
95,"2","N3","T1",0.5328,0.4672,"LOW"
96,"2","N3","T1",0.5328,0.4672,"LOW"
97,"2","N3","T1",0.5328,0.4672,"LOW"
98,"2","N3","T1",0.5328,0.4672,"LOW"
99,"2","N3","T1",0.5328,0.4672,"LOW"
0,"1","Other/Unknown","T1",0.5162,0.4838,"LOW"
1,"1","Other/Unknown","T1",0.5162,0.4838,"LOW"
2,"1","Other/Unknown","T1",0.5162,0.4838,"LOW"
3,"1","Other/Unknown","T1",0.5162,0.4838,"LOW"
4,"1","Other/Unknown","T1",0.5162,0.4838,"LOW"
5,"1","Other/Unknown","T1",0.5162,0.4838,"LOW"
6,"1","Other/Unknown","T1",0.5162,0.4838,"LOW"
7,"1","Other/Unknown","T1",0.5162,0.4838,"LOW"
8,"1","Other/Unknown","T1",0.5162,0.4838,"LOW"
9,"1","Other/Unknown","T1",0.5162,0.4838,"LOW"
10,"1","Other/Unknown","T1",0.5162,0.4838,"LOW"
11,"1","Other/Unknown","T1",0.5162,0.4838,"LOW"
12,"1","Other/Unknown","T1",0.5162,0.4838,"LOW"
13,"1","Other/Unknown","T1",0.5162,0.4838,"LOW"
14,"1","Other/Unknown","T1",0.5162,0.4838,"LOW"
15,"1","Other/Unknown","T1",0.5162,0.4838,"LOW"
16,"1","Other/Unknown","T1",0.5162,0.4838,"LOW"
17,"1","Other/Unknown","T1",0.5162,0.4838,"LOW"
18,"1","Other/Unknown","T1",0.5162,0.4838,"LOW"
19,"1","Other/Unknown","T1",0.5162,0.4838,"LOW"
20,"1","Other/Unknown","T1",0.5162,0.4838,"LOW"
21,"1","Other/Unknown","T1",0.5162,0.4838,"LOW"
22,"1","Other/Unknown","T1",0.5162,0.4838,"LOW"
23,"1","Other/Unknown","T1",0.5166,0.4834,"LOW"
24,"1","Other/Unknown","T1",0.5158,0.4842,"LOW"
25,"1","Other/Unknown","T1",0.5158,0.4842,"LOW"
26,"1","Other/Unknown","T1",0.5139,0.4861,"LOW"
27,"1","Other/Unknown","T1",0.5135,0.4865,"LOW"
28,"1","Other/Unknown","T1",0.5145,0.4855,"LOW"
29,"1","Other/Unknown","T1",0.5125,0.4875,"LOW"
30,"1","Other/Unknown","T1",0.5109,0.4891,"LOW"
31,"1","Other/Unknown","T1",0.5099,0.4901,"LOW"
32,"1","Other/Unknown","T1",0.5099,0.4901,"LOW"
33,"1","Other/Unknown","T1",0.5077,0.4923,"LOW"
34,"1","Other/Unknown","T1",0.5226,0.4774,"LOW"
35,"1","Other/Unknown","T1",0.539,0.461,"LOW"
36,"1","Other/Unknown","T1",0.5597,0.4403,"LOW"
37,"1","Other/Unknown","T1",0.582,0.418,"LOW"
38,"1","Other/Unknown","T1",0.6032,0.3968,"LOW"
39,"1","Other/Unknown","T1",0.6241,0.3759,"LOW"
40,"1","Other/Unknown","T1",0.6096,0.3904,"LOW"
41,"1","Other/Unknown","T1",0.6076,0.3924,"LOW"
42,"1","Other/Unknown","T1",0.5949,0.4051,"LOW"
43,"1","Other/Unknown","T1",0.5935,0.4065,"LOW"
44,"1","Other/Unknown","T1",0.5232,0.4768,"LOW"
45,"1","Other/Unknown","T1",0.4857,0.5143,"HIGH"
46,"1","Other/Unknown","T1",0.4894,0.5106,"HIGH"
47,"1","Other/Unknown","T1",0.5058,0.4942,"LOW"
48,"1","Other/Unknown","T1",0.5407,0.4593,"LOW"
49,"1","Other/Unknown","T1",0.5605,0.4395,"LOW"
50,"1","Other/Unknown","T1",0.6136,0.3864,"LOW"
51,"1","Other/Unknown","T1",0.628,0.372,"LOW"
52,"1","Other/Unknown","T1",0.6029,0.3971,"LOW"
53,"1","Other/Unknown","T1",0.6452,0.3548,"LOW"
54,"1","Other/Unknown","T1",0.6461,0.3539,"LOW"
55,"1","Other/Unknown","T1",0.6596,0.3404,"LOW"
56,"1","Other/Unknown","T1",0.6504,0.3496,"LOW"
57,"1","Other/Unknown","T1",0.6663,0.3337,"LOW"
58,"1","Other/Unknown","T1",0.6553,0.3447,"LOW"
59,"1","Other/Unknown","T1",0.6722,0.3278,"LOW"
60,"1","Other/Unknown","T1",0.6867,0.3133,"LOW"
61,"1","Other/Unknown","T1",0.67,0.33,"LOW"
62,"1","Other/Unknown","T1",0.706,0.294,"LOW"
63,"1","Other/Unknown","T1",0.676,0.324,"LOW"
64,"1","Other/Unknown","T1",0.7242,0.2758,"LOW"
65,"1","Other/Unknown","T1",0.7206,0.2794,"LOW"
66,"1","Other/Unknown","T1",0.7227,0.2773,"LOW"
67,"1","Other/Unknown","T1",0.7356,0.2644,"LOW"
68,"1","Other/Unknown","T1",0.7084,0.2916,"LOW"
69,"1","Other/Unknown","T1",0.7283,0.2717,"LOW"
70,"1","Other/Unknown","T1",0.7316,0.2684,"LOW"
71,"1","Other/Unknown","T1",0.7274,0.2726,"LOW"
72,"1","Other/Unknown","T1",0.734,0.266,"LOW"
73,"1","Other/Unknown","T1",0.7254,0.2746,"LOW"
74,"1","Other/Unknown","T1",0.7234,0.2766,"LOW"
75,"1","Other/Unknown","T1",0.717,0.283,"LOW"
76,"1","Other/Unknown","T1",0.733,0.267,"LOW"
77,"1","Other/Unknown","T1",0.7307,0.2693,"LOW"
78,"1","Other/Unknown","T1",0.7336,0.2664,"LOW"
79,"1","Other/Unknown","T1",0.6982,0.3018,"LOW"
80,"1","Other/Unknown","T1",0.6727,0.3273,"LOW"
81,"1","Other/Unknown","T1",0.6811,0.3189,"LOW"
82,"1","Other/Unknown","T1",0.7219,0.2781,"LOW"
83,"1","Other/Unknown","T1",0.7158,0.2842,"LOW"
84,"1","Other/Unknown","T1",0.7128,0.2872,"LOW"
85,"1","Other/Unknown","T1",0.7045,0.2955,"LOW"
86,"1","Other/Unknown","T1",0.7566,0.2434,"LOW"
87,"1","Other/Unknown","T1",0.7374,0.2626,"LOW"
88,"1","Other/Unknown","T1",0.7817,0.2183,"LOW"
89,"1","Other/Unknown","T1",0.8142,0.1858,"LOW"
90,"1","Other/Unknown","T1",0.8254,0.1746,"LOW"
91,"1","Other/Unknown","T1",0.8254,0.1746,"LOW"
92,"1","Other/Unknown","T1",0.8254,0.1746,"LOW"
93,"1","Other/Unknown","T1",0.8254,0.1746,"LOW"
94,"1","Other/Unknown","T1",0.8254,0.1746,"LOW"
95,"1","Other/Unknown","T1",0.8254,0.1746,"LOW"
96,"1","Other/Unknown","T1",0.8254,0.1746,"LOW"
97,"1","Other/Unknown","T1",0.8254,0.1746,"LOW"
98,"1","Other/Unknown","T1",0.8254,0.1746,"LOW"
99,"1","Other/Unknown","T1",0.8254,0.1746,"LOW"
0,"2","Other/Unknown","T1",0.7275,0.2725,"LOW"
1,"2","Other/Unknown","T1",0.7275,0.2725,"LOW"
2,"2","Other/Unknown","T1",0.7275,0.2725,"LOW"
3,"2","Other/Unknown","T1",0.7275,0.2725,"LOW"
4,"2","Other/Unknown","T1",0.7275,0.2725,"LOW"
5,"2","Other/Unknown","T1",0.7275,0.2725,"LOW"
6,"2","Other/Unknown","T1",0.7275,0.2725,"LOW"
7,"2","Other/Unknown","T1",0.7275,0.2725,"LOW"
8,"2","Other/Unknown","T1",0.7275,0.2725,"LOW"
9,"2","Other/Unknown","T1",0.7275,0.2725,"LOW"
10,"2","Other/Unknown","T1",0.7275,0.2725,"LOW"
11,"2","Other/Unknown","T1",0.7275,0.2725,"LOW"
12,"2","Other/Unknown","T1",0.7275,0.2725,"LOW"
13,"2","Other/Unknown","T1",0.7275,0.2725,"LOW"
14,"2","Other/Unknown","T1",0.7275,0.2725,"LOW"
15,"2","Other/Unknown","T1",0.7275,0.2725,"LOW"
16,"2","Other/Unknown","T1",0.7275,0.2725,"LOW"
17,"2","Other/Unknown","T1",0.7275,0.2725,"LOW"
18,"2","Other/Unknown","T1",0.7275,0.2725,"LOW"
19,"2","Other/Unknown","T1",0.7275,0.2725,"LOW"
20,"2","Other/Unknown","T1",0.7275,0.2725,"LOW"
21,"2","Other/Unknown","T1",0.7265,0.2735,"LOW"
22,"2","Other/Unknown","T1",0.7265,0.2735,"LOW"
23,"2","Other/Unknown","T1",0.7245,0.2755,"LOW"
24,"2","Other/Unknown","T1",0.7225,0.2775,"LOW"
25,"2","Other/Unknown","T1",0.7225,0.2775,"LOW"
26,"2","Other/Unknown","T1",0.7212,0.2788,"LOW"
27,"2","Other/Unknown","T1",0.7212,0.2788,"LOW"
28,"2","Other/Unknown","T1",0.7229,0.2771,"LOW"
29,"2","Other/Unknown","T1",0.7189,0.2811,"LOW"
30,"2","Other/Unknown","T1",0.7169,0.2831,"LOW"
31,"2","Other/Unknown","T1",0.7183,0.2817,"LOW"
32,"2","Other/Unknown","T1",0.7223,0.2777,"LOW"
33,"2","Other/Unknown","T1",0.7223,0.2777,"LOW"
34,"2","Other/Unknown","T1",0.7275,0.2725,"LOW"
35,"2","Other/Unknown","T1",0.7365,0.2635,"LOW"
36,"2","Other/Unknown","T1",0.7425,0.2575,"LOW"
37,"2","Other/Unknown","T1",0.7545,0.2455,"LOW"
38,"2","Other/Unknown","T1",0.763,0.237,"LOW"
39,"2","Other/Unknown","T1",0.7752,0.2248,"LOW"
40,"2","Other/Unknown","T1",0.7739,0.2261,"LOW"
41,"2","Other/Unknown","T1",0.7741,0.2259,"LOW"
42,"2","Other/Unknown","T1",0.7785,0.2215,"LOW"
43,"2","Other/Unknown","T1",0.7759,0.2241,"LOW"
44,"2","Other/Unknown","T1",0.7578,0.2422,"LOW"
45,"2","Other/Unknown","T1",0.75,0.25,"LOW"
46,"2","Other/Unknown","T1",0.7546,0.2454,"LOW"
47,"2","Other/Unknown","T1",0.7699,0.2301,"LOW"
48,"2","Other/Unknown","T1",0.7568,0.2432,"LOW"
49,"2","Other/Unknown","T1",0.763,0.237,"LOW"
50,"2","Other/Unknown","T1",0.7478,0.2522,"LOW"
51,"2","Other/Unknown","T1",0.7312,0.2688,"LOW"
52,"2","Other/Unknown","T1",0.7132,0.2868,"LOW"
53,"2","Other/Unknown","T1",0.7055,0.2945,"LOW"
54,"2","Other/Unknown","T1",0.6865,0.3135,"LOW"
55,"2","Other/Unknown","T1",0.6662,0.3338,"LOW"
56,"2","Other/Unknown","T1",0.656,0.344,"LOW"
57,"2","Other/Unknown","T1",0.6433,0.3567,"LOW"
58,"2","Other/Unknown","T1",0.7206,0.2794,"LOW"
59,"2","Other/Unknown","T1",0.7256,0.2744,"LOW"
60,"2","Other/Unknown","T1",0.7151,0.2849,"LOW"
61,"2","Other/Unknown","T1",0.7106,0.2894,"LOW"
62,"2","Other/Unknown","T1",0.7086,0.2914,"LOW"
63,"2","Other/Unknown","T1",0.6723,0.3277,"LOW"
64,"2","Other/Unknown","T1",0.7131,0.2869,"LOW"
65,"2","Other/Unknown","T1",0.7224,0.2776,"LOW"
66,"2","Other/Unknown","T1",0.7171,0.2829,"LOW"
67,"2","Other/Unknown","T1",0.6887,0.3113,"LOW"
68,"2","Other/Unknown","T1",0.6775,0.3225,"LOW"
69,"2","Other/Unknown","T1",0.7305,0.2695,"LOW"
70,"2","Other/Unknown","T1",0.7324,0.2676,"LOW"
71,"2","Other/Unknown","T1",0.7288,0.2712,"LOW"
72,"2","Other/Unknown","T1",0.6988,0.3012,"LOW"
73,"2","Other/Unknown","T1",0.6673,0.3327,"LOW"
74,"2","Other/Unknown","T1",0.6837,0.3163,"LOW"
75,"2","Other/Unknown","T1",0.6826,0.3174,"LOW"
76,"2","Other/Unknown","T1",0.7157,0.2843,"LOW"
77,"2","Other/Unknown","T1",0.6744,0.3256,"LOW"
78,"2","Other/Unknown","T1",0.6309,0.3691,"LOW"
79,"2","Other/Unknown","T1",0.6412,0.3588,"LOW"
80,"2","Other/Unknown","T1",0.6604,0.3396,"LOW"
81,"2","Other/Unknown","T1",0.6215,0.3785,"LOW"
82,"2","Other/Unknown","T1",0.6272,0.3728,"LOW"
83,"2","Other/Unknown","T1",0.639,0.361,"LOW"
84,"2","Other/Unknown","T1",0.6326,0.3674,"LOW"
85,"2","Other/Unknown","T1",0.6371,0.3629,"LOW"
86,"2","Other/Unknown","T1",0.6975,0.3025,"LOW"
87,"2","Other/Unknown","T1",0.6534,0.3466,"LOW"
88,"2","Other/Unknown","T1",0.7376,0.2624,"LOW"
89,"2","Other/Unknown","T1",0.7799,0.2201,"LOW"
90,"2","Other/Unknown","T1",0.8004,0.1996,"LOW"
91,"2","Other/Unknown","T1",0.8004,0.1996,"LOW"
92,"2","Other/Unknown","T1",0.8004,0.1996,"LOW"
93,"2","Other/Unknown","T1",0.8004,0.1996,"LOW"
94,"2","Other/Unknown","T1",0.8004,0.1996,"LOW"
95,"2","Other/Unknown","T1",0.8004,0.1996,"LOW"
96,"2","Other/Unknown","T1",0.8004,0.1996,"LOW"
97,"2","Other/Unknown","T1",0.8004,0.1996,"LOW"
98,"2","Other/Unknown","T1",0.8004,0.1996,"LOW"
99,"2","Other/Unknown","T1",0.8004,0.1996,"LOW"
0,"1","N0","T2",0.8803,0.1197,"LOW"
1,"1","N0","T2",0.8803,0.1197,"LOW"
2,"1","N0","T2",0.8803,0.1197,"LOW"
3,"1","N0","T2",0.8803,0.1197,"LOW"
4,"1","N0","T2",0.8803,0.1197,"LOW"
5,"1","N0","T2",0.8803,0.1197,"LOW"
6,"1","N0","T2",0.8803,0.1197,"LOW"
7,"1","N0","T2",0.8803,0.1197,"LOW"
8,"1","N0","T2",0.8803,0.1197,"LOW"
9,"1","N0","T2",0.8803,0.1197,"LOW"
10,"1","N0","T2",0.8803,0.1197,"LOW"
11,"1","N0","T2",0.8803,0.1197,"LOW"
12,"1","N0","T2",0.8803,0.1197,"LOW"
13,"1","N0","T2",0.8803,0.1197,"LOW"
14,"1","N0","T2",0.8803,0.1197,"LOW"
15,"1","N0","T2",0.8803,0.1197,"LOW"
16,"1","N0","T2",0.8822,0.1178,"LOW"
17,"1","N0","T2",0.8915,0.1085,"LOW"
18,"1","N0","T2",0.8935,0.1065,"LOW"
19,"1","N0","T2",0.8989,0.1011,"LOW"
20,"1","N0","T2",0.9084,0.0916,"LOW"
21,"1","N0","T2",0.9084,0.0916,"LOW"
22,"1","N0","T2",0.9122,0.0878,"LOW"
23,"1","N0","T2",0.9153,0.0847,"LOW"
24,"1","N0","T2",0.9169,0.0831,"LOW"
25,"1","N0","T2",0.9169,0.0831,"LOW"
26,"1","N0","T2",0.9166,0.0834,"LOW"
27,"1","N0","T2",0.9176,0.0824,"LOW"
28,"1","N0","T2",0.9223,0.0777,"LOW"
29,"1","N0","T2",0.915,0.085,"LOW"
30,"1","N0","T2",0.9066,0.0934,"LOW"
31,"1","N0","T2",0.8432,0.1568,"LOW"
32,"1","N0","T2",0.8688,0.1312,"LOW"
33,"1","N0","T2",0.887,0.113,"LOW"
34,"1","N0","T2",0.9031,0.0969,"LOW"
35,"1","N0","T2",0.917,0.083,"LOW"
36,"1","N0","T2",0.9013,0.0987,"LOW"
37,"1","N0","T2",0.911,0.089,"LOW"
38,"1","N0","T2",0.9181,0.0819,"LOW"
39,"1","N0","T2",0.9236,0.0764,"LOW"
40,"1","N0","T2",0.9169,0.0831,"LOW"
41,"1","N0","T2",0.9089,0.0911,"LOW"
42,"1","N0","T2",0.92,0.08,"LOW"
43,"1","N0","T2",0.9138,0.0862,"LOW"
44,"1","N0","T2",0.9194,0.0806,"LOW"
45,"1","N0","T2",0.922,0.078,"LOW"
46,"1","N0","T2",0.923,0.077,"LOW"
47,"1","N0","T2",0.9287,0.0713,"LOW"
48,"1","N0","T2",0.9308,0.0692,"LOW"
49,"1","N0","T2",0.9354,0.0646,"LOW"
50,"1","N0","T2",0.9364,0.0636,"LOW"
51,"1","N0","T2",0.9336,0.0664,"LOW"
52,"1","N0","T2",0.934,0.066,"LOW"
53,"1","N0","T2",0.9335,0.0665,"LOW"
54,"1","N0","T2",0.9331,0.0669,"LOW"
55,"1","N0","T2",0.9286,0.0714,"LOW"
56,"1","N0","T2",0.9285,0.0715,"LOW"
57,"1","N0","T2",0.9341,0.0659,"LOW"
58,"1","N0","T2",0.9359,0.0641,"LOW"
59,"1","N0","T2",0.9354,0.0646,"LOW"
60,"1","N0","T2",0.9368,0.0632,"LOW"
61,"1","N0","T2",0.937,0.063,"LOW"
62,"1","N0","T2",0.9378,0.0622,"LOW"
63,"1","N0","T2",0.9385,0.0615,"LOW"
64,"1","N0","T2",0.9392,0.0608,"LOW"
65,"1","N0","T2",0.9397,0.0603,"LOW"
66,"1","N0","T2",0.9391,0.0609,"LOW"
67,"1","N0","T2",0.9396,0.0604,"LOW"
68,"1","N0","T2",0.9392,0.0608,"LOW"
69,"1","N0","T2",0.938,0.062,"LOW"
70,"1","N0","T2",0.9384,0.0616,"LOW"
71,"1","N0","T2",0.9374,0.0626,"LOW"
72,"1","N0","T2",0.9384,0.0616,"LOW"
73,"1","N0","T2",0.9405,0.0595,"LOW"
74,"1","N0","T2",0.9403,0.0597,"LOW"
75,"1","N0","T2",0.9385,0.0615,"LOW"
76,"1","N0","T2",0.9404,0.0596,"LOW"
77,"1","N0","T2",0.9375,0.0625,"LOW"
78,"1","N0","T2",0.9381,0.0619,"LOW"
79,"1","N0","T2",0.943,0.057,"LOW"
80,"1","N0","T2",0.9424,0.0576,"LOW"
81,"1","N0","T2",0.9414,0.0586,"LOW"
82,"1","N0","T2",0.9411,0.0589,"LOW"
83,"1","N0","T2",0.9403,0.0597,"LOW"
84,"1","N0","T2",0.9388,0.0612,"LOW"
85,"1","N0","T2",0.9429,0.0571,"LOW"
86,"1","N0","T2",0.9343,0.0657,"LOW"
87,"1","N0","T2",0.9394,0.0606,"LOW"
88,"1","N0","T2",0.9396,0.0604,"LOW"
89,"1","N0","T2",0.9432,0.0568,"LOW"
90,"1","N0","T2",0.9335,0.0665,"LOW"
91,"1","N0","T2",0.9335,0.0665,"LOW"
92,"1","N0","T2",0.9335,0.0665,"LOW"
93,"1","N0","T2",0.9335,0.0665,"LOW"
94,"1","N0","T2",0.9335,0.0665,"LOW"
95,"1","N0","T2",0.9335,0.0665,"LOW"
96,"1","N0","T2",0.9335,0.0665,"LOW"
97,"1","N0","T2",0.9335,0.0665,"LOW"
98,"1","N0","T2",0.9335,0.0665,"LOW"
99,"1","N0","T2",0.9335,0.0665,"LOW"
0,"2","N0","T2",0.9243,0.0757,"LOW"
1,"2","N0","T2",0.9243,0.0757,"LOW"
2,"2","N0","T2",0.9243,0.0757,"LOW"
3,"2","N0","T2",0.9243,0.0757,"LOW"
4,"2","N0","T2",0.9243,0.0757,"LOW"
5,"2","N0","T2",0.9243,0.0757,"LOW"
6,"2","N0","T2",0.9243,0.0757,"LOW"
7,"2","N0","T2",0.9243,0.0757,"LOW"
8,"2","N0","T2",0.9243,0.0757,"LOW"
9,"2","N0","T2",0.9243,0.0757,"LOW"
10,"2","N0","T2",0.9243,0.0757,"LOW"
11,"2","N0","T2",0.9243,0.0757,"LOW"
12,"2","N0","T2",0.9243,0.0757,"LOW"
13,"2","N0","T2",0.9243,0.0757,"LOW"
14,"2","N0","T2",0.9243,0.0757,"LOW"
15,"2","N0","T2",0.9243,0.0757,"LOW"
16,"2","N0","T2",0.9261,0.0739,"LOW"
17,"2","N0","T2",0.9341,0.0659,"LOW"
18,"2","N0","T2",0.9341,0.0659,"LOW"
19,"2","N0","T2",0.9361,0.0639,"LOW"
20,"2","N0","T2",0.9401,0.0599,"LOW"
21,"2","N0","T2",0.9401,0.0599,"LOW"
22,"2","N0","T2",0.9438,0.0562,"LOW"
23,"2","N0","T2",0.9473,0.0527,"LOW"
24,"2","N0","T2",0.9493,0.0507,"LOW"
25,"2","N0","T2",0.9493,0.0507,"LOW"
26,"2","N0","T2",0.9492,0.0508,"LOW"
27,"2","N0","T2",0.9502,0.0498,"LOW"
28,"2","N0","T2",0.9552,0.0448,"LOW"
29,"2","N0","T2",0.9513,0.0487,"LOW"
30,"2","N0","T2",0.9468,0.0532,"LOW"
31,"2","N0","T2",0.9285,0.0715,"LOW"
32,"2","N0","T2",0.9363,0.0637,"LOW"
33,"2","N0","T2",0.9404,0.0596,"LOW"
34,"2","N0","T2",0.9488,0.0512,"LOW"
35,"2","N0","T2",0.958,0.042,"LOW"
36,"2","N0","T2",0.958,0.042,"LOW"
37,"2","N0","T2",0.9581,0.0419,"LOW"
38,"2","N0","T2",0.9576,0.0424,"LOW"
39,"2","N0","T2",0.9571,0.0429,"LOW"
40,"2","N0","T2",0.9545,0.0455,"LOW"
41,"2","N0","T2",0.9522,0.0478,"LOW"
42,"2","N0","T2",0.9508,0.0492,"LOW"
43,"2","N0","T2",0.9479,0.0521,"LOW"
44,"2","N0","T2",0.9462,0.0538,"LOW"
45,"2","N0","T2",0.9396,0.0604,"LOW"
46,"2","N0","T2",0.9263,0.0737,"LOW"
47,"2","N0","T2",0.9421,0.0579,"LOW"
48,"2","N0","T2",0.9374,0.0626,"LOW"
49,"2","N0","T2",0.9462,0.0538,"LOW"
50,"2","N0","T2",0.9476,0.0524,"LOW"
51,"2","N0","T2",0.9481,0.0519,"LOW"
52,"2","N0","T2",0.9465,0.0535,"LOW"
53,"2","N0","T2",0.9402,0.0598,"LOW"
54,"2","N0","T2",0.9385,0.0615,"LOW"
55,"2","N0","T2",0.9299,0.0701,"LOW"
56,"2","N0","T2",0.9345,0.0655,"LOW"
57,"2","N0","T2",0.9403,0.0597,"LOW"
58,"2","N0","T2",0.9428,0.0572,"LOW"
59,"2","N0","T2",0.9458,0.0542,"LOW"
60,"2","N0","T2",0.9484,0.0516,"LOW"
61,"2","N0","T2",0.9483,0.0517,"LOW"
62,"2","N0","T2",0.9459,0.0541,"LOW"
63,"2","N0","T2",0.9506,0.0494,"LOW"
64,"2","N0","T2",0.9494,0.0506,"LOW"
65,"2","N0","T2",0.9499,0.0501,"LOW"
66,"2","N0","T2",0.9501,0.0499,"LOW"
67,"2","N0","T2",0.9483,0.0517,"LOW"
68,"2","N0","T2",0.9516,0.0484,"LOW"
69,"2","N0","T2",0.9518,0.0482,"LOW"
70,"2","N0","T2",0.9442,0.0558,"LOW"
71,"2","N0","T2",0.9481,0.0519,"LOW"
72,"2","N0","T2",0.9534,0.0466,"LOW"
73,"2","N0","T2",0.9538,0.0462,"LOW"
74,"2","N0","T2",0.9546,0.0454,"LOW"
75,"2","N0","T2",0.9536,0.0464,"LOW"
76,"2","N0","T2",0.955,0.045,"LOW"
77,"2","N0","T2",0.9524,0.0476,"LOW"
78,"2","N0","T2",0.9493,0.0507,"LOW"
79,"2","N0","T2",0.9503,0.0497,"LOW"
80,"2","N0","T2",0.9545,0.0455,"LOW"
81,"2","N0","T2",0.9548,0.0452,"LOW"
82,"2","N0","T2",0.9507,0.0493,"LOW"
83,"2","N0","T2",0.951,0.049,"LOW"
84,"2","N0","T2",0.9475,0.0525,"LOW"
85,"2","N0","T2",0.9526,0.0474,"LOW"
86,"2","N0","T2",0.9466,0.0534,"LOW"
87,"2","N0","T2",0.9433,0.0567,"LOW"
88,"2","N0","T2",0.9398,0.0602,"LOW"
89,"2","N0","T2",0.9542,0.0458,"LOW"
90,"2","N0","T2",0.9574,0.0426,"LOW"
91,"2","N0","T2",0.9574,0.0426,"LOW"
92,"2","N0","T2",0.9574,0.0426,"LOW"
93,"2","N0","T2",0.9574,0.0426,"LOW"
94,"2","N0","T2",0.9574,0.0426,"LOW"
95,"2","N0","T2",0.9574,0.0426,"LOW"
96,"2","N0","T2",0.9574,0.0426,"LOW"
97,"2","N0","T2",0.9574,0.0426,"LOW"
98,"2","N0","T2",0.9574,0.0426,"LOW"
99,"2","N0","T2",0.9574,0.0426,"LOW"
0,"1","N1","T2",0.6788,0.3212,"LOW"
1,"1","N1","T2",0.6788,0.3212,"LOW"
2,"1","N1","T2",0.6788,0.3212,"LOW"
3,"1","N1","T2",0.6788,0.3212,"LOW"
4,"1","N1","T2",0.6788,0.3212,"LOW"
5,"1","N1","T2",0.6788,0.3212,"LOW"
6,"1","N1","T2",0.6788,0.3212,"LOW"
7,"1","N1","T2",0.6788,0.3212,"LOW"
8,"1","N1","T2",0.6788,0.3212,"LOW"
9,"1","N1","T2",0.6788,0.3212,"LOW"
10,"1","N1","T2",0.6788,0.3212,"LOW"
11,"1","N1","T2",0.6788,0.3212,"LOW"
12,"1","N1","T2",0.6788,0.3212,"LOW"
13,"1","N1","T2",0.6788,0.3212,"LOW"
14,"1","N1","T2",0.6788,0.3212,"LOW"
15,"1","N1","T2",0.6788,0.3212,"LOW"
16,"1","N1","T2",0.6828,0.3172,"LOW"
17,"1","N1","T2",0.6828,0.3172,"LOW"
18,"1","N1","T2",0.6808,0.3192,"LOW"
19,"1","N1","T2",0.7052,0.2948,"LOW"
20,"1","N1","T2",0.7256,0.2744,"LOW"
21,"1","N1","T2",0.7604,0.2396,"LOW"
22,"1","N1","T2",0.7908,0.2092,"LOW"
23,"1","N1","T2",0.8154,0.1846,"LOW"
24,"1","N1","T2",0.8319,0.1681,"LOW"
25,"1","N1","T2",0.8428,0.1572,"LOW"
26,"1","N1","T2",0.8455,0.1545,"LOW"
27,"1","N1","T2",0.8599,0.1401,"LOW"
28,"1","N1","T2",0.8709,0.1291,"LOW"
29,"1","N1","T2",0.8835,0.1165,"LOW"
30,"1","N1","T2",0.8909,0.1091,"LOW"
31,"1","N1","T2",0.8912,0.1088,"LOW"
32,"1","N1","T2",0.8878,0.1122,"LOW"
33,"1","N1","T2",0.886,0.114,"LOW"
34,"1","N1","T2",0.8846,0.1154,"LOW"
35,"1","N1","T2",0.88,0.12,"LOW"
36,"1","N1","T2",0.8692,0.1308,"LOW"
37,"1","N1","T2",0.8762,0.1238,"LOW"
38,"1","N1","T2",0.8806,0.1194,"LOW"
39,"1","N1","T2",0.8805,0.1195,"LOW"
40,"1","N1","T2",0.8792,0.1208,"LOW"
41,"1","N1","T2",0.8777,0.1223,"LOW"
42,"1","N1","T2",0.8733,0.1267,"LOW"
43,"1","N1","T2",0.8696,0.1304,"LOW"
44,"1","N1","T2",0.8682,0.1318,"LOW"
45,"1","N1","T2",0.8652,0.1348,"LOW"
46,"1","N1","T2",0.8592,0.1408,"LOW"
47,"1","N1","T2",0.8497,0.1503,"LOW"
48,"1","N1","T2",0.8469,0.1531,"LOW"
49,"1","N1","T2",0.8409,0.1591,"LOW"
50,"1","N1","T2",0.8483,0.1517,"LOW"
51,"1","N1","T2",0.8493,0.1507,"LOW"
52,"1","N1","T2",0.8473,0.1527,"LOW"
53,"1","N1","T2",0.8492,0.1508,"LOW"
54,"1","N1","T2",0.842,0.158,"LOW"
55,"1","N1","T2",0.8451,0.1549,"LOW"
56,"1","N1","T2",0.8437,0.1563,"LOW"
57,"1","N1","T2",0.8447,0.1553,"LOW"
58,"1","N1","T2",0.8443,0.1557,"LOW"
59,"1","N1","T2",0.8441,0.1559,"LOW"
60,"1","N1","T2",0.8454,0.1546,"LOW"
61,"1","N1","T2",0.8447,0.1553,"LOW"
62,"1","N1","T2",0.8467,0.1533,"LOW"
63,"1","N1","T2",0.845,0.155,"LOW"
64,"1","N1","T2",0.8435,0.1565,"LOW"
65,"1","N1","T2",0.8461,0.1539,"LOW"
66,"1","N1","T2",0.8478,0.1522,"LOW"
67,"1","N1","T2",0.8471,0.1529,"LOW"
68,"1","N1","T2",0.8494,0.1506,"LOW"
69,"1","N1","T2",0.85,0.15,"LOW"
70,"1","N1","T2",0.8509,0.1491,"LOW"
71,"1","N1","T2",0.8526,0.1474,"LOW"
72,"1","N1","T2",0.8534,0.1466,"LOW"
73,"1","N1","T2",0.8527,0.1473,"LOW"
74,"1","N1","T2",0.8532,0.1468,"LOW"
75,"1","N1","T2",0.8557,0.1443,"LOW"
76,"1","N1","T2",0.8572,0.1428,"LOW"
77,"1","N1","T2",0.8572,0.1428,"LOW"
78,"1","N1","T2",0.859,0.141,"LOW"
79,"1","N1","T2",0.8633,0.1367,"LOW"
80,"1","N1","T2",0.8582,0.1418,"LOW"
81,"1","N1","T2",0.8604,0.1396,"LOW"
82,"1","N1","T2",0.8559,0.1441,"LOW"
83,"1","N1","T2",0.8542,0.1458,"LOW"
84,"1","N1","T2",0.8597,0.1403,"LOW"
85,"1","N1","T2",0.8615,0.1385,"LOW"
86,"1","N1","T2",0.8606,0.1394,"LOW"
87,"1","N1","T2",0.8721,0.1279,"LOW"
88,"1","N1","T2",0.8754,0.1246,"LOW"
89,"1","N1","T2",0.8715,0.1285,"LOW"
90,"1","N1","T2",0.8844,0.1156,"LOW"
91,"1","N1","T2",0.8844,0.1156,"LOW"
92,"1","N1","T2",0.8844,0.1156,"LOW"
93,"1","N1","T2",0.8844,0.1156,"LOW"
94,"1","N1","T2",0.8844,0.1156,"LOW"
95,"1","N1","T2",0.8844,0.1156,"LOW"
96,"1","N1","T2",0.8844,0.1156,"LOW"
97,"1","N1","T2",0.8844,0.1156,"LOW"
98,"1","N1","T2",0.8844,0.1156,"LOW"
99,"1","N1","T2",0.8844,0.1156,"LOW"
0,"2","N1","T2",0.8135,0.1865,"LOW"
1,"2","N1","T2",0.8135,0.1865,"LOW"
2,"2","N1","T2",0.8135,0.1865,"LOW"
3,"2","N1","T2",0.8135,0.1865,"LOW"
4,"2","N1","T2",0.8135,0.1865,"LOW"
5,"2","N1","T2",0.8135,0.1865,"LOW"
6,"2","N1","T2",0.8135,0.1865,"LOW"
7,"2","N1","T2",0.8135,0.1865,"LOW"
8,"2","N1","T2",0.8135,0.1865,"LOW"
9,"2","N1","T2",0.8135,0.1865,"LOW"
10,"2","N1","T2",0.8135,0.1865,"LOW"
11,"2","N1","T2",0.8135,0.1865,"LOW"
12,"2","N1","T2",0.8135,0.1865,"LOW"
13,"2","N1","T2",0.8135,0.1865,"LOW"
14,"2","N1","T2",0.8135,0.1865,"LOW"
15,"2","N1","T2",0.8135,0.1865,"LOW"
16,"2","N1","T2",0.8155,0.1845,"LOW"
17,"2","N1","T2",0.8155,0.1845,"LOW"
18,"2","N1","T2",0.8155,0.1845,"LOW"
19,"2","N1","T2",0.8249,0.1751,"LOW"
20,"2","N1","T2",0.8357,0.1643,"LOW"
21,"2","N1","T2",0.8512,0.1488,"LOW"
22,"2","N1","T2",0.8585,0.1415,"LOW"
23,"2","N1","T2",0.8716,0.1284,"LOW"
24,"2","N1","T2",0.8756,0.1244,"LOW"
25,"2","N1","T2",0.8808,0.1192,"LOW"
26,"2","N1","T2",0.8845,0.1155,"LOW"
27,"2","N1","T2",0.886,0.114,"LOW"
28,"2","N1","T2",0.8938,0.1062,"LOW"
29,"2","N1","T2",0.9,0.1,"LOW"
30,"2","N1","T2",0.8996,0.1004,"LOW"
31,"2","N1","T2",0.9006,0.0994,"LOW"
32,"2","N1","T2",0.8996,0.1004,"LOW"
33,"2","N1","T2",0.8965,0.1035,"LOW"
34,"2","N1","T2",0.8969,0.1031,"LOW"
35,"2","N1","T2",0.8896,0.1104,"LOW"
36,"2","N1","T2",0.8837,0.1163,"LOW"
37,"2","N1","T2",0.8782,0.1218,"LOW"
38,"2","N1","T2",0.8731,0.1269,"LOW"
39,"2","N1","T2",0.8596,0.1404,"LOW"
40,"2","N1","T2",0.8558,0.1442,"LOW"
41,"2","N1","T2",0.8344,0.1656,"LOW"
42,"2","N1","T2",0.8106,0.1894,"LOW"
43,"2","N1","T2",0.8336,0.1664,"LOW"
44,"2","N1","T2",0.8696,0.1304,"LOW"
45,"2","N1","T2",0.8798,0.1202,"LOW"
46,"2","N1","T2",0.8825,0.1175,"LOW"
47,"2","N1","T2",0.8821,0.1179,"LOW"
48,"2","N1","T2",0.8813,0.1187,"LOW"
49,"2","N1","T2",0.8747,0.1253,"LOW"
50,"2","N1","T2",0.8742,0.1258,"LOW"
51,"2","N1","T2",0.8596,0.1404,"LOW"
52,"2","N1","T2",0.862,0.138,"LOW"
53,"2","N1","T2",0.8477,0.1523,"LOW"
54,"2","N1","T2",0.8663,0.1337,"LOW"
55,"2","N1","T2",0.8671,0.1329,"LOW"
56,"2","N1","T2",0.8743,0.1257,"LOW"
57,"2","N1","T2",0.87,0.13,"LOW"
58,"2","N1","T2",0.8737,0.1263,"LOW"
59,"2","N1","T2",0.8732,0.1268,"LOW"
60,"2","N1","T2",0.8703,0.1297,"LOW"
61,"2","N1","T2",0.8733,0.1267,"LOW"
62,"2","N1","T2",0.8661,0.1339,"LOW"
63,"2","N1","T2",0.873,0.127,"LOW"
64,"2","N1","T2",0.8684,0.1316,"LOW"
65,"2","N1","T2",0.8647,0.1353,"LOW"
66,"2","N1","T2",0.8696,0.1304,"LOW"
67,"2","N1","T2",0.8727,0.1273,"LOW"
68,"2","N1","T2",0.8704,0.1296,"LOW"
69,"2","N1","T2",0.8794,0.1206,"LOW"
70,"2","N1","T2",0.8798,0.1202,"LOW"
71,"2","N1","T2",0.8859,0.1141,"LOW"
72,"2","N1","T2",0.8868,0.1132,"LOW"
73,"2","N1","T2",0.8884,0.1116,"LOW"
74,"2","N1","T2",0.8873,0.1127,"LOW"
75,"2","N1","T2",0.8828,0.1172,"LOW"
76,"2","N1","T2",0.8843,0.1157,"LOW"
77,"2","N1","T2",0.8863,0.1137,"LOW"
78,"2","N1","T2",0.8861,0.1139,"LOW"
79,"2","N1","T2",0.8909,0.1091,"LOW"
80,"2","N1","T2",0.8868,0.1132,"LOW"
81,"2","N1","T2",0.8863,0.1137,"LOW"
82,"2","N1","T2",0.8858,0.1142,"LOW"
83,"2","N1","T2",0.8784,0.1216,"LOW"
84,"2","N1","T2",0.8797,0.1203,"LOW"
85,"2","N1","T2",0.871,0.129,"LOW"
86,"2","N1","T2",0.872,0.128,"LOW"
87,"2","N1","T2",0.8759,0.1241,"LOW"
88,"2","N1","T2",0.8585,0.1415,"LOW"
89,"2","N1","T2",0.8514,0.1486,"LOW"
90,"2","N1","T2",0.8621,0.1379,"LOW"
91,"2","N1","T2",0.8621,0.1379,"LOW"
92,"2","N1","T2",0.8621,0.1379,"LOW"
93,"2","N1","T2",0.8621,0.1379,"LOW"
94,"2","N1","T2",0.8621,0.1379,"LOW"
95,"2","N1","T2",0.8621,0.1379,"LOW"
96,"2","N1","T2",0.8621,0.1379,"LOW"
97,"2","N1","T2",0.8621,0.1379,"LOW"
98,"2","N1","T2",0.8621,0.1379,"LOW"
99,"2","N1","T2",0.8621,0.1379,"LOW"
0,"1","N2","T2",0.8103,0.1897,"LOW"
1,"1","N2","T2",0.8103,0.1897,"LOW"
2,"1","N2","T2",0.8103,0.1897,"LOW"
3,"1","N2","T2",0.8103,0.1897,"LOW"
4,"1","N2","T2",0.8103,0.1897,"LOW"
5,"1","N2","T2",0.8103,0.1897,"LOW"
6,"1","N2","T2",0.8103,0.1897,"LOW"
7,"1","N2","T2",0.8103,0.1897,"LOW"
8,"1","N2","T2",0.8103,0.1897,"LOW"
9,"1","N2","T2",0.8103,0.1897,"LOW"
10,"1","N2","T2",0.8103,0.1897,"LOW"
11,"1","N2","T2",0.8103,0.1897,"LOW"
12,"1","N2","T2",0.8103,0.1897,"LOW"
13,"1","N2","T2",0.8103,0.1897,"LOW"
14,"1","N2","T2",0.8103,0.1897,"LOW"
15,"1","N2","T2",0.8103,0.1897,"LOW"
16,"1","N2","T2",0.8103,0.1897,"LOW"
17,"1","N2","T2",0.8103,0.1897,"LOW"
18,"1","N2","T2",0.8103,0.1897,"LOW"
19,"1","N2","T2",0.8103,0.1897,"LOW"
20,"1","N2","T2",0.8117,0.1883,"LOW"
21,"1","N2","T2",0.8117,0.1883,"LOW"
22,"1","N2","T2",0.8117,0.1883,"LOW"
23,"1","N2","T2",0.8102,0.1898,"LOW"
24,"1","N2","T2",0.8051,0.1949,"LOW"
25,"1","N2","T2",0.808,0.192,"LOW"
26,"1","N2","T2",0.8092,0.1908,"LOW"
27,"1","N2","T2",0.8092,0.1908,"LOW"
28,"1","N2","T2",0.8092,0.1908,"LOW"
29,"1","N2","T2",0.8081,0.1919,"LOW"
30,"1","N2","T2",0.8083,0.1917,"LOW"
31,"1","N2","T2",0.8086,0.1914,"LOW"
32,"1","N2","T2",0.8019,0.1981,"LOW"
33,"1","N2","T2",0.802,0.198,"LOW"
34,"1","N2","T2",0.796,0.204,"LOW"
35,"1","N2","T2",0.7879,0.2121,"LOW"
36,"1","N2","T2",0.7737,0.2263,"LOW"
37,"1","N2","T2",0.7665,0.2335,"LOW"
38,"1","N2","T2",0.7442,0.2558,"LOW"
39,"1","N2","T2",0.7268,0.2732,"LOW"
40,"1","N2","T2",0.7344,0.2656,"LOW"
41,"1","N2","T2",0.7423,0.2577,"LOW"
42,"1","N2","T2",0.7316,0.2684,"LOW"
43,"1","N2","T2",0.7421,0.2579,"LOW"
44,"1","N2","T2",0.7458,0.2542,"LOW"
45,"1","N2","T2",0.7558,0.2442,"LOW"
46,"1","N2","T2",0.754,0.246,"LOW"
47,"1","N2","T2",0.7259,0.2741,"LOW"
48,"1","N2","T2",0.7209,0.2791,"LOW"
49,"1","N2","T2",0.7211,0.2789,"LOW"
50,"1","N2","T2",0.7332,0.2668,"LOW"
51,"1","N2","T2",0.7227,0.2773,"LOW"
52,"1","N2","T2",0.7373,0.2627,"LOW"
53,"1","N2","T2",0.7331,0.2669,"LOW"
54,"1","N2","T2",0.7312,0.2688,"LOW"
55,"1","N2","T2",0.7274,0.2726,"LOW"
56,"1","N2","T2",0.7222,0.2778,"LOW"
57,"1","N2","T2",0.7219,0.2781,"LOW"
58,"1","N2","T2",0.7304,0.2696,"LOW"
59,"1","N2","T2",0.7284,0.2716,"LOW"
60,"1","N2","T2",0.7282,0.2718,"LOW"
61,"1","N2","T2",0.7313,0.2687,"LOW"
62,"1","N2","T2",0.7364,0.2636,"LOW"
63,"1","N2","T2",0.7408,0.2592,"LOW"
64,"1","N2","T2",0.7384,0.2616,"LOW"
65,"1","N2","T2",0.7406,0.2594,"LOW"
66,"1","N2","T2",0.736,0.264,"LOW"
67,"1","N2","T2",0.7337,0.2663,"LOW"
68,"1","N2","T2",0.7361,0.2639,"LOW"
69,"1","N2","T2",0.7381,0.2619,"LOW"
70,"1","N2","T2",0.7377,0.2623,"LOW"
71,"1","N2","T2",0.7364,0.2636,"LOW"
72,"1","N2","T2",0.7379,0.2621,"LOW"
73,"1","N2","T2",0.7502,0.2498,"LOW"
74,"1","N2","T2",0.7512,0.2488,"LOW"
75,"1","N2","T2",0.7533,0.2467,"LOW"
76,"1","N2","T2",0.7566,0.2434,"LOW"
77,"1","N2","T2",0.7473,0.2527,"LOW"
78,"1","N2","T2",0.7271,0.2729,"LOW"
79,"1","N2","T2",0.7347,0.2653,"LOW"
80,"1","N2","T2",0.7427,0.2573,"LOW"
81,"1","N2","T2",0.7383,0.2617,"LOW"
82,"1","N2","T2",0.7656,0.2344,"LOW"
83,"1","N2","T2",0.7694,0.2306,"LOW"
84,"1","N2","T2",0.754,0.246,"LOW"
85,"1","N2","T2",0.7564,0.2436,"LOW"
86,"1","N2","T2",0.7422,0.2578,"LOW"
87,"1","N2","T2",0.7662,0.2338,"LOW"
88,"1","N2","T2",0.7509,0.2491,"LOW"
89,"1","N2","T2",0.7513,0.2487,"LOW"
90,"1","N2","T2",0.7723,0.2277,"LOW"
91,"1","N2","T2",0.7723,0.2277,"LOW"
92,"1","N2","T2",0.7723,0.2277,"LOW"
93,"1","N2","T2",0.7723,0.2277,"LOW"
94,"1","N2","T2",0.7723,0.2277,"LOW"
95,"1","N2","T2",0.7723,0.2277,"LOW"
96,"1","N2","T2",0.7723,0.2277,"LOW"
97,"1","N2","T2",0.7723,0.2277,"LOW"
98,"1","N2","T2",0.7723,0.2277,"LOW"
99,"1","N2","T2",0.7723,0.2277,"LOW"
0,"2","N2","T2",0.8925,0.1075,"LOW"
1,"2","N2","T2",0.8925,0.1075,"LOW"
2,"2","N2","T2",0.8925,0.1075,"LOW"
3,"2","N2","T2",0.8925,0.1075,"LOW"
4,"2","N2","T2",0.8925,0.1075,"LOW"
5,"2","N2","T2",0.8925,0.1075,"LOW"
6,"2","N2","T2",0.8925,0.1075,"LOW"
7,"2","N2","T2",0.8925,0.1075,"LOW"
8,"2","N2","T2",0.8925,0.1075,"LOW"
9,"2","N2","T2",0.8925,0.1075,"LOW"
10,"2","N2","T2",0.8925,0.1075,"LOW"
11,"2","N2","T2",0.8925,0.1075,"LOW"
12,"2","N2","T2",0.8925,0.1075,"LOW"
13,"2","N2","T2",0.8925,0.1075,"LOW"
14,"2","N2","T2",0.8925,0.1075,"LOW"
15,"2","N2","T2",0.8925,0.1075,"LOW"
16,"2","N2","T2",0.8925,0.1075,"LOW"
17,"2","N2","T2",0.8925,0.1075,"LOW"
18,"2","N2","T2",0.8925,0.1075,"LOW"
19,"2","N2","T2",0.8925,0.1075,"LOW"
20,"2","N2","T2",0.8925,0.1075,"LOW"
21,"2","N2","T2",0.8925,0.1075,"LOW"
22,"2","N2","T2",0.8925,0.1075,"LOW"
23,"2","N2","T2",0.8925,0.1075,"LOW"
24,"2","N2","T2",0.8925,0.1075,"LOW"
25,"2","N2","T2",0.8922,0.1078,"LOW"
26,"2","N2","T2",0.8922,0.1078,"LOW"
27,"2","N2","T2",0.8922,0.1078,"LOW"
28,"2","N2","T2",0.8903,0.1097,"LOW"
29,"2","N2","T2",0.8883,0.1117,"LOW"
30,"2","N2","T2",0.887,0.113,"LOW"
31,"2","N2","T2",0.887,0.113,"LOW"
32,"2","N2","T2",0.885,0.115,"LOW"
33,"2","N2","T2",0.885,0.115,"LOW"
34,"2","N2","T2",0.8846,0.1154,"LOW"
35,"2","N2","T2",0.8833,0.1167,"LOW"
36,"2","N2","T2",0.8797,0.1203,"LOW"
37,"2","N2","T2",0.8783,0.1217,"LOW"
38,"2","N2","T2",0.876,0.124,"LOW"
39,"2","N2","T2",0.8724,0.1276,"LOW"
40,"2","N2","T2",0.871,0.129,"LOW"
41,"2","N2","T2",0.8706,0.1294,"LOW"
42,"2","N2","T2",0.8664,0.1336,"LOW"
43,"2","N2","T2",0.8639,0.1361,"LOW"
44,"2","N2","T2",0.8587,0.1413,"LOW"
45,"2","N2","T2",0.8552,0.1448,"LOW"
46,"2","N2","T2",0.8534,0.1466,"LOW"
47,"2","N2","T2",0.847,0.153,"LOW"
48,"2","N2","T2",0.8153,0.1847,"LOW"
49,"2","N2","T2",0.8395,0.1605,"LOW"
50,"2","N2","T2",0.8445,0.1555,"LOW"
51,"2","N2","T2",0.8449,0.1551,"LOW"
52,"2","N2","T2",0.8403,0.1597,"LOW"
53,"2","N2","T2",0.8237,0.1763,"LOW"
54,"2","N2","T2",0.8192,0.1808,"LOW"
55,"2","N2","T2",0.8154,0.1846,"LOW"
56,"2","N2","T2",0.8342,0.1658,"LOW"
57,"2","N2","T2",0.8389,0.1611,"LOW"
58,"2","N2","T2",0.8313,0.1687,"LOW"
59,"2","N2","T2",0.8408,0.1592,"LOW"
60,"2","N2","T2",0.8327,0.1673,"LOW"
61,"2","N2","T2",0.8131,0.1869,"LOW"
62,"2","N2","T2",0.8366,0.1634,"LOW"
63,"2","N2","T2",0.8425,0.1575,"LOW"
64,"2","N2","T2",0.8479,0.1521,"LOW"
65,"2","N2","T2",0.8493,0.1507,"LOW"
66,"2","N2","T2",0.8509,0.1491,"LOW"
67,"2","N2","T2",0.8458,0.1542,"LOW"
68,"2","N2","T2",0.847,0.153,"LOW"
69,"2","N2","T2",0.8526,0.1474,"LOW"
70,"2","N2","T2",0.8473,0.1527,"LOW"
71,"2","N2","T2",0.8515,0.1485,"LOW"
72,"2","N2","T2",0.8223,0.1777,"LOW"
73,"2","N2","T2",0.8548,0.1452,"LOW"
74,"2","N2","T2",0.8501,0.1499,"LOW"
75,"2","N2","T2",0.8575,0.1425,"LOW"
76,"2","N2","T2",0.8578,0.1422,"LOW"
77,"2","N2","T2",0.8534,0.1466,"LOW"
78,"2","N2","T2",0.8476,0.1524,"LOW"
79,"2","N2","T2",0.8599,0.1401,"LOW"
80,"2","N2","T2",0.8568,0.1432,"LOW"
81,"2","N2","T2",0.8369,0.1631,"LOW"
82,"2","N2","T2",0.8594,0.1406,"LOW"
83,"2","N2","T2",0.8571,0.1429,"LOW"
84,"2","N2","T2",0.8534,0.1466,"LOW"
85,"2","N2","T2",0.8146,0.1854,"LOW"
86,"2","N2","T2",0.8471,0.1529,"LOW"
87,"2","N2","T2",0.8224,0.1776,"LOW"
88,"2","N2","T2",0.7837,0.2163,"LOW"
89,"2","N2","T2",0.8344,0.1656,"LOW"
90,"2","N2","T2",0.8365,0.1635,"LOW"
91,"2","N2","T2",0.8365,0.1635,"LOW"
92,"2","N2","T2",0.8365,0.1635,"LOW"
93,"2","N2","T2",0.8365,0.1635,"LOW"
94,"2","N2","T2",0.8365,0.1635,"LOW"
95,"2","N2","T2",0.8365,0.1635,"LOW"
96,"2","N2","T2",0.8365,0.1635,"LOW"
97,"2","N2","T2",0.8365,0.1635,"LOW"
98,"2","N2","T2",0.8365,0.1635,"LOW"
99,"2","N2","T2",0.8365,0.1635,"LOW"
0,"1","N3","T2",0.5728,0.4272,"LOW"
1,"1","N3","T2",0.5728,0.4272,"LOW"
2,"1","N3","T2",0.5728,0.4272,"LOW"
3,"1","N3","T2",0.5728,0.4272,"LOW"
4,"1","N3","T2",0.5728,0.4272,"LOW"
5,"1","N3","T2",0.5728,0.4272,"LOW"
6,"1","N3","T2",0.5728,0.4272,"LOW"
7,"1","N3","T2",0.5728,0.4272,"LOW"
8,"1","N3","T2",0.5728,0.4272,"LOW"
9,"1","N3","T2",0.5728,0.4272,"LOW"
10,"1","N3","T2",0.5728,0.4272,"LOW"
11,"1","N3","T2",0.5728,0.4272,"LOW"
12,"1","N3","T2",0.5728,0.4272,"LOW"
13,"1","N3","T2",0.5728,0.4272,"LOW"
14,"1","N3","T2",0.5728,0.4272,"LOW"
15,"1","N3","T2",0.5728,0.4272,"LOW"
16,"1","N3","T2",0.5728,0.4272,"LOW"
17,"1","N3","T2",0.5728,0.4272,"LOW"
18,"1","N3","T2",0.5728,0.4272,"LOW"
19,"1","N3","T2",0.5728,0.4272,"LOW"
20,"1","N3","T2",0.5728,0.4272,"LOW"
21,"1","N3","T2",0.5705,0.4295,"LOW"
22,"1","N3","T2",0.5685,0.4315,"LOW"
23,"1","N3","T2",0.5631,0.4369,"LOW"
24,"1","N3","T2",0.5576,0.4424,"LOW"
25,"1","N3","T2",0.5552,0.4448,"LOW"
26,"1","N3","T2",0.5499,0.4501,"LOW"
27,"1","N3","T2",0.5442,0.4558,"LOW"
28,"1","N3","T2",0.5423,0.4577,"LOW"
29,"1","N3","T2",0.538,0.462,"LOW"
30,"1","N3","T2",0.5406,0.4594,"LOW"
31,"1","N3","T2",0.5412,0.4588,"LOW"
32,"1","N3","T2",0.54,0.46,"LOW"
33,"1","N3","T2",0.522,0.478,"LOW"
34,"1","N3","T2",0.5139,0.4861,"LOW"
35,"1","N3","T2",0.5011,0.4989,"LOW"
36,"1","N3","T2",0.4913,0.5087,"HIGH"
37,"1","N3","T2",0.4782,0.5218,"HIGH"
38,"1","N3","T2",0.4656,0.5344,"HIGH"
39,"1","N3","T2",0.4544,0.5456,"HIGH"
40,"1","N3","T2",0.4443,0.5557,"HIGH"
41,"1","N3","T2",0.4332,0.5668,"HIGH"
42,"1","N3","T2",0.4127,0.5873,"HIGH"
43,"1","N3","T2",0.4013,0.5987,"HIGH"
44,"1","N3","T2",0.391,0.609,"HIGH"
45,"1","N3","T2",0.3865,0.6135,"HIGH"
46,"1","N3","T2",0.4019,0.5981,"HIGH"
47,"1","N3","T2",0.4161,0.5839,"HIGH"
48,"1","N3","T2",0.4357,0.5643,"HIGH"
49,"1","N3","T2",0.434,0.566,"HIGH"
50,"1","N3","T2",0.4307,0.5693,"HIGH"
51,"1","N3","T2",0.4456,0.5544,"HIGH"
52,"1","N3","T2",0.4496,0.5504,"HIGH"
53,"1","N3","T2",0.4222,0.5778,"HIGH"
54,"1","N3","T2",0.4248,0.5752,"HIGH"
55,"1","N3","T2",0.4092,0.5908,"HIGH"
56,"1","N3","T2",0.3985,0.6015,"HIGH"
57,"1","N3","T2",0.4207,0.5793,"HIGH"
58,"1","N3","T2",0.4137,0.5863,"HIGH"
59,"1","N3","T2",0.4171,0.5829,"HIGH"
60,"1","N3","T2",0.4245,0.5755,"HIGH"
61,"1","N3","T2",0.4228,0.5772,"HIGH"
62,"1","N3","T2",0.4295,0.5705,"HIGH"
63,"1","N3","T2",0.4314,0.5686,"HIGH"
64,"1","N3","T2",0.4193,0.5807,"HIGH"
65,"1","N3","T2",0.4029,0.5971,"HIGH"
66,"1","N3","T2",0.4307,0.5693,"HIGH"
67,"1","N3","T2",0.4223,0.5777,"HIGH"
68,"1","N3","T2",0.4118,0.5882,"HIGH"
69,"1","N3","T2",0.4062,0.5938,"HIGH"
70,"1","N3","T2",0.4073,0.5927,"HIGH"
71,"1","N3","T2",0.4275,0.5725,"HIGH"
72,"1","N3","T2",0.4267,0.5733,"HIGH"
73,"1","N3","T2",0.4414,0.5586,"HIGH"
74,"1","N3","T2",0.425,0.575,"HIGH"
75,"1","N3","T2",0.4096,0.5904,"HIGH"
76,"1","N3","T2",0.3913,0.6087,"HIGH"
77,"1","N3","T2",0.3957,0.6043,"HIGH"
78,"1","N3","T2",0.4037,0.5963,"HIGH"
79,"1","N3","T2",0.3812,0.6188,"HIGH"
80,"1","N3","T2",0.4,0.6,"HIGH"
81,"1","N3","T2",0.4108,0.5892,"HIGH"
82,"1","N3","T2",0.4096,0.5904,"HIGH"
83,"1","N3","T2",0.4024,0.5976,"HIGH"
84,"1","N3","T2",0.3803,0.6197,"HIGH"
85,"1","N3","T2",0.3819,0.6181,"HIGH"
86,"1","N3","T2",0.3678,0.6322,"HIGH"
87,"1","N3","T2",0.4131,0.5869,"HIGH"
88,"1","N3","T2",0.417,0.583,"HIGH"
89,"1","N3","T2",0.4265,0.5735,"HIGH"
90,"1","N3","T2",0.4238,0.5762,"HIGH"
91,"1","N3","T2",0.4238,0.5762,"HIGH"
92,"1","N3","T2",0.4238,0.5762,"HIGH"
93,"1","N3","T2",0.4238,0.5762,"HIGH"
94,"1","N3","T2",0.4238,0.5762,"HIGH"
95,"1","N3","T2",0.4238,0.5762,"HIGH"
96,"1","N3","T2",0.4238,0.5762,"HIGH"
97,"1","N3","T2",0.4238,0.5762,"HIGH"
98,"1","N3","T2",0.4238,0.5762,"HIGH"
99,"1","N3","T2",0.4238,0.5762,"HIGH"
0,"2","N3","T2",0.6798,0.3202,"LOW"
1,"2","N3","T2",0.6798,0.3202,"LOW"
2,"2","N3","T2",0.6798,0.3202,"LOW"
3,"2","N3","T2",0.6798,0.3202,"LOW"
4,"2","N3","T2",0.6798,0.3202,"LOW"
5,"2","N3","T2",0.6798,0.3202,"LOW"
6,"2","N3","T2",0.6798,0.3202,"LOW"
7,"2","N3","T2",0.6798,0.3202,"LOW"
8,"2","N3","T2",0.6798,0.3202,"LOW"
9,"2","N3","T2",0.6798,0.3202,"LOW"
10,"2","N3","T2",0.6798,0.3202,"LOW"
11,"2","N3","T2",0.6798,0.3202,"LOW"
12,"2","N3","T2",0.6798,0.3202,"LOW"
13,"2","N3","T2",0.6798,0.3202,"LOW"
14,"2","N3","T2",0.6798,0.3202,"LOW"
15,"2","N3","T2",0.6798,0.3202,"LOW"
16,"2","N3","T2",0.6798,0.3202,"LOW"
17,"2","N3","T2",0.6798,0.3202,"LOW"
18,"2","N3","T2",0.6798,0.3202,"LOW"
19,"2","N3","T2",0.6798,0.3202,"LOW"
20,"2","N3","T2",0.6798,0.3202,"LOW"
21,"2","N3","T2",0.6739,0.3261,"LOW"
22,"2","N3","T2",0.6693,0.3307,"LOW"
23,"2","N3","T2",0.6597,0.3403,"LOW"
24,"2","N3","T2",0.6503,0.3497,"LOW"
25,"2","N3","T2",0.6411,0.3589,"LOW"
26,"2","N3","T2",0.6362,0.3638,"LOW"
27,"2","N3","T2",0.6242,0.3758,"LOW"
28,"2","N3","T2",0.6154,0.3846,"LOW"
29,"2","N3","T2",0.6111,0.3889,"LOW"
30,"2","N3","T2",0.5989,0.4011,"LOW"
31,"2","N3","T2",0.5965,0.4035,"LOW"
32,"2","N3","T2",0.588,0.412,"LOW"
33,"2","N3","T2",0.5796,0.4204,"LOW"
34,"2","N3","T2",0.5728,0.4272,"LOW"
35,"2","N3","T2",0.5657,0.4343,"LOW"
36,"2","N3","T2",0.5664,0.4336,"LOW"
37,"2","N3","T2",0.5564,0.4436,"LOW"
38,"2","N3","T2",0.5435,0.4565,"LOW"
39,"2","N3","T2",0.532,0.468,"LOW"
40,"2","N3","T2",0.5279,0.4721,"LOW"
41,"2","N3","T2",0.521,0.479,"LOW"
42,"2","N3","T2",0.5118,0.4882,"LOW"
43,"2","N3","T2",0.5048,0.4952,"LOW"
44,"2","N3","T2",0.4996,0.5004,"HIGH"
45,"2","N3","T2",0.4843,0.5157,"HIGH"
46,"2","N3","T2",0.487,0.513,"HIGH"
47,"2","N3","T2",0.4879,0.5121,"HIGH"
48,"2","N3","T2",0.4829,0.5171,"HIGH"
49,"2","N3","T2",0.4721,0.5279,"HIGH"
50,"2","N3","T2",0.4657,0.5343,"HIGH"
51,"2","N3","T2",0.466,0.534,"HIGH"
52,"2","N3","T2",0.5145,0.4855,"LOW"
53,"2","N3","T2",0.5004,0.4996,"LOW"
54,"2","N3","T2",0.4494,0.5506,"HIGH"
55,"2","N3","T2",0.473,0.527,"HIGH"
56,"2","N3","T2",0.4872,0.5128,"HIGH"
57,"2","N3","T2",0.536,0.464,"LOW"
58,"2","N3","T2",0.5419,0.4581,"LOW"
59,"2","N3","T2",0.5443,0.4557,"LOW"
60,"2","N3","T2",0.5574,0.4426,"LOW"
61,"2","N3","T2",0.5579,0.4421,"LOW"
62,"2","N3","T2",0.5635,0.4365,"LOW"
63,"2","N3","T2",0.5619,0.4381,"LOW"
64,"2","N3","T2",0.5649,0.4351,"LOW"
65,"2","N3","T2",0.5602,0.4398,"LOW"
66,"2","N3","T2",0.5413,0.4587,"LOW"
67,"2","N3","T2",0.4984,0.5016,"HIGH"
68,"2","N3","T2",0.4684,0.5316,"HIGH"
69,"2","N3","T2",0.4653,0.5347,"HIGH"
70,"2","N3","T2",0.5056,0.4944,"LOW"
71,"2","N3","T2",0.4574,0.5426,"HIGH"
72,"2","N3","T2",0.4514,0.5486,"HIGH"
73,"2","N3","T2",0.4502,0.5498,"HIGH"
74,"2","N3","T2",0.461,0.539,"HIGH"
75,"2","N3","T2",0.4855,0.5145,"HIGH"
76,"2","N3","T2",0.5528,0.4472,"LOW"
77,"2","N3","T2",0.5805,0.4195,"LOW"
78,"2","N3","T2",0.5856,0.4144,"LOW"
79,"2","N3","T2",0.6096,0.3904,"LOW"
80,"2","N3","T2",0.6201,0.3799,"LOW"
81,"2","N3","T2",0.6326,0.3674,"LOW"
82,"2","N3","T2",0.6391,0.3609,"LOW"
83,"2","N3","T2",0.64,0.36,"LOW"
84,"2","N3","T2",0.6586,0.3414,"LOW"
85,"2","N3","T2",0.6582,0.3418,"LOW"
86,"2","N3","T2",0.6631,0.3369,"LOW"
87,"2","N3","T2",0.6847,0.3153,"LOW"
88,"2","N3","T2",0.6904,0.3096,"LOW"
89,"2","N3","T2",0.6986,0.3014,"LOW"
90,"2","N3","T2",0.705,0.295,"LOW"
91,"2","N3","T2",0.705,0.295,"LOW"
92,"2","N3","T2",0.705,0.295,"LOW"
93,"2","N3","T2",0.705,0.295,"LOW"
94,"2","N3","T2",0.705,0.295,"LOW"
95,"2","N3","T2",0.705,0.295,"LOW"
96,"2","N3","T2",0.705,0.295,"LOW"
97,"2","N3","T2",0.705,0.295,"LOW"
98,"2","N3","T2",0.705,0.295,"LOW"
99,"2","N3","T2",0.705,0.295,"LOW"
0,"1","Other/Unknown","T2",0.7167,0.2833,"LOW"
1,"1","Other/Unknown","T2",0.7167,0.2833,"LOW"
2,"1","Other/Unknown","T2",0.7167,0.2833,"LOW"
3,"1","Other/Unknown","T2",0.7167,0.2833,"LOW"
4,"1","Other/Unknown","T2",0.7167,0.2833,"LOW"
5,"1","Other/Unknown","T2",0.7167,0.2833,"LOW"
6,"1","Other/Unknown","T2",0.7167,0.2833,"LOW"
7,"1","Other/Unknown","T2",0.7167,0.2833,"LOW"
8,"1","Other/Unknown","T2",0.7167,0.2833,"LOW"
9,"1","Other/Unknown","T2",0.7167,0.2833,"LOW"
10,"1","Other/Unknown","T2",0.7167,0.2833,"LOW"
11,"1","Other/Unknown","T2",0.7167,0.2833,"LOW"
12,"1","Other/Unknown","T2",0.7167,0.2833,"LOW"
13,"1","Other/Unknown","T2",0.7167,0.2833,"LOW"
14,"1","Other/Unknown","T2",0.7167,0.2833,"LOW"
15,"1","Other/Unknown","T2",0.7167,0.2833,"LOW"
16,"1","Other/Unknown","T2",0.7167,0.2833,"LOW"
17,"1","Other/Unknown","T2",0.7167,0.2833,"LOW"
18,"1","Other/Unknown","T2",0.7177,0.2823,"LOW"
19,"1","Other/Unknown","T2",0.7189,0.2811,"LOW"
20,"1","Other/Unknown","T2",0.7189,0.2811,"LOW"
21,"1","Other/Unknown","T2",0.7189,0.2811,"LOW"
22,"1","Other/Unknown","T2",0.7187,0.2813,"LOW"
23,"1","Other/Unknown","T2",0.7197,0.2803,"LOW"
24,"1","Other/Unknown","T2",0.7232,0.2768,"LOW"
25,"1","Other/Unknown","T2",0.7232,0.2768,"LOW"
26,"1","Other/Unknown","T2",0.7194,0.2806,"LOW"
27,"1","Other/Unknown","T2",0.7194,0.2806,"LOW"
28,"1","Other/Unknown","T2",0.7194,0.2806,"LOW"
29,"1","Other/Unknown","T2",0.7202,0.2798,"LOW"
30,"1","Other/Unknown","T2",0.7213,0.2787,"LOW"
31,"1","Other/Unknown","T2",0.7119,0.2881,"LOW"
32,"1","Other/Unknown","T2",0.7058,0.2942,"LOW"
33,"1","Other/Unknown","T2",0.6936,0.3064,"LOW"
34,"1","Other/Unknown","T2",0.6847,0.3153,"LOW"
35,"1","Other/Unknown","T2",0.686,0.314,"LOW"
36,"1","Other/Unknown","T2",0.6761,0.3239,"LOW"
37,"1","Other/Unknown","T2",0.6706,0.3294,"LOW"
38,"1","Other/Unknown","T2",0.6612,0.3388,"LOW"
39,"1","Other/Unknown","T2",0.6545,0.3455,"LOW"
40,"1","Other/Unknown","T2",0.6674,0.3326,"LOW"
41,"1","Other/Unknown","T2",0.7033,0.2967,"LOW"
42,"1","Other/Unknown","T2",0.7152,0.2848,"LOW"
43,"1","Other/Unknown","T2",0.7162,0.2838,"LOW"
44,"1","Other/Unknown","T2",0.7239,0.2761,"LOW"
45,"1","Other/Unknown","T2",0.7182,0.2818,"LOW"
46,"1","Other/Unknown","T2",0.7089,0.2911,"LOW"
47,"1","Other/Unknown","T2",0.6744,0.3256,"LOW"
48,"1","Other/Unknown","T2",0.6453,0.3547,"LOW"
49,"1","Other/Unknown","T2",0.5785,0.4215,"LOW"
50,"1","Other/Unknown","T2",0.5099,0.4901,"LOW"
51,"1","Other/Unknown","T2",0.5254,0.4746,"LOW"
52,"1","Other/Unknown","T2",0.5775,0.4225,"LOW"
53,"1","Other/Unknown","T2",0.5591,0.4409,"LOW"
54,"1","Other/Unknown","T2",0.6095,0.3905,"LOW"
55,"1","Other/Unknown","T2",0.5824,0.4176,"LOW"
56,"1","Other/Unknown","T2",0.6122,0.3878,"LOW"
57,"1","Other/Unknown","T2",0.609,0.391,"LOW"
58,"1","Other/Unknown","T2",0.6114,0.3886,"LOW"
59,"1","Other/Unknown","T2",0.606,0.394,"LOW"
60,"1","Other/Unknown","T2",0.6466,0.3534,"LOW"
61,"1","Other/Unknown","T2",0.6419,0.3581,"LOW"
62,"1","Other/Unknown","T2",0.6153,0.3847,"LOW"
63,"1","Other/Unknown","T2",0.6119,0.3881,"LOW"
64,"1","Other/Unknown","T2",0.6323,0.3677,"LOW"
65,"1","Other/Unknown","T2",0.6166,0.3834,"LOW"
66,"1","Other/Unknown","T2",0.6129,0.3871,"LOW"
67,"1","Other/Unknown","T2",0.6483,0.3517,"LOW"
68,"1","Other/Unknown","T2",0.6649,0.3351,"LOW"
69,"1","Other/Unknown","T2",0.669,0.331,"LOW"
70,"1","Other/Unknown","T2",0.6737,0.3263,"LOW"
71,"1","Other/Unknown","T2",0.6501,0.3499,"LOW"
72,"1","Other/Unknown","T2",0.6245,0.3755,"LOW"
73,"1","Other/Unknown","T2",0.5986,0.4014,"LOW"
74,"1","Other/Unknown","T2",0.6497,0.3503,"LOW"
75,"1","Other/Unknown","T2",0.6282,0.3718,"LOW"
76,"1","Other/Unknown","T2",0.6461,0.3539,"LOW"
77,"1","Other/Unknown","T2",0.694,0.306,"LOW"
78,"1","Other/Unknown","T2",0.6807,0.3193,"LOW"
79,"1","Other/Unknown","T2",0.6878,0.3122,"LOW"
80,"1","Other/Unknown","T2",0.6989,0.3011,"LOW"
81,"1","Other/Unknown","T2",0.711,0.289,"LOW"
82,"1","Other/Unknown","T2",0.7243,0.2757,"LOW"
83,"1","Other/Unknown","T2",0.7194,0.2806,"LOW"
84,"1","Other/Unknown","T2",0.7227,0.2773,"LOW"
85,"1","Other/Unknown","T2",0.7105,0.2895,"LOW"
86,"1","Other/Unknown","T2",0.7071,0.2929,"LOW"
87,"1","Other/Unknown","T2",0.6743,0.3257,"LOW"
88,"1","Other/Unknown","T2",0.6719,0.3281,"LOW"
89,"1","Other/Unknown","T2",0.5771,0.4229,"LOW"
90,"1","Other/Unknown","T2",0.6219,0.3781,"LOW"
91,"1","Other/Unknown","T2",0.6219,0.3781,"LOW"
92,"1","Other/Unknown","T2",0.6219,0.3781,"LOW"
93,"1","Other/Unknown","T2",0.6219,0.3781,"LOW"
94,"1","Other/Unknown","T2",0.6219,0.3781,"LOW"
95,"1","Other/Unknown","T2",0.6219,0.3781,"LOW"
96,"1","Other/Unknown","T2",0.6219,0.3781,"LOW"
97,"1","Other/Unknown","T2",0.6219,0.3781,"LOW"
98,"1","Other/Unknown","T2",0.6219,0.3781,"LOW"
99,"1","Other/Unknown","T2",0.6219,0.3781,"LOW"
0,"2","Other/Unknown","T2",0.7605,0.2395,"LOW"
1,"2","Other/Unknown","T2",0.7605,0.2395,"LOW"
2,"2","Other/Unknown","T2",0.7605,0.2395,"LOW"
3,"2","Other/Unknown","T2",0.7605,0.2395,"LOW"
4,"2","Other/Unknown","T2",0.7605,0.2395,"LOW"
5,"2","Other/Unknown","T2",0.7605,0.2395,"LOW"
6,"2","Other/Unknown","T2",0.7605,0.2395,"LOW"
7,"2","Other/Unknown","T2",0.7605,0.2395,"LOW"
8,"2","Other/Unknown","T2",0.7605,0.2395,"LOW"
9,"2","Other/Unknown","T2",0.7605,0.2395,"LOW"
10,"2","Other/Unknown","T2",0.7605,0.2395,"LOW"
11,"2","Other/Unknown","T2",0.7605,0.2395,"LOW"
12,"2","Other/Unknown","T2",0.7605,0.2395,"LOW"
13,"2","Other/Unknown","T2",0.7605,0.2395,"LOW"
14,"2","Other/Unknown","T2",0.7605,0.2395,"LOW"
15,"2","Other/Unknown","T2",0.7605,0.2395,"LOW"
16,"2","Other/Unknown","T2",0.7605,0.2395,"LOW"
17,"2","Other/Unknown","T2",0.7605,0.2395,"LOW"
18,"2","Other/Unknown","T2",0.7605,0.2395,"LOW"
19,"2","Other/Unknown","T2",0.7605,0.2395,"LOW"
20,"2","Other/Unknown","T2",0.7598,0.2402,"LOW"
21,"2","Other/Unknown","T2",0.7575,0.2425,"LOW"
22,"2","Other/Unknown","T2",0.7575,0.2425,"LOW"
23,"2","Other/Unknown","T2",0.7525,0.2475,"LOW"
24,"2","Other/Unknown","T2",0.7525,0.2475,"LOW"
25,"2","Other/Unknown","T2",0.7565,0.2435,"LOW"
26,"2","Other/Unknown","T2",0.7565,0.2435,"LOW"
27,"2","Other/Unknown","T2",0.7561,0.2439,"LOW"
28,"2","Other/Unknown","T2",0.7578,0.2422,"LOW"
29,"2","Other/Unknown","T2",0.7564,0.2436,"LOW"
30,"2","Other/Unknown","T2",0.7561,0.2439,"LOW"
31,"2","Other/Unknown","T2",0.7551,0.2449,"LOW"
32,"2","Other/Unknown","T2",0.7613,0.2387,"LOW"
33,"2","Other/Unknown","T2",0.7568,0.2432,"LOW"
34,"2","Other/Unknown","T2",0.7505,0.2495,"LOW"
35,"2","Other/Unknown","T2",0.7488,0.2512,"LOW"
36,"2","Other/Unknown","T2",0.7457,0.2543,"LOW"
37,"2","Other/Unknown","T2",0.7398,0.2602,"LOW"
38,"2","Other/Unknown","T2",0.7372,0.2628,"LOW"
39,"2","Other/Unknown","T2",0.735,0.265,"LOW"
40,"2","Other/Unknown","T2",0.7423,0.2577,"LOW"
41,"2","Other/Unknown","T2",0.7511,0.2489,"LOW"
42,"2","Other/Unknown","T2",0.7559,0.2441,"LOW"
43,"2","Other/Unknown","T2",0.7493,0.2507,"LOW"
44,"2","Other/Unknown","T2",0.753,0.247,"LOW"
45,"2","Other/Unknown","T2",0.7522,0.2478,"LOW"
46,"2","Other/Unknown","T2",0.7477,0.2523,"LOW"
47,"2","Other/Unknown","T2",0.7282,0.2718,"LOW"
48,"2","Other/Unknown","T2",0.7025,0.2975,"LOW"
49,"2","Other/Unknown","T2",0.6891,0.3109,"LOW"
50,"2","Other/Unknown","T2",0.6774,0.3226,"LOW"
51,"2","Other/Unknown","T2",0.6975,0.3025,"LOW"
52,"2","Other/Unknown","T2",0.7128,0.2872,"LOW"
53,"2","Other/Unknown","T2",0.7102,0.2898,"LOW"
54,"2","Other/Unknown","T2",0.6841,0.3159,"LOW"
55,"2","Other/Unknown","T2",0.5923,0.4077,"LOW"
56,"2","Other/Unknown","T2",0.6117,0.3883,"LOW"
57,"2","Other/Unknown","T2",0.6326,0.3674,"LOW"
58,"2","Other/Unknown","T2",0.6497,0.3503,"LOW"
59,"2","Other/Unknown","T2",0.6507,0.3493,"LOW"
60,"2","Other/Unknown","T2",0.6794,0.3206,"LOW"
61,"2","Other/Unknown","T2",0.6905,0.3095,"LOW"
62,"2","Other/Unknown","T2",0.6949,0.3051,"LOW"
63,"2","Other/Unknown","T2",0.6377,0.3623,"LOW"
64,"2","Other/Unknown","T2",0.5852,0.4148,"LOW"
65,"2","Other/Unknown","T2",0.6826,0.3174,"LOW"
66,"2","Other/Unknown","T2",0.6817,0.3183,"LOW"
67,"2","Other/Unknown","T2",0.6907,0.3093,"LOW"
68,"2","Other/Unknown","T2",0.6607,0.3393,"LOW"
69,"2","Other/Unknown","T2",0.6998,0.3002,"LOW"
70,"2","Other/Unknown","T2",0.702,0.298,"LOW"
71,"2","Other/Unknown","T2",0.6821,0.3179,"LOW"
72,"2","Other/Unknown","T2",0.6522,0.3478,"LOW"
73,"2","Other/Unknown","T2",0.6376,0.3624,"LOW"
74,"2","Other/Unknown","T2",0.6396,0.3604,"LOW"
75,"2","Other/Unknown","T2",0.6528,0.3472,"LOW"
76,"2","Other/Unknown","T2",0.589,0.411,"LOW"
77,"2","Other/Unknown","T2",0.6662,0.3338,"LOW"
78,"2","Other/Unknown","T2",0.6876,0.3124,"LOW"
79,"2","Other/Unknown","T2",0.6794,0.3206,"LOW"
80,"2","Other/Unknown","T2",0.6707,0.3293,"LOW"
81,"2","Other/Unknown","T2",0.6335,0.3665,"LOW"
82,"2","Other/Unknown","T2",0.6064,0.3936,"LOW"
83,"2","Other/Unknown","T2",0.5576,0.4424,"LOW"
84,"2","Other/Unknown","T2",0.5638,0.4362,"LOW"
85,"2","Other/Unknown","T2",0.6325,0.3675,"LOW"
86,"2","Other/Unknown","T2",0.721,0.279,"LOW"
87,"2","Other/Unknown","T2",0.7213,0.2787,"LOW"
88,"2","Other/Unknown","T2",0.7542,0.2458,"LOW"
89,"2","Other/Unknown","T2",0.7437,0.2563,"LOW"
90,"2","Other/Unknown","T2",0.789,0.211,"LOW"
91,"2","Other/Unknown","T2",0.789,0.211,"LOW"
92,"2","Other/Unknown","T2",0.789,0.211,"LOW"
93,"2","Other/Unknown","T2",0.789,0.211,"LOW"
94,"2","Other/Unknown","T2",0.789,0.211,"LOW"
95,"2","Other/Unknown","T2",0.789,0.211,"LOW"
96,"2","Other/Unknown","T2",0.789,0.211,"LOW"
97,"2","Other/Unknown","T2",0.789,0.211,"LOW"
98,"2","Other/Unknown","T2",0.789,0.211,"LOW"
99,"2","Other/Unknown","T2",0.789,0.211,"LOW"
0,"1","N0","T3",0.7355,0.2645,"LOW"
1,"1","N0","T3",0.7355,0.2645,"LOW"
2,"1","N0","T3",0.7355,0.2645,"LOW"
3,"1","N0","T3",0.7355,0.2645,"LOW"
4,"1","N0","T3",0.7355,0.2645,"LOW"
5,"1","N0","T3",0.7355,0.2645,"LOW"
6,"1","N0","T3",0.7355,0.2645,"LOW"
7,"1","N0","T3",0.7355,0.2645,"LOW"
8,"1","N0","T3",0.7355,0.2645,"LOW"
9,"1","N0","T3",0.7355,0.2645,"LOW"
10,"1","N0","T3",0.7355,0.2645,"LOW"
11,"1","N0","T3",0.7355,0.2645,"LOW"
12,"1","N0","T3",0.7355,0.2645,"LOW"
13,"1","N0","T3",0.7355,0.2645,"LOW"
14,"1","N0","T3",0.7355,0.2645,"LOW"
15,"1","N0","T3",0.7355,0.2645,"LOW"
16,"1","N0","T3",0.737,0.263,"LOW"
17,"1","N0","T3",0.7644,0.2356,"LOW"
18,"1","N0","T3",0.7967,0.2033,"LOW"
19,"1","N0","T3",0.8312,0.1688,"LOW"
20,"1","N0","T3",0.8747,0.1253,"LOW"
21,"1","N0","T3",0.8779,0.1221,"LOW"
22,"1","N0","T3",0.8891,0.1109,"LOW"
23,"1","N0","T3",0.8901,0.1099,"LOW"
24,"1","N0","T3",0.8929,0.1071,"LOW"
25,"1","N0","T3",0.8961,0.1039,"LOW"
26,"1","N0","T3",0.8933,0.1067,"LOW"
27,"1","N0","T3",0.9008,0.0992,"LOW"
28,"1","N0","T3",0.9091,0.0909,"LOW"
29,"1","N0","T3",0.9084,0.0916,"LOW"
30,"1","N0","T3",0.8869,0.1131,"LOW"
31,"1","N0","T3",0.9032,0.0968,"LOW"
32,"1","N0","T3",0.9085,0.0915,"LOW"
33,"1","N0","T3",0.9131,0.0869,"LOW"
34,"1","N0","T3",0.8872,0.1128,"LOW"
35,"1","N0","T3",0.9196,0.0804,"LOW"
36,"1","N0","T3",0.9224,0.0776,"LOW"
37,"1","N0","T3",0.9224,0.0776,"LOW"
38,"1","N0","T3",0.9227,0.0773,"LOW"
39,"1","N0","T3",0.9208,0.0792,"LOW"
40,"1","N0","T3",0.9201,0.0799,"LOW"
41,"1","N0","T3",0.9136,0.0864,"LOW"
42,"1","N0","T3",0.9138,0.0862,"LOW"
43,"1","N0","T3",0.9005,0.0995,"LOW"
44,"1","N0","T3",0.9082,0.0918,"LOW"
45,"1","N0","T3",0.9108,0.0892,"LOW"
46,"1","N0","T3",0.9194,0.0806,"LOW"
47,"1","N0","T3",0.9174,0.0826,"LOW"
48,"1","N0","T3",0.9156,0.0844,"LOW"
49,"1","N0","T3",0.9174,0.0826,"LOW"
50,"1","N0","T3",0.9111,0.0889,"LOW"
51,"1","N0","T3",0.9124,0.0876,"LOW"
52,"1","N0","T3",0.9142,0.0858,"LOW"
53,"1","N0","T3",0.9178,0.0822,"LOW"
54,"1","N0","T3",0.9158,0.0842,"LOW"
55,"1","N0","T3",0.9169,0.0831,"LOW"
56,"1","N0","T3",0.9189,0.0811,"LOW"
57,"1","N0","T3",0.9171,0.0829,"LOW"
58,"1","N0","T3",0.9178,0.0822,"LOW"
59,"1","N0","T3",0.917,0.083,"LOW"
60,"1","N0","T3",0.917,0.083,"LOW"
61,"1","N0","T3",0.9166,0.0834,"LOW"
62,"1","N0","T3",0.9166,0.0834,"LOW"
63,"1","N0","T3",0.9157,0.0843,"LOW"
64,"1","N0","T3",0.9145,0.0855,"LOW"
65,"1","N0","T3",0.9155,0.0845,"LOW"
66,"1","N0","T3",0.9155,0.0845,"LOW"
67,"1","N0","T3",0.9183,0.0817,"LOW"
68,"1","N0","T3",0.9208,0.0792,"LOW"
69,"1","N0","T3",0.9176,0.0824,"LOW"
70,"1","N0","T3",0.9188,0.0812,"LOW"
71,"1","N0","T3",0.9184,0.0816,"LOW"
72,"1","N0","T3",0.9185,0.0815,"LOW"
73,"1","N0","T3",0.9198,0.0802,"LOW"
74,"1","N0","T3",0.919,0.081,"LOW"
75,"1","N0","T3",0.9195,0.0805,"LOW"
76,"1","N0","T3",0.9211,0.0789,"LOW"
77,"1","N0","T3",0.9218,0.0782,"LOW"
78,"1","N0","T3",0.92,0.08,"LOW"
79,"1","N0","T3",0.9191,0.0809,"LOW"
80,"1","N0","T3",0.9216,0.0784,"LOW"
81,"1","N0","T3",0.9188,0.0812,"LOW"
82,"1","N0","T3",0.9209,0.0791,"LOW"
83,"1","N0","T3",0.9207,0.0793,"LOW"
84,"1","N0","T3",0.9214,0.0786,"LOW"
85,"1","N0","T3",0.9237,0.0763,"LOW"
86,"1","N0","T3",0.9191,0.0809,"LOW"
87,"1","N0","T3",0.9235,0.0765,"LOW"
88,"1","N0","T3",0.9264,0.0736,"LOW"
89,"1","N0","T3",0.922,0.078,"LOW"
90,"1","N0","T3",0.9252,0.0748,"LOW"
91,"1","N0","T3",0.9252,0.0748,"LOW"
92,"1","N0","T3",0.9252,0.0748,"LOW"
93,"1","N0","T3",0.9252,0.0748,"LOW"
94,"1","N0","T3",0.9252,0.0748,"LOW"
95,"1","N0","T3",0.9252,0.0748,"LOW"
96,"1","N0","T3",0.9252,0.0748,"LOW"
97,"1","N0","T3",0.9252,0.0748,"LOW"
98,"1","N0","T3",0.9252,0.0748,"LOW"
99,"1","N0","T3",0.9252,0.0748,"LOW"
0,"2","N0","T3",0.8359,0.1641,"LOW"
1,"2","N0","T3",0.8359,0.1641,"LOW"
2,"2","N0","T3",0.8359,0.1641,"LOW"
3,"2","N0","T3",0.8359,0.1641,"LOW"
4,"2","N0","T3",0.8359,0.1641,"LOW"
5,"2","N0","T3",0.8359,0.1641,"LOW"
6,"2","N0","T3",0.8359,0.1641,"LOW"
7,"2","N0","T3",0.8359,0.1641,"LOW"
8,"2","N0","T3",0.8359,0.1641,"LOW"
9,"2","N0","T3",0.8359,0.1641,"LOW"
10,"2","N0","T3",0.8359,0.1641,"LOW"
11,"2","N0","T3",0.8359,0.1641,"LOW"
12,"2","N0","T3",0.8359,0.1641,"LOW"
13,"2","N0","T3",0.8359,0.1641,"LOW"
14,"2","N0","T3",0.8359,0.1641,"LOW"
15,"2","N0","T3",0.8359,0.1641,"LOW"
16,"2","N0","T3",0.8359,0.1641,"LOW"
17,"2","N0","T3",0.8495,0.1505,"LOW"
18,"2","N0","T3",0.8642,0.1358,"LOW"
19,"2","N0","T3",0.8817,0.1183,"LOW"
20,"2","N0","T3",0.9,0.1,"LOW"
21,"2","N0","T3",0.9011,0.0989,"LOW"
22,"2","N0","T3",0.9096,0.0904,"LOW"
23,"2","N0","T3",0.9109,0.0891,"LOW"
24,"2","N0","T3",0.9129,0.0871,"LOW"
25,"2","N0","T3",0.9172,0.0828,"LOW"
26,"2","N0","T3",0.9145,0.0855,"LOW"
27,"2","N0","T3",0.9192,0.0808,"LOW"
28,"2","N0","T3",0.9232,0.0768,"LOW"
29,"2","N0","T3",0.9202,0.0798,"LOW"
30,"2","N0","T3",0.9158,0.0842,"LOW"
31,"2","N0","T3",0.8968,0.1032,"LOW"
32,"2","N0","T3",0.8777,0.1223,"LOW"
33,"2","N0","T3",0.8567,0.1433,"LOW"
34,"2","N0","T3",0.895,0.105,"LOW"
35,"2","N0","T3",0.9134,0.0866,"LOW"
36,"2","N0","T3",0.9143,0.0857,"LOW"
37,"2","N0","T3",0.9153,0.0847,"LOW"
38,"2","N0","T3",0.8985,0.1015,"LOW"
39,"2","N0","T3",0.867,0.133,"LOW"
40,"2","N0","T3",0.9051,0.0949,"LOW"
41,"2","N0","T3",0.9138,0.0862,"LOW"
42,"2","N0","T3",0.9068,0.0932,"LOW"
43,"2","N0","T3",0.9208,0.0792,"LOW"
44,"2","N0","T3",0.9201,0.0799,"LOW"
45,"2","N0","T3",0.9181,0.0819,"LOW"
46,"2","N0","T3",0.8986,0.1014,"LOW"
47,"2","N0","T3",0.918,0.082,"LOW"
48,"2","N0","T3",0.9275,0.0725,"LOW"
49,"2","N0","T3",0.9307,0.0693,"LOW"
50,"2","N0","T3",0.9294,0.0706,"LOW"
51,"2","N0","T3",0.9261,0.0739,"LOW"
52,"2","N0","T3",0.9226,0.0774,"LOW"
53,"2","N0","T3",0.9184,0.0816,"LOW"
54,"2","N0","T3",0.9283,0.0717,"LOW"
55,"2","N0","T3",0.9257,0.0743,"LOW"
56,"2","N0","T3",0.929,0.071,"LOW"
57,"2","N0","T3",0.9281,0.0719,"LOW"
58,"2","N0","T3",0.9264,0.0736,"LOW"
59,"2","N0","T3",0.9254,0.0746,"LOW"
60,"2","N0","T3",0.9259,0.0741,"LOW"
61,"2","N0","T3",0.9213,0.0787,"LOW"
62,"2","N0","T3",0.9185,0.0815,"LOW"
63,"2","N0","T3",0.9211,0.0789,"LOW"
64,"2","N0","T3",0.9198,0.0802,"LOW"
65,"2","N0","T3",0.9195,0.0805,"LOW"
66,"2","N0","T3",0.9209,0.0791,"LOW"
67,"2","N0","T3",0.9213,0.0787,"LOW"
68,"2","N0","T3",0.9196,0.0804,"LOW"
69,"2","N0","T3",0.9229,0.0771,"LOW"
70,"2","N0","T3",0.9234,0.0766,"LOW"
71,"2","N0","T3",0.9239,0.0761,"LOW"
72,"2","N0","T3",0.9214,0.0786,"LOW"
73,"2","N0","T3",0.9245,0.0755,"LOW"
74,"2","N0","T3",0.9214,0.0786,"LOW"
75,"2","N0","T3",0.9276,0.0724,"LOW"
76,"2","N0","T3",0.9269,0.0731,"LOW"
77,"2","N0","T3",0.9274,0.0726,"LOW"
78,"2","N0","T3",0.9273,0.0727,"LOW"
79,"2","N0","T3",0.9284,0.0716,"LOW"
80,"2","N0","T3",0.9281,0.0719,"LOW"
81,"2","N0","T3",0.9288,0.0712,"LOW"
82,"2","N0","T3",0.9312,0.0688,"LOW"
83,"2","N0","T3",0.9277,0.0723,"LOW"
84,"2","N0","T3",0.9342,0.0658,"LOW"
85,"2","N0","T3",0.9353,0.0647,"LOW"
86,"2","N0","T3",0.9307,0.0693,"LOW"
87,"2","N0","T3",0.9328,0.0672,"LOW"
88,"2","N0","T3",0.9294,0.0706,"LOW"
89,"2","N0","T3",0.9381,0.0619,"LOW"
90,"2","N0","T3",0.9273,0.0727,"LOW"
91,"2","N0","T3",0.9273,0.0727,"LOW"
92,"2","N0","T3",0.9273,0.0727,"LOW"
93,"2","N0","T3",0.9273,0.0727,"LOW"
94,"2","N0","T3",0.9273,0.0727,"LOW"
95,"2","N0","T3",0.9273,0.0727,"LOW"
96,"2","N0","T3",0.9273,0.0727,"LOW"
97,"2","N0","T3",0.9273,0.0727,"LOW"
98,"2","N0","T3",0.9273,0.0727,"LOW"
99,"2","N0","T3",0.9273,0.0727,"LOW"
0,"1","N1","T3",0.6926,0.3074,"LOW"
1,"1","N1","T3",0.6926,0.3074,"LOW"
2,"1","N1","T3",0.6926,0.3074,"LOW"
3,"1","N1","T3",0.6926,0.3074,"LOW"
4,"1","N1","T3",0.6926,0.3074,"LOW"
5,"1","N1","T3",0.6926,0.3074,"LOW"
6,"1","N1","T3",0.6926,0.3074,"LOW"
7,"1","N1","T3",0.6926,0.3074,"LOW"
8,"1","N1","T3",0.6926,0.3074,"LOW"
9,"1","N1","T3",0.6926,0.3074,"LOW"
10,"1","N1","T3",0.6926,0.3074,"LOW"
11,"1","N1","T3",0.6926,0.3074,"LOW"
12,"1","N1","T3",0.6926,0.3074,"LOW"
13,"1","N1","T3",0.6926,0.3074,"LOW"
14,"1","N1","T3",0.6926,0.3074,"LOW"
15,"1","N1","T3",0.6926,0.3074,"LOW"
16,"1","N1","T3",0.7684,0.2316,"LOW"
17,"1","N1","T3",0.7675,0.2325,"LOW"
18,"1","N1","T3",0.7724,0.2276,"LOW"
19,"1","N1","T3",0.7793,0.2207,"LOW"
20,"1","N1","T3",0.7917,0.2083,"LOW"
21,"1","N1","T3",0.8005,0.1995,"LOW"
22,"1","N1","T3",0.806,0.194,"LOW"
23,"1","N1","T3",0.8036,0.1964,"LOW"
24,"1","N1","T3",0.8016,0.1984,"LOW"
25,"1","N1","T3",0.794,0.206,"LOW"
26,"1","N1","T3",0.787,0.213,"LOW"
27,"1","N1","T3",0.8059,0.1941,"LOW"
28,"1","N1","T3",0.7986,0.2014,"LOW"
29,"1","N1","T3",0.8038,0.1962,"LOW"
30,"1","N1","T3",0.7972,0.2028,"LOW"
31,"1","N1","T3",0.7812,0.2188,"LOW"
32,"1","N1","T3",0.7816,0.2184,"LOW"
33,"1","N1","T3",0.7949,0.2051,"LOW"
34,"1","N1","T3",0.7998,0.2002,"LOW"
35,"1","N1","T3",0.8082,0.1918,"LOW"
36,"1","N1","T3",0.7989,0.2011,"LOW"
37,"1","N1","T3",0.7968,0.2032,"LOW"
38,"1","N1","T3",0.7998,0.2002,"LOW"
39,"1","N1","T3",0.7978,0.2022,"LOW"
40,"1","N1","T3",0.8017,0.1983,"LOW"
41,"1","N1","T3",0.8052,0.1948,"LOW"
42,"1","N1","T3",0.8081,0.1919,"LOW"
43,"1","N1","T3",0.8102,0.1898,"LOW"
44,"1","N1","T3",0.8065,0.1935,"LOW"
45,"1","N1","T3",0.8075,0.1925,"LOW"
46,"1","N1","T3",0.8064,0.1936,"LOW"
47,"1","N1","T3",0.8094,0.1906,"LOW"
48,"1","N1","T3",0.8121,0.1879,"LOW"
49,"1","N1","T3",0.8129,0.1871,"LOW"
50,"1","N1","T3",0.8133,0.1867,"LOW"
51,"1","N1","T3",0.8144,0.1856,"LOW"
52,"1","N1","T3",0.8154,0.1846,"LOW"
53,"1","N1","T3",0.8165,0.1835,"LOW"
54,"1","N1","T3",0.8171,0.1829,"LOW"
55,"1","N1","T3",0.8173,0.1827,"LOW"
56,"1","N1","T3",0.8184,0.1816,"LOW"
57,"1","N1","T3",0.8183,0.1817,"LOW"
58,"1","N1","T3",0.818,0.182,"LOW"
59,"1","N1","T3",0.817,0.183,"LOW"
60,"1","N1","T3",0.8184,0.1816,"LOW"
61,"1","N1","T3",0.8157,0.1843,"LOW"
62,"1","N1","T3",0.819,0.181,"LOW"
63,"1","N1","T3",0.8217,0.1783,"LOW"
64,"1","N1","T3",0.8211,0.1789,"LOW"
65,"1","N1","T3",0.8235,0.1765,"LOW"
66,"1","N1","T3",0.8222,0.1778,"LOW"
67,"1","N1","T3",0.8233,0.1767,"LOW"
68,"1","N1","T3",0.8239,0.1761,"LOW"
69,"1","N1","T3",0.8236,0.1764,"LOW"
70,"1","N1","T3",0.8242,0.1758,"LOW"
71,"1","N1","T3",0.8247,0.1753,"LOW"
72,"1","N1","T3",0.8241,0.1759,"LOW"
73,"1","N1","T3",0.8237,0.1763,"LOW"
74,"1","N1","T3",0.8246,0.1754,"LOW"
75,"1","N1","T3",0.8255,0.1745,"LOW"
76,"1","N1","T3",0.8258,0.1742,"LOW"
77,"1","N1","T3",0.8249,0.1751,"LOW"
78,"1","N1","T3",0.8246,0.1754,"LOW"
79,"1","N1","T3",0.8241,0.1759,"LOW"
80,"1","N1","T3",0.8257,0.1743,"LOW"
81,"1","N1","T3",0.8248,0.1752,"LOW"
82,"1","N1","T3",0.8246,0.1754,"LOW"
83,"1","N1","T3",0.8255,0.1745,"LOW"
84,"1","N1","T3",0.8291,0.1709,"LOW"
85,"1","N1","T3",0.8259,0.1741,"LOW"
86,"1","N1","T3",0.8247,0.1753,"LOW"
87,"1","N1","T3",0.8261,0.1739,"LOW"
88,"1","N1","T3",0.831,0.169,"LOW"
89,"1","N1","T3",0.8356,0.1644,"LOW"
90,"1","N1","T3",0.8344,0.1656,"LOW"
91,"1","N1","T3",0.8344,0.1656,"LOW"
92,"1","N1","T3",0.8344,0.1656,"LOW"
93,"1","N1","T3",0.8344,0.1656,"LOW"
94,"1","N1","T3",0.8344,0.1656,"LOW"
95,"1","N1","T3",0.8344,0.1656,"LOW"
96,"1","N1","T3",0.8344,0.1656,"LOW"
97,"1","N1","T3",0.8344,0.1656,"LOW"
98,"1","N1","T3",0.8344,0.1656,"LOW"
99,"1","N1","T3",0.8344,0.1656,"LOW"
0,"2","N1","T3",0.7857,0.2143,"LOW"
1,"2","N1","T3",0.7857,0.2143,"LOW"
2,"2","N1","T3",0.7857,0.2143,"LOW"
3,"2","N1","T3",0.7857,0.2143,"LOW"
4,"2","N1","T3",0.7857,0.2143,"LOW"
5,"2","N1","T3",0.7857,0.2143,"LOW"
6,"2","N1","T3",0.7857,0.2143,"LOW"
7,"2","N1","T3",0.7857,0.2143,"LOW"
8,"2","N1","T3",0.7857,0.2143,"LOW"
9,"2","N1","T3",0.7857,0.2143,"LOW"
10,"2","N1","T3",0.7857,0.2143,"LOW"
11,"2","N1","T3",0.7857,0.2143,"LOW"
12,"2","N1","T3",0.7857,0.2143,"LOW"
13,"2","N1","T3",0.7857,0.2143,"LOW"
14,"2","N1","T3",0.7857,0.2143,"LOW"
15,"2","N1","T3",0.7857,0.2143,"LOW"
16,"2","N1","T3",0.8055,0.1945,"LOW"
17,"2","N1","T3",0.8062,0.1938,"LOW"
18,"2","N1","T3",0.81,0.19,"LOW"
19,"2","N1","T3",0.8121,0.1879,"LOW"
20,"2","N1","T3",0.8144,0.1856,"LOW"
21,"2","N1","T3",0.8164,0.1836,"LOW"
22,"2","N1","T3",0.8184,0.1816,"LOW"
23,"2","N1","T3",0.8174,0.1826,"LOW"
24,"2","N1","T3",0.8204,0.1796,"LOW"
25,"2","N1","T3",0.8058,0.1942,"LOW"
26,"2","N1","T3",0.7713,0.2287,"LOW"
27,"2","N1","T3",0.7964,0.2036,"LOW"
28,"2","N1","T3",0.8109,0.1891,"LOW"
29,"2","N1","T3",0.8364,0.1636,"LOW"
30,"2","N1","T3",0.8345,0.1655,"LOW"
31,"2","N1","T3",0.8307,0.1693,"LOW"
32,"2","N1","T3",0.8199,0.1801,"LOW"
33,"2","N1","T3",0.8115,0.1885,"LOW"
34,"2","N1","T3",0.8013,0.1987,"LOW"
35,"2","N1","T3",0.8335,0.1665,"LOW"
36,"2","N1","T3",0.8547,0.1453,"LOW"
37,"2","N1","T3",0.8508,0.1492,"LOW"
38,"2","N1","T3",0.8614,0.1386,"LOW"
39,"2","N1","T3",0.8624,0.1376,"LOW"
40,"2","N1","T3",0.8655,0.1345,"LOW"
41,"2","N1","T3",0.8663,0.1337,"LOW"
42,"2","N1","T3",0.8648,0.1352,"LOW"
43,"2","N1","T3",0.8565,0.1435,"LOW"
44,"2","N1","T3",0.8614,0.1386,"LOW"
45,"2","N1","T3",0.8608,0.1392,"LOW"
46,"2","N1","T3",0.8577,0.1423,"LOW"
47,"2","N1","T3",0.8551,0.1449,"LOW"
48,"2","N1","T3",0.8546,0.1454,"LOW"
49,"2","N1","T3",0.852,0.148,"LOW"
50,"2","N1","T3",0.8467,0.1533,"LOW"
51,"2","N1","T3",0.8464,0.1536,"LOW"
52,"2","N1","T3",0.843,0.157,"LOW"
53,"2","N1","T3",0.8465,0.1535,"LOW"
54,"2","N1","T3",0.8447,0.1553,"LOW"
55,"2","N1","T3",0.8447,0.1553,"LOW"
56,"2","N1","T3",0.8459,0.1541,"LOW"
57,"2","N1","T3",0.8496,0.1504,"LOW"
58,"2","N1","T3",0.8475,0.1525,"LOW"
59,"2","N1","T3",0.8474,0.1526,"LOW"
60,"2","N1","T3",0.8482,0.1518,"LOW"
61,"2","N1","T3",0.8467,0.1533,"LOW"
62,"2","N1","T3",0.8491,0.1509,"LOW"
63,"2","N1","T3",0.8469,0.1531,"LOW"
64,"2","N1","T3",0.8455,0.1545,"LOW"
65,"2","N1","T3",0.8449,0.1551,"LOW"
66,"2","N1","T3",0.8489,0.1511,"LOW"
67,"2","N1","T3",0.8463,0.1537,"LOW"
68,"2","N1","T3",0.8459,0.1541,"LOW"
69,"2","N1","T3",0.8482,0.1518,"LOW"
70,"2","N1","T3",0.8453,0.1547,"LOW"
71,"2","N1","T3",0.8466,0.1534,"LOW"
72,"2","N1","T3",0.8496,0.1504,"LOW"
73,"2","N1","T3",0.849,0.151,"LOW"
74,"2","N1","T3",0.8479,0.1521,"LOW"
75,"2","N1","T3",0.8502,0.1498,"LOW"
76,"2","N1","T3",0.8513,0.1487,"LOW"
77,"2","N1","T3",0.8496,0.1504,"LOW"
78,"2","N1","T3",0.8498,0.1502,"LOW"
79,"2","N1","T3",0.8515,0.1485,"LOW"
80,"2","N1","T3",0.8511,0.1489,"LOW"
81,"2","N1","T3",0.8525,0.1475,"LOW"
82,"2","N1","T3",0.8541,0.1459,"LOW"
83,"2","N1","T3",0.8491,0.1509,"LOW"
84,"2","N1","T3",0.8526,0.1474,"LOW"
85,"2","N1","T3",0.8507,0.1493,"LOW"
86,"2","N1","T3",0.842,0.158,"LOW"
87,"2","N1","T3",0.8475,0.1525,"LOW"
88,"2","N1","T3",0.8409,0.1591,"LOW"
89,"2","N1","T3",0.8352,0.1648,"LOW"
90,"2","N1","T3",0.8533,0.1467,"LOW"
91,"2","N1","T3",0.8533,0.1467,"LOW"
92,"2","N1","T3",0.8533,0.1467,"LOW"
93,"2","N1","T3",0.8533,0.1467,"LOW"
94,"2","N1","T3",0.8533,0.1467,"LOW"
95,"2","N1","T3",0.8533,0.1467,"LOW"
96,"2","N1","T3",0.8533,0.1467,"LOW"
97,"2","N1","T3",0.8533,0.1467,"LOW"
98,"2","N1","T3",0.8533,0.1467,"LOW"
99,"2","N1","T3",0.8533,0.1467,"LOW"
0,"1","N2","T3",0.7716,0.2284,"LOW"
1,"1","N2","T3",0.7716,0.2284,"LOW"
2,"1","N2","T3",0.7716,0.2284,"LOW"
3,"1","N2","T3",0.7716,0.2284,"LOW"
4,"1","N2","T3",0.7716,0.2284,"LOW"
5,"1","N2","T3",0.7716,0.2284,"LOW"
6,"1","N2","T3",0.7716,0.2284,"LOW"
7,"1","N2","T3",0.7716,0.2284,"LOW"
8,"1","N2","T3",0.7716,0.2284,"LOW"
9,"1","N2","T3",0.7716,0.2284,"LOW"
10,"1","N2","T3",0.7716,0.2284,"LOW"
11,"1","N2","T3",0.7716,0.2284,"LOW"
12,"1","N2","T3",0.7716,0.2284,"LOW"
13,"1","N2","T3",0.7716,0.2284,"LOW"
14,"1","N2","T3",0.7716,0.2284,"LOW"
15,"1","N2","T3",0.7716,0.2284,"LOW"
16,"1","N2","T3",0.7716,0.2284,"LOW"
17,"1","N2","T3",0.7716,0.2284,"LOW"
18,"1","N2","T3",0.7756,0.2244,"LOW"
19,"1","N2","T3",0.7796,0.2204,"LOW"
20,"1","N2","T3",0.7796,0.2204,"LOW"
21,"1","N2","T3",0.7796,0.2204,"LOW"
22,"1","N2","T3",0.78,0.22,"LOW"
23,"1","N2","T3",0.7604,0.2396,"LOW"
24,"1","N2","T3",0.6842,0.3158,"LOW"
25,"1","N2","T3",0.6959,0.3041,"LOW"
26,"1","N2","T3",0.6997,0.3003,"LOW"
27,"1","N2","T3",0.7019,0.2981,"LOW"
28,"1","N2","T3",0.7147,0.2853,"LOW"
29,"1","N2","T3",0.728,0.272,"LOW"
30,"1","N2","T3",0.711,0.289,"LOW"
31,"1","N2","T3",0.6953,0.3047,"LOW"
32,"1","N2","T3",0.6663,0.3337,"LOW"
33,"1","N2","T3",0.7115,0.2885,"LOW"
34,"1","N2","T3",0.7184,0.2816,"LOW"
35,"1","N2","T3",0.7035,0.2965,"LOW"
36,"1","N2","T3",0.7287,0.2713,"LOW"
37,"1","N2","T3",0.7226,0.2774,"LOW"
38,"1","N2","T3",0.7171,0.2829,"LOW"
39,"1","N2","T3",0.7203,0.2797,"LOW"
40,"1","N2","T3",0.7123,0.2877,"LOW"
41,"1","N2","T3",0.7051,0.2949,"LOW"
42,"1","N2","T3",0.7118,0.2882,"LOW"
43,"1","N2","T3",0.7122,0.2878,"LOW"
44,"1","N2","T3",0.7152,0.2848,"LOW"
45,"1","N2","T3",0.725,0.275,"LOW"
46,"1","N2","T3",0.726,0.274,"LOW"
47,"1","N2","T3",0.7253,0.2747,"LOW"
48,"1","N2","T3",0.7252,0.2748,"LOW"
49,"1","N2","T3",0.7212,0.2788,"LOW"
50,"1","N2","T3",0.7252,0.2748,"LOW"
51,"1","N2","T3",0.7233,0.2767,"LOW"
52,"1","N2","T3",0.7333,0.2667,"LOW"
53,"1","N2","T3",0.735,0.265,"LOW"
54,"1","N2","T3",0.7394,0.2606,"LOW"
55,"1","N2","T3",0.7396,0.2604,"LOW"
56,"1","N2","T3",0.7402,0.2598,"LOW"
57,"1","N2","T3",0.7415,0.2585,"LOW"
58,"1","N2","T3",0.7421,0.2579,"LOW"
59,"1","N2","T3",0.741,0.259,"LOW"
60,"1","N2","T3",0.7406,0.2594,"LOW"
61,"1","N2","T3",0.7424,0.2576,"LOW"
62,"1","N2","T3",0.7409,0.2591,"LOW"
63,"1","N2","T3",0.7407,0.2593,"LOW"
64,"1","N2","T3",0.7393,0.2607,"LOW"
65,"1","N2","T3",0.7395,0.2605,"LOW"
66,"1","N2","T3",0.7409,0.2591,"LOW"
67,"1","N2","T3",0.7416,0.2584,"LOW"
68,"1","N2","T3",0.7394,0.2606,"LOW"
69,"1","N2","T3",0.74,0.26,"LOW"
70,"1","N2","T3",0.7424,0.2576,"LOW"
71,"1","N2","T3",0.7376,0.2624,"LOW"
72,"1","N2","T3",0.7404,0.2596,"LOW"
73,"1","N2","T3",0.7408,0.2592,"LOW"
74,"1","N2","T3",0.7377,0.2623,"LOW"
75,"1","N2","T3",0.7393,0.2607,"LOW"
76,"1","N2","T3",0.7404,0.2596,"LOW"
77,"1","N2","T3",0.7369,0.2631,"LOW"
78,"1","N2","T3",0.7321,0.2679,"LOW"
79,"1","N2","T3",0.7363,0.2637,"LOW"
80,"1","N2","T3",0.7313,0.2687,"LOW"
81,"1","N2","T3",0.7414,0.2586,"LOW"
82,"1","N2","T3",0.7356,0.2644,"LOW"
83,"1","N2","T3",0.7276,0.2724,"LOW"
84,"1","N2","T3",0.7344,0.2656,"LOW"
85,"1","N2","T3",0.7289,0.2711,"LOW"
86,"1","N2","T3",0.7401,0.2599,"LOW"
87,"1","N2","T3",0.7467,0.2533,"LOW"
88,"1","N2","T3",0.743,0.257,"LOW"
89,"1","N2","T3",0.7675,0.2325,"LOW"
90,"1","N2","T3",0.7667,0.2333,"LOW"
91,"1","N2","T3",0.7667,0.2333,"LOW"
92,"1","N2","T3",0.7667,0.2333,"LOW"
93,"1","N2","T3",0.7667,0.2333,"LOW"
94,"1","N2","T3",0.7667,0.2333,"LOW"
95,"1","N2","T3",0.7667,0.2333,"LOW"
96,"1","N2","T3",0.7667,0.2333,"LOW"
97,"1","N2","T3",0.7667,0.2333,"LOW"
98,"1","N2","T3",0.7667,0.2333,"LOW"
99,"1","N2","T3",0.7667,0.2333,"LOW"
0,"2","N2","T3",0.8397,0.1603,"LOW"
1,"2","N2","T3",0.8397,0.1603,"LOW"
2,"2","N2","T3",0.8397,0.1603,"LOW"
3,"2","N2","T3",0.8397,0.1603,"LOW"
4,"2","N2","T3",0.8397,0.1603,"LOW"
5,"2","N2","T3",0.8397,0.1603,"LOW"
6,"2","N2","T3",0.8397,0.1603,"LOW"
7,"2","N2","T3",0.8397,0.1603,"LOW"
8,"2","N2","T3",0.8397,0.1603,"LOW"
9,"2","N2","T3",0.8397,0.1603,"LOW"
10,"2","N2","T3",0.8397,0.1603,"LOW"
11,"2","N2","T3",0.8397,0.1603,"LOW"
12,"2","N2","T3",0.8397,0.1603,"LOW"
13,"2","N2","T3",0.8397,0.1603,"LOW"
14,"2","N2","T3",0.8397,0.1603,"LOW"
15,"2","N2","T3",0.8397,0.1603,"LOW"
16,"2","N2","T3",0.8397,0.1603,"LOW"
17,"2","N2","T3",0.8397,0.1603,"LOW"
18,"2","N2","T3",0.8417,0.1583,"LOW"
19,"2","N2","T3",0.8437,0.1563,"LOW"
20,"2","N2","T3",0.8437,0.1563,"LOW"
21,"2","N2","T3",0.8437,0.1563,"LOW"
22,"2","N2","T3",0.8447,0.1553,"LOW"
23,"2","N2","T3",0.841,0.159,"LOW"
24,"2","N2","T3",0.8355,0.1645,"LOW"
25,"2","N2","T3",0.8358,0.1642,"LOW"
26,"2","N2","T3",0.8371,0.1629,"LOW"
27,"2","N2","T3",0.8342,0.1658,"LOW"
28,"2","N2","T3",0.8314,0.1686,"LOW"
29,"2","N2","T3",0.8283,0.1717,"LOW"
30,"2","N2","T3",0.827,0.173,"LOW"
31,"2","N2","T3",0.8219,0.1781,"LOW"
32,"2","N2","T3",0.8194,0.1806,"LOW"
33,"2","N2","T3",0.8168,0.1832,"LOW"
34,"2","N2","T3",0.8168,0.1832,"LOW"
35,"2","N2","T3",0.812,0.188,"LOW"
36,"2","N2","T3",0.8079,0.1921,"LOW"
37,"2","N2","T3",0.8019,0.1981,"LOW"
38,"2","N2","T3",0.7964,0.2036,"LOW"
39,"2","N2","T3",0.7888,0.2112,"LOW"
40,"2","N2","T3",0.7558,0.2442,"LOW"
41,"2","N2","T3",0.7243,0.2757,"LOW"
42,"2","N2","T3",0.7301,0.2699,"LOW"
43,"2","N2","T3",0.7501,0.2499,"LOW"
44,"2","N2","T3",0.7745,0.2255,"LOW"
45,"2","N2","T3",0.7887,0.2113,"LOW"
46,"2","N2","T3",0.7924,0.2076,"LOW"
47,"2","N2","T3",0.7852,0.2148,"LOW"
48,"2","N2","T3",0.7808,0.2192,"LOW"
49,"2","N2","T3",0.7783,0.2217,"LOW"
50,"2","N2","T3",0.7851,0.2149,"LOW"
51,"2","N2","T3",0.784,0.216,"LOW"
52,"2","N2","T3",0.7893,0.2107,"LOW"
53,"2","N2","T3",0.7964,0.2036,"LOW"
54,"2","N2","T3",0.7903,0.2097,"LOW"
55,"2","N2","T3",0.7929,0.2071,"LOW"
56,"2","N2","T3",0.7887,0.2113,"LOW"
57,"2","N2","T3",0.7896,0.2104,"LOW"
58,"2","N2","T3",0.7858,0.2142,"LOW"
59,"2","N2","T3",0.7913,0.2087,"LOW"
60,"2","N2","T3",0.793,0.207,"LOW"
61,"2","N2","T3",0.7928,0.2072,"LOW"
62,"2","N2","T3",0.7896,0.2104,"LOW"
63,"2","N2","T3",0.7937,0.2063,"LOW"
64,"2","N2","T3",0.792,0.208,"LOW"
65,"2","N2","T3",0.7941,0.2059,"LOW"
66,"2","N2","T3",0.7924,0.2076,"LOW"
67,"2","N2","T3",0.7964,0.2036,"LOW"
68,"2","N2","T3",0.7915,0.2085,"LOW"
69,"2","N2","T3",0.7853,0.2147,"LOW"
70,"2","N2","T3",0.7838,0.2162,"LOW"
71,"2","N2","T3",0.7773,0.2227,"LOW"
72,"2","N2","T3",0.7895,0.2105,"LOW"
73,"2","N2","T3",0.7806,0.2194,"LOW"
74,"2","N2","T3",0.7699,0.2301,"LOW"
75,"2","N2","T3",0.7748,0.2252,"LOW"
76,"2","N2","T3",0.7808,0.2192,"LOW"
77,"2","N2","T3",0.7849,0.2151,"LOW"
78,"2","N2","T3",0.7803,0.2197,"LOW"
79,"2","N2","T3",0.7785,0.2215,"LOW"
80,"2","N2","T3",0.788,0.212,"LOW"
81,"2","N2","T3",0.7859,0.2141,"LOW"
82,"2","N2","T3",0.7884,0.2116,"LOW"
83,"2","N2","T3",0.7836,0.2164,"LOW"
84,"2","N2","T3",0.7829,0.2171,"LOW"
85,"2","N2","T3",0.7961,0.2039,"LOW"
86,"2","N2","T3",0.7869,0.2131,"LOW"
87,"2","N2","T3",0.7677,0.2323,"LOW"
88,"2","N2","T3",0.7668,0.2332,"LOW"
89,"2","N2","T3",0.7373,0.2627,"LOW"
90,"2","N2","T3",0.7724,0.2276,"LOW"
91,"2","N2","T3",0.7724,0.2276,"LOW"
92,"2","N2","T3",0.7724,0.2276,"LOW"
93,"2","N2","T3",0.7724,0.2276,"LOW"
94,"2","N2","T3",0.7724,0.2276,"LOW"
95,"2","N2","T3",0.7724,0.2276,"LOW"
96,"2","N2","T3",0.7724,0.2276,"LOW"
97,"2","N2","T3",0.7724,0.2276,"LOW"
98,"2","N2","T3",0.7724,0.2276,"LOW"
99,"2","N2","T3",0.7724,0.2276,"LOW"
0,"1","N3","T3",0.6033,0.3967,"LOW"
1,"1","N3","T3",0.6033,0.3967,"LOW"
2,"1","N3","T3",0.6033,0.3967,"LOW"
3,"1","N3","T3",0.6033,0.3967,"LOW"
4,"1","N3","T3",0.6033,0.3967,"LOW"
5,"1","N3","T3",0.6033,0.3967,"LOW"
6,"1","N3","T3",0.6033,0.3967,"LOW"
7,"1","N3","T3",0.6033,0.3967,"LOW"
8,"1","N3","T3",0.6033,0.3967,"LOW"
9,"1","N3","T3",0.6033,0.3967,"LOW"
10,"1","N3","T3",0.6033,0.3967,"LOW"
11,"1","N3","T3",0.6033,0.3967,"LOW"
12,"1","N3","T3",0.6033,0.3967,"LOW"
13,"1","N3","T3",0.6033,0.3967,"LOW"
14,"1","N3","T3",0.6033,0.3967,"LOW"
15,"1","N3","T3",0.6033,0.3967,"LOW"
16,"1","N3","T3",0.6033,0.3967,"LOW"
17,"1","N3","T3",0.6033,0.3967,"LOW"
18,"1","N3","T3",0.6033,0.3967,"LOW"
19,"1","N3","T3",0.6033,0.3967,"LOW"
20,"1","N3","T3",0.6033,0.3967,"LOW"
21,"1","N3","T3",0.6033,0.3967,"LOW"
22,"1","N3","T3",0.6022,0.3978,"LOW"
23,"1","N3","T3",0.5906,0.4094,"LOW"
24,"1","N3","T3",0.5788,0.4212,"LOW"
25,"1","N3","T3",0.5638,0.4362,"LOW"
26,"1","N3","T3",0.5489,0.4511,"LOW"
27,"1","N3","T3",0.5353,0.4647,"LOW"
28,"1","N3","T3",0.5139,0.4861,"LOW"
29,"1","N3","T3",0.4869,0.5131,"HIGH"
30,"1","N3","T3",0.5143,0.4857,"LOW"
31,"1","N3","T3",0.4757,0.5243,"HIGH"
32,"1","N3","T3",0.4536,0.5464,"HIGH"
33,"1","N3","T3",0.4451,0.5549,"HIGH"
34,"1","N3","T3",0.4399,0.5601,"HIGH"
35,"1","N3","T3",0.4562,0.5438,"HIGH"
36,"1","N3","T3",0.4667,0.5333,"HIGH"
37,"1","N3","T3",0.4814,0.5186,"HIGH"
38,"1","N3","T3",0.4887,0.5113,"HIGH"
39,"1","N3","T3",0.492,0.508,"HIGH"
40,"1","N3","T3",0.4981,0.5019,"HIGH"
41,"1","N3","T3",0.4732,0.5268,"HIGH"
42,"1","N3","T3",0.4836,0.5164,"HIGH"
43,"1","N3","T3",0.5022,0.4978,"LOW"
44,"1","N3","T3",0.5009,0.4991,"LOW"
45,"1","N3","T3",0.4953,0.5047,"HIGH"
46,"1","N3","T3",0.4848,0.5152,"HIGH"
47,"1","N3","T3",0.4951,0.5049,"HIGH"
48,"1","N3","T3",0.4933,0.5067,"HIGH"
49,"1","N3","T3",0.4964,0.5036,"HIGH"
50,"1","N3","T3",0.4933,0.5067,"HIGH"
51,"1","N3","T3",0.4955,0.5045,"HIGH"
52,"1","N3","T3",0.4967,0.5033,"HIGH"
53,"1","N3","T3",0.4929,0.5071,"HIGH"
54,"1","N3","T3",0.496,0.504,"HIGH"
55,"1","N3","T3",0.4949,0.5051,"HIGH"
56,"1","N3","T3",0.4984,0.5016,"HIGH"
57,"1","N3","T3",0.4929,0.5071,"HIGH"
58,"1","N3","T3",0.491,0.509,"HIGH"
59,"1","N3","T3",0.4936,0.5064,"HIGH"
60,"1","N3","T3",0.4884,0.5116,"HIGH"
61,"1","N3","T3",0.4913,0.5087,"HIGH"
62,"1","N3","T3",0.4926,0.5074,"HIGH"
63,"1","N3","T3",0.497,0.503,"HIGH"
64,"1","N3","T3",0.4959,0.5041,"HIGH"
65,"1","N3","T3",0.4953,0.5047,"HIGH"
66,"1","N3","T3",0.4948,0.5052,"HIGH"
67,"1","N3","T3",0.5013,0.4987,"LOW"
68,"1","N3","T3",0.5021,0.4979,"LOW"
69,"1","N3","T3",0.5022,0.4978,"LOW"
70,"1","N3","T3",0.4954,0.5046,"HIGH"
71,"1","N3","T3",0.4983,0.5017,"HIGH"
72,"1","N3","T3",0.4967,0.5033,"HIGH"
73,"1","N3","T3",0.5011,0.4989,"LOW"
74,"1","N3","T3",0.504,0.496,"LOW"
75,"1","N3","T3",0.5028,0.4972,"LOW"
76,"1","N3","T3",0.496,0.504,"HIGH"
77,"1","N3","T3",0.4995,0.5005,"HIGH"
78,"1","N3","T3",0.5032,0.4968,"LOW"
79,"1","N3","T3",0.4975,0.5025,"HIGH"
80,"1","N3","T3",0.4945,0.5055,"HIGH"
81,"1","N3","T3",0.4884,0.5116,"HIGH"
82,"1","N3","T3",0.4896,0.5104,"HIGH"
83,"1","N3","T3",0.5028,0.4972,"LOW"
84,"1","N3","T3",0.4787,0.5213,"HIGH"
85,"1","N3","T3",0.4982,0.5018,"HIGH"
86,"1","N3","T3",0.466,0.534,"HIGH"
87,"1","N3","T3",0.4784,0.5216,"HIGH"
88,"1","N3","T3",0.5293,0.4707,"LOW"
89,"1","N3","T3",0.5419,0.4581,"LOW"
90,"1","N3","T3",0.5145,0.4855,"LOW"
91,"1","N3","T3",0.5145,0.4855,"LOW"
92,"1","N3","T3",0.5145,0.4855,"LOW"
93,"1","N3","T3",0.5145,0.4855,"LOW"
94,"1","N3","T3",0.5145,0.4855,"LOW"
95,"1","N3","T3",0.5145,0.4855,"LOW"
96,"1","N3","T3",0.5145,0.4855,"LOW"
97,"1","N3","T3",0.5145,0.4855,"LOW"
98,"1","N3","T3",0.5145,0.4855,"LOW"
99,"1","N3","T3",0.5145,0.4855,"LOW"
0,"2","N3","T3",0.7101,0.2899,"LOW"
1,"2","N3","T3",0.7101,0.2899,"LOW"
2,"2","N3","T3",0.7101,0.2899,"LOW"
3,"2","N3","T3",0.7101,0.2899,"LOW"
4,"2","N3","T3",0.7101,0.2899,"LOW"
5,"2","N3","T3",0.7101,0.2899,"LOW"
6,"2","N3","T3",0.7101,0.2899,"LOW"
7,"2","N3","T3",0.7101,0.2899,"LOW"
8,"2","N3","T3",0.7101,0.2899,"LOW"
9,"2","N3","T3",0.7101,0.2899,"LOW"
10,"2","N3","T3",0.7101,0.2899,"LOW"
11,"2","N3","T3",0.7101,0.2899,"LOW"
12,"2","N3","T3",0.7101,0.2899,"LOW"
13,"2","N3","T3",0.7101,0.2899,"LOW"
14,"2","N3","T3",0.7101,0.2899,"LOW"
15,"2","N3","T3",0.7101,0.2899,"LOW"
16,"2","N3","T3",0.7101,0.2899,"LOW"
17,"2","N3","T3",0.7101,0.2899,"LOW"
18,"2","N3","T3",0.7101,0.2899,"LOW"
19,"2","N3","T3",0.7101,0.2899,"LOW"
20,"2","N3","T3",0.7101,0.2899,"LOW"
21,"2","N3","T3",0.7068,0.2932,"LOW"
22,"2","N3","T3",0.7057,0.2943,"LOW"
23,"2","N3","T3",0.6885,0.3115,"LOW"
24,"2","N3","T3",0.6848,0.3152,"LOW"
25,"2","N3","T3",0.6756,0.3244,"LOW"
26,"2","N3","T3",0.667,0.333,"LOW"
27,"2","N3","T3",0.6566,0.3434,"LOW"
28,"2","N3","T3",0.649,0.351,"LOW"
29,"2","N3","T3",0.6448,0.3552,"LOW"
30,"2","N3","T3",0.6424,0.3576,"LOW"
31,"2","N3","T3",0.632,0.368,"LOW"
32,"2","N3","T3",0.6216,0.3784,"LOW"
33,"2","N3","T3",0.6167,0.3833,"LOW"
34,"2","N3","T3",0.6165,0.3835,"LOW"
35,"2","N3","T3",0.6131,0.3869,"LOW"
36,"2","N3","T3",0.6515,0.3485,"LOW"
37,"2","N3","T3",0.6446,0.3554,"LOW"
38,"2","N3","T3",0.6461,0.3539,"LOW"
39,"2","N3","T3",0.6298,0.3702,"LOW"
40,"2","N3","T3",0.6182,0.3818,"LOW"
41,"2","N3","T3",0.6309,0.3691,"LOW"
42,"2","N3","T3",0.6386,0.3614,"LOW"
43,"2","N3","T3",0.6282,0.3718,"LOW"
44,"2","N3","T3",0.6261,0.3739,"LOW"
45,"2","N3","T3",0.5954,0.4046,"LOW"
46,"2","N3","T3",0.6135,0.3865,"LOW"
47,"2","N3","T3",0.6041,0.3959,"LOW"
48,"2","N3","T3",0.5841,0.4159,"LOW"
49,"2","N3","T3",0.5442,0.4558,"LOW"
50,"2","N3","T3",0.5548,0.4452,"LOW"
51,"2","N3","T3",0.5628,0.4372,"LOW"
52,"2","N3","T3",0.5499,0.4501,"LOW"
53,"2","N3","T3",0.5736,0.4264,"LOW"
54,"2","N3","T3",0.5514,0.4486,"LOW"
55,"2","N3","T3",0.5326,0.4674,"LOW"
56,"2","N3","T3",0.5367,0.4633,"LOW"
57,"2","N3","T3",0.5303,0.4697,"LOW"
58,"2","N3","T3",0.5278,0.4722,"LOW"
59,"2","N3","T3",0.5486,0.4514,"LOW"
60,"2","N3","T3",0.5491,0.4509,"LOW"
61,"2","N3","T3",0.5548,0.4452,"LOW"
62,"2","N3","T3",0.5643,0.4357,"LOW"
63,"2","N3","T3",0.5645,0.4355,"LOW"
64,"2","N3","T3",0.5631,0.4369,"LOW"
65,"2","N3","T3",0.5707,0.4293,"LOW"
66,"2","N3","T3",0.5616,0.4384,"LOW"
67,"2","N3","T3",0.5766,0.4234,"LOW"
68,"2","N3","T3",0.5667,0.4333,"LOW"
69,"2","N3","T3",0.5806,0.4194,"LOW"
70,"2","N3","T3",0.5919,0.4081,"LOW"
71,"2","N3","T3",0.5859,0.4141,"LOW"
72,"2","N3","T3",0.5853,0.4147,"LOW"
73,"2","N3","T3",0.5756,0.4244,"LOW"
74,"2","N3","T3",0.5792,0.4208,"LOW"
75,"2","N3","T3",0.5787,0.4213,"LOW"
76,"2","N3","T3",0.5843,0.4157,"LOW"
77,"2","N3","T3",0.5679,0.4321,"LOW"
78,"2","N3","T3",0.5827,0.4173,"LOW"
79,"2","N3","T3",0.5784,0.4216,"LOW"
80,"2","N3","T3",0.5927,0.4073,"LOW"
81,"2","N3","T3",0.5954,0.4046,"LOW"
82,"2","N3","T3",0.5846,0.4154,"LOW"
83,"2","N3","T3",0.5736,0.4264,"LOW"
84,"2","N3","T3",0.5731,0.4269,"LOW"
85,"2","N3","T3",0.5482,0.4518,"LOW"
86,"2","N3","T3",0.5479,0.4521,"LOW"
87,"2","N3","T3",0.5578,0.4422,"LOW"
88,"2","N3","T3",0.5832,0.4168,"LOW"
89,"2","N3","T3",0.5972,0.4028,"LOW"
90,"2","N3","T3",0.6216,0.3784,"LOW"
91,"2","N3","T3",0.6216,0.3784,"LOW"
92,"2","N3","T3",0.6216,0.3784,"LOW"
93,"2","N3","T3",0.6216,0.3784,"LOW"
94,"2","N3","T3",0.6216,0.3784,"LOW"
95,"2","N3","T3",0.6216,0.3784,"LOW"
96,"2","N3","T3",0.6216,0.3784,"LOW"
97,"2","N3","T3",0.6216,0.3784,"LOW"
98,"2","N3","T3",0.6216,0.3784,"LOW"
99,"2","N3","T3",0.6216,0.3784,"LOW"
0,"1","Other/Unknown","T3",0.35,0.65,"HIGH"
1,"1","Other/Unknown","T3",0.35,0.65,"HIGH"
2,"1","Other/Unknown","T3",0.35,0.65,"HIGH"
3,"1","Other/Unknown","T3",0.35,0.65,"HIGH"
4,"1","Other/Unknown","T3",0.35,0.65,"HIGH"
5,"1","Other/Unknown","T3",0.35,0.65,"HIGH"
6,"1","Other/Unknown","T3",0.35,0.65,"HIGH"
7,"1","Other/Unknown","T3",0.35,0.65,"HIGH"
8,"1","Other/Unknown","T3",0.35,0.65,"HIGH"
9,"1","Other/Unknown","T3",0.35,0.65,"HIGH"
10,"1","Other/Unknown","T3",0.35,0.65,"HIGH"
11,"1","Other/Unknown","T3",0.35,0.65,"HIGH"
12,"1","Other/Unknown","T3",0.35,0.65,"HIGH"
13,"1","Other/Unknown","T3",0.35,0.65,"HIGH"
14,"1","Other/Unknown","T3",0.35,0.65,"HIGH"
15,"1","Other/Unknown","T3",0.35,0.65,"HIGH"
16,"1","Other/Unknown","T3",0.35,0.65,"HIGH"
17,"1","Other/Unknown","T3",0.3515,0.6485,"HIGH"
18,"1","Other/Unknown","T3",0.3515,0.6485,"HIGH"
19,"1","Other/Unknown","T3",0.3551,0.6449,"HIGH"
20,"1","Other/Unknown","T3",0.3551,0.6449,"HIGH"
21,"1","Other/Unknown","T3",0.3551,0.6449,"HIGH"
22,"1","Other/Unknown","T3",0.3556,0.6444,"HIGH"
23,"1","Other/Unknown","T3",0.357,0.643,"HIGH"
24,"1","Other/Unknown","T3",0.3631,0.6369,"HIGH"
25,"1","Other/Unknown","T3",0.3624,0.6376,"HIGH"
26,"1","Other/Unknown","T3",0.3601,0.6399,"HIGH"
27,"1","Other/Unknown","T3",0.3585,0.6415,"HIGH"
28,"1","Other/Unknown","T3",0.3562,0.6438,"HIGH"
29,"1","Other/Unknown","T3",0.3548,0.6452,"HIGH"
30,"1","Other/Unknown","T3",0.3532,0.6468,"HIGH"
31,"1","Other/Unknown","T3",0.3499,0.6501,"HIGH"
32,"1","Other/Unknown","T3",0.35,0.65,"HIGH"
33,"1","Other/Unknown","T3",0.3433,0.6567,"HIGH"
34,"1","Other/Unknown","T3",0.3578,0.6422,"HIGH"
35,"1","Other/Unknown","T3",0.3589,0.6411,"HIGH"
36,"1","Other/Unknown","T3",0.3637,0.6363,"HIGH"
37,"1","Other/Unknown","T3",0.3733,0.6267,"HIGH"
38,"1","Other/Unknown","T3",0.4116,0.5884,"HIGH"
39,"1","Other/Unknown","T3",0.4523,0.5477,"HIGH"
40,"1","Other/Unknown","T3",0.4738,0.5262,"HIGH"
41,"1","Other/Unknown","T3",0.4925,0.5075,"HIGH"
42,"1","Other/Unknown","T3",0.5147,0.4853,"LOW"
43,"1","Other/Unknown","T3",0.513,0.487,"LOW"
44,"1","Other/Unknown","T3",0.4989,0.5011,"HIGH"
45,"1","Other/Unknown","T3",0.4946,0.5054,"HIGH"
46,"1","Other/Unknown","T3",0.4707,0.5293,"HIGH"
47,"1","Other/Unknown","T3",0.4843,0.5157,"HIGH"
48,"1","Other/Unknown","T3",0.4727,0.5273,"HIGH"
49,"1","Other/Unknown","T3",0.4751,0.5249,"HIGH"
50,"1","Other/Unknown","T3",0.5252,0.4748,"LOW"
51,"1","Other/Unknown","T3",0.5554,0.4446,"LOW"
52,"1","Other/Unknown","T3",0.5437,0.4563,"LOW"
53,"1","Other/Unknown","T3",0.5401,0.4599,"LOW"
54,"1","Other/Unknown","T3",0.5332,0.4668,"LOW"
55,"1","Other/Unknown","T3",0.5396,0.4604,"LOW"
56,"1","Other/Unknown","T3",0.5406,0.4594,"LOW"
57,"1","Other/Unknown","T3",0.5294,0.4706,"LOW"
58,"1","Other/Unknown","T3",0.5202,0.4798,"LOW"
59,"1","Other/Unknown","T3",0.546,0.454,"LOW"
60,"1","Other/Unknown","T3",0.56,0.44,"LOW"
61,"1","Other/Unknown","T3",0.5261,0.4739,"LOW"
62,"1","Other/Unknown","T3",0.5497,0.4503,"LOW"
63,"1","Other/Unknown","T3",0.5797,0.4203,"LOW"
64,"1","Other/Unknown","T3",0.5555,0.4445,"LOW"
65,"1","Other/Unknown","T3",0.538,0.462,"LOW"
66,"1","Other/Unknown","T3",0.5609,0.4391,"LOW"
67,"1","Other/Unknown","T3",0.5377,0.4623,"LOW"
68,"1","Other/Unknown","T3",0.5752,0.4248,"LOW"
69,"1","Other/Unknown","T3",0.5828,0.4172,"LOW"
70,"1","Other/Unknown","T3",0.5734,0.4266,"LOW"
71,"1","Other/Unknown","T3",0.5683,0.4317,"LOW"
72,"1","Other/Unknown","T3",0.5836,0.4164,"LOW"
73,"1","Other/Unknown","T3",0.57,0.43,"LOW"
74,"1","Other/Unknown","T3",0.5654,0.4346,"LOW"
75,"1","Other/Unknown","T3",0.5399,0.4601,"LOW"
76,"1","Other/Unknown","T3",0.5535,0.4465,"LOW"
77,"1","Other/Unknown","T3",0.5444,0.4556,"LOW"
78,"1","Other/Unknown","T3",0.568,0.432,"LOW"
79,"1","Other/Unknown","T3",0.5566,0.4434,"LOW"
80,"1","Other/Unknown","T3",0.508,0.492,"LOW"
81,"1","Other/Unknown","T3",0.5184,0.4816,"LOW"
82,"1","Other/Unknown","T3",0.4906,0.5094,"HIGH"
83,"1","Other/Unknown","T3",0.502,0.498,"LOW"
84,"1","Other/Unknown","T3",0.4683,0.5317,"HIGH"
85,"1","Other/Unknown","T3",0.5038,0.4962,"LOW"
86,"1","Other/Unknown","T3",0.5669,0.4331,"LOW"
87,"1","Other/Unknown","T3",0.4911,0.5089,"HIGH"
88,"1","Other/Unknown","T3",0.5183,0.4817,"LOW"
89,"1","Other/Unknown","T3",0.522,0.478,"LOW"
90,"1","Other/Unknown","T3",0.6434,0.3566,"LOW"
91,"1","Other/Unknown","T3",0.6434,0.3566,"LOW"
92,"1","Other/Unknown","T3",0.6434,0.3566,"LOW"
93,"1","Other/Unknown","T3",0.6434,0.3566,"LOW"
94,"1","Other/Unknown","T3",0.6434,0.3566,"LOW"
95,"1","Other/Unknown","T3",0.6434,0.3566,"LOW"
96,"1","Other/Unknown","T3",0.6434,0.3566,"LOW"
97,"1","Other/Unknown","T3",0.6434,0.3566,"LOW"
98,"1","Other/Unknown","T3",0.6434,0.3566,"LOW"
99,"1","Other/Unknown","T3",0.6434,0.3566,"LOW"
0,"2","Other/Unknown","T3",0.6061,0.3939,"LOW"
1,"2","Other/Unknown","T3",0.6061,0.3939,"LOW"
2,"2","Other/Unknown","T3",0.6061,0.3939,"LOW"
3,"2","Other/Unknown","T3",0.6061,0.3939,"LOW"
4,"2","Other/Unknown","T3",0.6061,0.3939,"LOW"
5,"2","Other/Unknown","T3",0.6061,0.3939,"LOW"
6,"2","Other/Unknown","T3",0.6061,0.3939,"LOW"
7,"2","Other/Unknown","T3",0.6061,0.3939,"LOW"
8,"2","Other/Unknown","T3",0.6061,0.3939,"LOW"
9,"2","Other/Unknown","T3",0.6061,0.3939,"LOW"
10,"2","Other/Unknown","T3",0.6061,0.3939,"LOW"
11,"2","Other/Unknown","T3",0.6061,0.3939,"LOW"
12,"2","Other/Unknown","T3",0.6061,0.3939,"LOW"
13,"2","Other/Unknown","T3",0.6061,0.3939,"LOW"
14,"2","Other/Unknown","T3",0.6061,0.3939,"LOW"
15,"2","Other/Unknown","T3",0.6061,0.3939,"LOW"
16,"2","Other/Unknown","T3",0.6061,0.3939,"LOW"
17,"2","Other/Unknown","T3",0.6061,0.3939,"LOW"
18,"2","Other/Unknown","T3",0.6061,0.3939,"LOW"
19,"2","Other/Unknown","T3",0.6061,0.3939,"LOW"
20,"2","Other/Unknown","T3",0.604,0.396,"LOW"
21,"2","Other/Unknown","T3",0.6026,0.3974,"LOW"
22,"2","Other/Unknown","T3",0.6056,0.3944,"LOW"
23,"2","Other/Unknown","T3",0.596,0.404,"LOW"
24,"2","Other/Unknown","T3",0.596,0.404,"LOW"
25,"2","Other/Unknown","T3",0.5971,0.4029,"LOW"
26,"2","Other/Unknown","T3",0.5971,0.4029,"LOW"
27,"2","Other/Unknown","T3",0.5967,0.4033,"LOW"
28,"2","Other/Unknown","T3",0.5981,0.4019,"LOW"
29,"2","Other/Unknown","T3",0.5985,0.4015,"LOW"
30,"2","Other/Unknown","T3",0.5994,0.4006,"LOW"
31,"2","Other/Unknown","T3",0.6017,0.3983,"LOW"
32,"2","Other/Unknown","T3",0.6048,0.3952,"LOW"
33,"2","Other/Unknown","T3",0.6029,0.3971,"LOW"
34,"2","Other/Unknown","T3",0.6159,0.3841,"LOW"
35,"2","Other/Unknown","T3",0.616,0.384,"LOW"
36,"2","Other/Unknown","T3",0.6199,0.3801,"LOW"
37,"2","Other/Unknown","T3",0.6268,0.3732,"LOW"
38,"2","Other/Unknown","T3",0.6431,0.3569,"LOW"
39,"2","Other/Unknown","T3",0.666,0.334,"LOW"
40,"2","Other/Unknown","T3",0.6795,0.3205,"LOW"
41,"2","Other/Unknown","T3",0.6875,0.3125,"LOW"
42,"2","Other/Unknown","T3",0.6954,0.3046,"LOW"
43,"2","Other/Unknown","T3",0.6849,0.3151,"LOW"
44,"2","Other/Unknown","T3",0.6837,0.3163,"LOW"
45,"2","Other/Unknown","T3",0.6687,0.3313,"LOW"
46,"2","Other/Unknown","T3",0.6152,0.3848,"LOW"
47,"2","Other/Unknown","T3",0.5773,0.4227,"LOW"
48,"2","Other/Unknown","T3",0.5286,0.4714,"LOW"
49,"2","Other/Unknown","T3",0.5151,0.4849,"LOW"
50,"2","Other/Unknown","T3",0.5247,0.4753,"LOW"
51,"2","Other/Unknown","T3",0.5766,0.4234,"LOW"
52,"2","Other/Unknown","T3",0.5913,0.4087,"LOW"
53,"2","Other/Unknown","T3",0.5646,0.4354,"LOW"
54,"2","Other/Unknown","T3",0.5224,0.4776,"LOW"
55,"2","Other/Unknown","T3",0.4664,0.5336,"HIGH"
56,"2","Other/Unknown","T3",0.4964,0.5036,"HIGH"
57,"2","Other/Unknown","T3",0.5084,0.4916,"LOW"
58,"2","Other/Unknown","T3",0.5202,0.4798,"LOW"
59,"2","Other/Unknown","T3",0.5136,0.4864,"LOW"
60,"2","Other/Unknown","T3",0.4959,0.5041,"HIGH"
61,"2","Other/Unknown","T3",0.4564,0.5436,"HIGH"
62,"2","Other/Unknown","T3",0.4468,0.5532,"HIGH"
63,"2","Other/Unknown","T3",0.4588,0.5412,"HIGH"
64,"2","Other/Unknown","T3",0.4457,0.5543,"HIGH"
65,"2","Other/Unknown","T3",0.4647,0.5353,"HIGH"
66,"2","Other/Unknown","T3",0.4731,0.5269,"HIGH"
67,"2","Other/Unknown","T3",0.5599,0.4401,"LOW"
68,"2","Other/Unknown","T3",0.599,0.401,"LOW"
69,"2","Other/Unknown","T3",0.6046,0.3954,"LOW"
70,"2","Other/Unknown","T3",0.6259,0.3741,"LOW"
71,"2","Other/Unknown","T3",0.6152,0.3848,"LOW"
72,"2","Other/Unknown","T3",0.558,0.442,"LOW"
73,"2","Other/Unknown","T3",0.575,0.425,"LOW"
74,"2","Other/Unknown","T3",0.5878,0.4122,"LOW"
75,"2","Other/Unknown","T3",0.5862,0.4138,"LOW"
76,"2","Other/Unknown","T3",0.5891,0.4109,"LOW"
77,"2","Other/Unknown","T3",0.6434,0.3566,"LOW"
78,"2","Other/Unknown","T3",0.661,0.339,"LOW"
79,"2","Other/Unknown","T3",0.6021,0.3979,"LOW"
80,"2","Other/Unknown","T3",0.6459,0.3541,"LOW"
81,"2","Other/Unknown","T3",0.6301,0.3699,"LOW"
82,"2","Other/Unknown","T3",0.6527,0.3473,"LOW"
83,"2","Other/Unknown","T3",0.689,0.311,"LOW"
84,"2","Other/Unknown","T3",0.6881,0.3119,"LOW"
85,"2","Other/Unknown","T3",0.7065,0.2935,"LOW"
86,"2","Other/Unknown","T3",0.6416,0.3584,"LOW"
87,"2","Other/Unknown","T3",0.6369,0.3631,"LOW"
88,"2","Other/Unknown","T3",0.6478,0.3522,"LOW"
89,"2","Other/Unknown","T3",0.5785,0.4215,"LOW"
90,"2","Other/Unknown","T3",0.6784,0.3216,"LOW"
91,"2","Other/Unknown","T3",0.6784,0.3216,"LOW"
92,"2","Other/Unknown","T3",0.6784,0.3216,"LOW"
93,"2","Other/Unknown","T3",0.6784,0.3216,"LOW"
94,"2","Other/Unknown","T3",0.6784,0.3216,"LOW"
95,"2","Other/Unknown","T3",0.6784,0.3216,"LOW"
96,"2","Other/Unknown","T3",0.6784,0.3216,"LOW"
97,"2","Other/Unknown","T3",0.6784,0.3216,"LOW"
98,"2","Other/Unknown","T3",0.6784,0.3216,"LOW"
99,"2","Other/Unknown","T3",0.6784,0.3216,"LOW"
0,"1","N0","T4",0.5282,0.4718,"LOW"
1,"1","N0","T4",0.5282,0.4718,"LOW"
2,"1","N0","T4",0.5282,0.4718,"LOW"
3,"1","N0","T4",0.5282,0.4718,"LOW"
4,"1","N0","T4",0.5282,0.4718,"LOW"
5,"1","N0","T4",0.5282,0.4718,"LOW"
6,"1","N0","T4",0.5282,0.4718,"LOW"
7,"1","N0","T4",0.5282,0.4718,"LOW"
8,"1","N0","T4",0.5282,0.4718,"LOW"
9,"1","N0","T4",0.5282,0.4718,"LOW"
10,"1","N0","T4",0.5282,0.4718,"LOW"
11,"1","N0","T4",0.5282,0.4718,"LOW"
12,"1","N0","T4",0.5282,0.4718,"LOW"
13,"1","N0","T4",0.5282,0.4718,"LOW"
14,"1","N0","T4",0.5282,0.4718,"LOW"
15,"1","N0","T4",0.5282,0.4718,"LOW"
16,"1","N0","T4",0.5282,0.4718,"LOW"
17,"1","N0","T4",0.5282,0.4718,"LOW"
18,"1","N0","T4",0.5282,0.4718,"LOW"
19,"1","N0","T4",0.5439,0.4561,"LOW"
20,"1","N0","T4",0.5629,0.4371,"LOW"
21,"1","N0","T4",0.5865,0.4135,"LOW"
22,"1","N0","T4",0.6048,0.3952,"LOW"
23,"1","N0","T4",0.6287,0.3713,"LOW"
24,"1","N0","T4",0.6285,0.3715,"LOW"
25,"1","N0","T4",0.6363,0.3637,"LOW"
26,"1","N0","T4",0.6358,0.3642,"LOW"
27,"1","N0","T4",0.6312,0.3688,"LOW"
28,"1","N0","T4",0.6304,0.3696,"LOW"
29,"1","N0","T4",0.632,0.368,"LOW"
30,"1","N0","T4",0.5696,0.4304,"LOW"
31,"1","N0","T4",0.5666,0.4334,"LOW"
32,"1","N0","T4",0.5613,0.4387,"LOW"
33,"1","N0","T4",0.5633,0.4367,"LOW"
34,"1","N0","T4",0.5833,0.4167,"LOW"
35,"1","N0","T4",0.6074,0.3926,"LOW"
36,"1","N0","T4",0.6225,0.3775,"LOW"
37,"1","N0","T4",0.6298,0.3702,"LOW"
38,"1","N0","T4",0.6374,0.3626,"LOW"
39,"1","N0","T4",0.6386,0.3614,"LOW"
40,"1","N0","T4",0.6149,0.3851,"LOW"
41,"1","N0","T4",0.6021,0.3979,"LOW"
42,"1","N0","T4",0.5902,0.4098,"LOW"
43,"1","N0","T4",0.6011,0.3989,"LOW"
44,"1","N0","T4",0.6105,0.3895,"LOW"
45,"1","N0","T4",0.5791,0.4209,"LOW"
46,"1","N0","T4",0.5875,0.4125,"LOW"
47,"1","N0","T4",0.5924,0.4076,"LOW"
48,"1","N0","T4",0.6175,0.3825,"LOW"
49,"1","N0","T4",0.5977,0.4023,"LOW"
50,"1","N0","T4",0.5839,0.4161,"LOW"
51,"1","N0","T4",0.5753,0.4247,"LOW"
52,"1","N0","T4",0.5918,0.4082,"LOW"
53,"1","N0","T4",0.6053,0.3947,"LOW"
54,"1","N0","T4",0.5983,0.4017,"LOW"
55,"1","N0","T4",0.6035,0.3965,"LOW"
56,"1","N0","T4",0.6095,0.3905,"LOW"
57,"1","N0","T4",0.6104,0.3896,"LOW"
58,"1","N0","T4",0.6016,0.3984,"LOW"
59,"1","N0","T4",0.6086,0.3914,"LOW"
60,"1","N0","T4",0.6094,0.3906,"LOW"
61,"1","N0","T4",0.6111,0.3889,"LOW"
62,"1","N0","T4",0.6028,0.3972,"LOW"
63,"1","N0","T4",0.6156,0.3844,"LOW"
64,"1","N0","T4",0.6199,0.3801,"LOW"
65,"1","N0","T4",0.6228,0.3772,"LOW"
66,"1","N0","T4",0.6266,0.3734,"LOW"
67,"1","N0","T4",0.6248,0.3752,"LOW"
68,"1","N0","T4",0.6229,0.3771,"LOW"
69,"1","N0","T4",0.6224,0.3776,"LOW"
70,"1","N0","T4",0.6218,0.3782,"LOW"
71,"1","N0","T4",0.6225,0.3775,"LOW"
72,"1","N0","T4",0.6346,0.3654,"LOW"
73,"1","N0","T4",0.632,0.368,"LOW"
74,"1","N0","T4",0.6352,0.3648,"LOW"
75,"1","N0","T4",0.6356,0.3644,"LOW"
76,"1","N0","T4",0.6507,0.3493,"LOW"
77,"1","N0","T4",0.6443,0.3557,"LOW"
78,"1","N0","T4",0.6523,0.3477,"LOW"
79,"1","N0","T4",0.6575,0.3425,"LOW"
80,"1","N0","T4",0.6562,0.3438,"LOW"
81,"1","N0","T4",0.657,0.343,"LOW"
82,"1","N0","T4",0.65,0.35,"LOW"
83,"1","N0","T4",0.6529,0.3471,"LOW"
84,"1","N0","T4",0.6539,0.3461,"LOW"
85,"1","N0","T4",0.6467,0.3533,"LOW"
86,"1","N0","T4",0.6496,0.3504,"LOW"
87,"1","N0","T4",0.6497,0.3503,"LOW"
88,"1","N0","T4",0.6617,0.3383,"LOW"
89,"1","N0","T4",0.6808,0.3192,"LOW"
90,"1","N0","T4",0.6549,0.3451,"LOW"
91,"1","N0","T4",0.6549,0.3451,"LOW"
92,"1","N0","T4",0.6549,0.3451,"LOW"
93,"1","N0","T4",0.6549,0.3451,"LOW"
94,"1","N0","T4",0.6549,0.3451,"LOW"
95,"1","N0","T4",0.6549,0.3451,"LOW"
96,"1","N0","T4",0.6549,0.3451,"LOW"
97,"1","N0","T4",0.6549,0.3451,"LOW"
98,"1","N0","T4",0.6549,0.3451,"LOW"
99,"1","N0","T4",0.6549,0.3451,"LOW"
0,"2","N0","T4",0.7422,0.2578,"LOW"
1,"2","N0","T4",0.7422,0.2578,"LOW"
2,"2","N0","T4",0.7422,0.2578,"LOW"
3,"2","N0","T4",0.7422,0.2578,"LOW"
4,"2","N0","T4",0.7422,0.2578,"LOW"
5,"2","N0","T4",0.7422,0.2578,"LOW"
6,"2","N0","T4",0.7422,0.2578,"LOW"
7,"2","N0","T4",0.7422,0.2578,"LOW"
8,"2","N0","T4",0.7422,0.2578,"LOW"
9,"2","N0","T4",0.7422,0.2578,"LOW"
10,"2","N0","T4",0.7422,0.2578,"LOW"
11,"2","N0","T4",0.7422,0.2578,"LOW"
12,"2","N0","T4",0.7422,0.2578,"LOW"
13,"2","N0","T4",0.7422,0.2578,"LOW"
14,"2","N0","T4",0.7422,0.2578,"LOW"
15,"2","N0","T4",0.7422,0.2578,"LOW"
16,"2","N0","T4",0.7422,0.2578,"LOW"
17,"2","N0","T4",0.7422,0.2578,"LOW"
18,"2","N0","T4",0.7422,0.2578,"LOW"
19,"2","N0","T4",0.7442,0.2558,"LOW"
20,"2","N0","T4",0.7506,0.2494,"LOW"
21,"2","N0","T4",0.756,0.244,"LOW"
22,"2","N0","T4",0.7582,0.2418,"LOW"
23,"2","N0","T4",0.7623,0.2377,"LOW"
24,"2","N0","T4",0.7603,0.2397,"LOW"
25,"2","N0","T4",0.7598,0.2402,"LOW"
26,"2","N0","T4",0.7572,0.2428,"LOW"
27,"2","N0","T4",0.7587,0.2413,"LOW"
28,"2","N0","T4",0.7583,0.2417,"LOW"
29,"2","N0","T4",0.7572,0.2428,"LOW"
30,"2","N0","T4",0.7532,0.2468,"LOW"
31,"2","N0","T4",0.7536,0.2464,"LOW"
32,"2","N0","T4",0.7466,0.2534,"LOW"
33,"2","N0","T4",0.7343,0.2657,"LOW"
34,"2","N0","T4",0.7425,0.2575,"LOW"
35,"2","N0","T4",0.7395,0.2605,"LOW"
36,"2","N0","T4",0.7413,0.2587,"LOW"
37,"2","N0","T4",0.7344,0.2656,"LOW"
38,"2","N0","T4",0.7325,0.2675,"LOW"
39,"2","N0","T4",0.7205,0.2795,"LOW"
40,"2","N0","T4",0.7022,0.2978,"LOW"
41,"2","N0","T4",0.6863,0.3137,"LOW"
42,"2","N0","T4",0.6862,0.3138,"LOW"
43,"2","N0","T4",0.6857,0.3143,"LOW"
44,"2","N0","T4",0.6886,0.3114,"LOW"
45,"2","N0","T4",0.7101,0.2899,"LOW"
46,"2","N0","T4",0.7113,0.2887,"LOW"
47,"2","N0","T4",0.7125,0.2875,"LOW"
48,"2","N0","T4",0.6947,0.3053,"LOW"
49,"2","N0","T4",0.7097,0.2903,"LOW"
50,"2","N0","T4",0.7157,0.2843,"LOW"
51,"2","N0","T4",0.6993,0.3007,"LOW"
52,"2","N0","T4",0.7111,0.2889,"LOW"
53,"2","N0","T4",0.7132,0.2868,"LOW"
54,"2","N0","T4",0.7134,0.2866,"LOW"
55,"2","N0","T4",0.7012,0.2988,"LOW"
56,"2","N0","T4",0.7104,0.2896,"LOW"
57,"2","N0","T4",0.7051,0.2949,"LOW"
58,"2","N0","T4",0.7051,0.2949,"LOW"
59,"2","N0","T4",0.7073,0.2927,"LOW"
60,"2","N0","T4",0.7009,0.2991,"LOW"
61,"2","N0","T4",0.7047,0.2953,"LOW"
62,"2","N0","T4",0.7041,0.2959,"LOW"
63,"2","N0","T4",0.6972,0.3028,"LOW"
64,"2","N0","T4",0.6987,0.3013,"LOW"
65,"2","N0","T4",0.7065,0.2935,"LOW"
66,"2","N0","T4",0.7037,0.2963,"LOW"
67,"2","N0","T4",0.7058,0.2942,"LOW"
68,"2","N0","T4",0.7065,0.2935,"LOW"
69,"2","N0","T4",0.7048,0.2952,"LOW"
70,"2","N0","T4",0.7009,0.2991,"LOW"
71,"2","N0","T4",0.7011,0.2989,"LOW"
72,"2","N0","T4",0.6989,0.3011,"LOW"
73,"2","N0","T4",0.7054,0.2946,"LOW"
74,"2","N0","T4",0.7052,0.2948,"LOW"
75,"2","N0","T4",0.6975,0.3025,"LOW"
76,"2","N0","T4",0.7021,0.2979,"LOW"
77,"2","N0","T4",0.708,0.292,"LOW"
78,"2","N0","T4",0.6876,0.3124,"LOW"
79,"2","N0","T4",0.6929,0.3071,"LOW"
80,"2","N0","T4",0.6999,0.3001,"LOW"
81,"2","N0","T4",0.7021,0.2979,"LOW"
82,"2","N0","T4",0.696,0.304,"LOW"
83,"2","N0","T4",0.707,0.293,"LOW"
84,"2","N0","T4",0.7028,0.2972,"LOW"
85,"2","N0","T4",0.7124,0.2876,"LOW"
86,"2","N0","T4",0.7327,0.2673,"LOW"
87,"2","N0","T4",0.7411,0.2589,"LOW"
88,"2","N0","T4",0.7447,0.2553,"LOW"
89,"2","N0","T4",0.7022,0.2978,"LOW"
90,"2","N0","T4",0.7323,0.2677,"LOW"
91,"2","N0","T4",0.7323,0.2677,"LOW"
92,"2","N0","T4",0.7323,0.2677,"LOW"
93,"2","N0","T4",0.7323,0.2677,"LOW"
94,"2","N0","T4",0.7323,0.2677,"LOW"
95,"2","N0","T4",0.7323,0.2677,"LOW"
96,"2","N0","T4",0.7323,0.2677,"LOW"
97,"2","N0","T4",0.7323,0.2677,"LOW"
98,"2","N0","T4",0.7323,0.2677,"LOW"
99,"2","N0","T4",0.7323,0.2677,"LOW"
0,"1","N1","T4",0.4039,0.5961,"HIGH"
1,"1","N1","T4",0.4039,0.5961,"HIGH"
2,"1","N1","T4",0.4039,0.5961,"HIGH"
3,"1","N1","T4",0.4039,0.5961,"HIGH"
4,"1","N1","T4",0.4039,0.5961,"HIGH"
5,"1","N1","T4",0.4039,0.5961,"HIGH"
6,"1","N1","T4",0.4039,0.5961,"HIGH"
7,"1","N1","T4",0.4039,0.5961,"HIGH"
8,"1","N1","T4",0.4039,0.5961,"HIGH"
9,"1","N1","T4",0.4039,0.5961,"HIGH"
10,"1","N1","T4",0.4039,0.5961,"HIGH"
11,"1","N1","T4",0.4039,0.5961,"HIGH"
12,"1","N1","T4",0.4039,0.5961,"HIGH"
13,"1","N1","T4",0.4039,0.5961,"HIGH"
14,"1","N1","T4",0.4039,0.5961,"HIGH"
15,"1","N1","T4",0.4039,0.5961,"HIGH"
16,"1","N1","T4",0.4039,0.5961,"HIGH"
17,"1","N1","T4",0.4039,0.5961,"HIGH"
18,"1","N1","T4",0.4039,0.5961,"HIGH"
19,"1","N1","T4",0.4052,0.5948,"HIGH"
20,"1","N1","T4",0.4067,0.5933,"HIGH"
21,"1","N1","T4",0.4143,0.5857,"HIGH"
22,"1","N1","T4",0.4143,0.5857,"HIGH"
23,"1","N1","T4",0.4156,0.5844,"HIGH"
24,"1","N1","T4",0.4111,0.5889,"HIGH"
25,"1","N1","T4",0.4381,0.5619,"HIGH"
26,"1","N1","T4",0.4634,0.5366,"HIGH"
27,"1","N1","T4",0.4402,0.5598,"HIGH"
28,"1","N1","T4",0.4205,0.5795,"HIGH"
29,"1","N1","T4",0.4262,0.5738,"HIGH"
30,"1","N1","T4",0.4298,0.5702,"HIGH"
31,"1","N1","T4",0.4365,0.5635,"HIGH"
32,"1","N1","T4",0.4444,0.5556,"HIGH"
33,"1","N1","T4",0.4026,0.5974,"HIGH"
34,"1","N1","T4",0.3903,0.6097,"HIGH"
35,"1","N1","T4",0.4049,0.5951,"HIGH"
36,"1","N1","T4",0.3954,0.6046,"HIGH"
37,"1","N1","T4",0.3975,0.6025,"HIGH"
38,"1","N1","T4",0.4011,0.5989,"HIGH"
39,"1","N1","T4",0.416,0.584,"HIGH"
40,"1","N1","T4",0.4092,0.5908,"HIGH"
41,"1","N1","T4",0.4147,0.5853,"HIGH"
42,"1","N1","T4",0.4297,0.5703,"HIGH"
43,"1","N1","T4",0.435,0.565,"HIGH"
44,"1","N1","T4",0.444,0.556,"HIGH"
45,"1","N1","T4",0.4441,0.5559,"HIGH"
46,"1","N1","T4",0.4501,0.5499,"HIGH"
47,"1","N1","T4",0.4501,0.5499,"HIGH"
48,"1","N1","T4",0.4573,0.5427,"HIGH"
49,"1","N1","T4",0.4577,0.5423,"HIGH"
50,"1","N1","T4",0.449,0.551,"HIGH"
51,"1","N1","T4",0.4511,0.5489,"HIGH"
52,"1","N1","T4",0.4524,0.5476,"HIGH"
53,"1","N1","T4",0.4549,0.5451,"HIGH"
54,"1","N1","T4",0.4576,0.5424,"HIGH"
55,"1","N1","T4",0.4664,0.5336,"HIGH"
56,"1","N1","T4",0.4675,0.5325,"HIGH"
57,"1","N1","T4",0.4677,0.5323,"HIGH"
58,"1","N1","T4",0.4737,0.5263,"HIGH"
59,"1","N1","T4",0.4743,0.5257,"HIGH"
60,"1","N1","T4",0.4742,0.5258,"HIGH"
61,"1","N1","T4",0.4769,0.5231,"HIGH"
62,"1","N1","T4",0.4771,0.5229,"HIGH"
63,"1","N1","T4",0.4801,0.5199,"HIGH"
64,"1","N1","T4",0.4746,0.5254,"HIGH"
65,"1","N1","T4",0.4756,0.5244,"HIGH"
66,"1","N1","T4",0.4825,0.5175,"HIGH"
67,"1","N1","T4",0.4829,0.5171,"HIGH"
68,"1","N1","T4",0.4855,0.5145,"HIGH"
69,"1","N1","T4",0.4852,0.5148,"HIGH"
70,"1","N1","T4",0.4867,0.5133,"HIGH"
71,"1","N1","T4",0.4839,0.5161,"HIGH"
72,"1","N1","T4",0.4869,0.5131,"HIGH"
73,"1","N1","T4",0.4821,0.5179,"HIGH"
74,"1","N1","T4",0.4881,0.5119,"HIGH"
75,"1","N1","T4",0.4889,0.5111,"HIGH"
76,"1","N1","T4",0.4866,0.5134,"HIGH"
77,"1","N1","T4",0.4954,0.5046,"HIGH"
78,"1","N1","T4",0.4928,0.5072,"HIGH"
79,"1","N1","T4",0.4888,0.5112,"HIGH"
80,"1","N1","T4",0.486,0.514,"HIGH"
81,"1","N1","T4",0.4894,0.5106,"HIGH"
82,"1","N1","T4",0.4997,0.5003,"HIGH"
83,"1","N1","T4",0.5008,0.4992,"LOW"
84,"1","N1","T4",0.502,0.498,"LOW"
85,"1","N1","T4",0.5278,0.4722,"LOW"
86,"1","N1","T4",0.5204,0.4796,"LOW"
87,"1","N1","T4",0.5404,0.4596,"LOW"
88,"1","N1","T4",0.54,0.46,"LOW"
89,"1","N1","T4",0.5242,0.4758,"LOW"
90,"1","N1","T4",0.5369,0.4631,"LOW"
91,"1","N1","T4",0.5369,0.4631,"LOW"
92,"1","N1","T4",0.5369,0.4631,"LOW"
93,"1","N1","T4",0.5369,0.4631,"LOW"
94,"1","N1","T4",0.5369,0.4631,"LOW"
95,"1","N1","T4",0.5369,0.4631,"LOW"
96,"1","N1","T4",0.5369,0.4631,"LOW"
97,"1","N1","T4",0.5369,0.4631,"LOW"
98,"1","N1","T4",0.5369,0.4631,"LOW"
99,"1","N1","T4",0.5369,0.4631,"LOW"
0,"2","N1","T4",0.5751,0.4249,"LOW"
1,"2","N1","T4",0.5751,0.4249,"LOW"
2,"2","N1","T4",0.5751,0.4249,"LOW"
3,"2","N1","T4",0.5751,0.4249,"LOW"
4,"2","N1","T4",0.5751,0.4249,"LOW"
5,"2","N1","T4",0.5751,0.4249,"LOW"
6,"2","N1","T4",0.5751,0.4249,"LOW"
7,"2","N1","T4",0.5751,0.4249,"LOW"
8,"2","N1","T4",0.5751,0.4249,"LOW"
9,"2","N1","T4",0.5751,0.4249,"LOW"
10,"2","N1","T4",0.5751,0.4249,"LOW"
11,"2","N1","T4",0.5751,0.4249,"LOW"
12,"2","N1","T4",0.5751,0.4249,"LOW"
13,"2","N1","T4",0.5751,0.4249,"LOW"
14,"2","N1","T4",0.5751,0.4249,"LOW"
15,"2","N1","T4",0.5751,0.4249,"LOW"
16,"2","N1","T4",0.5751,0.4249,"LOW"
17,"2","N1","T4",0.5751,0.4249,"LOW"
18,"2","N1","T4",0.5751,0.4249,"LOW"
19,"2","N1","T4",0.5751,0.4249,"LOW"
20,"2","N1","T4",0.5771,0.4229,"LOW"
21,"2","N1","T4",0.5782,0.4218,"LOW"
22,"2","N1","T4",0.5802,0.4198,"LOW"
23,"2","N1","T4",0.5824,0.4176,"LOW"
24,"2","N1","T4",0.5824,0.4176,"LOW"
25,"2","N1","T4",0.5876,0.4124,"LOW"
26,"2","N1","T4",0.5956,0.4044,"LOW"
27,"2","N1","T4",0.5876,0.4124,"LOW"
28,"2","N1","T4",0.5887,0.4113,"LOW"
29,"2","N1","T4",0.588,0.412,"LOW"
30,"2","N1","T4",0.5879,0.4121,"LOW"
31,"2","N1","T4",0.5859,0.4141,"LOW"
32,"2","N1","T4",0.5244,0.4756,"LOW"
33,"2","N1","T4",0.5313,0.4687,"LOW"
34,"2","N1","T4",0.5312,0.4688,"LOW"
35,"2","N1","T4",0.5377,0.4623,"LOW"
36,"2","N1","T4",0.551,0.449,"LOW"
37,"2","N1","T4",0.5527,0.4473,"LOW"
38,"2","N1","T4",0.5595,0.4405,"LOW"
39,"2","N1","T4",0.56,0.44,"LOW"
40,"2","N1","T4",0.5668,0.4332,"LOW"
41,"2","N1","T4",0.5961,0.4039,"LOW"
42,"2","N1","T4",0.5803,0.4197,"LOW"
43,"2","N1","T4",0.5803,0.4197,"LOW"
44,"2","N1","T4",0.5605,0.4395,"LOW"
45,"2","N1","T4",0.5783,0.4217,"LOW"
46,"2","N1","T4",0.5774,0.4226,"LOW"
47,"2","N1","T4",0.5776,0.4224,"LOW"
48,"2","N1","T4",0.5781,0.4219,"LOW"
49,"2","N1","T4",0.5665,0.4335,"LOW"
50,"2","N1","T4",0.5662,0.4338,"LOW"
51,"2","N1","T4",0.5695,0.4305,"LOW"
52,"2","N1","T4",0.5638,0.4362,"LOW"
53,"2","N1","T4",0.5656,0.4344,"LOW"
54,"2","N1","T4",0.5642,0.4358,"LOW"
55,"2","N1","T4",0.5663,0.4337,"LOW"
56,"2","N1","T4",0.5667,0.4333,"LOW"
57,"2","N1","T4",0.5726,0.4274,"LOW"
58,"2","N1","T4",0.5788,0.4212,"LOW"
59,"2","N1","T4",0.5783,0.4217,"LOW"
60,"2","N1","T4",0.5777,0.4223,"LOW"
61,"2","N1","T4",0.5763,0.4237,"LOW"
62,"2","N1","T4",0.5742,0.4258,"LOW"
63,"2","N1","T4",0.5729,0.4271,"LOW"
64,"2","N1","T4",0.5723,0.4277,"LOW"
65,"2","N1","T4",0.5793,0.4207,"LOW"
66,"2","N1","T4",0.5768,0.4232,"LOW"
67,"2","N1","T4",0.5761,0.4239,"LOW"
68,"2","N1","T4",0.5798,0.4202,"LOW"
69,"2","N1","T4",0.5796,0.4204,"LOW"
70,"2","N1","T4",0.5793,0.4207,"LOW"
71,"2","N1","T4",0.5776,0.4224,"LOW"
72,"2","N1","T4",0.5733,0.4267,"LOW"
73,"2","N1","T4",0.5797,0.4203,"LOW"
74,"2","N1","T4",0.5784,0.4216,"LOW"
75,"2","N1","T4",0.5854,0.4146,"LOW"
76,"2","N1","T4",0.5902,0.4098,"LOW"
77,"2","N1","T4",0.5921,0.4079,"LOW"
78,"2","N1","T4",0.5899,0.4101,"LOW"
79,"2","N1","T4",0.5873,0.4127,"LOW"
80,"2","N1","T4",0.5883,0.4117,"LOW"
81,"2","N1","T4",0.5829,0.4171,"LOW"
82,"2","N1","T4",0.577,0.423,"LOW"
83,"2","N1","T4",0.5763,0.4237,"LOW"
84,"2","N1","T4",0.5885,0.4115,"LOW"
85,"2","N1","T4",0.5795,0.4205,"LOW"
86,"2","N1","T4",0.5652,0.4348,"LOW"
87,"2","N1","T4",0.57,0.43,"LOW"
88,"2","N1","T4",0.5836,0.4164,"LOW"
89,"2","N1","T4",0.5885,0.4115,"LOW"
90,"2","N1","T4",0.5301,0.4699,"LOW"
91,"2","N1","T4",0.5301,0.4699,"LOW"
92,"2","N1","T4",0.5301,0.4699,"LOW"
93,"2","N1","T4",0.5301,0.4699,"LOW"
94,"2","N1","T4",0.5301,0.4699,"LOW"
95,"2","N1","T4",0.5301,0.4699,"LOW"
96,"2","N1","T4",0.5301,0.4699,"LOW"
97,"2","N1","T4",0.5301,0.4699,"LOW"
98,"2","N1","T4",0.5301,0.4699,"LOW"
99,"2","N1","T4",0.5301,0.4699,"LOW"
0,"1","N2","T4",0.3859,0.6141,"HIGH"
1,"1","N2","T4",0.3859,0.6141,"HIGH"
2,"1","N2","T4",0.3859,0.6141,"HIGH"
3,"1","N2","T4",0.3859,0.6141,"HIGH"
4,"1","N2","T4",0.3859,0.6141,"HIGH"
5,"1","N2","T4",0.3859,0.6141,"HIGH"
6,"1","N2","T4",0.3859,0.6141,"HIGH"
7,"1","N2","T4",0.3859,0.6141,"HIGH"
8,"1","N2","T4",0.3859,0.6141,"HIGH"
9,"1","N2","T4",0.3859,0.6141,"HIGH"
10,"1","N2","T4",0.3859,0.6141,"HIGH"
11,"1","N2","T4",0.3859,0.6141,"HIGH"
12,"1","N2","T4",0.3859,0.6141,"HIGH"
13,"1","N2","T4",0.3859,0.6141,"HIGH"
14,"1","N2","T4",0.3859,0.6141,"HIGH"
15,"1","N2","T4",0.3859,0.6141,"HIGH"
16,"1","N2","T4",0.3859,0.6141,"HIGH"
17,"1","N2","T4",0.3859,0.6141,"HIGH"
18,"1","N2","T4",0.3859,0.6141,"HIGH"
19,"1","N2","T4",0.3884,0.6116,"HIGH"
20,"1","N2","T4",0.3914,0.6086,"HIGH"
21,"1","N2","T4",0.3973,0.6027,"HIGH"
22,"1","N2","T4",0.3992,0.6008,"HIGH"
23,"1","N2","T4",0.4023,0.5977,"HIGH"
24,"1","N2","T4",0.396,0.604,"HIGH"
25,"1","N2","T4",0.405,0.595,"HIGH"
26,"1","N2","T4",0.4194,0.5806,"HIGH"
27,"1","N2","T4",0.4727,0.5273,"HIGH"
28,"1","N2","T4",0.4722,0.5278,"HIGH"
29,"1","N2","T4",0.4587,0.5413,"HIGH"
30,"1","N2","T4",0.4446,0.5554,"HIGH"
31,"1","N2","T4",0.4401,0.5599,"HIGH"
32,"1","N2","T4",0.4499,0.5501,"HIGH"
33,"1","N2","T4",0.4499,0.5501,"HIGH"
34,"1","N2","T4",0.4523,0.5477,"HIGH"
35,"1","N2","T4",0.4741,0.5259,"HIGH"
36,"1","N2","T4",0.4952,0.5048,"HIGH"
37,"1","N2","T4",0.5258,0.4742,"LOW"
38,"1","N2","T4",0.5212,0.4788,"LOW"
39,"1","N2","T4",0.5529,0.4471,"LOW"
40,"1","N2","T4",0.5511,0.4489,"LOW"
41,"1","N2","T4",0.5475,0.4525,"LOW"
42,"1","N2","T4",0.5408,0.4592,"LOW"
43,"1","N2","T4",0.5552,0.4448,"LOW"
44,"1","N2","T4",0.5432,0.4568,"LOW"
45,"1","N2","T4",0.5406,0.4594,"LOW"
46,"1","N2","T4",0.558,0.442,"LOW"
47,"1","N2","T4",0.5356,0.4644,"LOW"
48,"1","N2","T4",0.5452,0.4548,"LOW"
49,"1","N2","T4",0.5483,0.4517,"LOW"
50,"1","N2","T4",0.5443,0.4557,"LOW"
51,"1","N2","T4",0.5472,0.4528,"LOW"
52,"1","N2","T4",0.5507,0.4493,"LOW"
53,"1","N2","T4",0.5514,0.4486,"LOW"
54,"1","N2","T4",0.5482,0.4518,"LOW"
55,"1","N2","T4",0.5522,0.4478,"LOW"
56,"1","N2","T4",0.5401,0.4599,"LOW"
57,"1","N2","T4",0.5391,0.4609,"LOW"
58,"1","N2","T4",0.5357,0.4643,"LOW"
59,"1","N2","T4",0.539,0.461,"LOW"
60,"1","N2","T4",0.5419,0.4581,"LOW"
61,"1","N2","T4",0.5384,0.4616,"LOW"
62,"1","N2","T4",0.5415,0.4585,"LOW"
63,"1","N2","T4",0.5467,0.4533,"LOW"
64,"1","N2","T4",0.5492,0.4508,"LOW"
65,"1","N2","T4",0.5449,0.4551,"LOW"
66,"1","N2","T4",0.5411,0.4589,"LOW"
67,"1","N2","T4",0.5347,0.4653,"LOW"
68,"1","N2","T4",0.5383,0.4617,"LOW"
69,"1","N2","T4",0.5392,0.4608,"LOW"
70,"1","N2","T4",0.5374,0.4626,"LOW"
71,"1","N2","T4",0.5314,0.4686,"LOW"
72,"1","N2","T4",0.5361,0.4639,"LOW"
73,"1","N2","T4",0.5386,0.4614,"LOW"
74,"1","N2","T4",0.5416,0.4584,"LOW"
75,"1","N2","T4",0.528,0.472,"LOW"
76,"1","N2","T4",0.5196,0.4804,"LOW"
77,"1","N2","T4",0.5106,0.4894,"LOW"
78,"1","N2","T4",0.5141,0.4859,"LOW"
79,"1","N2","T4",0.5188,0.4812,"LOW"
80,"1","N2","T4",0.5097,0.4903,"LOW"
81,"1","N2","T4",0.5298,0.4702,"LOW"
82,"1","N2","T4",0.5139,0.4861,"LOW"
83,"1","N2","T4",0.5336,0.4664,"LOW"
84,"1","N2","T4",0.5465,0.4535,"LOW"
85,"1","N2","T4",0.5209,0.4791,"LOW"
86,"1","N2","T4",0.5394,0.4606,"LOW"
87,"1","N2","T4",0.554,0.446,"LOW"
88,"1","N2","T4",0.5683,0.4317,"LOW"
89,"1","N2","T4",0.5391,0.4609,"LOW"
90,"1","N2","T4",0.5831,0.4169,"LOW"
91,"1","N2","T4",0.5831,0.4169,"LOW"
92,"1","N2","T4",0.5831,0.4169,"LOW"
93,"1","N2","T4",0.5831,0.4169,"LOW"
94,"1","N2","T4",0.5831,0.4169,"LOW"
95,"1","N2","T4",0.5831,0.4169,"LOW"
96,"1","N2","T4",0.5831,0.4169,"LOW"
97,"1","N2","T4",0.5831,0.4169,"LOW"
98,"1","N2","T4",0.5831,0.4169,"LOW"
99,"1","N2","T4",0.5831,0.4169,"LOW"
0,"2","N2","T4",0.6088,0.3912,"LOW"
1,"2","N2","T4",0.6088,0.3912,"LOW"
2,"2","N2","T4",0.6088,0.3912,"LOW"
3,"2","N2","T4",0.6088,0.3912,"LOW"
4,"2","N2","T4",0.6088,0.3912,"LOW"
5,"2","N2","T4",0.6088,0.3912,"LOW"
6,"2","N2","T4",0.6088,0.3912,"LOW"
7,"2","N2","T4",0.6088,0.3912,"LOW"
8,"2","N2","T4",0.6088,0.3912,"LOW"
9,"2","N2","T4",0.6088,0.3912,"LOW"
10,"2","N2","T4",0.6088,0.3912,"LOW"
11,"2","N2","T4",0.6088,0.3912,"LOW"
12,"2","N2","T4",0.6088,0.3912,"LOW"
13,"2","N2","T4",0.6088,0.3912,"LOW"
14,"2","N2","T4",0.6088,0.3912,"LOW"
15,"2","N2","T4",0.6088,0.3912,"LOW"
16,"2","N2","T4",0.6088,0.3912,"LOW"
17,"2","N2","T4",0.6088,0.3912,"LOW"
18,"2","N2","T4",0.6088,0.3912,"LOW"
19,"2","N2","T4",0.61,0.39,"LOW"
20,"2","N2","T4",0.6132,0.3868,"LOW"
21,"2","N2","T4",0.6132,0.3868,"LOW"
22,"2","N2","T4",0.6146,0.3854,"LOW"
23,"2","N2","T4",0.6171,0.3829,"LOW"
24,"2","N2","T4",0.6151,0.3849,"LOW"
25,"2","N2","T4",0.6137,0.3863,"LOW"
26,"2","N2","T4",0.6187,0.3813,"LOW"
27,"2","N2","T4",0.63,0.37,"LOW"
28,"2","N2","T4",0.6317,0.3683,"LOW"
29,"2","N2","T4",0.6306,0.3694,"LOW"
30,"2","N2","T4",0.6304,0.3696,"LOW"
31,"2","N2","T4",0.6315,0.3685,"LOW"
32,"2","N2","T4",0.6372,0.3628,"LOW"
33,"2","N2","T4",0.5262,0.4738,"LOW"
34,"2","N2","T4",0.518,0.482,"LOW"
35,"2","N2","T4",0.5031,0.4969,"LOW"
36,"2","N2","T4",0.5182,0.4818,"LOW"
37,"2","N2","T4",0.5337,0.4663,"LOW"
38,"2","N2","T4",0.5568,0.4432,"LOW"
39,"2","N2","T4",0.5782,0.4218,"LOW"
40,"2","N2","T4",0.5895,0.4105,"LOW"
41,"2","N2","T4",0.5613,0.4387,"LOW"
42,"2","N2","T4",0.544,0.456,"LOW"
43,"2","N2","T4",0.563,0.437,"LOW"
44,"2","N2","T4",0.607,0.393,"LOW"
45,"2","N2","T4",0.5981,0.4019,"LOW"
46,"2","N2","T4",0.5798,0.4202,"LOW"
47,"2","N2","T4",0.6098,0.3902,"LOW"
48,"2","N2","T4",0.599,0.401,"LOW"
49,"2","N2","T4",0.6135,0.3865,"LOW"
50,"2","N2","T4",0.592,0.408,"LOW"
51,"2","N2","T4",0.6101,0.3899,"LOW"
52,"2","N2","T4",0.596,0.404,"LOW"
53,"2","N2","T4",0.6094,0.3906,"LOW"
54,"2","N2","T4",0.5915,0.4085,"LOW"
55,"2","N2","T4",0.5916,0.4084,"LOW"
56,"2","N2","T4",0.6004,0.3996,"LOW"
57,"2","N2","T4",0.6222,0.3778,"LOW"
58,"2","N2","T4",0.6181,0.3819,"LOW"
59,"2","N2","T4",0.6269,0.3731,"LOW"
60,"2","N2","T4",0.6272,0.3728,"LOW"
61,"2","N2","T4",0.6316,0.3684,"LOW"
62,"2","N2","T4",0.6292,0.3708,"LOW"
63,"2","N2","T4",0.6293,0.3707,"LOW"
64,"2","N2","T4",0.6292,0.3708,"LOW"
65,"2","N2","T4",0.6231,0.3769,"LOW"
66,"2","N2","T4",0.6284,0.3716,"LOW"
67,"2","N2","T4",0.6257,0.3743,"LOW"
68,"2","N2","T4",0.6287,0.3713,"LOW"
69,"2","N2","T4",0.6245,0.3755,"LOW"
70,"2","N2","T4",0.6306,0.3694,"LOW"
71,"2","N2","T4",0.6309,0.3691,"LOW"
72,"2","N2","T4",0.5992,0.4008,"LOW"
73,"2","N2","T4",0.6288,0.3712,"LOW"
74,"2","N2","T4",0.6234,0.3766,"LOW"
75,"2","N2","T4",0.609,0.391,"LOW"
76,"2","N2","T4",0.6181,0.3819,"LOW"
77,"2","N2","T4",0.6112,0.3888,"LOW"
78,"2","N2","T4",0.5913,0.4087,"LOW"
79,"2","N2","T4",0.5825,0.4175,"LOW"
80,"2","N2","T4",0.5986,0.4014,"LOW"
81,"2","N2","T4",0.605,0.395,"LOW"
82,"2","N2","T4",0.6061,0.3939,"LOW"
83,"2","N2","T4",0.627,0.373,"LOW"
84,"2","N2","T4",0.6248,0.3752,"LOW"
85,"2","N2","T4",0.6244,0.3756,"LOW"
86,"2","N2","T4",0.6362,0.3638,"LOW"
87,"2","N2","T4",0.6015,0.3985,"LOW"
88,"2","N2","T4",0.6334,0.3666,"LOW"
89,"2","N2","T4",0.5959,0.4041,"LOW"
90,"2","N2","T4",0.5569,0.4431,"LOW"
91,"2","N2","T4",0.5569,0.4431,"LOW"
92,"2","N2","T4",0.5569,0.4431,"LOW"
93,"2","N2","T4",0.5569,0.4431,"LOW"
94,"2","N2","T4",0.5569,0.4431,"LOW"
95,"2","N2","T4",0.5569,0.4431,"LOW"
96,"2","N2","T4",0.5569,0.4431,"LOW"
97,"2","N2","T4",0.5569,0.4431,"LOW"
98,"2","N2","T4",0.5569,0.4431,"LOW"
99,"2","N2","T4",0.5569,0.4431,"LOW"
0,"1","N3","T4",0.2199,0.7801,"HIGH"
1,"1","N3","T4",0.2199,0.7801,"HIGH"
2,"1","N3","T4",0.2199,0.7801,"HIGH"
3,"1","N3","T4",0.2199,0.7801,"HIGH"
4,"1","N3","T4",0.2199,0.7801,"HIGH"
5,"1","N3","T4",0.2199,0.7801,"HIGH"
6,"1","N3","T4",0.2199,0.7801,"HIGH"
7,"1","N3","T4",0.2199,0.7801,"HIGH"
8,"1","N3","T4",0.2199,0.7801,"HIGH"
9,"1","N3","T4",0.2199,0.7801,"HIGH"
10,"1","N3","T4",0.2199,0.7801,"HIGH"
11,"1","N3","T4",0.2199,0.7801,"HIGH"
12,"1","N3","T4",0.2199,0.7801,"HIGH"
13,"1","N3","T4",0.2199,0.7801,"HIGH"
14,"1","N3","T4",0.2199,0.7801,"HIGH"
15,"1","N3","T4",0.2199,0.7801,"HIGH"
16,"1","N3","T4",0.2199,0.7801,"HIGH"
17,"1","N3","T4",0.2199,0.7801,"HIGH"
18,"1","N3","T4",0.2199,0.7801,"HIGH"
19,"1","N3","T4",0.2199,0.7801,"HIGH"
20,"1","N3","T4",0.2125,0.7875,"HIGH"
21,"1","N3","T4",0.208,0.792,"HIGH"
22,"1","N3","T4",0.2067,0.7933,"HIGH"
23,"1","N3","T4",0.2033,0.7967,"HIGH"
24,"1","N3","T4",0.1983,0.8017,"HIGH"
25,"1","N3","T4",0.1992,0.8008,"HIGH"
26,"1","N3","T4",0.2005,0.7995,"HIGH"
27,"1","N3","T4",0.1987,0.8013,"HIGH"
28,"1","N3","T4",0.1995,0.8005,"HIGH"
29,"1","N3","T4",0.1986,0.8014,"HIGH"
30,"1","N3","T4",0.2074,0.7926,"HIGH"
31,"1","N3","T4",0.2144,0.7856,"HIGH"
32,"1","N3","T4",0.2198,0.7802,"HIGH"
33,"1","N3","T4",0.2306,0.7694,"HIGH"
34,"1","N3","T4",0.2642,0.7358,"HIGH"
35,"1","N3","T4",0.2882,0.7118,"HIGH"
36,"1","N3","T4",0.2583,0.7417,"HIGH"
37,"1","N3","T4",0.26,0.74,"HIGH"
38,"1","N3","T4",0.2631,0.7369,"HIGH"
39,"1","N3","T4",0.2713,0.7287,"HIGH"
40,"1","N3","T4",0.2528,0.7472,"HIGH"
41,"1","N3","T4",0.2595,0.7405,"HIGH"
42,"1","N3","T4",0.2717,0.7283,"HIGH"
43,"1","N3","T4",0.2789,0.7211,"HIGH"
44,"1","N3","T4",0.2764,0.7236,"HIGH"
45,"1","N3","T4",0.2881,0.7119,"HIGH"
46,"1","N3","T4",0.2743,0.7257,"HIGH"
47,"1","N3","T4",0.2737,0.7263,"HIGH"
48,"1","N3","T4",0.2627,0.7373,"HIGH"
49,"1","N3","T4",0.2731,0.7269,"HIGH"
50,"1","N3","T4",0.2731,0.7269,"HIGH"
51,"1","N3","T4",0.2672,0.7328,"HIGH"
52,"1","N3","T4",0.2669,0.7331,"HIGH"
53,"1","N3","T4",0.2759,0.7241,"HIGH"
54,"1","N3","T4",0.2831,0.7169,"HIGH"
55,"1","N3","T4",0.2672,0.7328,"HIGH"
56,"1","N3","T4",0.2679,0.7321,"HIGH"
57,"1","N3","T4",0.2762,0.7238,"HIGH"
58,"1","N3","T4",0.275,0.725,"HIGH"
59,"1","N3","T4",0.2741,0.7259,"HIGH"
60,"1","N3","T4",0.2748,0.7252,"HIGH"
61,"1","N3","T4",0.2807,0.7193,"HIGH"
62,"1","N3","T4",0.2804,0.7196,"HIGH"
63,"1","N3","T4",0.2875,0.7125,"HIGH"
64,"1","N3","T4",0.2859,0.7141,"HIGH"
65,"1","N3","T4",0.2808,0.7192,"HIGH"
66,"1","N3","T4",0.2868,0.7132,"HIGH"
67,"1","N3","T4",0.2933,0.7067,"HIGH"
68,"1","N3","T4",0.2932,0.7068,"HIGH"
69,"1","N3","T4",0.2871,0.7129,"HIGH"
70,"1","N3","T4",0.2775,0.7225,"HIGH"
71,"1","N3","T4",0.2738,0.7262,"HIGH"
72,"1","N3","T4",0.2736,0.7264,"HIGH"
73,"1","N3","T4",0.2656,0.7344,"HIGH"
74,"1","N3","T4",0.2846,0.7154,"HIGH"
75,"1","N3","T4",0.2729,0.7271,"HIGH"
76,"1","N3","T4",0.2714,0.7286,"HIGH"
77,"1","N3","T4",0.2711,0.7289,"HIGH"
78,"1","N3","T4",0.2609,0.7391,"HIGH"
79,"1","N3","T4",0.2705,0.7295,"HIGH"
80,"1","N3","T4",0.2714,0.7286,"HIGH"
81,"1","N3","T4",0.2606,0.7394,"HIGH"
82,"1","N3","T4",0.2827,0.7173,"HIGH"
83,"1","N3","T4",0.2765,0.7235,"HIGH"
84,"1","N3","T4",0.2715,0.7285,"HIGH"
85,"1","N3","T4",0.2544,0.7456,"HIGH"
86,"1","N3","T4",0.2768,0.7232,"HIGH"
87,"1","N3","T4",0.2967,0.7033,"HIGH"
88,"1","N3","T4",0.2666,0.7334,"HIGH"
89,"1","N3","T4",0.2665,0.7335,"HIGH"
90,"1","N3","T4",0.261,0.739,"HIGH"
91,"1","N3","T4",0.261,0.739,"HIGH"
92,"1","N3","T4",0.261,0.739,"HIGH"
93,"1","N3","T4",0.261,0.739,"HIGH"
94,"1","N3","T4",0.261,0.739,"HIGH"
95,"1","N3","T4",0.261,0.739,"HIGH"
96,"1","N3","T4",0.261,0.739,"HIGH"
97,"1","N3","T4",0.261,0.739,"HIGH"
98,"1","N3","T4",0.261,0.739,"HIGH"
99,"1","N3","T4",0.261,0.739,"HIGH"
0,"2","N3","T4",0.5466,0.4534,"LOW"
1,"2","N3","T4",0.5466,0.4534,"LOW"
2,"2","N3","T4",0.5466,0.4534,"LOW"
3,"2","N3","T4",0.5466,0.4534,"LOW"
4,"2","N3","T4",0.5466,0.4534,"LOW"
5,"2","N3","T4",0.5466,0.4534,"LOW"
6,"2","N3","T4",0.5466,0.4534,"LOW"
7,"2","N3","T4",0.5466,0.4534,"LOW"
8,"2","N3","T4",0.5466,0.4534,"LOW"
9,"2","N3","T4",0.5466,0.4534,"LOW"
10,"2","N3","T4",0.5466,0.4534,"LOW"
11,"2","N3","T4",0.5466,0.4534,"LOW"
12,"2","N3","T4",0.5466,0.4534,"LOW"
13,"2","N3","T4",0.5466,0.4534,"LOW"
14,"2","N3","T4",0.5466,0.4534,"LOW"
15,"2","N3","T4",0.5466,0.4534,"LOW"
16,"2","N3","T4",0.5466,0.4534,"LOW"
17,"2","N3","T4",0.5466,0.4534,"LOW"
18,"2","N3","T4",0.5466,0.4534,"LOW"
19,"2","N3","T4",0.5466,0.4534,"LOW"
20,"2","N3","T4",0.5295,0.4705,"LOW"
21,"2","N3","T4",0.5116,0.4884,"LOW"
22,"2","N3","T4",0.5039,0.4961,"LOW"
23,"2","N3","T4",0.4996,0.5004,"HIGH"
24,"2","N3","T4",0.4873,0.5127,"HIGH"
25,"2","N3","T4",0.471,0.529,"HIGH"
26,"2","N3","T4",0.4608,0.5392,"HIGH"
27,"2","N3","T4",0.4487,0.5513,"HIGH"
28,"2","N3","T4",0.443,0.557,"HIGH"
29,"2","N3","T4",0.4369,0.5631,"HIGH"
30,"2","N3","T4",0.4305,0.5695,"HIGH"
31,"2","N3","T4",0.4254,0.5746,"HIGH"
32,"2","N3","T4",0.4226,0.5774,"HIGH"
33,"2","N3","T4",0.4197,0.5803,"HIGH"
34,"2","N3","T4",0.4111,0.5889,"HIGH"
35,"2","N3","T4",0.4101,0.5899,"HIGH"
36,"2","N3","T4",0.3968,0.6032,"HIGH"
37,"2","N3","T4",0.3924,0.6076,"HIGH"
38,"2","N3","T4",0.3861,0.6139,"HIGH"
39,"2","N3","T4",0.3818,0.6182,"HIGH"
40,"2","N3","T4",0.3828,0.6172,"HIGH"
41,"2","N3","T4",0.3796,0.6204,"HIGH"
42,"2","N3","T4",0.3808,0.6192,"HIGH"
43,"2","N3","T4",0.3788,0.6212,"HIGH"
44,"2","N3","T4",0.3759,0.6241,"HIGH"
45,"2","N3","T4",0.3669,0.6331,"HIGH"
46,"2","N3","T4",0.3595,0.6405,"HIGH"
47,"2","N3","T4",0.3776,0.6224,"HIGH"
48,"2","N3","T4",0.3946,0.6054,"HIGH"
49,"2","N3","T4",0.4095,0.5905,"HIGH"
50,"2","N3","T4",0.4232,0.5768,"HIGH"
51,"2","N3","T4",0.4337,0.5663,"HIGH"
52,"2","N3","T4",0.3994,0.6006,"HIGH"
53,"2","N3","T4",0.3843,0.6157,"HIGH"
54,"2","N3","T4",0.3599,0.6401,"HIGH"
55,"2","N3","T4",0.3611,0.6389,"HIGH"
56,"2","N3","T4",0.3778,0.6222,"HIGH"
57,"2","N3","T4",0.3529,0.6471,"HIGH"
58,"2","N3","T4",0.3579,0.6421,"HIGH"
59,"2","N3","T4",0.3496,0.6504,"HIGH"
60,"2","N3","T4",0.3596,0.6404,"HIGH"
61,"2","N3","T4",0.3596,0.6404,"HIGH"
62,"2","N3","T4",0.3575,0.6425,"HIGH"
63,"2","N3","T4",0.3759,0.6241,"HIGH"
64,"2","N3","T4",0.3681,0.6319,"HIGH"
65,"2","N3","T4",0.3815,0.6185,"HIGH"
66,"2","N3","T4",0.3948,0.6052,"HIGH"
67,"2","N3","T4",0.4221,0.5779,"HIGH"
68,"2","N3","T4",0.4363,0.5637,"HIGH"
69,"2","N3","T4",0.4475,0.5525,"HIGH"
70,"2","N3","T4",0.4595,0.5405,"HIGH"
71,"2","N3","T4",0.4176,0.5824,"HIGH"
72,"2","N3","T4",0.3842,0.6158,"HIGH"
73,"2","N3","T4",0.4202,0.5798,"HIGH"
74,"2","N3","T4",0.412,0.588,"HIGH"
75,"2","N3","T4",0.3983,0.6017,"HIGH"
76,"2","N3","T4",0.3832,0.6168,"HIGH"
77,"2","N3","T4",0.3695,0.6305,"HIGH"
78,"2","N3","T4",0.3695,0.6305,"HIGH"
79,"2","N3","T4",0.389,0.611,"HIGH"
80,"2","N3","T4",0.4155,0.5845,"HIGH"
81,"2","N3","T4",0.4466,0.5534,"HIGH"
82,"2","N3","T4",0.491,0.509,"HIGH"
83,"2","N3","T4",0.5237,0.4763,"LOW"
84,"2","N3","T4",0.5329,0.4671,"LOW"
85,"2","N3","T4",0.5477,0.4523,"LOW"
86,"2","N3","T4",0.5586,0.4414,"LOW"
87,"2","N3","T4",0.559,0.441,"LOW"
88,"2","N3","T4",0.5271,0.4729,"LOW"
89,"2","N3","T4",0.5089,0.4911,"LOW"
90,"2","N3","T4",0.4469,0.5531,"HIGH"
91,"2","N3","T4",0.4469,0.5531,"HIGH"
92,"2","N3","T4",0.4469,0.5531,"HIGH"
93,"2","N3","T4",0.4469,0.5531,"HIGH"
94,"2","N3","T4",0.4469,0.5531,"HIGH"
95,"2","N3","T4",0.4469,0.5531,"HIGH"
96,"2","N3","T4",0.4469,0.5531,"HIGH"
97,"2","N3","T4",0.4469,0.5531,"HIGH"
98,"2","N3","T4",0.4469,0.5531,"HIGH"
99,"2","N3","T4",0.4469,0.5531,"HIGH"
0,"1","Other/Unknown","T4",0.1889,0.8111,"HIGH"
1,"1","Other/Unknown","T4",0.1889,0.8111,"HIGH"
2,"1","Other/Unknown","T4",0.1889,0.8111,"HIGH"
3,"1","Other/Unknown","T4",0.1889,0.8111,"HIGH"
4,"1","Other/Unknown","T4",0.1889,0.8111,"HIGH"
5,"1","Other/Unknown","T4",0.1889,0.8111,"HIGH"
6,"1","Other/Unknown","T4",0.1889,0.8111,"HIGH"
7,"1","Other/Unknown","T4",0.1889,0.8111,"HIGH"
8,"1","Other/Unknown","T4",0.1889,0.8111,"HIGH"
9,"1","Other/Unknown","T4",0.1889,0.8111,"HIGH"
10,"1","Other/Unknown","T4",0.1889,0.8111,"HIGH"
11,"1","Other/Unknown","T4",0.1889,0.8111,"HIGH"
12,"1","Other/Unknown","T4",0.1889,0.8111,"HIGH"
13,"1","Other/Unknown","T4",0.1889,0.8111,"HIGH"
14,"1","Other/Unknown","T4",0.1889,0.8111,"HIGH"
15,"1","Other/Unknown","T4",0.1889,0.8111,"HIGH"
16,"1","Other/Unknown","T4",0.1889,0.8111,"HIGH"
17,"1","Other/Unknown","T4",0.1889,0.8111,"HIGH"
18,"1","Other/Unknown","T4",0.1899,0.8101,"HIGH"
19,"1","Other/Unknown","T4",0.192,0.808,"HIGH"
20,"1","Other/Unknown","T4",0.1922,0.8078,"HIGH"
21,"1","Other/Unknown","T4",0.1922,0.8078,"HIGH"
22,"1","Other/Unknown","T4",0.1908,0.8092,"HIGH"
23,"1","Other/Unknown","T4",0.1911,0.8089,"HIGH"
24,"1","Other/Unknown","T4",0.1899,0.8101,"HIGH"
25,"1","Other/Unknown","T4",0.1899,0.8101,"HIGH"
26,"1","Other/Unknown","T4",0.1889,0.8111,"HIGH"
27,"1","Other/Unknown","T4",0.1889,0.8111,"HIGH"
28,"1","Other/Unknown","T4",0.1933,0.8067,"HIGH"
29,"1","Other/Unknown","T4",0.1947,0.8053,"HIGH"
30,"1","Other/Unknown","T4",0.2011,0.7989,"HIGH"
31,"1","Other/Unknown","T4",0.2056,0.7944,"HIGH"
32,"1","Other/Unknown","T4",0.2072,0.7928,"HIGH"
33,"1","Other/Unknown","T4",0.2114,0.7886,"HIGH"
34,"1","Other/Unknown","T4",0.2157,0.7843,"HIGH"
35,"1","Other/Unknown","T4",0.2193,0.7807,"HIGH"
36,"1","Other/Unknown","T4",0.2378,0.7622,"HIGH"
37,"1","Other/Unknown","T4",0.2437,0.7563,"HIGH"
38,"1","Other/Unknown","T4",0.2547,0.7453,"HIGH"
39,"1","Other/Unknown","T4",0.209,0.791,"HIGH"
40,"1","Other/Unknown","T4",0.1967,0.8033,"HIGH"
41,"1","Other/Unknown","T4",0.1888,0.8112,"HIGH"
42,"1","Other/Unknown","T4",0.1828,0.8172,"HIGH"
43,"1","Other/Unknown","T4",0.1853,0.8147,"HIGH"
44,"1","Other/Unknown","T4",0.189,0.811,"HIGH"
45,"1","Other/Unknown","T4",0.193,0.807,"HIGH"
46,"1","Other/Unknown","T4",0.1958,0.8042,"HIGH"
47,"1","Other/Unknown","T4",0.1976,0.8024,"HIGH"
48,"1","Other/Unknown","T4",0.2046,0.7954,"HIGH"
49,"1","Other/Unknown","T4",0.225,0.775,"HIGH"
50,"1","Other/Unknown","T4",0.2346,0.7654,"HIGH"
51,"1","Other/Unknown","T4",0.2526,0.7474,"HIGH"
52,"1","Other/Unknown","T4",0.2334,0.7666,"HIGH"
53,"1","Other/Unknown","T4",0.2318,0.7682,"HIGH"
54,"1","Other/Unknown","T4",0.232,0.768,"HIGH"
55,"1","Other/Unknown","T4",0.236,0.764,"HIGH"
56,"1","Other/Unknown","T4",0.2306,0.7694,"HIGH"
57,"1","Other/Unknown","T4",0.2416,0.7584,"HIGH"
58,"1","Other/Unknown","T4",0.2368,0.7632,"HIGH"
59,"1","Other/Unknown","T4",0.2428,0.7572,"HIGH"
60,"1","Other/Unknown","T4",0.2389,0.7611,"HIGH"
61,"1","Other/Unknown","T4",0.2432,0.7568,"HIGH"
62,"1","Other/Unknown","T4",0.2466,0.7534,"HIGH"
63,"1","Other/Unknown","T4",0.2521,0.7479,"HIGH"
64,"1","Other/Unknown","T4",0.2448,0.7552,"HIGH"
65,"1","Other/Unknown","T4",0.2444,0.7556,"HIGH"
66,"1","Other/Unknown","T4",0.2698,0.7302,"HIGH"
67,"1","Other/Unknown","T4",0.2726,0.7274,"HIGH"
68,"1","Other/Unknown","T4",0.2649,0.7351,"HIGH"
69,"1","Other/Unknown","T4",0.2656,0.7344,"HIGH"
70,"1","Other/Unknown","T4",0.2882,0.7118,"HIGH"
71,"1","Other/Unknown","T4",0.2927,0.7073,"HIGH"
72,"1","Other/Unknown","T4",0.2989,0.7011,"HIGH"
73,"1","Other/Unknown","T4",0.2994,0.7006,"HIGH"
74,"1","Other/Unknown","T4",0.2762,0.7238,"HIGH"
75,"1","Other/Unknown","T4",0.2995,0.7005,"HIGH"
76,"1","Other/Unknown","T4",0.2893,0.7107,"HIGH"
77,"1","Other/Unknown","T4",0.3191,0.6809,"HIGH"
78,"1","Other/Unknown","T4",0.3297,0.6703,"HIGH"
79,"1","Other/Unknown","T4",0.3158,0.6842,"HIGH"
80,"1","Other/Unknown","T4",0.2999,0.7001,"HIGH"
81,"1","Other/Unknown","T4",0.3121,0.6879,"HIGH"
82,"1","Other/Unknown","T4",0.3346,0.6654,"HIGH"
83,"1","Other/Unknown","T4",0.3509,0.6491,"HIGH"
84,"1","Other/Unknown","T4",0.3187,0.6813,"HIGH"
85,"1","Other/Unknown","T4",0.3385,0.6615,"HIGH"
86,"1","Other/Unknown","T4",0.3983,0.6017,"HIGH"
87,"1","Other/Unknown","T4",0.3828,0.6172,"HIGH"
88,"1","Other/Unknown","T4",0.4187,0.5813,"HIGH"
89,"1","Other/Unknown","T4",0.4327,0.5673,"HIGH"
90,"1","Other/Unknown","T4",0.4555,0.5445,"HIGH"
91,"1","Other/Unknown","T4",0.4555,0.5445,"HIGH"
92,"1","Other/Unknown","T4",0.4555,0.5445,"HIGH"
93,"1","Other/Unknown","T4",0.4555,0.5445,"HIGH"
94,"1","Other/Unknown","T4",0.4555,0.5445,"HIGH"
95,"1","Other/Unknown","T4",0.4555,0.5445,"HIGH"
96,"1","Other/Unknown","T4",0.4555,0.5445,"HIGH"
97,"1","Other/Unknown","T4",0.4555,0.5445,"HIGH"
98,"1","Other/Unknown","T4",0.4555,0.5445,"HIGH"
99,"1","Other/Unknown","T4",0.4555,0.5445,"HIGH"
0,"2","Other/Unknown","T4",0.5202,0.4798,"LOW"
1,"2","Other/Unknown","T4",0.5202,0.4798,"LOW"
2,"2","Other/Unknown","T4",0.5202,0.4798,"LOW"
3,"2","Other/Unknown","T4",0.5202,0.4798,"LOW"
4,"2","Other/Unknown","T4",0.5202,0.4798,"LOW"
5,"2","Other/Unknown","T4",0.5202,0.4798,"LOW"
6,"2","Other/Unknown","T4",0.5202,0.4798,"LOW"
7,"2","Other/Unknown","T4",0.5202,0.4798,"LOW"
8,"2","Other/Unknown","T4",0.5202,0.4798,"LOW"
9,"2","Other/Unknown","T4",0.5202,0.4798,"LOW"
10,"2","Other/Unknown","T4",0.5202,0.4798,"LOW"
11,"2","Other/Unknown","T4",0.5202,0.4798,"LOW"
12,"2","Other/Unknown","T4",0.5202,0.4798,"LOW"
13,"2","Other/Unknown","T4",0.5202,0.4798,"LOW"
14,"2","Other/Unknown","T4",0.5202,0.4798,"LOW"
15,"2","Other/Unknown","T4",0.5202,0.4798,"LOW"
16,"2","Other/Unknown","T4",0.5202,0.4798,"LOW"
17,"2","Other/Unknown","T4",0.5202,0.4798,"LOW"
18,"2","Other/Unknown","T4",0.5202,0.4798,"LOW"
19,"2","Other/Unknown","T4",0.5199,0.4801,"LOW"
20,"2","Other/Unknown","T4",0.5189,0.4811,"LOW"
21,"2","Other/Unknown","T4",0.5159,0.4841,"LOW"
22,"2","Other/Unknown","T4",0.5159,0.4841,"LOW"
23,"2","Other/Unknown","T4",0.5099,0.4901,"LOW"
24,"2","Other/Unknown","T4",0.5099,0.4901,"LOW"
25,"2","Other/Unknown","T4",0.5119,0.4881,"LOW"
26,"2","Other/Unknown","T4",0.5121,0.4879,"LOW"
27,"2","Other/Unknown","T4",0.5121,0.4879,"LOW"
28,"2","Other/Unknown","T4",0.5155,0.4845,"LOW"
29,"2","Other/Unknown","T4",0.5148,0.4852,"LOW"
30,"2","Other/Unknown","T4",0.5214,0.4786,"LOW"
31,"2","Other/Unknown","T4",0.5242,0.4758,"LOW"
32,"2","Other/Unknown","T4",0.5294,0.4706,"LOW"
33,"2","Other/Unknown","T4",0.523,0.477,"LOW"
34,"2","Other/Unknown","T4",0.5279,0.4721,"LOW"
35,"2","Other/Unknown","T4",0.5328,0.4672,"LOW"
36,"2","Other/Unknown","T4",0.5228,0.4772,"LOW"
37,"2","Other/Unknown","T4",0.4985,0.5015,"HIGH"
38,"2","Other/Unknown","T4",0.4864,0.5136,"HIGH"
39,"2","Other/Unknown","T4",0.4581,0.5419,"HIGH"
40,"2","Other/Unknown","T4",0.4444,0.5556,"HIGH"
41,"2","Other/Unknown","T4",0.4272,0.5728,"HIGH"
42,"2","Other/Unknown","T4",0.4184,0.5816,"HIGH"
43,"2","Other/Unknown","T4",0.4236,0.5764,"HIGH"
44,"2","Other/Unknown","T4",0.4351,0.5649,"HIGH"
45,"2","Other/Unknown","T4",0.4566,0.5434,"HIGH"
46,"2","Other/Unknown","T4",0.4595,0.5405,"HIGH"
47,"2","Other/Unknown","T4",0.4146,0.5854,"HIGH"
48,"2","Other/Unknown","T4",0.4059,0.5941,"HIGH"
49,"2","Other/Unknown","T4",0.4395,0.5605,"HIGH"
50,"2","Other/Unknown","T4",0.4649,0.5351,"HIGH"
51,"2","Other/Unknown","T4",0.4828,0.5172,"HIGH"
52,"2","Other/Unknown","T4",0.4503,0.5497,"HIGH"
53,"2","Other/Unknown","T4",0.4912,0.5088,"HIGH"
54,"2","Other/Unknown","T4",0.4928,0.5072,"HIGH"
55,"2","Other/Unknown","T4",0.4702,0.5298,"HIGH"
56,"2","Other/Unknown","T4",0.4516,0.5484,"HIGH"
57,"2","Other/Unknown","T4",0.4461,0.5539,"HIGH"
58,"2","Other/Unknown","T4",0.4435,0.5565,"HIGH"
59,"2","Other/Unknown","T4",0.4271,0.5729,"HIGH"
60,"2","Other/Unknown","T4",0.4389,0.5611,"HIGH"
61,"2","Other/Unknown","T4",0.4278,0.5722,"HIGH"
62,"2","Other/Unknown","T4",0.4026,0.5974,"HIGH"
63,"2","Other/Unknown","T4",0.4135,0.5865,"HIGH"
64,"2","Other/Unknown","T4",0.4105,0.5895,"HIGH"
65,"2","Other/Unknown","T4",0.3977,0.6023,"HIGH"
66,"2","Other/Unknown","T4",0.4306,0.5694,"HIGH"
67,"2","Other/Unknown","T4",0.4205,0.5795,"HIGH"
68,"2","Other/Unknown","T4",0.4241,0.5759,"HIGH"
69,"2","Other/Unknown","T4",0.4414,0.5586,"HIGH"
70,"2","Other/Unknown","T4",0.4087,0.5913,"HIGH"
71,"2","Other/Unknown","T4",0.4443,0.5557,"HIGH"
72,"2","Other/Unknown","T4",0.4202,0.5798,"HIGH"
73,"2","Other/Unknown","T4",0.4753,0.5247,"HIGH"
74,"2","Other/Unknown","T4",0.4923,0.5077,"HIGH"
75,"2","Other/Unknown","T4",0.5194,0.4806,"LOW"
76,"2","Other/Unknown","T4",0.536,0.464,"LOW"
77,"2","Other/Unknown","T4",0.5637,0.4363,"LOW"
78,"2","Other/Unknown","T4",0.5574,0.4426,"LOW"
79,"2","Other/Unknown","T4",0.558,0.442,"LOW"
80,"2","Other/Unknown","T4",0.5524,0.4476,"LOW"
81,"2","Other/Unknown","T4",0.5632,0.4368,"LOW"
82,"2","Other/Unknown","T4",0.5482,0.4518,"LOW"
83,"2","Other/Unknown","T4",0.5314,0.4686,"LOW"
84,"2","Other/Unknown","T4",0.5225,0.4775,"LOW"
85,"2","Other/Unknown","T4",0.5695,0.4305,"LOW"
86,"2","Other/Unknown","T4",0.6179,0.3821,"LOW"
87,"2","Other/Unknown","T4",0.6162,0.3838,"LOW"
88,"2","Other/Unknown","T4",0.5817,0.4183,"LOW"
89,"2","Other/Unknown","T4",0.6037,0.3963,"LOW"
90,"2","Other/Unknown","T4",0.6376,0.3624,"LOW"
91,"2","Other/Unknown","T4",0.6376,0.3624,"LOW"
92,"2","Other/Unknown","T4",0.6376,0.3624,"LOW"
93,"2","Other/Unknown","T4",0.6376,0.3624,"LOW"
94,"2","Other/Unknown","T4",0.6376,0.3624,"LOW"
95,"2","Other/Unknown","T4",0.6376,0.3624,"LOW"
96,"2","Other/Unknown","T4",0.6376,0.3624,"LOW"
97,"2","Other/Unknown","T4",0.6376,0.3624,"LOW"
98,"2","Other/Unknown","T4",0.6376,0.3624,"LOW"
99,"2","Other/Unknown","T4",0.6376,0.3624,"LOW"
