"AGE","SEX","TNM_N_cat","TNM_T_cat","no_metastasis","metastasis","risk_level"
0,"1","N0","T0",0.3575,0.6425,"HIGH"
1,"1","N0","T0",0.3575,0.6425,"HIGH"
2,"1","N0","T0",0.3575,0.6425,"HIGH"
3,"1","N0","T0",0.3575,0.6425,"HIGH"
4,"1","N0","T0",0.3575,0.6425,"HIGH"
5,"1","N0","T0",0.3575,0.6425,"HIGH"
6,"1","N0","T0",0.3575,0.6425,"HIGH"
7,"1","N0","T0",0.3575,0.6425,"HIGH"
8,"1","N0","T0",0.3575,0.6425,"HIGH"
9,"1","N0","T0",0.3575,0.6425,"HIGH"
10,"1","N0","T0",0.3575,0.6425,"HIGH"
11,"1","N0","T0",0.3575,0.6425,"HIGH"
12,"1","N0","T0",0.3575,0.6425,"HIGH"
13,"1","N0","T0",0.3575,0.6425,"HIGH"
14,"1","N0","T0",0.3575,0.6425,"HIGH"
15,"1","N0","T0",0.3575,0.6425,"HIGH"
16,"1","N0","T0",0.3575,0.6425,"HIGH"
17,"1","N0","T0",0.3575,0.6425,"HIGH"
18,"1","N0","T0",0.3575,0.6425,"HIGH"
19,"1","N0","T0",0.3595,0.6405,"HIGH"
20,"1","N0","T0",0.3595,0.6405,"HIGH"
21,"1","N0","T0",0.3595,0.6405,"HIGH"
22,"1","N0","T0",0.3615,0.6385,"HIGH"
23,"1","N0","T0",0.3615,0.6385,"HIGH"
24,"1","N0","T0",0.3612,0.6388,"HIGH"
25,"1","N0","T0",0.3617,0.6383,"HIGH"
26,"1","N0","T0",0.3613,0.6387,"HIGH"
27,"1","N0","T0",0.3571,0.6429,"HIGH"
28,"1","N0","T0",0.3414,0.6586,"HIGH"
29,"1","N0","T0",0.3015,0.6985,"HIGH"
30,"1","N0","T0",0.2944,0.7056,"HIGH"
31,"1","N0","T0",0.2785,0.7215,"HIGH"
32,"1","N0","T0",0.2295,0.7705,"HIGH"
33,"1","N0","T0",0.2079,0.7921,"HIGH"
34,"1","N0","T0",0.2019,0.7981,"HIGH"
35,"1","N0","T0",0.2019,0.7981,"HIGH"
36,"1","N0","T0",0.1998,0.8002,"HIGH"
37,"1","N0","T0",0.1997,0.8003,"HIGH"
38,"1","N0","T0",0.1997,0.8003,"HIGH"
39,"1","N0","T0",0.1997,0.8003,"HIGH"
40,"1","N0","T0",0.2001,0.7999,"HIGH"
41,"1","N0","T0",0.2012,0.7988,"HIGH"
42,"1","N0","T0",0.2006,0.7994,"HIGH"
43,"1","N0","T0",0.2006,0.7994,"HIGH"
44,"1","N0","T0",0.2264,0.7736,"HIGH"
45,"1","N0","T0",0.2264,0.7736,"HIGH"
46,"1","N0","T0",0.2036,0.7964,"HIGH"
47,"1","N0","T0",0.2036,0.7964,"HIGH"
48,"1","N0","T0",0.2524,0.7476,"HIGH"
49,"1","N0","T0",0.3141,0.6859,"HIGH"
50,"1","N0","T0",0.2308,0.7692,"HIGH"
51,"1","N0","T0",0.2472,0.7528,"HIGH"
52,"1","N0","T0",0.2241,0.7759,"HIGH"
53,"1","N0","T0",0.2222,0.7778,"HIGH"
54,"1","N0","T0",0.2461,0.7539,"HIGH"
55,"1","N0","T0",0.2465,0.7535,"HIGH"
56,"1","N0","T0",0.2344,0.7656,"HIGH"
57,"1","N0","T0",0.2426,0.7574,"HIGH"
58,"1","N0","T0",0.2591,0.7409,"HIGH"
59,"1","N0","T0",0.256,0.744,"HIGH"
60,"1","N0","T0",0.2535,0.7465,"HIGH"
61,"1","N0","T0",0.2547,0.7453,"HIGH"
62,"1","N0","T0",0.2539,0.7461,"HIGH"
63,"1","N0","T0",0.2388,0.7612,"HIGH"
64,"1","N0","T0",0.2376,0.7624,"HIGH"
65,"1","N0","T0",0.2354,0.7646,"HIGH"
66,"1","N0","T0",0.2458,0.7542,"HIGH"
67,"1","N0","T0",0.2486,0.7514,"HIGH"
68,"1","N0","T0",0.2234,0.7766,"HIGH"
69,"1","N0","T0",0.2243,0.7757,"HIGH"
70,"1","N0","T0",0.2423,0.7577,"HIGH"
71,"1","N0","T0",0.2418,0.7582,"HIGH"
72,"1","N0","T0",0.235,0.765,"HIGH"
73,"1","N0","T0",0.2283,0.7717,"HIGH"
74,"1","N0","T0",0.2266,0.7734,"HIGH"
75,"1","N0","T0",0.2279,0.7721,"HIGH"
76,"1","N0","T0",0.223,0.777,"HIGH"
77,"1","N0","T0",0.2297,0.7703,"HIGH"
78,"1","N0","T0",0.221,0.779,"HIGH"
79,"1","N0","T0",0.2586,0.7414,"HIGH"
80,"1","N0","T0",0.1744,0.8256,"HIGH"
81,"1","N0","T0",0.1537,0.8463,"HIGH"
82,"1","N0","T0",0.1741,0.8259,"HIGH"
83,"1","N0","T0",0.1669,0.8331,"HIGH"
84,"1","N0","T0",0.2194,0.7806,"HIGH"
85,"1","N0","T0",0.1337,0.8663,"HIGH"
86,"1","N0","T0",0.192,0.808,"HIGH"
87,"1","N0","T0",0.1546,0.8454,"HIGH"
88,"1","N0","T0",0.1009,0.8991,"HIGH"
89,"1","N0","T0",0.1003,0.8997,"HIGH"
90,"1","N0","T0",0.0953,0.9047,"HIGH"
91,"1","N0","T0",0.0953,0.9047,"HIGH"
92,"1","N0","T0",0.0953,0.9047,"HIGH"
93,"1","N0","T0",0.0953,0.9047,"HIGH"
94,"1","N0","T0",0.0953,0.9047,"HIGH"
95,"1","N0","T0",0.0953,0.9047,"HIGH"
96,"1","N0","T0",0.0953,0.9047,"HIGH"
97,"1","N0","T0",0.0953,0.9047,"HIGH"
98,"1","N0","T0",0.0953,0.9047,"HIGH"
99,"1","N0","T0",0.0953,0.9047,"HIGH"
0,"2","N0","T0",0.5498,0.4502,"LOW"
1,"2","N0","T0",0.5498,0.4502,"LOW"
2,"2","N0","T0",0.5498,0.4502,"LOW"
3,"2","N0","T0",0.5498,0.4502,"LOW"
4,"2","N0","T0",0.5498,0.4502,"LOW"
5,"2","N0","T0",0.5498,0.4502,"LOW"
6,"2","N0","T0",0.5498,0.4502,"LOW"
7,"2","N0","T0",0.5498,0.4502,"LOW"
8,"2","N0","T0",0.5498,0.4502,"LOW"
9,"2","N0","T0",0.5498,0.4502,"LOW"
10,"2","N0","T0",0.5498,0.4502,"LOW"
11,"2","N0","T0",0.5498,0.4502,"LOW"
12,"2","N0","T0",0.5498,0.4502,"LOW"
13,"2","N0","T0",0.5498,0.4502,"LOW"
14,"2","N0","T0",0.5498,0.4502,"LOW"
15,"2","N0","T0",0.5498,0.4502,"LOW"
16,"2","N0","T0",0.5498,0.4502,"LOW"
17,"2","N0","T0",0.5498,0.4502,"LOW"
18,"2","N0","T0",0.5498,0.4502,"LOW"
19,"2","N0","T0",0.5494,0.4506,"LOW"
20,"2","N0","T0",0.5498,0.4502,"LOW"
21,"2","N0","T0",0.5498,0.4502,"LOW"
22,"2","N0","T0",0.5482,0.4518,"LOW"
23,"2","N0","T0",0.5482,0.4518,"LOW"
24,"2","N0","T0",0.5452,0.4548,"LOW"
25,"2","N0","T0",0.5439,0.4561,"LOW"
26,"2","N0","T0",0.5476,0.4524,"LOW"
27,"2","N0","T0",0.5407,0.4593,"LOW"
28,"2","N0","T0",0.5247,0.4753,"LOW"
29,"2","N0","T0",0.4525,0.5475,"HIGH"
30,"2","N0","T0",0.4516,0.5484,"HIGH"
31,"2","N0","T0",0.4067,0.5933,"HIGH"
32,"2","N0","T0",0.3654,0.6346,"HIGH"
33,"2","N0","T0",0.2679,0.7321,"HIGH"
34,"2","N0","T0",0.2626,0.7374,"HIGH"
35,"2","N0","T0",0.2557,0.7443,"HIGH"
36,"2","N0","T0",0.2545,0.7455,"HIGH"
37,"2","N0","T0",0.2491,0.7509,"HIGH"
38,"2","N0","T0",0.2477,0.7523,"HIGH"
39,"2","N0","T0",0.2467,0.7533,"HIGH"
40,"2","N0","T0",0.2462,0.7538,"HIGH"
41,"2","N0","T0",0.2476,0.7524,"HIGH"
42,"2","N0","T0",0.2469,0.7531,"HIGH"
43,"2","N0","T0",0.2469,0.7531,"HIGH"
44,"2","N0","T0",0.3222,0.6778,"HIGH"
45,"2","N0","T0",0.3219,0.6781,"HIGH"
46,"2","N0","T0",0.2579,0.7421,"HIGH"
47,"2","N0","T0",0.2559,0.7441,"HIGH"
48,"2","N0","T0",0.2661,0.7339,"HIGH"
49,"2","N0","T0",0.3204,0.6796,"HIGH"
50,"2","N0","T0",0.3329,0.6671,"HIGH"
51,"2","N0","T0",0.3297,0.6703,"HIGH"
52,"2","N0","T0",0.3238,0.6762,"HIGH"
53,"2","N0","T0",0.3189,0.6811,"HIGH"
54,"2","N0","T0",0.2883,0.7117,"HIGH"
55,"2","N0","T0",0.2956,0.7044,"HIGH"
56,"2","N0","T0",0.2924,0.7076,"HIGH"
57,"2","N0","T0",0.2804,0.7196,"HIGH"
58,"2","N0","T0",0.2936,0.7064,"HIGH"
59,"2","N0","T0",0.2885,0.7115,"HIGH"
60,"2","N0","T0",0.2939,0.7061,"HIGH"
61,"2","N0","T0",0.3128,0.6872,"HIGH"
62,"2","N0","T0",0.3028,0.6972,"HIGH"
63,"2","N0","T0",0.3032,0.6968,"HIGH"
64,"2","N0","T0",0.2823,0.7177,"HIGH"
65,"2","N0","T0",0.2793,0.7207,"HIGH"
66,"2","N0","T0",0.2832,0.7168,"HIGH"
67,"2","N0","T0",0.3204,0.6796,"HIGH"
68,"2","N0","T0",0.2799,0.7201,"HIGH"
69,"2","N0","T0",0.2832,0.7168,"HIGH"
70,"2","N0","T0",0.2776,0.7224,"HIGH"
71,"2","N0","T0",0.2763,0.7237,"HIGH"
72,"2","N0","T0",0.2826,0.7174,"HIGH"
73,"2","N0","T0",0.2723,0.7277,"HIGH"
74,"2","N0","T0",0.2815,0.7185,"HIGH"
75,"2","N0","T0",0.2726,0.7274,"HIGH"
76,"2","N0","T0",0.2777,0.7223,"HIGH"
77,"2","N0","T0",0.3082,0.6918,"HIGH"
78,"2","N0","T0",0.272,0.728,"HIGH"
79,"2","N0","T0",0.3082,0.6918,"HIGH"
80,"2","N0","T0",0.2616,0.7384,"HIGH"
81,"2","N0","T0",0.2199,0.7801,"HIGH"
82,"2","N0","T0",0.2418,0.7582,"HIGH"
83,"2","N0","T0",0.2132,0.7868,"HIGH"
84,"2","N0","T0",0.1723,0.8277,"HIGH"
85,"2","N0","T0",0.168,0.832,"HIGH"
86,"2","N0","T0",0.1809,0.8191,"HIGH"
87,"2","N0","T0",0.1304,0.8696,"HIGH"
88,"2","N0","T0",0.1579,0.8421,"HIGH"
89,"2","N0","T0",0.1578,0.8422,"HIGH"
90,"2","N0","T0",0.1585,0.8415,"HIGH"
91,"2","N0","T0",0.1585,0.8415,"HIGH"
92,"2","N0","T0",0.1585,0.8415,"HIGH"
93,"2","N0","T0",0.1585,0.8415,"HIGH"
94,"2","N0","T0",0.1585,0.8415,"HIGH"
95,"2","N0","T0",0.1585,0.8415,"HIGH"
96,"2","N0","T0",0.1585,0.8415,"HIGH"
97,"2","N0","T0",0.1585,0.8415,"HIGH"
98,"2","N0","T0",0.1585,0.8415,"HIGH"
99,"2","N0","T0",0.1585,0.8415,"HIGH"
0,"1","N1","T0",0.4146,0.5854,"HIGH"
1,"1","N1","T0",0.4146,0.5854,"HIGH"
2,"1","N1","T0",0.4146,0.5854,"HIGH"
3,"1","N1","T0",0.4146,0.5854,"HIGH"
4,"1","N1","T0",0.4146,0.5854,"HIGH"
5,"1","N1","T0",0.4146,0.5854,"HIGH"
6,"1","N1","T0",0.4146,0.5854,"HIGH"
7,"1","N1","T0",0.4146,0.5854,"HIGH"
8,"1","N1","T0",0.4146,0.5854,"HIGH"
9,"1","N1","T0",0.4146,0.5854,"HIGH"
10,"1","N1","T0",0.4146,0.5854,"HIGH"
11,"1","N1","T0",0.4146,0.5854,"HIGH"
12,"1","N1","T0",0.4146,0.5854,"HIGH"
13,"1","N1","T0",0.4146,0.5854,"HIGH"
14,"1","N1","T0",0.4146,0.5854,"HIGH"
15,"1","N1","T0",0.4146,0.5854,"HIGH"
16,"1","N1","T0",0.4146,0.5854,"HIGH"
17,"1","N1","T0",0.4146,0.5854,"HIGH"
18,"1","N1","T0",0.4146,0.5854,"HIGH"
19,"1","N1","T0",0.4146,0.5854,"HIGH"
20,"1","N1","T0",0.4166,0.5834,"HIGH"
21,"1","N1","T0",0.4206,0.5794,"HIGH"
22,"1","N1","T0",0.4286,0.5714,"HIGH"
23,"1","N1","T0",0.4272,0.5728,"HIGH"
24,"1","N1","T0",0.4287,0.5713,"HIGH"
25,"1","N1","T0",0.4066,0.5934,"HIGH"
26,"1","N1","T0",0.4087,0.5913,"HIGH"
27,"1","N1","T0",0.4033,0.5967,"HIGH"
28,"1","N1","T0",0.3912,0.6088,"HIGH"
29,"1","N1","T0",0.3834,0.6166,"HIGH"
30,"1","N1","T0",0.3889,0.6111,"HIGH"
31,"1","N1","T0",0.383,0.617,"HIGH"
32,"1","N1","T0",0.3889,0.6111,"HIGH"
33,"1","N1","T0",0.3785,0.6215,"HIGH"
34,"1","N1","T0",0.3734,0.6266,"HIGH"
35,"1","N1","T0",0.3726,0.6274,"HIGH"
36,"1","N1","T0",0.3766,0.6234,"HIGH"
37,"1","N1","T0",0.3772,0.6228,"HIGH"
38,"1","N1","T0",0.3819,0.6181,"HIGH"
39,"1","N1","T0",0.381,0.619,"HIGH"
40,"1","N1","T0",0.3856,0.6144,"HIGH"
41,"1","N1","T0",0.4198,0.5802,"HIGH"
42,"1","N1","T0",0.411,0.589,"HIGH"
43,"1","N1","T0",0.4072,0.5928,"HIGH"
44,"1","N1","T0",0.3333,0.6667,"HIGH"
45,"1","N1","T0",0.2906,0.7094,"HIGH"
46,"1","N1","T0",0.2796,0.7204,"HIGH"
47,"1","N1","T0",0.2801,0.7199,"HIGH"
48,"1","N1","T0",0.2958,0.7042,"HIGH"
49,"1","N1","T0",0.3315,0.6685,"HIGH"
50,"1","N1","T0",0.3651,0.6349,"HIGH"
51,"1","N1","T0",0.4159,0.5841,"HIGH"
52,"1","N1","T0",0.3429,0.6571,"HIGH"
53,"1","N1","T0",0.3223,0.6777,"HIGH"
54,"1","N1","T0",0.3396,0.6604,"HIGH"
55,"1","N1","T0",0.3363,0.6637,"HIGH"
56,"1","N1","T0",0.2896,0.7104,"HIGH"
57,"1","N1","T0",0.2879,0.7121,"HIGH"
58,"1","N1","T0",0.3265,0.6735,"HIGH"
59,"1","N1","T0",0.3319,0.6681,"HIGH"
60,"1","N1","T0",0.4165,0.5835,"HIGH"
61,"1","N1","T0",0.3639,0.6361,"HIGH"
62,"1","N1","T0",0.4053,0.5947,"HIGH"
63,"1","N1","T0",0.3694,0.6306,"HIGH"
64,"1","N1","T0",0.3609,0.6391,"HIGH"
65,"1","N1","T0",0.3766,0.6234,"HIGH"
66,"1","N1","T0",0.3725,0.6275,"HIGH"
67,"1","N1","T0",0.3487,0.6513,"HIGH"
68,"1","N1","T0",0.4468,0.5532,"HIGH"
69,"1","N1","T0",0.4714,0.5286,"HIGH"
70,"1","N1","T0",0.459,0.541,"HIGH"
71,"1","N1","T0",0.2833,0.7167,"HIGH"
72,"1","N1","T0",0.2693,0.7307,"HIGH"
73,"1","N1","T0",0.3233,0.6767,"HIGH"
74,"1","N1","T0",0.3224,0.6776,"HIGH"
75,"1","N1","T0",0.4525,0.5475,"HIGH"
76,"1","N1","T0",0.507,0.493,"LOW"
77,"1","N1","T0",0.5058,0.4942,"LOW"
78,"1","N1","T0",0.381,0.619,"HIGH"
79,"1","N1","T0",0.4342,0.5658,"HIGH"
80,"1","N1","T0",0.3091,0.6909,"HIGH"
81,"1","N1","T0",0.287,0.713,"HIGH"
82,"1","N1","T0",0.2721,0.7279,"HIGH"
83,"1","N1","T0",0.2896,0.7104,"HIGH"
84,"1","N1","T0",0.3458,0.6542,"HIGH"
85,"1","N1","T0",0.2361,0.7639,"HIGH"
86,"1","N1","T0",0.2409,0.7591,"HIGH"
87,"1","N1","T0",0.2719,0.7281,"HIGH"
88,"1","N1","T0",0.1691,0.8309,"HIGH"
89,"1","N1","T0",0.1635,0.8365,"HIGH"
90,"1","N1","T0",0.1564,0.8436,"HIGH"
91,"1","N1","T0",0.1564,0.8436,"HIGH"
92,"1","N1","T0",0.1564,0.8436,"HIGH"
93,"1","N1","T0",0.1564,0.8436,"HIGH"
94,"1","N1","T0",0.1564,0.8436,"HIGH"
95,"1","N1","T0",0.1564,0.8436,"HIGH"
96,"1","N1","T0",0.1564,0.8436,"HIGH"
97,"1","N1","T0",0.1564,0.8436,"HIGH"
98,"1","N1","T0",0.1564,0.8436,"HIGH"
99,"1","N1","T0",0.1564,0.8436,"HIGH"
0,"2","N1","T0",0.2835,0.7165,"HIGH"
1,"2","N1","T0",0.2835,0.7165,"HIGH"
2,"2","N1","T0",0.2835,0.7165,"HIGH"
3,"2","N1","T0",0.2835,0.7165,"HIGH"
4,"2","N1","T0",0.2835,0.7165,"HIGH"
5,"2","N1","T0",0.2835,0.7165,"HIGH"
6,"2","N1","T0",0.2835,0.7165,"HIGH"
7,"2","N1","T0",0.2835,0.7165,"HIGH"
8,"2","N1","T0",0.2835,0.7165,"HIGH"
9,"2","N1","T0",0.2835,0.7165,"HIGH"
10,"2","N1","T0",0.2835,0.7165,"HIGH"
11,"2","N1","T0",0.2835,0.7165,"HIGH"
12,"2","N1","T0",0.2835,0.7165,"HIGH"
13,"2","N1","T0",0.2835,0.7165,"HIGH"
14,"2","N1","T0",0.2835,0.7165,"HIGH"
15,"2","N1","T0",0.2835,0.7165,"HIGH"
16,"2","N1","T0",0.2835,0.7165,"HIGH"
17,"2","N1","T0",0.2835,0.7165,"HIGH"
18,"2","N1","T0",0.2835,0.7165,"HIGH"
19,"2","N1","T0",0.2835,0.7165,"HIGH"
20,"2","N1","T0",0.2855,0.7145,"HIGH"
21,"2","N1","T0",0.2875,0.7125,"HIGH"
22,"2","N1","T0",0.2935,0.7065,"HIGH"
23,"2","N1","T0",0.2915,0.7085,"HIGH"
24,"2","N1","T0",0.298,0.702,"HIGH"
25,"2","N1","T0",0.2832,0.7168,"HIGH"
26,"2","N1","T0",0.2823,0.7177,"HIGH"
27,"2","N1","T0",0.2693,0.7307,"HIGH"
28,"2","N1","T0",0.2627,0.7373,"HIGH"
29,"2","N1","T0",0.2474,0.7526,"HIGH"
30,"2","N1","T0",0.2505,0.7495,"HIGH"
31,"2","N1","T0",0.221,0.779,"HIGH"
32,"2","N1","T0",0.231,0.769,"HIGH"
33,"2","N1","T0",0.2176,0.7824,"HIGH"
34,"2","N1","T0",0.2173,0.7827,"HIGH"
35,"2","N1","T0",0.2179,0.7821,"HIGH"
36,"2","N1","T0",0.2157,0.7843,"HIGH"
37,"2","N1","T0",0.2291,0.7709,"HIGH"
38,"2","N1","T0",0.2328,0.7672,"HIGH"
39,"2","N1","T0",0.2179,0.7821,"HIGH"
40,"2","N1","T0",0.2368,0.7632,"HIGH"
41,"2","N1","T0",0.2411,0.7589,"HIGH"
42,"2","N1","T0",0.2413,0.7587,"HIGH"
43,"2","N1","T0",0.2448,0.7552,"HIGH"
44,"2","N1","T0",0.2433,0.7567,"HIGH"
45,"2","N1","T0",0.2244,0.7756,"HIGH"
46,"2","N1","T0",0.2151,0.7849,"HIGH"
47,"2","N1","T0",0.219,0.781,"HIGH"
48,"2","N1","T0",0.2107,0.7893,"HIGH"
49,"2","N1","T0",0.2151,0.7849,"HIGH"
50,"2","N1","T0",0.2391,0.7609,"HIGH"
51,"2","N1","T0",0.2823,0.7177,"HIGH"
52,"2","N1","T0",0.305,0.695,"HIGH"
53,"2","N1","T0",0.3006,0.6994,"HIGH"
54,"2","N1","T0",0.4005,0.5995,"HIGH"
55,"2","N1","T0",0.3653,0.6347,"HIGH"
56,"2","N1","T0",0.3608,0.6392,"HIGH"
57,"2","N1","T0",0.3294,0.6706,"HIGH"
58,"2","N1","T0",0.326,0.674,"HIGH"
59,"2","N1","T0",0.3443,0.6557,"HIGH"
60,"2","N1","T0",0.4423,0.5577,"HIGH"
61,"2","N1","T0",0.3483,0.6517,"HIGH"
62,"2","N1","T0",0.3158,0.6842,"HIGH"
63,"2","N1","T0",0.3362,0.6638,"HIGH"
64,"2","N1","T0",0.334,0.666,"HIGH"
65,"2","N1","T0",0.3505,0.6495,"HIGH"
66,"2","N1","T0",0.345,0.655,"HIGH"
67,"2","N1","T0",0.3234,0.6766,"HIGH"
68,"2","N1","T0",0.4124,0.5876,"HIGH"
69,"2","N1","T0",0.4424,0.5576,"HIGH"
70,"2","N1","T0",0.3897,0.6103,"HIGH"
71,"2","N1","T0",0.3257,0.6743,"HIGH"
72,"2","N1","T0",0.2955,0.7045,"HIGH"
73,"2","N1","T0",0.4144,0.5856,"HIGH"
74,"2","N1","T0",0.3636,0.6364,"HIGH"
75,"2","N1","T0",0.4051,0.5949,"HIGH"
76,"2","N1","T0",0.328,0.672,"HIGH"
77,"2","N1","T0",0.3712,0.6288,"HIGH"
78,"2","N1","T0",0.3486,0.6514,"HIGH"
79,"2","N1","T0",0.3844,0.6156,"HIGH"
80,"2","N1","T0",0.3235,0.6765,"HIGH"
81,"2","N1","T0",0.3018,0.6982,"HIGH"
82,"2","N1","T0",0.2568,0.7432,"HIGH"
83,"2","N1","T0",0.2475,0.7525,"HIGH"
84,"2","N1","T0",0.2264,0.7736,"HIGH"
85,"2","N1","T0",0.2279,0.7721,"HIGH"
86,"2","N1","T0",0.2461,0.7539,"HIGH"
87,"2","N1","T0",0.3685,0.6315,"HIGH"
88,"2","N1","T0",0.2196,0.7804,"HIGH"
89,"2","N1","T0",0.1888,0.8112,"HIGH"
90,"2","N1","T0",0.2071,0.7929,"HIGH"
91,"2","N1","T0",0.2071,0.7929,"HIGH"
92,"2","N1","T0",0.2071,0.7929,"HIGH"
93,"2","N1","T0",0.2071,0.7929,"HIGH"
94,"2","N1","T0",0.2071,0.7929,"HIGH"
95,"2","N1","T0",0.2071,0.7929,"HIGH"
96,"2","N1","T0",0.2071,0.7929,"HIGH"
97,"2","N1","T0",0.2071,0.7929,"HIGH"
98,"2","N1","T0",0.2071,0.7929,"HIGH"
99,"2","N1","T0",0.2071,0.7929,"HIGH"
0,"1","N2","T0",0.3619,0.6381,"HIGH"
1,"1","N2","T0",0.3619,0.6381,"HIGH"
2,"1","N2","T0",0.3619,0.6381,"HIGH"
3,"1","N2","T0",0.3619,0.6381,"HIGH"
4,"1","N2","T0",0.3619,0.6381,"HIGH"
5,"1","N2","T0",0.3619,0.6381,"HIGH"
6,"1","N2","T0",0.3619,0.6381,"HIGH"
7,"1","N2","T0",0.3619,0.6381,"HIGH"
8,"1","N2","T0",0.3619,0.6381,"HIGH"
9,"1","N2","T0",0.3639,0.6361,"HIGH"
10,"1","N2","T0",0.3639,0.6361,"HIGH"
11,"1","N2","T0",0.3639,0.6361,"HIGH"
12,"1","N2","T0",0.3639,0.6361,"HIGH"
13,"1","N2","T0",0.3495,0.6505,"HIGH"
14,"1","N2","T0",0.3495,0.6505,"HIGH"
15,"1","N2","T0",0.3435,0.6565,"HIGH"
16,"1","N2","T0",0.3435,0.6565,"HIGH"
17,"1","N2","T0",0.3445,0.6555,"HIGH"
18,"1","N2","T0",0.3475,0.6525,"HIGH"
19,"1","N2","T0",0.3384,0.6616,"HIGH"
20,"1","N2","T0",0.3534,0.6466,"HIGH"
21,"1","N2","T0",0.3508,0.6492,"HIGH"
22,"1","N2","T0",0.3106,0.6894,"HIGH"
23,"1","N2","T0",0.3113,0.6887,"HIGH"
24,"1","N2","T0",0.2925,0.7075,"HIGH"
25,"1","N2","T0",0.259,0.741,"HIGH"
26,"1","N2","T0",0.2545,0.7455,"HIGH"
27,"1","N2","T0",0.256,0.744,"HIGH"
28,"1","N2","T0",0.2532,0.7468,"HIGH"
29,"1","N2","T0",0.2571,0.7429,"HIGH"
30,"1","N2","T0",0.3062,0.6938,"HIGH"
31,"1","N2","T0",0.344,0.656,"HIGH"
32,"1","N2","T0",0.3488,0.6512,"HIGH"
33,"1","N2","T0",0.3513,0.6487,"HIGH"
34,"1","N2","T0",0.2313,0.7687,"HIGH"
35,"1","N2","T0",0.232,0.768,"HIGH"
36,"1","N2","T0",0.2264,0.7736,"HIGH"
37,"1","N2","T0",0.2253,0.7747,"HIGH"
38,"1","N2","T0",0.2286,0.7714,"HIGH"
39,"1","N2","T0",0.2327,0.7673,"HIGH"
40,"1","N2","T0",0.2496,0.7504,"HIGH"
41,"1","N2","T0",0.2567,0.7433,"HIGH"
42,"1","N2","T0",0.237,0.763,"HIGH"
43,"1","N2","T0",0.237,0.763,"HIGH"
44,"1","N2","T0",0.2789,0.7211,"HIGH"
45,"1","N2","T0",0.2519,0.7481,"HIGH"
46,"1","N2","T0",0.3306,0.6694,"HIGH"
47,"1","N2","T0",0.2588,0.7412,"HIGH"
48,"1","N2","T0",0.2374,0.7626,"HIGH"
49,"1","N2","T0",0.2548,0.7452,"HIGH"
50,"1","N2","T0",0.317,0.683,"HIGH"
51,"1","N2","T0",0.3306,0.6694,"HIGH"
52,"1","N2","T0",0.2723,0.7277,"HIGH"
53,"1","N2","T0",0.2787,0.7213,"HIGH"
54,"1","N2","T0",0.3087,0.6913,"HIGH"
55,"1","N2","T0",0.4222,0.5778,"HIGH"
56,"1","N2","T0",0.3959,0.6041,"HIGH"
57,"1","N2","T0",0.4711,0.5289,"HIGH"
58,"1","N2","T0",0.4492,0.5508,"HIGH"
59,"1","N2","T0",0.4575,0.5425,"HIGH"
60,"1","N2","T0",0.4495,0.5505,"HIGH"
61,"1","N2","T0",0.455,0.545,"HIGH"
62,"1","N2","T0",0.4599,0.5401,"HIGH"
63,"1","N2","T0",0.442,0.558,"HIGH"
64,"1","N2","T0",0.4415,0.5585,"HIGH"
65,"1","N2","T0",0.4511,0.5489,"HIGH"
66,"1","N2","T0",0.4479,0.5521,"HIGH"
67,"1","N2","T0",0.4555,0.5445,"HIGH"
68,"1","N2","T0",0.4546,0.5454,"HIGH"
69,"1","N2","T0",0.4693,0.5307,"HIGH"
70,"1","N2","T0",0.4268,0.5732,"HIGH"
71,"1","N2","T0",0.4363,0.5637,"HIGH"
72,"1","N2","T0",0.4376,0.5624,"HIGH"
73,"1","N2","T0",0.4397,0.5603,"HIGH"
74,"1","N2","T0",0.4488,0.5512,"HIGH"
75,"1","N2","T0",0.4444,0.5556,"HIGH"
76,"1","N2","T0",0.4241,0.5759,"HIGH"
77,"1","N2","T0",0.4393,0.5607,"HIGH"
78,"1","N2","T0",0.4338,0.5662,"HIGH"
79,"1","N2","T0",0.3857,0.6143,"HIGH"
80,"1","N2","T0",0.3965,0.6035,"HIGH"
81,"1","N2","T0",0.3937,0.6063,"HIGH"
82,"1","N2","T0",0.4605,0.5395,"HIGH"
83,"1","N2","T0",0.4754,0.5246,"HIGH"
84,"1","N2","T0",0.465,0.535,"HIGH"
85,"1","N2","T0",0.3097,0.6903,"HIGH"
86,"1","N2","T0",0.3203,0.6797,"HIGH"
87,"1","N2","T0",0.3502,0.6498,"HIGH"
88,"1","N2","T0",0.307,0.693,"HIGH"
89,"1","N2","T0",0.3068,0.6932,"HIGH"
90,"1","N2","T0",0.2885,0.7115,"HIGH"
91,"1","N2","T0",0.2885,0.7115,"HIGH"
92,"1","N2","T0",0.2885,0.7115,"HIGH"
93,"1","N2","T0",0.2885,0.7115,"HIGH"
94,"1","N2","T0",0.2885,0.7115,"HIGH"
95,"1","N2","T0",0.2885,0.7115,"HIGH"
96,"1","N2","T0",0.2885,0.7115,"HIGH"
97,"1","N2","T0",0.2885,0.7115,"HIGH"
98,"1","N2","T0",0.2885,0.7115,"HIGH"
99,"1","N2","T0",0.2885,0.7115,"HIGH"
0,"2","N2","T0",0.3509,0.6491,"HIGH"
1,"2","N2","T0",0.3509,0.6491,"HIGH"
2,"2","N2","T0",0.3509,0.6491,"HIGH"
3,"2","N2","T0",0.3509,0.6491,"HIGH"
4,"2","N2","T0",0.3509,0.6491,"HIGH"
5,"2","N2","T0",0.3509,0.6491,"HIGH"
6,"2","N2","T0",0.3509,0.6491,"HIGH"
7,"2","N2","T0",0.3509,0.6491,"HIGH"
8,"2","N2","T0",0.3509,0.6491,"HIGH"
9,"2","N2","T0",0.3585,0.6415,"HIGH"
10,"2","N2","T0",0.3627,0.6373,"HIGH"
11,"2","N2","T0",0.3627,0.6373,"HIGH"
12,"2","N2","T0",0.3627,0.6373,"HIGH"
13,"2","N2","T0",0.3434,0.6566,"HIGH"
14,"2","N2","T0",0.3434,0.6566,"HIGH"
15,"2","N2","T0",0.3294,0.6706,"HIGH"
16,"2","N2","T0",0.3284,0.6716,"HIGH"
17,"2","N2","T0",0.3294,0.6706,"HIGH"
18,"2","N2","T0",0.3311,0.6689,"HIGH"
19,"2","N2","T0",0.3284,0.6716,"HIGH"
20,"2","N2","T0",0.3415,0.6585,"HIGH"
21,"2","N2","T0",0.3325,0.6675,"HIGH"
22,"2","N2","T0",0.3219,0.6781,"HIGH"
23,"2","N2","T0",0.3292,0.6708,"HIGH"
24,"2","N2","T0",0.3101,0.6899,"HIGH"
25,"2","N2","T0",0.2877,0.7123,"HIGH"
26,"2","N2","T0",0.2707,0.7293,"HIGH"
27,"2","N2","T0",0.2673,0.7327,"HIGH"
28,"2","N2","T0",0.265,0.735,"HIGH"
29,"2","N2","T0",0.2615,0.7385,"HIGH"
30,"2","N2","T0",0.2749,0.7251,"HIGH"
31,"2","N2","T0",0.3053,0.6947,"HIGH"
32,"2","N2","T0",0.309,0.691,"HIGH"
33,"2","N2","T0",0.3016,0.6984,"HIGH"
34,"2","N2","T0",0.2736,0.7264,"HIGH"
35,"2","N2","T0",0.2871,0.7129,"HIGH"
36,"2","N2","T0",0.2797,0.7203,"HIGH"
37,"2","N2","T0",0.2807,0.7193,"HIGH"
38,"2","N2","T0",0.2841,0.7159,"HIGH"
39,"2","N2","T0",0.2885,0.7115,"HIGH"
40,"2","N2","T0",0.3428,0.6572,"HIGH"
41,"2","N2","T0",0.3469,0.6531,"HIGH"
42,"2","N2","T0",0.3312,0.6688,"HIGH"
43,"2","N2","T0",0.2903,0.7097,"HIGH"
44,"2","N2","T0",0.2822,0.7178,"HIGH"
45,"2","N2","T0",0.3355,0.6645,"HIGH"
46,"2","N2","T0",0.3466,0.6534,"HIGH"
47,"2","N2","T0",0.4176,0.5824,"HIGH"
48,"2","N2","T0",0.3763,0.6237,"HIGH"
49,"2","N2","T0",0.4322,0.5678,"HIGH"
50,"2","N2","T0",0.4476,0.5524,"HIGH"
51,"2","N2","T0",0.4597,0.5403,"HIGH"
52,"2","N2","T0",0.3961,0.6039,"HIGH"
53,"2","N2","T0",0.4212,0.5788,"HIGH"
54,"2","N2","T0",0.459,0.541,"HIGH"
55,"2","N2","T0",0.4423,0.5577,"HIGH"
56,"2","N2","T0",0.4344,0.5656,"HIGH"
57,"2","N2","T0",0.4447,0.5553,"HIGH"
58,"2","N2","T0",0.4471,0.5529,"HIGH"
59,"2","N2","T0",0.4303,0.5697,"HIGH"
60,"2","N2","T0",0.4385,0.5615,"HIGH"
61,"2","N2","T0",0.4424,0.5576,"HIGH"
62,"2","N2","T0",0.4421,0.5579,"HIGH"
63,"2","N2","T0",0.4286,0.5714,"HIGH"
64,"2","N2","T0",0.4169,0.5831,"HIGH"
65,"2","N2","T0",0.4064,0.5936,"HIGH"
66,"2","N2","T0",0.4305,0.5695,"HIGH"
67,"2","N2","T0",0.4389,0.5611,"HIGH"
68,"2","N2","T0",0.4414,0.5586,"HIGH"
69,"2","N2","T0",0.4387,0.5613,"HIGH"
70,"2","N2","T0",0.4403,0.5597,"HIGH"
71,"2","N2","T0",0.4474,0.5526,"HIGH"
72,"2","N2","T0",0.4366,0.5634,"HIGH"
73,"2","N2","T0",0.4395,0.5605,"HIGH"
74,"2","N2","T0",0.4497,0.5503,"HIGH"
75,"2","N2","T0",0.4131,0.5869,"HIGH"
76,"2","N2","T0",0.4128,0.5872,"HIGH"
77,"2","N2","T0",0.4096,0.5904,"HIGH"
78,"2","N2","T0",0.4147,0.5853,"HIGH"
79,"2","N2","T0",0.4002,0.5998,"HIGH"
80,"2","N2","T0",0.4036,0.5964,"HIGH"
81,"2","N2","T0",0.3832,0.6168,"HIGH"
82,"2","N2","T0",0.4119,0.5881,"HIGH"
83,"2","N2","T0",0.3845,0.6155,"HIGH"
84,"2","N2","T0",0.3854,0.6146,"HIGH"
85,"2","N2","T0",0.3923,0.6077,"HIGH"
86,"2","N2","T0",0.342,0.658,"HIGH"
87,"2","N2","T0",0.3633,0.6367,"HIGH"
88,"2","N2","T0",0.3911,0.6089,"HIGH"
89,"2","N2","T0",0.4009,0.5991,"HIGH"
90,"2","N2","T0",0.3851,0.6149,"HIGH"
91,"2","N2","T0",0.3851,0.6149,"HIGH"
92,"2","N2","T0",0.3851,0.6149,"HIGH"
93,"2","N2","T0",0.3851,0.6149,"HIGH"
94,"2","N2","T0",0.3851,0.6149,"HIGH"
95,"2","N2","T0",0.3851,0.6149,"HIGH"
96,"2","N2","T0",0.3851,0.6149,"HIGH"
97,"2","N2","T0",0.3851,0.6149,"HIGH"
98,"2","N2","T0",0.3851,0.6149,"HIGH"
99,"2","N2","T0",0.3851,0.6149,"HIGH"
0,"1","N3","T0",0.2416,0.7584,"HIGH"
1,"1","N3","T0",0.2416,0.7584,"HIGH"
2,"1","N3","T0",0.2416,0.7584,"HIGH"
3,"1","N3","T0",0.2416,0.7584,"HIGH"
4,"1","N3","T0",0.2416,0.7584,"HIGH"
5,"1","N3","T0",0.2416,0.7584,"HIGH"
6,"1","N3","T0",0.2416,0.7584,"HIGH"
7,"1","N3","T0",0.2416,0.7584,"HIGH"
8,"1","N3","T0",0.2416,0.7584,"HIGH"
9,"1","N3","T0",0.2416,0.7584,"HIGH"
10,"1","N3","T0",0.2416,0.7584,"HIGH"
11,"1","N3","T0",0.2416,0.7584,"HIGH"
12,"1","N3","T0",0.2416,0.7584,"HIGH"
13,"1","N3","T0",0.2416,0.7584,"HIGH"
14,"1","N3","T0",0.2416,0.7584,"HIGH"
15,"1","N3","T0",0.2416,0.7584,"HIGH"
16,"1","N3","T0",0.2416,0.7584,"HIGH"
17,"1","N3","T0",0.2416,0.7584,"HIGH"
18,"1","N3","T0",0.2416,0.7584,"HIGH"
19,"1","N3","T0",0.2416,0.7584,"HIGH"
20,"1","N3","T0",0.2416,0.7584,"HIGH"
21,"1","N3","T0",0.2456,0.7544,"HIGH"
22,"1","N3","T0",0.2456,0.7544,"HIGH"
23,"1","N3","T0",0.2552,0.7448,"HIGH"
24,"1","N3","T0",0.2512,0.7488,"HIGH"
25,"1","N3","T0",0.2468,0.7532,"HIGH"
26,"1","N3","T0",0.2555,0.7445,"HIGH"
27,"1","N3","T0",0.2575,0.7425,"HIGH"
28,"1","N3","T0",0.242,0.758,"HIGH"
29,"1","N3","T0",0.2275,0.7725,"HIGH"
30,"1","N3","T0",0.2472,0.7528,"HIGH"
31,"1","N3","T0",0.2259,0.7741,"HIGH"
32,"1","N3","T0",0.234,0.766,"HIGH"
33,"1","N3","T0",0.2329,0.7671,"HIGH"
34,"1","N3","T0",0.2737,0.7263,"HIGH"
35,"1","N3","T0",0.2602,0.7398,"HIGH"
36,"1","N3","T0",0.2688,0.7312,"HIGH"
37,"1","N3","T0",0.278,0.722,"HIGH"
38,"1","N3","T0",0.2796,0.7204,"HIGH"
39,"1","N3","T0",0.2852,0.7148,"HIGH"
40,"1","N3","T0",0.2719,0.7281,"HIGH"
41,"1","N3","T0",0.2738,0.7262,"HIGH"
42,"1","N3","T0",0.2599,0.7401,"HIGH"
43,"1","N3","T0",0.2642,0.7358,"HIGH"
44,"1","N3","T0",0.3602,0.6398,"HIGH"
45,"1","N3","T0",0.3432,0.6568,"HIGH"
46,"1","N3","T0",0.4135,0.5865,"HIGH"
47,"1","N3","T0",0.3863,0.6137,"HIGH"
48,"1","N3","T0",0.3866,0.6134,"HIGH"
49,"1","N3","T0",0.3769,0.6231,"HIGH"
50,"1","N3","T0",0.289,0.711,"HIGH"
51,"1","N3","T0",0.2846,0.7154,"HIGH"
52,"1","N3","T0",0.3194,0.6806,"HIGH"
53,"1","N3","T0",0.3255,0.6745,"HIGH"
54,"1","N3","T0",0.365,0.635,"HIGH"
55,"1","N3","T0",0.393,0.607,"HIGH"
56,"1","N3","T0",0.3606,0.6394,"HIGH"
57,"1","N3","T0",0.3477,0.6523,"HIGH"
58,"1","N3","T0",0.3122,0.6878,"HIGH"
59,"1","N3","T0",0.3028,0.6972,"HIGH"
60,"1","N3","T0",0.3396,0.6604,"HIGH"
61,"1","N3","T0",0.3454,0.6546,"HIGH"
62,"1","N3","T0",0.3441,0.6559,"HIGH"
63,"1","N3","T0",0.3377,0.6623,"HIGH"
64,"1","N3","T0",0.343,0.657,"HIGH"
65,"1","N3","T0",0.3308,0.6692,"HIGH"
66,"1","N3","T0",0.2928,0.7072,"HIGH"
67,"1","N3","T0",0.3208,0.6792,"HIGH"
68,"1","N3","T0",0.33,0.67,"HIGH"
69,"1","N3","T0",0.3469,0.6531,"HIGH"
70,"1","N3","T0",0.3224,0.6776,"HIGH"
71,"1","N3","T0",0.3651,0.6349,"HIGH"
72,"1","N3","T0",0.3802,0.6198,"HIGH"
73,"1","N3","T0",0.3618,0.6382,"HIGH"
74,"1","N3","T0",0.3795,0.6205,"HIGH"
75,"1","N3","T0",0.3331,0.6669,"HIGH"
76,"1","N3","T0",0.3699,0.6301,"HIGH"
77,"1","N3","T0",0.3605,0.6395,"HIGH"
78,"1","N3","T0",0.3329,0.6671,"HIGH"
79,"1","N3","T0",0.349,0.651,"HIGH"
80,"1","N3","T0",0.363,0.637,"HIGH"
81,"1","N3","T0",0.3996,0.6004,"HIGH"
82,"1","N3","T0",0.3666,0.6334,"HIGH"
83,"1","N3","T0",0.4113,0.5887,"HIGH"
84,"1","N3","T0",0.3689,0.6311,"HIGH"
85,"1","N3","T0",0.4657,0.5343,"HIGH"
86,"1","N3","T0",0.4135,0.5865,"HIGH"
87,"1","N3","T0",0.3711,0.6289,"HIGH"
88,"1","N3","T0",0.3666,0.6334,"HIGH"
89,"1","N3","T0",0.3466,0.6534,"HIGH"
90,"1","N3","T0",0.2821,0.7179,"HIGH"
91,"1","N3","T0",0.2821,0.7179,"HIGH"
92,"1","N3","T0",0.2821,0.7179,"HIGH"
93,"1","N3","T0",0.2821,0.7179,"HIGH"
94,"1","N3","T0",0.2821,0.7179,"HIGH"
95,"1","N3","T0",0.2821,0.7179,"HIGH"
96,"1","N3","T0",0.2821,0.7179,"HIGH"
97,"1","N3","T0",0.2821,0.7179,"HIGH"
98,"1","N3","T0",0.2821,0.7179,"HIGH"
99,"1","N3","T0",0.2821,0.7179,"HIGH"
0,"2","N3","T0",0.2957,0.7043,"HIGH"
1,"2","N3","T0",0.2957,0.7043,"HIGH"
2,"2","N3","T0",0.2957,0.7043,"HIGH"
3,"2","N3","T0",0.2957,0.7043,"HIGH"
4,"2","N3","T0",0.2957,0.7043,"HIGH"
5,"2","N3","T0",0.2957,0.7043,"HIGH"
6,"2","N3","T0",0.2957,0.7043,"HIGH"
7,"2","N3","T0",0.2957,0.7043,"HIGH"
8,"2","N3","T0",0.2957,0.7043,"HIGH"
9,"2","N3","T0",0.2957,0.7043,"HIGH"
10,"2","N3","T0",0.2957,0.7043,"HIGH"
11,"2","N3","T0",0.2957,0.7043,"HIGH"
12,"2","N3","T0",0.2957,0.7043,"HIGH"
13,"2","N3","T0",0.2957,0.7043,"HIGH"
14,"2","N3","T0",0.2957,0.7043,"HIGH"
15,"2","N3","T0",0.2957,0.7043,"HIGH"
16,"2","N3","T0",0.2957,0.7043,"HIGH"
17,"2","N3","T0",0.2957,0.7043,"HIGH"
18,"2","N3","T0",0.2957,0.7043,"HIGH"
19,"2","N3","T0",0.2957,0.7043,"HIGH"
20,"2","N3","T0",0.2957,0.7043,"HIGH"
21,"2","N3","T0",0.2997,0.7003,"HIGH"
22,"2","N3","T0",0.2997,0.7003,"HIGH"
23,"2","N3","T0",0.2997,0.7003,"HIGH"
24,"2","N3","T0",0.2941,0.7059,"HIGH"
25,"2","N3","T0",0.2804,0.7196,"HIGH"
26,"2","N3","T0",0.2878,0.7122,"HIGH"
27,"2","N3","T0",0.2878,0.7122,"HIGH"
28,"2","N3","T0",0.2803,0.7197,"HIGH"
29,"2","N3","T0",0.2842,0.7158,"HIGH"
30,"2","N3","T0",0.2884,0.7116,"HIGH"
31,"2","N3","T0",0.3016,0.6984,"HIGH"
32,"2","N3","T0",0.2983,0.7017,"HIGH"
33,"2","N3","T0",0.296,0.704,"HIGH"
34,"2","N3","T0",0.3371,0.6629,"HIGH"
35,"2","N3","T0",0.3282,0.6718,"HIGH"
36,"2","N3","T0",0.3332,0.6668,"HIGH"
37,"2","N3","T0",0.3406,0.6594,"HIGH"
38,"2","N3","T0",0.3422,0.6578,"HIGH"
39,"2","N3","T0",0.3418,0.6582,"HIGH"
40,"2","N3","T0",0.353,0.647,"HIGH"
41,"2","N3","T0",0.3562,0.6438,"HIGH"
42,"2","N3","T0",0.2998,0.7002,"HIGH"
43,"2","N3","T0",0.2872,0.7128,"HIGH"
44,"2","N3","T0",0.3201,0.6799,"HIGH"
45,"2","N3","T0",0.3845,0.6155,"HIGH"
46,"2","N3","T0",0.4264,0.5736,"HIGH"
47,"2","N3","T0",0.403,0.597,"HIGH"
48,"2","N3","T0",0.4629,0.5371,"HIGH"
49,"2","N3","T0",0.391,0.609,"HIGH"
50,"2","N3","T0",0.4162,0.5838,"HIGH"
51,"2","N3","T0",0.3488,0.6512,"HIGH"
52,"2","N3","T0",0.4048,0.5952,"HIGH"
53,"2","N3","T0",0.3859,0.6141,"HIGH"
54,"2","N3","T0",0.3802,0.6198,"HIGH"
55,"2","N3","T0",0.3963,0.6037,"HIGH"
56,"2","N3","T0",0.3806,0.6194,"HIGH"
57,"2","N3","T0",0.3723,0.6277,"HIGH"
58,"2","N3","T0",0.3715,0.6285,"HIGH"
59,"2","N3","T0",0.3286,0.6714,"HIGH"
60,"2","N3","T0",0.336,0.664,"HIGH"
61,"2","N3","T0",0.3289,0.6711,"HIGH"
62,"2","N3","T0",0.3831,0.6169,"HIGH"
63,"2","N3","T0",0.3884,0.6116,"HIGH"
64,"2","N3","T0",0.3762,0.6238,"HIGH"
65,"2","N3","T0",0.3574,0.6426,"HIGH"
66,"2","N3","T0",0.2907,0.7093,"HIGH"
67,"2","N3","T0",0.3248,0.6752,"HIGH"
68,"2","N3","T0",0.3323,0.6677,"HIGH"
69,"2","N3","T0",0.3234,0.6766,"HIGH"
70,"2","N3","T0",0.3176,0.6824,"HIGH"
71,"2","N3","T0",0.3932,0.6068,"HIGH"
72,"2","N3","T0",0.4068,0.5932,"HIGH"
73,"2","N3","T0",0.3138,0.6862,"HIGH"
74,"2","N3","T0",0.3079,0.6921,"HIGH"
75,"2","N3","T0",0.3179,0.6821,"HIGH"
76,"2","N3","T0",0.3934,0.6066,"HIGH"
77,"2","N3","T0",0.4089,0.5911,"HIGH"
78,"2","N3","T0",0.3941,0.6059,"HIGH"
79,"2","N3","T0",0.3833,0.6167,"HIGH"
80,"2","N3","T0",0.3605,0.6395,"HIGH"
81,"2","N3","T0",0.3326,0.6674,"HIGH"
82,"2","N3","T0",0.3071,0.6929,"HIGH"
83,"2","N3","T0",0.3098,0.6902,"HIGH"
84,"2","N3","T0",0.384,0.616,"HIGH"
85,"2","N3","T0",0.5265,0.4735,"LOW"
86,"2","N3","T0",0.3731,0.6269,"HIGH"
87,"2","N3","T0",0.3564,0.6436,"HIGH"
88,"2","N3","T0",0.3363,0.6637,"HIGH"
89,"2","N3","T0",0.3134,0.6866,"HIGH"
90,"2","N3","T0",0.3043,0.6957,"HIGH"
91,"2","N3","T0",0.3043,0.6957,"HIGH"
92,"2","N3","T0",0.3043,0.6957,"HIGH"
93,"2","N3","T0",0.3043,0.6957,"HIGH"
94,"2","N3","T0",0.3043,0.6957,"HIGH"
95,"2","N3","T0",0.3043,0.6957,"HIGH"
96,"2","N3","T0",0.3043,0.6957,"HIGH"
97,"2","N3","T0",0.3043,0.6957,"HIGH"
98,"2","N3","T0",0.3043,0.6957,"HIGH"
99,"2","N3","T0",0.3043,0.6957,"HIGH"
0,"1","Other/Unknown","T0",0.2071,0.7929,"HIGH"
1,"1","Other/Unknown","T0",0.2071,0.7929,"HIGH"
2,"1","Other/Unknown","T0",0.2071,0.7929,"HIGH"
3,"1","Other/Unknown","T0",0.2071,0.7929,"HIGH"
4,"1","Other/Unknown","T0",0.2071,0.7929,"HIGH"
5,"1","Other/Unknown","T0",0.2071,0.7929,"HIGH"
6,"1","Other/Unknown","T0",0.2071,0.7929,"HIGH"
7,"1","Other/Unknown","T0",0.2071,0.7929,"HIGH"
8,"1","Other/Unknown","T0",0.2071,0.7929,"HIGH"
9,"1","Other/Unknown","T0",0.2071,0.7929,"HIGH"
10,"1","Other/Unknown","T0",0.2071,0.7929,"HIGH"
11,"1","Other/Unknown","T0",0.2071,0.7929,"HIGH"
12,"1","Other/Unknown","T0",0.2071,0.7929,"HIGH"
13,"1","Other/Unknown","T0",0.2071,0.7929,"HIGH"
14,"1","Other/Unknown","T0",0.2071,0.7929,"HIGH"
15,"1","Other/Unknown","T0",0.2071,0.7929,"HIGH"
16,"1","Other/Unknown","T0",0.2071,0.7929,"HIGH"
17,"1","Other/Unknown","T0",0.2071,0.7929,"HIGH"
18,"1","Other/Unknown","T0",0.2071,0.7929,"HIGH"
19,"1","Other/Unknown","T0",0.2071,0.7929,"HIGH"
20,"1","Other/Unknown","T0",0.207,0.793,"HIGH"
21,"1","Other/Unknown","T0",0.2067,0.7933,"HIGH"
22,"1","Other/Unknown","T0",0.207,0.793,"HIGH"
23,"1","Other/Unknown","T0",0.2053,0.7947,"HIGH"
24,"1","Other/Unknown","T0",0.2028,0.7972,"HIGH"
25,"1","Other/Unknown","T0",0.2044,0.7956,"HIGH"
26,"1","Other/Unknown","T0",0.1971,0.8029,"HIGH"
27,"1","Other/Unknown","T0",0.1964,0.8036,"HIGH"
28,"1","Other/Unknown","T0",0.1956,0.8044,"HIGH"
29,"1","Other/Unknown","T0",0.1628,0.8372,"HIGH"
30,"1","Other/Unknown","T0",0.1611,0.8389,"HIGH"
31,"1","Other/Unknown","T0",0.1547,0.8453,"HIGH"
32,"1","Other/Unknown","T0",0.1527,0.8473,"HIGH"
33,"1","Other/Unknown","T0",0.1544,0.8456,"HIGH"
34,"1","Other/Unknown","T0",0.1371,0.8629,"HIGH"
35,"1","Other/Unknown","T0",0.1348,0.8652,"HIGH"
36,"1","Other/Unknown","T0",0.1511,0.8489,"HIGH"
37,"1","Other/Unknown","T0",0.1454,0.8546,"HIGH"
38,"1","Other/Unknown","T0",0.151,0.849,"HIGH"
39,"1","Other/Unknown","T0",0.1418,0.8582,"HIGH"
40,"1","Other/Unknown","T0",0.1396,0.8604,"HIGH"
41,"1","Other/Unknown","T0",0.1367,0.8633,"HIGH"
42,"1","Other/Unknown","T0",0.1279,0.8721,"HIGH"
43,"1","Other/Unknown","T0",0.1279,0.8721,"HIGH"
44,"1","Other/Unknown","T0",0.1327,0.8673,"HIGH"
45,"1","Other/Unknown","T0",0.1418,0.8582,"HIGH"
46,"1","Other/Unknown","T0",0.1321,0.8679,"HIGH"
47,"1","Other/Unknown","T0",0.132,0.868,"HIGH"
48,"1","Other/Unknown","T0",0.1361,0.8639,"HIGH"
49,"1","Other/Unknown","T0",0.1531,0.8469,"HIGH"
50,"1","Other/Unknown","T0",0.1439,0.8561,"HIGH"
51,"1","Other/Unknown","T0",0.1349,0.8651,"HIGH"
52,"1","Other/Unknown","T0",0.1358,0.8642,"HIGH"
53,"1","Other/Unknown","T0",0.1386,0.8614,"HIGH"
54,"1","Other/Unknown","T0",0.1729,0.8271,"HIGH"
55,"1","Other/Unknown","T0",0.1875,0.8125,"HIGH"
56,"1","Other/Unknown","T0",0.1725,0.8275,"HIGH"
57,"1","Other/Unknown","T0",0.1514,0.8486,"HIGH"
58,"1","Other/Unknown","T0",0.1577,0.8423,"HIGH"
59,"1","Other/Unknown","T0",0.1567,0.8433,"HIGH"
60,"1","Other/Unknown","T0",0.2627,0.7373,"HIGH"
61,"1","Other/Unknown","T0",0.3044,0.6956,"HIGH"
62,"1","Other/Unknown","T0",0.2443,0.7557,"HIGH"
63,"1","Other/Unknown","T0",0.2488,0.7512,"HIGH"
64,"1","Other/Unknown","T0",0.3123,0.6877,"HIGH"
65,"1","Other/Unknown","T0",0.249,0.751,"HIGH"
66,"1","Other/Unknown","T0",0.2588,0.7412,"HIGH"
67,"1","Other/Unknown","T0",0.2483,0.7517,"HIGH"
68,"1","Other/Unknown","T0",0.1634,0.8366,"HIGH"
69,"1","Other/Unknown","T0",0.1401,0.8599,"HIGH"
70,"1","Other/Unknown","T0",0.141,0.859,"HIGH"
71,"1","Other/Unknown","T0",0.1456,0.8544,"HIGH"
72,"1","Other/Unknown","T0",0.1753,0.8247,"HIGH"
73,"1","Other/Unknown","T0",0.1649,0.8351,"HIGH"
74,"1","Other/Unknown","T0",0.1456,0.8544,"HIGH"
75,"1","Other/Unknown","T0",0.1646,0.8354,"HIGH"
76,"1","Other/Unknown","T0",0.1228,0.8772,"HIGH"
77,"1","Other/Unknown","T0",0.1208,0.8792,"HIGH"
78,"1","Other/Unknown","T0",0.1241,0.8759,"HIGH"
79,"1","Other/Unknown","T0",0.1204,0.8796,"HIGH"
80,"1","Other/Unknown","T0",0.1216,0.8784,"HIGH"
81,"1","Other/Unknown","T0",0.126,0.874,"HIGH"
82,"1","Other/Unknown","T0",0.139,0.861,"HIGH"
83,"1","Other/Unknown","T0",0.2052,0.7948,"HIGH"
84,"1","Other/Unknown","T0",0.1354,0.8646,"HIGH"
85,"1","Other/Unknown","T0",0.1675,0.8325,"HIGH"
86,"1","Other/Unknown","T0",0.1332,0.8668,"HIGH"
87,"1","Other/Unknown","T0",0.0979,0.9021,"HIGH"
88,"1","Other/Unknown","T0",0.0896,0.9104,"HIGH"
89,"1","Other/Unknown","T0",0.0917,0.9083,"HIGH"
90,"1","Other/Unknown","T0",0.0789,0.9211,"HIGH"
91,"1","Other/Unknown","T0",0.0789,0.9211,"HIGH"
92,"1","Other/Unknown","T0",0.0789,0.9211,"HIGH"
93,"1","Other/Unknown","T0",0.0789,0.9211,"HIGH"
94,"1","Other/Unknown","T0",0.0789,0.9211,"HIGH"
95,"1","Other/Unknown","T0",0.0789,0.9211,"HIGH"
96,"1","Other/Unknown","T0",0.0789,0.9211,"HIGH"
97,"1","Other/Unknown","T0",0.0789,0.9211,"HIGH"
98,"1","Other/Unknown","T0",0.0789,0.9211,"HIGH"
99,"1","Other/Unknown","T0",0.0789,0.9211,"HIGH"
0,"2","Other/Unknown","T0",0.2168,0.7832,"HIGH"
1,"2","Other/Unknown","T0",0.2168,0.7832,"HIGH"
2,"2","Other/Unknown","T0",0.2168,0.7832,"HIGH"
3,"2","Other/Unknown","T0",0.2168,0.7832,"HIGH"
4,"2","Other/Unknown","T0",0.2168,0.7832,"HIGH"
5,"2","Other/Unknown","T0",0.2168,0.7832,"HIGH"
6,"2","Other/Unknown","T0",0.2168,0.7832,"HIGH"
7,"2","Other/Unknown","T0",0.2168,0.7832,"HIGH"
8,"2","Other/Unknown","T0",0.2168,0.7832,"HIGH"
9,"2","Other/Unknown","T0",0.2168,0.7832,"HIGH"
10,"2","Other/Unknown","T0",0.2168,0.7832,"HIGH"
11,"2","Other/Unknown","T0",0.2168,0.7832,"HIGH"
12,"2","Other/Unknown","T0",0.2168,0.7832,"HIGH"
13,"2","Other/Unknown","T0",0.2168,0.7832,"HIGH"
14,"2","Other/Unknown","T0",0.2168,0.7832,"HIGH"
15,"2","Other/Unknown","T0",0.2168,0.7832,"HIGH"
16,"2","Other/Unknown","T0",0.2168,0.7832,"HIGH"
17,"2","Other/Unknown","T0",0.2168,0.7832,"HIGH"
18,"2","Other/Unknown","T0",0.2168,0.7832,"HIGH"
19,"2","Other/Unknown","T0",0.2168,0.7832,"HIGH"
20,"2","Other/Unknown","T0",0.2168,0.7832,"HIGH"
21,"2","Other/Unknown","T0",0.2153,0.7847,"HIGH"
22,"2","Other/Unknown","T0",0.2168,0.7832,"HIGH"
23,"2","Other/Unknown","T0",0.2168,0.7832,"HIGH"
24,"2","Other/Unknown","T0",0.216,0.784,"HIGH"
25,"2","Other/Unknown","T0",0.216,0.784,"HIGH"
26,"2","Other/Unknown","T0",0.2147,0.7853,"HIGH"
27,"2","Other/Unknown","T0",0.2107,0.7893,"HIGH"
28,"2","Other/Unknown","T0",0.2093,0.7907,"HIGH"
29,"2","Other/Unknown","T0",0.1682,0.8318,"HIGH"
30,"2","Other/Unknown","T0",0.1679,0.8321,"HIGH"
31,"2","Other/Unknown","T0",0.1523,0.8477,"HIGH"
32,"2","Other/Unknown","T0",0.1503,0.8497,"HIGH"
33,"2","Other/Unknown","T0",0.1424,0.8576,"HIGH"
34,"2","Other/Unknown","T0",0.139,0.861,"HIGH"
35,"2","Other/Unknown","T0",0.139,0.861,"HIGH"
36,"2","Other/Unknown","T0",0.1392,0.8608,"HIGH"
37,"2","Other/Unknown","T0",0.1386,0.8614,"HIGH"
38,"2","Other/Unknown","T0",0.1429,0.8571,"HIGH"
39,"2","Other/Unknown","T0",0.1395,0.8605,"HIGH"
40,"2","Other/Unknown","T0",0.1394,0.8606,"HIGH"
41,"2","Other/Unknown","T0",0.1375,0.8625,"HIGH"
42,"2","Other/Unknown","T0",0.1379,0.8621,"HIGH"
43,"2","Other/Unknown","T0",0.1389,0.8611,"HIGH"
44,"2","Other/Unknown","T0",0.1475,0.8525,"HIGH"
45,"2","Other/Unknown","T0",0.1523,0.8477,"HIGH"
46,"2","Other/Unknown","T0",0.1482,0.8518,"HIGH"
47,"2","Other/Unknown","T0",0.1436,0.8564,"HIGH"
48,"2","Other/Unknown","T0",0.1433,0.8567,"HIGH"
49,"2","Other/Unknown","T0",0.1521,0.8479,"HIGH"
50,"2","Other/Unknown","T0",0.2026,0.7974,"HIGH"
51,"2","Other/Unknown","T0",0.1616,0.8384,"HIGH"
52,"2","Other/Unknown","T0",0.1529,0.8471,"HIGH"
53,"2","Other/Unknown","T0",0.1673,0.8327,"HIGH"
54,"2","Other/Unknown","T0",0.2749,0.7251,"HIGH"
55,"2","Other/Unknown","T0",0.1868,0.8132,"HIGH"
56,"2","Other/Unknown","T0",0.151,0.849,"HIGH"
57,"2","Other/Unknown","T0",0.1502,0.8498,"HIGH"
58,"2","Other/Unknown","T0",0.1725,0.8275,"HIGH"
59,"2","Other/Unknown","T0",0.1695,0.8305,"HIGH"
60,"2","Other/Unknown","T0",0.1599,0.8401,"HIGH"
61,"2","Other/Unknown","T0",0.1613,0.8387,"HIGH"
62,"2","Other/Unknown","T0",0.1614,0.8386,"HIGH"
63,"2","Other/Unknown","T0",0.1672,0.8328,"HIGH"
64,"2","Other/Unknown","T0",0.2782,0.7218,"HIGH"
65,"2","Other/Unknown","T0",0.202,0.798,"HIGH"
66,"2","Other/Unknown","T0",0.1918,0.8082,"HIGH"
67,"2","Other/Unknown","T0",0.2962,0.7038,"HIGH"
68,"2","Other/Unknown","T0",0.1955,0.8045,"HIGH"
69,"2","Other/Unknown","T0",0.1596,0.8404,"HIGH"
70,"2","Other/Unknown","T0",0.1459,0.8541,"HIGH"
71,"2","Other/Unknown","T0",0.2054,0.7946,"HIGH"
72,"2","Other/Unknown","T0",0.1727,0.8273,"HIGH"
73,"2","Other/Unknown","T0",0.1312,0.8688,"HIGH"
74,"2","Other/Unknown","T0",0.127,0.873,"HIGH"
75,"2","Other/Unknown","T0",0.1328,0.8672,"HIGH"
76,"2","Other/Unknown","T0",0.1249,0.8751,"HIGH"
77,"2","Other/Unknown","T0",0.1257,0.8743,"HIGH"
78,"2","Other/Unknown","T0",0.2012,0.7988,"HIGH"
79,"2","Other/Unknown","T0",0.1251,0.8749,"HIGH"
80,"2","Other/Unknown","T0",0.1202,0.8798,"HIGH"
81,"2","Other/Unknown","T0",0.1098,0.8902,"HIGH"
82,"2","Other/Unknown","T0",0.1111,0.8889,"HIGH"
83,"2","Other/Unknown","T0",0.1234,0.8766,"HIGH"
84,"2","Other/Unknown","T0",0.1121,0.8879,"HIGH"
85,"2","Other/Unknown","T0",0.1207,0.8793,"HIGH"
86,"2","Other/Unknown","T0",0.2385,0.7615,"HIGH"
87,"2","Other/Unknown","T0",0.1163,0.8837,"HIGH"
88,"2","Other/Unknown","T0",0.0891,0.9109,"HIGH"
89,"2","Other/Unknown","T0",0.0804,0.9196,"HIGH"
90,"2","Other/Unknown","T0",0.0791,0.9209,"HIGH"
91,"2","Other/Unknown","T0",0.0791,0.9209,"HIGH"
92,"2","Other/Unknown","T0",0.0791,0.9209,"HIGH"
93,"2","Other/Unknown","T0",0.0791,0.9209,"HIGH"
94,"2","Other/Unknown","T0",0.0791,0.9209,"HIGH"
95,"2","Other/Unknown","T0",0.0791,0.9209,"HIGH"
96,"2","Other/Unknown","T0",0.0791,0.9209,"HIGH"
97,"2","Other/Unknown","T0",0.0791,0.9209,"HIGH"
98,"2","Other/Unknown","T0",0.0791,0.9209,"HIGH"
99,"2","Other/Unknown","T0",0.0791,0.9209,"HIGH"
0,"1","N0","Other/Unknown",0.6855,0.3145,"LOW"
1,"1","N0","Other/Unknown",0.6855,0.3145,"LOW"
2,"1","N0","Other/Unknown",0.6855,0.3145,"LOW"
3,"1","N0","Other/Unknown",0.6855,0.3145,"LOW"
4,"1","N0","Other/Unknown",0.6855,0.3145,"LOW"
5,"1","N0","Other/Unknown",0.6855,0.3145,"LOW"
6,"1","N0","Other/Unknown",0.6855,0.3145,"LOW"
7,"1","N0","Other/Unknown",0.6855,0.3145,"LOW"
8,"1","N0","Other/Unknown",0.6855,0.3145,"LOW"
9,"1","N0","Other/Unknown",0.6855,0.3145,"LOW"
10,"1","N0","Other/Unknown",0.6855,0.3145,"LOW"
11,"1","N0","Other/Unknown",0.6855,0.3145,"LOW"
12,"1","N0","Other/Unknown",0.6855,0.3145,"LOW"
13,"1","N0","Other/Unknown",0.6855,0.3145,"LOW"
14,"1","N0","Other/Unknown",0.6855,0.3145,"LOW"
15,"1","N0","Other/Unknown",0.6855,0.3145,"LOW"
16,"1","N0","Other/Unknown",0.6855,0.3145,"LOW"
17,"1","N0","Other/Unknown",0.6855,0.3145,"LOW"
18,"1","N0","Other/Unknown",0.6852,0.3148,"LOW"
19,"1","N0","Other/Unknown",0.6832,0.3168,"LOW"
20,"1","N0","Other/Unknown",0.6832,0.3168,"LOW"
21,"1","N0","Other/Unknown",0.6675,0.3325,"LOW"
22,"1","N0","Other/Unknown",0.6906,0.3094,"LOW"
23,"1","N0","Other/Unknown",0.6893,0.3107,"LOW"
24,"1","N0","Other/Unknown",0.6708,0.3292,"LOW"
25,"1","N0","Other/Unknown",0.6864,0.3136,"LOW"
26,"1","N0","Other/Unknown",0.6929,0.3071,"LOW"
27,"1","N0","Other/Unknown",0.6926,0.3074,"LOW"
28,"1","N0","Other/Unknown",0.6933,0.3067,"LOW"
29,"1","N0","Other/Unknown",0.6926,0.3074,"LOW"
30,"1","N0","Other/Unknown",0.6458,0.3542,"LOW"
31,"1","N0","Other/Unknown",0.6621,0.3379,"LOW"
32,"1","N0","Other/Unknown",0.6434,0.3566,"LOW"
33,"1","N0","Other/Unknown",0.6505,0.3495,"LOW"
34,"1","N0","Other/Unknown",0.6487,0.3513,"LOW"
35,"1","N0","Other/Unknown",0.6455,0.3545,"LOW"
36,"1","N0","Other/Unknown",0.6449,0.3551,"LOW"
37,"1","N0","Other/Unknown",0.6336,0.3664,"LOW"
38,"1","N0","Other/Unknown",0.6343,0.3657,"LOW"
39,"1","N0","Other/Unknown",0.6336,0.3664,"LOW"
40,"1","N0","Other/Unknown",0.6244,0.3756,"LOW"
41,"1","N0","Other/Unknown",0.6217,0.3783,"LOW"
42,"1","N0","Other/Unknown",0.6205,0.3795,"LOW"
43,"1","N0","Other/Unknown",0.6235,0.3765,"LOW"
44,"1","N0","Other/Unknown",0.6206,0.3794,"LOW"
45,"1","N0","Other/Unknown",0.62,0.38,"LOW"
46,"1","N0","Other/Unknown",0.6254,0.3746,"LOW"
47,"1","N0","Other/Unknown",0.625,0.375,"LOW"
48,"1","N0","Other/Unknown",0.6279,0.3721,"LOW"
49,"1","N0","Other/Unknown",0.6282,0.3718,"LOW"
50,"1","N0","Other/Unknown",0.6236,0.3764,"LOW"
51,"1","N0","Other/Unknown",0.6251,0.3749,"LOW"
52,"1","N0","Other/Unknown",0.6244,0.3756,"LOW"
53,"1","N0","Other/Unknown",0.6253,0.3747,"LOW"
54,"1","N0","Other/Unknown",0.626,0.374,"LOW"
55,"1","N0","Other/Unknown",0.6263,0.3737,"LOW"
56,"1","N0","Other/Unknown",0.6241,0.3759,"LOW"
57,"1","N0","Other/Unknown",0.6245,0.3755,"LOW"
58,"1","N0","Other/Unknown",0.6202,0.3798,"LOW"
59,"1","N0","Other/Unknown",0.6304,0.3696,"LOW"
60,"1","N0","Other/Unknown",0.6329,0.3671,"LOW"
61,"1","N0","Other/Unknown",0.6326,0.3674,"LOW"
62,"1","N0","Other/Unknown",0.6335,0.3665,"LOW"
63,"1","N0","Other/Unknown",0.6428,0.3572,"LOW"
64,"1","N0","Other/Unknown",0.6417,0.3583,"LOW"
65,"1","N0","Other/Unknown",0.6421,0.3579,"LOW"
66,"1","N0","Other/Unknown",0.6427,0.3573,"LOW"
67,"1","N0","Other/Unknown",0.6426,0.3574,"LOW"
68,"1","N0","Other/Unknown",0.6414,0.3586,"LOW"
69,"1","N0","Other/Unknown",0.641,0.359,"LOW"
70,"1","N0","Other/Unknown",0.6418,0.3582,"LOW"
71,"1","N0","Other/Unknown",0.641,0.359,"LOW"
72,"1","N0","Other/Unknown",0.6411,0.3589,"LOW"
73,"1","N0","Other/Unknown",0.6408,0.3592,"LOW"
74,"1","N0","Other/Unknown",0.6406,0.3594,"LOW"
75,"1","N0","Other/Unknown",0.6412,0.3588,"LOW"
76,"1","N0","Other/Unknown",0.6357,0.3643,"LOW"
77,"1","N0","Other/Unknown",0.6324,0.3676,"LOW"
78,"1","N0","Other/Unknown",0.636,0.364,"LOW"
79,"1","N0","Other/Unknown",0.6316,0.3684,"LOW"
80,"1","N0","Other/Unknown",0.6134,0.3866,"LOW"
81,"1","N0","Other/Unknown",0.5876,0.4124,"LOW"
82,"1","N0","Other/Unknown",0.5909,0.4091,"LOW"
83,"1","N0","Other/Unknown",0.5785,0.4215,"LOW"
84,"1","N0","Other/Unknown",0.5754,0.4246,"LOW"
85,"1","N0","Other/Unknown",0.4948,0.5052,"HIGH"
86,"1","N0","Other/Unknown",0.4799,0.5201,"HIGH"
87,"1","N0","Other/Unknown",0.4566,0.5434,"HIGH"
88,"1","N0","Other/Unknown",0.407,0.593,"HIGH"
89,"1","N0","Other/Unknown",0.4262,0.5738,"HIGH"
90,"1","N0","Other/Unknown",0.3778,0.6222,"HIGH"
91,"1","N0","Other/Unknown",0.3778,0.6222,"HIGH"
92,"1","N0","Other/Unknown",0.3778,0.6222,"HIGH"
93,"1","N0","Other/Unknown",0.3778,0.6222,"HIGH"
94,"1","N0","Other/Unknown",0.3778,0.6222,"HIGH"
95,"1","N0","Other/Unknown",0.3778,0.6222,"HIGH"
96,"1","N0","Other/Unknown",0.3778,0.6222,"HIGH"
97,"1","N0","Other/Unknown",0.3778,0.6222,"HIGH"
98,"1","N0","Other/Unknown",0.3778,0.6222,"HIGH"
99,"1","N0","Other/Unknown",0.3778,0.6222,"HIGH"
0,"2","N0","Other/Unknown",0.751,0.249,"LOW"
1,"2","N0","Other/Unknown",0.751,0.249,"LOW"
2,"2","N0","Other/Unknown",0.751,0.249,"LOW"
3,"2","N0","Other/Unknown",0.751,0.249,"LOW"
4,"2","N0","Other/Unknown",0.751,0.249,"LOW"
5,"2","N0","Other/Unknown",0.751,0.249,"LOW"
6,"2","N0","Other/Unknown",0.751,0.249,"LOW"
7,"2","N0","Other/Unknown",0.751,0.249,"LOW"
8,"2","N0","Other/Unknown",0.751,0.249,"LOW"
9,"2","N0","Other/Unknown",0.751,0.249,"LOW"
10,"2","N0","Other/Unknown",0.751,0.249,"LOW"
11,"2","N0","Other/Unknown",0.751,0.249,"LOW"
12,"2","N0","Other/Unknown",0.751,0.249,"LOW"
13,"2","N0","Other/Unknown",0.751,0.249,"LOW"
14,"2","N0","Other/Unknown",0.751,0.249,"LOW"
15,"2","N0","Other/Unknown",0.751,0.249,"LOW"
16,"2","N0","Other/Unknown",0.751,0.249,"LOW"
17,"2","N0","Other/Unknown",0.753,0.247,"LOW"
18,"2","N0","Other/Unknown",0.753,0.247,"LOW"
19,"2","N0","Other/Unknown",0.753,0.247,"LOW"
20,"2","N0","Other/Unknown",0.753,0.247,"LOW"
21,"2","N0","Other/Unknown",0.7493,0.2507,"LOW"
22,"2","N0","Other/Unknown",0.7532,0.2468,"LOW"
23,"2","N0","Other/Unknown",0.7518,0.2482,"LOW"
24,"2","N0","Other/Unknown",0.7174,0.2826,"LOW"
25,"2","N0","Other/Unknown",0.7365,0.2635,"LOW"
26,"2","N0","Other/Unknown",0.7576,0.2424,"LOW"
27,"2","N0","Other/Unknown",0.7576,0.2424,"LOW"
28,"2","N0","Other/Unknown",0.7576,0.2424,"LOW"
29,"2","N0","Other/Unknown",0.757,0.243,"LOW"
30,"2","N0","Other/Unknown",0.7456,0.2544,"LOW"
31,"2","N0","Other/Unknown",0.7041,0.2959,"LOW"
32,"2","N0","Other/Unknown",0.7044,0.2956,"LOW"
33,"2","N0","Other/Unknown",0.7005,0.2995,"LOW"
34,"2","N0","Other/Unknown",0.7094,0.2906,"LOW"
35,"2","N0","Other/Unknown",0.7108,0.2892,"LOW"
36,"2","N0","Other/Unknown",0.7199,0.2801,"LOW"
37,"2","N0","Other/Unknown",0.7053,0.2947,"LOW"
38,"2","N0","Other/Unknown",0.6962,0.3038,"LOW"
39,"2","N0","Other/Unknown",0.6979,0.3021,"LOW"
40,"2","N0","Other/Unknown",0.6945,0.3055,"LOW"
41,"2","N0","Other/Unknown",0.689,0.311,"LOW"
42,"2","N0","Other/Unknown",0.6903,0.3097,"LOW"
43,"2","N0","Other/Unknown",0.6971,0.3029,"LOW"
44,"2","N0","Other/Unknown",0.6974,0.3026,"LOW"
45,"2","N0","Other/Unknown",0.6911,0.3089,"LOW"
46,"2","N0","Other/Unknown",0.6882,0.3118,"LOW"
47,"2","N0","Other/Unknown",0.6878,0.3122,"LOW"
48,"2","N0","Other/Unknown",0.687,0.313,"LOW"
49,"2","N0","Other/Unknown",0.6888,0.3112,"LOW"
50,"2","N0","Other/Unknown",0.6894,0.3106,"LOW"
51,"2","N0","Other/Unknown",0.6901,0.3099,"LOW"
52,"2","N0","Other/Unknown",0.6904,0.3096,"LOW"
53,"2","N0","Other/Unknown",0.6912,0.3088,"LOW"
54,"2","N0","Other/Unknown",0.6909,0.3091,"LOW"
55,"2","N0","Other/Unknown",0.6909,0.3091,"LOW"
56,"2","N0","Other/Unknown",0.6911,0.3089,"LOW"
57,"2","N0","Other/Unknown",0.6903,0.3097,"LOW"
58,"2","N0","Other/Unknown",0.6915,0.3085,"LOW"
59,"2","N0","Other/Unknown",0.6926,0.3074,"LOW"
60,"2","N0","Other/Unknown",0.6917,0.3083,"LOW"
61,"2","N0","Other/Unknown",0.6922,0.3078,"LOW"
62,"2","N0","Other/Unknown",0.6934,0.3066,"LOW"
63,"2","N0","Other/Unknown",0.6943,0.3057,"LOW"
64,"2","N0","Other/Unknown",0.695,0.305,"LOW"
65,"2","N0","Other/Unknown",0.6966,0.3034,"LOW"
66,"2","N0","Other/Unknown",0.6957,0.3043,"LOW"
67,"2","N0","Other/Unknown",0.6953,0.3047,"LOW"
68,"2","N0","Other/Unknown",0.696,0.304,"LOW"
69,"2","N0","Other/Unknown",0.6966,0.3034,"LOW"
70,"2","N0","Other/Unknown",0.6963,0.3037,"LOW"
71,"2","N0","Other/Unknown",0.6942,0.3058,"LOW"
72,"2","N0","Other/Unknown",0.6946,0.3054,"LOW"
73,"2","N0","Other/Unknown",0.6944,0.3056,"LOW"
74,"2","N0","Other/Unknown",0.6948,0.3052,"LOW"
75,"2","N0","Other/Unknown",0.695,0.305,"LOW"
76,"2","N0","Other/Unknown",0.6943,0.3057,"LOW"
77,"2","N0","Other/Unknown",0.6935,0.3065,"LOW"
78,"2","N0","Other/Unknown",0.6729,0.3271,"LOW"
79,"2","N0","Other/Unknown",0.6658,0.3342,"LOW"
80,"2","N0","Other/Unknown",0.6361,0.3639,"LOW"
81,"2","N0","Other/Unknown",0.6224,0.3776,"LOW"
82,"2","N0","Other/Unknown",0.6215,0.3785,"LOW"
83,"2","N0","Other/Unknown",0.6028,0.3972,"LOW"
84,"2","N0","Other/Unknown",0.6075,0.3925,"LOW"
85,"2","N0","Other/Unknown",0.5194,0.4806,"LOW"
86,"2","N0","Other/Unknown",0.4652,0.5348,"HIGH"
87,"2","N0","Other/Unknown",0.4705,0.5295,"HIGH"
88,"2","N0","Other/Unknown",0.4716,0.5284,"HIGH"
89,"2","N0","Other/Unknown",0.4165,0.5835,"HIGH"
90,"2","N0","Other/Unknown",0.337,0.663,"HIGH"
91,"2","N0","Other/Unknown",0.337,0.663,"HIGH"
92,"2","N0","Other/Unknown",0.337,0.663,"HIGH"
93,"2","N0","Other/Unknown",0.337,0.663,"HIGH"
94,"2","N0","Other/Unknown",0.337,0.663,"HIGH"
95,"2","N0","Other/Unknown",0.337,0.663,"HIGH"
96,"2","N0","Other/Unknown",0.337,0.663,"HIGH"
97,"2","N0","Other/Unknown",0.337,0.663,"HIGH"
98,"2","N0","Other/Unknown",0.337,0.663,"HIGH"
99,"2","N0","Other/Unknown",0.337,0.663,"HIGH"
0,"1","N1","Other/Unknown",0.41,0.59,"HIGH"
1,"1","N1","Other/Unknown",0.41,0.59,"HIGH"
2,"1","N1","Other/Unknown",0.41,0.59,"HIGH"
3,"1","N1","Other/Unknown",0.41,0.59,"HIGH"
4,"1","N1","Other/Unknown",0.41,0.59,"HIGH"
5,"1","N1","Other/Unknown",0.41,0.59,"HIGH"
6,"1","N1","Other/Unknown",0.41,0.59,"HIGH"
7,"1","N1","Other/Unknown",0.41,0.59,"HIGH"
8,"1","N1","Other/Unknown",0.41,0.59,"HIGH"
9,"1","N1","Other/Unknown",0.41,0.59,"HIGH"
10,"1","N1","Other/Unknown",0.41,0.59,"HIGH"
11,"1","N1","Other/Unknown",0.41,0.59,"HIGH"
12,"1","N1","Other/Unknown",0.41,0.59,"HIGH"
13,"1","N1","Other/Unknown",0.41,0.59,"HIGH"
14,"1","N1","Other/Unknown",0.41,0.59,"HIGH"
15,"1","N1","Other/Unknown",0.41,0.59,"HIGH"
16,"1","N1","Other/Unknown",0.41,0.59,"HIGH"
17,"1","N1","Other/Unknown",0.41,0.59,"HIGH"
18,"1","N1","Other/Unknown",0.41,0.59,"HIGH"
19,"1","N1","Other/Unknown",0.41,0.59,"HIGH"
20,"1","N1","Other/Unknown",0.4284,0.5716,"HIGH"
21,"1","N1","Other/Unknown",0.4284,0.5716,"HIGH"
22,"1","N1","Other/Unknown",0.4284,0.5716,"HIGH"
23,"1","N1","Other/Unknown",0.4284,0.5716,"HIGH"
24,"1","N1","Other/Unknown",0.4268,0.5732,"HIGH"
25,"1","N1","Other/Unknown",0.3583,0.6417,"HIGH"
26,"1","N1","Other/Unknown",0.3585,0.6415,"HIGH"
27,"1","N1","Other/Unknown",0.3488,0.6512,"HIGH"
28,"1","N1","Other/Unknown",0.3166,0.6834,"HIGH"
29,"1","N1","Other/Unknown",0.3173,0.6827,"HIGH"
30,"1","N1","Other/Unknown",0.3101,0.6899,"HIGH"
31,"1","N1","Other/Unknown",0.318,0.682,"HIGH"
32,"1","N1","Other/Unknown",0.316,0.684,"HIGH"
33,"1","N1","Other/Unknown",0.3175,0.6825,"HIGH"
34,"1","N1","Other/Unknown",0.3579,0.6421,"HIGH"
35,"1","N1","Other/Unknown",0.3125,0.6875,"HIGH"
36,"1","N1","Other/Unknown",0.3145,0.6855,"HIGH"
37,"1","N1","Other/Unknown",0.3123,0.6877,"HIGH"
38,"1","N1","Other/Unknown",0.3117,0.6883,"HIGH"
39,"1","N1","Other/Unknown",0.3026,0.6974,"HIGH"
40,"1","N1","Other/Unknown",0.3129,0.6871,"HIGH"
41,"1","N1","Other/Unknown",0.3593,0.6407,"HIGH"
42,"1","N1","Other/Unknown",0.3427,0.6573,"HIGH"
43,"1","N1","Other/Unknown",0.3345,0.6655,"HIGH"
44,"1","N1","Other/Unknown",0.3058,0.6942,"HIGH"
45,"1","N1","Other/Unknown",0.3091,0.6909,"HIGH"
46,"1","N1","Other/Unknown",0.2954,0.7046,"HIGH"
47,"1","N1","Other/Unknown",0.3137,0.6863,"HIGH"
48,"1","N1","Other/Unknown",0.315,0.685,"HIGH"
49,"1","N1","Other/Unknown",0.3195,0.6805,"HIGH"
50,"1","N1","Other/Unknown",0.3011,0.6989,"HIGH"
51,"1","N1","Other/Unknown",0.308,0.692,"HIGH"
52,"1","N1","Other/Unknown",0.323,0.677,"HIGH"
53,"1","N1","Other/Unknown",0.3004,0.6996,"HIGH"
54,"1","N1","Other/Unknown",0.2779,0.7221,"HIGH"
55,"1","N1","Other/Unknown",0.2921,0.7079,"HIGH"
56,"1","N1","Other/Unknown",0.294,0.706,"HIGH"
57,"1","N1","Other/Unknown",0.2837,0.7163,"HIGH"
58,"1","N1","Other/Unknown",0.2605,0.7395,"HIGH"
59,"1","N1","Other/Unknown",0.3486,0.6514,"HIGH"
60,"1","N1","Other/Unknown",0.3513,0.6487,"HIGH"
61,"1","N1","Other/Unknown",0.3453,0.6547,"HIGH"
62,"1","N1","Other/Unknown",0.3868,0.6132,"HIGH"
63,"1","N1","Other/Unknown",0.3589,0.6411,"HIGH"
64,"1","N1","Other/Unknown",0.3492,0.6508,"HIGH"
65,"1","N1","Other/Unknown",0.3395,0.6605,"HIGH"
66,"1","N1","Other/Unknown",0.3436,0.6564,"HIGH"
67,"1","N1","Other/Unknown",0.3422,0.6578,"HIGH"
68,"1","N1","Other/Unknown",0.3475,0.6525,"HIGH"
69,"1","N1","Other/Unknown",0.3601,0.6399,"HIGH"
70,"1","N1","Other/Unknown",0.3598,0.6402,"HIGH"
71,"1","N1","Other/Unknown",0.3658,0.6342,"HIGH"
72,"1","N1","Other/Unknown",0.3544,0.6456,"HIGH"
73,"1","N1","Other/Unknown",0.3528,0.6472,"HIGH"
74,"1","N1","Other/Unknown",0.3527,0.6473,"HIGH"
75,"1","N1","Other/Unknown",0.3461,0.6539,"HIGH"
76,"1","N1","Other/Unknown",0.3579,0.6421,"HIGH"
77,"1","N1","Other/Unknown",0.3492,0.6508,"HIGH"
78,"1","N1","Other/Unknown",0.3296,0.6704,"HIGH"
79,"1","N1","Other/Unknown",0.3426,0.6574,"HIGH"
80,"1","N1","Other/Unknown",0.3321,0.6679,"HIGH"
81,"1","N1","Other/Unknown",0.3335,0.6665,"HIGH"
82,"1","N1","Other/Unknown",0.3301,0.6699,"HIGH"
83,"1","N1","Other/Unknown",0.3368,0.6632,"HIGH"
84,"1","N1","Other/Unknown",0.3514,0.6486,"HIGH"
85,"1","N1","Other/Unknown",0.3151,0.6849,"HIGH"
86,"1","N1","Other/Unknown",0.2809,0.7191,"HIGH"
87,"1","N1","Other/Unknown",0.279,0.721,"HIGH"
88,"1","N1","Other/Unknown",0.2443,0.7557,"HIGH"
89,"1","N1","Other/Unknown",0.2625,0.7375,"HIGH"
90,"1","N1","Other/Unknown",0.3,0.7,"HIGH"
91,"1","N1","Other/Unknown",0.3,0.7,"HIGH"
92,"1","N1","Other/Unknown",0.3,0.7,"HIGH"
93,"1","N1","Other/Unknown",0.3,0.7,"HIGH"
94,"1","N1","Other/Unknown",0.3,0.7,"HIGH"
95,"1","N1","Other/Unknown",0.3,0.7,"HIGH"
96,"1","N1","Other/Unknown",0.3,0.7,"HIGH"
97,"1","N1","Other/Unknown",0.3,0.7,"HIGH"
98,"1","N1","Other/Unknown",0.3,0.7,"HIGH"
99,"1","N1","Other/Unknown",0.3,0.7,"HIGH"
0,"2","N1","Other/Unknown",0.2838,0.7162,"HIGH"
1,"2","N1","Other/Unknown",0.2838,0.7162,"HIGH"
2,"2","N1","Other/Unknown",0.2838,0.7162,"HIGH"
3,"2","N1","Other/Unknown",0.2838,0.7162,"HIGH"
4,"2","N1","Other/Unknown",0.2838,0.7162,"HIGH"
5,"2","N1","Other/Unknown",0.2838,0.7162,"HIGH"
6,"2","N1","Other/Unknown",0.2838,0.7162,"HIGH"
7,"2","N1","Other/Unknown",0.2838,0.7162,"HIGH"
8,"2","N1","Other/Unknown",0.2838,0.7162,"HIGH"
9,"2","N1","Other/Unknown",0.2838,0.7162,"HIGH"
10,"2","N1","Other/Unknown",0.2838,0.7162,"HIGH"
11,"2","N1","Other/Unknown",0.2838,0.7162,"HIGH"
12,"2","N1","Other/Unknown",0.2838,0.7162,"HIGH"
13,"2","N1","Other/Unknown",0.2838,0.7162,"HIGH"
14,"2","N1","Other/Unknown",0.2838,0.7162,"HIGH"
15,"2","N1","Other/Unknown",0.2838,0.7162,"HIGH"
16,"2","N1","Other/Unknown",0.2838,0.7162,"HIGH"
17,"2","N1","Other/Unknown",0.2858,0.7142,"HIGH"
18,"2","N1","Other/Unknown",0.2858,0.7142,"HIGH"
19,"2","N1","Other/Unknown",0.2858,0.7142,"HIGH"
20,"2","N1","Other/Unknown",0.3034,0.6966,"HIGH"
21,"2","N1","Other/Unknown",0.3034,0.6966,"HIGH"
22,"2","N1","Other/Unknown",0.3034,0.6966,"HIGH"
23,"2","N1","Other/Unknown",0.3034,0.6966,"HIGH"
24,"2","N1","Other/Unknown",0.3006,0.6994,"HIGH"
25,"2","N1","Other/Unknown",0.2694,0.7306,"HIGH"
26,"2","N1","Other/Unknown",0.2707,0.7293,"HIGH"
27,"2","N1","Other/Unknown",0.2596,0.7404,"HIGH"
28,"2","N1","Other/Unknown",0.2679,0.7321,"HIGH"
29,"2","N1","Other/Unknown",0.2665,0.7335,"HIGH"
30,"2","N1","Other/Unknown",0.2651,0.7349,"HIGH"
31,"2","N1","Other/Unknown",0.2671,0.7329,"HIGH"
32,"2","N1","Other/Unknown",0.2655,0.7345,"HIGH"
33,"2","N1","Other/Unknown",0.2655,0.7345,"HIGH"
34,"2","N1","Other/Unknown",0.293,0.707,"HIGH"
35,"2","N1","Other/Unknown",0.2861,0.7139,"HIGH"
36,"2","N1","Other/Unknown",0.2883,0.7117,"HIGH"
37,"2","N1","Other/Unknown",0.3346,0.6654,"HIGH"
38,"2","N1","Other/Unknown",0.3386,0.6614,"HIGH"
39,"2","N1","Other/Unknown",0.286,0.714,"HIGH"
40,"2","N1","Other/Unknown",0.3011,0.6989,"HIGH"
41,"2","N1","Other/Unknown",0.2474,0.7526,"HIGH"
42,"2","N1","Other/Unknown",0.2502,0.7498,"HIGH"
43,"2","N1","Other/Unknown",0.2602,0.7398,"HIGH"
44,"2","N1","Other/Unknown",0.2872,0.7128,"HIGH"
45,"2","N1","Other/Unknown",0.2734,0.7266,"HIGH"
46,"2","N1","Other/Unknown",0.2702,0.7298,"HIGH"
47,"2","N1","Other/Unknown",0.2989,0.7011,"HIGH"
48,"2","N1","Other/Unknown",0.2897,0.7103,"HIGH"
49,"2","N1","Other/Unknown",0.286,0.714,"HIGH"
50,"2","N1","Other/Unknown",0.2832,0.7168,"HIGH"
51,"2","N1","Other/Unknown",0.2965,0.7035,"HIGH"
52,"2","N1","Other/Unknown",0.3137,0.6863,"HIGH"
53,"2","N1","Other/Unknown",0.3249,0.6751,"HIGH"
54,"2","N1","Other/Unknown",0.3238,0.6762,"HIGH"
55,"2","N1","Other/Unknown",0.3126,0.6874,"HIGH"
56,"2","N1","Other/Unknown",0.312,0.688,"HIGH"
57,"2","N1","Other/Unknown",0.3181,0.6819,"HIGH"
58,"2","N1","Other/Unknown",0.3167,0.6833,"HIGH"
59,"2","N1","Other/Unknown",0.364,0.636,"HIGH"
60,"2","N1","Other/Unknown",0.3253,0.6747,"HIGH"
61,"2","N1","Other/Unknown",0.3202,0.6798,"HIGH"
62,"2","N1","Other/Unknown",0.3312,0.6688,"HIGH"
63,"2","N1","Other/Unknown",0.3291,0.6709,"HIGH"
64,"2","N1","Other/Unknown",0.3505,0.6495,"HIGH"
65,"2","N1","Other/Unknown",0.3327,0.6673,"HIGH"
66,"2","N1","Other/Unknown",0.3325,0.6675,"HIGH"
67,"2","N1","Other/Unknown",0.3397,0.6603,"HIGH"
68,"2","N1","Other/Unknown",0.35,0.65,"HIGH"
69,"2","N1","Other/Unknown",0.3725,0.6275,"HIGH"
70,"2","N1","Other/Unknown",0.3746,0.6254,"HIGH"
71,"2","N1","Other/Unknown",0.3734,0.6266,"HIGH"
72,"2","N1","Other/Unknown",0.3479,0.6521,"HIGH"
73,"2","N1","Other/Unknown",0.356,0.644,"HIGH"
74,"2","N1","Other/Unknown",0.3623,0.6377,"HIGH"
75,"2","N1","Other/Unknown",0.3504,0.6496,"HIGH"
76,"2","N1","Other/Unknown",0.3484,0.6516,"HIGH"
77,"2","N1","Other/Unknown",0.3609,0.6391,"HIGH"
78,"2","N1","Other/Unknown",0.3377,0.6623,"HIGH"
79,"2","N1","Other/Unknown",0.3523,0.6477,"HIGH"
80,"2","N1","Other/Unknown",0.3569,0.6431,"HIGH"
81,"2","N1","Other/Unknown",0.372,0.628,"HIGH"
82,"2","N1","Other/Unknown",0.303,0.697,"HIGH"
83,"2","N1","Other/Unknown",0.3015,0.6985,"HIGH"
84,"2","N1","Other/Unknown",0.325,0.675,"HIGH"
85,"2","N1","Other/Unknown",0.323,0.677,"HIGH"
86,"2","N1","Other/Unknown",0.3482,0.6518,"HIGH"
87,"2","N1","Other/Unknown",0.3188,0.6812,"HIGH"
88,"2","N1","Other/Unknown",0.3457,0.6543,"HIGH"
89,"2","N1","Other/Unknown",0.3676,0.6324,"HIGH"
90,"2","N1","Other/Unknown",0.3657,0.6343,"HIGH"
91,"2","N1","Other/Unknown",0.3657,0.6343,"HIGH"
92,"2","N1","Other/Unknown",0.3657,0.6343,"HIGH"
93,"2","N1","Other/Unknown",0.3657,0.6343,"HIGH"
94,"2","N1","Other/Unknown",0.3657,0.6343,"HIGH"
95,"2","N1","Other/Unknown",0.3657,0.6343,"HIGH"
96,"2","N1","Other/Unknown",0.3657,0.6343,"HIGH"
97,"2","N1","Other/Unknown",0.3657,0.6343,"HIGH"
98,"2","N1","Other/Unknown",0.3657,0.6343,"HIGH"
99,"2","N1","Other/Unknown",0.3657,0.6343,"HIGH"
0,"1","N2","Other/Unknown",0.5781,0.4219,"LOW"
1,"1","N2","Other/Unknown",0.5781,0.4219,"LOW"
2,"1","N2","Other/Unknown",0.5781,0.4219,"LOW"
3,"1","N2","Other/Unknown",0.5781,0.4219,"LOW"
4,"1","N2","Other/Unknown",0.5781,0.4219,"LOW"
5,"1","N2","Other/Unknown",0.5781,0.4219,"LOW"
6,"1","N2","Other/Unknown",0.5781,0.4219,"LOW"
7,"1","N2","Other/Unknown",0.5781,0.4219,"LOW"
8,"1","N2","Other/Unknown",0.5781,0.4219,"LOW"
9,"1","N2","Other/Unknown",0.5781,0.4219,"LOW"
10,"1","N2","Other/Unknown",0.5781,0.4219,"LOW"
11,"1","N2","Other/Unknown",0.5781,0.4219,"LOW"
12,"1","N2","Other/Unknown",0.5781,0.4219,"LOW"
13,"1","N2","Other/Unknown",0.5781,0.4219,"LOW"
14,"1","N2","Other/Unknown",0.5781,0.4219,"LOW"
15,"1","N2","Other/Unknown",0.5312,0.4688,"LOW"
16,"1","N2","Other/Unknown",0.5312,0.4688,"LOW"
17,"1","N2","Other/Unknown",0.5878,0.4122,"LOW"
18,"1","N2","Other/Unknown",0.5977,0.4023,"LOW"
19,"1","N2","Other/Unknown",0.5965,0.4035,"LOW"
20,"1","N2","Other/Unknown",0.5973,0.4027,"LOW"
21,"1","N2","Other/Unknown",0.5973,0.4027,"LOW"
22,"1","N2","Other/Unknown",0.5288,0.4712,"LOW"
23,"1","N2","Other/Unknown",0.523,0.477,"LOW"
24,"1","N2","Other/Unknown",0.3662,0.6338,"HIGH"
25,"1","N2","Other/Unknown",0.3553,0.6447,"HIGH"
26,"1","N2","Other/Unknown",0.3955,0.6045,"HIGH"
27,"1","N2","Other/Unknown",0.2201,0.7799,"HIGH"
28,"1","N2","Other/Unknown",0.2145,0.7855,"HIGH"
29,"1","N2","Other/Unknown",0.1867,0.8133,"HIGH"
30,"1","N2","Other/Unknown",0.1841,0.8159,"HIGH"
31,"1","N2","Other/Unknown",0.2025,0.7975,"HIGH"
32,"1","N2","Other/Unknown",0.1971,0.8029,"HIGH"
33,"1","N2","Other/Unknown",0.1816,0.8184,"HIGH"
34,"1","N2","Other/Unknown",0.1821,0.8179,"HIGH"
35,"1","N2","Other/Unknown",0.2063,0.7937,"HIGH"
36,"1","N2","Other/Unknown",0.203,0.797,"HIGH"
37,"1","N2","Other/Unknown",0.1927,0.8073,"HIGH"
38,"1","N2","Other/Unknown",0.203,0.797,"HIGH"
39,"1","N2","Other/Unknown",0.1974,0.8026,"HIGH"
40,"1","N2","Other/Unknown",0.2101,0.7899,"HIGH"
41,"1","N2","Other/Unknown",0.2127,0.7873,"HIGH"
42,"1","N2","Other/Unknown",0.208,0.792,"HIGH"
43,"1","N2","Other/Unknown",0.2232,0.7768,"HIGH"
44,"1","N2","Other/Unknown",0.2164,0.7836,"HIGH"
45,"1","N2","Other/Unknown",0.2233,0.7767,"HIGH"
46,"1","N2","Other/Unknown",0.2133,0.7867,"HIGH"
47,"1","N2","Other/Unknown",0.2259,0.7741,"HIGH"
48,"1","N2","Other/Unknown",0.224,0.776,"HIGH"
49,"1","N2","Other/Unknown",0.219,0.781,"HIGH"
50,"1","N2","Other/Unknown",0.2235,0.7765,"HIGH"
51,"1","N2","Other/Unknown",0.233,0.767,"HIGH"
52,"1","N2","Other/Unknown",0.2308,0.7692,"HIGH"
53,"1","N2","Other/Unknown",0.2355,0.7645,"HIGH"
54,"1","N2","Other/Unknown",0.2436,0.7564,"HIGH"
55,"1","N2","Other/Unknown",0.2403,0.7597,"HIGH"
56,"1","N2","Other/Unknown",0.2425,0.7575,"HIGH"
57,"1","N2","Other/Unknown",0.2398,0.7602,"HIGH"
58,"1","N2","Other/Unknown",0.2375,0.7625,"HIGH"
59,"1","N2","Other/Unknown",0.2357,0.7643,"HIGH"
60,"1","N2","Other/Unknown",0.2353,0.7647,"HIGH"
61,"1","N2","Other/Unknown",0.2338,0.7662,"HIGH"
62,"1","N2","Other/Unknown",0.2385,0.7615,"HIGH"
63,"1","N2","Other/Unknown",0.2443,0.7557,"HIGH"
64,"1","N2","Other/Unknown",0.2523,0.7477,"HIGH"
65,"1","N2","Other/Unknown",0.2462,0.7538,"HIGH"
66,"1","N2","Other/Unknown",0.2636,0.7364,"HIGH"
67,"1","N2","Other/Unknown",0.2572,0.7428,"HIGH"
68,"1","N2","Other/Unknown",0.2577,0.7423,"HIGH"
69,"1","N2","Other/Unknown",0.2574,0.7426,"HIGH"
70,"1","N2","Other/Unknown",0.2567,0.7433,"HIGH"
71,"1","N2","Other/Unknown",0.2586,0.7414,"HIGH"
72,"1","N2","Other/Unknown",0.2559,0.7441,"HIGH"
73,"1","N2","Other/Unknown",0.2586,0.7414,"HIGH"
74,"1","N2","Other/Unknown",0.2523,0.7477,"HIGH"
75,"1","N2","Other/Unknown",0.2533,0.7467,"HIGH"
76,"1","N2","Other/Unknown",0.2569,0.7431,"HIGH"
77,"1","N2","Other/Unknown",0.256,0.744,"HIGH"
78,"1","N2","Other/Unknown",0.254,0.746,"HIGH"
79,"1","N2","Other/Unknown",0.2538,0.7462,"HIGH"
80,"1","N2","Other/Unknown",0.2522,0.7478,"HIGH"
81,"1","N2","Other/Unknown",0.2513,0.7487,"HIGH"
82,"1","N2","Other/Unknown",0.251,0.749,"HIGH"
83,"1","N2","Other/Unknown",0.2569,0.7431,"HIGH"
84,"1","N2","Other/Unknown",0.2536,0.7464,"HIGH"
85,"1","N2","Other/Unknown",0.242,0.758,"HIGH"
86,"1","N2","Other/Unknown",0.2251,0.7749,"HIGH"
87,"1","N2","Other/Unknown",0.2229,0.7771,"HIGH"
88,"1","N2","Other/Unknown",0.2164,0.7836,"HIGH"
89,"1","N2","Other/Unknown",0.2183,0.7817,"HIGH"
90,"1","N2","Other/Unknown",0.2442,0.7558,"HIGH"
91,"1","N2","Other/Unknown",0.2442,0.7558,"HIGH"
92,"1","N2","Other/Unknown",0.2442,0.7558,"HIGH"
93,"1","N2","Other/Unknown",0.2442,0.7558,"HIGH"
94,"1","N2","Other/Unknown",0.2442,0.7558,"HIGH"
95,"1","N2","Other/Unknown",0.2442,0.7558,"HIGH"
96,"1","N2","Other/Unknown",0.2442,0.7558,"HIGH"
97,"1","N2","Other/Unknown",0.2442,0.7558,"HIGH"
98,"1","N2","Other/Unknown",0.2442,0.7558,"HIGH"
99,"1","N2","Other/Unknown",0.2442,0.7558,"HIGH"
0,"2","N2","Other/Unknown",0.4545,0.5455,"HIGH"
1,"2","N2","Other/Unknown",0.4545,0.5455,"HIGH"
2,"2","N2","Other/Unknown",0.4545,0.5455,"HIGH"
3,"2","N2","Other/Unknown",0.4545,0.5455,"HIGH"
4,"2","N2","Other/Unknown",0.4545,0.5455,"HIGH"
5,"2","N2","Other/Unknown",0.4545,0.5455,"HIGH"
6,"2","N2","Other/Unknown",0.4545,0.5455,"HIGH"
7,"2","N2","Other/Unknown",0.4545,0.5455,"HIGH"
8,"2","N2","Other/Unknown",0.4545,0.5455,"HIGH"
9,"2","N2","Other/Unknown",0.4545,0.5455,"HIGH"
10,"2","N2","Other/Unknown",0.4545,0.5455,"HIGH"
11,"2","N2","Other/Unknown",0.4545,0.5455,"HIGH"
12,"2","N2","Other/Unknown",0.4545,0.5455,"HIGH"
13,"2","N2","Other/Unknown",0.4545,0.5455,"HIGH"
14,"2","N2","Other/Unknown",0.4545,0.5455,"HIGH"
15,"2","N2","Other/Unknown",0.3423,0.6577,"HIGH"
16,"2","N2","Other/Unknown",0.3407,0.6593,"HIGH"
17,"2","N2","Other/Unknown",0.3977,0.6023,"HIGH"
18,"2","N2","Other/Unknown",0.4076,0.5924,"HIGH"
19,"2","N2","Other/Unknown",0.406,0.594,"HIGH"
20,"2","N2","Other/Unknown",0.4068,0.5932,"HIGH"
21,"2","N2","Other/Unknown",0.4,0.6,"HIGH"
22,"2","N2","Other/Unknown",0.3661,0.6339,"HIGH"
23,"2","N2","Other/Unknown",0.3809,0.6191,"HIGH"
24,"2","N2","Other/Unknown",0.3183,0.6817,"HIGH"
25,"2","N2","Other/Unknown",0.313,0.687,"HIGH"
26,"2","N2","Other/Unknown",0.331,0.669,"HIGH"
27,"2","N2","Other/Unknown",0.2596,0.7404,"HIGH"
28,"2","N2","Other/Unknown",0.2573,0.7427,"HIGH"
29,"2","N2","Other/Unknown",0.1713,0.8287,"HIGH"
30,"2","N2","Other/Unknown",0.1687,0.8313,"HIGH"
31,"2","N2","Other/Unknown",0.173,0.827,"HIGH"
32,"2","N2","Other/Unknown",0.1697,0.8303,"HIGH"
33,"2","N2","Other/Unknown",0.1697,0.8303,"HIGH"
34,"2","N2","Other/Unknown",0.1701,0.8299,"HIGH"
35,"2","N2","Other/Unknown",0.1765,0.8235,"HIGH"
36,"2","N2","Other/Unknown",0.1918,0.8082,"HIGH"
37,"2","N2","Other/Unknown",0.1961,0.8039,"HIGH"
38,"2","N2","Other/Unknown",0.1838,0.8162,"HIGH"
39,"2","N2","Other/Unknown",0.1995,0.8005,"HIGH"
40,"2","N2","Other/Unknown",0.2051,0.7949,"HIGH"
41,"2","N2","Other/Unknown",0.22,0.78,"HIGH"
42,"2","N2","Other/Unknown",0.2045,0.7955,"HIGH"
43,"2","N2","Other/Unknown",0.1996,0.8004,"HIGH"
44,"2","N2","Other/Unknown",0.1933,0.8067,"HIGH"
45,"2","N2","Other/Unknown",0.2205,0.7795,"HIGH"
46,"2","N2","Other/Unknown",0.2303,0.7697,"HIGH"
47,"2","N2","Other/Unknown",0.2685,0.7315,"HIGH"
48,"2","N2","Other/Unknown",0.2688,0.7312,"HIGH"
49,"2","N2","Other/Unknown",0.2462,0.7538,"HIGH"
50,"2","N2","Other/Unknown",0.2392,0.7608,"HIGH"
51,"2","N2","Other/Unknown",0.2475,0.7525,"HIGH"
52,"2","N2","Other/Unknown",0.2466,0.7534,"HIGH"
53,"2","N2","Other/Unknown",0.2502,0.7498,"HIGH"
54,"2","N2","Other/Unknown",0.2528,0.7472,"HIGH"
55,"2","N2","Other/Unknown",0.2489,0.7511,"HIGH"
56,"2","N2","Other/Unknown",0.2487,0.7513,"HIGH"
57,"2","N2","Other/Unknown",0.2521,0.7479,"HIGH"
58,"2","N2","Other/Unknown",0.254,0.746,"HIGH"
59,"2","N2","Other/Unknown",0.2517,0.7483,"HIGH"
60,"2","N2","Other/Unknown",0.2461,0.7539,"HIGH"
61,"2","N2","Other/Unknown",0.2448,0.7552,"HIGH"
62,"2","N2","Other/Unknown",0.2454,0.7546,"HIGH"
63,"2","N2","Other/Unknown",0.2468,0.7532,"HIGH"
64,"2","N2","Other/Unknown",0.2596,0.7404,"HIGH"
65,"2","N2","Other/Unknown",0.2539,0.7461,"HIGH"
66,"2","N2","Other/Unknown",0.259,0.741,"HIGH"
67,"2","N2","Other/Unknown",0.2618,0.7382,"HIGH"
68,"2","N2","Other/Unknown",0.262,0.738,"HIGH"
69,"2","N2","Other/Unknown",0.2597,0.7403,"HIGH"
70,"2","N2","Other/Unknown",0.259,0.741,"HIGH"
71,"2","N2","Other/Unknown",0.2636,0.7364,"HIGH"
72,"2","N2","Other/Unknown",0.2606,0.7394,"HIGH"
73,"2","N2","Other/Unknown",0.2606,0.7394,"HIGH"
74,"2","N2","Other/Unknown",0.2614,0.7386,"HIGH"
75,"2","N2","Other/Unknown",0.2642,0.7358,"HIGH"
76,"2","N2","Other/Unknown",0.2639,0.7361,"HIGH"
77,"2","N2","Other/Unknown",0.2663,0.7337,"HIGH"
78,"2","N2","Other/Unknown",0.261,0.739,"HIGH"
79,"2","N2","Other/Unknown",0.2485,0.7515,"HIGH"
80,"2","N2","Other/Unknown",0.2488,0.7512,"HIGH"
81,"2","N2","Other/Unknown",0.2477,0.7523,"HIGH"
82,"2","N2","Other/Unknown",0.2538,0.7462,"HIGH"
83,"2","N2","Other/Unknown",0.2554,0.7446,"HIGH"
84,"2","N2","Other/Unknown",0.2564,0.7436,"HIGH"
85,"2","N2","Other/Unknown",0.2315,0.7685,"HIGH"
86,"2","N2","Other/Unknown",0.2184,0.7816,"HIGH"
87,"2","N2","Other/Unknown",0.2146,0.7854,"HIGH"
88,"2","N2","Other/Unknown",0.2114,0.7886,"HIGH"
89,"2","N2","Other/Unknown",0.2527,0.7473,"HIGH"
90,"2","N2","Other/Unknown",0.2491,0.7509,"HIGH"
91,"2","N2","Other/Unknown",0.2491,0.7509,"HIGH"
92,"2","N2","Other/Unknown",0.2491,0.7509,"HIGH"
93,"2","N2","Other/Unknown",0.2491,0.7509,"HIGH"
94,"2","N2","Other/Unknown",0.2491,0.7509,"HIGH"
95,"2","N2","Other/Unknown",0.2491,0.7509,"HIGH"
96,"2","N2","Other/Unknown",0.2491,0.7509,"HIGH"
97,"2","N2","Other/Unknown",0.2491,0.7509,"HIGH"
98,"2","N2","Other/Unknown",0.2491,0.7509,"HIGH"
99,"2","N2","Other/Unknown",0.2491,0.7509,"HIGH"
0,"1","N3","Other/Unknown",0.146,0.854,"HIGH"
1,"1","N3","Other/Unknown",0.146,0.854,"HIGH"
2,"1","N3","Other/Unknown",0.146,0.854,"HIGH"
3,"1","N3","Other/Unknown",0.146,0.854,"HIGH"
4,"1","N3","Other/Unknown",0.146,0.854,"HIGH"
5,"1","N3","Other/Unknown",0.146,0.854,"HIGH"
6,"1","N3","Other/Unknown",0.146,0.854,"HIGH"
7,"1","N3","Other/Unknown",0.146,0.854,"HIGH"
8,"1","N3","Other/Unknown",0.146,0.854,"HIGH"
9,"1","N3","Other/Unknown",0.146,0.854,"HIGH"
10,"1","N3","Other/Unknown",0.146,0.854,"HIGH"
11,"1","N3","Other/Unknown",0.146,0.854,"HIGH"
12,"1","N3","Other/Unknown",0.146,0.854,"HIGH"
13,"1","N3","Other/Unknown",0.146,0.854,"HIGH"
14,"1","N3","Other/Unknown",0.146,0.854,"HIGH"
15,"1","N3","Other/Unknown",0.146,0.854,"HIGH"
16,"1","N3","Other/Unknown",0.146,0.854,"HIGH"
17,"1","N3","Other/Unknown",0.146,0.854,"HIGH"
18,"1","N3","Other/Unknown",0.146,0.854,"HIGH"
19,"1","N3","Other/Unknown",0.146,0.854,"HIGH"
20,"1","N3","Other/Unknown",0.146,0.854,"HIGH"
21,"1","N3","Other/Unknown",0.146,0.854,"HIGH"
22,"1","N3","Other/Unknown",0.146,0.854,"HIGH"
23,"1","N3","Other/Unknown",0.146,0.854,"HIGH"
24,"1","N3","Other/Unknown",0.146,0.854,"HIGH"
25,"1","N3","Other/Unknown",0.146,0.854,"HIGH"
26,"1","N3","Other/Unknown",0.146,0.854,"HIGH"
27,"1","N3","Other/Unknown",0.15,0.85,"HIGH"
28,"1","N3","Other/Unknown",0.164,0.836,"HIGH"
29,"1","N3","Other/Unknown",0.1683,0.8317,"HIGH"
30,"1","N3","Other/Unknown",0.2172,0.7828,"HIGH"
31,"1","N3","Other/Unknown",0.1395,0.8605,"HIGH"
32,"1","N3","Other/Unknown",0.1353,0.8647,"HIGH"
33,"1","N3","Other/Unknown",0.1347,0.8653,"HIGH"
34,"1","N3","Other/Unknown",0.1353,0.8647,"HIGH"
35,"1","N3","Other/Unknown",0.1467,0.8533,"HIGH"
36,"1","N3","Other/Unknown",0.179,0.821,"HIGH"
37,"1","N3","Other/Unknown",0.1729,0.8271,"HIGH"
38,"1","N3","Other/Unknown",0.1586,0.8414,"HIGH"
39,"1","N3","Other/Unknown",0.1873,0.8127,"HIGH"
40,"1","N3","Other/Unknown",0.1809,0.8191,"HIGH"
41,"1","N3","Other/Unknown",0.1863,0.8137,"HIGH"
42,"1","N3","Other/Unknown",0.1517,0.8483,"HIGH"
43,"1","N3","Other/Unknown",0.1696,0.8304,"HIGH"
44,"1","N3","Other/Unknown",0.1604,0.8396,"HIGH"
45,"1","N3","Other/Unknown",0.145,0.855,"HIGH"
46,"1","N3","Other/Unknown",0.2122,0.7878,"HIGH"
47,"1","N3","Other/Unknown",0.303,0.697,"HIGH"
48,"1","N3","Other/Unknown",0.2073,0.7927,"HIGH"
49,"1","N3","Other/Unknown",0.2317,0.7683,"HIGH"
50,"1","N3","Other/Unknown",0.2168,0.7832,"HIGH"
51,"1","N3","Other/Unknown",0.222,0.778,"HIGH"
52,"1","N3","Other/Unknown",0.2319,0.7681,"HIGH"
53,"1","N3","Other/Unknown",0.2357,0.7643,"HIGH"
54,"1","N3","Other/Unknown",0.2407,0.7593,"HIGH"
55,"1","N3","Other/Unknown",0.243,0.757,"HIGH"
56,"1","N3","Other/Unknown",0.2428,0.7572,"HIGH"
57,"1","N3","Other/Unknown",0.2498,0.7502,"HIGH"
58,"1","N3","Other/Unknown",0.2397,0.7603,"HIGH"
59,"1","N3","Other/Unknown",0.2356,0.7644,"HIGH"
60,"1","N3","Other/Unknown",0.2357,0.7643,"HIGH"
61,"1","N3","Other/Unknown",0.2386,0.7614,"HIGH"
62,"1","N3","Other/Unknown",0.2376,0.7624,"HIGH"
63,"1","N3","Other/Unknown",0.2406,0.7594,"HIGH"
64,"1","N3","Other/Unknown",0.2436,0.7564,"HIGH"
65,"1","N3","Other/Unknown",0.2436,0.7564,"HIGH"
66,"1","N3","Other/Unknown",0.2456,0.7544,"HIGH"
67,"1","N3","Other/Unknown",0.2467,0.7533,"HIGH"
68,"1","N3","Other/Unknown",0.2454,0.7546,"HIGH"
69,"1","N3","Other/Unknown",0.2434,0.7566,"HIGH"
70,"1","N3","Other/Unknown",0.2444,0.7556,"HIGH"
71,"1","N3","Other/Unknown",0.2462,0.7538,"HIGH"
72,"1","N3","Other/Unknown",0.2436,0.7564,"HIGH"
73,"1","N3","Other/Unknown",0.2413,0.7587,"HIGH"
74,"1","N3","Other/Unknown",0.2538,0.7462,"HIGH"
75,"1","N3","Other/Unknown",0.2486,0.7514,"HIGH"
76,"1","N3","Other/Unknown",0.2482,0.7518,"HIGH"
77,"1","N3","Other/Unknown",0.2471,0.7529,"HIGH"
78,"1","N3","Other/Unknown",0.2478,0.7522,"HIGH"
79,"1","N3","Other/Unknown",0.243,0.757,"HIGH"
80,"1","N3","Other/Unknown",0.2319,0.7681,"HIGH"
81,"1","N3","Other/Unknown",0.2386,0.7614,"HIGH"
82,"1","N3","Other/Unknown",0.2394,0.7606,"HIGH"
83,"1","N3","Other/Unknown",0.2301,0.7699,"HIGH"
84,"1","N3","Other/Unknown",0.2293,0.7707,"HIGH"
85,"1","N3","Other/Unknown",0.2361,0.7639,"HIGH"
86,"1","N3","Other/Unknown",0.2247,0.7753,"HIGH"
87,"1","N3","Other/Unknown",0.2448,0.7552,"HIGH"
88,"1","N3","Other/Unknown",0.2637,0.7363,"HIGH"
89,"1","N3","Other/Unknown",0.2389,0.7611,"HIGH"
90,"1","N3","Other/Unknown",0.1957,0.8043,"HIGH"
91,"1","N3","Other/Unknown",0.1957,0.8043,"HIGH"
92,"1","N3","Other/Unknown",0.1957,0.8043,"HIGH"
93,"1","N3","Other/Unknown",0.1957,0.8043,"HIGH"
94,"1","N3","Other/Unknown",0.1957,0.8043,"HIGH"
95,"1","N3","Other/Unknown",0.1957,0.8043,"HIGH"
96,"1","N3","Other/Unknown",0.1957,0.8043,"HIGH"
97,"1","N3","Other/Unknown",0.1957,0.8043,"HIGH"
98,"1","N3","Other/Unknown",0.1957,0.8043,"HIGH"
99,"1","N3","Other/Unknown",0.1957,0.8043,"HIGH"
0,"2","N3","Other/Unknown",0.1609,0.8391,"HIGH"
1,"2","N3","Other/Unknown",0.1609,0.8391,"HIGH"
2,"2","N3","Other/Unknown",0.1609,0.8391,"HIGH"
3,"2","N3","Other/Unknown",0.1609,0.8391,"HIGH"
4,"2","N3","Other/Unknown",0.1609,0.8391,"HIGH"
5,"2","N3","Other/Unknown",0.1609,0.8391,"HIGH"
6,"2","N3","Other/Unknown",0.1609,0.8391,"HIGH"
7,"2","N3","Other/Unknown",0.1609,0.8391,"HIGH"
8,"2","N3","Other/Unknown",0.1609,0.8391,"HIGH"
9,"2","N3","Other/Unknown",0.1609,0.8391,"HIGH"
10,"2","N3","Other/Unknown",0.1609,0.8391,"HIGH"
11,"2","N3","Other/Unknown",0.1609,0.8391,"HIGH"
12,"2","N3","Other/Unknown",0.1609,0.8391,"HIGH"
13,"2","N3","Other/Unknown",0.1609,0.8391,"HIGH"
14,"2","N3","Other/Unknown",0.1609,0.8391,"HIGH"
15,"2","N3","Other/Unknown",0.1609,0.8391,"HIGH"
16,"2","N3","Other/Unknown",0.1609,0.8391,"HIGH"
17,"2","N3","Other/Unknown",0.1609,0.8391,"HIGH"
18,"2","N3","Other/Unknown",0.1609,0.8391,"HIGH"
19,"2","N3","Other/Unknown",0.1609,0.8391,"HIGH"
20,"2","N3","Other/Unknown",0.1609,0.8391,"HIGH"
21,"2","N3","Other/Unknown",0.1609,0.8391,"HIGH"
22,"2","N3","Other/Unknown",0.1609,0.8391,"HIGH"
23,"2","N3","Other/Unknown",0.1609,0.8391,"HIGH"
24,"2","N3","Other/Unknown",0.1609,0.8391,"HIGH"
25,"2","N3","Other/Unknown",0.1609,0.8391,"HIGH"
26,"2","N3","Other/Unknown",0.1609,0.8391,"HIGH"
27,"2","N3","Other/Unknown",0.1609,0.8391,"HIGH"
28,"2","N3","Other/Unknown",0.1609,0.8391,"HIGH"
29,"2","N3","Other/Unknown",0.1629,0.8371,"HIGH"
30,"2","N3","Other/Unknown",0.1799,0.8201,"HIGH"
31,"2","N3","Other/Unknown",0.2188,0.7812,"HIGH"
32,"2","N3","Other/Unknown",0.1585,0.8415,"HIGH"
33,"2","N3","Other/Unknown",0.1538,0.8462,"HIGH"
34,"2","N3","Other/Unknown",0.1548,0.8452,"HIGH"
35,"2","N3","Other/Unknown",0.1927,0.8073,"HIGH"
36,"2","N3","Other/Unknown",0.1676,0.8324,"HIGH"
37,"2","N3","Other/Unknown",0.1695,0.8305,"HIGH"
38,"2","N3","Other/Unknown",0.1841,0.8159,"HIGH"
39,"2","N3","Other/Unknown",0.2098,0.7902,"HIGH"
40,"2","N3","Other/Unknown",0.2176,0.7824,"HIGH"
41,"2","N3","Other/Unknown",0.2208,0.7792,"HIGH"
42,"2","N3","Other/Unknown",0.1767,0.8233,"HIGH"
43,"2","N3","Other/Unknown",0.2119,0.7881,"HIGH"
44,"2","N3","Other/Unknown",0.1995,0.8005,"HIGH"
45,"2","N3","Other/Unknown",0.1746,0.8254,"HIGH"
46,"2","N3","Other/Unknown",0.2455,0.7545,"HIGH"
47,"2","N3","Other/Unknown",0.2829,0.7171,"HIGH"
48,"2","N3","Other/Unknown",0.2515,0.7485,"HIGH"
49,"2","N3","Other/Unknown",0.254,0.746,"HIGH"
50,"2","N3","Other/Unknown",0.2463,0.7537,"HIGH"
51,"2","N3","Other/Unknown",0.2557,0.7443,"HIGH"
52,"2","N3","Other/Unknown",0.2544,0.7456,"HIGH"
53,"2","N3","Other/Unknown",0.2557,0.7443,"HIGH"
54,"2","N3","Other/Unknown",0.2683,0.7317,"HIGH"
55,"2","N3","Other/Unknown",0.2396,0.7604,"HIGH"
56,"2","N3","Other/Unknown",0.2466,0.7534,"HIGH"
57,"2","N3","Other/Unknown",0.2443,0.7557,"HIGH"
58,"2","N3","Other/Unknown",0.2386,0.7614,"HIGH"
59,"2","N3","Other/Unknown",0.236,0.764,"HIGH"
60,"2","N3","Other/Unknown",0.2354,0.7646,"HIGH"
61,"2","N3","Other/Unknown",0.2364,0.7636,"HIGH"
62,"2","N3","Other/Unknown",0.2357,0.7643,"HIGH"
63,"2","N3","Other/Unknown",0.2439,0.7561,"HIGH"
64,"2","N3","Other/Unknown",0.2415,0.7585,"HIGH"
65,"2","N3","Other/Unknown",0.2497,0.7503,"HIGH"
66,"2","N3","Other/Unknown",0.2474,0.7526,"HIGH"
67,"2","N3","Other/Unknown",0.2479,0.7521,"HIGH"
68,"2","N3","Other/Unknown",0.2443,0.7557,"HIGH"
69,"2","N3","Other/Unknown",0.2386,0.7614,"HIGH"
70,"2","N3","Other/Unknown",0.2465,0.7535,"HIGH"
71,"2","N3","Other/Unknown",0.2483,0.7517,"HIGH"
72,"2","N3","Other/Unknown",0.2461,0.7539,"HIGH"
73,"2","N3","Other/Unknown",0.246,0.754,"HIGH"
74,"2","N3","Other/Unknown",0.2473,0.7527,"HIGH"
75,"2","N3","Other/Unknown",0.2426,0.7574,"HIGH"
76,"2","N3","Other/Unknown",0.2439,0.7561,"HIGH"
77,"2","N3","Other/Unknown",0.2476,0.7524,"HIGH"
78,"2","N3","Other/Unknown",0.2495,0.7505,"HIGH"
79,"2","N3","Other/Unknown",0.2488,0.7512,"HIGH"
80,"2","N3","Other/Unknown",0.2504,0.7496,"HIGH"
81,"2","N3","Other/Unknown",0.2581,0.7419,"HIGH"
82,"2","N3","Other/Unknown",0.2602,0.7398,"HIGH"
83,"2","N3","Other/Unknown",0.2565,0.7435,"HIGH"
84,"2","N3","Other/Unknown",0.2388,0.7612,"HIGH"
85,"2","N3","Other/Unknown",0.2346,0.7654,"HIGH"
86,"2","N3","Other/Unknown",0.2369,0.7631,"HIGH"
87,"2","N3","Other/Unknown",0.2471,0.7529,"HIGH"
88,"2","N3","Other/Unknown",0.2408,0.7592,"HIGH"
89,"2","N3","Other/Unknown",0.2555,0.7445,"HIGH"
90,"2","N3","Other/Unknown",0.184,0.816,"HIGH"
91,"2","N3","Other/Unknown",0.184,0.816,"HIGH"
92,"2","N3","Other/Unknown",0.184,0.816,"HIGH"
93,"2","N3","Other/Unknown",0.184,0.816,"HIGH"
94,"2","N3","Other/Unknown",0.184,0.816,"HIGH"
95,"2","N3","Other/Unknown",0.184,0.816,"HIGH"
96,"2","N3","Other/Unknown",0.184,0.816,"HIGH"
97,"2","N3","Other/Unknown",0.184,0.816,"HIGH"
98,"2","N3","Other/Unknown",0.184,0.816,"HIGH"
99,"2","N3","Other/Unknown",0.184,0.816,"HIGH"
0,"1","Other/Unknown","Other/Unknown",0.5868,0.4132,"LOW"
1,"1","Other/Unknown","Other/Unknown",0.5868,0.4132,"LOW"
2,"1","Other/Unknown","Other/Unknown",0.5868,0.4132,"LOW"
3,"1","Other/Unknown","Other/Unknown",0.5868,0.4132,"LOW"
4,"1","Other/Unknown","Other/Unknown",0.5868,0.4132,"LOW"
5,"1","Other/Unknown","Other/Unknown",0.5868,0.4132,"LOW"
6,"1","Other/Unknown","Other/Unknown",0.5868,0.4132,"LOW"
7,"1","Other/Unknown","Other/Unknown",0.5868,0.4132,"LOW"
8,"1","Other/Unknown","Other/Unknown",0.5868,0.4132,"LOW"
9,"1","Other/Unknown","Other/Unknown",0.5868,0.4132,"LOW"
10,"1","Other/Unknown","Other/Unknown",0.5868,0.4132,"LOW"
11,"1","Other/Unknown","Other/Unknown",0.5868,0.4132,"LOW"
12,"1","Other/Unknown","Other/Unknown",0.5868,0.4132,"LOW"
13,"1","Other/Unknown","Other/Unknown",0.5868,0.4132,"LOW"
14,"1","Other/Unknown","Other/Unknown",0.5868,0.4132,"LOW"
15,"1","Other/Unknown","Other/Unknown",0.5868,0.4132,"LOW"
16,"1","Other/Unknown","Other/Unknown",0.5868,0.4132,"LOW"
17,"1","Other/Unknown","Other/Unknown",0.5868,0.4132,"LOW"
18,"1","Other/Unknown","Other/Unknown",0.5856,0.4144,"LOW"
19,"1","Other/Unknown","Other/Unknown",0.5867,0.4133,"LOW"
20,"1","Other/Unknown","Other/Unknown",0.5855,0.4145,"LOW"
21,"1","Other/Unknown","Other/Unknown",0.578,0.422,"LOW"
22,"1","Other/Unknown","Other/Unknown",0.5824,0.4176,"LOW"
23,"1","Other/Unknown","Other/Unknown",0.561,0.439,"LOW"
24,"1","Other/Unknown","Other/Unknown",0.5594,0.4406,"LOW"
25,"1","Other/Unknown","Other/Unknown",0.567,0.433,"LOW"
26,"1","Other/Unknown","Other/Unknown",0.5323,0.4677,"LOW"
27,"1","Other/Unknown","Other/Unknown",0.5571,0.4429,"LOW"
28,"1","Other/Unknown","Other/Unknown",0.5667,0.4333,"LOW"
29,"1","Other/Unknown","Other/Unknown",0.567,0.433,"LOW"
30,"1","Other/Unknown","Other/Unknown",0.5037,0.4963,"LOW"
31,"1","Other/Unknown","Other/Unknown",0.5111,0.4889,"LOW"
32,"1","Other/Unknown","Other/Unknown",0.5107,0.4893,"LOW"
33,"1","Other/Unknown","Other/Unknown",0.517,0.483,"LOW"
34,"1","Other/Unknown","Other/Unknown",0.4473,0.5527,"HIGH"
35,"1","Other/Unknown","Other/Unknown",0.4526,0.5474,"HIGH"
36,"1","Other/Unknown","Other/Unknown",0.4577,0.5423,"HIGH"
37,"1","Other/Unknown","Other/Unknown",0.4563,0.5437,"HIGH"
38,"1","Other/Unknown","Other/Unknown",0.447,0.553,"HIGH"
39,"1","Other/Unknown","Other/Unknown",0.4524,0.5476,"HIGH"
40,"1","Other/Unknown","Other/Unknown",0.4518,0.5482,"HIGH"
41,"1","Other/Unknown","Other/Unknown",0.4512,0.5488,"HIGH"
42,"1","Other/Unknown","Other/Unknown",0.4518,0.5482,"HIGH"
43,"1","Other/Unknown","Other/Unknown",0.4544,0.5456,"HIGH"
44,"1","Other/Unknown","Other/Unknown",0.4545,0.5455,"HIGH"
45,"1","Other/Unknown","Other/Unknown",0.4545,0.5455,"HIGH"
46,"1","Other/Unknown","Other/Unknown",0.4554,0.5446,"HIGH"
47,"1","Other/Unknown","Other/Unknown",0.456,0.544,"HIGH"
48,"1","Other/Unknown","Other/Unknown",0.4565,0.5435,"HIGH"
49,"1","Other/Unknown","Other/Unknown",0.4592,0.5408,"HIGH"
50,"1","Other/Unknown","Other/Unknown",0.4639,0.5361,"HIGH"
51,"1","Other/Unknown","Other/Unknown",0.4617,0.5383,"HIGH"
52,"1","Other/Unknown","Other/Unknown",0.4614,0.5386,"HIGH"
53,"1","Other/Unknown","Other/Unknown",0.4626,0.5374,"HIGH"
54,"1","Other/Unknown","Other/Unknown",0.4621,0.5379,"HIGH"
55,"1","Other/Unknown","Other/Unknown",0.4657,0.5343,"HIGH"
56,"1","Other/Unknown","Other/Unknown",0.4637,0.5363,"HIGH"
57,"1","Other/Unknown","Other/Unknown",0.4639,0.5361,"HIGH"
58,"1","Other/Unknown","Other/Unknown",0.4642,0.5358,"HIGH"
59,"1","Other/Unknown","Other/Unknown",0.4677,0.5323,"HIGH"
60,"1","Other/Unknown","Other/Unknown",0.4659,0.5341,"HIGH"
61,"1","Other/Unknown","Other/Unknown",0.4674,0.5326,"HIGH"
62,"1","Other/Unknown","Other/Unknown",0.4727,0.5273,"HIGH"
63,"1","Other/Unknown","Other/Unknown",0.484,0.516,"HIGH"
64,"1","Other/Unknown","Other/Unknown",0.4905,0.5095,"HIGH"
65,"1","Other/Unknown","Other/Unknown",0.4967,0.5033,"HIGH"
66,"1","Other/Unknown","Other/Unknown",0.4957,0.5043,"HIGH"
67,"1","Other/Unknown","Other/Unknown",0.4997,0.5003,"HIGH"
68,"1","Other/Unknown","Other/Unknown",0.4993,0.5007,"HIGH"
69,"1","Other/Unknown","Other/Unknown",0.4976,0.5024,"HIGH"
70,"1","Other/Unknown","Other/Unknown",0.499,0.501,"HIGH"
71,"1","Other/Unknown","Other/Unknown",0.4992,0.5008,"HIGH"
72,"1","Other/Unknown","Other/Unknown",0.499,0.501,"HIGH"
73,"1","Other/Unknown","Other/Unknown",0.4965,0.5035,"HIGH"
74,"1","Other/Unknown","Other/Unknown",0.4957,0.5043,"HIGH"
75,"1","Other/Unknown","Other/Unknown",0.4966,0.5034,"HIGH"
76,"1","Other/Unknown","Other/Unknown",0.4946,0.5054,"HIGH"
77,"1","Other/Unknown","Other/Unknown",0.4961,0.5039,"HIGH"
78,"1","Other/Unknown","Other/Unknown",0.4976,0.5024,"HIGH"
79,"1","Other/Unknown","Other/Unknown",0.495,0.505,"HIGH"
80,"1","Other/Unknown","Other/Unknown",0.482,0.518,"HIGH"
81,"1","Other/Unknown","Other/Unknown",0.4832,0.5168,"HIGH"
82,"1","Other/Unknown","Other/Unknown",0.4826,0.5174,"HIGH"
83,"1","Other/Unknown","Other/Unknown",0.4788,0.5212,"HIGH"
84,"1","Other/Unknown","Other/Unknown",0.4636,0.5364,"HIGH"
85,"1","Other/Unknown","Other/Unknown",0.4067,0.5933,"HIGH"
86,"1","Other/Unknown","Other/Unknown",0.38,0.62,"HIGH"
87,"1","Other/Unknown","Other/Unknown",0.3723,0.6277,"HIGH"
88,"1","Other/Unknown","Other/Unknown",0.3692,0.6308,"HIGH"
89,"1","Other/Unknown","Other/Unknown",0.3517,0.6483,"HIGH"
90,"1","Other/Unknown","Other/Unknown",0.3,0.7,"HIGH"
91,"1","Other/Unknown","Other/Unknown",0.3,0.7,"HIGH"
92,"1","Other/Unknown","Other/Unknown",0.3,0.7,"HIGH"
93,"1","Other/Unknown","Other/Unknown",0.3,0.7,"HIGH"
94,"1","Other/Unknown","Other/Unknown",0.3,0.7,"HIGH"
95,"1","Other/Unknown","Other/Unknown",0.3,0.7,"HIGH"
96,"1","Other/Unknown","Other/Unknown",0.3,0.7,"HIGH"
97,"1","Other/Unknown","Other/Unknown",0.3,0.7,"HIGH"
98,"1","Other/Unknown","Other/Unknown",0.3,0.7,"HIGH"
99,"1","Other/Unknown","Other/Unknown",0.3,0.7,"HIGH"
0,"2","Other/Unknown","Other/Unknown",0.5869,0.4131,"LOW"
1,"2","Other/Unknown","Other/Unknown",0.5869,0.4131,"LOW"
2,"2","Other/Unknown","Other/Unknown",0.5869,0.4131,"LOW"
3,"2","Other/Unknown","Other/Unknown",0.5869,0.4131,"LOW"
4,"2","Other/Unknown","Other/Unknown",0.5869,0.4131,"LOW"
5,"2","Other/Unknown","Other/Unknown",0.5869,0.4131,"LOW"
6,"2","Other/Unknown","Other/Unknown",0.5869,0.4131,"LOW"
7,"2","Other/Unknown","Other/Unknown",0.5869,0.4131,"LOW"
8,"2","Other/Unknown","Other/Unknown",0.5869,0.4131,"LOW"
9,"2","Other/Unknown","Other/Unknown",0.5869,0.4131,"LOW"
10,"2","Other/Unknown","Other/Unknown",0.5869,0.4131,"LOW"
11,"2","Other/Unknown","Other/Unknown",0.5869,0.4131,"LOW"
12,"2","Other/Unknown","Other/Unknown",0.5869,0.4131,"LOW"
13,"2","Other/Unknown","Other/Unknown",0.5869,0.4131,"LOW"
14,"2","Other/Unknown","Other/Unknown",0.5869,0.4131,"LOW"
15,"2","Other/Unknown","Other/Unknown",0.5859,0.4141,"LOW"
16,"2","Other/Unknown","Other/Unknown",0.5739,0.4261,"LOW"
17,"2","Other/Unknown","Other/Unknown",0.5739,0.4261,"LOW"
18,"2","Other/Unknown","Other/Unknown",0.5727,0.4273,"LOW"
19,"2","Other/Unknown","Other/Unknown",0.592,0.408,"LOW"
20,"2","Other/Unknown","Other/Unknown",0.592,0.408,"LOW"
21,"2","Other/Unknown","Other/Unknown",0.5625,0.4375,"LOW"
22,"2","Other/Unknown","Other/Unknown",0.5756,0.4244,"LOW"
23,"2","Other/Unknown","Other/Unknown",0.579,0.421,"LOW"
24,"2","Other/Unknown","Other/Unknown",0.5557,0.4443,"LOW"
25,"2","Other/Unknown","Other/Unknown",0.5581,0.4419,"LOW"
26,"2","Other/Unknown","Other/Unknown",0.5314,0.4686,"LOW"
27,"2","Other/Unknown","Other/Unknown",0.5414,0.4586,"LOW"
28,"2","Other/Unknown","Other/Unknown",0.5418,0.4582,"LOW"
29,"2","Other/Unknown","Other/Unknown",0.54,0.46,"LOW"
30,"2","Other/Unknown","Other/Unknown",0.5269,0.4731,"LOW"
31,"2","Other/Unknown","Other/Unknown",0.5288,0.4712,"LOW"
32,"2","Other/Unknown","Other/Unknown",0.5368,0.4632,"LOW"
33,"2","Other/Unknown","Other/Unknown",0.5354,0.4646,"LOW"
34,"2","Other/Unknown","Other/Unknown",0.5353,0.4647,"LOW"
35,"2","Other/Unknown","Other/Unknown",0.5317,0.4683,"LOW"
36,"2","Other/Unknown","Other/Unknown",0.5309,0.4691,"LOW"
37,"2","Other/Unknown","Other/Unknown",0.5281,0.4719,"LOW"
38,"2","Other/Unknown","Other/Unknown",0.5244,0.4756,"LOW"
39,"2","Other/Unknown","Other/Unknown",0.5217,0.4783,"LOW"
40,"2","Other/Unknown","Other/Unknown",0.5285,0.4715,"LOW"
41,"2","Other/Unknown","Other/Unknown",0.5221,0.4779,"LOW"
42,"2","Other/Unknown","Other/Unknown",0.5215,0.4785,"LOW"
43,"2","Other/Unknown","Other/Unknown",0.5204,0.4796,"LOW"
44,"2","Other/Unknown","Other/Unknown",0.5213,0.4787,"LOW"
45,"2","Other/Unknown","Other/Unknown",0.5214,0.4786,"LOW"
46,"2","Other/Unknown","Other/Unknown",0.5216,0.4784,"LOW"
47,"2","Other/Unknown","Other/Unknown",0.5199,0.4801,"LOW"
48,"2","Other/Unknown","Other/Unknown",0.5218,0.4782,"LOW"
49,"2","Other/Unknown","Other/Unknown",0.5211,0.4789,"LOW"
50,"2","Other/Unknown","Other/Unknown",0.5241,0.4759,"LOW"
51,"2","Other/Unknown","Other/Unknown",0.5234,0.4766,"LOW"
52,"2","Other/Unknown","Other/Unknown",0.5235,0.4765,"LOW"
53,"2","Other/Unknown","Other/Unknown",0.525,0.475,"LOW"
54,"2","Other/Unknown","Other/Unknown",0.5267,0.4733,"LOW"
55,"2","Other/Unknown","Other/Unknown",0.5287,0.4713,"LOW"
56,"2","Other/Unknown","Other/Unknown",0.5311,0.4689,"LOW"
57,"2","Other/Unknown","Other/Unknown",0.5301,0.4699,"LOW"
58,"2","Other/Unknown","Other/Unknown",0.5297,0.4703,"LOW"
59,"2","Other/Unknown","Other/Unknown",0.5303,0.4697,"LOW"
60,"2","Other/Unknown","Other/Unknown",0.5308,0.4692,"LOW"
61,"2","Other/Unknown","Other/Unknown",0.5332,0.4668,"LOW"
62,"2","Other/Unknown","Other/Unknown",0.5327,0.4673,"LOW"
63,"2","Other/Unknown","Other/Unknown",0.542,0.458,"LOW"
64,"2","Other/Unknown","Other/Unknown",0.5447,0.4553,"LOW"
65,"2","Other/Unknown","Other/Unknown",0.5483,0.4517,"LOW"
66,"2","Other/Unknown","Other/Unknown",0.5479,0.4521,"LOW"
67,"2","Other/Unknown","Other/Unknown",0.5478,0.4522,"LOW"
68,"2","Other/Unknown","Other/Unknown",0.5456,0.4544,"LOW"
69,"2","Other/Unknown","Other/Unknown",0.5467,0.4533,"LOW"
70,"2","Other/Unknown","Other/Unknown",0.5491,0.4509,"LOW"
71,"2","Other/Unknown","Other/Unknown",0.5489,0.4511,"LOW"
72,"2","Other/Unknown","Other/Unknown",0.5492,0.4508,"LOW"
73,"2","Other/Unknown","Other/Unknown",0.5497,0.4503,"LOW"
74,"2","Other/Unknown","Other/Unknown",0.5488,0.4512,"LOW"
75,"2","Other/Unknown","Other/Unknown",0.5451,0.4549,"LOW"
76,"2","Other/Unknown","Other/Unknown",0.5436,0.4564,"LOW"
77,"2","Other/Unknown","Other/Unknown",0.5303,0.4697,"LOW"
78,"2","Other/Unknown","Other/Unknown",0.5319,0.4681,"LOW"
79,"2","Other/Unknown","Other/Unknown",0.5232,0.4768,"LOW"
80,"2","Other/Unknown","Other/Unknown",0.523,0.477,"LOW"
81,"2","Other/Unknown","Other/Unknown",0.5237,0.4763,"LOW"
82,"2","Other/Unknown","Other/Unknown",0.5111,0.4889,"LOW"
83,"2","Other/Unknown","Other/Unknown",0.5067,0.4933,"LOW"
84,"2","Other/Unknown","Other/Unknown",0.4905,0.5095,"HIGH"
85,"2","Other/Unknown","Other/Unknown",0.424,0.576,"HIGH"
86,"2","Other/Unknown","Other/Unknown",0.3968,0.6032,"HIGH"
87,"2","Other/Unknown","Other/Unknown",0.4011,0.5989,"HIGH"
88,"2","Other/Unknown","Other/Unknown",0.3493,0.6507,"HIGH"
89,"2","Other/Unknown","Other/Unknown",0.3111,0.6889,"HIGH"
90,"2","Other/Unknown","Other/Unknown",0.282,0.718,"HIGH"
91,"2","Other/Unknown","Other/Unknown",0.282,0.718,"HIGH"
92,"2","Other/Unknown","Other/Unknown",0.282,0.718,"HIGH"
93,"2","Other/Unknown","Other/Unknown",0.282,0.718,"HIGH"
94,"2","Other/Unknown","Other/Unknown",0.282,0.718,"HIGH"
95,"2","Other/Unknown","Other/Unknown",0.282,0.718,"HIGH"
96,"2","Other/Unknown","Other/Unknown",0.282,0.718,"HIGH"
97,"2","Other/Unknown","Other/Unknown",0.282,0.718,"HIGH"
98,"2","Other/Unknown","Other/Unknown",0.282,0.718,"HIGH"
99,"2","Other/Unknown","Other/Unknown",0.282,0.718,"HIGH"
0,"1","N0","T1",0.9231,0.0769,"LOW"
1,"1","N0","T1",0.9231,0.0769,"LOW"
2,"1","N0","T1",0.9231,0.0769,"LOW"
3,"1","N0","T1",0.9231,0.0769,"LOW"
4,"1","N0","T1",0.9231,0.0769,"LOW"
5,"1","N0","T1",0.9231,0.0769,"LOW"
6,"1","N0","T1",0.9231,0.0769,"LOW"
7,"1","N0","T1",0.9231,0.0769,"LOW"
8,"1","N0","T1",0.9231,0.0769,"LOW"
9,"1","N0","T1",0.9231,0.0769,"LOW"
10,"1","N0","T1",0.9231,0.0769,"LOW"
11,"1","N0","T1",0.9231,0.0769,"LOW"
12,"1","N0","T1",0.9231,0.0769,"LOW"
13,"1","N0","T1",0.9231,0.0769,"LOW"
14,"1","N0","T1",0.9231,0.0769,"LOW"
15,"1","N0","T1",0.9231,0.0769,"LOW"
16,"1","N0","T1",0.9231,0.0769,"LOW"
17,"1","N0","T1",0.9231,0.0769,"LOW"
18,"1","N0","T1",0.9022,0.0978,"LOW"
19,"1","N0","T1",0.9251,0.0749,"LOW"
20,"1","N0","T1",0.9261,0.0739,"LOW"
21,"1","N0","T1",0.9261,0.0739,"LOW"
22,"1","N0","T1",0.9261,0.0739,"LOW"
23,"1","N0","T1",0.9261,0.0739,"LOW"
24,"1","N0","T1",0.9261,0.0739,"LOW"
25,"1","N0","T1",0.9261,0.0739,"LOW"
26,"1","N0","T1",0.9261,0.0739,"LOW"
27,"1","N0","T1",0.9261,0.0739,"LOW"
28,"1","N0","T1",0.926,0.074,"LOW"
29,"1","N0","T1",0.926,0.074,"LOW"
30,"1","N0","T1",0.926,0.074,"LOW"
31,"1","N0","T1",0.9108,0.0892,"LOW"
32,"1","N0","T1",0.908,0.092,"LOW"
33,"1","N0","T1",0.9113,0.0887,"LOW"
34,"1","N0","T1",0.9115,0.0885,"LOW"
35,"1","N0","T1",0.9056,0.0944,"LOW"
36,"1","N0","T1",0.9003,0.0997,"LOW"
37,"1","N0","T1",0.9038,0.0962,"LOW"
38,"1","N0","T1",0.9027,0.0973,"LOW"
39,"1","N0","T1",0.9015,0.0985,"LOW"
40,"1","N0","T1",0.8944,0.1056,"LOW"
41,"1","N0","T1",0.8954,0.1046,"LOW"
42,"1","N0","T1",0.8941,0.1059,"LOW"
43,"1","N0","T1",0.8953,0.1047,"LOW"
44,"1","N0","T1",0.8941,0.1059,"LOW"
45,"1","N0","T1",0.8938,0.1062,"LOW"
46,"1","N0","T1",0.8926,0.1074,"LOW"
47,"1","N0","T1",0.8916,0.1084,"LOW"
48,"1","N0","T1",0.8938,0.1062,"LOW"
49,"1","N0","T1",0.8952,0.1048,"LOW"
50,"1","N0","T1",0.8959,0.1041,"LOW"
51,"1","N0","T1",0.8956,0.1044,"LOW"
52,"1","N0","T1",0.8955,0.1045,"LOW"
53,"1","N0","T1",0.8947,0.1053,"LOW"
54,"1","N0","T1",0.9039,0.0961,"LOW"
55,"1","N0","T1",0.9056,0.0944,"LOW"
56,"1","N0","T1",0.9072,0.0928,"LOW"
57,"1","N0","T1",0.9103,0.0897,"LOW"
58,"1","N0","T1",0.9106,0.0894,"LOW"
59,"1","N0","T1",0.909,0.091,"LOW"
60,"1","N0","T1",0.9128,0.0872,"LOW"
61,"1","N0","T1",0.9114,0.0886,"LOW"
62,"1","N0","T1",0.9183,0.0817,"LOW"
63,"1","N0","T1",0.9247,0.0753,"LOW"
64,"1","N0","T1",0.924,0.076,"LOW"
65,"1","N0","T1",0.9253,0.0747,"LOW"
66,"1","N0","T1",0.9256,0.0744,"LOW"
67,"1","N0","T1",0.9255,0.0745,"LOW"
68,"1","N0","T1",0.9266,0.0734,"LOW"
69,"1","N0","T1",0.927,0.073,"LOW"
70,"1","N0","T1",0.9267,0.0733,"LOW"
71,"1","N0","T1",0.9274,0.0726,"LOW"
72,"1","N0","T1",0.9272,0.0728,"LOW"
73,"1","N0","T1",0.927,0.073,"LOW"
74,"1","N0","T1",0.9271,0.0729,"LOW"
75,"1","N0","T1",0.9271,0.0729,"LOW"
76,"1","N0","T1",0.927,0.073,"LOW"
77,"1","N0","T1",0.9267,0.0733,"LOW"
78,"1","N0","T1",0.9266,0.0734,"LOW"
79,"1","N0","T1",0.9271,0.0729,"LOW"
80,"1","N0","T1",0.9268,0.0732,"LOW"
81,"1","N0","T1",0.9239,0.0761,"LOW"
82,"1","N0","T1",0.9238,0.0762,"LOW"
83,"1","N0","T1",0.9237,0.0763,"LOW"
84,"1","N0","T1",0.9246,0.0754,"LOW"
85,"1","N0","T1",0.9228,0.0772,"LOW"
86,"1","N0","T1",0.9208,0.0792,"LOW"
87,"1","N0","T1",0.9214,0.0786,"LOW"
88,"1","N0","T1",0.9169,0.0831,"LOW"
89,"1","N0","T1",0.9107,0.0893,"LOW"
90,"1","N0","T1",0.9041,0.0959,"LOW"
91,"1","N0","T1",0.9041,0.0959,"LOW"
92,"1","N0","T1",0.9041,0.0959,"LOW"
93,"1","N0","T1",0.9041,0.0959,"LOW"
94,"1","N0","T1",0.9041,0.0959,"LOW"
95,"1","N0","T1",0.9041,0.0959,"LOW"
96,"1","N0","T1",0.9041,0.0959,"LOW"
97,"1","N0","T1",0.9041,0.0959,"LOW"
98,"1","N0","T1",0.9041,0.0959,"LOW"
99,"1","N0","T1",0.9041,0.0959,"LOW"
0,"2","N0","T1",0.9444,0.0556,"LOW"
1,"2","N0","T1",0.9444,0.0556,"LOW"
2,"2","N0","T1",0.9444,0.0556,"LOW"
3,"2","N0","T1",0.9444,0.0556,"LOW"
4,"2","N0","T1",0.9444,0.0556,"LOW"
5,"2","N0","T1",0.9444,0.0556,"LOW"
6,"2","N0","T1",0.9444,0.0556,"LOW"
7,"2","N0","T1",0.9444,0.0556,"LOW"
8,"2","N0","T1",0.9444,0.0556,"LOW"
9,"2","N0","T1",0.9444,0.0556,"LOW"
10,"2","N0","T1",0.9444,0.0556,"LOW"
11,"2","N0","T1",0.9444,0.0556,"LOW"
12,"2","N0","T1",0.9444,0.0556,"LOW"
13,"2","N0","T1",0.9444,0.0556,"LOW"
14,"2","N0","T1",0.9444,0.0556,"LOW"
15,"2","N0","T1",0.9444,0.0556,"LOW"
16,"2","N0","T1",0.9444,0.0556,"LOW"
17,"2","N0","T1",0.9444,0.0556,"LOW"
18,"2","N0","T1",0.9439,0.0561,"LOW"
19,"2","N0","T1",0.9444,0.0556,"LOW"
20,"2","N0","T1",0.9444,0.0556,"LOW"
21,"2","N0","T1",0.9444,0.0556,"LOW"
22,"2","N0","T1",0.9444,0.0556,"LOW"
23,"2","N0","T1",0.9444,0.0556,"LOW"
24,"2","N0","T1",0.9444,0.0556,"LOW"
25,"2","N0","T1",0.9444,0.0556,"LOW"
26,"2","N0","T1",0.9444,0.0556,"LOW"
27,"2","N0","T1",0.9444,0.0556,"LOW"
28,"2","N0","T1",0.9444,0.0556,"LOW"
29,"2","N0","T1",0.9444,0.0556,"LOW"
30,"2","N0","T1",0.9444,0.0556,"LOW"
31,"2","N0","T1",0.9398,0.0602,"LOW"
32,"2","N0","T1",0.9411,0.0589,"LOW"
33,"2","N0","T1",0.9321,0.0679,"LOW"
34,"2","N0","T1",0.9333,0.0667,"LOW"
35,"2","N0","T1",0.9262,0.0738,"LOW"
36,"2","N0","T1",0.9247,0.0753,"LOW"
37,"2","N0","T1",0.9205,0.0795,"LOW"
38,"2","N0","T1",0.9231,0.0769,"LOW"
39,"2","N0","T1",0.9219,0.0781,"LOW"
40,"2","N0","T1",0.9182,0.0818,"LOW"
41,"2","N0","T1",0.9222,0.0778,"LOW"
42,"2","N0","T1",0.9216,0.0784,"LOW"
43,"2","N0","T1",0.9221,0.0779,"LOW"
44,"2","N0","T1",0.9215,0.0785,"LOW"
45,"2","N0","T1",0.9225,0.0775,"LOW"
46,"2","N0","T1",0.9233,0.0767,"LOW"
47,"2","N0","T1",0.9222,0.0778,"LOW"
48,"2","N0","T1",0.9244,0.0756,"LOW"
49,"2","N0","T1",0.9243,0.0757,"LOW"
50,"2","N0","T1",0.9238,0.0762,"LOW"
51,"2","N0","T1",0.9242,0.0758,"LOW"
52,"2","N0","T1",0.9239,0.0761,"LOW"
53,"2","N0","T1",0.9251,0.0749,"LOW"
54,"2","N0","T1",0.9248,0.0752,"LOW"
55,"2","N0","T1",0.9334,0.0666,"LOW"
56,"2","N0","T1",0.9332,0.0668,"LOW"
57,"2","N0","T1",0.936,0.064,"LOW"
58,"2","N0","T1",0.935,0.065,"LOW"
59,"2","N0","T1",0.9351,0.0649,"LOW"
60,"2","N0","T1",0.935,0.065,"LOW"
61,"2","N0","T1",0.9346,0.0654,"LOW"
62,"2","N0","T1",0.936,0.064,"LOW"
63,"2","N0","T1",0.9388,0.0612,"LOW"
64,"2","N0","T1",0.9386,0.0614,"LOW"
65,"2","N0","T1",0.9384,0.0616,"LOW"
66,"2","N0","T1",0.9397,0.0603,"LOW"
67,"2","N0","T1",0.9404,0.0596,"LOW"
68,"2","N0","T1",0.9405,0.0595,"LOW"
69,"2","N0","T1",0.9406,0.0594,"LOW"
70,"2","N0","T1",0.9405,0.0595,"LOW"
71,"2","N0","T1",0.9405,0.0595,"LOW"
72,"2","N0","T1",0.9406,0.0594,"LOW"
73,"2","N0","T1",0.9408,0.0592,"LOW"
74,"2","N0","T1",0.9408,0.0592,"LOW"
75,"2","N0","T1",0.9407,0.0593,"LOW"
76,"2","N0","T1",0.9405,0.0595,"LOW"
77,"2","N0","T1",0.9399,0.0601,"LOW"
78,"2","N0","T1",0.9399,0.0601,"LOW"
79,"2","N0","T1",0.9402,0.0598,"LOW"
80,"2","N0","T1",0.939,0.061,"LOW"
81,"2","N0","T1",0.9357,0.0643,"LOW"
82,"2","N0","T1",0.9357,0.0643,"LOW"
83,"2","N0","T1",0.9362,0.0638,"LOW"
84,"2","N0","T1",0.9369,0.0631,"LOW"
85,"2","N0","T1",0.9348,0.0652,"LOW"
86,"2","N0","T1",0.934,0.066,"LOW"
87,"2","N0","T1",0.9342,0.0658,"LOW"
88,"2","N0","T1",0.9336,0.0664,"LOW"
89,"2","N0","T1",0.9206,0.0794,"LOW"
90,"2","N0","T1",0.896,0.104,"LOW"
91,"2","N0","T1",0.896,0.104,"LOW"
92,"2","N0","T1",0.896,0.104,"LOW"
93,"2","N0","T1",0.896,0.104,"LOW"
94,"2","N0","T1",0.896,0.104,"LOW"
95,"2","N0","T1",0.896,0.104,"LOW"
96,"2","N0","T1",0.896,0.104,"LOW"
97,"2","N0","T1",0.896,0.104,"LOW"
98,"2","N0","T1",0.896,0.104,"LOW"
99,"2","N0","T1",0.896,0.104,"LOW"
0,"1","N1","T1",0.7123,0.2877,"LOW"
1,"1","N1","T1",0.7123,0.2877,"LOW"
2,"1","N1","T1",0.7123,0.2877,"LOW"
3,"1","N1","T1",0.7123,0.2877,"LOW"
4,"1","N1","T1",0.7123,0.2877,"LOW"
5,"1","N1","T1",0.7123,0.2877,"LOW"
6,"1","N1","T1",0.7123,0.2877,"LOW"
7,"1","N1","T1",0.7123,0.2877,"LOW"
8,"1","N1","T1",0.7123,0.2877,"LOW"
9,"1","N1","T1",0.7123,0.2877,"LOW"
10,"1","N1","T1",0.7123,0.2877,"LOW"
11,"1","N1","T1",0.7123,0.2877,"LOW"
12,"1","N1","T1",0.7123,0.2877,"LOW"
13,"1","N1","T1",0.7123,0.2877,"LOW"
14,"1","N1","T1",0.7123,0.2877,"LOW"
15,"1","N1","T1",0.7123,0.2877,"LOW"
16,"1","N1","T1",0.7123,0.2877,"LOW"
17,"1","N1","T1",0.7123,0.2877,"LOW"
18,"1","N1","T1",0.7123,0.2877,"LOW"
19,"1","N1","T1",0.7119,0.2881,"LOW"
20,"1","N1","T1",0.7119,0.2881,"LOW"
21,"1","N1","T1",0.7119,0.2881,"LOW"
22,"1","N1","T1",0.7059,0.2941,"LOW"
23,"1","N1","T1",0.7019,0.2981,"LOW"
24,"1","N1","T1",0.6687,0.3313,"LOW"
25,"1","N1","T1",0.6585,0.3415,"LOW"
26,"1","N1","T1",0.6475,0.3525,"LOW"
27,"1","N1","T1",0.6588,0.3412,"LOW"
28,"1","N1","T1",0.6726,0.3274,"LOW"
29,"1","N1","T1",0.6793,0.3207,"LOW"
30,"1","N1","T1",0.7101,0.2899,"LOW"
31,"1","N1","T1",0.6876,0.3124,"LOW"
32,"1","N1","T1",0.6168,0.3832,"LOW"
33,"1","N1","T1",0.6612,0.3388,"LOW"
34,"1","N1","T1",0.6531,0.3469,"LOW"
35,"1","N1","T1",0.6588,0.3412,"LOW"
36,"1","N1","T1",0.6358,0.3642,"LOW"
37,"1","N1","T1",0.6071,0.3929,"LOW"
38,"1","N1","T1",0.6072,0.3928,"LOW"
39,"1","N1","T1",0.6358,0.3642,"LOW"
40,"1","N1","T1",0.6277,0.3723,"LOW"
41,"1","N1","T1",0.6224,0.3776,"LOW"
42,"1","N1","T1",0.6198,0.3802,"LOW"
43,"1","N1","T1",0.6354,0.3646,"LOW"
44,"1","N1","T1",0.5508,0.4492,"LOW"
45,"1","N1","T1",0.6332,0.3668,"LOW"
46,"1","N1","T1",0.7016,0.2984,"LOW"
47,"1","N1","T1",0.6933,0.3067,"LOW"
48,"1","N1","T1",0.6917,0.3083,"LOW"
49,"1","N1","T1",0.6919,0.3081,"LOW"
50,"1","N1","T1",0.7018,0.2982,"LOW"
51,"1","N1","T1",0.6742,0.3258,"LOW"
52,"1","N1","T1",0.6854,0.3146,"LOW"
53,"1","N1","T1",0.6876,0.3124,"LOW"
54,"1","N1","T1",0.6813,0.3187,"LOW"
55,"1","N1","T1",0.6881,0.3119,"LOW"
56,"1","N1","T1",0.6885,0.3115,"LOW"
57,"1","N1","T1",0.6848,0.3152,"LOW"
58,"1","N1","T1",0.6881,0.3119,"LOW"
59,"1","N1","T1",0.6883,0.3117,"LOW"
60,"1","N1","T1",0.6878,0.3122,"LOW"
61,"1","N1","T1",0.6789,0.3211,"LOW"
62,"1","N1","T1",0.7078,0.2922,"LOW"
63,"1","N1","T1",0.7126,0.2874,"LOW"
64,"1","N1","T1",0.7215,0.2785,"LOW"
65,"1","N1","T1",0.7244,0.2756,"LOW"
66,"1","N1","T1",0.7238,0.2762,"LOW"
67,"1","N1","T1",0.7305,0.2695,"LOW"
68,"1","N1","T1",0.7318,0.2682,"LOW"
69,"1","N1","T1",0.7316,0.2684,"LOW"
70,"1","N1","T1",0.7297,0.2703,"LOW"
71,"1","N1","T1",0.7301,0.2699,"LOW"
72,"1","N1","T1",0.7267,0.2733,"LOW"
73,"1","N1","T1",0.7274,0.2726,"LOW"
74,"1","N1","T1",0.7244,0.2756,"LOW"
75,"1","N1","T1",0.7255,0.2745,"LOW"
76,"1","N1","T1",0.7265,0.2735,"LOW"
77,"1","N1","T1",0.7284,0.2716,"LOW"
78,"1","N1","T1",0.7279,0.2721,"LOW"
79,"1","N1","T1",0.728,0.272,"LOW"
80,"1","N1","T1",0.7276,0.2724,"LOW"
81,"1","N1","T1",0.7369,0.2631,"LOW"
82,"1","N1","T1",0.7362,0.2638,"LOW"
83,"1","N1","T1",0.7083,0.2917,"LOW"
84,"1","N1","T1",0.7094,0.2906,"LOW"
85,"1","N1","T1",0.7175,0.2825,"LOW"
86,"1","N1","T1",0.72,0.28,"LOW"
87,"1","N1","T1",0.6718,0.3282,"LOW"
88,"1","N1","T1",0.6792,0.3208,"LOW"
89,"1","N1","T1",0.6537,0.3463,"LOW"
90,"1","N1","T1",0.6253,0.3747,"LOW"
91,"1","N1","T1",0.6253,0.3747,"LOW"
92,"1","N1","T1",0.6253,0.3747,"LOW"
93,"1","N1","T1",0.6253,0.3747,"LOW"
94,"1","N1","T1",0.6253,0.3747,"LOW"
95,"1","N1","T1",0.6253,0.3747,"LOW"
96,"1","N1","T1",0.6253,0.3747,"LOW"
97,"1","N1","T1",0.6253,0.3747,"LOW"
98,"1","N1","T1",0.6253,0.3747,"LOW"
99,"1","N1","T1",0.6253,0.3747,"LOW"
0,"2","N1","T1",0.7394,0.2606,"LOW"
1,"2","N1","T1",0.7394,0.2606,"LOW"
2,"2","N1","T1",0.7394,0.2606,"LOW"
3,"2","N1","T1",0.7394,0.2606,"LOW"
4,"2","N1","T1",0.7394,0.2606,"LOW"
5,"2","N1","T1",0.7394,0.2606,"LOW"
6,"2","N1","T1",0.7394,0.2606,"LOW"
7,"2","N1","T1",0.7394,0.2606,"LOW"
8,"2","N1","T1",0.7394,0.2606,"LOW"
9,"2","N1","T1",0.7394,0.2606,"LOW"
10,"2","N1","T1",0.7394,0.2606,"LOW"
11,"2","N1","T1",0.7394,0.2606,"LOW"
12,"2","N1","T1",0.7394,0.2606,"LOW"
13,"2","N1","T1",0.7394,0.2606,"LOW"
14,"2","N1","T1",0.7394,0.2606,"LOW"
15,"2","N1","T1",0.7394,0.2606,"LOW"
16,"2","N1","T1",0.7394,0.2606,"LOW"
17,"2","N1","T1",0.7394,0.2606,"LOW"
18,"2","N1","T1",0.7394,0.2606,"LOW"
19,"2","N1","T1",0.7334,0.2666,"LOW"
20,"2","N1","T1",0.7294,0.2706,"LOW"
21,"2","N1","T1",0.7294,0.2706,"LOW"
22,"2","N1","T1",0.7294,0.2706,"LOW"
23,"2","N1","T1",0.7225,0.2775,"LOW"
24,"2","N1","T1",0.6441,0.3559,"LOW"
25,"2","N1","T1",0.6227,0.3773,"LOW"
26,"2","N1","T1",0.6205,0.3795,"LOW"
27,"2","N1","T1",0.6441,0.3559,"LOW"
28,"2","N1","T1",0.7026,0.2974,"LOW"
29,"2","N1","T1",0.7084,0.2916,"LOW"
30,"2","N1","T1",0.7089,0.2911,"LOW"
31,"2","N1","T1",0.6252,0.3748,"LOW"
32,"2","N1","T1",0.6609,0.3391,"LOW"
33,"2","N1","T1",0.6715,0.3285,"LOW"
34,"2","N1","T1",0.6643,0.3357,"LOW"
35,"2","N1","T1",0.6636,0.3364,"LOW"
36,"2","N1","T1",0.6824,0.3176,"LOW"
37,"2","N1","T1",0.6874,0.3126,"LOW"
38,"2","N1","T1",0.6705,0.3295,"LOW"
39,"2","N1","T1",0.6648,0.3352,"LOW"
40,"2","N1","T1",0.6736,0.3264,"LOW"
41,"2","N1","T1",0.6538,0.3462,"LOW"
42,"2","N1","T1",0.6653,0.3347,"LOW"
43,"2","N1","T1",0.6573,0.3427,"LOW"
44,"2","N1","T1",0.6426,0.3574,"LOW"
45,"2","N1","T1",0.6542,0.3458,"LOW"
46,"2","N1","T1",0.6557,0.3443,"LOW"
47,"2","N1","T1",0.6484,0.3516,"LOW"
48,"2","N1","T1",0.6667,0.3333,"LOW"
49,"2","N1","T1",0.6541,0.3459,"LOW"
50,"2","N1","T1",0.691,0.309,"LOW"
51,"2","N1","T1",0.6777,0.3223,"LOW"
52,"2","N1","T1",0.6709,0.3291,"LOW"
53,"2","N1","T1",0.6892,0.3108,"LOW"
54,"2","N1","T1",0.6728,0.3272,"LOW"
55,"2","N1","T1",0.6806,0.3194,"LOW"
56,"2","N1","T1",0.6813,0.3187,"LOW"
57,"2","N1","T1",0.6873,0.3127,"LOW"
58,"2","N1","T1",0.684,0.316,"LOW"
59,"2","N1","T1",0.6877,0.3123,"LOW"
60,"2","N1","T1",0.7102,0.2898,"LOW"
61,"2","N1","T1",0.7047,0.2953,"LOW"
62,"2","N1","T1",0.7239,0.2761,"LOW"
63,"2","N1","T1",0.7267,0.2733,"LOW"
64,"2","N1","T1",0.7308,0.2692,"LOW"
65,"2","N1","T1",0.7361,0.2639,"LOW"
66,"2","N1","T1",0.7232,0.2768,"LOW"
67,"2","N1","T1",0.7248,0.2752,"LOW"
68,"2","N1","T1",0.7262,0.2738,"LOW"
69,"2","N1","T1",0.73,0.27,"LOW"
70,"2","N1","T1",0.7276,0.2724,"LOW"
71,"2","N1","T1",0.7247,0.2753,"LOW"
72,"2","N1","T1",0.7241,0.2759,"LOW"
73,"2","N1","T1",0.7251,0.2749,"LOW"
74,"2","N1","T1",0.7263,0.2737,"LOW"
75,"2","N1","T1",0.7248,0.2752,"LOW"
76,"2","N1","T1",0.7342,0.2658,"LOW"
77,"2","N1","T1",0.7303,0.2697,"LOW"
78,"2","N1","T1",0.7286,0.2714,"LOW"
79,"2","N1","T1",0.7349,0.2651,"LOW"
80,"2","N1","T1",0.7342,0.2658,"LOW"
81,"2","N1","T1",0.7428,0.2572,"LOW"
82,"2","N1","T1",0.7371,0.2629,"LOW"
83,"2","N1","T1",0.7302,0.2698,"LOW"
84,"2","N1","T1",0.7245,0.2755,"LOW"
85,"2","N1","T1",0.7252,0.2748,"LOW"
86,"2","N1","T1",0.7289,0.2711,"LOW"
87,"2","N1","T1",0.7079,0.2921,"LOW"
88,"2","N1","T1",0.6927,0.3073,"LOW"
89,"2","N1","T1",0.6957,0.3043,"LOW"
90,"2","N1","T1",0.6466,0.3534,"LOW"
91,"2","N1","T1",0.6466,0.3534,"LOW"
92,"2","N1","T1",0.6466,0.3534,"LOW"
93,"2","N1","T1",0.6466,0.3534,"LOW"
94,"2","N1","T1",0.6466,0.3534,"LOW"
95,"2","N1","T1",0.6466,0.3534,"LOW"
96,"2","N1","T1",0.6466,0.3534,"LOW"
97,"2","N1","T1",0.6466,0.3534,"LOW"
98,"2","N1","T1",0.6466,0.3534,"LOW"
99,"2","N1","T1",0.6466,0.3534,"LOW"
0,"1","N2","T1",0.5399,0.4601,"LOW"
1,"1","N2","T1",0.5399,0.4601,"LOW"
2,"1","N2","T1",0.5399,0.4601,"LOW"
3,"1","N2","T1",0.5399,0.4601,"LOW"
4,"1","N2","T1",0.5399,0.4601,"LOW"
5,"1","N2","T1",0.5399,0.4601,"LOW"
6,"1","N2","T1",0.5399,0.4601,"LOW"
7,"1","N2","T1",0.5399,0.4601,"LOW"
8,"1","N2","T1",0.5399,0.4601,"LOW"
9,"1","N2","T1",0.5399,0.4601,"LOW"
10,"1","N2","T1",0.5399,0.4601,"LOW"
11,"1","N2","T1",0.5399,0.4601,"LOW"
12,"1","N2","T1",0.5399,0.4601,"LOW"
13,"1","N2","T1",0.5399,0.4601,"LOW"
14,"1","N2","T1",0.5399,0.4601,"LOW"
15,"1","N2","T1",0.5399,0.4601,"LOW"
16,"1","N2","T1",0.5399,0.4601,"LOW"
17,"1","N2","T1",0.5399,0.4601,"LOW"
18,"1","N2","T1",0.511,0.489,"LOW"
19,"1","N2","T1",0.5093,0.4907,"LOW"
20,"1","N2","T1",0.5062,0.4938,"LOW"
21,"1","N2","T1",0.5045,0.4955,"LOW"
22,"1","N2","T1",0.5025,0.4975,"LOW"
23,"1","N2","T1",0.5145,0.4855,"LOW"
24,"1","N2","T1",0.5145,0.4855,"LOW"
25,"1","N2","T1",0.4912,0.5088,"HIGH"
26,"1","N2","T1",0.4858,0.5142,"HIGH"
27,"1","N2","T1",0.505,0.495,"LOW"
28,"1","N2","T1",0.4984,0.5016,"HIGH"
29,"1","N2","T1",0.532,0.468,"LOW"
30,"1","N2","T1",0.5308,0.4692,"LOW"
31,"1","N2","T1",0.5349,0.4651,"LOW"
32,"1","N2","T1",0.5117,0.4883,"LOW"
33,"1","N2","T1",0.479,0.521,"HIGH"
34,"1","N2","T1",0.479,0.521,"HIGH"
35,"1","N2","T1",0.5345,0.4655,"LOW"
36,"1","N2","T1",0.5104,0.4896,"LOW"
37,"1","N2","T1",0.5001,0.4999,"LOW"
38,"1","N2","T1",0.5156,0.4844,"LOW"
39,"1","N2","T1",0.508,0.492,"LOW"
40,"1","N2","T1",0.5051,0.4949,"LOW"
41,"1","N2","T1",0.5076,0.4924,"LOW"
42,"1","N2","T1",0.5006,0.4994,"LOW"
43,"1","N2","T1",0.5014,0.4986,"LOW"
44,"1","N2","T1",0.5067,0.4933,"LOW"
45,"1","N2","T1",0.4949,0.5051,"HIGH"
46,"1","N2","T1",0.503,0.497,"LOW"
47,"1","N2","T1",0.5051,0.4949,"LOW"
48,"1","N2","T1",0.5031,0.4969,"LOW"
49,"1","N2","T1",0.5072,0.4928,"LOW"
50,"1","N2","T1",0.5109,0.4891,"LOW"
51,"1","N2","T1",0.5045,0.4955,"LOW"
52,"1","N2","T1",0.5159,0.4841,"LOW"
53,"1","N2","T1",0.5171,0.4829,"LOW"
54,"1","N2","T1",0.5193,0.4807,"LOW"
55,"1","N2","T1",0.5382,0.4618,"LOW"
56,"1","N2","T1",0.5299,0.4701,"LOW"
57,"1","N2","T1",0.5415,0.4585,"LOW"
58,"1","N2","T1",0.5468,0.4532,"LOW"
59,"1","N2","T1",0.558,0.442,"LOW"
60,"1","N2","T1",0.551,0.449,"LOW"
61,"1","N2","T1",0.5513,0.4487,"LOW"
62,"1","N2","T1",0.5551,0.4449,"LOW"
63,"1","N2","T1",0.5645,0.4355,"LOW"
64,"1","N2","T1",0.5805,0.4195,"LOW"
65,"1","N2","T1",0.5882,0.4118,"LOW"
66,"1","N2","T1",0.5877,0.4123,"LOW"
67,"1","N2","T1",0.588,0.412,"LOW"
68,"1","N2","T1",0.5874,0.4126,"LOW"
69,"1","N2","T1",0.5843,0.4157,"LOW"
70,"1","N2","T1",0.5847,0.4153,"LOW"
71,"1","N2","T1",0.5917,0.4083,"LOW"
72,"1","N2","T1",0.59,0.41,"LOW"
73,"1","N2","T1",0.5921,0.4079,"LOW"
74,"1","N2","T1",0.5899,0.4101,"LOW"
75,"1","N2","T1",0.5902,0.4098,"LOW"
76,"1","N2","T1",0.5901,0.4099,"LOW"
77,"1","N2","T1",0.5908,0.4092,"LOW"
78,"1","N2","T1",0.5905,0.4095,"LOW"
79,"1","N2","T1",0.5918,0.4082,"LOW"
80,"1","N2","T1",0.5897,0.4103,"LOW"
81,"1","N2","T1",0.5925,0.4075,"LOW"
82,"1","N2","T1",0.5964,0.4036,"LOW"
83,"1","N2","T1",0.5998,0.4002,"LOW"
84,"1","N2","T1",0.6027,0.3973,"LOW"
85,"1","N2","T1",0.6016,0.3984,"LOW"
86,"1","N2","T1",0.6016,0.3984,"LOW"
87,"1","N2","T1",0.5903,0.4097,"LOW"
88,"1","N2","T1",0.6036,0.3964,"LOW"
89,"1","N2","T1",0.5792,0.4208,"LOW"
90,"1","N2","T1",0.5506,0.4494,"LOW"
91,"1","N2","T1",0.5506,0.4494,"LOW"
92,"1","N2","T1",0.5506,0.4494,"LOW"
93,"1","N2","T1",0.5506,0.4494,"LOW"
94,"1","N2","T1",0.5506,0.4494,"LOW"
95,"1","N2","T1",0.5506,0.4494,"LOW"
96,"1","N2","T1",0.5506,0.4494,"LOW"
97,"1","N2","T1",0.5506,0.4494,"LOW"
98,"1","N2","T1",0.5506,0.4494,"LOW"
99,"1","N2","T1",0.5506,0.4494,"LOW"
0,"2","N2","T1",0.5185,0.4815,"LOW"
1,"2","N2","T1",0.5185,0.4815,"LOW"
2,"2","N2","T1",0.5185,0.4815,"LOW"
3,"2","N2","T1",0.5185,0.4815,"LOW"
4,"2","N2","T1",0.5185,0.4815,"LOW"
5,"2","N2","T1",0.5185,0.4815,"LOW"
6,"2","N2","T1",0.5185,0.4815,"LOW"
7,"2","N2","T1",0.5185,0.4815,"LOW"
8,"2","N2","T1",0.5185,0.4815,"LOW"
9,"2","N2","T1",0.5185,0.4815,"LOW"
10,"2","N2","T1",0.5195,0.4805,"LOW"
11,"2","N2","T1",0.5195,0.4805,"LOW"
12,"2","N2","T1",0.5195,0.4805,"LOW"
13,"2","N2","T1",0.5195,0.4805,"LOW"
14,"2","N2","T1",0.5195,0.4805,"LOW"
15,"2","N2","T1",0.5195,0.4805,"LOW"
16,"2","N2","T1",0.5195,0.4805,"LOW"
17,"2","N2","T1",0.5195,0.4805,"LOW"
18,"2","N2","T1",0.5101,0.4899,"LOW"
19,"2","N2","T1",0.5091,0.4909,"LOW"
20,"2","N2","T1",0.5082,0.4918,"LOW"
21,"2","N2","T1",0.5082,0.4918,"LOW"
22,"2","N2","T1",0.5082,0.4918,"LOW"
23,"2","N2","T1",0.5122,0.4878,"LOW"
24,"2","N2","T1",0.5122,0.4878,"LOW"
25,"2","N2","T1",0.5033,0.4967,"LOW"
26,"2","N2","T1",0.5017,0.4983,"LOW"
27,"2","N2","T1",0.549,0.451,"LOW"
28,"2","N2","T1",0.5403,0.4597,"LOW"
29,"2","N2","T1",0.5215,0.4785,"LOW"
30,"2","N2","T1",0.5276,0.4724,"LOW"
31,"2","N2","T1",0.538,0.462,"LOW"
32,"2","N2","T1",0.5542,0.4458,"LOW"
33,"2","N2","T1",0.559,0.441,"LOW"
34,"2","N2","T1",0.5304,0.4696,"LOW"
35,"2","N2","T1",0.5368,0.4632,"LOW"
36,"2","N2","T1",0.5331,0.4669,"LOW"
37,"2","N2","T1",0.5379,0.4621,"LOW"
38,"2","N2","T1",0.5207,0.4793,"LOW"
39,"2","N2","T1",0.5298,0.4702,"LOW"
40,"2","N2","T1",0.5515,0.4485,"LOW"
41,"2","N2","T1",0.5437,0.4563,"LOW"
42,"2","N2","T1",0.5456,0.4544,"LOW"
43,"2","N2","T1",0.5492,0.4508,"LOW"
44,"2","N2","T1",0.5595,0.4405,"LOW"
45,"2","N2","T1",0.5475,0.4525,"LOW"
46,"2","N2","T1",0.5412,0.4588,"LOW"
47,"2","N2","T1",0.5497,0.4503,"LOW"
48,"2","N2","T1",0.5484,0.4516,"LOW"
49,"2","N2","T1",0.5491,0.4509,"LOW"
50,"2","N2","T1",0.5476,0.4524,"LOW"
51,"2","N2","T1",0.5506,0.4494,"LOW"
52,"2","N2","T1",0.5503,0.4497,"LOW"
53,"2","N2","T1",0.5652,0.4348,"LOW"
54,"2","N2","T1",0.5575,0.4425,"LOW"
55,"2","N2","T1",0.5663,0.4337,"LOW"
56,"2","N2","T1",0.559,0.441,"LOW"
57,"2","N2","T1",0.5667,0.4333,"LOW"
58,"2","N2","T1",0.5623,0.4377,"LOW"
59,"2","N2","T1",0.5702,0.4298,"LOW"
60,"2","N2","T1",0.5672,0.4328,"LOW"
61,"2","N2","T1",0.5676,0.4324,"LOW"
62,"2","N2","T1",0.5735,0.4265,"LOW"
63,"2","N2","T1",0.579,0.421,"LOW"
64,"2","N2","T1",0.6023,0.3977,"LOW"
65,"2","N2","T1",0.6041,0.3959,"LOW"
66,"2","N2","T1",0.6021,0.3979,"LOW"
67,"2","N2","T1",0.6087,0.3913,"LOW"
68,"2","N2","T1",0.6107,0.3893,"LOW"
69,"2","N2","T1",0.6106,0.3894,"LOW"
70,"2","N2","T1",0.6121,0.3879,"LOW"
71,"2","N2","T1",0.6136,0.3864,"LOW"
72,"2","N2","T1",0.6081,0.3919,"LOW"
73,"2","N2","T1",0.609,0.391,"LOW"
74,"2","N2","T1",0.609,0.391,"LOW"
75,"2","N2","T1",0.6103,0.3897,"LOW"
76,"2","N2","T1",0.6099,0.3901,"LOW"
77,"2","N2","T1",0.6098,0.3902,"LOW"
78,"2","N2","T1",0.6113,0.3887,"LOW"
79,"2","N2","T1",0.6142,0.3858,"LOW"
80,"2","N2","T1",0.6118,0.3882,"LOW"
81,"2","N2","T1",0.6119,0.3881,"LOW"
82,"2","N2","T1",0.6126,0.3874,"LOW"
83,"2","N2","T1",0.6131,0.3869,"LOW"
84,"2","N2","T1",0.6128,0.3872,"LOW"
85,"2","N2","T1",0.612,0.388,"LOW"
86,"2","N2","T1",0.6046,0.3954,"LOW"
87,"2","N2","T1",0.6103,0.3897,"LOW"
88,"2","N2","T1",0.6055,0.3945,"LOW"
89,"2","N2","T1",0.5938,0.4062,"LOW"
90,"2","N2","T1",0.5597,0.4403,"LOW"
91,"2","N2","T1",0.5597,0.4403,"LOW"
92,"2","N2","T1",0.5597,0.4403,"LOW"
93,"2","N2","T1",0.5597,0.4403,"LOW"
94,"2","N2","T1",0.5597,0.4403,"LOW"
95,"2","N2","T1",0.5597,0.4403,"LOW"
96,"2","N2","T1",0.5597,0.4403,"LOW"
97,"2","N2","T1",0.5597,0.4403,"LOW"
98,"2","N2","T1",0.5597,0.4403,"LOW"
99,"2","N2","T1",0.5597,0.4403,"LOW"
0,"1","N3","T1",0.4437,0.5563,"HIGH"
1,"1","N3","T1",0.4437,0.5563,"HIGH"
2,"1","N3","T1",0.4437,0.5563,"HIGH"
3,"1","N3","T1",0.4437,0.5563,"HIGH"
4,"1","N3","T1",0.4437,0.5563,"HIGH"
5,"1","N3","T1",0.4437,0.5563,"HIGH"
6,"1","N3","T1",0.4437,0.5563,"HIGH"
7,"1","N3","T1",0.4437,0.5563,"HIGH"
8,"1","N3","T1",0.4437,0.5563,"HIGH"
9,"1","N3","T1",0.4437,0.5563,"HIGH"
10,"1","N3","T1",0.4437,0.5563,"HIGH"
11,"1","N3","T1",0.4437,0.5563,"HIGH"
12,"1","N3","T1",0.4437,0.5563,"HIGH"
13,"1","N3","T1",0.4437,0.5563,"HIGH"
14,"1","N3","T1",0.4437,0.5563,"HIGH"
15,"1","N3","T1",0.4437,0.5563,"HIGH"
16,"1","N3","T1",0.4437,0.5563,"HIGH"
17,"1","N3","T1",0.4437,0.5563,"HIGH"
18,"1","N3","T1",0.4437,0.5563,"HIGH"
19,"1","N3","T1",0.4437,0.5563,"HIGH"
20,"1","N3","T1",0.4437,0.5563,"HIGH"
21,"1","N3","T1",0.4437,0.5563,"HIGH"
22,"1","N3","T1",0.4542,0.5458,"HIGH"
23,"1","N3","T1",0.4542,0.5458,"HIGH"
24,"1","N3","T1",0.4542,0.5458,"HIGH"
25,"1","N3","T1",0.4378,0.5622,"HIGH"
26,"1","N3","T1",0.4229,0.5771,"HIGH"
27,"1","N3","T1",0.4229,0.5771,"HIGH"
28,"1","N3","T1",0.4229,0.5771,"HIGH"
29,"1","N3","T1",0.4229,0.5771,"HIGH"
30,"1","N3","T1",0.4261,0.5739,"HIGH"
31,"1","N3","T1",0.435,0.565,"HIGH"
32,"1","N3","T1",0.4691,0.5309,"HIGH"
33,"1","N3","T1",0.4048,0.5952,"HIGH"
34,"1","N3","T1",0.3949,0.6051,"HIGH"
35,"1","N3","T1",0.3766,0.6234,"HIGH"
36,"1","N3","T1",0.3778,0.6222,"HIGH"
37,"1","N3","T1",0.3871,0.6129,"HIGH"
38,"1","N3","T1",0.3895,0.6105,"HIGH"
39,"1","N3","T1",0.391,0.609,"HIGH"
40,"1","N3","T1",0.4089,0.5911,"HIGH"
41,"1","N3","T1",0.4171,0.5829,"HIGH"
42,"1","N3","T1",0.4336,0.5664,"HIGH"
43,"1","N3","T1",0.423,0.577,"HIGH"
44,"1","N3","T1",0.4044,0.5956,"HIGH"
45,"1","N3","T1",0.4209,0.5791,"HIGH"
46,"1","N3","T1",0.4224,0.5776,"HIGH"
47,"1","N3","T1",0.4276,0.5724,"HIGH"
48,"1","N3","T1",0.4197,0.5803,"HIGH"
49,"1","N3","T1",0.4147,0.5853,"HIGH"
50,"1","N3","T1",0.4277,0.5723,"HIGH"
51,"1","N3","T1",0.4442,0.5558,"HIGH"
52,"1","N3","T1",0.4435,0.5565,"HIGH"
53,"1","N3","T1",0.4299,0.5701,"HIGH"
54,"1","N3","T1",0.4491,0.5509,"HIGH"
55,"1","N3","T1",0.4441,0.5559,"HIGH"
56,"1","N3","T1",0.4608,0.5392,"HIGH"
57,"1","N3","T1",0.4534,0.5466,"HIGH"
58,"1","N3","T1",0.4472,0.5528,"HIGH"
59,"1","N3","T1",0.448,0.552,"HIGH"
60,"1","N3","T1",0.4491,0.5509,"HIGH"
61,"1","N3","T1",0.4518,0.5482,"HIGH"
62,"1","N3","T1",0.4519,0.5481,"HIGH"
63,"1","N3","T1",0.4866,0.5134,"HIGH"
64,"1","N3","T1",0.482,0.518,"HIGH"
65,"1","N3","T1",0.4806,0.5194,"HIGH"
66,"1","N3","T1",0.484,0.516,"HIGH"
67,"1","N3","T1",0.5016,0.4984,"LOW"
68,"1","N3","T1",0.5007,0.4993,"LOW"
69,"1","N3","T1",0.5039,0.4961,"LOW"
70,"1","N3","T1",0.5073,0.4927,"LOW"
71,"1","N3","T1",0.5181,0.4819,"LOW"
72,"1","N3","T1",0.5199,0.4801,"LOW"
73,"1","N3","T1",0.5196,0.4804,"LOW"
74,"1","N3","T1",0.5131,0.4869,"LOW"
75,"1","N3","T1",0.5112,0.4888,"LOW"
76,"1","N3","T1",0.5122,0.4878,"LOW"
77,"1","N3","T1",0.513,0.487,"LOW"
78,"1","N3","T1",0.5198,0.4802,"LOW"
79,"1","N3","T1",0.515,0.485,"LOW"
80,"1","N3","T1",0.5158,0.4842,"LOW"
81,"1","N3","T1",0.5145,0.4855,"LOW"
82,"1","N3","T1",0.5341,0.4659,"LOW"
83,"1","N3","T1",0.5473,0.4527,"LOW"
84,"1","N3","T1",0.5291,0.4709,"LOW"
85,"1","N3","T1",0.5355,0.4645,"LOW"
86,"1","N3","T1",0.55,0.45,"LOW"
87,"1","N3","T1",0.5338,0.4662,"LOW"
88,"1","N3","T1",0.5298,0.4702,"LOW"
89,"1","N3","T1",0.5128,0.4872,"LOW"
90,"1","N3","T1",0.4624,0.5376,"HIGH"
91,"1","N3","T1",0.4624,0.5376,"HIGH"
92,"1","N3","T1",0.4624,0.5376,"HIGH"
93,"1","N3","T1",0.4624,0.5376,"HIGH"
94,"1","N3","T1",0.4624,0.5376,"HIGH"
95,"1","N3","T1",0.4624,0.5376,"HIGH"
96,"1","N3","T1",0.4624,0.5376,"HIGH"
97,"1","N3","T1",0.4624,0.5376,"HIGH"
98,"1","N3","T1",0.4624,0.5376,"HIGH"
99,"1","N3","T1",0.4624,0.5376,"HIGH"
0,"2","N3","T1",0.4053,0.5947,"HIGH"
1,"2","N3","T1",0.4053,0.5947,"HIGH"
2,"2","N3","T1",0.4053,0.5947,"HIGH"
3,"2","N3","T1",0.4053,0.5947,"HIGH"
4,"2","N3","T1",0.4053,0.5947,"HIGH"
5,"2","N3","T1",0.4053,0.5947,"HIGH"
6,"2","N3","T1",0.4053,0.5947,"HIGH"
7,"2","N3","T1",0.4053,0.5947,"HIGH"
8,"2","N3","T1",0.4053,0.5947,"HIGH"
9,"2","N3","T1",0.4053,0.5947,"HIGH"
10,"2","N3","T1",0.4053,0.5947,"HIGH"
11,"2","N3","T1",0.4053,0.5947,"HIGH"
12,"2","N3","T1",0.4053,0.5947,"HIGH"
13,"2","N3","T1",0.4053,0.5947,"HIGH"
14,"2","N3","T1",0.4053,0.5947,"HIGH"
15,"2","N3","T1",0.4053,0.5947,"HIGH"
16,"2","N3","T1",0.4053,0.5947,"HIGH"
17,"2","N3","T1",0.4053,0.5947,"HIGH"
18,"2","N3","T1",0.4053,0.5947,"HIGH"
19,"2","N3","T1",0.4073,0.5927,"HIGH"
20,"2","N3","T1",0.4073,0.5927,"HIGH"
21,"2","N3","T1",0.4073,0.5927,"HIGH"
22,"2","N3","T1",0.4438,0.5562,"HIGH"
23,"2","N3","T1",0.4438,0.5562,"HIGH"
24,"2","N3","T1",0.4438,0.5562,"HIGH"
25,"2","N3","T1",0.3759,0.6241,"HIGH"
26,"2","N3","T1",0.3456,0.6544,"HIGH"
27,"2","N3","T1",0.3437,0.6563,"HIGH"
28,"2","N3","T1",0.3437,0.6563,"HIGH"
29,"2","N3","T1",0.3437,0.6563,"HIGH"
30,"2","N3","T1",0.3441,0.6559,"HIGH"
31,"2","N3","T1",0.3501,0.6499,"HIGH"
32,"2","N3","T1",0.3947,0.6053,"HIGH"
33,"2","N3","T1",0.3734,0.6266,"HIGH"
34,"2","N3","T1",0.4989,0.5011,"HIGH"
35,"2","N3","T1",0.4562,0.5438,"HIGH"
36,"2","N3","T1",0.4611,0.5389,"HIGH"
37,"2","N3","T1",0.4435,0.5565,"HIGH"
38,"2","N3","T1",0.4478,0.5522,"HIGH"
39,"2","N3","T1",0.4468,0.5532,"HIGH"
40,"2","N3","T1",0.4498,0.5502,"HIGH"
41,"2","N3","T1",0.4488,0.5512,"HIGH"
42,"2","N3","T1",0.4584,0.5416,"HIGH"
43,"2","N3","T1",0.4278,0.5722,"HIGH"
44,"2","N3","T1",0.4331,0.5669,"HIGH"
45,"2","N3","T1",0.4446,0.5554,"HIGH"
46,"2","N3","T1",0.4415,0.5585,"HIGH"
47,"2","N3","T1",0.4398,0.5602,"HIGH"
48,"2","N3","T1",0.4424,0.5576,"HIGH"
49,"2","N3","T1",0.4543,0.5457,"HIGH"
50,"2","N3","T1",0.4723,0.5277,"HIGH"
51,"2","N3","T1",0.476,0.524,"HIGH"
52,"2","N3","T1",0.4716,0.5284,"HIGH"
53,"2","N3","T1",0.4719,0.5281,"HIGH"
54,"2","N3","T1",0.4754,0.5246,"HIGH"
55,"2","N3","T1",0.4778,0.5222,"HIGH"
56,"2","N3","T1",0.4539,0.5461,"HIGH"
57,"2","N3","T1",0.4589,0.5411,"HIGH"
58,"2","N3","T1",0.4915,0.5085,"HIGH"
59,"2","N3","T1",0.4776,0.5224,"HIGH"
60,"2","N3","T1",0.4823,0.5177,"HIGH"
61,"2","N3","T1",0.4858,0.5142,"HIGH"
62,"2","N3","T1",0.4905,0.5095,"HIGH"
63,"2","N3","T1",0.5187,0.4813,"LOW"
64,"2","N3","T1",0.5178,0.4822,"LOW"
65,"2","N3","T1",0.5076,0.4924,"LOW"
66,"2","N3","T1",0.5093,0.4907,"LOW"
67,"2","N3","T1",0.5141,0.4859,"LOW"
68,"2","N3","T1",0.5178,0.4822,"LOW"
69,"2","N3","T1",0.5149,0.4851,"LOW"
70,"2","N3","T1",0.5158,0.4842,"LOW"
71,"2","N3","T1",0.5171,0.4829,"LOW"
72,"2","N3","T1",0.5213,0.4787,"LOW"
73,"2","N3","T1",0.5208,0.4792,"LOW"
74,"2","N3","T1",0.5165,0.4835,"LOW"
75,"2","N3","T1",0.5148,0.4852,"LOW"
76,"2","N3","T1",0.5165,0.4835,"LOW"
77,"2","N3","T1",0.5174,0.4826,"LOW"
78,"2","N3","T1",0.5204,0.4796,"LOW"
79,"2","N3","T1",0.523,0.477,"LOW"
80,"2","N3","T1",0.5209,0.4791,"LOW"
81,"2","N3","T1",0.5191,0.4809,"LOW"
82,"2","N3","T1",0.525,0.475,"LOW"
83,"2","N3","T1",0.527,0.473,"LOW"
84,"2","N3","T1",0.5194,0.4806,"LOW"
85,"2","N3","T1",0.5216,0.4784,"LOW"
86,"2","N3","T1",0.5598,0.4402,"LOW"
87,"2","N3","T1",0.5303,0.4697,"LOW"
88,"2","N3","T1",0.5475,0.4525,"LOW"
89,"2","N3","T1",0.5384,0.4616,"LOW"
90,"2","N3","T1",0.4301,0.5699,"HIGH"
91,"2","N3","T1",0.4301,0.5699,"HIGH"
92,"2","N3","T1",0.4301,0.5699,"HIGH"
93,"2","N3","T1",0.4301,0.5699,"HIGH"
94,"2","N3","T1",0.4301,0.5699,"HIGH"
95,"2","N3","T1",0.4301,0.5699,"HIGH"
96,"2","N3","T1",0.4301,0.5699,"HIGH"
97,"2","N3","T1",0.4301,0.5699,"HIGH"
98,"2","N3","T1",0.4301,0.5699,"HIGH"
99,"2","N3","T1",0.4301,0.5699,"HIGH"
0,"1","Other/Unknown","T1",0.6726,0.3274,"LOW"
1,"1","Other/Unknown","T1",0.6726,0.3274,"LOW"
2,"1","Other/Unknown","T1",0.6726,0.3274,"LOW"
3,"1","Other/Unknown","T1",0.6726,0.3274,"LOW"
4,"1","Other/Unknown","T1",0.6726,0.3274,"LOW"
5,"1","Other/Unknown","T1",0.6726,0.3274,"LOW"
6,"1","Other/Unknown","T1",0.6726,0.3274,"LOW"
7,"1","Other/Unknown","T1",0.6726,0.3274,"LOW"
8,"1","Other/Unknown","T1",0.6726,0.3274,"LOW"
9,"1","Other/Unknown","T1",0.6726,0.3274,"LOW"
10,"1","Other/Unknown","T1",0.6726,0.3274,"LOW"
11,"1","Other/Unknown","T1",0.6726,0.3274,"LOW"
12,"1","Other/Unknown","T1",0.6726,0.3274,"LOW"
13,"1","Other/Unknown","T1",0.6726,0.3274,"LOW"
14,"1","Other/Unknown","T1",0.6726,0.3274,"LOW"
15,"1","Other/Unknown","T1",0.6726,0.3274,"LOW"
16,"1","Other/Unknown","T1",0.6726,0.3274,"LOW"
17,"1","Other/Unknown","T1",0.6726,0.3274,"LOW"
18,"1","Other/Unknown","T1",0.6726,0.3274,"LOW"
19,"1","Other/Unknown","T1",0.6729,0.3271,"LOW"
20,"1","Other/Unknown","T1",0.6729,0.3271,"LOW"
21,"1","Other/Unknown","T1",0.6729,0.3271,"LOW"
22,"1","Other/Unknown","T1",0.6729,0.3271,"LOW"
23,"1","Other/Unknown","T1",0.6729,0.3271,"LOW"
24,"1","Other/Unknown","T1",0.6729,0.3271,"LOW"
25,"1","Other/Unknown","T1",0.6729,0.3271,"LOW"
26,"1","Other/Unknown","T1",0.6729,0.3271,"LOW"
27,"1","Other/Unknown","T1",0.6729,0.3271,"LOW"
28,"1","Other/Unknown","T1",0.6729,0.3271,"LOW"
29,"1","Other/Unknown","T1",0.6729,0.3271,"LOW"
30,"1","Other/Unknown","T1",0.6729,0.3271,"LOW"
31,"1","Other/Unknown","T1",0.6705,0.3295,"LOW"
32,"1","Other/Unknown","T1",0.6558,0.3442,"LOW"
33,"1","Other/Unknown","T1",0.6114,0.3886,"LOW"
34,"1","Other/Unknown","T1",0.5886,0.4114,"LOW"
35,"1","Other/Unknown","T1",0.5886,0.4114,"LOW"
36,"1","Other/Unknown","T1",0.5846,0.4154,"LOW"
37,"1","Other/Unknown","T1",0.5678,0.4322,"LOW"
38,"1","Other/Unknown","T1",0.5763,0.4237,"LOW"
39,"1","Other/Unknown","T1",0.5971,0.4029,"LOW"
40,"1","Other/Unknown","T1",0.603,0.397,"LOW"
41,"1","Other/Unknown","T1",0.6018,0.3982,"LOW"
42,"1","Other/Unknown","T1",0.5954,0.4046,"LOW"
43,"1","Other/Unknown","T1",0.5621,0.4379,"LOW"
44,"1","Other/Unknown","T1",0.5729,0.4271,"LOW"
45,"1","Other/Unknown","T1",0.6125,0.3875,"LOW"
46,"1","Other/Unknown","T1",0.5943,0.4057,"LOW"
47,"1","Other/Unknown","T1",0.6053,0.3947,"LOW"
48,"1","Other/Unknown","T1",0.5871,0.4129,"LOW"
49,"1","Other/Unknown","T1",0.5959,0.4041,"LOW"
50,"1","Other/Unknown","T1",0.5872,0.4128,"LOW"
51,"1","Other/Unknown","T1",0.5802,0.4198,"LOW"
52,"1","Other/Unknown","T1",0.5813,0.4187,"LOW"
53,"1","Other/Unknown","T1",0.5901,0.4099,"LOW"
54,"1","Other/Unknown","T1",0.5944,0.4056,"LOW"
55,"1","Other/Unknown","T1",0.5979,0.4021,"LOW"
56,"1","Other/Unknown","T1",0.6073,0.3927,"LOW"
57,"1","Other/Unknown","T1",0.6046,0.3954,"LOW"
58,"1","Other/Unknown","T1",0.5943,0.4057,"LOW"
59,"1","Other/Unknown","T1",0.6052,0.3948,"LOW"
60,"1","Other/Unknown","T1",0.6028,0.3972,"LOW"
61,"1","Other/Unknown","T1",0.5976,0.4024,"LOW"
62,"1","Other/Unknown","T1",0.5809,0.4191,"LOW"
63,"1","Other/Unknown","T1",0.6737,0.3263,"LOW"
64,"1","Other/Unknown","T1",0.66,0.34,"LOW"
65,"1","Other/Unknown","T1",0.6567,0.3433,"LOW"
66,"1","Other/Unknown","T1",0.6553,0.3447,"LOW"
67,"1","Other/Unknown","T1",0.6567,0.3433,"LOW"
68,"1","Other/Unknown","T1",0.6599,0.3401,"LOW"
69,"1","Other/Unknown","T1",0.6599,0.3401,"LOW"
70,"1","Other/Unknown","T1",0.6505,0.3495,"LOW"
71,"1","Other/Unknown","T1",0.6571,0.3429,"LOW"
72,"1","Other/Unknown","T1",0.6578,0.3422,"LOW"
73,"1","Other/Unknown","T1",0.6556,0.3444,"LOW"
74,"1","Other/Unknown","T1",0.6507,0.3493,"LOW"
75,"1","Other/Unknown","T1",0.6481,0.3519,"LOW"
76,"1","Other/Unknown","T1",0.6553,0.3447,"LOW"
77,"1","Other/Unknown","T1",0.6601,0.3399,"LOW"
78,"1","Other/Unknown","T1",0.6515,0.3485,"LOW"
79,"1","Other/Unknown","T1",0.6346,0.3654,"LOW"
80,"1","Other/Unknown","T1",0.618,0.382,"LOW"
81,"1","Other/Unknown","T1",0.6236,0.3764,"LOW"
82,"1","Other/Unknown","T1",0.6245,0.3755,"LOW"
83,"1","Other/Unknown","T1",0.6279,0.3721,"LOW"
84,"1","Other/Unknown","T1",0.6317,0.3683,"LOW"
85,"1","Other/Unknown","T1",0.5966,0.4034,"LOW"
86,"1","Other/Unknown","T1",0.633,0.367,"LOW"
87,"1","Other/Unknown","T1",0.6179,0.3821,"LOW"
88,"1","Other/Unknown","T1",0.6106,0.3894,"LOW"
89,"1","Other/Unknown","T1",0.6501,0.3499,"LOW"
90,"1","Other/Unknown","T1",0.5576,0.4424,"LOW"
91,"1","Other/Unknown","T1",0.5576,0.4424,"LOW"
92,"1","Other/Unknown","T1",0.5576,0.4424,"LOW"
93,"1","Other/Unknown","T1",0.5576,0.4424,"LOW"
94,"1","Other/Unknown","T1",0.5576,0.4424,"LOW"
95,"1","Other/Unknown","T1",0.5576,0.4424,"LOW"
96,"1","Other/Unknown","T1",0.5576,0.4424,"LOW"
97,"1","Other/Unknown","T1",0.5576,0.4424,"LOW"
98,"1","Other/Unknown","T1",0.5576,0.4424,"LOW"
99,"1","Other/Unknown","T1",0.5576,0.4424,"LOW"
0,"2","Other/Unknown","T1",0.7072,0.2928,"LOW"
1,"2","Other/Unknown","T1",0.7072,0.2928,"LOW"
2,"2","Other/Unknown","T1",0.7072,0.2928,"LOW"
3,"2","Other/Unknown","T1",0.7072,0.2928,"LOW"
4,"2","Other/Unknown","T1",0.7072,0.2928,"LOW"
5,"2","Other/Unknown","T1",0.7072,0.2928,"LOW"
6,"2","Other/Unknown","T1",0.7072,0.2928,"LOW"
7,"2","Other/Unknown","T1",0.7072,0.2928,"LOW"
8,"2","Other/Unknown","T1",0.7072,0.2928,"LOW"
9,"2","Other/Unknown","T1",0.7072,0.2928,"LOW"
10,"2","Other/Unknown","T1",0.7072,0.2928,"LOW"
11,"2","Other/Unknown","T1",0.7072,0.2928,"LOW"
12,"2","Other/Unknown","T1",0.7072,0.2928,"LOW"
13,"2","Other/Unknown","T1",0.7072,0.2928,"LOW"
14,"2","Other/Unknown","T1",0.7072,0.2928,"LOW"
15,"2","Other/Unknown","T1",0.7072,0.2928,"LOW"
16,"2","Other/Unknown","T1",0.7072,0.2928,"LOW"
17,"2","Other/Unknown","T1",0.7072,0.2928,"LOW"
18,"2","Other/Unknown","T1",0.7072,0.2928,"LOW"
19,"2","Other/Unknown","T1",0.7072,0.2928,"LOW"
20,"2","Other/Unknown","T1",0.7072,0.2928,"LOW"
21,"2","Other/Unknown","T1",0.7072,0.2928,"LOW"
22,"2","Other/Unknown","T1",0.7072,0.2928,"LOW"
23,"2","Other/Unknown","T1",0.7072,0.2928,"LOW"
24,"2","Other/Unknown","T1",0.7072,0.2928,"LOW"
25,"2","Other/Unknown","T1",0.7072,0.2928,"LOW"
26,"2","Other/Unknown","T1",0.7072,0.2928,"LOW"
27,"2","Other/Unknown","T1",0.7072,0.2928,"LOW"
28,"2","Other/Unknown","T1",0.7072,0.2928,"LOW"
29,"2","Other/Unknown","T1",0.7072,0.2928,"LOW"
30,"2","Other/Unknown","T1",0.7072,0.2928,"LOW"
31,"2","Other/Unknown","T1",0.7046,0.2954,"LOW"
32,"2","Other/Unknown","T1",0.7049,0.2951,"LOW"
33,"2","Other/Unknown","T1",0.6955,0.3045,"LOW"
34,"2","Other/Unknown","T1",0.6673,0.3327,"LOW"
35,"2","Other/Unknown","T1",0.6627,0.3373,"LOW"
36,"2","Other/Unknown","T1",0.6624,0.3376,"LOW"
37,"2","Other/Unknown","T1",0.6484,0.3516,"LOW"
38,"2","Other/Unknown","T1",0.6642,0.3358,"LOW"
39,"2","Other/Unknown","T1",0.6687,0.3313,"LOW"
40,"2","Other/Unknown","T1",0.6099,0.3901,"LOW"
41,"2","Other/Unknown","T1",0.6071,0.3929,"LOW"
42,"2","Other/Unknown","T1",0.6256,0.3744,"LOW"
43,"2","Other/Unknown","T1",0.6111,0.3889,"LOW"
44,"2","Other/Unknown","T1",0.6329,0.3671,"LOW"
45,"2","Other/Unknown","T1",0.6366,0.3634,"LOW"
46,"2","Other/Unknown","T1",0.6387,0.3613,"LOW"
47,"2","Other/Unknown","T1",0.6231,0.3769,"LOW"
48,"2","Other/Unknown","T1",0.622,0.378,"LOW"
49,"2","Other/Unknown","T1",0.6131,0.3869,"LOW"
50,"2","Other/Unknown","T1",0.6286,0.3714,"LOW"
51,"2","Other/Unknown","T1",0.6188,0.3812,"LOW"
52,"2","Other/Unknown","T1",0.6533,0.3467,"LOW"
53,"2","Other/Unknown","T1",0.6493,0.3507,"LOW"
54,"2","Other/Unknown","T1",0.6644,0.3356,"LOW"
55,"2","Other/Unknown","T1",0.6591,0.3409,"LOW"
56,"2","Other/Unknown","T1",0.652,0.348,"LOW"
57,"2","Other/Unknown","T1",0.663,0.337,"LOW"
58,"2","Other/Unknown","T1",0.6886,0.3114,"LOW"
59,"2","Other/Unknown","T1",0.6821,0.3179,"LOW"
60,"2","Other/Unknown","T1",0.6701,0.3299,"LOW"
61,"2","Other/Unknown","T1",0.6816,0.3184,"LOW"
62,"2","Other/Unknown","T1",0.6565,0.3435,"LOW"
63,"2","Other/Unknown","T1",0.6959,0.3041,"LOW"
64,"2","Other/Unknown","T1",0.6885,0.3115,"LOW"
65,"2","Other/Unknown","T1",0.6982,0.3018,"LOW"
66,"2","Other/Unknown","T1",0.6957,0.3043,"LOW"
67,"2","Other/Unknown","T1",0.6985,0.3015,"LOW"
68,"2","Other/Unknown","T1",0.6895,0.3105,"LOW"
69,"2","Other/Unknown","T1",0.6994,0.3006,"LOW"
70,"2","Other/Unknown","T1",0.6993,0.3007,"LOW"
71,"2","Other/Unknown","T1",0.6922,0.3078,"LOW"
72,"2","Other/Unknown","T1",0.6981,0.3019,"LOW"
73,"2","Other/Unknown","T1",0.6975,0.3025,"LOW"
74,"2","Other/Unknown","T1",0.7001,0.2999,"LOW"
75,"2","Other/Unknown","T1",0.6986,0.3014,"LOW"
76,"2","Other/Unknown","T1",0.7056,0.2944,"LOW"
77,"2","Other/Unknown","T1",0.7029,0.2971,"LOW"
78,"2","Other/Unknown","T1",0.7081,0.2919,"LOW"
79,"2","Other/Unknown","T1",0.6896,0.3104,"LOW"
80,"2","Other/Unknown","T1",0.6926,0.3074,"LOW"
81,"2","Other/Unknown","T1",0.6939,0.3061,"LOW"
82,"2","Other/Unknown","T1",0.6973,0.3027,"LOW"
83,"2","Other/Unknown","T1",0.6976,0.3024,"LOW"
84,"2","Other/Unknown","T1",0.6939,0.3061,"LOW"
85,"2","Other/Unknown","T1",0.6679,0.3321,"LOW"
86,"2","Other/Unknown","T1",0.6698,0.3302,"LOW"
87,"2","Other/Unknown","T1",0.6487,0.3513,"LOW"
88,"2","Other/Unknown","T1",0.6489,0.3511,"LOW"
89,"2","Other/Unknown","T1",0.6332,0.3668,"LOW"
90,"2","Other/Unknown","T1",0.5133,0.4867,"LOW"
91,"2","Other/Unknown","T1",0.5133,0.4867,"LOW"
92,"2","Other/Unknown","T1",0.5133,0.4867,"LOW"
93,"2","Other/Unknown","T1",0.5133,0.4867,"LOW"
94,"2","Other/Unknown","T1",0.5133,0.4867,"LOW"
95,"2","Other/Unknown","T1",0.5133,0.4867,"LOW"
96,"2","Other/Unknown","T1",0.5133,0.4867,"LOW"
97,"2","Other/Unknown","T1",0.5133,0.4867,"LOW"
98,"2","Other/Unknown","T1",0.5133,0.4867,"LOW"
99,"2","Other/Unknown","T1",0.5133,0.4867,"LOW"
0,"1","N0","T2",0.8683,0.1317,"LOW"
1,"1","N0","T2",0.8683,0.1317,"LOW"
2,"1","N0","T2",0.8683,0.1317,"LOW"
3,"1","N0","T2",0.8683,0.1317,"LOW"
4,"1","N0","T2",0.8683,0.1317,"LOW"
5,"1","N0","T2",0.8683,0.1317,"LOW"
6,"1","N0","T2",0.8683,0.1317,"LOW"
7,"1","N0","T2",0.8683,0.1317,"LOW"
8,"1","N0","T2",0.8683,0.1317,"LOW"
9,"1","N0","T2",0.8683,0.1317,"LOW"
10,"1","N0","T2",0.8683,0.1317,"LOW"
11,"1","N0","T2",0.8683,0.1317,"LOW"
12,"1","N0","T2",0.8683,0.1317,"LOW"
13,"1","N0","T2",0.8683,0.1317,"LOW"
14,"1","N0","T2",0.8683,0.1317,"LOW"
15,"1","N0","T2",0.8683,0.1317,"LOW"
16,"1","N0","T2",0.8683,0.1317,"LOW"
17,"1","N0","T2",0.8683,0.1317,"LOW"
18,"1","N0","T2",0.8683,0.1317,"LOW"
19,"1","N0","T2",0.866,0.134,"LOW"
20,"1","N0","T2",0.8687,0.1313,"LOW"
21,"1","N0","T2",0.8687,0.1313,"LOW"
22,"1","N0","T2",0.8687,0.1313,"LOW"
23,"1","N0","T2",0.8687,0.1313,"LOW"
24,"1","N0","T2",0.8687,0.1313,"LOW"
25,"1","N0","T2",0.8687,0.1313,"LOW"
26,"1","N0","T2",0.8534,0.1466,"LOW"
27,"1","N0","T2",0.8196,0.1804,"LOW"
28,"1","N0","T2",0.792,0.208,"LOW"
29,"1","N0","T2",0.8054,0.1946,"LOW"
30,"1","N0","T2",0.7908,0.2092,"LOW"
31,"1","N0","T2",0.8006,0.1994,"LOW"
32,"1","N0","T2",0.7893,0.2107,"LOW"
33,"1","N0","T2",0.7898,0.2102,"LOW"
34,"1","N0","T2",0.7588,0.2412,"LOW"
35,"1","N0","T2",0.7685,0.2315,"LOW"
36,"1","N0","T2",0.7715,0.2285,"LOW"
37,"1","N0","T2",0.7692,0.2308,"LOW"
38,"1","N0","T2",0.7724,0.2276,"LOW"
39,"1","N0","T2",0.7644,0.2356,"LOW"
40,"1","N0","T2",0.7575,0.2425,"LOW"
41,"1","N0","T2",0.7563,0.2437,"LOW"
42,"1","N0","T2",0.755,0.245,"LOW"
43,"1","N0","T2",0.7515,0.2485,"LOW"
44,"1","N0","T2",0.7559,0.2441,"LOW"
45,"1","N0","T2",0.7611,0.2389,"LOW"
46,"1","N0","T2",0.7601,0.2399,"LOW"
47,"1","N0","T2",0.7505,0.2495,"LOW"
48,"1","N0","T2",0.7525,0.2475,"LOW"
49,"1","N0","T2",0.7466,0.2534,"LOW"
50,"1","N0","T2",0.746,0.254,"LOW"
51,"1","N0","T2",0.7481,0.2519,"LOW"
52,"1","N0","T2",0.7491,0.2509,"LOW"
53,"1","N0","T2",0.754,0.246,"LOW"
54,"1","N0","T2",0.7568,0.2432,"LOW"
55,"1","N0","T2",0.756,0.244,"LOW"
56,"1","N0","T2",0.7556,0.2444,"LOW"
57,"1","N0","T2",0.7599,0.2401,"LOW"
58,"1","N0","T2",0.7637,0.2363,"LOW"
59,"1","N0","T2",0.7584,0.2416,"LOW"
60,"1","N0","T2",0.7655,0.2345,"LOW"
61,"1","N0","T2",0.7805,0.2195,"LOW"
62,"1","N0","T2",0.793,0.207,"LOW"
63,"1","N0","T2",0.7906,0.2094,"LOW"
64,"1","N0","T2",0.7917,0.2083,"LOW"
65,"1","N0","T2",0.7996,0.2004,"LOW"
66,"1","N0","T2",0.7982,0.2018,"LOW"
67,"1","N0","T2",0.7956,0.2044,"LOW"
68,"1","N0","T2",0.8012,0.1988,"LOW"
69,"1","N0","T2",0.8022,0.1978,"LOW"
70,"1","N0","T2",0.8041,0.1959,"LOW"
71,"1","N0","T2",0.804,0.196,"LOW"
72,"1","N0","T2",0.8036,0.1964,"LOW"
73,"1","N0","T2",0.804,0.196,"LOW"
74,"1","N0","T2",0.8039,0.1961,"LOW"
75,"1","N0","T2",0.8043,0.1957,"LOW"
76,"1","N0","T2",0.8032,0.1968,"LOW"
77,"1","N0","T2",0.8031,0.1969,"LOW"
78,"1","N0","T2",0.8051,0.1949,"LOW"
79,"1","N0","T2",0.8039,0.1961,"LOW"
80,"1","N0","T2",0.8033,0.1967,"LOW"
81,"1","N0","T2",0.8043,0.1957,"LOW"
82,"1","N0","T2",0.8031,0.1969,"LOW"
83,"1","N0","T2",0.8005,0.1995,"LOW"
84,"1","N0","T2",0.7998,0.2002,"LOW"
85,"1","N0","T2",0.7958,0.2042,"LOW"
86,"1","N0","T2",0.7899,0.2101,"LOW"
87,"1","N0","T2",0.7922,0.2078,"LOW"
88,"1","N0","T2",0.7912,0.2088,"LOW"
89,"1","N0","T2",0.794,0.206,"LOW"
90,"1","N0","T2",0.7519,0.2481,"LOW"
91,"1","N0","T2",0.7519,0.2481,"LOW"
92,"1","N0","T2",0.7519,0.2481,"LOW"
93,"1","N0","T2",0.7519,0.2481,"LOW"
94,"1","N0","T2",0.7519,0.2481,"LOW"
95,"1","N0","T2",0.7519,0.2481,"LOW"
96,"1","N0","T2",0.7519,0.2481,"LOW"
97,"1","N0","T2",0.7519,0.2481,"LOW"
98,"1","N0","T2",0.7519,0.2481,"LOW"
99,"1","N0","T2",0.7519,0.2481,"LOW"
0,"2","N0","T2",0.8675,0.1325,"LOW"
1,"2","N0","T2",0.8675,0.1325,"LOW"
2,"2","N0","T2",0.8675,0.1325,"LOW"
3,"2","N0","T2",0.8675,0.1325,"LOW"
4,"2","N0","T2",0.8675,0.1325,"LOW"
5,"2","N0","T2",0.8675,0.1325,"LOW"
6,"2","N0","T2",0.8675,0.1325,"LOW"
7,"2","N0","T2",0.8675,0.1325,"LOW"
8,"2","N0","T2",0.8675,0.1325,"LOW"
9,"2","N0","T2",0.8675,0.1325,"LOW"
10,"2","N0","T2",0.8675,0.1325,"LOW"
11,"2","N0","T2",0.8675,0.1325,"LOW"
12,"2","N0","T2",0.8675,0.1325,"LOW"
13,"2","N0","T2",0.8675,0.1325,"LOW"
14,"2","N0","T2",0.8675,0.1325,"LOW"
15,"2","N0","T2",0.8675,0.1325,"LOW"
16,"2","N0","T2",0.8675,0.1325,"LOW"
17,"2","N0","T2",0.8675,0.1325,"LOW"
18,"2","N0","T2",0.8675,0.1325,"LOW"
19,"2","N0","T2",0.8489,0.1511,"LOW"
20,"2","N0","T2",0.8716,0.1284,"LOW"
21,"2","N0","T2",0.8718,0.1282,"LOW"
22,"2","N0","T2",0.8718,0.1282,"LOW"
23,"2","N0","T2",0.8718,0.1282,"LOW"
24,"2","N0","T2",0.8715,0.1285,"LOW"
25,"2","N0","T2",0.8715,0.1285,"LOW"
26,"2","N0","T2",0.8439,0.1561,"LOW"
27,"2","N0","T2",0.8492,0.1508,"LOW"
28,"2","N0","T2",0.7755,0.2245,"LOW"
29,"2","N0","T2",0.817,0.183,"LOW"
30,"2","N0","T2",0.8318,0.1682,"LOW"
31,"2","N0","T2",0.8258,0.1742,"LOW"
32,"2","N0","T2",0.8196,0.1804,"LOW"
33,"2","N0","T2",0.8055,0.1945,"LOW"
34,"2","N0","T2",0.7823,0.2177,"LOW"
35,"2","N0","T2",0.7749,0.2251,"LOW"
36,"2","N0","T2",0.7673,0.2327,"LOW"
37,"2","N0","T2",0.7673,0.2327,"LOW"
38,"2","N0","T2",0.7673,0.2327,"LOW"
39,"2","N0","T2",0.7719,0.2281,"LOW"
40,"2","N0","T2",0.7681,0.2319,"LOW"
41,"2","N0","T2",0.7657,0.2343,"LOW"
42,"2","N0","T2",0.7662,0.2338,"LOW"
43,"2","N0","T2",0.7632,0.2368,"LOW"
44,"2","N0","T2",0.767,0.233,"LOW"
45,"2","N0","T2",0.7631,0.2369,"LOW"
46,"2","N0","T2",0.7669,0.2331,"LOW"
47,"2","N0","T2",0.7637,0.2363,"LOW"
48,"2","N0","T2",0.7609,0.2391,"LOW"
49,"2","N0","T2",0.7616,0.2384,"LOW"
50,"2","N0","T2",0.7617,0.2383,"LOW"
51,"2","N0","T2",0.7628,0.2372,"LOW"
52,"2","N0","T2",0.7614,0.2386,"LOW"
53,"2","N0","T2",0.7645,0.2355,"LOW"
54,"2","N0","T2",0.7676,0.2324,"LOW"
55,"2","N0","T2",0.7688,0.2312,"LOW"
56,"2","N0","T2",0.7643,0.2357,"LOW"
57,"2","N0","T2",0.7721,0.2279,"LOW"
58,"2","N0","T2",0.7731,0.2269,"LOW"
59,"2","N0","T2",0.7732,0.2268,"LOW"
60,"2","N0","T2",0.7832,0.2168,"LOW"
61,"2","N0","T2",0.7908,0.2092,"LOW"
62,"2","N0","T2",0.7923,0.2077,"LOW"
63,"2","N0","T2",0.7933,0.2067,"LOW"
64,"2","N0","T2",0.7949,0.2051,"LOW"
65,"2","N0","T2",0.8069,0.1931,"LOW"
66,"2","N0","T2",0.8039,0.1961,"LOW"
67,"2","N0","T2",0.8036,0.1964,"LOW"
68,"2","N0","T2",0.8038,0.1962,"LOW"
69,"2","N0","T2",0.806,0.194,"LOW"
70,"2","N0","T2",0.806,0.194,"LOW"
71,"2","N0","T2",0.8069,0.1931,"LOW"
72,"2","N0","T2",0.806,0.194,"LOW"
73,"2","N0","T2",0.8054,0.1946,"LOW"
74,"2","N0","T2",0.806,0.194,"LOW"
75,"2","N0","T2",0.807,0.193,"LOW"
76,"2","N0","T2",0.8069,0.1931,"LOW"
77,"2","N0","T2",0.8071,0.1929,"LOW"
78,"2","N0","T2",0.8067,0.1933,"LOW"
79,"2","N0","T2",0.8065,0.1935,"LOW"
80,"2","N0","T2",0.8055,0.1945,"LOW"
81,"2","N0","T2",0.8056,0.1944,"LOW"
82,"2","N0","T2",0.8052,0.1948,"LOW"
83,"2","N0","T2",0.8015,0.1985,"LOW"
84,"2","N0","T2",0.8009,0.1991,"LOW"
85,"2","N0","T2",0.8033,0.1967,"LOW"
86,"2","N0","T2",0.78,0.22,"LOW"
87,"2","N0","T2",0.7748,0.2252,"LOW"
88,"2","N0","T2",0.7756,0.2244,"LOW"
89,"2","N0","T2",0.776,0.224,"LOW"
90,"2","N0","T2",0.734,0.266,"LOW"
91,"2","N0","T2",0.734,0.266,"LOW"
92,"2","N0","T2",0.734,0.266,"LOW"
93,"2","N0","T2",0.734,0.266,"LOW"
94,"2","N0","T2",0.734,0.266,"LOW"
95,"2","N0","T2",0.734,0.266,"LOW"
96,"2","N0","T2",0.734,0.266,"LOW"
97,"2","N0","T2",0.734,0.266,"LOW"
98,"2","N0","T2",0.734,0.266,"LOW"
99,"2","N0","T2",0.734,0.266,"LOW"
0,"1","N1","T2",0.5565,0.4435,"LOW"
1,"1","N1","T2",0.5565,0.4435,"LOW"
2,"1","N1","T2",0.5565,0.4435,"LOW"
3,"1","N1","T2",0.5565,0.4435,"LOW"
4,"1","N1","T2",0.5565,0.4435,"LOW"
5,"1","N1","T2",0.5565,0.4435,"LOW"
6,"1","N1","T2",0.5565,0.4435,"LOW"
7,"1","N1","T2",0.5565,0.4435,"LOW"
8,"1","N1","T2",0.5565,0.4435,"LOW"
9,"1","N1","T2",0.5565,0.4435,"LOW"
10,"1","N1","T2",0.5565,0.4435,"LOW"
11,"1","N1","T2",0.5565,0.4435,"LOW"
12,"1","N1","T2",0.5565,0.4435,"LOW"
13,"1","N1","T2",0.5565,0.4435,"LOW"
14,"1","N1","T2",0.5565,0.4435,"LOW"
15,"1","N1","T2",0.5565,0.4435,"LOW"
16,"1","N1","T2",0.5565,0.4435,"LOW"
17,"1","N1","T2",0.5565,0.4435,"LOW"
18,"1","N1","T2",0.5565,0.4435,"LOW"
19,"1","N1","T2",0.5585,0.4415,"LOW"
20,"1","N1","T2",0.5585,0.4415,"LOW"
21,"1","N1","T2",0.6126,0.3874,"LOW"
22,"1","N1","T2",0.6158,0.3842,"LOW"
23,"1","N1","T2",0.5843,0.4157,"LOW"
24,"1","N1","T2",0.5592,0.4408,"LOW"
25,"1","N1","T2",0.5474,0.4526,"LOW"
26,"1","N1","T2",0.5647,0.4353,"LOW"
27,"1","N1","T2",0.5638,0.4362,"LOW"
28,"1","N1","T2",0.5637,0.4363,"LOW"
29,"1","N1","T2",0.5591,0.4409,"LOW"
30,"1","N1","T2",0.5801,0.4199,"LOW"
31,"1","N1","T2",0.5745,0.4255,"LOW"
32,"1","N1","T2",0.6324,0.3676,"LOW"
33,"1","N1","T2",0.6451,0.3549,"LOW"
34,"1","N1","T2",0.6015,0.3985,"LOW"
35,"1","N1","T2",0.6204,0.3796,"LOW"
36,"1","N1","T2",0.6122,0.3878,"LOW"
37,"1","N1","T2",0.5901,0.4099,"LOW"
38,"1","N1","T2",0.5875,0.4125,"LOW"
39,"1","N1","T2",0.5887,0.4113,"LOW"
40,"1","N1","T2",0.5908,0.4092,"LOW"
41,"1","N1","T2",0.5943,0.4057,"LOW"
42,"1","N1","T2",0.6167,0.3833,"LOW"
43,"1","N1","T2",0.6248,0.3752,"LOW"
44,"1","N1","T2",0.6329,0.3671,"LOW"
45,"1","N1","T2",0.5998,0.4002,"LOW"
46,"1","N1","T2",0.5996,0.4004,"LOW"
47,"1","N1","T2",0.6057,0.3943,"LOW"
48,"1","N1","T2",0.603,0.397,"LOW"
49,"1","N1","T2",0.5939,0.4061,"LOW"
50,"1","N1","T2",0.613,0.387,"LOW"
51,"1","N1","T2",0.6074,0.3926,"LOW"
52,"1","N1","T2",0.6033,0.3967,"LOW"
53,"1","N1","T2",0.6231,0.3769,"LOW"
54,"1","N1","T2",0.6121,0.3879,"LOW"
55,"1","N1","T2",0.611,0.389,"LOW"
56,"1","N1","T2",0.6141,0.3859,"LOW"
57,"1","N1","T2",0.619,0.381,"LOW"
58,"1","N1","T2",0.6131,0.3869,"LOW"
59,"1","N1","T2",0.6278,0.3722,"LOW"
60,"1","N1","T2",0.6416,0.3584,"LOW"
61,"1","N1","T2",0.6435,0.3565,"LOW"
62,"1","N1","T2",0.6607,0.3393,"LOW"
63,"1","N1","T2",0.6521,0.3479,"LOW"
64,"1","N1","T2",0.6533,0.3467,"LOW"
65,"1","N1","T2",0.6585,0.3415,"LOW"
66,"1","N1","T2",0.6593,0.3407,"LOW"
67,"1","N1","T2",0.6583,0.3417,"LOW"
68,"1","N1","T2",0.6595,0.3405,"LOW"
69,"1","N1","T2",0.6547,0.3453,"LOW"
70,"1","N1","T2",0.6541,0.3459,"LOW"
71,"1","N1","T2",0.6597,0.3403,"LOW"
72,"1","N1","T2",0.6605,0.3395,"LOW"
73,"1","N1","T2",0.6603,0.3397,"LOW"
74,"1","N1","T2",0.6545,0.3455,"LOW"
75,"1","N1","T2",0.6555,0.3445,"LOW"
76,"1","N1","T2",0.6615,0.3385,"LOW"
77,"1","N1","T2",0.6605,0.3395,"LOW"
78,"1","N1","T2",0.6581,0.3419,"LOW"
79,"1","N1","T2",0.6579,0.3421,"LOW"
80,"1","N1","T2",0.6473,0.3527,"LOW"
81,"1","N1","T2",0.6418,0.3582,"LOW"
82,"1","N1","T2",0.649,0.351,"LOW"
83,"1","N1","T2",0.656,0.344,"LOW"
84,"1","N1","T2",0.6536,0.3464,"LOW"
85,"1","N1","T2",0.6539,0.3461,"LOW"
86,"1","N1","T2",0.649,0.351,"LOW"
87,"1","N1","T2",0.6524,0.3476,"LOW"
88,"1","N1","T2",0.6398,0.3602,"LOW"
89,"1","N1","T2",0.629,0.371,"LOW"
90,"1","N1","T2",0.6322,0.3678,"LOW"
91,"1","N1","T2",0.6322,0.3678,"LOW"
92,"1","N1","T2",0.6322,0.3678,"LOW"
93,"1","N1","T2",0.6322,0.3678,"LOW"
94,"1","N1","T2",0.6322,0.3678,"LOW"
95,"1","N1","T2",0.6322,0.3678,"LOW"
96,"1","N1","T2",0.6322,0.3678,"LOW"
97,"1","N1","T2",0.6322,0.3678,"LOW"
98,"1","N1","T2",0.6322,0.3678,"LOW"
99,"1","N1","T2",0.6322,0.3678,"LOW"
0,"2","N1","T2",0.6768,0.3232,"LOW"
1,"2","N1","T2",0.6768,0.3232,"LOW"
2,"2","N1","T2",0.6768,0.3232,"LOW"
3,"2","N1","T2",0.6768,0.3232,"LOW"
4,"2","N1","T2",0.6768,0.3232,"LOW"
5,"2","N1","T2",0.6768,0.3232,"LOW"
6,"2","N1","T2",0.6768,0.3232,"LOW"
7,"2","N1","T2",0.6768,0.3232,"LOW"
8,"2","N1","T2",0.6768,0.3232,"LOW"
9,"2","N1","T2",0.6768,0.3232,"LOW"
10,"2","N1","T2",0.6768,0.3232,"LOW"
11,"2","N1","T2",0.6768,0.3232,"LOW"
12,"2","N1","T2",0.6768,0.3232,"LOW"
13,"2","N1","T2",0.6768,0.3232,"LOW"
14,"2","N1","T2",0.6768,0.3232,"LOW"
15,"2","N1","T2",0.6768,0.3232,"LOW"
16,"2","N1","T2",0.6768,0.3232,"LOW"
17,"2","N1","T2",0.6768,0.3232,"LOW"
18,"2","N1","T2",0.6768,0.3232,"LOW"
19,"2","N1","T2",0.6767,0.3233,"LOW"
20,"2","N1","T2",0.6773,0.3227,"LOW"
21,"2","N1","T2",0.7004,0.2996,"LOW"
22,"2","N1","T2",0.7004,0.2996,"LOW"
23,"2","N1","T2",0.6942,0.3058,"LOW"
24,"2","N1","T2",0.6275,0.3725,"LOW"
25,"2","N1","T2",0.6395,0.3605,"LOW"
26,"2","N1","T2",0.6071,0.3929,"LOW"
27,"2","N1","T2",0.6124,0.3876,"LOW"
28,"2","N1","T2",0.6587,0.3413,"LOW"
29,"2","N1","T2",0.6352,0.3648,"LOW"
30,"2","N1","T2",0.6421,0.3579,"LOW"
31,"2","N1","T2",0.6724,0.3276,"LOW"
32,"2","N1","T2",0.6844,0.3156,"LOW"
33,"2","N1","T2",0.6736,0.3264,"LOW"
34,"2","N1","T2",0.6796,0.3204,"LOW"
35,"2","N1","T2",0.5706,0.4294,"LOW"
36,"2","N1","T2",0.6216,0.3784,"LOW"
37,"2","N1","T2",0.618,0.382,"LOW"
38,"2","N1","T2",0.6141,0.3859,"LOW"
39,"2","N1","T2",0.6235,0.3765,"LOW"
40,"2","N1","T2",0.6031,0.3969,"LOW"
41,"2","N1","T2",0.5957,0.4043,"LOW"
42,"2","N1","T2",0.5839,0.4161,"LOW"
43,"2","N1","T2",0.5844,0.4156,"LOW"
44,"2","N1","T2",0.5965,0.4035,"LOW"
45,"2","N1","T2",0.6026,0.3974,"LOW"
46,"2","N1","T2",0.5862,0.4138,"LOW"
47,"2","N1","T2",0.5908,0.4092,"LOW"
48,"2","N1","T2",0.5929,0.4071,"LOW"
49,"2","N1","T2",0.5968,0.4032,"LOW"
50,"2","N1","T2",0.6092,0.3908,"LOW"
51,"2","N1","T2",0.6044,0.3956,"LOW"
52,"2","N1","T2",0.6018,0.3982,"LOW"
53,"2","N1","T2",0.6104,0.3896,"LOW"
54,"2","N1","T2",0.6075,0.3925,"LOW"
55,"2","N1","T2",0.6082,0.3918,"LOW"
56,"2","N1","T2",0.6019,0.3981,"LOW"
57,"2","N1","T2",0.5922,0.4078,"LOW"
58,"2","N1","T2",0.5837,0.4163,"LOW"
59,"2","N1","T2",0.6105,0.3895,"LOW"
60,"2","N1","T2",0.6443,0.3557,"LOW"
61,"2","N1","T2",0.644,0.356,"LOW"
62,"2","N1","T2",0.6465,0.3535,"LOW"
63,"2","N1","T2",0.637,0.363,"LOW"
64,"2","N1","T2",0.6411,0.3589,"LOW"
65,"2","N1","T2",0.6425,0.3575,"LOW"
66,"2","N1","T2",0.6489,0.3511,"LOW"
67,"2","N1","T2",0.6455,0.3545,"LOW"
68,"2","N1","T2",0.6554,0.3446,"LOW"
69,"2","N1","T2",0.6542,0.3458,"LOW"
70,"2","N1","T2",0.6514,0.3486,"LOW"
71,"2","N1","T2",0.6587,0.3413,"LOW"
72,"2","N1","T2",0.659,0.341,"LOW"
73,"2","N1","T2",0.6616,0.3384,"LOW"
74,"2","N1","T2",0.658,0.342,"LOW"
75,"2","N1","T2",0.662,0.338,"LOW"
76,"2","N1","T2",0.6585,0.3415,"LOW"
77,"2","N1","T2",0.6614,0.3386,"LOW"
78,"2","N1","T2",0.6507,0.3493,"LOW"
79,"2","N1","T2",0.6555,0.3445,"LOW"
80,"2","N1","T2",0.6409,0.3591,"LOW"
81,"2","N1","T2",0.6413,0.3587,"LOW"
82,"2","N1","T2",0.6381,0.3619,"LOW"
83,"2","N1","T2",0.6322,0.3678,"LOW"
84,"2","N1","T2",0.6453,0.3547,"LOW"
85,"2","N1","T2",0.6458,0.3542,"LOW"
86,"2","N1","T2",0.6377,0.3623,"LOW"
87,"2","N1","T2",0.6228,0.3772,"LOW"
88,"2","N1","T2",0.6119,0.3881,"LOW"
89,"2","N1","T2",0.6279,0.3721,"LOW"
90,"2","N1","T2",0.6258,0.3742,"LOW"
91,"2","N1","T2",0.6258,0.3742,"LOW"
92,"2","N1","T2",0.6258,0.3742,"LOW"
93,"2","N1","T2",0.6258,0.3742,"LOW"
94,"2","N1","T2",0.6258,0.3742,"LOW"
95,"2","N1","T2",0.6258,0.3742,"LOW"
96,"2","N1","T2",0.6258,0.3742,"LOW"
97,"2","N1","T2",0.6258,0.3742,"LOW"
98,"2","N1","T2",0.6258,0.3742,"LOW"
99,"2","N1","T2",0.6258,0.3742,"LOW"
0,"1","N2","T2",0.5323,0.4677,"LOW"
1,"1","N2","T2",0.5323,0.4677,"LOW"
2,"1","N2","T2",0.5323,0.4677,"LOW"
3,"1","N2","T2",0.5323,0.4677,"LOW"
4,"1","N2","T2",0.5323,0.4677,"LOW"
5,"1","N2","T2",0.5323,0.4677,"LOW"
6,"1","N2","T2",0.5323,0.4677,"LOW"
7,"1","N2","T2",0.5323,0.4677,"LOW"
8,"1","N2","T2",0.5323,0.4677,"LOW"
9,"1","N2","T2",0.574,0.426,"LOW"
10,"1","N2","T2",0.5789,0.4211,"LOW"
11,"1","N2","T2",0.5789,0.4211,"LOW"
12,"1","N2","T2",0.5789,0.4211,"LOW"
13,"1","N2","T2",0.5789,0.4211,"LOW"
14,"1","N2","T2",0.5789,0.4211,"LOW"
15,"1","N2","T2",0.5789,0.4211,"LOW"
16,"1","N2","T2",0.5789,0.4211,"LOW"
17,"1","N2","T2",0.5789,0.4211,"LOW"
18,"1","N2","T2",0.5674,0.4326,"LOW"
19,"1","N2","T2",0.5236,0.4764,"LOW"
20,"1","N2","T2",0.5617,0.4383,"LOW"
21,"1","N2","T2",0.5981,0.4019,"LOW"
22,"1","N2","T2",0.6087,0.3913,"LOW"
23,"1","N2","T2",0.6087,0.3913,"LOW"
24,"1","N2","T2",0.604,0.396,"LOW"
25,"1","N2","T2",0.4447,0.5553,"HIGH"
26,"1","N2","T2",0.3972,0.6028,"HIGH"
27,"1","N2","T2",0.4119,0.5881,"HIGH"
28,"1","N2","T2",0.4126,0.5874,"HIGH"
29,"1","N2","T2",0.4356,0.5644,"HIGH"
30,"1","N2","T2",0.4304,0.5696,"HIGH"
31,"1","N2","T2",0.4409,0.5591,"HIGH"
32,"1","N2","T2",0.4204,0.5796,"HIGH"
33,"1","N2","T2",0.4144,0.5856,"HIGH"
34,"1","N2","T2",0.4623,0.5377,"HIGH"
35,"1","N2","T2",0.4907,0.5093,"HIGH"
36,"1","N2","T2",0.4549,0.5451,"HIGH"
37,"1","N2","T2",0.4571,0.5429,"HIGH"
38,"1","N2","T2",0.4551,0.5449,"HIGH"
39,"1","N2","T2",0.4627,0.5373,"HIGH"
40,"1","N2","T2",0.4687,0.5313,"HIGH"
41,"1","N2","T2",0.4747,0.5253,"HIGH"
42,"1","N2","T2",0.4614,0.5386,"HIGH"
43,"1","N2","T2",0.4597,0.5403,"HIGH"
44,"1","N2","T2",0.4569,0.5431,"HIGH"
45,"1","N2","T2",0.4568,0.5432,"HIGH"
46,"1","N2","T2",0.4516,0.5484,"HIGH"
47,"1","N2","T2",0.4697,0.5303,"HIGH"
48,"1","N2","T2",0.4705,0.5295,"HIGH"
49,"1","N2","T2",0.4714,0.5286,"HIGH"
50,"1","N2","T2",0.4809,0.5191,"HIGH"
51,"1","N2","T2",0.4772,0.5228,"HIGH"
52,"1","N2","T2",0.4892,0.5108,"HIGH"
53,"1","N2","T2",0.4877,0.5123,"HIGH"
54,"1","N2","T2",0.4872,0.5128,"HIGH"
55,"1","N2","T2",0.4818,0.5182,"HIGH"
56,"1","N2","T2",0.4932,0.5068,"HIGH"
57,"1","N2","T2",0.4929,0.5071,"HIGH"
58,"1","N2","T2",0.4917,0.5083,"HIGH"
59,"1","N2","T2",0.4886,0.5114,"HIGH"
60,"1","N2","T2",0.5032,0.4968,"LOW"
61,"1","N2","T2",0.5086,0.4914,"LOW"
62,"1","N2","T2",0.5015,0.4985,"LOW"
63,"1","N2","T2",0.5133,0.4867,"LOW"
64,"1","N2","T2",0.5125,0.4875,"LOW"
65,"1","N2","T2",0.5154,0.4846,"LOW"
66,"1","N2","T2",0.514,0.486,"LOW"
67,"1","N2","T2",0.5162,0.4838,"LOW"
68,"1","N2","T2",0.5175,0.4825,"LOW"
69,"1","N2","T2",0.5161,0.4839,"LOW"
70,"1","N2","T2",0.5204,0.4796,"LOW"
71,"1","N2","T2",0.5201,0.4799,"LOW"
72,"1","N2","T2",0.5214,0.4786,"LOW"
73,"1","N2","T2",0.5202,0.4798,"LOW"
74,"1","N2","T2",0.5217,0.4783,"LOW"
75,"1","N2","T2",0.5225,0.4775,"LOW"
76,"1","N2","T2",0.52,0.48,"LOW"
77,"1","N2","T2",0.5212,0.4788,"LOW"
78,"1","N2","T2",0.5218,0.4782,"LOW"
79,"1","N2","T2",0.5223,0.4777,"LOW"
80,"1","N2","T2",0.5212,0.4788,"LOW"
81,"1","N2","T2",0.5223,0.4777,"LOW"
82,"1","N2","T2",0.5216,0.4784,"LOW"
83,"1","N2","T2",0.5211,0.4789,"LOW"
84,"1","N2","T2",0.5204,0.4796,"LOW"
85,"1","N2","T2",0.5201,0.4799,"LOW"
86,"1","N2","T2",0.5216,0.4784,"LOW"
87,"1","N2","T2",0.5081,0.4919,"LOW"
88,"1","N2","T2",0.5137,0.4863,"LOW"
89,"1","N2","T2",0.5179,0.4821,"LOW"
90,"1","N2","T2",0.5009,0.4991,"LOW"
91,"1","N2","T2",0.5009,0.4991,"LOW"
92,"1","N2","T2",0.5009,0.4991,"LOW"
93,"1","N2","T2",0.5009,0.4991,"LOW"
94,"1","N2","T2",0.5009,0.4991,"LOW"
95,"1","N2","T2",0.5009,0.4991,"LOW"
96,"1","N2","T2",0.5009,0.4991,"LOW"
97,"1","N2","T2",0.5009,0.4991,"LOW"
98,"1","N2","T2",0.5009,0.4991,"LOW"
99,"1","N2","T2",0.5009,0.4991,"LOW"
0,"2","N2","T2",0.4998,0.5002,"HIGH"
1,"2","N2","T2",0.4998,0.5002,"HIGH"
2,"2","N2","T2",0.4998,0.5002,"HIGH"
3,"2","N2","T2",0.4998,0.5002,"HIGH"
4,"2","N2","T2",0.4998,0.5002,"HIGH"
5,"2","N2","T2",0.4998,0.5002,"HIGH"
6,"2","N2","T2",0.4998,0.5002,"HIGH"
7,"2","N2","T2",0.4998,0.5002,"HIGH"
8,"2","N2","T2",0.4998,0.5002,"HIGH"
9,"2","N2","T2",0.5755,0.4245,"LOW"
10,"2","N2","T2",0.5975,0.4025,"LOW"
11,"2","N2","T2",0.5975,0.4025,"LOW"
12,"2","N2","T2",0.5975,0.4025,"LOW"
13,"2","N2","T2",0.5975,0.4025,"LOW"
14,"2","N2","T2",0.5975,0.4025,"LOW"
15,"2","N2","T2",0.5975,0.4025,"LOW"
16,"2","N2","T2",0.5975,0.4025,"LOW"
17,"2","N2","T2",0.5975,0.4025,"LOW"
18,"2","N2","T2",0.5745,0.4255,"LOW"
19,"2","N2","T2",0.5649,0.4351,"LOW"
20,"2","N2","T2",0.6156,0.3844,"LOW"
21,"2","N2","T2",0.6253,0.3747,"LOW"
22,"2","N2","T2",0.628,0.372,"LOW"
23,"2","N2","T2",0.626,0.374,"LOW"
24,"2","N2","T2",0.622,0.378,"LOW"
25,"2","N2","T2",0.5121,0.4879,"LOW"
26,"2","N2","T2",0.4593,0.5407,"HIGH"
27,"2","N2","T2",0.4797,0.5203,"HIGH"
28,"2","N2","T2",0.5066,0.4934,"LOW"
29,"2","N2","T2",0.4896,0.5104,"HIGH"
30,"2","N2","T2",0.486,0.514,"HIGH"
31,"2","N2","T2",0.4706,0.5294,"HIGH"
32,"2","N2","T2",0.4495,0.5505,"HIGH"
33,"2","N2","T2",0.4524,0.5476,"HIGH"
34,"2","N2","T2",0.4617,0.5383,"HIGH"
35,"2","N2","T2",0.4642,0.5358,"HIGH"
36,"2","N2","T2",0.4344,0.5656,"HIGH"
37,"2","N2","T2",0.4407,0.5593,"HIGH"
38,"2","N2","T2",0.4518,0.5482,"HIGH"
39,"2","N2","T2",0.4518,0.5482,"HIGH"
40,"2","N2","T2",0.4508,0.5492,"HIGH"
41,"2","N2","T2",0.4683,0.5317,"HIGH"
42,"2","N2","T2",0.4491,0.5509,"HIGH"
43,"2","N2","T2",0.4542,0.5458,"HIGH"
44,"2","N2","T2",0.4434,0.5566,"HIGH"
45,"2","N2","T2",0.4594,0.5406,"HIGH"
46,"2","N2","T2",0.4544,0.5456,"HIGH"
47,"2","N2","T2",0.4594,0.5406,"HIGH"
48,"2","N2","T2",0.4645,0.5355,"HIGH"
49,"2","N2","T2",0.4681,0.5319,"HIGH"
50,"2","N2","T2",0.4814,0.5186,"HIGH"
51,"2","N2","T2",0.4738,0.5262,"HIGH"
52,"2","N2","T2",0.4771,0.5229,"HIGH"
53,"2","N2","T2",0.4795,0.5205,"HIGH"
54,"2","N2","T2",0.4771,0.5229,"HIGH"
55,"2","N2","T2",0.4732,0.5268,"HIGH"
56,"2","N2","T2",0.4795,0.5205,"HIGH"
57,"2","N2","T2",0.4788,0.5212,"HIGH"
58,"2","N2","T2",0.4751,0.5249,"HIGH"
59,"2","N2","T2",0.4746,0.5254,"HIGH"
60,"2","N2","T2",0.4893,0.5107,"HIGH"
61,"2","N2","T2",0.4996,0.5004,"HIGH"
62,"2","N2","T2",0.487,0.513,"HIGH"
63,"2","N2","T2",0.5008,0.4992,"LOW"
64,"2","N2","T2",0.4951,0.5049,"HIGH"
65,"2","N2","T2",0.5003,0.4997,"LOW"
66,"2","N2","T2",0.5097,0.4903,"LOW"
67,"2","N2","T2",0.5139,0.4861,"LOW"
68,"2","N2","T2",0.5171,0.4829,"LOW"
69,"2","N2","T2",0.5166,0.4834,"LOW"
70,"2","N2","T2",0.519,0.481,"LOW"
71,"2","N2","T2",0.5199,0.4801,"LOW"
72,"2","N2","T2",0.5199,0.4801,"LOW"
73,"2","N2","T2",0.5212,0.4788,"LOW"
74,"2","N2","T2",0.5202,0.4798,"LOW"
75,"2","N2","T2",0.5187,0.4813,"LOW"
76,"2","N2","T2",0.5192,0.4808,"LOW"
77,"2","N2","T2",0.5207,0.4793,"LOW"
78,"2","N2","T2",0.5231,0.4769,"LOW"
79,"2","N2","T2",0.5229,0.4771,"LOW"
80,"2","N2","T2",0.5229,0.4771,"LOW"
81,"2","N2","T2",0.5218,0.4782,"LOW"
82,"2","N2","T2",0.5227,0.4773,"LOW"
83,"2","N2","T2",0.5135,0.4865,"LOW"
84,"2","N2","T2",0.5139,0.4861,"LOW"
85,"2","N2","T2",0.5137,0.4863,"LOW"
86,"2","N2","T2",0.511,0.489,"LOW"
87,"2","N2","T2",0.5011,0.4989,"LOW"
88,"2","N2","T2",0.5068,0.4932,"LOW"
89,"2","N2","T2",0.498,0.502,"HIGH"
90,"2","N2","T2",0.4782,0.5218,"HIGH"
91,"2","N2","T2",0.4782,0.5218,"HIGH"
92,"2","N2","T2",0.4782,0.5218,"HIGH"
93,"2","N2","T2",0.4782,0.5218,"HIGH"
94,"2","N2","T2",0.4782,0.5218,"HIGH"
95,"2","N2","T2",0.4782,0.5218,"HIGH"
96,"2","N2","T2",0.4782,0.5218,"HIGH"
97,"2","N2","T2",0.4782,0.5218,"HIGH"
98,"2","N2","T2",0.4782,0.5218,"HIGH"
99,"2","N2","T2",0.4782,0.5218,"HIGH"
0,"1","N3","T2",0.3576,0.6424,"HIGH"
1,"1","N3","T2",0.3576,0.6424,"HIGH"
2,"1","N3","T2",0.3576,0.6424,"HIGH"
3,"1","N3","T2",0.3576,0.6424,"HIGH"
4,"1","N3","T2",0.3576,0.6424,"HIGH"
5,"1","N3","T2",0.3576,0.6424,"HIGH"
6,"1","N3","T2",0.3576,0.6424,"HIGH"
7,"1","N3","T2",0.3576,0.6424,"HIGH"
8,"1","N3","T2",0.3576,0.6424,"HIGH"
9,"1","N3","T2",0.3576,0.6424,"HIGH"
10,"1","N3","T2",0.3576,0.6424,"HIGH"
11,"1","N3","T2",0.3576,0.6424,"HIGH"
12,"1","N3","T2",0.3576,0.6424,"HIGH"
13,"1","N3","T2",0.3576,0.6424,"HIGH"
14,"1","N3","T2",0.3576,0.6424,"HIGH"
15,"1","N3","T2",0.3576,0.6424,"HIGH"
16,"1","N3","T2",0.3576,0.6424,"HIGH"
17,"1","N3","T2",0.3576,0.6424,"HIGH"
18,"1","N3","T2",0.3576,0.6424,"HIGH"
19,"1","N3","T2",0.3576,0.6424,"HIGH"
20,"1","N3","T2",0.3576,0.6424,"HIGH"
21,"1","N3","T2",0.3696,0.6304,"HIGH"
22,"1","N3","T2",0.3696,0.6304,"HIGH"
23,"1","N3","T2",0.3696,0.6304,"HIGH"
24,"1","N3","T2",0.3575,0.6425,"HIGH"
25,"1","N3","T2",0.3209,0.6791,"HIGH"
26,"1","N3","T2",0.3127,0.6873,"HIGH"
27,"1","N3","T2",0.3133,0.6867,"HIGH"
28,"1","N3","T2",0.3156,0.6844,"HIGH"
29,"1","N3","T2",0.3208,0.6792,"HIGH"
30,"1","N3","T2",0.349,0.651,"HIGH"
31,"1","N3","T2",0.3535,0.6465,"HIGH"
32,"1","N3","T2",0.3954,0.6046,"HIGH"
33,"1","N3","T2",0.3913,0.6087,"HIGH"
34,"1","N3","T2",0.3777,0.6223,"HIGH"
35,"1","N3","T2",0.3692,0.6308,"HIGH"
36,"1","N3","T2",0.3336,0.6664,"HIGH"
37,"1","N3","T2",0.3751,0.6249,"HIGH"
38,"1","N3","T2",0.3373,0.6627,"HIGH"
39,"1","N3","T2",0.3493,0.6507,"HIGH"
40,"1","N3","T2",0.3326,0.6674,"HIGH"
41,"1","N3","T2",0.323,0.677,"HIGH"
42,"1","N3","T2",0.3943,0.6057,"HIGH"
43,"1","N3","T2",0.3701,0.6299,"HIGH"
44,"1","N3","T2",0.3619,0.6381,"HIGH"
45,"1","N3","T2",0.3589,0.6411,"HIGH"
46,"1","N3","T2",0.3696,0.6304,"HIGH"
47,"1","N3","T2",0.3912,0.6088,"HIGH"
48,"1","N3","T2",0.3856,0.6144,"HIGH"
49,"1","N3","T2",0.3841,0.6159,"HIGH"
50,"1","N3","T2",0.3912,0.6088,"HIGH"
51,"1","N3","T2",0.4071,0.5929,"HIGH"
52,"1","N3","T2",0.3935,0.6065,"HIGH"
53,"1","N3","T2",0.3987,0.6013,"HIGH"
54,"1","N3","T2",0.3954,0.6046,"HIGH"
55,"1","N3","T2",0.394,0.606,"HIGH"
56,"1","N3","T2",0.3959,0.6041,"HIGH"
57,"1","N3","T2",0.4025,0.5975,"HIGH"
58,"1","N3","T2",0.4026,0.5974,"HIGH"
59,"1","N3","T2",0.4079,0.5921,"HIGH"
60,"1","N3","T2",0.4114,0.5886,"HIGH"
61,"1","N3","T2",0.4232,0.5768,"HIGH"
62,"1","N3","T2",0.4189,0.5811,"HIGH"
63,"1","N3","T2",0.4171,0.5829,"HIGH"
64,"1","N3","T2",0.4105,0.5895,"HIGH"
65,"1","N3","T2",0.4272,0.5728,"HIGH"
66,"1","N3","T2",0.4479,0.5521,"HIGH"
67,"1","N3","T2",0.4444,0.5556,"HIGH"
68,"1","N3","T2",0.4471,0.5529,"HIGH"
69,"1","N3","T2",0.4371,0.5629,"HIGH"
70,"1","N3","T2",0.4436,0.5564,"HIGH"
71,"1","N3","T2",0.4519,0.5481,"HIGH"
72,"1","N3","T2",0.4605,0.5395,"HIGH"
73,"1","N3","T2",0.4602,0.5398,"HIGH"
74,"1","N3","T2",0.4593,0.5407,"HIGH"
75,"1","N3","T2",0.4558,0.5442,"HIGH"
76,"1","N3","T2",0.4547,0.5453,"HIGH"
77,"1","N3","T2",0.4571,0.5429,"HIGH"
78,"1","N3","T2",0.4604,0.5396,"HIGH"
79,"1","N3","T2",0.4581,0.5419,"HIGH"
80,"1","N3","T2",0.469,0.531,"HIGH"
81,"1","N3","T2",0.4644,0.5356,"HIGH"
82,"1","N3","T2",0.46,0.54,"HIGH"
83,"1","N3","T2",0.4669,0.5331,"HIGH"
84,"1","N3","T2",0.4711,0.5289,"HIGH"
85,"1","N3","T2",0.4713,0.5287,"HIGH"
86,"1","N3","T2",0.4664,0.5336,"HIGH"
87,"1","N3","T2",0.4637,0.5363,"HIGH"
88,"1","N3","T2",0.4756,0.5244,"HIGH"
89,"1","N3","T2",0.4238,0.5762,"HIGH"
90,"1","N3","T2",0.4564,0.5436,"HIGH"
91,"1","N3","T2",0.4564,0.5436,"HIGH"
92,"1","N3","T2",0.4564,0.5436,"HIGH"
93,"1","N3","T2",0.4564,0.5436,"HIGH"
94,"1","N3","T2",0.4564,0.5436,"HIGH"
95,"1","N3","T2",0.4564,0.5436,"HIGH"
96,"1","N3","T2",0.4564,0.5436,"HIGH"
97,"1","N3","T2",0.4564,0.5436,"HIGH"
98,"1","N3","T2",0.4564,0.5436,"HIGH"
99,"1","N3","T2",0.4564,0.5436,"HIGH"
0,"2","N3","T2",0.4883,0.5117,"HIGH"
1,"2","N3","T2",0.4883,0.5117,"HIGH"
2,"2","N3","T2",0.4883,0.5117,"HIGH"
3,"2","N3","T2",0.4883,0.5117,"HIGH"
4,"2","N3","T2",0.4883,0.5117,"HIGH"
5,"2","N3","T2",0.4883,0.5117,"HIGH"
6,"2","N3","T2",0.4883,0.5117,"HIGH"
7,"2","N3","T2",0.4883,0.5117,"HIGH"
8,"2","N3","T2",0.4883,0.5117,"HIGH"
9,"2","N3","T2",0.4883,0.5117,"HIGH"
10,"2","N3","T2",0.4883,0.5117,"HIGH"
11,"2","N3","T2",0.4883,0.5117,"HIGH"
12,"2","N3","T2",0.4883,0.5117,"HIGH"
13,"2","N3","T2",0.4883,0.5117,"HIGH"
14,"2","N3","T2",0.4883,0.5117,"HIGH"
15,"2","N3","T2",0.4883,0.5117,"HIGH"
16,"2","N3","T2",0.4883,0.5117,"HIGH"
17,"2","N3","T2",0.4883,0.5117,"HIGH"
18,"2","N3","T2",0.4883,0.5117,"HIGH"
19,"2","N3","T2",0.4882,0.5118,"HIGH"
20,"2","N3","T2",0.4885,0.5115,"HIGH"
21,"2","N3","T2",0.5005,0.4995,"LOW"
22,"2","N3","T2",0.5005,0.4995,"LOW"
23,"2","N3","T2",0.5005,0.4995,"LOW"
24,"2","N3","T2",0.4843,0.5157,"HIGH"
25,"2","N3","T2",0.3818,0.6182,"HIGH"
26,"2","N3","T2",0.3458,0.6542,"HIGH"
27,"2","N3","T2",0.3353,0.6647,"HIGH"
28,"2","N3","T2",0.3382,0.6618,"HIGH"
29,"2","N3","T2",0.3537,0.6463,"HIGH"
30,"2","N3","T2",0.3447,0.6553,"HIGH"
31,"2","N3","T2",0.3842,0.6158,"HIGH"
32,"2","N3","T2",0.3982,0.6018,"HIGH"
33,"2","N3","T2",0.3561,0.6439,"HIGH"
34,"2","N3","T2",0.3701,0.6299,"HIGH"
35,"2","N3","T2",0.3633,0.6367,"HIGH"
36,"2","N3","T2",0.3248,0.6752,"HIGH"
37,"2","N3","T2",0.3319,0.6681,"HIGH"
38,"2","N3","T2",0.3226,0.6774,"HIGH"
39,"2","N3","T2",0.3359,0.6641,"HIGH"
40,"2","N3","T2",0.3241,0.6759,"HIGH"
41,"2","N3","T2",0.3147,0.6853,"HIGH"
42,"2","N3","T2",0.3662,0.6338,"HIGH"
43,"2","N3","T2",0.3851,0.6149,"HIGH"
44,"2","N3","T2",0.3803,0.6197,"HIGH"
45,"2","N3","T2",0.351,0.649,"HIGH"
46,"2","N3","T2",0.3451,0.6549,"HIGH"
47,"2","N3","T2",0.3875,0.6125,"HIGH"
48,"2","N3","T2",0.3916,0.6084,"HIGH"
49,"2","N3","T2",0.4101,0.5899,"HIGH"
50,"2","N3","T2",0.4184,0.5816,"HIGH"
51,"2","N3","T2",0.3921,0.6079,"HIGH"
52,"2","N3","T2",0.3943,0.6057,"HIGH"
53,"2","N3","T2",0.3997,0.6003,"HIGH"
54,"2","N3","T2",0.3955,0.6045,"HIGH"
55,"2","N3","T2",0.3965,0.6035,"HIGH"
56,"2","N3","T2",0.3965,0.6035,"HIGH"
57,"2","N3","T2",0.3976,0.6024,"HIGH"
58,"2","N3","T2",0.3944,0.6056,"HIGH"
59,"2","N3","T2",0.3932,0.6068,"HIGH"
60,"2","N3","T2",0.3958,0.6042,"HIGH"
61,"2","N3","T2",0.3933,0.6067,"HIGH"
62,"2","N3","T2",0.4036,0.5964,"HIGH"
63,"2","N3","T2",0.3996,0.6004,"HIGH"
64,"2","N3","T2",0.4036,0.5964,"HIGH"
65,"2","N3","T2",0.4225,0.5775,"HIGH"
66,"2","N3","T2",0.4311,0.5689,"HIGH"
67,"2","N3","T2",0.4293,0.5707,"HIGH"
68,"2","N3","T2",0.4335,0.5665,"HIGH"
69,"2","N3","T2",0.4275,0.5725,"HIGH"
70,"2","N3","T2",0.4319,0.5681,"HIGH"
71,"2","N3","T2",0.4546,0.5454,"HIGH"
72,"2","N3","T2",0.4535,0.5465,"HIGH"
73,"2","N3","T2",0.4528,0.5472,"HIGH"
74,"2","N3","T2",0.445,0.555,"HIGH"
75,"2","N3","T2",0.4439,0.5561,"HIGH"
76,"2","N3","T2",0.4424,0.5576,"HIGH"
77,"2","N3","T2",0.4451,0.5549,"HIGH"
78,"2","N3","T2",0.4511,0.5489,"HIGH"
79,"2","N3","T2",0.4472,0.5528,"HIGH"
80,"2","N3","T2",0.4512,0.5488,"HIGH"
81,"2","N3","T2",0.4493,0.5507,"HIGH"
82,"2","N3","T2",0.4412,0.5588,"HIGH"
83,"2","N3","T2",0.443,0.557,"HIGH"
84,"2","N3","T2",0.4534,0.5466,"HIGH"
85,"2","N3","T2",0.4593,0.5407,"HIGH"
86,"2","N3","T2",0.4597,0.5403,"HIGH"
87,"2","N3","T2",0.4457,0.5543,"HIGH"
88,"2","N3","T2",0.4589,0.5411,"HIGH"
89,"2","N3","T2",0.4427,0.5573,"HIGH"
90,"2","N3","T2",0.447,0.553,"HIGH"
91,"2","N3","T2",0.447,0.553,"HIGH"
92,"2","N3","T2",0.447,0.553,"HIGH"
93,"2","N3","T2",0.447,0.553,"HIGH"
94,"2","N3","T2",0.447,0.553,"HIGH"
95,"2","N3","T2",0.447,0.553,"HIGH"
96,"2","N3","T2",0.447,0.553,"HIGH"
97,"2","N3","T2",0.447,0.553,"HIGH"
98,"2","N3","T2",0.447,0.553,"HIGH"
99,"2","N3","T2",0.447,0.553,"HIGH"
0,"1","Other/Unknown","T2",0.5226,0.4774,"LOW"
1,"1","Other/Unknown","T2",0.5226,0.4774,"LOW"
2,"1","Other/Unknown","T2",0.5226,0.4774,"LOW"
3,"1","Other/Unknown","T2",0.5226,0.4774,"LOW"
4,"1","Other/Unknown","T2",0.5226,0.4774,"LOW"
5,"1","Other/Unknown","T2",0.5226,0.4774,"LOW"
6,"1","Other/Unknown","T2",0.5226,0.4774,"LOW"
7,"1","Other/Unknown","T2",0.5226,0.4774,"LOW"
8,"1","Other/Unknown","T2",0.5226,0.4774,"LOW"
9,"1","Other/Unknown","T2",0.5226,0.4774,"LOW"
10,"1","Other/Unknown","T2",0.5226,0.4774,"LOW"
11,"1","Other/Unknown","T2",0.5226,0.4774,"LOW"
12,"1","Other/Unknown","T2",0.5226,0.4774,"LOW"
13,"1","Other/Unknown","T2",0.5226,0.4774,"LOW"
14,"1","Other/Unknown","T2",0.5226,0.4774,"LOW"
15,"1","Other/Unknown","T2",0.5226,0.4774,"LOW"
16,"1","Other/Unknown","T2",0.5226,0.4774,"LOW"
17,"1","Other/Unknown","T2",0.5226,0.4774,"LOW"
18,"1","Other/Unknown","T2",0.5226,0.4774,"LOW"
19,"1","Other/Unknown","T2",0.5226,0.4774,"LOW"
20,"1","Other/Unknown","T2",0.5226,0.4774,"LOW"
21,"1","Other/Unknown","T2",0.5226,0.4774,"LOW"
22,"1","Other/Unknown","T2",0.5226,0.4774,"LOW"
23,"1","Other/Unknown","T2",0.5226,0.4774,"LOW"
24,"1","Other/Unknown","T2",0.5226,0.4774,"LOW"
25,"1","Other/Unknown","T2",0.5226,0.4774,"LOW"
26,"1","Other/Unknown","T2",0.4884,0.5116,"HIGH"
27,"1","Other/Unknown","T2",0.4867,0.5133,"HIGH"
28,"1","Other/Unknown","T2",0.448,0.552,"HIGH"
29,"1","Other/Unknown","T2",0.487,0.513,"HIGH"
30,"1","Other/Unknown","T2",0.4863,0.5137,"HIGH"
31,"1","Other/Unknown","T2",0.4894,0.5106,"HIGH"
32,"1","Other/Unknown","T2",0.5744,0.4256,"LOW"
33,"1","Other/Unknown","T2",0.582,0.418,"LOW"
34,"1","Other/Unknown","T2",0.5141,0.4859,"LOW"
35,"1","Other/Unknown","T2",0.4607,0.5393,"HIGH"
36,"1","Other/Unknown","T2",0.3856,0.6144,"HIGH"
37,"1","Other/Unknown","T2",0.3448,0.6552,"HIGH"
38,"1","Other/Unknown","T2",0.3457,0.6543,"HIGH"
39,"1","Other/Unknown","T2",0.3779,0.6221,"HIGH"
40,"1","Other/Unknown","T2",0.3913,0.6087,"HIGH"
41,"1","Other/Unknown","T2",0.3563,0.6437,"HIGH"
42,"1","Other/Unknown","T2",0.3812,0.6188,"HIGH"
43,"1","Other/Unknown","T2",0.3414,0.6586,"HIGH"
44,"1","Other/Unknown","T2",0.3377,0.6623,"HIGH"
45,"1","Other/Unknown","T2",0.3661,0.6339,"HIGH"
46,"1","Other/Unknown","T2",0.3515,0.6485,"HIGH"
47,"1","Other/Unknown","T2",0.3582,0.6418,"HIGH"
48,"1","Other/Unknown","T2",0.3259,0.6741,"HIGH"
49,"1","Other/Unknown","T2",0.3309,0.6691,"HIGH"
50,"1","Other/Unknown","T2",0.3422,0.6578,"HIGH"
51,"1","Other/Unknown","T2",0.3637,0.6363,"HIGH"
52,"1","Other/Unknown","T2",0.3683,0.6317,"HIGH"
53,"1","Other/Unknown","T2",0.3613,0.6387,"HIGH"
54,"1","Other/Unknown","T2",0.3617,0.6383,"HIGH"
55,"1","Other/Unknown","T2",0.3504,0.6496,"HIGH"
56,"1","Other/Unknown","T2",0.3641,0.6359,"HIGH"
57,"1","Other/Unknown","T2",0.3708,0.6292,"HIGH"
58,"1","Other/Unknown","T2",0.376,0.624,"HIGH"
59,"1","Other/Unknown","T2",0.3974,0.6026,"HIGH"
60,"1","Other/Unknown","T2",0.3869,0.6131,"HIGH"
61,"1","Other/Unknown","T2",0.3902,0.6098,"HIGH"
62,"1","Other/Unknown","T2",0.3878,0.6122,"HIGH"
63,"1","Other/Unknown","T2",0.3994,0.6006,"HIGH"
64,"1","Other/Unknown","T2",0.3911,0.6089,"HIGH"
65,"1","Other/Unknown","T2",0.3966,0.6034,"HIGH"
66,"1","Other/Unknown","T2",0.4006,0.5994,"HIGH"
67,"1","Other/Unknown","T2",0.3987,0.6013,"HIGH"
68,"1","Other/Unknown","T2",0.3917,0.6083,"HIGH"
69,"1","Other/Unknown","T2",0.3983,0.6017,"HIGH"
70,"1","Other/Unknown","T2",0.4074,0.5926,"HIGH"
71,"1","Other/Unknown","T2",0.4094,0.5906,"HIGH"
72,"1","Other/Unknown","T2",0.4147,0.5853,"HIGH"
73,"1","Other/Unknown","T2",0.4153,0.5847,"HIGH"
74,"1","Other/Unknown","T2",0.4169,0.5831,"HIGH"
75,"1","Other/Unknown","T2",0.4178,0.5822,"HIGH"
76,"1","Other/Unknown","T2",0.4089,0.5911,"HIGH"
77,"1","Other/Unknown","T2",0.4062,0.5938,"HIGH"
78,"1","Other/Unknown","T2",0.4064,0.5936,"HIGH"
79,"1","Other/Unknown","T2",0.4092,0.5908,"HIGH"
80,"1","Other/Unknown","T2",0.4047,0.5953,"HIGH"
81,"1","Other/Unknown","T2",0.4028,0.5972,"HIGH"
82,"1","Other/Unknown","T2",0.3975,0.6025,"HIGH"
83,"1","Other/Unknown","T2",0.4,0.6,"HIGH"
84,"1","Other/Unknown","T2",0.4091,0.5909,"HIGH"
85,"1","Other/Unknown","T2",0.3964,0.6036,"HIGH"
86,"1","Other/Unknown","T2",0.4051,0.5949,"HIGH"
87,"1","Other/Unknown","T2",0.3777,0.6223,"HIGH"
88,"1","Other/Unknown","T2",0.3843,0.6157,"HIGH"
89,"1","Other/Unknown","T2",0.3953,0.6047,"HIGH"
90,"1","Other/Unknown","T2",0.3741,0.6259,"HIGH"
91,"1","Other/Unknown","T2",0.3741,0.6259,"HIGH"
92,"1","Other/Unknown","T2",0.3741,0.6259,"HIGH"
93,"1","Other/Unknown","T2",0.3741,0.6259,"HIGH"
94,"1","Other/Unknown","T2",0.3741,0.6259,"HIGH"
95,"1","Other/Unknown","T2",0.3741,0.6259,"HIGH"
96,"1","Other/Unknown","T2",0.3741,0.6259,"HIGH"
97,"1","Other/Unknown","T2",0.3741,0.6259,"HIGH"
98,"1","Other/Unknown","T2",0.3741,0.6259,"HIGH"
99,"1","Other/Unknown","T2",0.3741,0.6259,"HIGH"
0,"2","Other/Unknown","T2",0.4484,0.5516,"HIGH"
1,"2","Other/Unknown","T2",0.4484,0.5516,"HIGH"
2,"2","Other/Unknown","T2",0.4484,0.5516,"HIGH"
3,"2","Other/Unknown","T2",0.4484,0.5516,"HIGH"
4,"2","Other/Unknown","T2",0.4484,0.5516,"HIGH"
5,"2","Other/Unknown","T2",0.4484,0.5516,"HIGH"
6,"2","Other/Unknown","T2",0.4484,0.5516,"HIGH"
7,"2","Other/Unknown","T2",0.4484,0.5516,"HIGH"
8,"2","Other/Unknown","T2",0.4484,0.5516,"HIGH"
9,"2","Other/Unknown","T2",0.4484,0.5516,"HIGH"
10,"2","Other/Unknown","T2",0.4484,0.5516,"HIGH"
11,"2","Other/Unknown","T2",0.4484,0.5516,"HIGH"
12,"2","Other/Unknown","T2",0.4484,0.5516,"HIGH"
13,"2","Other/Unknown","T2",0.4484,0.5516,"HIGH"
14,"2","Other/Unknown","T2",0.4484,0.5516,"HIGH"
15,"2","Other/Unknown","T2",0.4484,0.5516,"HIGH"
16,"2","Other/Unknown","T2",0.4484,0.5516,"HIGH"
17,"2","Other/Unknown","T2",0.4484,0.5516,"HIGH"
18,"2","Other/Unknown","T2",0.4484,0.5516,"HIGH"
19,"2","Other/Unknown","T2",0.4481,0.5519,"HIGH"
20,"2","Other/Unknown","T2",0.4492,0.5508,"HIGH"
21,"2","Other/Unknown","T2",0.4492,0.5508,"HIGH"
22,"2","Other/Unknown","T2",0.4492,0.5508,"HIGH"
23,"2","Other/Unknown","T2",0.4492,0.5508,"HIGH"
24,"2","Other/Unknown","T2",0.4492,0.5508,"HIGH"
25,"2","Other/Unknown","T2",0.4492,0.5508,"HIGH"
26,"2","Other/Unknown","T2",0.4124,0.5876,"HIGH"
27,"2","Other/Unknown","T2",0.4123,0.5877,"HIGH"
28,"2","Other/Unknown","T2",0.4049,0.5951,"HIGH"
29,"2","Other/Unknown","T2",0.5333,0.4667,"LOW"
30,"2","Other/Unknown","T2",0.5338,0.4662,"LOW"
31,"2","Other/Unknown","T2",0.4806,0.5194,"HIGH"
32,"2","Other/Unknown","T2",0.5115,0.4885,"LOW"
33,"2","Other/Unknown","T2",0.5023,0.4977,"LOW"
34,"2","Other/Unknown","T2",0.3907,0.6093,"HIGH"
35,"2","Other/Unknown","T2",0.3599,0.6401,"HIGH"
36,"2","Other/Unknown","T2",0.3731,0.6269,"HIGH"
37,"2","Other/Unknown","T2",0.3445,0.6555,"HIGH"
38,"2","Other/Unknown","T2",0.3496,0.6504,"HIGH"
39,"2","Other/Unknown","T2",0.3781,0.6219,"HIGH"
40,"2","Other/Unknown","T2",0.3733,0.6267,"HIGH"
41,"2","Other/Unknown","T2",0.3922,0.6078,"HIGH"
42,"2","Other/Unknown","T2",0.3462,0.6538,"HIGH"
43,"2","Other/Unknown","T2",0.3331,0.6669,"HIGH"
44,"2","Other/Unknown","T2",0.3654,0.6346,"HIGH"
45,"2","Other/Unknown","T2",0.3619,0.6381,"HIGH"
46,"2","Other/Unknown","T2",0.3682,0.6318,"HIGH"
47,"2","Other/Unknown","T2",0.3874,0.6126,"HIGH"
48,"2","Other/Unknown","T2",0.3541,0.6459,"HIGH"
49,"2","Other/Unknown","T2",0.3339,0.6661,"HIGH"
50,"2","Other/Unknown","T2",0.3224,0.6776,"HIGH"
51,"2","Other/Unknown","T2",0.3488,0.6512,"HIGH"
52,"2","Other/Unknown","T2",0.3595,0.6405,"HIGH"
53,"2","Other/Unknown","T2",0.363,0.637,"HIGH"
54,"2","Other/Unknown","T2",0.3722,0.6278,"HIGH"
55,"2","Other/Unknown","T2",0.3694,0.6306,"HIGH"
56,"2","Other/Unknown","T2",0.3941,0.6059,"HIGH"
57,"2","Other/Unknown","T2",0.3701,0.6299,"HIGH"
58,"2","Other/Unknown","T2",0.3855,0.6145,"HIGH"
59,"2","Other/Unknown","T2",0.3977,0.6023,"HIGH"
60,"2","Other/Unknown","T2",0.3858,0.6142,"HIGH"
61,"2","Other/Unknown","T2",0.3923,0.6077,"HIGH"
62,"2","Other/Unknown","T2",0.3844,0.6156,"HIGH"
63,"2","Other/Unknown","T2",0.3932,0.6068,"HIGH"
64,"2","Other/Unknown","T2",0.3868,0.6132,"HIGH"
65,"2","Other/Unknown","T2",0.4129,0.5871,"HIGH"
66,"2","Other/Unknown","T2",0.4119,0.5881,"HIGH"
67,"2","Other/Unknown","T2",0.3979,0.6021,"HIGH"
68,"2","Other/Unknown","T2",0.4155,0.5845,"HIGH"
69,"2","Other/Unknown","T2",0.4224,0.5776,"HIGH"
70,"2","Other/Unknown","T2",0.4106,0.5894,"HIGH"
71,"2","Other/Unknown","T2",0.4118,0.5882,"HIGH"
72,"2","Other/Unknown","T2",0.4071,0.5929,"HIGH"
73,"2","Other/Unknown","T2",0.4036,0.5964,"HIGH"
74,"2","Other/Unknown","T2",0.4151,0.5849,"HIGH"
75,"2","Other/Unknown","T2",0.4214,0.5786,"HIGH"
76,"2","Other/Unknown","T2",0.4256,0.5744,"HIGH"
77,"2","Other/Unknown","T2",0.4232,0.5768,"HIGH"
78,"2","Other/Unknown","T2",0.4239,0.5761,"HIGH"
79,"2","Other/Unknown","T2",0.4283,0.5717,"HIGH"
80,"2","Other/Unknown","T2",0.4248,0.5752,"HIGH"
81,"2","Other/Unknown","T2",0.42,0.58,"HIGH"
82,"2","Other/Unknown","T2",0.4239,0.5761,"HIGH"
83,"2","Other/Unknown","T2",0.4184,0.5816,"HIGH"
84,"2","Other/Unknown","T2",0.4131,0.5869,"HIGH"
85,"2","Other/Unknown","T2",0.4123,0.5877,"HIGH"
86,"2","Other/Unknown","T2",0.4252,0.5748,"HIGH"
87,"2","Other/Unknown","T2",0.3903,0.6097,"HIGH"
88,"2","Other/Unknown","T2",0.3252,0.6748,"HIGH"
89,"2","Other/Unknown","T2",0.3502,0.6498,"HIGH"
90,"2","Other/Unknown","T2",0.36,0.64,"HIGH"
91,"2","Other/Unknown","T2",0.36,0.64,"HIGH"
92,"2","Other/Unknown","T2",0.36,0.64,"HIGH"
93,"2","Other/Unknown","T2",0.36,0.64,"HIGH"
94,"2","Other/Unknown","T2",0.36,0.64,"HIGH"
95,"2","Other/Unknown","T2",0.36,0.64,"HIGH"
96,"2","Other/Unknown","T2",0.36,0.64,"HIGH"
97,"2","Other/Unknown","T2",0.36,0.64,"HIGH"
98,"2","Other/Unknown","T2",0.36,0.64,"HIGH"
99,"2","Other/Unknown","T2",0.36,0.64,"HIGH"
0,"1","N0","T3",0.6422,0.3578,"LOW"
1,"1","N0","T3",0.6422,0.3578,"LOW"
2,"1","N0","T3",0.6422,0.3578,"LOW"
3,"1","N0","T3",0.6422,0.3578,"LOW"
4,"1","N0","T3",0.6422,0.3578,"LOW"
5,"1","N0","T3",0.6422,0.3578,"LOW"
6,"1","N0","T3",0.6422,0.3578,"LOW"
7,"1","N0","T3",0.6422,0.3578,"LOW"
8,"1","N0","T3",0.6422,0.3578,"LOW"
9,"1","N0","T3",0.6422,0.3578,"LOW"
10,"1","N0","T3",0.6422,0.3578,"LOW"
11,"1","N0","T3",0.6422,0.3578,"LOW"
12,"1","N0","T3",0.6422,0.3578,"LOW"
13,"1","N0","T3",0.6422,0.3578,"LOW"
14,"1","N0","T3",0.6422,0.3578,"LOW"
15,"1","N0","T3",0.6422,0.3578,"LOW"
16,"1","N0","T3",0.6422,0.3578,"LOW"
17,"1","N0","T3",0.6422,0.3578,"LOW"
18,"1","N0","T3",0.6349,0.3651,"LOW"
19,"1","N0","T3",0.7066,0.2934,"LOW"
20,"1","N0","T3",0.7261,0.2739,"LOW"
21,"1","N0","T3",0.7253,0.2747,"LOW"
22,"1","N0","T3",0.7334,0.2666,"LOW"
23,"1","N0","T3",0.7324,0.2676,"LOW"
24,"1","N0","T3",0.7179,0.2821,"LOW"
25,"1","N0","T3",0.7244,0.2756,"LOW"
26,"1","N0","T3",0.7129,0.2871,"LOW"
27,"1","N0","T3",0.7415,0.2585,"LOW"
28,"1","N0","T3",0.7286,0.2714,"LOW"
29,"1","N0","T3",0.7533,0.2467,"LOW"
30,"1","N0","T3",0.7543,0.2457,"LOW"
31,"1","N0","T3",0.7536,0.2464,"LOW"
32,"1","N0","T3",0.5826,0.4174,"LOW"
33,"1","N0","T3",0.632,0.368,"LOW"
34,"1","N0","T3",0.66,0.34,"LOW"
35,"1","N0","T3",0.6576,0.3424,"LOW"
36,"1","N0","T3",0.6563,0.3437,"LOW"
37,"1","N0","T3",0.6497,0.3503,"LOW"
38,"1","N0","T3",0.6639,0.3361,"LOW"
39,"1","N0","T3",0.6682,0.3318,"LOW"
40,"1","N0","T3",0.6598,0.3402,"LOW"
41,"1","N0","T3",0.6624,0.3376,"LOW"
42,"1","N0","T3",0.661,0.339,"LOW"
43,"1","N0","T3",0.6629,0.3371,"LOW"
44,"1","N0","T3",0.658,0.342,"LOW"
45,"1","N0","T3",0.658,0.342,"LOW"
46,"1","N0","T3",0.6576,0.3424,"LOW"
47,"1","N0","T3",0.6542,0.3458,"LOW"
48,"1","N0","T3",0.6543,0.3457,"LOW"
49,"1","N0","T3",0.6564,0.3436,"LOW"
50,"1","N0","T3",0.6625,0.3375,"LOW"
51,"1","N0","T3",0.6644,0.3356,"LOW"
52,"1","N0","T3",0.6689,0.3311,"LOW"
53,"1","N0","T3",0.67,0.33,"LOW"
54,"1","N0","T3",0.6706,0.3294,"LOW"
55,"1","N0","T3",0.6711,0.3289,"LOW"
56,"1","N0","T3",0.671,0.329,"LOW"
57,"1","N0","T3",0.6673,0.3327,"LOW"
58,"1","N0","T3",0.6659,0.3341,"LOW"
59,"1","N0","T3",0.6673,0.3327,"LOW"
60,"1","N0","T3",0.664,0.336,"LOW"
61,"1","N0","T3",0.666,0.334,"LOW"
62,"1","N0","T3",0.6757,0.3243,"LOW"
63,"1","N0","T3",0.6831,0.3169,"LOW"
64,"1","N0","T3",0.6794,0.3206,"LOW"
65,"1","N0","T3",0.6862,0.3138,"LOW"
66,"1","N0","T3",0.686,0.314,"LOW"
67,"1","N0","T3",0.6858,0.3142,"LOW"
68,"1","N0","T3",0.6902,0.3098,"LOW"
69,"1","N0","T3",0.6902,0.3098,"LOW"
70,"1","N0","T3",0.6891,0.3109,"LOW"
71,"1","N0","T3",0.6874,0.3126,"LOW"
72,"1","N0","T3",0.6873,0.3127,"LOW"
73,"1","N0","T3",0.6858,0.3142,"LOW"
74,"1","N0","T3",0.6813,0.3187,"LOW"
75,"1","N0","T3",0.6901,0.3099,"LOW"
76,"1","N0","T3",0.6909,0.3091,"LOW"
77,"1","N0","T3",0.6893,0.3107,"LOW"
78,"1","N0","T3",0.6867,0.3133,"LOW"
79,"1","N0","T3",0.6873,0.3127,"LOW"
80,"1","N0","T3",0.6827,0.3173,"LOW"
81,"1","N0","T3",0.6847,0.3153,"LOW"
82,"1","N0","T3",0.6799,0.3201,"LOW"
83,"1","N0","T3",0.6742,0.3258,"LOW"
84,"1","N0","T3",0.6696,0.3304,"LOW"
85,"1","N0","T3",0.6722,0.3278,"LOW"
86,"1","N0","T3",0.6471,0.3529,"LOW"
87,"1","N0","T3",0.6436,0.3564,"LOW"
88,"1","N0","T3",0.6264,0.3736,"LOW"
89,"1","N0","T3",0.6272,0.3728,"LOW"
90,"1","N0","T3",0.6047,0.3953,"LOW"
91,"1","N0","T3",0.6047,0.3953,"LOW"
92,"1","N0","T3",0.6047,0.3953,"LOW"
93,"1","N0","T3",0.6047,0.3953,"LOW"
94,"1","N0","T3",0.6047,0.3953,"LOW"
95,"1","N0","T3",0.6047,0.3953,"LOW"
96,"1","N0","T3",0.6047,0.3953,"LOW"
97,"1","N0","T3",0.6047,0.3953,"LOW"
98,"1","N0","T3",0.6047,0.3953,"LOW"
99,"1","N0","T3",0.6047,0.3953,"LOW"
0,"2","N0","T3",0.7561,0.2439,"LOW"
1,"2","N0","T3",0.7561,0.2439,"LOW"
2,"2","N0","T3",0.7561,0.2439,"LOW"
3,"2","N0","T3",0.7561,0.2439,"LOW"
4,"2","N0","T3",0.7561,0.2439,"LOW"
5,"2","N0","T3",0.7561,0.2439,"LOW"
6,"2","N0","T3",0.7561,0.2439,"LOW"
7,"2","N0","T3",0.7561,0.2439,"LOW"
8,"2","N0","T3",0.7561,0.2439,"LOW"
9,"2","N0","T3",0.7561,0.2439,"LOW"
10,"2","N0","T3",0.7561,0.2439,"LOW"
11,"2","N0","T3",0.7561,0.2439,"LOW"
12,"2","N0","T3",0.7561,0.2439,"LOW"
13,"2","N0","T3",0.7561,0.2439,"LOW"
14,"2","N0","T3",0.7561,0.2439,"LOW"
15,"2","N0","T3",0.7561,0.2439,"LOW"
16,"2","N0","T3",0.7561,0.2439,"LOW"
17,"2","N0","T3",0.7561,0.2439,"LOW"
18,"2","N0","T3",0.7506,0.2494,"LOW"
19,"2","N0","T3",0.7613,0.2387,"LOW"
20,"2","N0","T3",0.7652,0.2348,"LOW"
21,"2","N0","T3",0.7665,0.2335,"LOW"
22,"2","N0","T3",0.7658,0.2342,"LOW"
23,"2","N0","T3",0.7625,0.2375,"LOW"
24,"2","N0","T3",0.7307,0.2693,"LOW"
25,"2","N0","T3",0.7611,0.2389,"LOW"
26,"2","N0","T3",0.7559,0.2441,"LOW"
27,"2","N0","T3",0.7583,0.2417,"LOW"
28,"2","N0","T3",0.7589,0.2411,"LOW"
29,"2","N0","T3",0.7494,0.2506,"LOW"
30,"2","N0","T3",0.7607,0.2393,"LOW"
31,"2","N0","T3",0.7582,0.2418,"LOW"
32,"2","N0","T3",0.6745,0.3255,"LOW"
33,"2","N0","T3",0.711,0.289,"LOW"
34,"2","N0","T3",0.6899,0.3101,"LOW"
35,"2","N0","T3",0.6926,0.3074,"LOW"
36,"2","N0","T3",0.6506,0.3494,"LOW"
37,"2","N0","T3",0.6607,0.3393,"LOW"
38,"2","N0","T3",0.6663,0.3337,"LOW"
39,"2","N0","T3",0.6748,0.3252,"LOW"
40,"2","N0","T3",0.6652,0.3348,"LOW"
41,"2","N0","T3",0.6962,0.3038,"LOW"
42,"2","N0","T3",0.6852,0.3148,"LOW"
43,"2","N0","T3",0.6896,0.3104,"LOW"
44,"2","N0","T3",0.6823,0.3177,"LOW"
45,"2","N0","T3",0.6813,0.3187,"LOW"
46,"2","N0","T3",0.6728,0.3272,"LOW"
47,"2","N0","T3",0.6742,0.3258,"LOW"
48,"2","N0","T3",0.6791,0.3209,"LOW"
49,"2","N0","T3",0.6776,0.3224,"LOW"
50,"2","N0","T3",0.674,0.326,"LOW"
51,"2","N0","T3",0.673,0.327,"LOW"
52,"2","N0","T3",0.6761,0.3239,"LOW"
53,"2","N0","T3",0.6766,0.3234,"LOW"
54,"2","N0","T3",0.6747,0.3253,"LOW"
55,"2","N0","T3",0.6741,0.3259,"LOW"
56,"2","N0","T3",0.6759,0.3241,"LOW"
57,"2","N0","T3",0.6733,0.3267,"LOW"
58,"2","N0","T3",0.6748,0.3252,"LOW"
59,"2","N0","T3",0.6784,0.3216,"LOW"
60,"2","N0","T3",0.6798,0.3202,"LOW"
61,"2","N0","T3",0.6839,0.3161,"LOW"
62,"2","N0","T3",0.6913,0.3087,"LOW"
63,"2","N0","T3",0.6943,0.3057,"LOW"
64,"2","N0","T3",0.6885,0.3115,"LOW"
65,"2","N0","T3",0.6875,0.3125,"LOW"
66,"2","N0","T3",0.6887,0.3113,"LOW"
67,"2","N0","T3",0.6874,0.3126,"LOW"
68,"2","N0","T3",0.694,0.306,"LOW"
69,"2","N0","T3",0.6921,0.3079,"LOW"
70,"2","N0","T3",0.6939,0.3061,"LOW"
71,"2","N0","T3",0.6916,0.3084,"LOW"
72,"2","N0","T3",0.6887,0.3113,"LOW"
73,"2","N0","T3",0.6905,0.3095,"LOW"
74,"2","N0","T3",0.6911,0.3089,"LOW"
75,"2","N0","T3",0.6923,0.3077,"LOW"
76,"2","N0","T3",0.6898,0.3102,"LOW"
77,"2","N0","T3",0.6935,0.3065,"LOW"
78,"2","N0","T3",0.6904,0.3096,"LOW"
79,"2","N0","T3",0.6868,0.3132,"LOW"
80,"2","N0","T3",0.6763,0.3237,"LOW"
81,"2","N0","T3",0.6708,0.3292,"LOW"
82,"2","N0","T3",0.6577,0.3423,"LOW"
83,"2","N0","T3",0.6683,0.3317,"LOW"
84,"2","N0","T3",0.6685,0.3315,"LOW"
85,"2","N0","T3",0.6581,0.3419,"LOW"
86,"2","N0","T3",0.6297,0.3703,"LOW"
87,"2","N0","T3",0.6264,0.3736,"LOW"
88,"2","N0","T3",0.5864,0.4136,"LOW"
89,"2","N0","T3",0.5815,0.4185,"LOW"
90,"2","N0","T3",0.5457,0.4543,"LOW"
91,"2","N0","T3",0.5457,0.4543,"LOW"
92,"2","N0","T3",0.5457,0.4543,"LOW"
93,"2","N0","T3",0.5457,0.4543,"LOW"
94,"2","N0","T3",0.5457,0.4543,"LOW"
95,"2","N0","T3",0.5457,0.4543,"LOW"
96,"2","N0","T3",0.5457,0.4543,"LOW"
97,"2","N0","T3",0.5457,0.4543,"LOW"
98,"2","N0","T3",0.5457,0.4543,"LOW"
99,"2","N0","T3",0.5457,0.4543,"LOW"
0,"1","N1","T3",0.429,0.571,"HIGH"
1,"1","N1","T3",0.429,0.571,"HIGH"
2,"1","N1","T3",0.429,0.571,"HIGH"
3,"1","N1","T3",0.429,0.571,"HIGH"
4,"1","N1","T3",0.429,0.571,"HIGH"
5,"1","N1","T3",0.429,0.571,"HIGH"
6,"1","N1","T3",0.429,0.571,"HIGH"
7,"1","N1","T3",0.429,0.571,"HIGH"
8,"1","N1","T3",0.429,0.571,"HIGH"
9,"1","N1","T3",0.429,0.571,"HIGH"
10,"1","N1","T3",0.429,0.571,"HIGH"
11,"1","N1","T3",0.429,0.571,"HIGH"
12,"1","N1","T3",0.429,0.571,"HIGH"
13,"1","N1","T3",0.429,0.571,"HIGH"
14,"1","N1","T3",0.429,0.571,"HIGH"
15,"1","N1","T3",0.429,0.571,"HIGH"
16,"1","N1","T3",0.429,0.571,"HIGH"
17,"1","N1","T3",0.429,0.571,"HIGH"
18,"1","N1","T3",0.429,0.571,"HIGH"
19,"1","N1","T3",0.4362,0.5638,"HIGH"
20,"1","N1","T3",0.4362,0.5638,"HIGH"
21,"1","N1","T3",0.4362,0.5638,"HIGH"
22,"1","N1","T3",0.4484,0.5516,"HIGH"
23,"1","N1","T3",0.4602,0.5398,"HIGH"
24,"1","N1","T3",0.5181,0.4819,"LOW"
25,"1","N1","T3",0.5442,0.4558,"LOW"
26,"1","N1","T3",0.563,0.437,"LOW"
27,"1","N1","T3",0.5521,0.4479,"LOW"
28,"1","N1","T3",0.5498,0.4502,"LOW"
29,"1","N1","T3",0.5718,0.4282,"LOW"
30,"1","N1","T3",0.5835,0.4165,"LOW"
31,"1","N1","T3",0.6335,0.3665,"LOW"
32,"1","N1","T3",0.6286,0.3714,"LOW"
33,"1","N1","T3",0.6123,0.3877,"LOW"
34,"1","N1","T3",0.5745,0.4255,"LOW"
35,"1","N1","T3",0.563,0.437,"LOW"
36,"1","N1","T3",0.5335,0.4665,"LOW"
37,"1","N1","T3",0.522,0.478,"LOW"
38,"1","N1","T3",0.5602,0.4398,"LOW"
39,"1","N1","T3",0.567,0.433,"LOW"
40,"1","N1","T3",0.6533,0.3467,"LOW"
41,"1","N1","T3",0.6329,0.3671,"LOW"
42,"1","N1","T3",0.6132,0.3868,"LOW"
43,"1","N1","T3",0.5506,0.4494,"LOW"
44,"1","N1","T3",0.5557,0.4443,"LOW"
45,"1","N1","T3",0.5719,0.4281,"LOW"
46,"1","N1","T3",0.5998,0.4002,"LOW"
47,"1","N1","T3",0.6032,0.3968,"LOW"
48,"1","N1","T3",0.6013,0.3987,"LOW"
49,"1","N1","T3",0.6093,0.3907,"LOW"
50,"1","N1","T3",0.5996,0.4004,"LOW"
51,"1","N1","T3",0.6069,0.3931,"LOW"
52,"1","N1","T3",0.6098,0.3902,"LOW"
53,"1","N1","T3",0.619,0.381,"LOW"
54,"1","N1","T3",0.6183,0.3817,"LOW"
55,"1","N1","T3",0.6267,0.3733,"LOW"
56,"1","N1","T3",0.6189,0.3811,"LOW"
57,"1","N1","T3",0.6198,0.3802,"LOW"
58,"1","N1","T3",0.6131,0.3869,"LOW"
59,"1","N1","T3",0.6114,0.3886,"LOW"
60,"1","N1","T3",0.6161,0.3839,"LOW"
61,"1","N1","T3",0.6135,0.3865,"LOW"
62,"1","N1","T3",0.6187,0.3813,"LOW"
63,"1","N1","T3",0.621,0.379,"LOW"
64,"1","N1","T3",0.6219,0.3781,"LOW"
65,"1","N1","T3",0.6196,0.3804,"LOW"
66,"1","N1","T3",0.6283,0.3717,"LOW"
67,"1","N1","T3",0.6303,0.3697,"LOW"
68,"1","N1","T3",0.6355,0.3645,"LOW"
69,"1","N1","T3",0.6305,0.3695,"LOW"
70,"1","N1","T3",0.6321,0.3679,"LOW"
71,"1","N1","T3",0.6286,0.3714,"LOW"
72,"1","N1","T3",0.6334,0.3666,"LOW"
73,"1","N1","T3",0.6324,0.3676,"LOW"
74,"1","N1","T3",0.6293,0.3707,"LOW"
75,"1","N1","T3",0.6287,0.3713,"LOW"
76,"1","N1","T3",0.6325,0.3675,"LOW"
77,"1","N1","T3",0.6334,0.3666,"LOW"
78,"1","N1","T3",0.6325,0.3675,"LOW"
79,"1","N1","T3",0.6245,0.3755,"LOW"
80,"1","N1","T3",0.6218,0.3782,"LOW"
81,"1","N1","T3",0.6281,0.3719,"LOW"
82,"1","N1","T3",0.618,0.382,"LOW"
83,"1","N1","T3",0.6173,0.3827,"LOW"
84,"1","N1","T3",0.616,0.384,"LOW"
85,"1","N1","T3",0.618,0.382,"LOW"
86,"1","N1","T3",0.631,0.369,"LOW"
87,"1","N1","T3",0.5783,0.4217,"LOW"
88,"1","N1","T3",0.5788,0.4212,"LOW"
89,"1","N1","T3",0.4917,0.5083,"HIGH"
90,"1","N1","T3",0.5273,0.4727,"LOW"
91,"1","N1","T3",0.5273,0.4727,"LOW"
92,"1","N1","T3",0.5273,0.4727,"LOW"
93,"1","N1","T3",0.5273,0.4727,"LOW"
94,"1","N1","T3",0.5273,0.4727,"LOW"
95,"1","N1","T3",0.5273,0.4727,"LOW"
96,"1","N1","T3",0.5273,0.4727,"LOW"
97,"1","N1","T3",0.5273,0.4727,"LOW"
98,"1","N1","T3",0.5273,0.4727,"LOW"
99,"1","N1","T3",0.5273,0.4727,"LOW"
0,"2","N1","T3",0.4383,0.5617,"HIGH"
1,"2","N1","T3",0.4383,0.5617,"HIGH"
2,"2","N1","T3",0.4383,0.5617,"HIGH"
3,"2","N1","T3",0.4383,0.5617,"HIGH"
4,"2","N1","T3",0.4383,0.5617,"HIGH"
5,"2","N1","T3",0.4383,0.5617,"HIGH"
6,"2","N1","T3",0.4383,0.5617,"HIGH"
7,"2","N1","T3",0.4383,0.5617,"HIGH"
8,"2","N1","T3",0.4383,0.5617,"HIGH"
9,"2","N1","T3",0.4383,0.5617,"HIGH"
10,"2","N1","T3",0.4383,0.5617,"HIGH"
11,"2","N1","T3",0.4383,0.5617,"HIGH"
12,"2","N1","T3",0.4383,0.5617,"HIGH"
13,"2","N1","T3",0.4383,0.5617,"HIGH"
14,"2","N1","T3",0.4383,0.5617,"HIGH"
15,"2","N1","T3",0.4383,0.5617,"HIGH"
16,"2","N1","T3",0.4383,0.5617,"HIGH"
17,"2","N1","T3",0.4383,0.5617,"HIGH"
18,"2","N1","T3",0.4383,0.5617,"HIGH"
19,"2","N1","T3",0.4403,0.5597,"HIGH"
20,"2","N1","T3",0.4403,0.5597,"HIGH"
21,"2","N1","T3",0.4434,0.5566,"HIGH"
22,"2","N1","T3",0.4509,0.5491,"HIGH"
23,"2","N1","T3",0.4616,0.5384,"HIGH"
24,"2","N1","T3",0.5509,0.4491,"LOW"
25,"2","N1","T3",0.5809,0.4191,"LOW"
26,"2","N1","T3",0.5706,0.4294,"LOW"
27,"2","N1","T3",0.506,0.494,"LOW"
28,"2","N1","T3",0.5034,0.4966,"LOW"
29,"2","N1","T3",0.5217,0.4783,"LOW"
30,"2","N1","T3",0.5312,0.4688,"LOW"
31,"2","N1","T3",0.5223,0.4777,"LOW"
32,"2","N1","T3",0.5709,0.4291,"LOW"
33,"2","N1","T3",0.546,0.454,"LOW"
34,"2","N1","T3",0.5657,0.4343,"LOW"
35,"2","N1","T3",0.5719,0.4281,"LOW"
36,"2","N1","T3",0.5046,0.4954,"LOW"
37,"2","N1","T3",0.5161,0.4839,"LOW"
38,"2","N1","T3",0.5736,0.4264,"LOW"
39,"2","N1","T3",0.569,0.431,"LOW"
40,"2","N1","T3",0.6397,0.3603,"LOW"
41,"2","N1","T3",0.6254,0.3746,"LOW"
42,"2","N1","T3",0.5949,0.4051,"LOW"
43,"2","N1","T3",0.5942,0.4058,"LOW"
44,"2","N1","T3",0.5951,0.4049,"LOW"
45,"2","N1","T3",0.5717,0.4283,"LOW"
46,"2","N1","T3",0.5921,0.4079,"LOW"
47,"2","N1","T3",0.6045,0.3955,"LOW"
48,"2","N1","T3",0.5892,0.4108,"LOW"
49,"2","N1","T3",0.5821,0.4179,"LOW"
50,"2","N1","T3",0.5778,0.4222,"LOW"
51,"2","N1","T3",0.5821,0.4179,"LOW"
52,"2","N1","T3",0.5848,0.4152,"LOW"
53,"2","N1","T3",0.5911,0.4089,"LOW"
54,"2","N1","T3",0.5887,0.4113,"LOW"
55,"2","N1","T3",0.5863,0.4137,"LOW"
56,"2","N1","T3",0.5816,0.4184,"LOW"
57,"2","N1","T3",0.5818,0.4182,"LOW"
58,"2","N1","T3",0.5815,0.4185,"LOW"
59,"2","N1","T3",0.5842,0.4158,"LOW"
60,"2","N1","T3",0.6038,0.3962,"LOW"
61,"2","N1","T3",0.6065,0.3935,"LOW"
62,"2","N1","T3",0.6029,0.3971,"LOW"
63,"2","N1","T3",0.594,0.406,"LOW"
64,"2","N1","T3",0.5989,0.4011,"LOW"
65,"2","N1","T3",0.603,0.397,"LOW"
66,"2","N1","T3",0.6047,0.3953,"LOW"
67,"2","N1","T3",0.6148,0.3852,"LOW"
68,"2","N1","T3",0.6164,0.3836,"LOW"
69,"2","N1","T3",0.6133,0.3867,"LOW"
70,"2","N1","T3",0.6205,0.3795,"LOW"
71,"2","N1","T3",0.6155,0.3845,"LOW"
72,"2","N1","T3",0.6236,0.3764,"LOW"
73,"2","N1","T3",0.619,0.381,"LOW"
74,"2","N1","T3",0.6152,0.3848,"LOW"
75,"2","N1","T3",0.6216,0.3784,"LOW"
76,"2","N1","T3",0.6159,0.3841,"LOW"
77,"2","N1","T3",0.6163,0.3837,"LOW"
78,"2","N1","T3",0.6152,0.3848,"LOW"
79,"2","N1","T3",0.6208,0.3792,"LOW"
80,"2","N1","T3",0.6204,0.3796,"LOW"
81,"2","N1","T3",0.6262,0.3738,"LOW"
82,"2","N1","T3",0.5869,0.4131,"LOW"
83,"2","N1","T3",0.5922,0.4078,"LOW"
84,"2","N1","T3",0.606,0.394,"LOW"
85,"2","N1","T3",0.6135,0.3865,"LOW"
86,"2","N1","T3",0.6096,0.3904,"LOW"
87,"2","N1","T3",0.5815,0.4185,"LOW"
88,"2","N1","T3",0.5578,0.4422,"LOW"
89,"2","N1","T3",0.5087,0.4913,"LOW"
90,"2","N1","T3",0.5142,0.4858,"LOW"
91,"2","N1","T3",0.5142,0.4858,"LOW"
92,"2","N1","T3",0.5142,0.4858,"LOW"
93,"2","N1","T3",0.5142,0.4858,"LOW"
94,"2","N1","T3",0.5142,0.4858,"LOW"
95,"2","N1","T3",0.5142,0.4858,"LOW"
96,"2","N1","T3",0.5142,0.4858,"LOW"
97,"2","N1","T3",0.5142,0.4858,"LOW"
98,"2","N1","T3",0.5142,0.4858,"LOW"
99,"2","N1","T3",0.5142,0.4858,"LOW"
0,"1","N2","T3",0.5442,0.4558,"LOW"
1,"1","N2","T3",0.5442,0.4558,"LOW"
2,"1","N2","T3",0.5442,0.4558,"LOW"
3,"1","N2","T3",0.5442,0.4558,"LOW"
4,"1","N2","T3",0.5442,0.4558,"LOW"
5,"1","N2","T3",0.5442,0.4558,"LOW"
6,"1","N2","T3",0.5442,0.4558,"LOW"
7,"1","N2","T3",0.5442,0.4558,"LOW"
8,"1","N2","T3",0.5442,0.4558,"LOW"
9,"1","N2","T3",0.5442,0.4558,"LOW"
10,"1","N2","T3",0.5442,0.4558,"LOW"
11,"1","N2","T3",0.5442,0.4558,"LOW"
12,"1","N2","T3",0.5442,0.4558,"LOW"
13,"1","N2","T3",0.5159,0.4841,"LOW"
14,"1","N2","T3",0.5159,0.4841,"LOW"
15,"1","N2","T3",0.5144,0.4856,"LOW"
16,"1","N2","T3",0.5144,0.4856,"LOW"
17,"1","N2","T3",0.5144,0.4856,"LOW"
18,"1","N2","T3",0.5144,0.4856,"LOW"
19,"1","N2","T3",0.5124,0.4876,"LOW"
20,"1","N2","T3",0.5452,0.4548,"LOW"
21,"1","N2","T3",0.5225,0.4775,"LOW"
22,"1","N2","T3",0.3542,0.6458,"HIGH"
23,"1","N2","T3",0.3459,0.6541,"HIGH"
24,"1","N2","T3",0.3649,0.6351,"HIGH"
25,"1","N2","T3",0.3347,0.6653,"HIGH"
26,"1","N2","T3",0.3349,0.6651,"HIGH"
27,"1","N2","T3",0.3727,0.6273,"HIGH"
28,"1","N2","T3",0.3557,0.6443,"HIGH"
29,"1","N2","T3",0.34,0.66,"HIGH"
30,"1","N2","T3",0.3999,0.6001,"HIGH"
31,"1","N2","T3",0.4123,0.5877,"HIGH"
32,"1","N2","T3",0.4024,0.5976,"HIGH"
33,"1","N2","T3",0.3742,0.6258,"HIGH"
34,"1","N2","T3",0.3596,0.6404,"HIGH"
35,"1","N2","T3",0.4897,0.5103,"HIGH"
36,"1","N2","T3",0.4525,0.5475,"HIGH"
37,"1","N2","T3",0.4701,0.5299,"HIGH"
38,"1","N2","T3",0.455,0.545,"HIGH"
39,"1","N2","T3",0.4752,0.5248,"HIGH"
40,"1","N2","T3",0.4562,0.5438,"HIGH"
41,"1","N2","T3",0.4266,0.5734,"HIGH"
42,"1","N2","T3",0.4105,0.5895,"HIGH"
43,"1","N2","T3",0.4181,0.5819,"HIGH"
44,"1","N2","T3",0.4317,0.5683,"HIGH"
45,"1","N2","T3",0.4396,0.5604,"HIGH"
46,"1","N2","T3",0.4326,0.5674,"HIGH"
47,"1","N2","T3",0.4362,0.5638,"HIGH"
48,"1","N2","T3",0.4366,0.5634,"HIGH"
49,"1","N2","T3",0.4342,0.5658,"HIGH"
50,"1","N2","T3",0.4394,0.5606,"HIGH"
51,"1","N2","T3",0.4345,0.5655,"HIGH"
52,"1","N2","T3",0.4554,0.5446,"HIGH"
53,"1","N2","T3",0.4636,0.5364,"HIGH"
54,"1","N2","T3",0.4569,0.5431,"HIGH"
55,"1","N2","T3",0.4693,0.5307,"HIGH"
56,"1","N2","T3",0.4775,0.5225,"HIGH"
57,"1","N2","T3",0.4711,0.5289,"HIGH"
58,"1","N2","T3",0.4687,0.5313,"HIGH"
59,"1","N2","T3",0.4694,0.5306,"HIGH"
60,"1","N2","T3",0.4703,0.5297,"HIGH"
61,"1","N2","T3",0.4717,0.5283,"HIGH"
62,"1","N2","T3",0.4735,0.5265,"HIGH"
63,"1","N2","T3",0.4737,0.5263,"HIGH"
64,"1","N2","T3",0.4689,0.5311,"HIGH"
65,"1","N2","T3",0.4731,0.5269,"HIGH"
66,"1","N2","T3",0.4683,0.5317,"HIGH"
67,"1","N2","T3",0.4662,0.5338,"HIGH"
68,"1","N2","T3",0.4651,0.5349,"HIGH"
69,"1","N2","T3",0.4666,0.5334,"HIGH"
70,"1","N2","T3",0.4686,0.5314,"HIGH"
71,"1","N2","T3",0.4691,0.5309,"HIGH"
72,"1","N2","T3",0.4664,0.5336,"HIGH"
73,"1","N2","T3",0.4683,0.5317,"HIGH"
74,"1","N2","T3",0.4674,0.5326,"HIGH"
75,"1","N2","T3",0.4679,0.5321,"HIGH"
76,"1","N2","T3",0.4641,0.5359,"HIGH"
77,"1","N2","T3",0.466,0.534,"HIGH"
78,"1","N2","T3",0.4703,0.5297,"HIGH"
79,"1","N2","T3",0.4695,0.5305,"HIGH"
80,"1","N2","T3",0.4699,0.5301,"HIGH"
81,"1","N2","T3",0.4689,0.5311,"HIGH"
82,"1","N2","T3",0.4613,0.5387,"HIGH"
83,"1","N2","T3",0.451,0.549,"HIGH"
84,"1","N2","T3",0.4549,0.5451,"HIGH"
85,"1","N2","T3",0.4603,0.5397,"HIGH"
86,"1","N2","T3",0.4618,0.5382,"HIGH"
87,"1","N2","T3",0.4636,0.5364,"HIGH"
88,"1","N2","T3",0.4514,0.5486,"HIGH"
89,"1","N2","T3",0.4525,0.5475,"HIGH"
90,"1","N2","T3",0.4531,0.5469,"HIGH"
91,"1","N2","T3",0.4531,0.5469,"HIGH"
92,"1","N2","T3",0.4531,0.5469,"HIGH"
93,"1","N2","T3",0.4531,0.5469,"HIGH"
94,"1","N2","T3",0.4531,0.5469,"HIGH"
95,"1","N2","T3",0.4531,0.5469,"HIGH"
96,"1","N2","T3",0.4531,0.5469,"HIGH"
97,"1","N2","T3",0.4531,0.5469,"HIGH"
98,"1","N2","T3",0.4531,0.5469,"HIGH"
99,"1","N2","T3",0.4531,0.5469,"HIGH"
0,"2","N2","T3",0.5352,0.4648,"LOW"
1,"2","N2","T3",0.5352,0.4648,"LOW"
2,"2","N2","T3",0.5352,0.4648,"LOW"
3,"2","N2","T3",0.5352,0.4648,"LOW"
4,"2","N2","T3",0.5352,0.4648,"LOW"
5,"2","N2","T3",0.5352,0.4648,"LOW"
6,"2","N2","T3",0.5352,0.4648,"LOW"
7,"2","N2","T3",0.5352,0.4648,"LOW"
8,"2","N2","T3",0.5352,0.4648,"LOW"
9,"2","N2","T3",0.5352,0.4648,"LOW"
10,"2","N2","T3",0.5352,0.4648,"LOW"
11,"2","N2","T3",0.5352,0.4648,"LOW"
12,"2","N2","T3",0.5352,0.4648,"LOW"
13,"2","N2","T3",0.4778,0.5222,"HIGH"
14,"2","N2","T3",0.4778,0.5222,"HIGH"
15,"2","N2","T3",0.4727,0.5273,"HIGH"
16,"2","N2","T3",0.4701,0.5299,"HIGH"
17,"2","N2","T3",0.4701,0.5299,"HIGH"
18,"2","N2","T3",0.4701,0.5299,"HIGH"
19,"2","N2","T3",0.4701,0.5299,"HIGH"
20,"2","N2","T3",0.5206,0.4794,"LOW"
21,"2","N2","T3",0.4539,0.5461,"HIGH"
22,"2","N2","T3",0.4268,0.5732,"HIGH"
23,"2","N2","T3",0.4659,0.5341,"HIGH"
24,"2","N2","T3",0.4288,0.5712,"HIGH"
25,"2","N2","T3",0.4056,0.5944,"HIGH"
26,"2","N2","T3",0.3763,0.6237,"HIGH"
27,"2","N2","T3",0.3585,0.6415,"HIGH"
28,"2","N2","T3",0.3564,0.6436,"HIGH"
29,"2","N2","T3",0.3445,0.6555,"HIGH"
30,"2","N2","T3",0.3602,0.6398,"HIGH"
31,"2","N2","T3",0.3773,0.6227,"HIGH"
32,"2","N2","T3",0.3851,0.6149,"HIGH"
33,"2","N2","T3",0.3565,0.6435,"HIGH"
34,"2","N2","T3",0.4226,0.5774,"HIGH"
35,"2","N2","T3",0.4478,0.5522,"HIGH"
36,"2","N2","T3",0.4371,0.5629,"HIGH"
37,"2","N2","T3",0.4351,0.5649,"HIGH"
38,"2","N2","T3",0.4588,0.5412,"HIGH"
39,"2","N2","T3",0.4579,0.5421,"HIGH"
40,"2","N2","T3",0.4453,0.5547,"HIGH"
41,"2","N2","T3",0.4391,0.5609,"HIGH"
42,"2","N2","T3",0.4364,0.5636,"HIGH"
43,"2","N2","T3",0.4394,0.5606,"HIGH"
44,"2","N2","T3",0.4283,0.5717,"HIGH"
45,"2","N2","T3",0.4318,0.5682,"HIGH"
46,"2","N2","T3",0.4396,0.5604,"HIGH"
47,"2","N2","T3",0.429,0.571,"HIGH"
48,"2","N2","T3",0.4357,0.5643,"HIGH"
49,"2","N2","T3",0.4367,0.5633,"HIGH"
50,"2","N2","T3",0.4325,0.5675,"HIGH"
51,"2","N2","T3",0.433,0.567,"HIGH"
52,"2","N2","T3",0.4484,0.5516,"HIGH"
53,"2","N2","T3",0.4519,0.5481,"HIGH"
54,"2","N2","T3",0.4548,0.5452,"HIGH"
55,"2","N2","T3",0.4596,0.5404,"HIGH"
56,"2","N2","T3",0.4575,0.5425,"HIGH"
57,"2","N2","T3",0.4573,0.5427,"HIGH"
58,"2","N2","T3",0.4649,0.5351,"HIGH"
59,"2","N2","T3",0.4675,0.5325,"HIGH"
60,"2","N2","T3",0.4605,0.5395,"HIGH"
61,"2","N2","T3",0.4611,0.5389,"HIGH"
62,"2","N2","T3",0.4665,0.5335,"HIGH"
63,"2","N2","T3",0.461,0.539,"HIGH"
64,"2","N2","T3",0.4658,0.5342,"HIGH"
65,"2","N2","T3",0.4711,0.5289,"HIGH"
66,"2","N2","T3",0.4729,0.5271,"HIGH"
67,"2","N2","T3",0.4692,0.5308,"HIGH"
68,"2","N2","T3",0.4712,0.5288,"HIGH"
69,"2","N2","T3",0.4726,0.5274,"HIGH"
70,"2","N2","T3",0.4693,0.5307,"HIGH"
71,"2","N2","T3",0.4712,0.5288,"HIGH"
72,"2","N2","T3",0.4716,0.5284,"HIGH"
73,"2","N2","T3",0.4707,0.5293,"HIGH"
74,"2","N2","T3",0.4708,0.5292,"HIGH"
75,"2","N2","T3",0.469,0.531,"HIGH"
76,"2","N2","T3",0.4705,0.5295,"HIGH"
77,"2","N2","T3",0.4721,0.5279,"HIGH"
78,"2","N2","T3",0.474,0.526,"HIGH"
79,"2","N2","T3",0.4729,0.5271,"HIGH"
80,"2","N2","T3",0.4769,0.5231,"HIGH"
81,"2","N2","T3",0.4694,0.5306,"HIGH"
82,"2","N2","T3",0.4568,0.5432,"HIGH"
83,"2","N2","T3",0.4562,0.5438,"HIGH"
84,"2","N2","T3",0.4612,0.5388,"HIGH"
85,"2","N2","T3",0.4571,0.5429,"HIGH"
86,"2","N2","T3",0.4521,0.5479,"HIGH"
87,"2","N2","T3",0.4455,0.5545,"HIGH"
88,"2","N2","T3",0.4362,0.5638,"HIGH"
89,"2","N2","T3",0.4457,0.5543,"HIGH"
90,"2","N2","T3",0.3936,0.6064,"HIGH"
91,"2","N2","T3",0.3936,0.6064,"HIGH"
92,"2","N2","T3",0.3936,0.6064,"HIGH"
93,"2","N2","T3",0.3936,0.6064,"HIGH"
94,"2","N2","T3",0.3936,0.6064,"HIGH"
95,"2","N2","T3",0.3936,0.6064,"HIGH"
96,"2","N2","T3",0.3936,0.6064,"HIGH"
97,"2","N2","T3",0.3936,0.6064,"HIGH"
98,"2","N2","T3",0.3936,0.6064,"HIGH"
99,"2","N2","T3",0.3936,0.6064,"HIGH"
0,"1","N3","T3",0.3892,0.6108,"HIGH"
1,"1","N3","T3",0.3892,0.6108,"HIGH"
2,"1","N3","T3",0.3892,0.6108,"HIGH"
3,"1","N3","T3",0.3892,0.6108,"HIGH"
4,"1","N3","T3",0.3892,0.6108,"HIGH"
5,"1","N3","T3",0.3892,0.6108,"HIGH"
6,"1","N3","T3",0.3892,0.6108,"HIGH"
7,"1","N3","T3",0.3892,0.6108,"HIGH"
8,"1","N3","T3",0.3892,0.6108,"HIGH"
9,"1","N3","T3",0.3892,0.6108,"HIGH"
10,"1","N3","T3",0.3892,0.6108,"HIGH"
11,"1","N3","T3",0.3892,0.6108,"HIGH"
12,"1","N3","T3",0.3892,0.6108,"HIGH"
13,"1","N3","T3",0.3892,0.6108,"HIGH"
14,"1","N3","T3",0.3892,0.6108,"HIGH"
15,"1","N3","T3",0.3892,0.6108,"HIGH"
16,"1","N3","T3",0.3892,0.6108,"HIGH"
17,"1","N3","T3",0.3892,0.6108,"HIGH"
18,"1","N3","T3",0.3892,0.6108,"HIGH"
19,"1","N3","T3",0.3892,0.6108,"HIGH"
20,"1","N3","T3",0.3892,0.6108,"HIGH"
21,"1","N3","T3",0.3892,0.6108,"HIGH"
22,"1","N3","T3",0.3892,0.6108,"HIGH"
23,"1","N3","T3",0.4304,0.5696,"HIGH"
24,"1","N3","T3",0.4304,0.5696,"HIGH"
25,"1","N3","T3",0.4304,0.5696,"HIGH"
26,"1","N3","T3",0.4459,0.5541,"HIGH"
27,"1","N3","T3",0.4497,0.5503,"HIGH"
28,"1","N3","T3",0.405,0.595,"HIGH"
29,"1","N3","T3",0.3683,0.6317,"HIGH"
30,"1","N3","T3",0.3961,0.6039,"HIGH"
31,"1","N3","T3",0.3898,0.6102,"HIGH"
32,"1","N3","T3",0.3645,0.6355,"HIGH"
33,"1","N3","T3",0.3292,0.6708,"HIGH"
34,"1","N3","T3",0.4226,0.5774,"HIGH"
35,"1","N3","T3",0.3858,0.6142,"HIGH"
36,"1","N3","T3",0.3981,0.6019,"HIGH"
37,"1","N3","T3",0.3986,0.6014,"HIGH"
38,"1","N3","T3",0.4014,0.5986,"HIGH"
39,"1","N3","T3",0.4043,0.5957,"HIGH"
40,"1","N3","T3",0.3709,0.6291,"HIGH"
41,"1","N3","T3",0.3762,0.6238,"HIGH"
42,"1","N3","T3",0.3695,0.6305,"HIGH"
43,"1","N3","T3",0.3657,0.6343,"HIGH"
44,"1","N3","T3",0.3684,0.6316,"HIGH"
45,"1","N3","T3",0.3608,0.6392,"HIGH"
46,"1","N3","T3",0.3648,0.6352,"HIGH"
47,"1","N3","T3",0.3694,0.6306,"HIGH"
48,"1","N3","T3",0.3704,0.6296,"HIGH"
49,"1","N3","T3",0.3762,0.6238,"HIGH"
50,"1","N3","T3",0.3758,0.6242,"HIGH"
51,"1","N3","T3",0.3733,0.6267,"HIGH"
52,"1","N3","T3",0.3756,0.6244,"HIGH"
53,"1","N3","T3",0.3791,0.6209,"HIGH"
54,"1","N3","T3",0.376,0.624,"HIGH"
55,"1","N3","T3",0.3757,0.6243,"HIGH"
56,"1","N3","T3",0.3752,0.6248,"HIGH"
57,"1","N3","T3",0.3772,0.6228,"HIGH"
58,"1","N3","T3",0.3746,0.6254,"HIGH"
59,"1","N3","T3",0.3678,0.6322,"HIGH"
60,"1","N3","T3",0.3688,0.6312,"HIGH"
61,"1","N3","T3",0.3703,0.6297,"HIGH"
62,"1","N3","T3",0.3713,0.6287,"HIGH"
63,"1","N3","T3",0.3689,0.6311,"HIGH"
64,"1","N3","T3",0.3632,0.6368,"HIGH"
65,"1","N3","T3",0.3798,0.6202,"HIGH"
66,"1","N3","T3",0.3688,0.6312,"HIGH"
67,"1","N3","T3",0.3567,0.6433,"HIGH"
68,"1","N3","T3",0.3821,0.6179,"HIGH"
69,"1","N3","T3",0.387,0.613,"HIGH"
70,"1","N3","T3",0.3839,0.6161,"HIGH"
71,"1","N3","T3",0.3886,0.6114,"HIGH"
72,"1","N3","T3",0.4001,0.5999,"HIGH"
73,"1","N3","T3",0.3859,0.6141,"HIGH"
74,"1","N3","T3",0.3875,0.6125,"HIGH"
75,"1","N3","T3",0.3894,0.6106,"HIGH"
76,"1","N3","T3",0.3947,0.6053,"HIGH"
77,"1","N3","T3",0.398,0.602,"HIGH"
78,"1","N3","T3",0.3917,0.6083,"HIGH"
79,"1","N3","T3",0.3929,0.6071,"HIGH"
80,"1","N3","T3",0.3988,0.6012,"HIGH"
81,"1","N3","T3",0.395,0.605,"HIGH"
82,"1","N3","T3",0.4058,0.5942,"HIGH"
83,"1","N3","T3",0.3843,0.6157,"HIGH"
84,"1","N3","T3",0.3852,0.6148,"HIGH"
85,"1","N3","T3",0.4045,0.5955,"HIGH"
86,"1","N3","T3",0.3945,0.6055,"HIGH"
87,"1","N3","T3",0.4128,0.5872,"HIGH"
88,"1","N3","T3",0.3926,0.6074,"HIGH"
89,"1","N3","T3",0.41,0.59,"HIGH"
90,"1","N3","T3",0.4212,0.5788,"HIGH"
91,"1","N3","T3",0.4212,0.5788,"HIGH"
92,"1","N3","T3",0.4212,0.5788,"HIGH"
93,"1","N3","T3",0.4212,0.5788,"HIGH"
94,"1","N3","T3",0.4212,0.5788,"HIGH"
95,"1","N3","T3",0.4212,0.5788,"HIGH"
96,"1","N3","T3",0.4212,0.5788,"HIGH"
97,"1","N3","T3",0.4212,0.5788,"HIGH"
98,"1","N3","T3",0.4212,0.5788,"HIGH"
99,"1","N3","T3",0.4212,0.5788,"HIGH"
0,"2","N3","T3",0.2454,0.7546,"HIGH"
1,"2","N3","T3",0.2454,0.7546,"HIGH"
2,"2","N3","T3",0.2454,0.7546,"HIGH"
3,"2","N3","T3",0.2454,0.7546,"HIGH"
4,"2","N3","T3",0.2454,0.7546,"HIGH"
5,"2","N3","T3",0.2454,0.7546,"HIGH"
6,"2","N3","T3",0.2454,0.7546,"HIGH"
7,"2","N3","T3",0.2454,0.7546,"HIGH"
8,"2","N3","T3",0.2454,0.7546,"HIGH"
9,"2","N3","T3",0.2454,0.7546,"HIGH"
10,"2","N3","T3",0.2454,0.7546,"HIGH"
11,"2","N3","T3",0.2454,0.7546,"HIGH"
12,"2","N3","T3",0.2454,0.7546,"HIGH"
13,"2","N3","T3",0.2454,0.7546,"HIGH"
14,"2","N3","T3",0.2454,0.7546,"HIGH"
15,"2","N3","T3",0.2454,0.7546,"HIGH"
16,"2","N3","T3",0.2454,0.7546,"HIGH"
17,"2","N3","T3",0.2454,0.7546,"HIGH"
18,"2","N3","T3",0.2454,0.7546,"HIGH"
19,"2","N3","T3",0.2454,0.7546,"HIGH"
20,"2","N3","T3",0.2454,0.7546,"HIGH"
21,"2","N3","T3",0.2454,0.7546,"HIGH"
22,"2","N3","T3",0.2454,0.7546,"HIGH"
23,"2","N3","T3",0.2474,0.7526,"HIGH"
24,"2","N3","T3",0.2454,0.7546,"HIGH"
25,"2","N3","T3",0.2454,0.7546,"HIGH"
26,"2","N3","T3",0.2587,0.7413,"HIGH"
27,"2","N3","T3",0.2605,0.7395,"HIGH"
28,"2","N3","T3",0.245,0.755,"HIGH"
29,"2","N3","T3",0.2424,0.7576,"HIGH"
30,"2","N3","T3",0.2486,0.7514,"HIGH"
31,"2","N3","T3",0.2483,0.7517,"HIGH"
32,"2","N3","T3",0.2477,0.7523,"HIGH"
33,"2","N3","T3",0.2459,0.7541,"HIGH"
34,"2","N3","T3",0.3863,0.6137,"HIGH"
35,"2","N3","T3",0.3233,0.6767,"HIGH"
36,"2","N3","T3",0.3193,0.6807,"HIGH"
37,"2","N3","T3",0.3163,0.6837,"HIGH"
38,"2","N3","T3",0.3204,0.6796,"HIGH"
39,"2","N3","T3",0.3044,0.6956,"HIGH"
40,"2","N3","T3",0.3339,0.6661,"HIGH"
41,"2","N3","T3",0.3544,0.6456,"HIGH"
42,"2","N3","T3",0.3761,0.6239,"HIGH"
43,"2","N3","T3",0.3263,0.6737,"HIGH"
44,"2","N3","T3",0.3576,0.6424,"HIGH"
45,"2","N3","T3",0.3405,0.6595,"HIGH"
46,"2","N3","T3",0.342,0.658,"HIGH"
47,"2","N3","T3",0.3393,0.6607,"HIGH"
48,"2","N3","T3",0.3402,0.6598,"HIGH"
49,"2","N3","T3",0.3376,0.6624,"HIGH"
50,"2","N3","T3",0.3411,0.6589,"HIGH"
51,"2","N3","T3",0.3411,0.6589,"HIGH"
52,"2","N3","T3",0.3399,0.6601,"HIGH"
53,"2","N3","T3",0.3324,0.6676,"HIGH"
54,"2","N3","T3",0.3324,0.6676,"HIGH"
55,"2","N3","T3",0.3328,0.6672,"HIGH"
56,"2","N3","T3",0.3346,0.6654,"HIGH"
57,"2","N3","T3",0.3359,0.6641,"HIGH"
58,"2","N3","T3",0.3378,0.6622,"HIGH"
59,"2","N3","T3",0.3359,0.6641,"HIGH"
60,"2","N3","T3",0.3386,0.6614,"HIGH"
61,"2","N3","T3",0.3367,0.6633,"HIGH"
62,"2","N3","T3",0.347,0.653,"HIGH"
63,"2","N3","T3",0.3434,0.6566,"HIGH"
64,"2","N3","T3",0.3454,0.6546,"HIGH"
65,"2","N3","T3",0.3422,0.6578,"HIGH"
66,"2","N3","T3",0.3473,0.6527,"HIGH"
67,"2","N3","T3",0.3437,0.6563,"HIGH"
68,"2","N3","T3",0.3508,0.6492,"HIGH"
69,"2","N3","T3",0.3598,0.6402,"HIGH"
70,"2","N3","T3",0.3562,0.6438,"HIGH"
71,"2","N3","T3",0.3725,0.6275,"HIGH"
72,"2","N3","T3",0.3624,0.6376,"HIGH"
73,"2","N3","T3",0.3705,0.6295,"HIGH"
74,"2","N3","T3",0.3762,0.6238,"HIGH"
75,"2","N3","T3",0.3744,0.6256,"HIGH"
76,"2","N3","T3",0.3775,0.6225,"HIGH"
77,"2","N3","T3",0.3849,0.6151,"HIGH"
78,"2","N3","T3",0.3791,0.6209,"HIGH"
79,"2","N3","T3",0.3692,0.6308,"HIGH"
80,"2","N3","T3",0.3764,0.6236,"HIGH"
81,"2","N3","T3",0.3819,0.6181,"HIGH"
82,"2","N3","T3",0.3837,0.6163,"HIGH"
83,"2","N3","T3",0.3468,0.6532,"HIGH"
84,"2","N3","T3",0.3623,0.6377,"HIGH"
85,"2","N3","T3",0.3506,0.6494,"HIGH"
86,"2","N3","T3",0.3438,0.6562,"HIGH"
87,"2","N3","T3",0.3637,0.6363,"HIGH"
88,"2","N3","T3",0.3584,0.6416,"HIGH"
89,"2","N3","T3",0.3621,0.6379,"HIGH"
90,"2","N3","T3",0.3651,0.6349,"HIGH"
91,"2","N3","T3",0.3651,0.6349,"HIGH"
92,"2","N3","T3",0.3651,0.6349,"HIGH"
93,"2","N3","T3",0.3651,0.6349,"HIGH"
94,"2","N3","T3",0.3651,0.6349,"HIGH"
95,"2","N3","T3",0.3651,0.6349,"HIGH"
96,"2","N3","T3",0.3651,0.6349,"HIGH"
97,"2","N3","T3",0.3651,0.6349,"HIGH"
98,"2","N3","T3",0.3651,0.6349,"HIGH"
99,"2","N3","T3",0.3651,0.6349,"HIGH"
0,"1","Other/Unknown","T3",0.3327,0.6673,"HIGH"
1,"1","Other/Unknown","T3",0.3327,0.6673,"HIGH"
2,"1","Other/Unknown","T3",0.3327,0.6673,"HIGH"
3,"1","Other/Unknown","T3",0.3327,0.6673,"HIGH"
4,"1","Other/Unknown","T3",0.3327,0.6673,"HIGH"
5,"1","Other/Unknown","T3",0.3327,0.6673,"HIGH"
6,"1","Other/Unknown","T3",0.3327,0.6673,"HIGH"
7,"1","Other/Unknown","T3",0.3327,0.6673,"HIGH"
8,"1","Other/Unknown","T3",0.3327,0.6673,"HIGH"
9,"1","Other/Unknown","T3",0.3327,0.6673,"HIGH"
10,"1","Other/Unknown","T3",0.3327,0.6673,"HIGH"
11,"1","Other/Unknown","T3",0.3327,0.6673,"HIGH"
12,"1","Other/Unknown","T3",0.3327,0.6673,"HIGH"
13,"1","Other/Unknown","T3",0.3327,0.6673,"HIGH"
14,"1","Other/Unknown","T3",0.3327,0.6673,"HIGH"
15,"1","Other/Unknown","T3",0.3327,0.6673,"HIGH"
16,"1","Other/Unknown","T3",0.3327,0.6673,"HIGH"
17,"1","Other/Unknown","T3",0.3327,0.6673,"HIGH"
18,"1","Other/Unknown","T3",0.3327,0.6673,"HIGH"
19,"1","Other/Unknown","T3",0.3327,0.6673,"HIGH"
20,"1","Other/Unknown","T3",0.3327,0.6673,"HIGH"
21,"1","Other/Unknown","T3",0.3327,0.6673,"HIGH"
22,"1","Other/Unknown","T3",0.3327,0.6673,"HIGH"
23,"1","Other/Unknown","T3",0.3327,0.6673,"HIGH"
24,"1","Other/Unknown","T3",0.3317,0.6683,"HIGH"
25,"1","Other/Unknown","T3",0.3317,0.6683,"HIGH"
26,"1","Other/Unknown","T3",0.3366,0.6634,"HIGH"
27,"1","Other/Unknown","T3",0.3376,0.6624,"HIGH"
28,"1","Other/Unknown","T3",0.3357,0.6643,"HIGH"
29,"1","Other/Unknown","T3",0.3457,0.6543,"HIGH"
30,"1","Other/Unknown","T3",0.3436,0.6564,"HIGH"
31,"1","Other/Unknown","T3",0.3436,0.6564,"HIGH"
32,"1","Other/Unknown","T3",0.3359,0.6641,"HIGH"
33,"1","Other/Unknown","T3",0.3374,0.6626,"HIGH"
34,"1","Other/Unknown","T3",0.3414,0.6586,"HIGH"
35,"1","Other/Unknown","T3",0.3084,0.6916,"HIGH"
36,"1","Other/Unknown","T3",0.357,0.643,"HIGH"
37,"1","Other/Unknown","T3",0.3512,0.6488,"HIGH"
38,"1","Other/Unknown","T3",0.3356,0.6644,"HIGH"
39,"1","Other/Unknown","T3",0.3328,0.6672,"HIGH"
40,"1","Other/Unknown","T3",0.3018,0.6982,"HIGH"
41,"1","Other/Unknown","T3",0.2837,0.7163,"HIGH"
42,"1","Other/Unknown","T3",0.2269,0.7731,"HIGH"
43,"1","Other/Unknown","T3",0.2254,0.7746,"HIGH"
44,"1","Other/Unknown","T3",0.2296,0.7704,"HIGH"
45,"1","Other/Unknown","T3",0.3214,0.6786,"HIGH"
46,"1","Other/Unknown","T3",0.2595,0.7405,"HIGH"
47,"1","Other/Unknown","T3",0.2502,0.7498,"HIGH"
48,"1","Other/Unknown","T3",0.2747,0.7253,"HIGH"
49,"1","Other/Unknown","T3",0.2778,0.7222,"HIGH"
50,"1","Other/Unknown","T3",0.2502,0.7498,"HIGH"
51,"1","Other/Unknown","T3",0.2362,0.7638,"HIGH"
52,"1","Other/Unknown","T3",0.2401,0.7599,"HIGH"
53,"1","Other/Unknown","T3",0.2513,0.7487,"HIGH"
54,"1","Other/Unknown","T3",0.2923,0.7077,"HIGH"
55,"1","Other/Unknown","T3",0.2643,0.7357,"HIGH"
56,"1","Other/Unknown","T3",0.2685,0.7315,"HIGH"
57,"1","Other/Unknown","T3",0.2761,0.7239,"HIGH"
58,"1","Other/Unknown","T3",0.2696,0.7304,"HIGH"
59,"1","Other/Unknown","T3",0.2738,0.7262,"HIGH"
60,"1","Other/Unknown","T3",0.2935,0.7065,"HIGH"
61,"1","Other/Unknown","T3",0.2847,0.7153,"HIGH"
62,"1","Other/Unknown","T3",0.2789,0.7211,"HIGH"
63,"1","Other/Unknown","T3",0.2799,0.7201,"HIGH"
64,"1","Other/Unknown","T3",0.2829,0.7171,"HIGH"
65,"1","Other/Unknown","T3",0.2747,0.7253,"HIGH"
66,"1","Other/Unknown","T3",0.2776,0.7224,"HIGH"
67,"1","Other/Unknown","T3",0.2961,0.7039,"HIGH"
68,"1","Other/Unknown","T3",0.31,0.69,"HIGH"
69,"1","Other/Unknown","T3",0.3118,0.6882,"HIGH"
70,"1","Other/Unknown","T3",0.2985,0.7015,"HIGH"
71,"1","Other/Unknown","T3",0.2958,0.7042,"HIGH"
72,"1","Other/Unknown","T3",0.2913,0.7087,"HIGH"
73,"1","Other/Unknown","T3",0.2929,0.7071,"HIGH"
74,"1","Other/Unknown","T3",0.3042,0.6958,"HIGH"
75,"1","Other/Unknown","T3",0.2967,0.7033,"HIGH"
76,"1","Other/Unknown","T3",0.308,0.692,"HIGH"
77,"1","Other/Unknown","T3",0.3005,0.6995,"HIGH"
78,"1","Other/Unknown","T3",0.2834,0.7166,"HIGH"
79,"1","Other/Unknown","T3",0.293,0.707,"HIGH"
80,"1","Other/Unknown","T3",0.2974,0.7026,"HIGH"
81,"1","Other/Unknown","T3",0.2899,0.7101,"HIGH"
82,"1","Other/Unknown","T3",0.293,0.707,"HIGH"
83,"1","Other/Unknown","T3",0.2718,0.7282,"HIGH"
84,"1","Other/Unknown","T3",0.2618,0.7382,"HIGH"
85,"1","Other/Unknown","T3",0.2425,0.7575,"HIGH"
86,"1","Other/Unknown","T3",0.233,0.767,"HIGH"
87,"1","Other/Unknown","T3",0.2319,0.7681,"HIGH"
88,"1","Other/Unknown","T3",0.1655,0.8345,"HIGH"
89,"1","Other/Unknown","T3",0.204,0.796,"HIGH"
90,"1","Other/Unknown","T3",0.1583,0.8417,"HIGH"
91,"1","Other/Unknown","T3",0.1583,0.8417,"HIGH"
92,"1","Other/Unknown","T3",0.1583,0.8417,"HIGH"
93,"1","Other/Unknown","T3",0.1583,0.8417,"HIGH"
94,"1","Other/Unknown","T3",0.1583,0.8417,"HIGH"
95,"1","Other/Unknown","T3",0.1583,0.8417,"HIGH"
96,"1","Other/Unknown","T3",0.1583,0.8417,"HIGH"
97,"1","Other/Unknown","T3",0.1583,0.8417,"HIGH"
98,"1","Other/Unknown","T3",0.1583,0.8417,"HIGH"
99,"1","Other/Unknown","T3",0.1583,0.8417,"HIGH"
0,"2","Other/Unknown","T3",0.2374,0.7626,"HIGH"
1,"2","Other/Unknown","T3",0.2374,0.7626,"HIGH"
2,"2","Other/Unknown","T3",0.2374,0.7626,"HIGH"
3,"2","Other/Unknown","T3",0.2374,0.7626,"HIGH"
4,"2","Other/Unknown","T3",0.2374,0.7626,"HIGH"
5,"2","Other/Unknown","T3",0.2374,0.7626,"HIGH"
6,"2","Other/Unknown","T3",0.2374,0.7626,"HIGH"
7,"2","Other/Unknown","T3",0.2374,0.7626,"HIGH"
8,"2","Other/Unknown","T3",0.2374,0.7626,"HIGH"
9,"2","Other/Unknown","T3",0.2374,0.7626,"HIGH"
10,"2","Other/Unknown","T3",0.2374,0.7626,"HIGH"
11,"2","Other/Unknown","T3",0.2374,0.7626,"HIGH"
12,"2","Other/Unknown","T3",0.2374,0.7626,"HIGH"
13,"2","Other/Unknown","T3",0.2374,0.7626,"HIGH"
14,"2","Other/Unknown","T3",0.2374,0.7626,"HIGH"
15,"2","Other/Unknown","T3",0.2374,0.7626,"HIGH"
16,"2","Other/Unknown","T3",0.2374,0.7626,"HIGH"
17,"2","Other/Unknown","T3",0.2374,0.7626,"HIGH"
18,"2","Other/Unknown","T3",0.2374,0.7626,"HIGH"
19,"2","Other/Unknown","T3",0.2374,0.7626,"HIGH"
20,"2","Other/Unknown","T3",0.2374,0.7626,"HIGH"
21,"2","Other/Unknown","T3",0.2374,0.7626,"HIGH"
22,"2","Other/Unknown","T3",0.2374,0.7626,"HIGH"
23,"2","Other/Unknown","T3",0.2374,0.7626,"HIGH"
24,"2","Other/Unknown","T3",0.2374,0.7626,"HIGH"
25,"2","Other/Unknown","T3",0.2394,0.7606,"HIGH"
26,"2","Other/Unknown","T3",0.2427,0.7573,"HIGH"
27,"2","Other/Unknown","T3",0.2427,0.7573,"HIGH"
28,"2","Other/Unknown","T3",0.2427,0.7573,"HIGH"
29,"2","Other/Unknown","T3",0.2767,0.7233,"HIGH"
30,"2","Other/Unknown","T3",0.2434,0.7566,"HIGH"
31,"2","Other/Unknown","T3",0.2434,0.7566,"HIGH"
32,"2","Other/Unknown","T3",0.2438,0.7562,"HIGH"
33,"2","Other/Unknown","T3",0.2339,0.7661,"HIGH"
34,"2","Other/Unknown","T3",0.2326,0.7674,"HIGH"
35,"2","Other/Unknown","T3",0.2223,0.7777,"HIGH"
36,"2","Other/Unknown","T3",0.2196,0.7804,"HIGH"
37,"2","Other/Unknown","T3",0.221,0.779,"HIGH"
38,"2","Other/Unknown","T3",0.2268,0.7732,"HIGH"
39,"2","Other/Unknown","T3",0.2268,0.7732,"HIGH"
40,"2","Other/Unknown","T3",0.2194,0.7806,"HIGH"
41,"2","Other/Unknown","T3",0.2184,0.7816,"HIGH"
42,"2","Other/Unknown","T3",0.2536,0.7464,"HIGH"
43,"2","Other/Unknown","T3",0.2508,0.7492,"HIGH"
44,"2","Other/Unknown","T3",0.2635,0.7365,"HIGH"
45,"2","Other/Unknown","T3",0.3194,0.6806,"HIGH"
46,"2","Other/Unknown","T3",0.3364,0.6636,"HIGH"
47,"2","Other/Unknown","T3",0.286,0.714,"HIGH"
48,"2","Other/Unknown","T3",0.312,0.688,"HIGH"
49,"2","Other/Unknown","T3",0.2654,0.7346,"HIGH"
50,"2","Other/Unknown","T3",0.3149,0.6851,"HIGH"
51,"2","Other/Unknown","T3",0.2424,0.7576,"HIGH"
52,"2","Other/Unknown","T3",0.242,0.758,"HIGH"
53,"2","Other/Unknown","T3",0.2681,0.7319,"HIGH"
54,"2","Other/Unknown","T3",0.2599,0.7401,"HIGH"
55,"2","Other/Unknown","T3",0.2629,0.7371,"HIGH"
56,"2","Other/Unknown","T3",0.2471,0.7529,"HIGH"
57,"2","Other/Unknown","T3",0.2458,0.7542,"HIGH"
58,"2","Other/Unknown","T3",0.2507,0.7493,"HIGH"
59,"2","Other/Unknown","T3",0.2539,0.7461,"HIGH"
60,"2","Other/Unknown","T3",0.2621,0.7379,"HIGH"
61,"2","Other/Unknown","T3",0.2874,0.7126,"HIGH"
62,"2","Other/Unknown","T3",0.2451,0.7549,"HIGH"
63,"2","Other/Unknown","T3",0.2519,0.7481,"HIGH"
64,"2","Other/Unknown","T3",0.2532,0.7468,"HIGH"
65,"2","Other/Unknown","T3",0.2596,0.7404,"HIGH"
66,"2","Other/Unknown","T3",0.2633,0.7367,"HIGH"
67,"2","Other/Unknown","T3",0.2887,0.7113,"HIGH"
68,"2","Other/Unknown","T3",0.2868,0.7132,"HIGH"
69,"2","Other/Unknown","T3",0.2858,0.7142,"HIGH"
70,"2","Other/Unknown","T3",0.2813,0.7187,"HIGH"
71,"2","Other/Unknown","T3",0.2739,0.7261,"HIGH"
72,"2","Other/Unknown","T3",0.2691,0.7309,"HIGH"
73,"2","Other/Unknown","T3",0.2788,0.7212,"HIGH"
74,"2","Other/Unknown","T3",0.2807,0.7193,"HIGH"
75,"2","Other/Unknown","T3",0.2746,0.7254,"HIGH"
76,"2","Other/Unknown","T3",0.2724,0.7276,"HIGH"
77,"2","Other/Unknown","T3",0.2806,0.7194,"HIGH"
78,"2","Other/Unknown","T3",0.2622,0.7378,"HIGH"
79,"2","Other/Unknown","T3",0.2715,0.7285,"HIGH"
80,"2","Other/Unknown","T3",0.2801,0.7199,"HIGH"
81,"2","Other/Unknown","T3",0.2758,0.7242,"HIGH"
82,"2","Other/Unknown","T3",0.2645,0.7355,"HIGH"
83,"2","Other/Unknown","T3",0.2325,0.7675,"HIGH"
84,"2","Other/Unknown","T3",0.2593,0.7407,"HIGH"
85,"2","Other/Unknown","T3",0.2767,0.7233,"HIGH"
86,"2","Other/Unknown","T3",0.2845,0.7155,"HIGH"
87,"2","Other/Unknown","T3",0.2895,0.7105,"HIGH"
88,"2","Other/Unknown","T3",0.2712,0.7288,"HIGH"
89,"2","Other/Unknown","T3",0.2376,0.7624,"HIGH"
90,"2","Other/Unknown","T3",0.2529,0.7471,"HIGH"
91,"2","Other/Unknown","T3",0.2529,0.7471,"HIGH"
92,"2","Other/Unknown","T3",0.2529,0.7471,"HIGH"
93,"2","Other/Unknown","T3",0.2529,0.7471,"HIGH"
94,"2","Other/Unknown","T3",0.2529,0.7471,"HIGH"
95,"2","Other/Unknown","T3",0.2529,0.7471,"HIGH"
96,"2","Other/Unknown","T3",0.2529,0.7471,"HIGH"
97,"2","Other/Unknown","T3",0.2529,0.7471,"HIGH"
98,"2","Other/Unknown","T3",0.2529,0.7471,"HIGH"
99,"2","Other/Unknown","T3",0.2529,0.7471,"HIGH"
0,"1","N0","T4",0.4152,0.5848,"HIGH"
1,"1","N0","T4",0.4152,0.5848,"HIGH"
2,"1","N0","T4",0.4152,0.5848,"HIGH"
3,"1","N0","T4",0.4152,0.5848,"HIGH"
4,"1","N0","T4",0.4152,0.5848,"HIGH"
5,"1","N0","T4",0.4152,0.5848,"HIGH"
6,"1","N0","T4",0.4152,0.5848,"HIGH"
7,"1","N0","T4",0.4152,0.5848,"HIGH"
8,"1","N0","T4",0.4152,0.5848,"HIGH"
9,"1","N0","T4",0.4152,0.5848,"HIGH"
10,"1","N0","T4",0.4152,0.5848,"HIGH"
11,"1","N0","T4",0.4152,0.5848,"HIGH"
12,"1","N0","T4",0.4152,0.5848,"HIGH"
13,"1","N0","T4",0.4152,0.5848,"HIGH"
14,"1","N0","T4",0.4152,0.5848,"HIGH"
15,"1","N0","T4",0.4152,0.5848,"HIGH"
16,"1","N0","T4",0.4152,0.5848,"HIGH"
17,"1","N0","T4",0.4152,0.5848,"HIGH"
18,"1","N0","T4",0.4378,0.5622,"HIGH"
19,"1","N0","T4",0.4617,0.5383,"HIGH"
20,"1","N0","T4",0.4617,0.5383,"HIGH"
21,"1","N0","T4",0.4516,0.5484,"HIGH"
22,"1","N0","T4",0.4325,0.5675,"HIGH"
23,"1","N0","T4",0.4328,0.5672,"HIGH"
24,"1","N0","T4",0.435,0.565,"HIGH"
25,"1","N0","T4",0.45,0.55,"HIGH"
26,"1","N0","T4",0.45,0.55,"HIGH"
27,"1","N0","T4",0.4215,0.5785,"HIGH"
28,"1","N0","T4",0.421,0.579,"HIGH"
29,"1","N0","T4",0.4374,0.5626,"HIGH"
30,"1","N0","T4",0.4651,0.5349,"HIGH"
31,"1","N0","T4",0.465,0.535,"HIGH"
32,"1","N0","T4",0.4506,0.5494,"HIGH"
33,"1","N0","T4",0.4467,0.5533,"HIGH"
34,"1","N0","T4",0.4559,0.5441,"HIGH"
35,"1","N0","T4",0.4568,0.5432,"HIGH"
36,"1","N0","T4",0.4776,0.5224,"HIGH"
37,"1","N0","T4",0.5015,0.4985,"LOW"
38,"1","N0","T4",0.4978,0.5022,"HIGH"
39,"1","N0","T4",0.4959,0.5041,"HIGH"
40,"1","N0","T4",0.509,0.491,"LOW"
41,"1","N0","T4",0.4972,0.5028,"HIGH"
42,"1","N0","T4",0.4973,0.5027,"HIGH"
43,"1","N0","T4",0.4955,0.5045,"HIGH"
44,"1","N0","T4",0.5002,0.4998,"LOW"
45,"1","N0","T4",0.5044,0.4956,"LOW"
46,"1","N0","T4",0.5063,0.4937,"LOW"
47,"1","N0","T4",0.4991,0.5009,"HIGH"
48,"1","N0","T4",0.4986,0.5014,"HIGH"
49,"1","N0","T4",0.5107,0.4893,"LOW"
50,"1","N0","T4",0.5095,0.4905,"LOW"
51,"1","N0","T4",0.5065,0.4935,"LOW"
52,"1","N0","T4",0.5076,0.4924,"LOW"
53,"1","N0","T4",0.5084,0.4916,"LOW"
54,"1","N0","T4",0.5085,0.4915,"LOW"
55,"1","N0","T4",0.506,0.494,"LOW"
56,"1","N0","T4",0.4997,0.5003,"HIGH"
57,"1","N0","T4",0.5098,0.4902,"LOW"
58,"1","N0","T4",0.5127,0.4873,"LOW"
59,"1","N0","T4",0.5192,0.4808,"LOW"
60,"1","N0","T4",0.5184,0.4816,"LOW"
61,"1","N0","T4",0.5168,0.4832,"LOW"
62,"1","N0","T4",0.5171,0.4829,"LOW"
63,"1","N0","T4",0.5185,0.4815,"LOW"
64,"1","N0","T4",0.5168,0.4832,"LOW"
65,"1","N0","T4",0.5175,0.4825,"LOW"
66,"1","N0","T4",0.5174,0.4826,"LOW"
67,"1","N0","T4",0.5171,0.4829,"LOW"
68,"1","N0","T4",0.5178,0.4822,"LOW"
69,"1","N0","T4",0.5227,0.4773,"LOW"
70,"1","N0","T4",0.5199,0.4801,"LOW"
71,"1","N0","T4",0.5201,0.4799,"LOW"
72,"1","N0","T4",0.5195,0.4805,"LOW"
73,"1","N0","T4",0.5166,0.4834,"LOW"
74,"1","N0","T4",0.5164,0.4836,"LOW"
75,"1","N0","T4",0.5168,0.4832,"LOW"
76,"1","N0","T4",0.5076,0.4924,"LOW"
77,"1","N0","T4",0.5079,0.4921,"LOW"
78,"1","N0","T4",0.5079,0.4921,"LOW"
79,"1","N0","T4",0.5065,0.4935,"LOW"
80,"1","N0","T4",0.4602,0.5398,"HIGH"
81,"1","N0","T4",0.4711,0.5289,"HIGH"
82,"1","N0","T4",0.4679,0.5321,"HIGH"
83,"1","N0","T4",0.4718,0.5282,"HIGH"
84,"1","N0","T4",0.4779,0.5221,"HIGH"
85,"1","N0","T4",0.4833,0.5167,"HIGH"
86,"1","N0","T4",0.4397,0.5603,"HIGH"
87,"1","N0","T4",0.4608,0.5392,"HIGH"
88,"1","N0","T4",0.466,0.534,"HIGH"
89,"1","N0","T4",0.4504,0.5496,"HIGH"
90,"1","N0","T4",0.4183,0.5817,"HIGH"
91,"1","N0","T4",0.4183,0.5817,"HIGH"
92,"1","N0","T4",0.4183,0.5817,"HIGH"
93,"1","N0","T4",0.4183,0.5817,"HIGH"
94,"1","N0","T4",0.4183,0.5817,"HIGH"
95,"1","N0","T4",0.4183,0.5817,"HIGH"
96,"1","N0","T4",0.4183,0.5817,"HIGH"
97,"1","N0","T4",0.4183,0.5817,"HIGH"
98,"1","N0","T4",0.4183,0.5817,"HIGH"
99,"1","N0","T4",0.4183,0.5817,"HIGH"
0,"2","N0","T4",0.4403,0.5597,"HIGH"
1,"2","N0","T4",0.4403,0.5597,"HIGH"
2,"2","N0","T4",0.4403,0.5597,"HIGH"
3,"2","N0","T4",0.4403,0.5597,"HIGH"
4,"2","N0","T4",0.4403,0.5597,"HIGH"
5,"2","N0","T4",0.4403,0.5597,"HIGH"
6,"2","N0","T4",0.4403,0.5597,"HIGH"
7,"2","N0","T4",0.4403,0.5597,"HIGH"
8,"2","N0","T4",0.4403,0.5597,"HIGH"
9,"2","N0","T4",0.4403,0.5597,"HIGH"
10,"2","N0","T4",0.4403,0.5597,"HIGH"
11,"2","N0","T4",0.4403,0.5597,"HIGH"
12,"2","N0","T4",0.4403,0.5597,"HIGH"
13,"2","N0","T4",0.4403,0.5597,"HIGH"
14,"2","N0","T4",0.4403,0.5597,"HIGH"
15,"2","N0","T4",0.4403,0.5597,"HIGH"
16,"2","N0","T4",0.4403,0.5597,"HIGH"
17,"2","N0","T4",0.4423,0.5577,"HIGH"
18,"2","N0","T4",0.4564,0.5436,"HIGH"
19,"2","N0","T4",0.4603,0.5397,"HIGH"
20,"2","N0","T4",0.4653,0.5347,"HIGH"
21,"2","N0","T4",0.4094,0.5906,"HIGH"
22,"2","N0","T4",0.4002,0.5998,"HIGH"
23,"2","N0","T4",0.3987,0.6013,"HIGH"
24,"2","N0","T4",0.3994,0.6006,"HIGH"
25,"2","N0","T4",0.3999,0.6001,"HIGH"
26,"2","N0","T4",0.3999,0.6001,"HIGH"
27,"2","N0","T4",0.3954,0.6046,"HIGH"
28,"2","N0","T4",0.3954,0.6046,"HIGH"
29,"2","N0","T4",0.4366,0.5634,"HIGH"
30,"2","N0","T4",0.4283,0.5717,"HIGH"
31,"2","N0","T4",0.4255,0.5745,"HIGH"
32,"2","N0","T4",0.4212,0.5788,"HIGH"
33,"2","N0","T4",0.4441,0.5559,"HIGH"
34,"2","N0","T4",0.449,0.551,"HIGH"
35,"2","N0","T4",0.4187,0.5813,"HIGH"
36,"2","N0","T4",0.4465,0.5535,"HIGH"
37,"2","N0","T4",0.4398,0.5602,"HIGH"
38,"2","N0","T4",0.4261,0.5739,"HIGH"
39,"2","N0","T4",0.4449,0.5551,"HIGH"
40,"2","N0","T4",0.4776,0.5224,"HIGH"
41,"2","N0","T4",0.4701,0.5299,"HIGH"
42,"2","N0","T4",0.4573,0.5427,"HIGH"
43,"2","N0","T4",0.4745,0.5255,"HIGH"
44,"2","N0","T4",0.4709,0.5291,"HIGH"
45,"2","N0","T4",0.4723,0.5277,"HIGH"
46,"2","N0","T4",0.476,0.524,"HIGH"
47,"2","N0","T4",0.4764,0.5236,"HIGH"
48,"2","N0","T4",0.4822,0.5178,"HIGH"
49,"2","N0","T4",0.4814,0.5186,"HIGH"
50,"2","N0","T4",0.4799,0.5201,"HIGH"
51,"2","N0","T4",0.4762,0.5238,"HIGH"
52,"2","N0","T4",0.4817,0.5183,"HIGH"
53,"2","N0","T4",0.4843,0.5157,"HIGH"
54,"2","N0","T4",0.4847,0.5153,"HIGH"
55,"2","N0","T4",0.4874,0.5126,"HIGH"
56,"2","N0","T4",0.4799,0.5201,"HIGH"
57,"2","N0","T4",0.4857,0.5143,"HIGH"
58,"2","N0","T4",0.4847,0.5153,"HIGH"
59,"2","N0","T4",0.4942,0.5058,"HIGH"
60,"2","N0","T4",0.4922,0.5078,"HIGH"
61,"2","N0","T4",0.4923,0.5077,"HIGH"
62,"2","N0","T4",0.4941,0.5059,"HIGH"
63,"2","N0","T4",0.501,0.499,"LOW"
64,"2","N0","T4",0.5005,0.4995,"LOW"
65,"2","N0","T4",0.5011,0.4989,"LOW"
66,"2","N0","T4",0.499,0.501,"HIGH"
67,"2","N0","T4",0.4978,0.5022,"HIGH"
68,"2","N0","T4",0.502,0.498,"LOW"
69,"2","N0","T4",0.502,0.498,"LOW"
70,"2","N0","T4",0.5018,0.4982,"LOW"
71,"2","N0","T4",0.5021,0.4979,"LOW"
72,"2","N0","T4",0.5033,0.4967,"LOW"
73,"2","N0","T4",0.502,0.498,"LOW"
74,"2","N0","T4",0.5036,0.4964,"LOW"
75,"2","N0","T4",0.5034,0.4966,"LOW"
76,"2","N0","T4",0.5022,0.4978,"LOW"
77,"2","N0","T4",0.504,0.496,"LOW"
78,"2","N0","T4",0.4978,0.5022,"HIGH"
79,"2","N0","T4",0.4973,0.5027,"HIGH"
80,"2","N0","T4",0.464,0.536,"HIGH"
81,"2","N0","T4",0.4803,0.5197,"HIGH"
82,"2","N0","T4",0.4794,0.5206,"HIGH"
83,"2","N0","T4",0.4771,0.5229,"HIGH"
84,"2","N0","T4",0.4689,0.5311,"HIGH"
85,"2","N0","T4",0.4736,0.5264,"HIGH"
86,"2","N0","T4",0.4287,0.5713,"HIGH"
87,"2","N0","T4",0.4358,0.5642,"HIGH"
88,"2","N0","T4",0.4302,0.5698,"HIGH"
89,"2","N0","T4",0.3924,0.6076,"HIGH"
90,"2","N0","T4",0.3981,0.6019,"HIGH"
91,"2","N0","T4",0.3981,0.6019,"HIGH"
92,"2","N0","T4",0.3981,0.6019,"HIGH"
93,"2","N0","T4",0.3981,0.6019,"HIGH"
94,"2","N0","T4",0.3981,0.6019,"HIGH"
95,"2","N0","T4",0.3981,0.6019,"HIGH"
96,"2","N0","T4",0.3981,0.6019,"HIGH"
97,"2","N0","T4",0.3981,0.6019,"HIGH"
98,"2","N0","T4",0.3981,0.6019,"HIGH"
99,"2","N0","T4",0.3981,0.6019,"HIGH"
0,"1","N1","T4",0.2857,0.7143,"HIGH"
1,"1","N1","T4",0.2857,0.7143,"HIGH"
2,"1","N1","T4",0.2857,0.7143,"HIGH"
3,"1","N1","T4",0.2857,0.7143,"HIGH"
4,"1","N1","T4",0.2857,0.7143,"HIGH"
5,"1","N1","T4",0.2857,0.7143,"HIGH"
6,"1","N1","T4",0.2857,0.7143,"HIGH"
7,"1","N1","T4",0.2857,0.7143,"HIGH"
8,"1","N1","T4",0.2857,0.7143,"HIGH"
9,"1","N1","T4",0.2857,0.7143,"HIGH"
10,"1","N1","T4",0.2857,0.7143,"HIGH"
11,"1","N1","T4",0.2857,0.7143,"HIGH"
12,"1","N1","T4",0.2857,0.7143,"HIGH"
13,"1","N1","T4",0.2857,0.7143,"HIGH"
14,"1","N1","T4",0.2857,0.7143,"HIGH"
15,"1","N1","T4",0.2857,0.7143,"HIGH"
16,"1","N1","T4",0.2857,0.7143,"HIGH"
17,"1","N1","T4",0.2857,0.7143,"HIGH"
18,"1","N1","T4",0.2922,0.7078,"HIGH"
19,"1","N1","T4",0.2948,0.7052,"HIGH"
20,"1","N1","T4",0.2948,0.7052,"HIGH"
21,"1","N1","T4",0.2872,0.7128,"HIGH"
22,"1","N1","T4",0.2838,0.7162,"HIGH"
23,"1","N1","T4",0.2842,0.7158,"HIGH"
24,"1","N1","T4",0.2842,0.7158,"HIGH"
25,"1","N1","T4",0.283,0.717,"HIGH"
26,"1","N1","T4",0.283,0.717,"HIGH"
27,"1","N1","T4",0.2833,0.7167,"HIGH"
28,"1","N1","T4",0.2833,0.7167,"HIGH"
29,"1","N1","T4",0.2898,0.7102,"HIGH"
30,"1","N1","T4",0.297,0.703,"HIGH"
31,"1","N1","T4",0.3373,0.6627,"HIGH"
32,"1","N1","T4",0.3797,0.6203,"HIGH"
33,"1","N1","T4",0.3169,0.6831,"HIGH"
34,"1","N1","T4",0.2851,0.7149,"HIGH"
35,"1","N1","T4",0.3969,0.6031,"HIGH"
36,"1","N1","T4",0.4473,0.5527,"HIGH"
37,"1","N1","T4",0.4409,0.5591,"HIGH"
38,"1","N1","T4",0.4068,0.5932,"HIGH"
39,"1","N1","T4",0.4423,0.5577,"HIGH"
40,"1","N1","T4",0.4277,0.5723,"HIGH"
41,"1","N1","T4",0.4105,0.5895,"HIGH"
42,"1","N1","T4",0.4216,0.5784,"HIGH"
43,"1","N1","T4",0.4038,0.5962,"HIGH"
44,"1","N1","T4",0.4369,0.5631,"HIGH"
45,"1","N1","T4",0.4362,0.5638,"HIGH"
46,"1","N1","T4",0.4322,0.5678,"HIGH"
47,"1","N1","T4",0.451,0.549,"HIGH"
48,"1","N1","T4",0.4228,0.5772,"HIGH"
49,"1","N1","T4",0.427,0.573,"HIGH"
50,"1","N1","T4",0.4334,0.5666,"HIGH"
51,"1","N1","T4",0.4238,0.5762,"HIGH"
52,"1","N1","T4",0.4094,0.5906,"HIGH"
53,"1","N1","T4",0.4102,0.5898,"HIGH"
54,"1","N1","T4",0.4103,0.5897,"HIGH"
55,"1","N1","T4",0.4074,0.5926,"HIGH"
56,"1","N1","T4",0.4382,0.5618,"HIGH"
57,"1","N1","T4",0.4397,0.5603,"HIGH"
58,"1","N1","T4",0.4221,0.5779,"HIGH"
59,"1","N1","T4",0.4384,0.5616,"HIGH"
60,"1","N1","T4",0.4359,0.5641,"HIGH"
61,"1","N1","T4",0.4351,0.5649,"HIGH"
62,"1","N1","T4",0.4358,0.5642,"HIGH"
63,"1","N1","T4",0.4372,0.5628,"HIGH"
64,"1","N1","T4",0.4362,0.5638,"HIGH"
65,"1","N1","T4",0.4379,0.5621,"HIGH"
66,"1","N1","T4",0.4267,0.5733,"HIGH"
67,"1","N1","T4",0.4335,0.5665,"HIGH"
68,"1","N1","T4",0.4351,0.5649,"HIGH"
69,"1","N1","T4",0.4478,0.5522,"HIGH"
70,"1","N1","T4",0.447,0.553,"HIGH"
71,"1","N1","T4",0.4471,0.5529,"HIGH"
72,"1","N1","T4",0.4484,0.5516,"HIGH"
73,"1","N1","T4",0.4418,0.5582,"HIGH"
74,"1","N1","T4",0.4359,0.5641,"HIGH"
75,"1","N1","T4",0.4395,0.5605,"HIGH"
76,"1","N1","T4",0.4403,0.5597,"HIGH"
77,"1","N1","T4",0.4365,0.5635,"HIGH"
78,"1","N1","T4",0.4456,0.5544,"HIGH"
79,"1","N1","T4",0.4469,0.5531,"HIGH"
80,"1","N1","T4",0.4175,0.5825,"HIGH"
81,"1","N1","T4",0.4323,0.5677,"HIGH"
82,"1","N1","T4",0.429,0.571,"HIGH"
83,"1","N1","T4",0.4328,0.5672,"HIGH"
84,"1","N1","T4",0.4046,0.5954,"HIGH"
85,"1","N1","T4",0.4391,0.5609,"HIGH"
86,"1","N1","T4",0.4148,0.5852,"HIGH"
87,"1","N1","T4",0.4227,0.5773,"HIGH"
88,"1","N1","T4",0.4074,0.5926,"HIGH"
89,"1","N1","T4",0.4237,0.5763,"HIGH"
90,"1","N1","T4",0.4122,0.5878,"HIGH"
91,"1","N1","T4",0.4122,0.5878,"HIGH"
92,"1","N1","T4",0.4122,0.5878,"HIGH"
93,"1","N1","T4",0.4122,0.5878,"HIGH"
94,"1","N1","T4",0.4122,0.5878,"HIGH"
95,"1","N1","T4",0.4122,0.5878,"HIGH"
96,"1","N1","T4",0.4122,0.5878,"HIGH"
97,"1","N1","T4",0.4122,0.5878,"HIGH"
98,"1","N1","T4",0.4122,0.5878,"HIGH"
99,"1","N1","T4",0.4122,0.5878,"HIGH"
0,"2","N1","T4",0.2605,0.7395,"HIGH"
1,"2","N1","T4",0.2605,0.7395,"HIGH"
2,"2","N1","T4",0.2605,0.7395,"HIGH"
3,"2","N1","T4",0.2605,0.7395,"HIGH"
4,"2","N1","T4",0.2605,0.7395,"HIGH"
5,"2","N1","T4",0.2605,0.7395,"HIGH"
6,"2","N1","T4",0.2605,0.7395,"HIGH"
7,"2","N1","T4",0.2605,0.7395,"HIGH"
8,"2","N1","T4",0.2605,0.7395,"HIGH"
9,"2","N1","T4",0.2605,0.7395,"HIGH"
10,"2","N1","T4",0.2605,0.7395,"HIGH"
11,"2","N1","T4",0.2605,0.7395,"HIGH"
12,"2","N1","T4",0.2605,0.7395,"HIGH"
13,"2","N1","T4",0.2605,0.7395,"HIGH"
14,"2","N1","T4",0.2605,0.7395,"HIGH"
15,"2","N1","T4",0.2605,0.7395,"HIGH"
16,"2","N1","T4",0.2605,0.7395,"HIGH"
17,"2","N1","T4",0.2605,0.7395,"HIGH"
18,"2","N1","T4",0.2651,0.7349,"HIGH"
19,"2","N1","T4",0.2651,0.7349,"HIGH"
20,"2","N1","T4",0.2606,0.7394,"HIGH"
21,"2","N1","T4",0.2483,0.7517,"HIGH"
22,"2","N1","T4",0.2483,0.7517,"HIGH"
23,"2","N1","T4",0.2484,0.7516,"HIGH"
24,"2","N1","T4",0.2484,0.7516,"HIGH"
25,"2","N1","T4",0.2484,0.7516,"HIGH"
26,"2","N1","T4",0.2484,0.7516,"HIGH"
27,"2","N1","T4",0.2484,0.7516,"HIGH"
28,"2","N1","T4",0.2484,0.7516,"HIGH"
29,"2","N1","T4",0.2604,0.7396,"HIGH"
30,"2","N1","T4",0.2584,0.7416,"HIGH"
31,"2","N1","T4",0.2638,0.7362,"HIGH"
32,"2","N1","T4",0.3115,0.6885,"HIGH"
33,"2","N1","T4",0.3167,0.6833,"HIGH"
34,"2","N1","T4",0.3083,0.6917,"HIGH"
35,"2","N1","T4",0.3611,0.6389,"HIGH"
36,"2","N1","T4",0.3591,0.6409,"HIGH"
37,"2","N1","T4",0.338,0.662,"HIGH"
38,"2","N1","T4",0.3543,0.6457,"HIGH"
39,"2","N1","T4",0.3441,0.6559,"HIGH"
40,"2","N1","T4",0.4605,0.5395,"HIGH"
41,"2","N1","T4",0.3764,0.6236,"HIGH"
42,"2","N1","T4",0.3968,0.6032,"HIGH"
43,"2","N1","T4",0.411,0.589,"HIGH"
44,"2","N1","T4",0.4427,0.5573,"HIGH"
45,"2","N1","T4",0.433,0.567,"HIGH"
46,"2","N1","T4",0.4177,0.5823,"HIGH"
47,"2","N1","T4",0.4078,0.5922,"HIGH"
48,"2","N1","T4",0.4171,0.5829,"HIGH"
49,"2","N1","T4",0.4206,0.5794,"HIGH"
50,"2","N1","T4",0.4236,0.5764,"HIGH"
51,"2","N1","T4",0.413,0.587,"HIGH"
52,"2","N1","T4",0.4065,0.5935,"HIGH"
53,"2","N1","T4",0.404,0.596,"HIGH"
54,"2","N1","T4",0.3989,0.6011,"HIGH"
55,"2","N1","T4",0.3995,0.6005,"HIGH"
56,"2","N1","T4",0.4249,0.5751,"HIGH"
57,"2","N1","T4",0.4236,0.5764,"HIGH"
58,"2","N1","T4",0.4205,0.5795,"HIGH"
59,"2","N1","T4",0.4182,0.5818,"HIGH"
60,"2","N1","T4",0.4143,0.5857,"HIGH"
61,"2","N1","T4",0.4156,0.5844,"HIGH"
62,"2","N1","T4",0.4228,0.5772,"HIGH"
63,"2","N1","T4",0.4258,0.5742,"HIGH"
64,"2","N1","T4",0.4271,0.5729,"HIGH"
65,"2","N1","T4",0.4246,0.5754,"HIGH"
66,"2","N1","T4",0.4192,0.5808,"HIGH"
67,"2","N1","T4",0.4202,0.5798,"HIGH"
68,"2","N1","T4",0.4214,0.5786,"HIGH"
69,"2","N1","T4",0.4235,0.5765,"HIGH"
70,"2","N1","T4",0.4228,0.5772,"HIGH"
71,"2","N1","T4",0.4229,0.5771,"HIGH"
72,"2","N1","T4",0.4214,0.5786,"HIGH"
73,"2","N1","T4",0.4217,0.5783,"HIGH"
74,"2","N1","T4",0.4232,0.5768,"HIGH"
75,"2","N1","T4",0.4261,0.5739,"HIGH"
76,"2","N1","T4",0.4221,0.5779,"HIGH"
77,"2","N1","T4",0.4088,0.5912,"HIGH"
78,"2","N1","T4",0.4197,0.5803,"HIGH"
79,"2","N1","T4",0.4064,0.5936,"HIGH"
80,"2","N1","T4",0.404,0.596,"HIGH"
81,"2","N1","T4",0.3914,0.6086,"HIGH"
82,"2","N1","T4",0.3896,0.6104,"HIGH"
83,"2","N1","T4",0.3997,0.6003,"HIGH"
84,"2","N1","T4",0.4009,0.5991,"HIGH"
85,"2","N1","T4",0.4158,0.5842,"HIGH"
86,"2","N1","T4",0.3797,0.6203,"HIGH"
87,"2","N1","T4",0.4085,0.5915,"HIGH"
88,"2","N1","T4",0.3769,0.6231,"HIGH"
89,"2","N1","T4",0.3762,0.6238,"HIGH"
90,"2","N1","T4",0.3822,0.6178,"HIGH"
91,"2","N1","T4",0.3822,0.6178,"HIGH"
92,"2","N1","T4",0.3822,0.6178,"HIGH"
93,"2","N1","T4",0.3822,0.6178,"HIGH"
94,"2","N1","T4",0.3822,0.6178,"HIGH"
95,"2","N1","T4",0.3822,0.6178,"HIGH"
96,"2","N1","T4",0.3822,0.6178,"HIGH"
97,"2","N1","T4",0.3822,0.6178,"HIGH"
98,"2","N1","T4",0.3822,0.6178,"HIGH"
99,"2","N1","T4",0.3822,0.6178,"HIGH"
0,"1","N2","T4",0.2704,0.7296,"HIGH"
1,"1","N2","T4",0.2704,0.7296,"HIGH"
2,"1","N2","T4",0.2704,0.7296,"HIGH"
3,"1","N2","T4",0.2704,0.7296,"HIGH"
4,"1","N2","T4",0.2704,0.7296,"HIGH"
5,"1","N2","T4",0.2704,0.7296,"HIGH"
6,"1","N2","T4",0.2704,0.7296,"HIGH"
7,"1","N2","T4",0.2704,0.7296,"HIGH"
8,"1","N2","T4",0.2704,0.7296,"HIGH"
9,"1","N2","T4",0.2704,0.7296,"HIGH"
10,"1","N2","T4",0.2704,0.7296,"HIGH"
11,"1","N2","T4",0.2704,0.7296,"HIGH"
12,"1","N2","T4",0.2704,0.7296,"HIGH"
13,"1","N2","T4",0.2704,0.7296,"HIGH"
14,"1","N2","T4",0.2704,0.7296,"HIGH"
15,"1","N2","T4",0.2704,0.7296,"HIGH"
16,"1","N2","T4",0.2704,0.7296,"HIGH"
17,"1","N2","T4",0.2704,0.7296,"HIGH"
18,"1","N2","T4",0.2742,0.7258,"HIGH"
19,"1","N2","T4",0.2726,0.7274,"HIGH"
20,"1","N2","T4",0.2726,0.7274,"HIGH"
21,"1","N2","T4",0.2809,0.7191,"HIGH"
22,"1","N2","T4",0.2729,0.7271,"HIGH"
23,"1","N2","T4",0.2719,0.7281,"HIGH"
24,"1","N2","T4",0.2874,0.7126,"HIGH"
25,"1","N2","T4",0.3328,0.6672,"HIGH"
26,"1","N2","T4",0.2944,0.7056,"HIGH"
27,"1","N2","T4",0.305,0.695,"HIGH"
28,"1","N2","T4",0.2785,0.7215,"HIGH"
29,"1","N2","T4",0.2837,0.7163,"HIGH"
30,"1","N2","T4",0.2772,0.7228,"HIGH"
31,"1","N2","T4",0.3431,0.6569,"HIGH"
32,"1","N2","T4",0.3251,0.6749,"HIGH"
33,"1","N2","T4",0.3394,0.6606,"HIGH"
34,"1","N2","T4",0.3104,0.6896,"HIGH"
35,"1","N2","T4",0.3118,0.6882,"HIGH"
36,"1","N2","T4",0.3314,0.6686,"HIGH"
37,"1","N2","T4",0.3156,0.6844,"HIGH"
38,"1","N2","T4",0.3253,0.6747,"HIGH"
39,"1","N2","T4",0.3242,0.6758,"HIGH"
40,"1","N2","T4",0.3236,0.6764,"HIGH"
41,"1","N2","T4",0.3245,0.6755,"HIGH"
42,"1","N2","T4",0.3119,0.6881,"HIGH"
43,"1","N2","T4",0.3137,0.6863,"HIGH"
44,"1","N2","T4",0.3451,0.6549,"HIGH"
45,"1","N2","T4",0.3467,0.6533,"HIGH"
46,"1","N2","T4",0.3422,0.6578,"HIGH"
47,"1","N2","T4",0.3524,0.6476,"HIGH"
48,"1","N2","T4",0.3556,0.6444,"HIGH"
49,"1","N2","T4",0.3479,0.6521,"HIGH"
50,"1","N2","T4",0.363,0.637,"HIGH"
51,"1","N2","T4",0.3616,0.6384,"HIGH"
52,"1","N2","T4",0.3642,0.6358,"HIGH"
53,"1","N2","T4",0.3604,0.6396,"HIGH"
54,"1","N2","T4",0.3599,0.6401,"HIGH"
55,"1","N2","T4",0.3602,0.6398,"HIGH"
56,"1","N2","T4",0.3626,0.6374,"HIGH"
57,"1","N2","T4",0.3625,0.6375,"HIGH"
58,"1","N2","T4",0.3611,0.6389,"HIGH"
59,"1","N2","T4",0.3623,0.6377,"HIGH"
60,"1","N2","T4",0.3625,0.6375,"HIGH"
61,"1","N2","T4",0.361,0.639,"HIGH"
62,"1","N2","T4",0.3627,0.6373,"HIGH"
63,"1","N2","T4",0.3633,0.6367,"HIGH"
64,"1","N2","T4",0.3633,0.6367,"HIGH"
65,"1","N2","T4",0.3634,0.6366,"HIGH"
66,"1","N2","T4",0.3631,0.6369,"HIGH"
67,"1","N2","T4",0.3621,0.6379,"HIGH"
68,"1","N2","T4",0.3625,0.6375,"HIGH"
69,"1","N2","T4",0.3629,0.6371,"HIGH"
70,"1","N2","T4",0.3625,0.6375,"HIGH"
71,"1","N2","T4",0.36,0.64,"HIGH"
72,"1","N2","T4",0.3609,0.6391,"HIGH"
73,"1","N2","T4",0.3618,0.6382,"HIGH"
74,"1","N2","T4",0.3607,0.6393,"HIGH"
75,"1","N2","T4",0.361,0.639,"HIGH"
76,"1","N2","T4",0.3607,0.6393,"HIGH"
77,"1","N2","T4",0.3583,0.6417,"HIGH"
78,"1","N2","T4",0.3461,0.6539,"HIGH"
79,"1","N2","T4",0.3483,0.6517,"HIGH"
80,"1","N2","T4",0.348,0.652,"HIGH"
81,"1","N2","T4",0.346,0.654,"HIGH"
82,"1","N2","T4",0.3498,0.6502,"HIGH"
83,"1","N2","T4",0.3567,0.6433,"HIGH"
84,"1","N2","T4",0.3384,0.6616,"HIGH"
85,"1","N2","T4",0.3296,0.6704,"HIGH"
86,"1","N2","T4",0.3276,0.6724,"HIGH"
87,"1","N2","T4",0.3338,0.6662,"HIGH"
88,"1","N2","T4",0.3359,0.6641,"HIGH"
89,"1","N2","T4",0.3403,0.6597,"HIGH"
90,"1","N2","T4",0.3335,0.6665,"HIGH"
91,"1","N2","T4",0.3335,0.6665,"HIGH"
92,"1","N2","T4",0.3335,0.6665,"HIGH"
93,"1","N2","T4",0.3335,0.6665,"HIGH"
94,"1","N2","T4",0.3335,0.6665,"HIGH"
95,"1","N2","T4",0.3335,0.6665,"HIGH"
96,"1","N2","T4",0.3335,0.6665,"HIGH"
97,"1","N2","T4",0.3335,0.6665,"HIGH"
98,"1","N2","T4",0.3335,0.6665,"HIGH"
99,"1","N2","T4",0.3335,0.6665,"HIGH"
0,"2","N2","T4",0.2583,0.7417,"HIGH"
1,"2","N2","T4",0.2583,0.7417,"HIGH"
2,"2","N2","T4",0.2583,0.7417,"HIGH"
3,"2","N2","T4",0.2583,0.7417,"HIGH"
4,"2","N2","T4",0.2583,0.7417,"HIGH"
5,"2","N2","T4",0.2583,0.7417,"HIGH"
6,"2","N2","T4",0.2583,0.7417,"HIGH"
7,"2","N2","T4",0.2583,0.7417,"HIGH"
8,"2","N2","T4",0.2583,0.7417,"HIGH"
9,"2","N2","T4",0.2583,0.7417,"HIGH"
10,"2","N2","T4",0.2583,0.7417,"HIGH"
11,"2","N2","T4",0.2583,0.7417,"HIGH"
12,"2","N2","T4",0.2583,0.7417,"HIGH"
13,"2","N2","T4",0.2583,0.7417,"HIGH"
14,"2","N2","T4",0.2583,0.7417,"HIGH"
15,"2","N2","T4",0.2583,0.7417,"HIGH"
16,"2","N2","T4",0.2583,0.7417,"HIGH"
17,"2","N2","T4",0.2603,0.7397,"HIGH"
18,"2","N2","T4",0.2641,0.7359,"HIGH"
19,"2","N2","T4",0.2625,0.7375,"HIGH"
20,"2","N2","T4",0.2625,0.7375,"HIGH"
21,"2","N2","T4",0.3141,0.6859,"HIGH"
22,"2","N2","T4",0.3035,0.6965,"HIGH"
23,"2","N2","T4",0.2734,0.7266,"HIGH"
24,"2","N2","T4",0.2638,0.7362,"HIGH"
25,"2","N2","T4",0.2654,0.7346,"HIGH"
26,"2","N2","T4",0.2868,0.7132,"HIGH"
27,"2","N2","T4",0.2544,0.7456,"HIGH"
28,"2","N2","T4",0.2422,0.7578,"HIGH"
29,"2","N2","T4",0.2424,0.7576,"HIGH"
30,"2","N2","T4",0.2424,0.7576,"HIGH"
31,"2","N2","T4",0.3067,0.6933,"HIGH"
32,"2","N2","T4",0.3077,0.6923,"HIGH"
33,"2","N2","T4",0.3028,0.6972,"HIGH"
34,"2","N2","T4",0.2784,0.7216,"HIGH"
35,"2","N2","T4",0.2798,0.7202,"HIGH"
36,"2","N2","T4",0.278,0.722,"HIGH"
37,"2","N2","T4",0.2794,0.7206,"HIGH"
38,"2","N2","T4",0.2765,0.7235,"HIGH"
39,"2","N2","T4",0.278,0.722,"HIGH"
40,"2","N2","T4",0.2885,0.7115,"HIGH"
41,"2","N2","T4",0.3101,0.6899,"HIGH"
42,"2","N2","T4",0.3077,0.6923,"HIGH"
43,"2","N2","T4",0.3075,0.6925,"HIGH"
44,"2","N2","T4",0.3222,0.6778,"HIGH"
45,"2","N2","T4",0.3201,0.6799,"HIGH"
46,"2","N2","T4",0.3211,0.6789,"HIGH"
47,"2","N2","T4",0.3275,0.6725,"HIGH"
48,"2","N2","T4",0.3274,0.6726,"HIGH"
49,"2","N2","T4",0.3227,0.6773,"HIGH"
50,"2","N2","T4",0.3363,0.6637,"HIGH"
51,"2","N2","T4",0.3368,0.6632,"HIGH"
52,"2","N2","T4",0.3374,0.6626,"HIGH"
53,"2","N2","T4",0.3359,0.6641,"HIGH"
54,"2","N2","T4",0.3356,0.6644,"HIGH"
55,"2","N2","T4",0.3329,0.6671,"HIGH"
56,"2","N2","T4",0.3361,0.6639,"HIGH"
57,"2","N2","T4",0.338,0.662,"HIGH"
58,"2","N2","T4",0.3354,0.6646,"HIGH"
59,"2","N2","T4",0.3369,0.6631,"HIGH"
60,"2","N2","T4",0.3371,0.6629,"HIGH"
61,"2","N2","T4",0.3341,0.6659,"HIGH"
62,"2","N2","T4",0.3391,0.6609,"HIGH"
63,"2","N2","T4",0.3423,0.6577,"HIGH"
64,"2","N2","T4",0.3428,0.6572,"HIGH"
65,"2","N2","T4",0.3433,0.6567,"HIGH"
66,"2","N2","T4",0.3442,0.6558,"HIGH"
67,"2","N2","T4",0.3425,0.6575,"HIGH"
68,"2","N2","T4",0.3427,0.6573,"HIGH"
69,"2","N2","T4",0.3432,0.6568,"HIGH"
70,"2","N2","T4",0.3432,0.6568,"HIGH"
71,"2","N2","T4",0.3453,0.6547,"HIGH"
72,"2","N2","T4",0.3451,0.6549,"HIGH"
73,"2","N2","T4",0.3441,0.6559,"HIGH"
74,"2","N2","T4",0.3452,0.6548,"HIGH"
75,"2","N2","T4",0.3452,0.6548,"HIGH"
76,"2","N2","T4",0.3443,0.6557,"HIGH"
77,"2","N2","T4",0.3431,0.6569,"HIGH"
78,"2","N2","T4",0.342,0.658,"HIGH"
79,"2","N2","T4",0.3437,0.6563,"HIGH"
80,"2","N2","T4",0.3392,0.6608,"HIGH"
81,"2","N2","T4",0.3381,0.6619,"HIGH"
82,"2","N2","T4",0.3329,0.6671,"HIGH"
83,"2","N2","T4",0.3375,0.6625,"HIGH"
84,"2","N2","T4",0.3361,0.6639,"HIGH"
85,"2","N2","T4",0.3056,0.6944,"HIGH"
86,"2","N2","T4",0.308,0.692,"HIGH"
87,"2","N2","T4",0.3199,0.6801,"HIGH"
88,"2","N2","T4",0.293,0.707,"HIGH"
89,"2","N2","T4",0.3089,0.6911,"HIGH"
90,"2","N2","T4",0.3051,0.6949,"HIGH"
91,"2","N2","T4",0.3051,0.6949,"HIGH"
92,"2","N2","T4",0.3051,0.6949,"HIGH"
93,"2","N2","T4",0.3051,0.6949,"HIGH"
94,"2","N2","T4",0.3051,0.6949,"HIGH"
95,"2","N2","T4",0.3051,0.6949,"HIGH"
96,"2","N2","T4",0.3051,0.6949,"HIGH"
97,"2","N2","T4",0.3051,0.6949,"HIGH"
98,"2","N2","T4",0.3051,0.6949,"HIGH"
99,"2","N2","T4",0.3051,0.6949,"HIGH"
0,"1","N3","T4",0.158,0.842,"HIGH"
1,"1","N3","T4",0.158,0.842,"HIGH"
2,"1","N3","T4",0.158,0.842,"HIGH"
3,"1","N3","T4",0.158,0.842,"HIGH"
4,"1","N3","T4",0.158,0.842,"HIGH"
5,"1","N3","T4",0.158,0.842,"HIGH"
6,"1","N3","T4",0.158,0.842,"HIGH"
7,"1","N3","T4",0.158,0.842,"HIGH"
8,"1","N3","T4",0.158,0.842,"HIGH"
9,"1","N3","T4",0.158,0.842,"HIGH"
10,"1","N3","T4",0.158,0.842,"HIGH"
11,"1","N3","T4",0.158,0.842,"HIGH"
12,"1","N3","T4",0.158,0.842,"HIGH"
13,"1","N3","T4",0.158,0.842,"HIGH"
14,"1","N3","T4",0.158,0.842,"HIGH"
15,"1","N3","T4",0.158,0.842,"HIGH"
16,"1","N3","T4",0.158,0.842,"HIGH"
17,"1","N3","T4",0.158,0.842,"HIGH"
18,"1","N3","T4",0.158,0.842,"HIGH"
19,"1","N3","T4",0.158,0.842,"HIGH"
20,"1","N3","T4",0.158,0.842,"HIGH"
21,"1","N3","T4",0.158,0.842,"HIGH"
22,"1","N3","T4",0.1567,0.8433,"HIGH"
23,"1","N3","T4",0.1567,0.8433,"HIGH"
24,"1","N3","T4",0.1567,0.8433,"HIGH"
25,"1","N3","T4",0.1567,0.8433,"HIGH"
26,"1","N3","T4",0.1567,0.8433,"HIGH"
27,"1","N3","T4",0.1567,0.8433,"HIGH"
28,"1","N3","T4",0.1574,0.8426,"HIGH"
29,"1","N3","T4",0.1946,0.8054,"HIGH"
30,"1","N3","T4",0.188,0.812,"HIGH"
31,"1","N3","T4",0.1773,0.8227,"HIGH"
32,"1","N3","T4",0.2027,0.7973,"HIGH"
33,"1","N3","T4",0.2459,0.7541,"HIGH"
34,"1","N3","T4",0.2096,0.7904,"HIGH"
35,"1","N3","T4",0.1916,0.8084,"HIGH"
36,"1","N3","T4",0.1996,0.8004,"HIGH"
37,"1","N3","T4",0.2324,0.7676,"HIGH"
38,"1","N3","T4",0.2417,0.7583,"HIGH"
39,"1","N3","T4",0.237,0.763,"HIGH"
40,"1","N3","T4",0.2182,0.7818,"HIGH"
41,"1","N3","T4",0.2206,0.7794,"HIGH"
42,"1","N3","T4",0.2188,0.7812,"HIGH"
43,"1","N3","T4",0.2114,0.7886,"HIGH"
44,"1","N3","T4",0.2183,0.7817,"HIGH"
45,"1","N3","T4",0.2281,0.7719,"HIGH"
46,"1","N3","T4",0.2286,0.7714,"HIGH"
47,"1","N3","T4",0.2281,0.7719,"HIGH"
48,"1","N3","T4",0.226,0.774,"HIGH"
49,"1","N3","T4",0.2301,0.7699,"HIGH"
50,"1","N3","T4",0.2313,0.7687,"HIGH"
51,"1","N3","T4",0.2311,0.7689,"HIGH"
52,"1","N3","T4",0.2294,0.7706,"HIGH"
53,"1","N3","T4",0.2294,0.7706,"HIGH"
54,"1","N3","T4",0.2259,0.7741,"HIGH"
55,"1","N3","T4",0.2323,0.7677,"HIGH"
56,"1","N3","T4",0.2352,0.7648,"HIGH"
57,"1","N3","T4",0.2333,0.7667,"HIGH"
58,"1","N3","T4",0.2335,0.7665,"HIGH"
59,"1","N3","T4",0.2339,0.7661,"HIGH"
60,"1","N3","T4",0.2323,0.7677,"HIGH"
61,"1","N3","T4",0.2295,0.7705,"HIGH"
62,"1","N3","T4",0.2321,0.7679,"HIGH"
63,"1","N3","T4",0.2308,0.7692,"HIGH"
64,"1","N3","T4",0.2317,0.7683,"HIGH"
65,"1","N3","T4",0.2358,0.7642,"HIGH"
66,"1","N3","T4",0.2344,0.7656,"HIGH"
67,"1","N3","T4",0.2439,0.7561,"HIGH"
68,"1","N3","T4",0.2218,0.7782,"HIGH"
69,"1","N3","T4",0.2227,0.7773,"HIGH"
70,"1","N3","T4",0.2257,0.7743,"HIGH"
71,"1","N3","T4",0.2301,0.7699,"HIGH"
72,"1","N3","T4",0.2269,0.7731,"HIGH"
73,"1","N3","T4",0.2275,0.7725,"HIGH"
74,"1","N3","T4",0.2281,0.7719,"HIGH"
75,"1","N3","T4",0.2278,0.7722,"HIGH"
76,"1","N3","T4",0.2281,0.7719,"HIGH"
77,"1","N3","T4",0.2289,0.7711,"HIGH"
78,"1","N3","T4",0.2292,0.7708,"HIGH"
79,"1","N3","T4",0.2284,0.7716,"HIGH"
80,"1","N3","T4",0.23,0.77,"HIGH"
81,"1","N3","T4",0.228,0.772,"HIGH"
82,"1","N3","T4",0.2286,0.7714,"HIGH"
83,"1","N3","T4",0.2341,0.7659,"HIGH"
84,"1","N3","T4",0.2302,0.7698,"HIGH"
85,"1","N3","T4",0.2356,0.7644,"HIGH"
86,"1","N3","T4",0.2218,0.7782,"HIGH"
87,"1","N3","T4",0.2151,0.7849,"HIGH"
88,"1","N3","T4",0.2151,0.7849,"HIGH"
89,"1","N3","T4",0.2252,0.7748,"HIGH"
90,"1","N3","T4",0.2212,0.7788,"HIGH"
91,"1","N3","T4",0.2212,0.7788,"HIGH"
92,"1","N3","T4",0.2212,0.7788,"HIGH"
93,"1","N3","T4",0.2212,0.7788,"HIGH"
94,"1","N3","T4",0.2212,0.7788,"HIGH"
95,"1","N3","T4",0.2212,0.7788,"HIGH"
96,"1","N3","T4",0.2212,0.7788,"HIGH"
97,"1","N3","T4",0.2212,0.7788,"HIGH"
98,"1","N3","T4",0.2212,0.7788,"HIGH"
99,"1","N3","T4",0.2212,0.7788,"HIGH"
0,"2","N3","T4",0.1377,0.8623,"HIGH"
1,"2","N3","T4",0.1377,0.8623,"HIGH"
2,"2","N3","T4",0.1377,0.8623,"HIGH"
3,"2","N3","T4",0.1377,0.8623,"HIGH"
4,"2","N3","T4",0.1377,0.8623,"HIGH"
5,"2","N3","T4",0.1377,0.8623,"HIGH"
6,"2","N3","T4",0.1377,0.8623,"HIGH"
7,"2","N3","T4",0.1377,0.8623,"HIGH"
8,"2","N3","T4",0.1377,0.8623,"HIGH"
9,"2","N3","T4",0.1377,0.8623,"HIGH"
10,"2","N3","T4",0.1377,0.8623,"HIGH"
11,"2","N3","T4",0.1377,0.8623,"HIGH"
12,"2","N3","T4",0.1377,0.8623,"HIGH"
13,"2","N3","T4",0.1377,0.8623,"HIGH"
14,"2","N3","T4",0.1377,0.8623,"HIGH"
15,"2","N3","T4",0.1377,0.8623,"HIGH"
16,"2","N3","T4",0.1377,0.8623,"HIGH"
17,"2","N3","T4",0.1377,0.8623,"HIGH"
18,"2","N3","T4",0.1377,0.8623,"HIGH"
19,"2","N3","T4",0.1377,0.8623,"HIGH"
20,"2","N3","T4",0.1377,0.8623,"HIGH"
21,"2","N3","T4",0.138,0.862,"HIGH"
22,"2","N3","T4",0.138,0.862,"HIGH"
23,"2","N3","T4",0.138,0.862,"HIGH"
24,"2","N3","T4",0.138,0.862,"HIGH"
25,"2","N3","T4",0.138,0.862,"HIGH"
26,"2","N3","T4",0.138,0.862,"HIGH"
27,"2","N3","T4",0.138,0.862,"HIGH"
28,"2","N3","T4",0.138,0.862,"HIGH"
29,"2","N3","T4",0.1526,0.8474,"HIGH"
30,"2","N3","T4",0.1497,0.8503,"HIGH"
31,"2","N3","T4",0.1863,0.8137,"HIGH"
32,"2","N3","T4",0.1698,0.8302,"HIGH"
33,"2","N3","T4",0.1569,0.8431,"HIGH"
34,"2","N3","T4",0.16,0.84,"HIGH"
35,"2","N3","T4",0.1436,0.8564,"HIGH"
36,"2","N3","T4",0.1452,0.8548,"HIGH"
37,"2","N3","T4",0.1807,0.8193,"HIGH"
38,"2","N3","T4",0.1569,0.8431,"HIGH"
39,"2","N3","T4",0.1567,0.8433,"HIGH"
40,"2","N3","T4",0.1654,0.8346,"HIGH"
41,"2","N3","T4",0.1641,0.8359,"HIGH"
42,"2","N3","T4",0.1812,0.8188,"HIGH"
43,"2","N3","T4",0.1768,0.8232,"HIGH"
44,"2","N3","T4",0.1877,0.8123,"HIGH"
45,"2","N3","T4",0.1994,0.8006,"HIGH"
46,"2","N3","T4",0.1987,0.8013,"HIGH"
47,"2","N3","T4",0.2002,0.7998,"HIGH"
48,"2","N3","T4",0.202,0.798,"HIGH"
49,"2","N3","T4",0.2002,0.7998,"HIGH"
50,"2","N3","T4",0.2006,0.7994,"HIGH"
51,"2","N3","T4",0.2,0.8,"HIGH"
52,"2","N3","T4",0.1986,0.8014,"HIGH"
53,"2","N3","T4",0.1966,0.8034,"HIGH"
54,"2","N3","T4",0.1955,0.8045,"HIGH"
55,"2","N3","T4",0.2086,0.7914,"HIGH"
56,"2","N3","T4",0.2037,0.7963,"HIGH"
57,"2","N3","T4",0.2043,0.7957,"HIGH"
58,"2","N3","T4",0.2028,0.7972,"HIGH"
59,"2","N3","T4",0.2049,0.7951,"HIGH"
60,"2","N3","T4",0.2072,0.7928,"HIGH"
61,"2","N3","T4",0.2045,0.7955,"HIGH"
62,"2","N3","T4",0.2158,0.7842,"HIGH"
63,"2","N3","T4",0.2157,0.7843,"HIGH"
64,"2","N3","T4",0.2195,0.7805,"HIGH"
65,"2","N3","T4",0.2249,0.7751,"HIGH"
66,"2","N3","T4",0.2231,0.7769,"HIGH"
67,"2","N3","T4",0.2209,0.7791,"HIGH"
68,"2","N3","T4",0.2175,0.7825,"HIGH"
69,"2","N3","T4",0.217,0.783,"HIGH"
70,"2","N3","T4",0.2162,0.7838,"HIGH"
71,"2","N3","T4",0.2208,0.7792,"HIGH"
72,"2","N3","T4",0.2188,0.7812,"HIGH"
73,"2","N3","T4",0.2199,0.7801,"HIGH"
74,"2","N3","T4",0.2321,0.7679,"HIGH"
75,"2","N3","T4",0.2323,0.7677,"HIGH"
76,"2","N3","T4",0.2303,0.7697,"HIGH"
77,"2","N3","T4",0.2298,0.7702,"HIGH"
78,"2","N3","T4",0.2252,0.7748,"HIGH"
79,"2","N3","T4",0.2257,0.7743,"HIGH"
80,"2","N3","T4",0.2264,0.7736,"HIGH"
81,"2","N3","T4",0.2238,0.7762,"HIGH"
82,"2","N3","T4",0.222,0.778,"HIGH"
83,"2","N3","T4",0.2299,0.7701,"HIGH"
84,"2","N3","T4",0.2231,0.7769,"HIGH"
85,"2","N3","T4",0.2275,0.7725,"HIGH"
86,"2","N3","T4",0.2306,0.7694,"HIGH"
87,"2","N3","T4",0.2287,0.7713,"HIGH"
88,"2","N3","T4",0.2371,0.7629,"HIGH"
89,"2","N3","T4",0.2365,0.7635,"HIGH"
90,"2","N3","T4",0.2231,0.7769,"HIGH"
91,"2","N3","T4",0.2231,0.7769,"HIGH"
92,"2","N3","T4",0.2231,0.7769,"HIGH"
93,"2","N3","T4",0.2231,0.7769,"HIGH"
94,"2","N3","T4",0.2231,0.7769,"HIGH"
95,"2","N3","T4",0.2231,0.7769,"HIGH"
96,"2","N3","T4",0.2231,0.7769,"HIGH"
97,"2","N3","T4",0.2231,0.7769,"HIGH"
98,"2","N3","T4",0.2231,0.7769,"HIGH"
99,"2","N3","T4",0.2231,0.7769,"HIGH"
0,"1","Other/Unknown","T4",0.1356,0.8644,"HIGH"
1,"1","Other/Unknown","T4",0.1356,0.8644,"HIGH"
2,"1","Other/Unknown","T4",0.1356,0.8644,"HIGH"
3,"1","Other/Unknown","T4",0.1356,0.8644,"HIGH"
4,"1","Other/Unknown","T4",0.1356,0.8644,"HIGH"
5,"1","Other/Unknown","T4",0.1356,0.8644,"HIGH"
6,"1","Other/Unknown","T4",0.1356,0.8644,"HIGH"
7,"1","Other/Unknown","T4",0.1356,0.8644,"HIGH"
8,"1","Other/Unknown","T4",0.1356,0.8644,"HIGH"
9,"1","Other/Unknown","T4",0.1356,0.8644,"HIGH"
10,"1","Other/Unknown","T4",0.1356,0.8644,"HIGH"
11,"1","Other/Unknown","T4",0.1356,0.8644,"HIGH"
12,"1","Other/Unknown","T4",0.1356,0.8644,"HIGH"
13,"1","Other/Unknown","T4",0.1356,0.8644,"HIGH"
14,"1","Other/Unknown","T4",0.1356,0.8644,"HIGH"
15,"1","Other/Unknown","T4",0.1356,0.8644,"HIGH"
16,"1","Other/Unknown","T4",0.1356,0.8644,"HIGH"
17,"1","Other/Unknown","T4",0.1356,0.8644,"HIGH"
18,"1","Other/Unknown","T4",0.1356,0.8644,"HIGH"
19,"1","Other/Unknown","T4",0.1356,0.8644,"HIGH"
20,"1","Other/Unknown","T4",0.1356,0.8644,"HIGH"
21,"1","Other/Unknown","T4",0.1356,0.8644,"HIGH"
22,"1","Other/Unknown","T4",0.1356,0.8644,"HIGH"
23,"1","Other/Unknown","T4",0.1356,0.8644,"HIGH"
24,"1","Other/Unknown","T4",0.1356,0.8644,"HIGH"
25,"1","Other/Unknown","T4",0.1356,0.8644,"HIGH"
26,"1","Other/Unknown","T4",0.1356,0.8644,"HIGH"
27,"1","Other/Unknown","T4",0.1356,0.8644,"HIGH"
28,"1","Other/Unknown","T4",0.1356,0.8644,"HIGH"
29,"1","Other/Unknown","T4",0.1366,0.8634,"HIGH"
30,"1","Other/Unknown","T4",0.1663,0.8337,"HIGH"
31,"1","Other/Unknown","T4",0.153,0.847,"HIGH"
32,"1","Other/Unknown","T4",0.151,0.849,"HIGH"
33,"1","Other/Unknown","T4",0.1531,0.8469,"HIGH"
34,"1","Other/Unknown","T4",0.1531,0.8469,"HIGH"
35,"1","Other/Unknown","T4",0.1537,0.8463,"HIGH"
36,"1","Other/Unknown","T4",0.2139,0.7861,"HIGH"
37,"1","Other/Unknown","T4",0.1824,0.8176,"HIGH"
38,"1","Other/Unknown","T4",0.2307,0.7693,"HIGH"
39,"1","Other/Unknown","T4",0.1914,0.8086,"HIGH"
40,"1","Other/Unknown","T4",0.1807,0.8193,"HIGH"
41,"1","Other/Unknown","T4",0.2048,0.7952,"HIGH"
42,"1","Other/Unknown","T4",0.1637,0.8363,"HIGH"
43,"1","Other/Unknown","T4",0.162,0.838,"HIGH"
44,"1","Other/Unknown","T4",0.1751,0.8249,"HIGH"
45,"1","Other/Unknown","T4",0.1715,0.8285,"HIGH"
46,"1","Other/Unknown","T4",0.1548,0.8452,"HIGH"
47,"1","Other/Unknown","T4",0.1575,0.8425,"HIGH"
48,"1","Other/Unknown","T4",0.1475,0.8525,"HIGH"
49,"1","Other/Unknown","T4",0.1724,0.8276,"HIGH"
50,"1","Other/Unknown","T4",0.1642,0.8358,"HIGH"
51,"1","Other/Unknown","T4",0.1582,0.8418,"HIGH"
52,"1","Other/Unknown","T4",0.1569,0.8431,"HIGH"
53,"1","Other/Unknown","T4",0.1574,0.8426,"HIGH"
54,"1","Other/Unknown","T4",0.1605,0.8395,"HIGH"
55,"1","Other/Unknown","T4",0.1659,0.8341,"HIGH"
56,"1","Other/Unknown","T4",0.1672,0.8328,"HIGH"
57,"1","Other/Unknown","T4",0.176,0.824,"HIGH"
58,"1","Other/Unknown","T4",0.1667,0.8333,"HIGH"
59,"1","Other/Unknown","T4",0.1576,0.8424,"HIGH"
60,"1","Other/Unknown","T4",0.1754,0.8246,"HIGH"
61,"1","Other/Unknown","T4",0.1774,0.8226,"HIGH"
62,"1","Other/Unknown","T4",0.1743,0.8257,"HIGH"
63,"1","Other/Unknown","T4",0.161,0.839,"HIGH"
64,"1","Other/Unknown","T4",0.1638,0.8362,"HIGH"
65,"1","Other/Unknown","T4",0.1702,0.8298,"HIGH"
66,"1","Other/Unknown","T4",0.1731,0.8269,"HIGH"
67,"1","Other/Unknown","T4",0.1664,0.8336,"HIGH"
68,"1","Other/Unknown","T4",0.1766,0.8234,"HIGH"
69,"1","Other/Unknown","T4",0.1721,0.8279,"HIGH"
70,"1","Other/Unknown","T4",0.1797,0.8203,"HIGH"
71,"1","Other/Unknown","T4",0.1772,0.8228,"HIGH"
72,"1","Other/Unknown","T4",0.1759,0.8241,"HIGH"
73,"1","Other/Unknown","T4",0.1691,0.8309,"HIGH"
74,"1","Other/Unknown","T4",0.165,0.835,"HIGH"
75,"1","Other/Unknown","T4",0.1609,0.8391,"HIGH"
76,"1","Other/Unknown","T4",0.168,0.832,"HIGH"
77,"1","Other/Unknown","T4",0.1945,0.8055,"HIGH"
78,"1","Other/Unknown","T4",0.1741,0.8259,"HIGH"
79,"1","Other/Unknown","T4",0.1784,0.8216,"HIGH"
80,"1","Other/Unknown","T4",0.1971,0.8029,"HIGH"
81,"1","Other/Unknown","T4",0.1837,0.8163,"HIGH"
82,"1","Other/Unknown","T4",0.1896,0.8104,"HIGH"
83,"1","Other/Unknown","T4",0.1665,0.8335,"HIGH"
84,"1","Other/Unknown","T4",0.1783,0.8217,"HIGH"
85,"1","Other/Unknown","T4",0.1962,0.8038,"HIGH"
86,"1","Other/Unknown","T4",0.1866,0.8134,"HIGH"
87,"1","Other/Unknown","T4",0.1502,0.8498,"HIGH"
88,"1","Other/Unknown","T4",0.1619,0.8381,"HIGH"
89,"1","Other/Unknown","T4",0.1777,0.8223,"HIGH"
90,"1","Other/Unknown","T4",0.1502,0.8498,"HIGH"
91,"1","Other/Unknown","T4",0.1502,0.8498,"HIGH"
92,"1","Other/Unknown","T4",0.1502,0.8498,"HIGH"
93,"1","Other/Unknown","T4",0.1502,0.8498,"HIGH"
94,"1","Other/Unknown","T4",0.1502,0.8498,"HIGH"
95,"1","Other/Unknown","T4",0.1502,0.8498,"HIGH"
96,"1","Other/Unknown","T4",0.1502,0.8498,"HIGH"
97,"1","Other/Unknown","T4",0.1502,0.8498,"HIGH"
98,"1","Other/Unknown","T4",0.1502,0.8498,"HIGH"
99,"1","Other/Unknown","T4",0.1502,0.8498,"HIGH"
0,"2","Other/Unknown","T4",0.2111,0.7889,"HIGH"
1,"2","Other/Unknown","T4",0.2111,0.7889,"HIGH"
2,"2","Other/Unknown","T4",0.2111,0.7889,"HIGH"
3,"2","Other/Unknown","T4",0.2111,0.7889,"HIGH"
4,"2","Other/Unknown","T4",0.2111,0.7889,"HIGH"
5,"2","Other/Unknown","T4",0.2111,0.7889,"HIGH"
6,"2","Other/Unknown","T4",0.2111,0.7889,"HIGH"
7,"2","Other/Unknown","T4",0.2111,0.7889,"HIGH"
8,"2","Other/Unknown","T4",0.2111,0.7889,"HIGH"
9,"2","Other/Unknown","T4",0.2111,0.7889,"HIGH"
10,"2","Other/Unknown","T4",0.2111,0.7889,"HIGH"
11,"2","Other/Unknown","T4",0.2111,0.7889,"HIGH"
12,"2","Other/Unknown","T4",0.2111,0.7889,"HIGH"
13,"2","Other/Unknown","T4",0.2111,0.7889,"HIGH"
14,"2","Other/Unknown","T4",0.2111,0.7889,"HIGH"
15,"2","Other/Unknown","T4",0.2111,0.7889,"HIGH"
16,"2","Other/Unknown","T4",0.2111,0.7889,"HIGH"
17,"2","Other/Unknown","T4",0.2111,0.7889,"HIGH"
18,"2","Other/Unknown","T4",0.2111,0.7889,"HIGH"
19,"2","Other/Unknown","T4",0.2111,0.7889,"HIGH"
20,"2","Other/Unknown","T4",0.2111,0.7889,"HIGH"
21,"2","Other/Unknown","T4",0.2098,0.7902,"HIGH"
22,"2","Other/Unknown","T4",0.2098,0.7902,"HIGH"
23,"2","Other/Unknown","T4",0.2098,0.7902,"HIGH"
24,"2","Other/Unknown","T4",0.2098,0.7902,"HIGH"
25,"2","Other/Unknown","T4",0.2098,0.7902,"HIGH"
26,"2","Other/Unknown","T4",0.2098,0.7902,"HIGH"
27,"2","Other/Unknown","T4",0.2109,0.7891,"HIGH"
28,"2","Other/Unknown","T4",0.2109,0.7891,"HIGH"
29,"2","Other/Unknown","T4",0.2112,0.7888,"HIGH"
30,"2","Other/Unknown","T4",0.2917,0.7083,"HIGH"
31,"2","Other/Unknown","T4",0.146,0.854,"HIGH"
32,"2","Other/Unknown","T4",0.1449,0.8551,"HIGH"
33,"2","Other/Unknown","T4",0.1141,0.8859,"HIGH"
34,"2","Other/Unknown","T4",0.1127,0.8873,"HIGH"
35,"2","Other/Unknown","T4",0.1127,0.8873,"HIGH"
36,"2","Other/Unknown","T4",0.117,0.883,"HIGH"
37,"2","Other/Unknown","T4",0.1132,0.8868,"HIGH"
38,"2","Other/Unknown","T4",0.1266,0.8734,"HIGH"
39,"2","Other/Unknown","T4",0.1127,0.8873,"HIGH"
40,"2","Other/Unknown","T4",0.1117,0.8883,"HIGH"
41,"2","Other/Unknown","T4",0.1167,0.8833,"HIGH"
42,"2","Other/Unknown","T4",0.1115,0.8885,"HIGH"
43,"2","Other/Unknown","T4",0.1115,0.8885,"HIGH"
44,"2","Other/Unknown","T4",0.1153,0.8847,"HIGH"
45,"2","Other/Unknown","T4",0.1255,0.8745,"HIGH"
46,"2","Other/Unknown","T4",0.1388,0.8612,"HIGH"
47,"2","Other/Unknown","T4",0.1294,0.8706,"HIGH"
48,"2","Other/Unknown","T4",0.1236,0.8764,"HIGH"
49,"2","Other/Unknown","T4",0.1446,0.8554,"HIGH"
50,"2","Other/Unknown","T4",0.1345,0.8655,"HIGH"
51,"2","Other/Unknown","T4",0.1334,0.8666,"HIGH"
52,"2","Other/Unknown","T4",0.1277,0.8723,"HIGH"
53,"2","Other/Unknown","T4",0.1302,0.8698,"HIGH"
54,"2","Other/Unknown","T4",0.1377,0.8623,"HIGH"
55,"2","Other/Unknown","T4",0.1449,0.8551,"HIGH"
56,"2","Other/Unknown","T4",0.145,0.855,"HIGH"
57,"2","Other/Unknown","T4",0.1459,0.8541,"HIGH"
58,"2","Other/Unknown","T4",0.1421,0.8579,"HIGH"
59,"2","Other/Unknown","T4",0.1404,0.8596,"HIGH"
60,"2","Other/Unknown","T4",0.1538,0.8462,"HIGH"
61,"2","Other/Unknown","T4",0.1613,0.8387,"HIGH"
62,"2","Other/Unknown","T4",0.1707,0.8293,"HIGH"
63,"2","Other/Unknown","T4",0.1615,0.8385,"HIGH"
64,"2","Other/Unknown","T4",0.1545,0.8455,"HIGH"
65,"2","Other/Unknown","T4",0.1788,0.8212,"HIGH"
66,"2","Other/Unknown","T4",0.1851,0.8149,"HIGH"
67,"2","Other/Unknown","T4",0.1714,0.8286,"HIGH"
68,"2","Other/Unknown","T4",0.1773,0.8227,"HIGH"
69,"2","Other/Unknown","T4",0.173,0.827,"HIGH"
70,"2","Other/Unknown","T4",0.1771,0.8229,"HIGH"
71,"2","Other/Unknown","T4",0.1736,0.8264,"HIGH"
72,"2","Other/Unknown","T4",0.1707,0.8293,"HIGH"
73,"2","Other/Unknown","T4",0.1687,0.8313,"HIGH"
74,"2","Other/Unknown","T4",0.169,0.831,"HIGH"
75,"2","Other/Unknown","T4",0.168,0.832,"HIGH"
76,"2","Other/Unknown","T4",0.1801,0.8199,"HIGH"
77,"2","Other/Unknown","T4",0.186,0.814,"HIGH"
78,"2","Other/Unknown","T4",0.1805,0.8195,"HIGH"
79,"2","Other/Unknown","T4",0.1841,0.8159,"HIGH"
80,"2","Other/Unknown","T4",0.1734,0.8266,"HIGH"
81,"2","Other/Unknown","T4",0.1481,0.8519,"HIGH"
82,"2","Other/Unknown","T4",0.157,0.843,"HIGH"
83,"2","Other/Unknown","T4",0.1506,0.8494,"HIGH"
84,"2","Other/Unknown","T4",0.154,0.846,"HIGH"
85,"2","Other/Unknown","T4",0.1573,0.8427,"HIGH"
86,"2","Other/Unknown","T4",0.1506,0.8494,"HIGH"
87,"2","Other/Unknown","T4",0.1418,0.8582,"HIGH"
88,"2","Other/Unknown","T4",0.1421,0.8579,"HIGH"
89,"2","Other/Unknown","T4",0.1458,0.8542,"HIGH"
90,"2","Other/Unknown","T4",0.1397,0.8603,"HIGH"
91,"2","Other/Unknown","T4",0.1397,0.8603,"HIGH"
92,"2","Other/Unknown","T4",0.1397,0.8603,"HIGH"
93,"2","Other/Unknown","T4",0.1397,0.8603,"HIGH"
94,"2","Other/Unknown","T4",0.1397,0.8603,"HIGH"
95,"2","Other/Unknown","T4",0.1397,0.8603,"HIGH"
96,"2","Other/Unknown","T4",0.1397,0.8603,"HIGH"
97,"2","Other/Unknown","T4",0.1397,0.8603,"HIGH"
98,"2","Other/Unknown","T4",0.1397,0.8603,"HIGH"
99,"2","Other/Unknown","T4",0.1397,0.8603,"HIGH"
