"AGE","SEX","TNM_N_cat","TNM_T_cat","no_metastasis","metastasis","risk_level"
0,"1","N0","T0",0.1205,0.8795,"HIGH"
1,"1","N0","T0",0.1205,0.8795,"HIGH"
2,"1","N0","T0",0.1205,0.8795,"HIGH"
3,"1","N0","T0",0.1205,0.8795,"HIGH"
4,"1","N0","T0",0.1205,0.8795,"HIGH"
5,"1","N0","T0",0.1205,0.8795,"HIGH"
6,"1","N0","T0",0.1205,0.8795,"HIGH"
7,"1","N0","T0",0.1205,0.8795,"HIGH"
8,"1","N0","T0",0.1205,0.8795,"HIGH"
9,"1","N0","T0",0.1205,0.8795,"HIGH"
10,"1","N0","T0",0.1205,0.8795,"HIGH"
11,"1","N0","T0",0.1205,0.8795,"HIGH"
12,"1","N0","T0",0.1205,0.8795,"HIGH"
13,"1","N0","T0",0.1205,0.8795,"HIGH"
14,"1","N0","T0",0.1205,0.8795,"HIGH"
15,"1","N0","T0",0.1205,0.8795,"HIGH"
16,"1","N0","T0",0.1205,0.8795,"HIGH"
17,"1","N0","T0",0.1205,0.8795,"HIGH"
18,"1","N0","T0",0.1205,0.8795,"HIGH"
19,"1","N0","T0",0.1205,0.8795,"HIGH"
20,"1","N0","T0",0.1205,0.8795,"HIGH"
21,"1","N0","T0",0.1205,0.8795,"HIGH"
22,"1","N0","T0",0.1205,0.8795,"HIGH"
23,"1","N0","T0",0.1205,0.8795,"HIGH"
24,"1","N0","T0",0.1205,0.8795,"HIGH"
25,"1","N0","T0",0.1205,0.8795,"HIGH"
26,"1","N0","T0",0.1205,0.8795,"HIGH"
27,"1","N0","T0",0.1208,0.8792,"HIGH"
28,"1","N0","T0",0.1208,0.8792,"HIGH"
29,"1","N0","T0",0.1212,0.8788,"HIGH"
30,"1","N0","T0",0.1192,0.8808,"HIGH"
31,"1","N0","T0",0.1164,0.8836,"HIGH"
32,"1","N0","T0",0.1174,0.8826,"HIGH"
33,"1","N0","T0",0.1162,0.8838,"HIGH"
34,"1","N0","T0",0.1182,0.8818,"HIGH"
35,"1","N0","T0",0.1221,0.8779,"HIGH"
36,"1","N0","T0",0.1195,0.8805,"HIGH"
37,"1","N0","T0",0.1192,0.8808,"HIGH"
38,"1","N0","T0",0.1035,0.8965,"HIGH"
39,"1","N0","T0",0.0963,0.9037,"HIGH"
40,"1","N0","T0",0.0957,0.9043,"HIGH"
41,"1","N0","T0",0.0972,0.9028,"HIGH"
42,"1","N0","T0",0.099,0.901,"HIGH"
43,"1","N0","T0",0.0984,0.9016,"HIGH"
44,"1","N0","T0",0.0997,0.9003,"HIGH"
45,"1","N0","T0",0.1026,0.8974,"HIGH"
46,"1","N0","T0",0.1066,0.8934,"HIGH"
47,"1","N0","T0",0.1103,0.8897,"HIGH"
48,"1","N0","T0",0.1123,0.8877,"HIGH"
49,"1","N0","T0",0.1197,0.8803,"HIGH"
50,"1","N0","T0",0.1209,0.8791,"HIGH"
51,"1","N0","T0",0.127,0.873,"HIGH"
52,"1","N0","T0",0.1281,0.8719,"HIGH"
53,"1","N0","T0",0.1331,0.8669,"HIGH"
54,"1","N0","T0",0.1537,0.8463,"HIGH"
55,"1","N0","T0",0.1373,0.8627,"HIGH"
56,"1","N0","T0",0.1492,0.8508,"HIGH"
57,"1","N0","T0",0.1456,0.8544,"HIGH"
58,"1","N0","T0",0.1519,0.8481,"HIGH"
59,"1","N0","T0",0.1211,0.8789,"HIGH"
60,"1","N0","T0",0.1208,0.8792,"HIGH"
61,"1","N0","T0",0.1128,0.8872,"HIGH"
62,"1","N0","T0",0.1091,0.8909,"HIGH"
63,"1","N0","T0",0.1071,0.8929,"HIGH"
64,"1","N0","T0",0.1056,0.8944,"HIGH"
65,"1","N0","T0",0.1052,0.8948,"HIGH"
66,"1","N0","T0",0.1094,0.8906,"HIGH"
67,"1","N0","T0",0.1012,0.8988,"HIGH"
68,"1","N0","T0",0.1006,0.8994,"HIGH"
69,"1","N0","T0",0.1026,0.8974,"HIGH"
70,"1","N0","T0",0.1013,0.8987,"HIGH"
71,"1","N0","T0",0.1007,0.8993,"HIGH"
72,"1","N0","T0",0.1009,0.8991,"HIGH"
73,"1","N0","T0",0.1013,0.8987,"HIGH"
74,"1","N0","T0",0.1001,0.8999,"HIGH"
75,"1","N0","T0",0.0973,0.9027,"HIGH"
76,"1","N0","T0",0.0951,0.9049,"HIGH"
77,"1","N0","T0",0.0983,0.9017,"HIGH"
78,"1","N0","T0",0.1031,0.8969,"HIGH"
79,"1","N0","T0",0.1083,0.8917,"HIGH"
80,"1","N0","T0",0.0943,0.9057,"HIGH"
81,"1","N0","T0",0.0903,0.9097,"HIGH"
82,"1","N0","T0",0.0881,0.9119,"HIGH"
83,"1","N0","T0",0.0877,0.9123,"HIGH"
84,"1","N0","T0",0.0882,0.9118,"HIGH"
85,"1","N0","T0",0.0864,0.9136,"HIGH"
86,"1","N0","T0",0.086,0.914,"HIGH"
87,"1","N0","T0",0.0873,0.9127,"HIGH"
88,"1","N0","T0",0.086,0.914,"HIGH"
89,"1","N0","T0",0.0905,0.9095,"HIGH"
90,"1","N0","T0",0.087,0.913,"HIGH"
91,"1","N0","T0",0.087,0.913,"HIGH"
92,"1","N0","T0",0.087,0.913,"HIGH"
93,"1","N0","T0",0.087,0.913,"HIGH"
94,"1","N0","T0",0.087,0.913,"HIGH"
95,"1","N0","T0",0.087,0.913,"HIGH"
96,"1","N0","T0",0.087,0.913,"HIGH"
97,"1","N0","T0",0.087,0.913,"HIGH"
98,"1","N0","T0",0.087,0.913,"HIGH"
99,"1","N0","T0",0.087,0.913,"HIGH"
0,"2","N0","T0",0.1571,0.8429,"HIGH"
1,"2","N0","T0",0.1571,0.8429,"HIGH"
2,"2","N0","T0",0.1571,0.8429,"HIGH"
3,"2","N0","T0",0.1571,0.8429,"HIGH"
4,"2","N0","T0",0.1571,0.8429,"HIGH"
5,"2","N0","T0",0.1571,0.8429,"HIGH"
6,"2","N0","T0",0.1571,0.8429,"HIGH"
7,"2","N0","T0",0.1571,0.8429,"HIGH"
8,"2","N0","T0",0.1571,0.8429,"HIGH"
9,"2","N0","T0",0.1571,0.8429,"HIGH"
10,"2","N0","T0",0.1571,0.8429,"HIGH"
11,"2","N0","T0",0.1571,0.8429,"HIGH"
12,"2","N0","T0",0.1571,0.8429,"HIGH"
13,"2","N0","T0",0.1571,0.8429,"HIGH"
14,"2","N0","T0",0.1571,0.8429,"HIGH"
15,"2","N0","T0",0.1571,0.8429,"HIGH"
16,"2","N0","T0",0.1571,0.8429,"HIGH"
17,"2","N0","T0",0.1571,0.8429,"HIGH"
18,"2","N0","T0",0.1571,0.8429,"HIGH"
19,"2","N0","T0",0.1571,0.8429,"HIGH"
20,"2","N0","T0",0.1571,0.8429,"HIGH"
21,"2","N0","T0",0.1571,0.8429,"HIGH"
22,"2","N0","T0",0.1571,0.8429,"HIGH"
23,"2","N0","T0",0.1572,0.8428,"HIGH"
24,"2","N0","T0",0.1572,0.8428,"HIGH"
25,"2","N0","T0",0.1572,0.8428,"HIGH"
26,"2","N0","T0",0.158,0.842,"HIGH"
27,"2","N0","T0",0.158,0.842,"HIGH"
28,"2","N0","T0",0.158,0.842,"HIGH"
29,"2","N0","T0",0.158,0.842,"HIGH"
30,"2","N0","T0",0.1555,0.8445,"HIGH"
31,"2","N0","T0",0.1505,0.8495,"HIGH"
32,"2","N0","T0",0.1526,0.8474,"HIGH"
33,"2","N0","T0",0.1486,0.8514,"HIGH"
34,"2","N0","T0",0.1453,0.8547,"HIGH"
35,"2","N0","T0",0.1479,0.8521,"HIGH"
36,"2","N0","T0",0.1465,0.8535,"HIGH"
37,"2","N0","T0",0.1469,0.8531,"HIGH"
38,"2","N0","T0",0.143,0.857,"HIGH"
39,"2","N0","T0",0.1519,0.8481,"HIGH"
40,"2","N0","T0",0.1478,0.8522,"HIGH"
41,"2","N0","T0",0.1476,0.8524,"HIGH"
42,"2","N0","T0",0.1419,0.8581,"HIGH"
43,"2","N0","T0",0.1462,0.8538,"HIGH"
44,"2","N0","T0",0.143,0.857,"HIGH"
45,"2","N0","T0",0.1361,0.8639,"HIGH"
46,"2","N0","T0",0.1328,0.8672,"HIGH"
47,"2","N0","T0",0.1275,0.8725,"HIGH"
48,"2","N0","T0",0.123,0.877,"HIGH"
49,"2","N0","T0",0.1221,0.8779,"HIGH"
50,"2","N0","T0",0.1203,0.8797,"HIGH"
51,"2","N0","T0",0.1219,0.8781,"HIGH"
52,"2","N0","T0",0.1106,0.8894,"HIGH"
53,"2","N0","T0",0.1111,0.8889,"HIGH"
54,"2","N0","T0",0.1155,0.8845,"HIGH"
55,"2","N0","T0",0.1195,0.8805,"HIGH"
56,"2","N0","T0",0.1178,0.8822,"HIGH"
57,"2","N0","T0",0.1186,0.8814,"HIGH"
58,"2","N0","T0",0.1203,0.8797,"HIGH"
59,"2","N0","T0",0.1181,0.8819,"HIGH"
60,"2","N0","T0",0.1214,0.8786,"HIGH"
61,"2","N0","T0",0.1232,0.8768,"HIGH"
62,"2","N0","T0",0.1304,0.8696,"HIGH"
63,"2","N0","T0",0.1567,0.8433,"HIGH"
64,"2","N0","T0",0.1305,0.8695,"HIGH"
65,"2","N0","T0",0.1311,0.8689,"HIGH"
66,"2","N0","T0",0.1372,0.8628,"HIGH"
67,"2","N0","T0",0.1369,0.8631,"HIGH"
68,"2","N0","T0",0.1318,0.8682,"HIGH"
69,"2","N0","T0",0.13,0.87,"HIGH"
70,"2","N0","T0",0.1304,0.8696,"HIGH"
71,"2","N0","T0",0.1461,0.8539,"HIGH"
72,"2","N0","T0",0.1293,0.8707,"HIGH"
73,"2","N0","T0",0.129,0.871,"HIGH"
74,"2","N0","T0",0.1263,0.8737,"HIGH"
75,"2","N0","T0",0.1256,0.8744,"HIGH"
76,"2","N0","T0",0.1232,0.8768,"HIGH"
77,"2","N0","T0",0.1227,0.8773,"HIGH"
78,"2","N0","T0",0.1216,0.8784,"HIGH"
79,"2","N0","T0",0.1222,0.8778,"HIGH"
80,"2","N0","T0",0.1234,0.8766,"HIGH"
81,"2","N0","T0",0.1194,0.8806,"HIGH"
82,"2","N0","T0",0.1234,0.8766,"HIGH"
83,"2","N0","T0",0.121,0.879,"HIGH"
84,"2","N0","T0",0.1218,0.8782,"HIGH"
85,"2","N0","T0",0.1273,0.8727,"HIGH"
86,"2","N0","T0",0.1272,0.8728,"HIGH"
87,"2","N0","T0",0.125,0.875,"HIGH"
88,"2","N0","T0",0.1359,0.8641,"HIGH"
89,"2","N0","T0",0.137,0.863,"HIGH"
90,"2","N0","T0",0.1803,0.8197,"HIGH"
91,"2","N0","T0",0.1803,0.8197,"HIGH"
92,"2","N0","T0",0.1803,0.8197,"HIGH"
93,"2","N0","T0",0.1803,0.8197,"HIGH"
94,"2","N0","T0",0.1803,0.8197,"HIGH"
95,"2","N0","T0",0.1803,0.8197,"HIGH"
96,"2","N0","T0",0.1803,0.8197,"HIGH"
97,"2","N0","T0",0.1803,0.8197,"HIGH"
98,"2","N0","T0",0.1803,0.8197,"HIGH"
99,"2","N0","T0",0.1803,0.8197,"HIGH"
0,"1","N1","T0",0.3066,0.6934,"HIGH"
1,"1","N1","T0",0.3066,0.6934,"HIGH"
2,"1","N1","T0",0.3066,0.6934,"HIGH"
3,"1","N1","T0",0.3066,0.6934,"HIGH"
4,"1","N1","T0",0.3066,0.6934,"HIGH"
5,"1","N1","T0",0.3066,0.6934,"HIGH"
6,"1","N1","T0",0.3066,0.6934,"HIGH"
7,"1","N1","T0",0.3066,0.6934,"HIGH"
8,"1","N1","T0",0.3066,0.6934,"HIGH"
9,"1","N1","T0",0.3066,0.6934,"HIGH"
10,"1","N1","T0",0.3066,0.6934,"HIGH"
11,"1","N1","T0",0.3066,0.6934,"HIGH"
12,"1","N1","T0",0.3066,0.6934,"HIGH"
13,"1","N1","T0",0.3066,0.6934,"HIGH"
14,"1","N1","T0",0.3066,0.6934,"HIGH"
15,"1","N1","T0",0.3066,0.6934,"HIGH"
16,"1","N1","T0",0.3066,0.6934,"HIGH"
17,"1","N1","T0",0.3066,0.6934,"HIGH"
18,"1","N1","T0",0.3066,0.6934,"HIGH"
19,"1","N1","T0",0.3066,0.6934,"HIGH"
20,"1","N1","T0",0.3066,0.6934,"HIGH"
21,"1","N1","T0",0.3066,0.6934,"HIGH"
22,"1","N1","T0",0.3066,0.6934,"HIGH"
23,"1","N1","T0",0.3066,0.6934,"HIGH"
24,"1","N1","T0",0.3066,0.6934,"HIGH"
25,"1","N1","T0",0.3066,0.6934,"HIGH"
26,"1","N1","T0",0.3066,0.6934,"HIGH"
27,"1","N1","T0",0.307,0.693,"HIGH"
28,"1","N1","T0",0.307,0.693,"HIGH"
29,"1","N1","T0",0.3073,0.6927,"HIGH"
30,"1","N1","T0",0.3073,0.6927,"HIGH"
31,"1","N1","T0",0.3046,0.6954,"HIGH"
32,"1","N1","T0",0.3046,0.6954,"HIGH"
33,"1","N1","T0",0.3016,0.6984,"HIGH"
34,"1","N1","T0",0.3026,0.6974,"HIGH"
35,"1","N1","T0",0.3048,0.6952,"HIGH"
36,"1","N1","T0",0.3028,0.6972,"HIGH"
37,"1","N1","T0",0.3023,0.6977,"HIGH"
38,"1","N1","T0",0.2974,0.7026,"HIGH"
39,"1","N1","T0",0.2907,0.7093,"HIGH"
40,"1","N1","T0",0.29,0.71,"HIGH"
41,"1","N1","T0",0.2974,0.7026,"HIGH"
42,"1","N1","T0",0.3138,0.6862,"HIGH"
43,"1","N1","T0",0.3307,0.6693,"HIGH"
44,"1","N1","T0",0.3299,0.6701,"HIGH"
45,"1","N1","T0",0.3345,0.6655,"HIGH"
46,"1","N1","T0",0.3488,0.6512,"HIGH"
47,"1","N1","T0",0.3975,0.6025,"HIGH"
48,"1","N1","T0",0.4192,0.5808,"HIGH"
49,"1","N1","T0",0.4631,0.5369,"HIGH"
50,"1","N1","T0",0.4956,0.5044,"HIGH"
51,"1","N1","T0",0.4801,0.5199,"HIGH"
52,"1","N1","T0",0.4521,0.5479,"HIGH"
53,"1","N1","T0",0.432,0.568,"HIGH"
54,"1","N1","T0",0.4592,0.5408,"HIGH"
55,"1","N1","T0",0.4411,0.5589,"HIGH"
56,"1","N1","T0",0.4263,0.5737,"HIGH"
57,"1","N1","T0",0.4366,0.5634,"HIGH"
58,"1","N1","T0",0.4509,0.5491,"HIGH"
59,"1","N1","T0",0.4197,0.5803,"HIGH"
60,"1","N1","T0",0.4385,0.5615,"HIGH"
61,"1","N1","T0",0.4028,0.5972,"HIGH"
62,"1","N1","T0",0.4303,0.5697,"HIGH"
63,"1","N1","T0",0.4338,0.5662,"HIGH"
64,"1","N1","T0",0.4335,0.5665,"HIGH"
65,"1","N1","T0",0.4357,0.5643,"HIGH"
66,"1","N1","T0",0.4348,0.5652,"HIGH"
67,"1","N1","T0",0.4262,0.5738,"HIGH"
68,"1","N1","T0",0.4378,0.5622,"HIGH"
69,"1","N1","T0",0.498,0.502,"HIGH"
70,"1","N1","T0",0.4989,0.5011,"HIGH"
71,"1","N1","T0",0.4967,0.5033,"HIGH"
72,"1","N1","T0",0.4892,0.5108,"HIGH"
73,"1","N1","T0",0.5034,0.4966,"LOW"
74,"1","N1","T0",0.5131,0.4869,"LOW"
75,"1","N1","T0",0.4658,0.5342,"HIGH"
76,"1","N1","T0",0.4729,0.5271,"HIGH"
77,"1","N1","T0",0.4761,0.5239,"HIGH"
78,"1","N1","T0",0.4811,0.5189,"HIGH"
79,"1","N1","T0",0.4809,0.5191,"HIGH"
80,"1","N1","T0",0.4837,0.5163,"HIGH"
81,"1","N1","T0",0.4839,0.5161,"HIGH"
82,"1","N1","T0",0.4914,0.5086,"HIGH"
83,"1","N1","T0",0.4994,0.5006,"HIGH"
84,"1","N1","T0",0.5066,0.4934,"LOW"
85,"1","N1","T0",0.4923,0.5077,"HIGH"
86,"1","N1","T0",0.4648,0.5352,"HIGH"
87,"1","N1","T0",0.4402,0.5598,"HIGH"
88,"1","N1","T0",0.4175,0.5825,"HIGH"
89,"1","N1","T0",0.3948,0.6052,"HIGH"
90,"1","N1","T0",0.4081,0.5919,"HIGH"
91,"1","N1","T0",0.4081,0.5919,"HIGH"
92,"1","N1","T0",0.4081,0.5919,"HIGH"
93,"1","N1","T0",0.4081,0.5919,"HIGH"
94,"1","N1","T0",0.4081,0.5919,"HIGH"
95,"1","N1","T0",0.4081,0.5919,"HIGH"
96,"1","N1","T0",0.4081,0.5919,"HIGH"
97,"1","N1","T0",0.4081,0.5919,"HIGH"
98,"1","N1","T0",0.4081,0.5919,"HIGH"
99,"1","N1","T0",0.4081,0.5919,"HIGH"
0,"2","N1","T0",0.4033,0.5967,"HIGH"
1,"2","N1","T0",0.4033,0.5967,"HIGH"
2,"2","N1","T0",0.4033,0.5967,"HIGH"
3,"2","N1","T0",0.4033,0.5967,"HIGH"
4,"2","N1","T0",0.4033,0.5967,"HIGH"
5,"2","N1","T0",0.4033,0.5967,"HIGH"
6,"2","N1","T0",0.4033,0.5967,"HIGH"
7,"2","N1","T0",0.4033,0.5967,"HIGH"
8,"2","N1","T0",0.4033,0.5967,"HIGH"
9,"2","N1","T0",0.4033,0.5967,"HIGH"
10,"2","N1","T0",0.4033,0.5967,"HIGH"
11,"2","N1","T0",0.4033,0.5967,"HIGH"
12,"2","N1","T0",0.4033,0.5967,"HIGH"
13,"2","N1","T0",0.4033,0.5967,"HIGH"
14,"2","N1","T0",0.4033,0.5967,"HIGH"
15,"2","N1","T0",0.4033,0.5967,"HIGH"
16,"2","N1","T0",0.4033,0.5967,"HIGH"
17,"2","N1","T0",0.4033,0.5967,"HIGH"
18,"2","N1","T0",0.4033,0.5967,"HIGH"
19,"2","N1","T0",0.4033,0.5967,"HIGH"
20,"2","N1","T0",0.4033,0.5967,"HIGH"
21,"2","N1","T0",0.4033,0.5967,"HIGH"
22,"2","N1","T0",0.4033,0.5967,"HIGH"
23,"2","N1","T0",0.4044,0.5956,"HIGH"
24,"2","N1","T0",0.4044,0.5956,"HIGH"
25,"2","N1","T0",0.4044,0.5956,"HIGH"
26,"2","N1","T0",0.4044,0.5956,"HIGH"
27,"2","N1","T0",0.4044,0.5956,"HIGH"
28,"2","N1","T0",0.4044,0.5956,"HIGH"
29,"2","N1","T0",0.4044,0.5956,"HIGH"
30,"2","N1","T0",0.4024,0.5976,"HIGH"
31,"2","N1","T0",0.4006,0.5994,"HIGH"
32,"2","N1","T0",0.4038,0.5962,"HIGH"
33,"2","N1","T0",0.4029,0.5971,"HIGH"
34,"2","N1","T0",0.4075,0.5925,"HIGH"
35,"2","N1","T0",0.41,0.59,"HIGH"
36,"2","N1","T0",0.4109,0.5891,"HIGH"
37,"2","N1","T0",0.4139,0.5861,"HIGH"
38,"2","N1","T0",0.4029,0.5971,"HIGH"
39,"2","N1","T0",0.3974,0.6026,"HIGH"
40,"2","N1","T0",0.3836,0.6164,"HIGH"
41,"2","N1","T0",0.3863,0.6137,"HIGH"
42,"2","N1","T0",0.3893,0.6107,"HIGH"
43,"2","N1","T0",0.3942,0.6058,"HIGH"
44,"2","N1","T0",0.4002,0.5998,"HIGH"
45,"2","N1","T0",0.3993,0.6007,"HIGH"
46,"2","N1","T0",0.3916,0.6084,"HIGH"
47,"2","N1","T0",0.3856,0.6144,"HIGH"
48,"2","N1","T0",0.3801,0.6199,"HIGH"
49,"2","N1","T0",0.3872,0.6128,"HIGH"
50,"2","N1","T0",0.392,0.608,"HIGH"
51,"2","N1","T0",0.4009,0.5991,"HIGH"
52,"2","N1","T0",0.4191,0.5809,"HIGH"
53,"2","N1","T0",0.4912,0.5088,"HIGH"
54,"2","N1","T0",0.5751,0.4249,"LOW"
55,"2","N1","T0",0.569,0.431,"LOW"
56,"2","N1","T0",0.5634,0.4366,"LOW"
57,"2","N1","T0",0.5358,0.4642,"LOW"
58,"2","N1","T0",0.5009,0.4991,"LOW"
59,"2","N1","T0",0.4699,0.5301,"HIGH"
60,"2","N1","T0",0.4579,0.5421,"HIGH"
61,"2","N1","T0",0.4489,0.5511,"HIGH"
62,"2","N1","T0",0.4442,0.5558,"HIGH"
63,"2","N1","T0",0.4565,0.5435,"HIGH"
64,"2","N1","T0",0.4912,0.5088,"HIGH"
65,"2","N1","T0",0.4598,0.5402,"HIGH"
66,"2","N1","T0",0.492,0.508,"HIGH"
67,"2","N1","T0",0.4902,0.5098,"HIGH"
68,"2","N1","T0",0.4931,0.5069,"HIGH"
69,"2","N1","T0",0.4984,0.5016,"HIGH"
70,"2","N1","T0",0.507,0.493,"LOW"
71,"2","N1","T0",0.5595,0.4405,"LOW"
72,"2","N1","T0",0.6151,0.3849,"LOW"
73,"2","N1","T0",0.6398,0.3602,"LOW"
74,"2","N1","T0",0.6481,0.3519,"LOW"
75,"2","N1","T0",0.6559,0.3441,"LOW"
76,"2","N1","T0",0.6572,0.3428,"LOW"
77,"2","N1","T0",0.6637,0.3363,"LOW"
78,"2","N1","T0",0.6717,0.3283,"LOW"
79,"2","N1","T0",0.6789,0.3211,"LOW"
80,"2","N1","T0",0.6796,0.3204,"LOW"
81,"2","N1","T0",0.6735,0.3265,"LOW"
82,"2","N1","T0",0.667,0.333,"LOW"
83,"2","N1","T0",0.6573,0.3427,"LOW"
84,"2","N1","T0",0.648,0.352,"LOW"
85,"2","N1","T0",0.6368,0.3632,"LOW"
86,"2","N1","T0",0.6166,0.3834,"LOW"
87,"2","N1","T0",0.6082,0.3918,"LOW"
88,"2","N1","T0",0.6065,0.3935,"LOW"
89,"2","N1","T0",0.586,0.414,"LOW"
90,"2","N1","T0",0.589,0.411,"LOW"
91,"2","N1","T0",0.589,0.411,"LOW"
92,"2","N1","T0",0.589,0.411,"LOW"
93,"2","N1","T0",0.589,0.411,"LOW"
94,"2","N1","T0",0.589,0.411,"LOW"
95,"2","N1","T0",0.589,0.411,"LOW"
96,"2","N1","T0",0.589,0.411,"LOW"
97,"2","N1","T0",0.589,0.411,"LOW"
98,"2","N1","T0",0.589,0.411,"LOW"
99,"2","N1","T0",0.589,0.411,"LOW"
0,"1","N2","T0",0.4549,0.5451,"HIGH"
1,"1","N2","T0",0.4549,0.5451,"HIGH"
2,"1","N2","T0",0.4549,0.5451,"HIGH"
3,"1","N2","T0",0.4549,0.5451,"HIGH"
4,"1","N2","T0",0.4549,0.5451,"HIGH"
5,"1","N2","T0",0.4549,0.5451,"HIGH"
6,"1","N2","T0",0.4549,0.5451,"HIGH"
7,"1","N2","T0",0.4549,0.5451,"HIGH"
8,"1","N2","T0",0.4549,0.5451,"HIGH"
9,"1","N2","T0",0.4549,0.5451,"HIGH"
10,"1","N2","T0",0.4549,0.5451,"HIGH"
11,"1","N2","T0",0.4549,0.5451,"HIGH"
12,"1","N2","T0",0.4549,0.5451,"HIGH"
13,"1","N2","T0",0.4549,0.5451,"HIGH"
14,"1","N2","T0",0.4549,0.5451,"HIGH"
15,"1","N2","T0",0.4549,0.5451,"HIGH"
16,"1","N2","T0",0.4549,0.5451,"HIGH"
17,"1","N2","T0",0.4549,0.5451,"HIGH"
18,"1","N2","T0",0.4549,0.5451,"HIGH"
19,"1","N2","T0",0.4549,0.5451,"HIGH"
20,"1","N2","T0",0.4549,0.5451,"HIGH"
21,"1","N2","T0",0.4549,0.5451,"HIGH"
22,"1","N2","T0",0.4549,0.5451,"HIGH"
23,"1","N2","T0",0.4549,0.5451,"HIGH"
24,"1","N2","T0",0.4549,0.5451,"HIGH"
25,"1","N2","T0",0.4554,0.5446,"HIGH"
26,"1","N2","T0",0.456,0.544,"HIGH"
27,"1","N2","T0",0.458,0.542,"HIGH"
28,"1","N2","T0",0.4678,0.5322,"HIGH"
29,"1","N2","T0",0.4741,0.5259,"HIGH"
30,"1","N2","T0",0.4761,0.5239,"HIGH"
31,"1","N2","T0",0.4745,0.5255,"HIGH"
32,"1","N2","T0",0.474,0.526,"HIGH"
33,"1","N2","T0",0.4714,0.5286,"HIGH"
34,"1","N2","T0",0.475,0.525,"HIGH"
35,"1","N2","T0",0.4783,0.5217,"HIGH"
36,"1","N2","T0",0.4803,0.5197,"HIGH"
37,"1","N2","T0",0.4807,0.5193,"HIGH"
38,"1","N2","T0",0.4441,0.5559,"HIGH"
39,"1","N2","T0",0.4275,0.5725,"HIGH"
40,"1","N2","T0",0.4002,0.5998,"HIGH"
41,"1","N2","T0",0.3854,0.6146,"HIGH"
42,"1","N2","T0",0.3649,0.6351,"HIGH"
43,"1","N2","T0",0.3445,0.6555,"HIGH"
44,"1","N2","T0",0.3255,0.6745,"HIGH"
45,"1","N2","T0",0.3363,0.6637,"HIGH"
46,"1","N2","T0",0.3457,0.6543,"HIGH"
47,"1","N2","T0",0.3612,0.6388,"HIGH"
48,"1","N2","T0",0.3837,0.6163,"HIGH"
49,"1","N2","T0",0.4012,0.5988,"HIGH"
50,"1","N2","T0",0.4056,0.5944,"HIGH"
51,"1","N2","T0",0.4089,0.5911,"HIGH"
52,"1","N2","T0",0.4091,0.5909,"HIGH"
53,"1","N2","T0",0.4062,0.5938,"HIGH"
54,"1","N2","T0",0.4102,0.5898,"HIGH"
55,"1","N2","T0",0.4116,0.5884,"HIGH"
56,"1","N2","T0",0.4173,0.5827,"HIGH"
57,"1","N2","T0",0.4053,0.5947,"HIGH"
58,"1","N2","T0",0.4073,0.5927,"HIGH"
59,"1","N2","T0",0.4056,0.5944,"HIGH"
60,"1","N2","T0",0.4185,0.5815,"HIGH"
61,"1","N2","T0",0.4013,0.5987,"HIGH"
62,"1","N2","T0",0.4005,0.5995,"HIGH"
63,"1","N2","T0",0.3902,0.6098,"HIGH"
64,"1","N2","T0",0.4124,0.5876,"HIGH"
65,"1","N2","T0",0.4376,0.5624,"HIGH"
66,"1","N2","T0",0.433,0.567,"HIGH"
67,"1","N2","T0",0.4033,0.5967,"HIGH"
68,"1","N2","T0",0.4091,0.5909,"HIGH"
69,"1","N2","T0",0.3965,0.6035,"HIGH"
70,"1","N2","T0",0.3985,0.6015,"HIGH"
71,"1","N2","T0",0.3956,0.6044,"HIGH"
72,"1","N2","T0",0.3955,0.6045,"HIGH"
73,"1","N2","T0",0.3846,0.6154,"HIGH"
74,"1","N2","T0",0.4012,0.5988,"HIGH"
75,"1","N2","T0",0.4017,0.5983,"HIGH"
76,"1","N2","T0",0.3934,0.6066,"HIGH"
77,"1","N2","T0",0.3882,0.6118,"HIGH"
78,"1","N2","T0",0.3778,0.6222,"HIGH"
79,"1","N2","T0",0.3903,0.6097,"HIGH"
80,"1","N2","T0",0.393,0.607,"HIGH"
81,"1","N2","T0",0.4064,0.5936,"HIGH"
82,"1","N2","T0",0.37,0.63,"HIGH"
83,"1","N2","T0",0.369,0.631,"HIGH"
84,"1","N2","T0",0.3773,0.6227,"HIGH"
85,"1","N2","T0",0.4008,0.5992,"HIGH"
86,"1","N2","T0",0.357,0.643,"HIGH"
87,"1","N2","T0",0.3471,0.6529,"HIGH"
88,"1","N2","T0",0.3359,0.6641,"HIGH"
89,"1","N2","T0",0.3256,0.6744,"HIGH"
90,"1","N2","T0",0.3816,0.6184,"HIGH"
91,"1","N2","T0",0.3816,0.6184,"HIGH"
92,"1","N2","T0",0.3816,0.6184,"HIGH"
93,"1","N2","T0",0.3816,0.6184,"HIGH"
94,"1","N2","T0",0.3816,0.6184,"HIGH"
95,"1","N2","T0",0.3816,0.6184,"HIGH"
96,"1","N2","T0",0.3816,0.6184,"HIGH"
97,"1","N2","T0",0.3816,0.6184,"HIGH"
98,"1","N2","T0",0.3816,0.6184,"HIGH"
99,"1","N2","T0",0.3816,0.6184,"HIGH"
0,"2","N2","T0",0.4518,0.5482,"HIGH"
1,"2","N2","T0",0.4518,0.5482,"HIGH"
2,"2","N2","T0",0.4518,0.5482,"HIGH"
3,"2","N2","T0",0.4518,0.5482,"HIGH"
4,"2","N2","T0",0.4518,0.5482,"HIGH"
5,"2","N2","T0",0.4518,0.5482,"HIGH"
6,"2","N2","T0",0.4518,0.5482,"HIGH"
7,"2","N2","T0",0.4518,0.5482,"HIGH"
8,"2","N2","T0",0.4518,0.5482,"HIGH"
9,"2","N2","T0",0.4518,0.5482,"HIGH"
10,"2","N2","T0",0.4518,0.5482,"HIGH"
11,"2","N2","T0",0.4518,0.5482,"HIGH"
12,"2","N2","T0",0.4518,0.5482,"HIGH"
13,"2","N2","T0",0.4518,0.5482,"HIGH"
14,"2","N2","T0",0.4518,0.5482,"HIGH"
15,"2","N2","T0",0.4518,0.5482,"HIGH"
16,"2","N2","T0",0.4518,0.5482,"HIGH"
17,"2","N2","T0",0.4518,0.5482,"HIGH"
18,"2","N2","T0",0.4518,0.5482,"HIGH"
19,"2","N2","T0",0.4518,0.5482,"HIGH"
20,"2","N2","T0",0.4518,0.5482,"HIGH"
21,"2","N2","T0",0.4524,0.5476,"HIGH"
22,"2","N2","T0",0.4524,0.5476,"HIGH"
23,"2","N2","T0",0.4531,0.5469,"HIGH"
24,"2","N2","T0",0.4531,0.5469,"HIGH"
25,"2","N2","T0",0.4531,0.5469,"HIGH"
26,"2","N2","T0",0.4531,0.5469,"HIGH"
27,"2","N2","T0",0.4538,0.5462,"HIGH"
28,"2","N2","T0",0.4538,0.5462,"HIGH"
29,"2","N2","T0",0.4558,0.5442,"HIGH"
30,"2","N2","T0",0.4537,0.5463,"HIGH"
31,"2","N2","T0",0.4485,0.5515,"HIGH"
32,"2","N2","T0",0.4524,0.5476,"HIGH"
33,"2","N2","T0",0.4421,0.5579,"HIGH"
34,"2","N2","T0",0.4454,0.5546,"HIGH"
35,"2","N2","T0",0.4473,0.5527,"HIGH"
36,"2","N2","T0",0.4452,0.5548,"HIGH"
37,"2","N2","T0",0.4495,0.5505,"HIGH"
38,"2","N2","T0",0.451,0.549,"HIGH"
39,"2","N2","T0",0.4473,0.5527,"HIGH"
40,"2","N2","T0",0.4497,0.5503,"HIGH"
41,"2","N2","T0",0.4465,0.5535,"HIGH"
42,"2","N2","T0",0.4667,0.5333,"HIGH"
43,"2","N2","T0",0.4751,0.5249,"HIGH"
44,"2","N2","T0",0.4974,0.5026,"HIGH"
45,"2","N2","T0",0.5168,0.4832,"LOW"
46,"2","N2","T0",0.5287,0.4713,"LOW"
47,"2","N2","T0",0.5,0.5,"HIGH"
48,"2","N2","T0",0.5089,0.4911,"LOW"
49,"2","N2","T0",0.5176,0.4824,"LOW"
50,"2","N2","T0",0.5297,0.4703,"LOW"
51,"2","N2","T0",0.5096,0.4904,"LOW"
52,"2","N2","T0",0.4842,0.5158,"HIGH"
53,"2","N2","T0",0.5252,0.4748,"LOW"
54,"2","N2","T0",0.5622,0.4378,"LOW"
55,"2","N2","T0",0.5413,0.4587,"LOW"
56,"2","N2","T0",0.5381,0.4619,"LOW"
57,"2","N2","T0",0.543,0.457,"LOW"
58,"2","N2","T0",0.5514,0.4486,"LOW"
59,"2","N2","T0",0.5414,0.4586,"LOW"
60,"2","N2","T0",0.5316,0.4684,"LOW"
61,"2","N2","T0",0.5317,0.4683,"LOW"
62,"2","N2","T0",0.5275,0.4725,"LOW"
63,"2","N2","T0",0.513,0.487,"LOW"
64,"2","N2","T0",0.5083,0.4917,"LOW"
65,"2","N2","T0",0.4937,0.5063,"HIGH"
66,"2","N2","T0",0.4892,0.5108,"HIGH"
67,"2","N2","T0",0.4917,0.5083,"HIGH"
68,"2","N2","T0",0.5067,0.4933,"LOW"
69,"2","N2","T0",0.5124,0.4876,"LOW"
70,"2","N2","T0",0.4942,0.5058,"HIGH"
71,"2","N2","T0",0.5,0.5,"HIGH"
72,"2","N2","T0",0.5031,0.4969,"LOW"
73,"2","N2","T0",0.5013,0.4987,"LOW"
74,"2","N2","T0",0.5044,0.4956,"LOW"
75,"2","N2","T0",0.4918,0.5082,"HIGH"
76,"2","N2","T0",0.5095,0.4905,"LOW"
77,"2","N2","T0",0.5044,0.4956,"LOW"
78,"2","N2","T0",0.5033,0.4967,"LOW"
79,"2","N2","T0",0.4919,0.5081,"HIGH"
80,"2","N2","T0",0.4785,0.5215,"HIGH"
81,"2","N2","T0",0.486,0.514,"HIGH"
82,"2","N2","T0",0.4765,0.5235,"HIGH"
83,"2","N2","T0",0.4464,0.5536,"HIGH"
84,"2","N2","T0",0.4595,0.5405,"HIGH"
85,"2","N2","T0",0.5015,0.4985,"LOW"
86,"2","N2","T0",0.4827,0.5173,"HIGH"
87,"2","N2","T0",0.4835,0.5165,"HIGH"
88,"2","N2","T0",0.494,0.506,"HIGH"
89,"2","N2","T0",0.4367,0.5633,"HIGH"
90,"2","N2","T0",0.5075,0.4925,"LOW"
91,"2","N2","T0",0.5075,0.4925,"LOW"
92,"2","N2","T0",0.5075,0.4925,"LOW"
93,"2","N2","T0",0.5075,0.4925,"LOW"
94,"2","N2","T0",0.5075,0.4925,"LOW"
95,"2","N2","T0",0.5075,0.4925,"LOW"
96,"2","N2","T0",0.5075,0.4925,"LOW"
97,"2","N2","T0",0.5075,0.4925,"LOW"
98,"2","N2","T0",0.5075,0.4925,"LOW"
99,"2","N2","T0",0.5075,0.4925,"LOW"
0,"1","N3","T0",0.2962,0.7038,"HIGH"
1,"1","N3","T0",0.2962,0.7038,"HIGH"
2,"1","N3","T0",0.2962,0.7038,"HIGH"
3,"1","N3","T0",0.2962,0.7038,"HIGH"
4,"1","N3","T0",0.2962,0.7038,"HIGH"
5,"1","N3","T0",0.2962,0.7038,"HIGH"
6,"1","N3","T0",0.2962,0.7038,"HIGH"
7,"1","N3","T0",0.2962,0.7038,"HIGH"
8,"1","N3","T0",0.2962,0.7038,"HIGH"
9,"1","N3","T0",0.2962,0.7038,"HIGH"
10,"1","N3","T0",0.2962,0.7038,"HIGH"
11,"1","N3","T0",0.2962,0.7038,"HIGH"
12,"1","N3","T0",0.2962,0.7038,"HIGH"
13,"1","N3","T0",0.2962,0.7038,"HIGH"
14,"1","N3","T0",0.2962,0.7038,"HIGH"
15,"1","N3","T0",0.2962,0.7038,"HIGH"
16,"1","N3","T0",0.2962,0.7038,"HIGH"
17,"1","N3","T0",0.2962,0.7038,"HIGH"
18,"1","N3","T0",0.2962,0.7038,"HIGH"
19,"1","N3","T0",0.2962,0.7038,"HIGH"
20,"1","N3","T0",0.2962,0.7038,"HIGH"
21,"1","N3","T0",0.2962,0.7038,"HIGH"
22,"1","N3","T0",0.2982,0.7018,"HIGH"
23,"1","N3","T0",0.2982,0.7018,"HIGH"
24,"1","N3","T0",0.2982,0.7018,"HIGH"
25,"1","N3","T0",0.2982,0.7018,"HIGH"
26,"1","N3","T0",0.2982,0.7018,"HIGH"
27,"1","N3","T0",0.2982,0.7018,"HIGH"
28,"1","N3","T0",0.2993,0.7007,"HIGH"
29,"1","N3","T0",0.3,0.7,"HIGH"
30,"1","N3","T0",0.2947,0.7053,"HIGH"
31,"1","N3","T0",0.2933,0.7067,"HIGH"
32,"1","N3","T0",0.2956,0.7044,"HIGH"
33,"1","N3","T0",0.2925,0.7075,"HIGH"
34,"1","N3","T0",0.2949,0.7051,"HIGH"
35,"1","N3","T0",0.2888,0.7112,"HIGH"
36,"1","N3","T0",0.2828,0.7172,"HIGH"
37,"1","N3","T0",0.2778,0.7222,"HIGH"
38,"1","N3","T0",0.2668,0.7332,"HIGH"
39,"1","N3","T0",0.265,0.735,"HIGH"
40,"1","N3","T0",0.2526,0.7474,"HIGH"
41,"1","N3","T0",0.2531,0.7469,"HIGH"
42,"1","N3","T0",0.2526,0.7474,"HIGH"
43,"1","N3","T0",0.2559,0.7441,"HIGH"
44,"1","N3","T0",0.2641,0.7359,"HIGH"
45,"1","N3","T0",0.2719,0.7281,"HIGH"
46,"1","N3","T0",0.2789,0.7211,"HIGH"
47,"1","N3","T0",0.3141,0.6859,"HIGH"
48,"1","N3","T0",0.3251,0.6749,"HIGH"
49,"1","N3","T0",0.354,0.646,"HIGH"
50,"1","N3","T0",0.3822,0.6178,"HIGH"
51,"1","N3","T0",0.3397,0.6603,"HIGH"
52,"1","N3","T0",0.306,0.694,"HIGH"
53,"1","N3","T0",0.3098,0.6902,"HIGH"
54,"1","N3","T0",0.307,0.693,"HIGH"
55,"1","N3","T0",0.2955,0.7045,"HIGH"
56,"1","N3","T0",0.3075,0.6925,"HIGH"
57,"1","N3","T0",0.3089,0.6911,"HIGH"
58,"1","N3","T0",0.3254,0.6746,"HIGH"
59,"1","N3","T0",0.3254,0.6746,"HIGH"
60,"1","N3","T0",0.3127,0.6873,"HIGH"
61,"1","N3","T0",0.3187,0.6813,"HIGH"
62,"1","N3","T0",0.337,0.663,"HIGH"
63,"1","N3","T0",0.3448,0.6552,"HIGH"
64,"1","N3","T0",0.3663,0.6337,"HIGH"
65,"1","N3","T0",0.3777,0.6223,"HIGH"
66,"1","N3","T0",0.3592,0.6408,"HIGH"
67,"1","N3","T0",0.3685,0.6315,"HIGH"
68,"1","N3","T0",0.3596,0.6404,"HIGH"
69,"1","N3","T0",0.376,0.624,"HIGH"
70,"1","N3","T0",0.377,0.623,"HIGH"
71,"1","N3","T0",0.3558,0.6442,"HIGH"
72,"1","N3","T0",0.333,0.667,"HIGH"
73,"1","N3","T0",0.3304,0.6696,"HIGH"
74,"1","N3","T0",0.3089,0.6911,"HIGH"
75,"1","N3","T0",0.3362,0.6638,"HIGH"
76,"1","N3","T0",0.3087,0.6913,"HIGH"
77,"1","N3","T0",0.3036,0.6964,"HIGH"
78,"1","N3","T0",0.3026,0.6974,"HIGH"
79,"1","N3","T0",0.3759,0.6241,"HIGH"
80,"1","N3","T0",0.3624,0.6376,"HIGH"
81,"1","N3","T0",0.3493,0.6507,"HIGH"
82,"1","N3","T0",0.3392,0.6608,"HIGH"
83,"1","N3","T0",0.3258,0.6742,"HIGH"
84,"1","N3","T0",0.3208,0.6792,"HIGH"
85,"1","N3","T0",0.3067,0.6933,"HIGH"
86,"1","N3","T0",0.3011,0.6989,"HIGH"
87,"1","N3","T0",0.282,0.718,"HIGH"
88,"1","N3","T0",0.2636,0.7364,"HIGH"
89,"1","N3","T0",0.2598,0.7402,"HIGH"
90,"1","N3","T0",0.2503,0.7497,"HIGH"
91,"1","N3","T0",0.2503,0.7497,"HIGH"
92,"1","N3","T0",0.2503,0.7497,"HIGH"
93,"1","N3","T0",0.2503,0.7497,"HIGH"
94,"1","N3","T0",0.2503,0.7497,"HIGH"
95,"1","N3","T0",0.2503,0.7497,"HIGH"
96,"1","N3","T0",0.2503,0.7497,"HIGH"
97,"1","N3","T0",0.2503,0.7497,"HIGH"
98,"1","N3","T0",0.2503,0.7497,"HIGH"
99,"1","N3","T0",0.2503,0.7497,"HIGH"
0,"2","N3","T0",0.4575,0.5425,"HIGH"
1,"2","N3","T0",0.4575,0.5425,"HIGH"
2,"2","N3","T0",0.4575,0.5425,"HIGH"
3,"2","N3","T0",0.4575,0.5425,"HIGH"
4,"2","N3","T0",0.4575,0.5425,"HIGH"
5,"2","N3","T0",0.4575,0.5425,"HIGH"
6,"2","N3","T0",0.4575,0.5425,"HIGH"
7,"2","N3","T0",0.4575,0.5425,"HIGH"
8,"2","N3","T0",0.4575,0.5425,"HIGH"
9,"2","N3","T0",0.4575,0.5425,"HIGH"
10,"2","N3","T0",0.4575,0.5425,"HIGH"
11,"2","N3","T0",0.4575,0.5425,"HIGH"
12,"2","N3","T0",0.4575,0.5425,"HIGH"
13,"2","N3","T0",0.4575,0.5425,"HIGH"
14,"2","N3","T0",0.4575,0.5425,"HIGH"
15,"2","N3","T0",0.4575,0.5425,"HIGH"
16,"2","N3","T0",0.4575,0.5425,"HIGH"
17,"2","N3","T0",0.4575,0.5425,"HIGH"
18,"2","N3","T0",0.4575,0.5425,"HIGH"
19,"2","N3","T0",0.4575,0.5425,"HIGH"
20,"2","N3","T0",0.4582,0.5418,"HIGH"
21,"2","N3","T0",0.4592,0.5408,"HIGH"
22,"2","N3","T0",0.4637,0.5363,"HIGH"
23,"2","N3","T0",0.4645,0.5355,"HIGH"
24,"2","N3","T0",0.4661,0.5339,"HIGH"
25,"2","N3","T0",0.4661,0.5339,"HIGH"
26,"2","N3","T0",0.4669,0.5331,"HIGH"
27,"2","N3","T0",0.4675,0.5325,"HIGH"
28,"2","N3","T0",0.4675,0.5325,"HIGH"
29,"2","N3","T0",0.4711,0.5289,"HIGH"
30,"2","N3","T0",0.4711,0.5289,"HIGH"
31,"2","N3","T0",0.4726,0.5274,"HIGH"
32,"2","N3","T0",0.4842,0.5158,"HIGH"
33,"2","N3","T0",0.4796,0.5204,"HIGH"
34,"2","N3","T0",0.4748,0.5252,"HIGH"
35,"2","N3","T0",0.4695,0.5305,"HIGH"
36,"2","N3","T0",0.459,0.541,"HIGH"
37,"2","N3","T0",0.4462,0.5538,"HIGH"
38,"2","N3","T0",0.4446,0.5554,"HIGH"
39,"2","N3","T0",0.4655,0.5345,"HIGH"
40,"2","N3","T0",0.4309,0.5691,"HIGH"
41,"2","N3","T0",0.4091,0.5909,"HIGH"
42,"2","N3","T0",0.3665,0.6335,"HIGH"
43,"2","N3","T0",0.3395,0.6605,"HIGH"
44,"2","N3","T0",0.3435,0.6565,"HIGH"
45,"2","N3","T0",0.3423,0.6577,"HIGH"
46,"2","N3","T0",0.3413,0.6587,"HIGH"
47,"2","N3","T0",0.3413,0.6587,"HIGH"
48,"2","N3","T0",0.3333,0.6667,"HIGH"
49,"2","N3","T0",0.3535,0.6465,"HIGH"
50,"2","N3","T0",0.3961,0.6039,"HIGH"
51,"2","N3","T0",0.3893,0.6107,"HIGH"
52,"2","N3","T0",0.4231,0.5769,"HIGH"
53,"2","N3","T0",0.4083,0.5917,"HIGH"
54,"2","N3","T0",0.3938,0.6062,"HIGH"
55,"2","N3","T0",0.385,0.615,"HIGH"
56,"2","N3","T0",0.3935,0.6065,"HIGH"
57,"2","N3","T0",0.4081,0.5919,"HIGH"
58,"2","N3","T0",0.4249,0.5751,"HIGH"
59,"2","N3","T0",0.4341,0.5659,"HIGH"
60,"2","N3","T0",0.459,0.541,"HIGH"
61,"2","N3","T0",0.4378,0.5622,"HIGH"
62,"2","N3","T0",0.4297,0.5703,"HIGH"
63,"2","N3","T0",0.4264,0.5736,"HIGH"
64,"2","N3","T0",0.4405,0.5595,"HIGH"
65,"2","N3","T0",0.4093,0.5907,"HIGH"
66,"2","N3","T0",0.4183,0.5817,"HIGH"
67,"2","N3","T0",0.4143,0.5857,"HIGH"
68,"2","N3","T0",0.4246,0.5754,"HIGH"
69,"2","N3","T0",0.4178,0.5822,"HIGH"
70,"2","N3","T0",0.4114,0.5886,"HIGH"
71,"2","N3","T0",0.3914,0.6086,"HIGH"
72,"2","N3","T0",0.4062,0.5938,"HIGH"
73,"2","N3","T0",0.4169,0.5831,"HIGH"
74,"2","N3","T0",0.4136,0.5864,"HIGH"
75,"2","N3","T0",0.4092,0.5908,"HIGH"
76,"2","N3","T0",0.4167,0.5833,"HIGH"
77,"2","N3","T0",0.4264,0.5736,"HIGH"
78,"2","N3","T0",0.3898,0.6102,"HIGH"
79,"2","N3","T0",0.3977,0.6023,"HIGH"
80,"2","N3","T0",0.3964,0.6036,"HIGH"
81,"2","N3","T0",0.4283,0.5717,"HIGH"
82,"2","N3","T0",0.4547,0.5453,"HIGH"
83,"2","N3","T0",0.4766,0.5234,"HIGH"
84,"2","N3","T0",0.4891,0.5109,"HIGH"
85,"2","N3","T0",0.4831,0.5169,"HIGH"
86,"2","N3","T0",0.4909,0.5091,"HIGH"
87,"2","N3","T0",0.4321,0.5679,"HIGH"
88,"2","N3","T0",0.3874,0.6126,"HIGH"
89,"2","N3","T0",0.3952,0.6048,"HIGH"
90,"2","N3","T0",0.3954,0.6046,"HIGH"
91,"2","N3","T0",0.3954,0.6046,"HIGH"
92,"2","N3","T0",0.3954,0.6046,"HIGH"
93,"2","N3","T0",0.3954,0.6046,"HIGH"
94,"2","N3","T0",0.3954,0.6046,"HIGH"
95,"2","N3","T0",0.3954,0.6046,"HIGH"
96,"2","N3","T0",0.3954,0.6046,"HIGH"
97,"2","N3","T0",0.3954,0.6046,"HIGH"
98,"2","N3","T0",0.3954,0.6046,"HIGH"
99,"2","N3","T0",0.3954,0.6046,"HIGH"
0,"1","Other/Unknown","T0",0.1019,0.8981,"HIGH"
1,"1","Other/Unknown","T0",0.1019,0.8981,"HIGH"
2,"1","Other/Unknown","T0",0.1019,0.8981,"HIGH"
3,"1","Other/Unknown","T0",0.1019,0.8981,"HIGH"
4,"1","Other/Unknown","T0",0.1019,0.8981,"HIGH"
5,"1","Other/Unknown","T0",0.1019,0.8981,"HIGH"
6,"1","Other/Unknown","T0",0.1019,0.8981,"HIGH"
7,"1","Other/Unknown","T0",0.1019,0.8981,"HIGH"
8,"1","Other/Unknown","T0",0.1019,0.8981,"HIGH"
9,"1","Other/Unknown","T0",0.1019,0.8981,"HIGH"
10,"1","Other/Unknown","T0",0.1019,0.8981,"HIGH"
11,"1","Other/Unknown","T0",0.1019,0.8981,"HIGH"
12,"1","Other/Unknown","T0",0.1019,0.8981,"HIGH"
13,"1","Other/Unknown","T0",0.1019,0.8981,"HIGH"
14,"1","Other/Unknown","T0",0.1019,0.8981,"HIGH"
15,"1","Other/Unknown","T0",0.1019,0.8981,"HIGH"
16,"1","Other/Unknown","T0",0.1019,0.8981,"HIGH"
17,"1","Other/Unknown","T0",0.1019,0.8981,"HIGH"
18,"1","Other/Unknown","T0",0.1019,0.8981,"HIGH"
19,"1","Other/Unknown","T0",0.1019,0.8981,"HIGH"
20,"1","Other/Unknown","T0",0.1019,0.8981,"HIGH"
21,"1","Other/Unknown","T0",0.1019,0.8981,"HIGH"
22,"1","Other/Unknown","T0",0.1019,0.8981,"HIGH"
23,"1","Other/Unknown","T0",0.1019,0.8981,"HIGH"
24,"1","Other/Unknown","T0",0.1019,0.8981,"HIGH"
25,"1","Other/Unknown","T0",0.1039,0.8961,"HIGH"
26,"1","Other/Unknown","T0",0.1041,0.8959,"HIGH"
27,"1","Other/Unknown","T0",0.1041,0.8959,"HIGH"
28,"1","Other/Unknown","T0",0.1041,0.8959,"HIGH"
29,"1","Other/Unknown","T0",0.1081,0.8919,"HIGH"
30,"1","Other/Unknown","T0",0.1081,0.8919,"HIGH"
31,"1","Other/Unknown","T0",0.1086,0.8914,"HIGH"
32,"1","Other/Unknown","T0",0.1096,0.8904,"HIGH"
33,"1","Other/Unknown","T0",0.1096,0.8904,"HIGH"
34,"1","Other/Unknown","T0",0.11,0.89,"HIGH"
35,"1","Other/Unknown","T0",0.11,0.89,"HIGH"
36,"1","Other/Unknown","T0",0.11,0.89,"HIGH"
37,"1","Other/Unknown","T0",0.1075,0.8925,"HIGH"
38,"1","Other/Unknown","T0",0.0999,0.9001,"HIGH"
39,"1","Other/Unknown","T0",0.1005,0.8995,"HIGH"
40,"1","Other/Unknown","T0",0.1025,0.8975,"HIGH"
41,"1","Other/Unknown","T0",0.1047,0.8953,"HIGH"
42,"1","Other/Unknown","T0",0.11,0.89,"HIGH"
43,"1","Other/Unknown","T0",0.1039,0.8961,"HIGH"
44,"1","Other/Unknown","T0",0.1083,0.8917,"HIGH"
45,"1","Other/Unknown","T0",0.1068,0.8932,"HIGH"
46,"1","Other/Unknown","T0",0.1046,0.8954,"HIGH"
47,"1","Other/Unknown","T0",0.1051,0.8949,"HIGH"
48,"1","Other/Unknown","T0",0.1038,0.8962,"HIGH"
49,"1","Other/Unknown","T0",0.0991,0.9009,"HIGH"
50,"1","Other/Unknown","T0",0.0908,0.9092,"HIGH"
51,"1","Other/Unknown","T0",0.0986,0.9014,"HIGH"
52,"1","Other/Unknown","T0",0.0985,0.9015,"HIGH"
53,"1","Other/Unknown","T0",0.0985,0.9015,"HIGH"
54,"1","Other/Unknown","T0",0.1014,0.8986,"HIGH"
55,"1","Other/Unknown","T0",0.1177,0.8823,"HIGH"
56,"1","Other/Unknown","T0",0.1911,0.8089,"HIGH"
57,"1","Other/Unknown","T0",0.1617,0.8383,"HIGH"
58,"1","Other/Unknown","T0",0.1377,0.8623,"HIGH"
59,"1","Other/Unknown","T0",0.1349,0.8651,"HIGH"
60,"1","Other/Unknown","T0",0.1315,0.8685,"HIGH"
61,"1","Other/Unknown","T0",0.1781,0.8219,"HIGH"
62,"1","Other/Unknown","T0",0.1315,0.8685,"HIGH"
63,"1","Other/Unknown","T0",0.1318,0.8682,"HIGH"
64,"1","Other/Unknown","T0",0.1169,0.8831,"HIGH"
65,"1","Other/Unknown","T0",0.1108,0.8892,"HIGH"
66,"1","Other/Unknown","T0",0.1152,0.8848,"HIGH"
67,"1","Other/Unknown","T0",0.115,0.885,"HIGH"
68,"1","Other/Unknown","T0",0.1154,0.8846,"HIGH"
69,"1","Other/Unknown","T0",0.1187,0.8813,"HIGH"
70,"1","Other/Unknown","T0",0.1375,0.8625,"HIGH"
71,"1","Other/Unknown","T0",0.1704,0.8296,"HIGH"
72,"1","Other/Unknown","T0",0.1524,0.8476,"HIGH"
73,"1","Other/Unknown","T0",0.1356,0.8644,"HIGH"
74,"1","Other/Unknown","T0",0.1879,0.8121,"HIGH"
75,"1","Other/Unknown","T0",0.1565,0.8435,"HIGH"
76,"1","Other/Unknown","T0",0.125,0.875,"HIGH"
77,"1","Other/Unknown","T0",0.1006,0.8994,"HIGH"
78,"1","Other/Unknown","T0",0.0966,0.9034,"HIGH"
79,"1","Other/Unknown","T0",0.0951,0.9049,"HIGH"
80,"1","Other/Unknown","T0",0.0916,0.9084,"HIGH"
81,"1","Other/Unknown","T0",0.0818,0.9182,"HIGH"
82,"1","Other/Unknown","T0",0.078,0.922,"HIGH"
83,"1","Other/Unknown","T0",0.0768,0.9232,"HIGH"
84,"1","Other/Unknown","T0",0.0758,0.9242,"HIGH"
85,"1","Other/Unknown","T0",0.0786,0.9214,"HIGH"
86,"1","Other/Unknown","T0",0.0735,0.9265,"HIGH"
87,"1","Other/Unknown","T0",0.0734,0.9266,"HIGH"
88,"1","Other/Unknown","T0",0.0819,0.9181,"HIGH"
89,"1","Other/Unknown","T0",0.0968,0.9032,"HIGH"
90,"1","Other/Unknown","T0",0.0827,0.9173,"HIGH"
91,"1","Other/Unknown","T0",0.0827,0.9173,"HIGH"
92,"1","Other/Unknown","T0",0.0827,0.9173,"HIGH"
93,"1","Other/Unknown","T0",0.0827,0.9173,"HIGH"
94,"1","Other/Unknown","T0",0.0827,0.9173,"HIGH"
95,"1","Other/Unknown","T0",0.0827,0.9173,"HIGH"
96,"1","Other/Unknown","T0",0.0827,0.9173,"HIGH"
97,"1","Other/Unknown","T0",0.0827,0.9173,"HIGH"
98,"1","Other/Unknown","T0",0.0827,0.9173,"HIGH"
99,"1","Other/Unknown","T0",0.0827,0.9173,"HIGH"
0,"2","Other/Unknown","T0",0.1782,0.8218,"HIGH"
1,"2","Other/Unknown","T0",0.1782,0.8218,"HIGH"
2,"2","Other/Unknown","T0",0.1782,0.8218,"HIGH"
3,"2","Other/Unknown","T0",0.1782,0.8218,"HIGH"
4,"2","Other/Unknown","T0",0.1782,0.8218,"HIGH"
5,"2","Other/Unknown","T0",0.1782,0.8218,"HIGH"
6,"2","Other/Unknown","T0",0.1782,0.8218,"HIGH"
7,"2","Other/Unknown","T0",0.1782,0.8218,"HIGH"
8,"2","Other/Unknown","T0",0.1782,0.8218,"HIGH"
9,"2","Other/Unknown","T0",0.1782,0.8218,"HIGH"
10,"2","Other/Unknown","T0",0.1782,0.8218,"HIGH"
11,"2","Other/Unknown","T0",0.1782,0.8218,"HIGH"
12,"2","Other/Unknown","T0",0.1782,0.8218,"HIGH"
13,"2","Other/Unknown","T0",0.1782,0.8218,"HIGH"
14,"2","Other/Unknown","T0",0.1782,0.8218,"HIGH"
15,"2","Other/Unknown","T0",0.1782,0.8218,"HIGH"
16,"2","Other/Unknown","T0",0.1782,0.8218,"HIGH"
17,"2","Other/Unknown","T0",0.1782,0.8218,"HIGH"
18,"2","Other/Unknown","T0",0.1782,0.8218,"HIGH"
19,"2","Other/Unknown","T0",0.1782,0.8218,"HIGH"
20,"2","Other/Unknown","T0",0.1782,0.8218,"HIGH"
21,"2","Other/Unknown","T0",0.1782,0.8218,"HIGH"
22,"2","Other/Unknown","T0",0.1782,0.8218,"HIGH"
23,"2","Other/Unknown","T0",0.1782,0.8218,"HIGH"
24,"2","Other/Unknown","T0",0.1782,0.8218,"HIGH"
25,"2","Other/Unknown","T0",0.1782,0.8218,"HIGH"
26,"2","Other/Unknown","T0",0.1782,0.8218,"HIGH"
27,"2","Other/Unknown","T0",0.1782,0.8218,"HIGH"
28,"2","Other/Unknown","T0",0.1782,0.8218,"HIGH"
29,"2","Other/Unknown","T0",0.1788,0.8212,"HIGH"
30,"2","Other/Unknown","T0",0.1788,0.8212,"HIGH"
31,"2","Other/Unknown","T0",0.1788,0.8212,"HIGH"
32,"2","Other/Unknown","T0",0.177,0.823,"HIGH"
33,"2","Other/Unknown","T0",0.1686,0.8314,"HIGH"
34,"2","Other/Unknown","T0",0.1526,0.8474,"HIGH"
35,"2","Other/Unknown","T0",0.1471,0.8529,"HIGH"
36,"2","Other/Unknown","T0",0.1356,0.8644,"HIGH"
37,"2","Other/Unknown","T0",0.1218,0.8782,"HIGH"
38,"2","Other/Unknown","T0",0.1239,0.8761,"HIGH"
39,"2","Other/Unknown","T0",0.1165,0.8835,"HIGH"
40,"2","Other/Unknown","T0",0.1072,0.8928,"HIGH"
41,"2","Other/Unknown","T0",0.1068,0.8932,"HIGH"
42,"2","Other/Unknown","T0",0.1087,0.8913,"HIGH"
43,"2","Other/Unknown","T0",0.1022,0.8978,"HIGH"
44,"2","Other/Unknown","T0",0.1036,0.8964,"HIGH"
45,"2","Other/Unknown","T0",0.1021,0.8979,"HIGH"
46,"2","Other/Unknown","T0",0.082,0.918,"HIGH"
47,"2","Other/Unknown","T0",0.0709,0.9291,"HIGH"
48,"2","Other/Unknown","T0",0.0722,0.9278,"HIGH"
49,"2","Other/Unknown","T0",0.0683,0.9317,"HIGH"
50,"2","Other/Unknown","T0",0.0725,0.9275,"HIGH"
51,"2","Other/Unknown","T0",0.0799,0.9201,"HIGH"
52,"2","Other/Unknown","T0",0.0756,0.9244,"HIGH"
53,"2","Other/Unknown","T0",0.0684,0.9316,"HIGH"
54,"2","Other/Unknown","T0",0.0668,0.9332,"HIGH"
55,"2","Other/Unknown","T0",0.0678,0.9322,"HIGH"
56,"2","Other/Unknown","T0",0.0739,0.9261,"HIGH"
57,"2","Other/Unknown","T0",0.0751,0.9249,"HIGH"
58,"2","Other/Unknown","T0",0.0712,0.9288,"HIGH"
59,"2","Other/Unknown","T0",0.0695,0.9305,"HIGH"
60,"2","Other/Unknown","T0",0.07,0.93,"HIGH"
61,"2","Other/Unknown","T0",0.076,0.924,"HIGH"
62,"2","Other/Unknown","T0",0.0731,0.9269,"HIGH"
63,"2","Other/Unknown","T0",0.073,0.927,"HIGH"
64,"2","Other/Unknown","T0",0.0732,0.9268,"HIGH"
65,"2","Other/Unknown","T0",0.0741,0.9259,"HIGH"
66,"2","Other/Unknown","T0",0.0767,0.9233,"HIGH"
67,"2","Other/Unknown","T0",0.077,0.923,"HIGH"
68,"2","Other/Unknown","T0",0.0799,0.9201,"HIGH"
69,"2","Other/Unknown","T0",0.081,0.919,"HIGH"
70,"2","Other/Unknown","T0",0.094,0.906,"HIGH"
71,"2","Other/Unknown","T0",0.1064,0.8936,"HIGH"
72,"2","Other/Unknown","T0",0.1204,0.8796,"HIGH"
73,"2","Other/Unknown","T0",0.1301,0.8699,"HIGH"
74,"2","Other/Unknown","T0",0.1469,0.8531,"HIGH"
75,"2","Other/Unknown","T0",0.151,0.849,"HIGH"
76,"2","Other/Unknown","T0",0.1102,0.8898,"HIGH"
77,"2","Other/Unknown","T0",0.0933,0.9067,"HIGH"
78,"2","Other/Unknown","T0",0.0864,0.9136,"HIGH"
79,"2","Other/Unknown","T0",0.0819,0.9181,"HIGH"
80,"2","Other/Unknown","T0",0.0799,0.9201,"HIGH"
81,"2","Other/Unknown","T0",0.0744,0.9256,"HIGH"
82,"2","Other/Unknown","T0",0.073,0.927,"HIGH"
83,"2","Other/Unknown","T0",0.0762,0.9238,"HIGH"
84,"2","Other/Unknown","T0",0.0725,0.9275,"HIGH"
85,"2","Other/Unknown","T0",0.0747,0.9253,"HIGH"
86,"2","Other/Unknown","T0",0.0682,0.9318,"HIGH"
87,"2","Other/Unknown","T0",0.0629,0.9371,"HIGH"
88,"2","Other/Unknown","T0",0.0667,0.9333,"HIGH"
89,"2","Other/Unknown","T0",0.0666,0.9334,"HIGH"
90,"2","Other/Unknown","T0",0.0685,0.9315,"HIGH"
91,"2","Other/Unknown","T0",0.0685,0.9315,"HIGH"
92,"2","Other/Unknown","T0",0.0685,0.9315,"HIGH"
93,"2","Other/Unknown","T0",0.0685,0.9315,"HIGH"
94,"2","Other/Unknown","T0",0.0685,0.9315,"HIGH"
95,"2","Other/Unknown","T0",0.0685,0.9315,"HIGH"
96,"2","Other/Unknown","T0",0.0685,0.9315,"HIGH"
97,"2","Other/Unknown","T0",0.0685,0.9315,"HIGH"
98,"2","Other/Unknown","T0",0.0685,0.9315,"HIGH"
99,"2","Other/Unknown","T0",0.0685,0.9315,"HIGH"
0,"1","N0","Other/Unknown",0.1841,0.8159,"HIGH"
1,"1","N0","Other/Unknown",0.1841,0.8159,"HIGH"
2,"1","N0","Other/Unknown",0.1841,0.8159,"HIGH"
3,"1","N0","Other/Unknown",0.1841,0.8159,"HIGH"
4,"1","N0","Other/Unknown",0.1841,0.8159,"HIGH"
5,"1","N0","Other/Unknown",0.1841,0.8159,"HIGH"
6,"1","N0","Other/Unknown",0.1841,0.8159,"HIGH"
7,"1","N0","Other/Unknown",0.1841,0.8159,"HIGH"
8,"1","N0","Other/Unknown",0.1841,0.8159,"HIGH"
9,"1","N0","Other/Unknown",0.1841,0.8159,"HIGH"
10,"1","N0","Other/Unknown",0.1841,0.8159,"HIGH"
11,"1","N0","Other/Unknown",0.1841,0.8159,"HIGH"
12,"1","N0","Other/Unknown",0.1841,0.8159,"HIGH"
13,"1","N0","Other/Unknown",0.1841,0.8159,"HIGH"
14,"1","N0","Other/Unknown",0.1841,0.8159,"HIGH"
15,"1","N0","Other/Unknown",0.1841,0.8159,"HIGH"
16,"1","N0","Other/Unknown",0.1841,0.8159,"HIGH"
17,"1","N0","Other/Unknown",0.1841,0.8159,"HIGH"
18,"1","N0","Other/Unknown",0.1841,0.8159,"HIGH"
19,"1","N0","Other/Unknown",0.1841,0.8159,"HIGH"
20,"1","N0","Other/Unknown",0.1841,0.8159,"HIGH"
21,"1","N0","Other/Unknown",0.1841,0.8159,"HIGH"
22,"1","N0","Other/Unknown",0.1841,0.8159,"HIGH"
23,"1","N0","Other/Unknown",0.1841,0.8159,"HIGH"
24,"1","N0","Other/Unknown",0.1845,0.8155,"HIGH"
25,"1","N0","Other/Unknown",0.1849,0.8151,"HIGH"
26,"1","N0","Other/Unknown",0.1857,0.8143,"HIGH"
27,"1","N0","Other/Unknown",0.1857,0.8143,"HIGH"
28,"1","N0","Other/Unknown",0.1857,0.8143,"HIGH"
29,"1","N0","Other/Unknown",0.1857,0.8143,"HIGH"
30,"1","N0","Other/Unknown",0.1857,0.8143,"HIGH"
31,"1","N0","Other/Unknown",0.1862,0.8138,"HIGH"
32,"1","N0","Other/Unknown",0.1867,0.8133,"HIGH"
33,"1","N0","Other/Unknown",0.1898,0.8102,"HIGH"
34,"1","N0","Other/Unknown",0.1933,0.8067,"HIGH"
35,"1","N0","Other/Unknown",0.2047,0.7953,"HIGH"
36,"1","N0","Other/Unknown",0.2124,0.7876,"HIGH"
37,"1","N0","Other/Unknown",0.2175,0.7825,"HIGH"
38,"1","N0","Other/Unknown",0.2109,0.7891,"HIGH"
39,"1","N0","Other/Unknown",0.2031,0.7969,"HIGH"
40,"1","N0","Other/Unknown",0.2213,0.7787,"HIGH"
41,"1","N0","Other/Unknown",0.2136,0.7864,"HIGH"
42,"1","N0","Other/Unknown",0.2107,0.7893,"HIGH"
43,"1","N0","Other/Unknown",0.2077,0.7923,"HIGH"
44,"1","N0","Other/Unknown",0.2072,0.7928,"HIGH"
45,"1","N0","Other/Unknown",0.2233,0.7767,"HIGH"
46,"1","N0","Other/Unknown",0.2512,0.7488,"HIGH"
47,"1","N0","Other/Unknown",0.2439,0.7561,"HIGH"
48,"1","N0","Other/Unknown",0.2613,0.7387,"HIGH"
49,"1","N0","Other/Unknown",0.2432,0.7568,"HIGH"
50,"1","N0","Other/Unknown",0.2555,0.7445,"HIGH"
51,"1","N0","Other/Unknown",0.242,0.758,"HIGH"
52,"1","N0","Other/Unknown",0.2379,0.7621,"HIGH"
53,"1","N0","Other/Unknown",0.2472,0.7528,"HIGH"
54,"1","N0","Other/Unknown",0.2473,0.7527,"HIGH"
55,"1","N0","Other/Unknown",0.2563,0.7437,"HIGH"
56,"1","N0","Other/Unknown",0.258,0.742,"HIGH"
57,"1","N0","Other/Unknown",0.2583,0.7417,"HIGH"
58,"1","N0","Other/Unknown",0.256,0.744,"HIGH"
59,"1","N0","Other/Unknown",0.2595,0.7405,"HIGH"
60,"1","N0","Other/Unknown",0.2633,0.7367,"HIGH"
61,"1","N0","Other/Unknown",0.2451,0.7549,"HIGH"
62,"1","N0","Other/Unknown",0.2532,0.7468,"HIGH"
63,"1","N0","Other/Unknown",0.2617,0.7383,"HIGH"
64,"1","N0","Other/Unknown",0.2557,0.7443,"HIGH"
65,"1","N0","Other/Unknown",0.2572,0.7428,"HIGH"
66,"1","N0","Other/Unknown",0.2547,0.7453,"HIGH"
67,"1","N0","Other/Unknown",0.2579,0.7421,"HIGH"
68,"1","N0","Other/Unknown",0.2664,0.7336,"HIGH"
69,"1","N0","Other/Unknown",0.2595,0.7405,"HIGH"
70,"1","N0","Other/Unknown",0.2682,0.7318,"HIGH"
71,"1","N0","Other/Unknown",0.2645,0.7355,"HIGH"
72,"1","N0","Other/Unknown",0.259,0.741,"HIGH"
73,"1","N0","Other/Unknown",0.2758,0.7242,"HIGH"
74,"1","N0","Other/Unknown",0.2699,0.7301,"HIGH"
75,"1","N0","Other/Unknown",0.2707,0.7293,"HIGH"
76,"1","N0","Other/Unknown",0.2757,0.7243,"HIGH"
77,"1","N0","Other/Unknown",0.2587,0.7413,"HIGH"
78,"1","N0","Other/Unknown",0.2536,0.7464,"HIGH"
79,"1","N0","Other/Unknown",0.2598,0.7402,"HIGH"
80,"1","N0","Other/Unknown",0.2608,0.7392,"HIGH"
81,"1","N0","Other/Unknown",0.2529,0.7471,"HIGH"
82,"1","N0","Other/Unknown",0.2515,0.7485,"HIGH"
83,"1","N0","Other/Unknown",0.2552,0.7448,"HIGH"
84,"1","N0","Other/Unknown",0.249,0.751,"HIGH"
85,"1","N0","Other/Unknown",0.2741,0.7259,"HIGH"
86,"1","N0","Other/Unknown",0.2473,0.7527,"HIGH"
87,"1","N0","Other/Unknown",0.2374,0.7626,"HIGH"
88,"1","N0","Other/Unknown",0.214,0.786,"HIGH"
89,"1","N0","Other/Unknown",0.2201,0.7799,"HIGH"
90,"1","N0","Other/Unknown",0.2109,0.7891,"HIGH"
91,"1","N0","Other/Unknown",0.2109,0.7891,"HIGH"
92,"1","N0","Other/Unknown",0.2109,0.7891,"HIGH"
93,"1","N0","Other/Unknown",0.2109,0.7891,"HIGH"
94,"1","N0","Other/Unknown",0.2109,0.7891,"HIGH"
95,"1","N0","Other/Unknown",0.2109,0.7891,"HIGH"
96,"1","N0","Other/Unknown",0.2109,0.7891,"HIGH"
97,"1","N0","Other/Unknown",0.2109,0.7891,"HIGH"
98,"1","N0","Other/Unknown",0.2109,0.7891,"HIGH"
99,"1","N0","Other/Unknown",0.2109,0.7891,"HIGH"
0,"2","N0","Other/Unknown",0.2376,0.7624,"HIGH"
1,"2","N0","Other/Unknown",0.2376,0.7624,"HIGH"
2,"2","N0","Other/Unknown",0.2376,0.7624,"HIGH"
3,"2","N0","Other/Unknown",0.2376,0.7624,"HIGH"
4,"2","N0","Other/Unknown",0.2376,0.7624,"HIGH"
5,"2","N0","Other/Unknown",0.2376,0.7624,"HIGH"
6,"2","N0","Other/Unknown",0.2376,0.7624,"HIGH"
7,"2","N0","Other/Unknown",0.2376,0.7624,"HIGH"
8,"2","N0","Other/Unknown",0.2376,0.7624,"HIGH"
9,"2","N0","Other/Unknown",0.2376,0.7624,"HIGH"
10,"2","N0","Other/Unknown",0.2376,0.7624,"HIGH"
11,"2","N0","Other/Unknown",0.2376,0.7624,"HIGH"
12,"2","N0","Other/Unknown",0.2376,0.7624,"HIGH"
13,"2","N0","Other/Unknown",0.2376,0.7624,"HIGH"
14,"2","N0","Other/Unknown",0.2376,0.7624,"HIGH"
15,"2","N0","Other/Unknown",0.2376,0.7624,"HIGH"
16,"2","N0","Other/Unknown",0.2376,0.7624,"HIGH"
17,"2","N0","Other/Unknown",0.2376,0.7624,"HIGH"
18,"2","N0","Other/Unknown",0.2376,0.7624,"HIGH"
19,"2","N0","Other/Unknown",0.2376,0.7624,"HIGH"
20,"2","N0","Other/Unknown",0.2376,0.7624,"HIGH"
21,"2","N0","Other/Unknown",0.2376,0.7624,"HIGH"
22,"2","N0","Other/Unknown",0.2376,0.7624,"HIGH"
23,"2","N0","Other/Unknown",0.2376,0.7624,"HIGH"
24,"2","N0","Other/Unknown",0.2376,0.7624,"HIGH"
25,"2","N0","Other/Unknown",0.2376,0.7624,"HIGH"
26,"2","N0","Other/Unknown",0.2376,0.7624,"HIGH"
27,"2","N0","Other/Unknown",0.2452,0.7548,"HIGH"
28,"2","N0","Other/Unknown",0.2465,0.7535,"HIGH"
29,"2","N0","Other/Unknown",0.2485,0.7515,"HIGH"
30,"2","N0","Other/Unknown",0.2545,0.7455,"HIGH"
31,"2","N0","Other/Unknown",0.2552,0.7448,"HIGH"
32,"2","N0","Other/Unknown",0.2534,0.7466,"HIGH"
33,"2","N0","Other/Unknown",0.252,0.748,"HIGH"
34,"2","N0","Other/Unknown",0.2607,0.7393,"HIGH"
35,"2","N0","Other/Unknown",0.2422,0.7578,"HIGH"
36,"2","N0","Other/Unknown",0.2394,0.7606,"HIGH"
37,"2","N0","Other/Unknown",0.2493,0.7507,"HIGH"
38,"2","N0","Other/Unknown",0.2558,0.7442,"HIGH"
39,"2","N0","Other/Unknown",0.2722,0.7278,"HIGH"
40,"2","N0","Other/Unknown",0.28,0.72,"HIGH"
41,"2","N0","Other/Unknown",0.2915,0.7085,"HIGH"
42,"2","N0","Other/Unknown",0.3009,0.6991,"HIGH"
43,"2","N0","Other/Unknown",0.3237,0.6763,"HIGH"
44,"2","N0","Other/Unknown",0.342,0.658,"HIGH"
45,"2","N0","Other/Unknown",0.339,0.661,"HIGH"
46,"2","N0","Other/Unknown",0.3658,0.6342,"HIGH"
47,"2","N0","Other/Unknown",0.3359,0.6641,"HIGH"
48,"2","N0","Other/Unknown",0.329,0.671,"HIGH"
49,"2","N0","Other/Unknown",0.3423,0.6577,"HIGH"
50,"2","N0","Other/Unknown",0.3313,0.6687,"HIGH"
51,"2","N0","Other/Unknown",0.3515,0.6485,"HIGH"
52,"2","N0","Other/Unknown",0.3247,0.6753,"HIGH"
53,"2","N0","Other/Unknown",0.3241,0.6759,"HIGH"
54,"2","N0","Other/Unknown",0.3367,0.6633,"HIGH"
55,"2","N0","Other/Unknown",0.321,0.679,"HIGH"
56,"2","N0","Other/Unknown",0.3155,0.6845,"HIGH"
57,"2","N0","Other/Unknown",0.3217,0.6783,"HIGH"
58,"2","N0","Other/Unknown",0.3175,0.6825,"HIGH"
59,"2","N0","Other/Unknown",0.3294,0.6706,"HIGH"
60,"2","N0","Other/Unknown",0.328,0.672,"HIGH"
61,"2","N0","Other/Unknown",0.3342,0.6658,"HIGH"
62,"2","N0","Other/Unknown",0.3365,0.6635,"HIGH"
63,"2","N0","Other/Unknown",0.3388,0.6612,"HIGH"
64,"2","N0","Other/Unknown",0.3402,0.6598,"HIGH"
65,"2","N0","Other/Unknown",0.3464,0.6536,"HIGH"
66,"2","N0","Other/Unknown",0.3447,0.6553,"HIGH"
67,"2","N0","Other/Unknown",0.3436,0.6564,"HIGH"
68,"2","N0","Other/Unknown",0.3343,0.6657,"HIGH"
69,"2","N0","Other/Unknown",0.3231,0.6769,"HIGH"
70,"2","N0","Other/Unknown",0.3228,0.6772,"HIGH"
71,"2","N0","Other/Unknown",0.3237,0.6763,"HIGH"
72,"2","N0","Other/Unknown",0.3194,0.6806,"HIGH"
73,"2","N0","Other/Unknown",0.3328,0.6672,"HIGH"
74,"2","N0","Other/Unknown",0.3244,0.6756,"HIGH"
75,"2","N0","Other/Unknown",0.3372,0.6628,"HIGH"
76,"2","N0","Other/Unknown",0.3062,0.6938,"HIGH"
77,"2","N0","Other/Unknown",0.3225,0.6775,"HIGH"
78,"2","N0","Other/Unknown",0.3206,0.6794,"HIGH"
79,"2","N0","Other/Unknown",0.3065,0.6935,"HIGH"
80,"2","N0","Other/Unknown",0.3085,0.6915,"HIGH"
81,"2","N0","Other/Unknown",0.2978,0.7022,"HIGH"
82,"2","N0","Other/Unknown",0.3131,0.6869,"HIGH"
83,"2","N0","Other/Unknown",0.3093,0.6907,"HIGH"
84,"2","N0","Other/Unknown",0.3125,0.6875,"HIGH"
85,"2","N0","Other/Unknown",0.2983,0.7017,"HIGH"
86,"2","N0","Other/Unknown",0.2692,0.7308,"HIGH"
87,"2","N0","Other/Unknown",0.269,0.731,"HIGH"
88,"2","N0","Other/Unknown",0.2463,0.7537,"HIGH"
89,"2","N0","Other/Unknown",0.2656,0.7344,"HIGH"
90,"2","N0","Other/Unknown",0.2914,0.7086,"HIGH"
91,"2","N0","Other/Unknown",0.2914,0.7086,"HIGH"
92,"2","N0","Other/Unknown",0.2914,0.7086,"HIGH"
93,"2","N0","Other/Unknown",0.2914,0.7086,"HIGH"
94,"2","N0","Other/Unknown",0.2914,0.7086,"HIGH"
95,"2","N0","Other/Unknown",0.2914,0.7086,"HIGH"
96,"2","N0","Other/Unknown",0.2914,0.7086,"HIGH"
97,"2","N0","Other/Unknown",0.2914,0.7086,"HIGH"
98,"2","N0","Other/Unknown",0.2914,0.7086,"HIGH"
99,"2","N0","Other/Unknown",0.2914,0.7086,"HIGH"
0,"1","N1","Other/Unknown",0.2324,0.7676,"HIGH"
1,"1","N1","Other/Unknown",0.2324,0.7676,"HIGH"
2,"1","N1","Other/Unknown",0.2324,0.7676,"HIGH"
3,"1","N1","Other/Unknown",0.2324,0.7676,"HIGH"
4,"1","N1","Other/Unknown",0.2324,0.7676,"HIGH"
5,"1","N1","Other/Unknown",0.2324,0.7676,"HIGH"
6,"1","N1","Other/Unknown",0.2324,0.7676,"HIGH"
7,"1","N1","Other/Unknown",0.2324,0.7676,"HIGH"
8,"1","N1","Other/Unknown",0.2324,0.7676,"HIGH"
9,"1","N1","Other/Unknown",0.2324,0.7676,"HIGH"
10,"1","N1","Other/Unknown",0.2324,0.7676,"HIGH"
11,"1","N1","Other/Unknown",0.2324,0.7676,"HIGH"
12,"1","N1","Other/Unknown",0.2324,0.7676,"HIGH"
13,"1","N1","Other/Unknown",0.2324,0.7676,"HIGH"
14,"1","N1","Other/Unknown",0.2324,0.7676,"HIGH"
15,"1","N1","Other/Unknown",0.2324,0.7676,"HIGH"
16,"1","N1","Other/Unknown",0.2324,0.7676,"HIGH"
17,"1","N1","Other/Unknown",0.2324,0.7676,"HIGH"
18,"1","N1","Other/Unknown",0.2324,0.7676,"HIGH"
19,"1","N1","Other/Unknown",0.2324,0.7676,"HIGH"
20,"1","N1","Other/Unknown",0.2324,0.7676,"HIGH"
21,"1","N1","Other/Unknown",0.2324,0.7676,"HIGH"
22,"1","N1","Other/Unknown",0.2324,0.7676,"HIGH"
23,"1","N1","Other/Unknown",0.2324,0.7676,"HIGH"
24,"1","N1","Other/Unknown",0.2324,0.7676,"HIGH"
25,"1","N1","Other/Unknown",0.2324,0.7676,"HIGH"
26,"1","N1","Other/Unknown",0.2324,0.7676,"HIGH"
27,"1","N1","Other/Unknown",0.2324,0.7676,"HIGH"
28,"1","N1","Other/Unknown",0.2324,0.7676,"HIGH"
29,"1","N1","Other/Unknown",0.2324,0.7676,"HIGH"
30,"1","N1","Other/Unknown",0.2324,0.7676,"HIGH"
31,"1","N1","Other/Unknown",0.233,0.767,"HIGH"
32,"1","N1","Other/Unknown",0.233,0.767,"HIGH"
33,"1","N1","Other/Unknown",0.233,0.767,"HIGH"
34,"1","N1","Other/Unknown",0.2377,0.7623,"HIGH"
35,"1","N1","Other/Unknown",0.2409,0.7591,"HIGH"
36,"1","N1","Other/Unknown",0.2508,0.7492,"HIGH"
37,"1","N1","Other/Unknown",0.257,0.743,"HIGH"
38,"1","N1","Other/Unknown",0.2593,0.7407,"HIGH"
39,"1","N1","Other/Unknown",0.2617,0.7383,"HIGH"
40,"1","N1","Other/Unknown",0.2835,0.7165,"HIGH"
41,"1","N1","Other/Unknown",0.3134,0.6866,"HIGH"
42,"1","N1","Other/Unknown",0.3454,0.6546,"HIGH"
43,"1","N1","Other/Unknown",0.3209,0.6791,"HIGH"
44,"1","N1","Other/Unknown",0.3084,0.6916,"HIGH"
45,"1","N1","Other/Unknown",0.3072,0.6928,"HIGH"
46,"1","N1","Other/Unknown",0.3174,0.6826,"HIGH"
47,"1","N1","Other/Unknown",0.3156,0.6844,"HIGH"
48,"1","N1","Other/Unknown",0.3221,0.6779,"HIGH"
49,"1","N1","Other/Unknown",0.3084,0.6916,"HIGH"
50,"1","N1","Other/Unknown",0.3069,0.6931,"HIGH"
51,"1","N1","Other/Unknown",0.2909,0.7091,"HIGH"
52,"1","N1","Other/Unknown",0.3029,0.6971,"HIGH"
53,"1","N1","Other/Unknown",0.3082,0.6918,"HIGH"
54,"1","N1","Other/Unknown",0.2848,0.7152,"HIGH"
55,"1","N1","Other/Unknown",0.2863,0.7137,"HIGH"
56,"1","N1","Other/Unknown",0.2982,0.7018,"HIGH"
57,"1","N1","Other/Unknown",0.2986,0.7014,"HIGH"
58,"1","N1","Other/Unknown",0.2932,0.7068,"HIGH"
59,"1","N1","Other/Unknown",0.293,0.707,"HIGH"
60,"1","N1","Other/Unknown",0.3063,0.6937,"HIGH"
61,"1","N1","Other/Unknown",0.3073,0.6927,"HIGH"
62,"1","N1","Other/Unknown",0.3108,0.6892,"HIGH"
63,"1","N1","Other/Unknown",0.3032,0.6968,"HIGH"
64,"1","N1","Other/Unknown",0.2999,0.7001,"HIGH"
65,"1","N1","Other/Unknown",0.3011,0.6989,"HIGH"
66,"1","N1","Other/Unknown",0.3121,0.6879,"HIGH"
67,"1","N1","Other/Unknown",0.3113,0.6887,"HIGH"
68,"1","N1","Other/Unknown",0.3112,0.6888,"HIGH"
69,"1","N1","Other/Unknown",0.308,0.692,"HIGH"
70,"1","N1","Other/Unknown",0.3167,0.6833,"HIGH"
71,"1","N1","Other/Unknown",0.3201,0.6799,"HIGH"
72,"1","N1","Other/Unknown",0.3131,0.6869,"HIGH"
73,"1","N1","Other/Unknown",0.3072,0.6928,"HIGH"
74,"1","N1","Other/Unknown",0.3091,0.6909,"HIGH"
75,"1","N1","Other/Unknown",0.3153,0.6847,"HIGH"
76,"1","N1","Other/Unknown",0.3043,0.6957,"HIGH"
77,"1","N1","Other/Unknown",0.3052,0.6948,"HIGH"
78,"1","N1","Other/Unknown",0.3019,0.6981,"HIGH"
79,"1","N1","Other/Unknown",0.3026,0.6974,"HIGH"
80,"1","N1","Other/Unknown",0.2977,0.7023,"HIGH"
81,"1","N1","Other/Unknown",0.3023,0.6977,"HIGH"
82,"1","N1","Other/Unknown",0.3092,0.6908,"HIGH"
83,"1","N1","Other/Unknown",0.3142,0.6858,"HIGH"
84,"1","N1","Other/Unknown",0.3073,0.6927,"HIGH"
85,"1","N1","Other/Unknown",0.3186,0.6814,"HIGH"
86,"1","N1","Other/Unknown",0.3414,0.6586,"HIGH"
87,"1","N1","Other/Unknown",0.3442,0.6558,"HIGH"
88,"1","N1","Other/Unknown",0.3281,0.6719,"HIGH"
89,"1","N1","Other/Unknown",0.343,0.657,"HIGH"
90,"1","N1","Other/Unknown",0.3364,0.6636,"HIGH"
91,"1","N1","Other/Unknown",0.3364,0.6636,"HIGH"
92,"1","N1","Other/Unknown",0.3364,0.6636,"HIGH"
93,"1","N1","Other/Unknown",0.3364,0.6636,"HIGH"
94,"1","N1","Other/Unknown",0.3364,0.6636,"HIGH"
95,"1","N1","Other/Unknown",0.3364,0.6636,"HIGH"
96,"1","N1","Other/Unknown",0.3364,0.6636,"HIGH"
97,"1","N1","Other/Unknown",0.3364,0.6636,"HIGH"
98,"1","N1","Other/Unknown",0.3364,0.6636,"HIGH"
99,"1","N1","Other/Unknown",0.3364,0.6636,"HIGH"
0,"2","N1","Other/Unknown",0.2529,0.7471,"HIGH"
1,"2","N1","Other/Unknown",0.2529,0.7471,"HIGH"
2,"2","N1","Other/Unknown",0.2529,0.7471,"HIGH"
3,"2","N1","Other/Unknown",0.2529,0.7471,"HIGH"
4,"2","N1","Other/Unknown",0.2529,0.7471,"HIGH"
5,"2","N1","Other/Unknown",0.2529,0.7471,"HIGH"
6,"2","N1","Other/Unknown",0.2529,0.7471,"HIGH"
7,"2","N1","Other/Unknown",0.2529,0.7471,"HIGH"
8,"2","N1","Other/Unknown",0.2529,0.7471,"HIGH"
9,"2","N1","Other/Unknown",0.2529,0.7471,"HIGH"
10,"2","N1","Other/Unknown",0.2529,0.7471,"HIGH"
11,"2","N1","Other/Unknown",0.2529,0.7471,"HIGH"
12,"2","N1","Other/Unknown",0.2529,0.7471,"HIGH"
13,"2","N1","Other/Unknown",0.2529,0.7471,"HIGH"
14,"2","N1","Other/Unknown",0.2529,0.7471,"HIGH"
15,"2","N1","Other/Unknown",0.2529,0.7471,"HIGH"
16,"2","N1","Other/Unknown",0.2529,0.7471,"HIGH"
17,"2","N1","Other/Unknown",0.2529,0.7471,"HIGH"
18,"2","N1","Other/Unknown",0.2529,0.7471,"HIGH"
19,"2","N1","Other/Unknown",0.2529,0.7471,"HIGH"
20,"2","N1","Other/Unknown",0.2529,0.7471,"HIGH"
21,"2","N1","Other/Unknown",0.2529,0.7471,"HIGH"
22,"2","N1","Other/Unknown",0.2529,0.7471,"HIGH"
23,"2","N1","Other/Unknown",0.2529,0.7471,"HIGH"
24,"2","N1","Other/Unknown",0.2529,0.7471,"HIGH"
25,"2","N1","Other/Unknown",0.2529,0.7471,"HIGH"
26,"2","N1","Other/Unknown",0.2529,0.7471,"HIGH"
27,"2","N1","Other/Unknown",0.2562,0.7438,"HIGH"
28,"2","N1","Other/Unknown",0.2569,0.7431,"HIGH"
29,"2","N1","Other/Unknown",0.2576,0.7424,"HIGH"
30,"2","N1","Other/Unknown",0.2603,0.7397,"HIGH"
31,"2","N1","Other/Unknown",0.261,0.739,"HIGH"
32,"2","N1","Other/Unknown",0.2573,0.7427,"HIGH"
33,"2","N1","Other/Unknown",0.2558,0.7442,"HIGH"
34,"2","N1","Other/Unknown",0.2682,0.7318,"HIGH"
35,"2","N1","Other/Unknown",0.2783,0.7217,"HIGH"
36,"2","N1","Other/Unknown",0.2852,0.7148,"HIGH"
37,"2","N1","Other/Unknown",0.2937,0.7063,"HIGH"
38,"2","N1","Other/Unknown",0.3012,0.6988,"HIGH"
39,"2","N1","Other/Unknown",0.3129,0.6871,"HIGH"
40,"2","N1","Other/Unknown",0.3215,0.6785,"HIGH"
41,"2","N1","Other/Unknown",0.3452,0.6548,"HIGH"
42,"2","N1","Other/Unknown",0.384,0.616,"HIGH"
43,"2","N1","Other/Unknown",0.3559,0.6441,"HIGH"
44,"2","N1","Other/Unknown",0.3413,0.6587,"HIGH"
45,"2","N1","Other/Unknown",0.3576,0.6424,"HIGH"
46,"2","N1","Other/Unknown",0.3511,0.6489,"HIGH"
47,"2","N1","Other/Unknown",0.3443,0.6557,"HIGH"
48,"2","N1","Other/Unknown",0.3373,0.6627,"HIGH"
49,"2","N1","Other/Unknown",0.3302,0.6698,"HIGH"
50,"2","N1","Other/Unknown",0.3687,0.6313,"HIGH"
51,"2","N1","Other/Unknown",0.3347,0.6653,"HIGH"
52,"2","N1","Other/Unknown",0.3506,0.6494,"HIGH"
53,"2","N1","Other/Unknown",0.3421,0.6579,"HIGH"
54,"2","N1","Other/Unknown",0.3608,0.6392,"HIGH"
55,"2","N1","Other/Unknown",0.3672,0.6328,"HIGH"
56,"2","N1","Other/Unknown",0.3815,0.6185,"HIGH"
57,"2","N1","Other/Unknown",0.3771,0.6229,"HIGH"
58,"2","N1","Other/Unknown",0.3685,0.6315,"HIGH"
59,"2","N1","Other/Unknown",0.3766,0.6234,"HIGH"
60,"2","N1","Other/Unknown",0.3664,0.6336,"HIGH"
61,"2","N1","Other/Unknown",0.3662,0.6338,"HIGH"
62,"2","N1","Other/Unknown",0.3601,0.6399,"HIGH"
63,"2","N1","Other/Unknown",0.3556,0.6444,"HIGH"
64,"2","N1","Other/Unknown",0.3664,0.6336,"HIGH"
65,"2","N1","Other/Unknown",0.3625,0.6375,"HIGH"
66,"2","N1","Other/Unknown",0.3687,0.6313,"HIGH"
67,"2","N1","Other/Unknown",0.3581,0.6419,"HIGH"
68,"2","N1","Other/Unknown",0.3701,0.6299,"HIGH"
69,"2","N1","Other/Unknown",0.3722,0.6278,"HIGH"
70,"2","N1","Other/Unknown",0.3596,0.6404,"HIGH"
71,"2","N1","Other/Unknown",0.3578,0.6422,"HIGH"
72,"2","N1","Other/Unknown",0.3567,0.6433,"HIGH"
73,"2","N1","Other/Unknown",0.3677,0.6323,"HIGH"
74,"2","N1","Other/Unknown",0.3546,0.6454,"HIGH"
75,"2","N1","Other/Unknown",0.3481,0.6519,"HIGH"
76,"2","N1","Other/Unknown",0.3526,0.6474,"HIGH"
77,"2","N1","Other/Unknown",0.3478,0.6522,"HIGH"
78,"2","N1","Other/Unknown",0.3219,0.6781,"HIGH"
79,"2","N1","Other/Unknown",0.3064,0.6936,"HIGH"
80,"2","N1","Other/Unknown",0.3124,0.6876,"HIGH"
81,"2","N1","Other/Unknown",0.3083,0.6917,"HIGH"
82,"2","N1","Other/Unknown",0.2938,0.7062,"HIGH"
83,"2","N1","Other/Unknown",0.291,0.709,"HIGH"
84,"2","N1","Other/Unknown",0.2929,0.7071,"HIGH"
85,"2","N1","Other/Unknown",0.2938,0.7062,"HIGH"
86,"2","N1","Other/Unknown",0.2905,0.7095,"HIGH"
87,"2","N1","Other/Unknown",0.2767,0.7233,"HIGH"
88,"2","N1","Other/Unknown",0.2496,0.7504,"HIGH"
89,"2","N1","Other/Unknown",0.2331,0.7669,"HIGH"
90,"2","N1","Other/Unknown",0.2247,0.7753,"HIGH"
91,"2","N1","Other/Unknown",0.2247,0.7753,"HIGH"
92,"2","N1","Other/Unknown",0.2247,0.7753,"HIGH"
93,"2","N1","Other/Unknown",0.2247,0.7753,"HIGH"
94,"2","N1","Other/Unknown",0.2247,0.7753,"HIGH"
95,"2","N1","Other/Unknown",0.2247,0.7753,"HIGH"
96,"2","N1","Other/Unknown",0.2247,0.7753,"HIGH"
97,"2","N1","Other/Unknown",0.2247,0.7753,"HIGH"
98,"2","N1","Other/Unknown",0.2247,0.7753,"HIGH"
99,"2","N1","Other/Unknown",0.2247,0.7753,"HIGH"
0,"1","N2","Other/Unknown",0.2004,0.7996,"HIGH"
1,"1","N2","Other/Unknown",0.2004,0.7996,"HIGH"
2,"1","N2","Other/Unknown",0.2004,0.7996,"HIGH"
3,"1","N2","Other/Unknown",0.2004,0.7996,"HIGH"
4,"1","N2","Other/Unknown",0.2004,0.7996,"HIGH"
5,"1","N2","Other/Unknown",0.2004,0.7996,"HIGH"
6,"1","N2","Other/Unknown",0.2004,0.7996,"HIGH"
7,"1","N2","Other/Unknown",0.2004,0.7996,"HIGH"
8,"1","N2","Other/Unknown",0.2004,0.7996,"HIGH"
9,"1","N2","Other/Unknown",0.2004,0.7996,"HIGH"
10,"1","N2","Other/Unknown",0.2004,0.7996,"HIGH"
11,"1","N2","Other/Unknown",0.2004,0.7996,"HIGH"
12,"1","N2","Other/Unknown",0.2004,0.7996,"HIGH"
13,"1","N2","Other/Unknown",0.2004,0.7996,"HIGH"
14,"1","N2","Other/Unknown",0.2004,0.7996,"HIGH"
15,"1","N2","Other/Unknown",0.2004,0.7996,"HIGH"
16,"1","N2","Other/Unknown",0.2004,0.7996,"HIGH"
17,"1","N2","Other/Unknown",0.2004,0.7996,"HIGH"
18,"1","N2","Other/Unknown",0.2004,0.7996,"HIGH"
19,"1","N2","Other/Unknown",0.2004,0.7996,"HIGH"
20,"1","N2","Other/Unknown",0.2004,0.7996,"HIGH"
21,"1","N2","Other/Unknown",0.2004,0.7996,"HIGH"
22,"1","N2","Other/Unknown",0.2004,0.7996,"HIGH"
23,"1","N2","Other/Unknown",0.2004,0.7996,"HIGH"
24,"1","N2","Other/Unknown",0.2008,0.7992,"HIGH"
25,"1","N2","Other/Unknown",0.2018,0.7982,"HIGH"
26,"1","N2","Other/Unknown",0.2023,0.7977,"HIGH"
27,"1","N2","Other/Unknown",0.2023,0.7977,"HIGH"
28,"1","N2","Other/Unknown",0.2027,0.7973,"HIGH"
29,"1","N2","Other/Unknown",0.2027,0.7973,"HIGH"
30,"1","N2","Other/Unknown",0.2032,0.7968,"HIGH"
31,"1","N2","Other/Unknown",0.2017,0.7983,"HIGH"
32,"1","N2","Other/Unknown",0.2017,0.7983,"HIGH"
33,"1","N2","Other/Unknown",0.2017,0.7983,"HIGH"
34,"1","N2","Other/Unknown",0.2135,0.7865,"HIGH"
35,"1","N2","Other/Unknown",0.2448,0.7552,"HIGH"
36,"1","N2","Other/Unknown",0.2762,0.7238,"HIGH"
37,"1","N2","Other/Unknown",0.2839,0.7161,"HIGH"
38,"1","N2","Other/Unknown",0.2847,0.7153,"HIGH"
39,"1","N2","Other/Unknown",0.2519,0.7481,"HIGH"
40,"1","N2","Other/Unknown",0.2656,0.7344,"HIGH"
41,"1","N2","Other/Unknown",0.2713,0.7287,"HIGH"
42,"1","N2","Other/Unknown",0.2373,0.7627,"HIGH"
43,"1","N2","Other/Unknown",0.2224,0.7776,"HIGH"
44,"1","N2","Other/Unknown",0.2465,0.7535,"HIGH"
45,"1","N2","Other/Unknown",0.2384,0.7616,"HIGH"
46,"1","N2","Other/Unknown",0.2241,0.7759,"HIGH"
47,"1","N2","Other/Unknown",0.23,0.77,"HIGH"
48,"1","N2","Other/Unknown",0.2284,0.7716,"HIGH"
49,"1","N2","Other/Unknown",0.2329,0.7671,"HIGH"
50,"1","N2","Other/Unknown",0.2363,0.7637,"HIGH"
51,"1","N2","Other/Unknown",0.2325,0.7675,"HIGH"
52,"1","N2","Other/Unknown",0.2331,0.7669,"HIGH"
53,"1","N2","Other/Unknown",0.2313,0.7687,"HIGH"
54,"1","N2","Other/Unknown",0.2332,0.7668,"HIGH"
55,"1","N2","Other/Unknown",0.237,0.763,"HIGH"
56,"1","N2","Other/Unknown",0.2357,0.7643,"HIGH"
57,"1","N2","Other/Unknown",0.2355,0.7645,"HIGH"
58,"1","N2","Other/Unknown",0.2377,0.7623,"HIGH"
59,"1","N2","Other/Unknown",0.2367,0.7633,"HIGH"
60,"1","N2","Other/Unknown",0.2386,0.7614,"HIGH"
61,"1","N2","Other/Unknown",0.2377,0.7623,"HIGH"
62,"1","N2","Other/Unknown",0.239,0.761,"HIGH"
63,"1","N2","Other/Unknown",0.2405,0.7595,"HIGH"
64,"1","N2","Other/Unknown",0.2435,0.7565,"HIGH"
65,"1","N2","Other/Unknown",0.2469,0.7531,"HIGH"
66,"1","N2","Other/Unknown",0.245,0.755,"HIGH"
67,"1","N2","Other/Unknown",0.241,0.759,"HIGH"
68,"1","N2","Other/Unknown",0.2403,0.7597,"HIGH"
69,"1","N2","Other/Unknown",0.2381,0.7619,"HIGH"
70,"1","N2","Other/Unknown",0.2373,0.7627,"HIGH"
71,"1","N2","Other/Unknown",0.2389,0.7611,"HIGH"
72,"1","N2","Other/Unknown",0.2404,0.7596,"HIGH"
73,"1","N2","Other/Unknown",0.2401,0.7599,"HIGH"
74,"1","N2","Other/Unknown",0.2394,0.7606,"HIGH"
75,"1","N2","Other/Unknown",0.2383,0.7617,"HIGH"
76,"1","N2","Other/Unknown",0.2374,0.7626,"HIGH"
77,"1","N2","Other/Unknown",0.2376,0.7624,"HIGH"
78,"1","N2","Other/Unknown",0.2368,0.7632,"HIGH"
79,"1","N2","Other/Unknown",0.2346,0.7654,"HIGH"
80,"1","N2","Other/Unknown",0.2325,0.7675,"HIGH"
81,"1","N2","Other/Unknown",0.2314,0.7686,"HIGH"
82,"1","N2","Other/Unknown",0.2359,0.7641,"HIGH"
83,"1","N2","Other/Unknown",0.2275,0.7725,"HIGH"
84,"1","N2","Other/Unknown",0.2403,0.7597,"HIGH"
85,"1","N2","Other/Unknown",0.2333,0.7667,"HIGH"
86,"1","N2","Other/Unknown",0.2388,0.7612,"HIGH"
87,"1","N2","Other/Unknown",0.2429,0.7571,"HIGH"
88,"1","N2","Other/Unknown",0.239,0.761,"HIGH"
89,"1","N2","Other/Unknown",0.2291,0.7709,"HIGH"
90,"1","N2","Other/Unknown",0.2084,0.7916,"HIGH"
91,"1","N2","Other/Unknown",0.2084,0.7916,"HIGH"
92,"1","N2","Other/Unknown",0.2084,0.7916,"HIGH"
93,"1","N2","Other/Unknown",0.2084,0.7916,"HIGH"
94,"1","N2","Other/Unknown",0.2084,0.7916,"HIGH"
95,"1","N2","Other/Unknown",0.2084,0.7916,"HIGH"
96,"1","N2","Other/Unknown",0.2084,0.7916,"HIGH"
97,"1","N2","Other/Unknown",0.2084,0.7916,"HIGH"
98,"1","N2","Other/Unknown",0.2084,0.7916,"HIGH"
99,"1","N2","Other/Unknown",0.2084,0.7916,"HIGH"
0,"2","N2","Other/Unknown",0.274,0.726,"HIGH"
1,"2","N2","Other/Unknown",0.274,0.726,"HIGH"
2,"2","N2","Other/Unknown",0.274,0.726,"HIGH"
3,"2","N2","Other/Unknown",0.274,0.726,"HIGH"
4,"2","N2","Other/Unknown",0.274,0.726,"HIGH"
5,"2","N2","Other/Unknown",0.274,0.726,"HIGH"
6,"2","N2","Other/Unknown",0.274,0.726,"HIGH"
7,"2","N2","Other/Unknown",0.274,0.726,"HIGH"
8,"2","N2","Other/Unknown",0.274,0.726,"HIGH"
9,"2","N2","Other/Unknown",0.274,0.726,"HIGH"
10,"2","N2","Other/Unknown",0.274,0.726,"HIGH"
11,"2","N2","Other/Unknown",0.274,0.726,"HIGH"
12,"2","N2","Other/Unknown",0.274,0.726,"HIGH"
13,"2","N2","Other/Unknown",0.274,0.726,"HIGH"
14,"2","N2","Other/Unknown",0.274,0.726,"HIGH"
15,"2","N2","Other/Unknown",0.274,0.726,"HIGH"
16,"2","N2","Other/Unknown",0.274,0.726,"HIGH"
17,"2","N2","Other/Unknown",0.274,0.726,"HIGH"
18,"2","N2","Other/Unknown",0.274,0.726,"HIGH"
19,"2","N2","Other/Unknown",0.274,0.726,"HIGH"
20,"2","N2","Other/Unknown",0.274,0.726,"HIGH"
21,"2","N2","Other/Unknown",0.276,0.724,"HIGH"
22,"2","N2","Other/Unknown",0.276,0.724,"HIGH"
23,"2","N2","Other/Unknown",0.276,0.724,"HIGH"
24,"2","N2","Other/Unknown",0.276,0.724,"HIGH"
25,"2","N2","Other/Unknown",0.276,0.724,"HIGH"
26,"2","N2","Other/Unknown",0.276,0.724,"HIGH"
27,"2","N2","Other/Unknown",0.2883,0.7117,"HIGH"
28,"2","N2","Other/Unknown",0.303,0.697,"HIGH"
29,"2","N2","Other/Unknown",0.3202,0.6798,"HIGH"
30,"2","N2","Other/Unknown",0.3386,0.6614,"HIGH"
31,"2","N2","Other/Unknown",0.3493,0.6507,"HIGH"
32,"2","N2","Other/Unknown",0.3525,0.6475,"HIGH"
33,"2","N2","Other/Unknown",0.3544,0.6456,"HIGH"
34,"2","N2","Other/Unknown",0.3825,0.6175,"HIGH"
35,"2","N2","Other/Unknown",0.3317,0.6683,"HIGH"
36,"2","N2","Other/Unknown",0.2938,0.7062,"HIGH"
37,"2","N2","Other/Unknown",0.269,0.731,"HIGH"
38,"2","N2","Other/Unknown",0.2684,0.7316,"HIGH"
39,"2","N2","Other/Unknown",0.2836,0.7164,"HIGH"
40,"2","N2","Other/Unknown",0.3053,0.6947,"HIGH"
41,"2","N2","Other/Unknown",0.3344,0.6656,"HIGH"
42,"2","N2","Other/Unknown",0.356,0.644,"HIGH"
43,"2","N2","Other/Unknown",0.3602,0.6398,"HIGH"
44,"2","N2","Other/Unknown",0.3365,0.6635,"HIGH"
45,"2","N2","Other/Unknown",0.3273,0.6727,"HIGH"
46,"2","N2","Other/Unknown",0.327,0.673,"HIGH"
47,"2","N2","Other/Unknown",0.3325,0.6675,"HIGH"
48,"2","N2","Other/Unknown",0.3101,0.6899,"HIGH"
49,"2","N2","Other/Unknown",0.3185,0.6815,"HIGH"
50,"2","N2","Other/Unknown",0.3101,0.6899,"HIGH"
51,"2","N2","Other/Unknown",0.31,0.69,"HIGH"
52,"2","N2","Other/Unknown",0.3068,0.6932,"HIGH"
53,"2","N2","Other/Unknown",0.3105,0.6895,"HIGH"
54,"2","N2","Other/Unknown",0.3151,0.6849,"HIGH"
55,"2","N2","Other/Unknown",0.3139,0.6861,"HIGH"
56,"2","N2","Other/Unknown",0.3174,0.6826,"HIGH"
57,"2","N2","Other/Unknown",0.3148,0.6852,"HIGH"
58,"2","N2","Other/Unknown",0.3108,0.6892,"HIGH"
59,"2","N2","Other/Unknown",0.318,0.682,"HIGH"
60,"2","N2","Other/Unknown",0.3153,0.6847,"HIGH"
61,"2","N2","Other/Unknown",0.3173,0.6827,"HIGH"
62,"2","N2","Other/Unknown",0.3182,0.6818,"HIGH"
63,"2","N2","Other/Unknown",0.3157,0.6843,"HIGH"
64,"2","N2","Other/Unknown",0.3178,0.6822,"HIGH"
65,"2","N2","Other/Unknown",0.3177,0.6823,"HIGH"
66,"2","N2","Other/Unknown",0.3153,0.6847,"HIGH"
67,"2","N2","Other/Unknown",0.3183,0.6817,"HIGH"
68,"2","N2","Other/Unknown",0.3196,0.6804,"HIGH"
69,"2","N2","Other/Unknown",0.3159,0.6841,"HIGH"
70,"2","N2","Other/Unknown",0.3147,0.6853,"HIGH"
71,"2","N2","Other/Unknown",0.3119,0.6881,"HIGH"
72,"2","N2","Other/Unknown",0.3147,0.6853,"HIGH"
73,"2","N2","Other/Unknown",0.3147,0.6853,"HIGH"
74,"2","N2","Other/Unknown",0.3091,0.6909,"HIGH"
75,"2","N2","Other/Unknown",0.3077,0.6923,"HIGH"
76,"2","N2","Other/Unknown",0.3,0.7,"HIGH"
77,"2","N2","Other/Unknown",0.3128,0.6872,"HIGH"
78,"2","N2","Other/Unknown",0.3081,0.6919,"HIGH"
79,"2","N2","Other/Unknown",0.3062,0.6938,"HIGH"
80,"2","N2","Other/Unknown",0.2987,0.7013,"HIGH"
81,"2","N2","Other/Unknown",0.302,0.698,"HIGH"
82,"2","N2","Other/Unknown",0.3021,0.6979,"HIGH"
83,"2","N2","Other/Unknown",0.3102,0.6898,"HIGH"
84,"2","N2","Other/Unknown",0.2993,0.7007,"HIGH"
85,"2","N2","Other/Unknown",0.3043,0.6957,"HIGH"
86,"2","N2","Other/Unknown",0.304,0.696,"HIGH"
87,"2","N2","Other/Unknown",0.2988,0.7012,"HIGH"
88,"2","N2","Other/Unknown",0.3021,0.6979,"HIGH"
89,"2","N2","Other/Unknown",0.284,0.716,"HIGH"
90,"2","N2","Other/Unknown",0.304,0.696,"HIGH"
91,"2","N2","Other/Unknown",0.304,0.696,"HIGH"
92,"2","N2","Other/Unknown",0.304,0.696,"HIGH"
93,"2","N2","Other/Unknown",0.304,0.696,"HIGH"
94,"2","N2","Other/Unknown",0.304,0.696,"HIGH"
95,"2","N2","Other/Unknown",0.304,0.696,"HIGH"
96,"2","N2","Other/Unknown",0.304,0.696,"HIGH"
97,"2","N2","Other/Unknown",0.304,0.696,"HIGH"
98,"2","N2","Other/Unknown",0.304,0.696,"HIGH"
99,"2","N2","Other/Unknown",0.304,0.696,"HIGH"
0,"1","N3","Other/Unknown",0.1528,0.8472,"HIGH"
1,"1","N3","Other/Unknown",0.1528,0.8472,"HIGH"
2,"1","N3","Other/Unknown",0.1528,0.8472,"HIGH"
3,"1","N3","Other/Unknown",0.1528,0.8472,"HIGH"
4,"1","N3","Other/Unknown",0.1528,0.8472,"HIGH"
5,"1","N3","Other/Unknown",0.1528,0.8472,"HIGH"
6,"1","N3","Other/Unknown",0.1528,0.8472,"HIGH"
7,"1","N3","Other/Unknown",0.1528,0.8472,"HIGH"
8,"1","N3","Other/Unknown",0.1528,0.8472,"HIGH"
9,"1","N3","Other/Unknown",0.1528,0.8472,"HIGH"
10,"1","N3","Other/Unknown",0.1528,0.8472,"HIGH"
11,"1","N3","Other/Unknown",0.1528,0.8472,"HIGH"
12,"1","N3","Other/Unknown",0.1528,0.8472,"HIGH"
13,"1","N3","Other/Unknown",0.1528,0.8472,"HIGH"
14,"1","N3","Other/Unknown",0.1528,0.8472,"HIGH"
15,"1","N3","Other/Unknown",0.1528,0.8472,"HIGH"
16,"1","N3","Other/Unknown",0.1528,0.8472,"HIGH"
17,"1","N3","Other/Unknown",0.1528,0.8472,"HIGH"
18,"1","N3","Other/Unknown",0.1528,0.8472,"HIGH"
19,"1","N3","Other/Unknown",0.1528,0.8472,"HIGH"
20,"1","N3","Other/Unknown",0.1528,0.8472,"HIGH"
21,"1","N3","Other/Unknown",0.1528,0.8472,"HIGH"
22,"1","N3","Other/Unknown",0.1548,0.8452,"HIGH"
23,"1","N3","Other/Unknown",0.1548,0.8452,"HIGH"
24,"1","N3","Other/Unknown",0.1552,0.8448,"HIGH"
25,"1","N3","Other/Unknown",0.1557,0.8443,"HIGH"
26,"1","N3","Other/Unknown",0.1557,0.8443,"HIGH"
27,"1","N3","Other/Unknown",0.1557,0.8443,"HIGH"
28,"1","N3","Other/Unknown",0.1561,0.8439,"HIGH"
29,"1","N3","Other/Unknown",0.1561,0.8439,"HIGH"
30,"1","N3","Other/Unknown",0.1561,0.8439,"HIGH"
31,"1","N3","Other/Unknown",0.1565,0.8435,"HIGH"
32,"1","N3","Other/Unknown",0.157,0.843,"HIGH"
33,"1","N3","Other/Unknown",0.1611,0.8389,"HIGH"
34,"1","N3","Other/Unknown",0.1636,0.8364,"HIGH"
35,"1","N3","Other/Unknown",0.1716,0.8284,"HIGH"
36,"1","N3","Other/Unknown",0.1726,0.8274,"HIGH"
37,"1","N3","Other/Unknown",0.185,0.815,"HIGH"
38,"1","N3","Other/Unknown",0.1864,0.8136,"HIGH"
39,"1","N3","Other/Unknown",0.1968,0.8032,"HIGH"
40,"1","N3","Other/Unknown",0.2379,0.7621,"HIGH"
41,"1","N3","Other/Unknown",0.2067,0.7933,"HIGH"
42,"1","N3","Other/Unknown",0.2046,0.7954,"HIGH"
43,"1","N3","Other/Unknown",0.2099,0.7901,"HIGH"
44,"1","N3","Other/Unknown",0.2338,0.7662,"HIGH"
45,"1","N3","Other/Unknown",0.2484,0.7516,"HIGH"
46,"1","N3","Other/Unknown",0.2428,0.7572,"HIGH"
47,"1","N3","Other/Unknown",0.2259,0.7741,"HIGH"
48,"1","N3","Other/Unknown",0.2317,0.7683,"HIGH"
49,"1","N3","Other/Unknown",0.2352,0.7648,"HIGH"
50,"1","N3","Other/Unknown",0.2113,0.7887,"HIGH"
51,"1","N3","Other/Unknown",0.2136,0.7864,"HIGH"
52,"1","N3","Other/Unknown",0.2083,0.7917,"HIGH"
53,"1","N3","Other/Unknown",0.2059,0.7941,"HIGH"
54,"1","N3","Other/Unknown",0.2039,0.7961,"HIGH"
55,"1","N3","Other/Unknown",0.209,0.791,"HIGH"
56,"1","N3","Other/Unknown",0.2076,0.7924,"HIGH"
57,"1","N3","Other/Unknown",0.2148,0.7852,"HIGH"
58,"1","N3","Other/Unknown",0.2155,0.7845,"HIGH"
59,"1","N3","Other/Unknown",0.22,0.78,"HIGH"
60,"1","N3","Other/Unknown",0.212,0.788,"HIGH"
61,"1","N3","Other/Unknown",0.2182,0.7818,"HIGH"
62,"1","N3","Other/Unknown",0.2233,0.7767,"HIGH"
63,"1","N3","Other/Unknown",0.2201,0.7799,"HIGH"
64,"1","N3","Other/Unknown",0.2165,0.7835,"HIGH"
65,"1","N3","Other/Unknown",0.215,0.785,"HIGH"
66,"1","N3","Other/Unknown",0.2083,0.7917,"HIGH"
67,"1","N3","Other/Unknown",0.2088,0.7912,"HIGH"
68,"1","N3","Other/Unknown",0.2085,0.7915,"HIGH"
69,"1","N3","Other/Unknown",0.2074,0.7926,"HIGH"
70,"1","N3","Other/Unknown",0.2136,0.7864,"HIGH"
71,"1","N3","Other/Unknown",0.2108,0.7892,"HIGH"
72,"1","N3","Other/Unknown",0.2106,0.7894,"HIGH"
73,"1","N3","Other/Unknown",0.2107,0.7893,"HIGH"
74,"1","N3","Other/Unknown",0.2164,0.7836,"HIGH"
75,"1","N3","Other/Unknown",0.2147,0.7853,"HIGH"
76,"1","N3","Other/Unknown",0.2177,0.7823,"HIGH"
77,"1","N3","Other/Unknown",0.2095,0.7905,"HIGH"
78,"1","N3","Other/Unknown",0.2141,0.7859,"HIGH"
79,"1","N3","Other/Unknown",0.2,0.8,"HIGH"
80,"1","N3","Other/Unknown",0.2041,0.7959,"HIGH"
81,"1","N3","Other/Unknown",0.208,0.792,"HIGH"
82,"1","N3","Other/Unknown",0.2059,0.7941,"HIGH"
83,"1","N3","Other/Unknown",0.2087,0.7913,"HIGH"
84,"1","N3","Other/Unknown",0.2096,0.7904,"HIGH"
85,"1","N3","Other/Unknown",0.2094,0.7906,"HIGH"
86,"1","N3","Other/Unknown",0.2084,0.7916,"HIGH"
87,"1","N3","Other/Unknown",0.1907,0.8093,"HIGH"
88,"1","N3","Other/Unknown",0.1807,0.8193,"HIGH"
89,"1","N3","Other/Unknown",0.2008,0.7992,"HIGH"
90,"1","N3","Other/Unknown",0.1922,0.8078,"HIGH"
91,"1","N3","Other/Unknown",0.1922,0.8078,"HIGH"
92,"1","N3","Other/Unknown",0.1922,0.8078,"HIGH"
93,"1","N3","Other/Unknown",0.1922,0.8078,"HIGH"
94,"1","N3","Other/Unknown",0.1922,0.8078,"HIGH"
95,"1","N3","Other/Unknown",0.1922,0.8078,"HIGH"
96,"1","N3","Other/Unknown",0.1922,0.8078,"HIGH"
97,"1","N3","Other/Unknown",0.1922,0.8078,"HIGH"
98,"1","N3","Other/Unknown",0.1922,0.8078,"HIGH"
99,"1","N3","Other/Unknown",0.1922,0.8078,"HIGH"
0,"2","N3","Other/Unknown",0.2963,0.7037,"HIGH"
1,"2","N3","Other/Unknown",0.2963,0.7037,"HIGH"
2,"2","N3","Other/Unknown",0.2963,0.7037,"HIGH"
3,"2","N3","Other/Unknown",0.2963,0.7037,"HIGH"
4,"2","N3","Other/Unknown",0.2963,0.7037,"HIGH"
5,"2","N3","Other/Unknown",0.2963,0.7037,"HIGH"
6,"2","N3","Other/Unknown",0.2963,0.7037,"HIGH"
7,"2","N3","Other/Unknown",0.2963,0.7037,"HIGH"
8,"2","N3","Other/Unknown",0.2963,0.7037,"HIGH"
9,"2","N3","Other/Unknown",0.2963,0.7037,"HIGH"
10,"2","N3","Other/Unknown",0.2963,0.7037,"HIGH"
11,"2","N3","Other/Unknown",0.2963,0.7037,"HIGH"
12,"2","N3","Other/Unknown",0.2963,0.7037,"HIGH"
13,"2","N3","Other/Unknown",0.2963,0.7037,"HIGH"
14,"2","N3","Other/Unknown",0.2963,0.7037,"HIGH"
15,"2","N3","Other/Unknown",0.2963,0.7037,"HIGH"
16,"2","N3","Other/Unknown",0.2963,0.7037,"HIGH"
17,"2","N3","Other/Unknown",0.2963,0.7037,"HIGH"
18,"2","N3","Other/Unknown",0.2963,0.7037,"HIGH"
19,"2","N3","Other/Unknown",0.2963,0.7037,"HIGH"
20,"2","N3","Other/Unknown",0.2963,0.7037,"HIGH"
21,"2","N3","Other/Unknown",0.2973,0.7027,"HIGH"
22,"2","N3","Other/Unknown",0.2983,0.7017,"HIGH"
23,"2","N3","Other/Unknown",0.2983,0.7017,"HIGH"
24,"2","N3","Other/Unknown",0.2999,0.7001,"HIGH"
25,"2","N3","Other/Unknown",0.2999,0.7001,"HIGH"
26,"2","N3","Other/Unknown",0.2999,0.7001,"HIGH"
27,"2","N3","Other/Unknown",0.3039,0.6961,"HIGH"
28,"2","N3","Other/Unknown",0.3045,0.6955,"HIGH"
29,"2","N3","Other/Unknown",0.3057,0.6943,"HIGH"
30,"2","N3","Other/Unknown",0.3064,0.6936,"HIGH"
31,"2","N3","Other/Unknown",0.307,0.693,"HIGH"
32,"2","N3","Other/Unknown",0.314,0.686,"HIGH"
33,"2","N3","Other/Unknown",0.3147,0.6853,"HIGH"
34,"2","N3","Other/Unknown",0.3185,0.6815,"HIGH"
35,"2","N3","Other/Unknown",0.3034,0.6966,"HIGH"
36,"2","N3","Other/Unknown",0.3024,0.6976,"HIGH"
37,"2","N3","Other/Unknown",0.3042,0.6958,"HIGH"
38,"2","N3","Other/Unknown",0.3062,0.6938,"HIGH"
39,"2","N3","Other/Unknown",0.3561,0.6439,"HIGH"
40,"2","N3","Other/Unknown",0.3864,0.6136,"HIGH"
41,"2","N3","Other/Unknown",0.3589,0.6411,"HIGH"
42,"2","N3","Other/Unknown",0.3131,0.6869,"HIGH"
43,"2","N3","Other/Unknown",0.2997,0.7003,"HIGH"
44,"2","N3","Other/Unknown",0.308,0.692,"HIGH"
45,"2","N3","Other/Unknown",0.2825,0.7175,"HIGH"
46,"2","N3","Other/Unknown",0.2803,0.7197,"HIGH"
47,"2","N3","Other/Unknown",0.2924,0.7076,"HIGH"
48,"2","N3","Other/Unknown",0.3011,0.6989,"HIGH"
49,"2","N3","Other/Unknown",0.3132,0.6868,"HIGH"
50,"2","N3","Other/Unknown",0.3059,0.6941,"HIGH"
51,"2","N3","Other/Unknown",0.309,0.691,"HIGH"
52,"2","N3","Other/Unknown",0.2967,0.7033,"HIGH"
53,"2","N3","Other/Unknown",0.2941,0.7059,"HIGH"
54,"2","N3","Other/Unknown",0.3048,0.6952,"HIGH"
55,"2","N3","Other/Unknown",0.3023,0.6977,"HIGH"
56,"2","N3","Other/Unknown",0.3035,0.6965,"HIGH"
57,"2","N3","Other/Unknown",0.2993,0.7007,"HIGH"
58,"2","N3","Other/Unknown",0.298,0.702,"HIGH"
59,"2","N3","Other/Unknown",0.3047,0.6953,"HIGH"
60,"2","N3","Other/Unknown",0.3198,0.6802,"HIGH"
61,"2","N3","Other/Unknown",0.313,0.687,"HIGH"
62,"2","N3","Other/Unknown",0.3089,0.6911,"HIGH"
63,"2","N3","Other/Unknown",0.3138,0.6862,"HIGH"
64,"2","N3","Other/Unknown",0.3101,0.6899,"HIGH"
65,"2","N3","Other/Unknown",0.3032,0.6968,"HIGH"
66,"2","N3","Other/Unknown",0.3006,0.6994,"HIGH"
67,"2","N3","Other/Unknown",0.3048,0.6952,"HIGH"
68,"2","N3","Other/Unknown",0.2962,0.7038,"HIGH"
69,"2","N3","Other/Unknown",0.2913,0.7087,"HIGH"
70,"2","N3","Other/Unknown",0.2951,0.7049,"HIGH"
71,"2","N3","Other/Unknown",0.2911,0.7089,"HIGH"
72,"2","N3","Other/Unknown",0.2967,0.7033,"HIGH"
73,"2","N3","Other/Unknown",0.3017,0.6983,"HIGH"
74,"2","N3","Other/Unknown",0.2931,0.7069,"HIGH"
75,"2","N3","Other/Unknown",0.2915,0.7085,"HIGH"
76,"2","N3","Other/Unknown",0.2896,0.7104,"HIGH"
77,"2","N3","Other/Unknown",0.2955,0.7045,"HIGH"
78,"2","N3","Other/Unknown",0.3083,0.6917,"HIGH"
79,"2","N3","Other/Unknown",0.3084,0.6916,"HIGH"
80,"2","N3","Other/Unknown",0.3107,0.6893,"HIGH"
81,"2","N3","Other/Unknown",0.3125,0.6875,"HIGH"
82,"2","N3","Other/Unknown",0.3199,0.6801,"HIGH"
83,"2","N3","Other/Unknown",0.3095,0.6905,"HIGH"
84,"2","N3","Other/Unknown",0.3333,0.6667,"HIGH"
85,"2","N3","Other/Unknown",0.3274,0.6726,"HIGH"
86,"2","N3","Other/Unknown",0.3347,0.6653,"HIGH"
87,"2","N3","Other/Unknown",0.341,0.659,"HIGH"
88,"2","N3","Other/Unknown",0.3287,0.6713,"HIGH"
89,"2","N3","Other/Unknown",0.3652,0.6348,"HIGH"
90,"2","N3","Other/Unknown",0.348,0.652,"HIGH"
91,"2","N3","Other/Unknown",0.348,0.652,"HIGH"
92,"2","N3","Other/Unknown",0.348,0.652,"HIGH"
93,"2","N3","Other/Unknown",0.348,0.652,"HIGH"
94,"2","N3","Other/Unknown",0.348,0.652,"HIGH"
95,"2","N3","Other/Unknown",0.348,0.652,"HIGH"
96,"2","N3","Other/Unknown",0.348,0.652,"HIGH"
97,"2","N3","Other/Unknown",0.348,0.652,"HIGH"
98,"2","N3","Other/Unknown",0.348,0.652,"HIGH"
99,"2","N3","Other/Unknown",0.348,0.652,"HIGH"
0,"1","Other/Unknown","Other/Unknown",0.1861,0.8139,"HIGH"
1,"1","Other/Unknown","Other/Unknown",0.1861,0.8139,"HIGH"
2,"1","Other/Unknown","Other/Unknown",0.1861,0.8139,"HIGH"
3,"1","Other/Unknown","Other/Unknown",0.1861,0.8139,"HIGH"
4,"1","Other/Unknown","Other/Unknown",0.1861,0.8139,"HIGH"
5,"1","Other/Unknown","Other/Unknown",0.1861,0.8139,"HIGH"
6,"1","Other/Unknown","Other/Unknown",0.1861,0.8139,"HIGH"
7,"1","Other/Unknown","Other/Unknown",0.1861,0.8139,"HIGH"
8,"1","Other/Unknown","Other/Unknown",0.1861,0.8139,"HIGH"
9,"1","Other/Unknown","Other/Unknown",0.1861,0.8139,"HIGH"
10,"1","Other/Unknown","Other/Unknown",0.1861,0.8139,"HIGH"
11,"1","Other/Unknown","Other/Unknown",0.1861,0.8139,"HIGH"
12,"1","Other/Unknown","Other/Unknown",0.1861,0.8139,"HIGH"
13,"1","Other/Unknown","Other/Unknown",0.1861,0.8139,"HIGH"
14,"1","Other/Unknown","Other/Unknown",0.1861,0.8139,"HIGH"
15,"1","Other/Unknown","Other/Unknown",0.1861,0.8139,"HIGH"
16,"1","Other/Unknown","Other/Unknown",0.1861,0.8139,"HIGH"
17,"1","Other/Unknown","Other/Unknown",0.1861,0.8139,"HIGH"
18,"1","Other/Unknown","Other/Unknown",0.1861,0.8139,"HIGH"
19,"1","Other/Unknown","Other/Unknown",0.1861,0.8139,"HIGH"
20,"1","Other/Unknown","Other/Unknown",0.1861,0.8139,"HIGH"
21,"1","Other/Unknown","Other/Unknown",0.1861,0.8139,"HIGH"
22,"1","Other/Unknown","Other/Unknown",0.1861,0.8139,"HIGH"
23,"1","Other/Unknown","Other/Unknown",0.1861,0.8139,"HIGH"
24,"1","Other/Unknown","Other/Unknown",0.1942,0.8058,"HIGH"
25,"1","Other/Unknown","Other/Unknown",0.204,0.796,"HIGH"
26,"1","Other/Unknown","Other/Unknown",0.2103,0.7897,"HIGH"
27,"1","Other/Unknown","Other/Unknown",0.2196,0.7804,"HIGH"
28,"1","Other/Unknown","Other/Unknown",0.2211,0.7789,"HIGH"
29,"1","Other/Unknown","Other/Unknown",0.228,0.772,"HIGH"
30,"1","Other/Unknown","Other/Unknown",0.2308,0.7692,"HIGH"
31,"1","Other/Unknown","Other/Unknown",0.2343,0.7657,"HIGH"
32,"1","Other/Unknown","Other/Unknown",0.2322,0.7678,"HIGH"
33,"1","Other/Unknown","Other/Unknown",0.232,0.768,"HIGH"
34,"1","Other/Unknown","Other/Unknown",0.2417,0.7583,"HIGH"
35,"1","Other/Unknown","Other/Unknown",0.2501,0.7499,"HIGH"
36,"1","Other/Unknown","Other/Unknown",0.255,0.745,"HIGH"
37,"1","Other/Unknown","Other/Unknown",0.2601,0.7399,"HIGH"
38,"1","Other/Unknown","Other/Unknown",0.1961,0.8039,"HIGH"
39,"1","Other/Unknown","Other/Unknown",0.1927,0.8073,"HIGH"
40,"1","Other/Unknown","Other/Unknown",0.2022,0.7978,"HIGH"
41,"1","Other/Unknown","Other/Unknown",0.2112,0.7888,"HIGH"
42,"1","Other/Unknown","Other/Unknown",0.2179,0.7821,"HIGH"
43,"1","Other/Unknown","Other/Unknown",0.2181,0.7819,"HIGH"
44,"1","Other/Unknown","Other/Unknown",0.2204,0.7796,"HIGH"
45,"1","Other/Unknown","Other/Unknown",0.2136,0.7864,"HIGH"
46,"1","Other/Unknown","Other/Unknown",0.2123,0.7877,"HIGH"
47,"1","Other/Unknown","Other/Unknown",0.2057,0.7943,"HIGH"
48,"1","Other/Unknown","Other/Unknown",0.2091,0.7909,"HIGH"
49,"1","Other/Unknown","Other/Unknown",0.2118,0.7882,"HIGH"
50,"1","Other/Unknown","Other/Unknown",0.2167,0.7833,"HIGH"
51,"1","Other/Unknown","Other/Unknown",0.215,0.785,"HIGH"
52,"1","Other/Unknown","Other/Unknown",0.2186,0.7814,"HIGH"
53,"1","Other/Unknown","Other/Unknown",0.2134,0.7866,"HIGH"
54,"1","Other/Unknown","Other/Unknown",0.2177,0.7823,"HIGH"
55,"1","Other/Unknown","Other/Unknown",0.2126,0.7874,"HIGH"
56,"1","Other/Unknown","Other/Unknown",0.2118,0.7882,"HIGH"
57,"1","Other/Unknown","Other/Unknown",0.2095,0.7905,"HIGH"
58,"1","Other/Unknown","Other/Unknown",0.2107,0.7893,"HIGH"
59,"1","Other/Unknown","Other/Unknown",0.2132,0.7868,"HIGH"
60,"1","Other/Unknown","Other/Unknown",0.2157,0.7843,"HIGH"
61,"1","Other/Unknown","Other/Unknown",0.2137,0.7863,"HIGH"
62,"1","Other/Unknown","Other/Unknown",0.217,0.783,"HIGH"
63,"1","Other/Unknown","Other/Unknown",0.2193,0.7807,"HIGH"
64,"1","Other/Unknown","Other/Unknown",0.2173,0.7827,"HIGH"
65,"1","Other/Unknown","Other/Unknown",0.2195,0.7805,"HIGH"
66,"1","Other/Unknown","Other/Unknown",0.2209,0.7791,"HIGH"
67,"1","Other/Unknown","Other/Unknown",0.2226,0.7774,"HIGH"
68,"1","Other/Unknown","Other/Unknown",0.2228,0.7772,"HIGH"
69,"1","Other/Unknown","Other/Unknown",0.2229,0.7771,"HIGH"
70,"1","Other/Unknown","Other/Unknown",0.2266,0.7734,"HIGH"
71,"1","Other/Unknown","Other/Unknown",0.2277,0.7723,"HIGH"
72,"1","Other/Unknown","Other/Unknown",0.2244,0.7756,"HIGH"
73,"1","Other/Unknown","Other/Unknown",0.2255,0.7745,"HIGH"
74,"1","Other/Unknown","Other/Unknown",0.2245,0.7755,"HIGH"
75,"1","Other/Unknown","Other/Unknown",0.2226,0.7774,"HIGH"
76,"1","Other/Unknown","Other/Unknown",0.2198,0.7802,"HIGH"
77,"1","Other/Unknown","Other/Unknown",0.2204,0.7796,"HIGH"
78,"1","Other/Unknown","Other/Unknown",0.2199,0.7801,"HIGH"
79,"1","Other/Unknown","Other/Unknown",0.2212,0.7788,"HIGH"
80,"1","Other/Unknown","Other/Unknown",0.2158,0.7842,"HIGH"
81,"1","Other/Unknown","Other/Unknown",0.2123,0.7877,"HIGH"
82,"1","Other/Unknown","Other/Unknown",0.2131,0.7869,"HIGH"
83,"1","Other/Unknown","Other/Unknown",0.2126,0.7874,"HIGH"
84,"1","Other/Unknown","Other/Unknown",0.2134,0.7866,"HIGH"
85,"1","Other/Unknown","Other/Unknown",0.2197,0.7803,"HIGH"
86,"1","Other/Unknown","Other/Unknown",0.212,0.788,"HIGH"
87,"1","Other/Unknown","Other/Unknown",0.2154,0.7846,"HIGH"
88,"1","Other/Unknown","Other/Unknown",0.2174,0.7826,"HIGH"
89,"1","Other/Unknown","Other/Unknown",0.2033,0.7967,"HIGH"
90,"1","Other/Unknown","Other/Unknown",0.2015,0.7985,"HIGH"
91,"1","Other/Unknown","Other/Unknown",0.2015,0.7985,"HIGH"
92,"1","Other/Unknown","Other/Unknown",0.2015,0.7985,"HIGH"
93,"1","Other/Unknown","Other/Unknown",0.2015,0.7985,"HIGH"
94,"1","Other/Unknown","Other/Unknown",0.2015,0.7985,"HIGH"
95,"1","Other/Unknown","Other/Unknown",0.2015,0.7985,"HIGH"
96,"1","Other/Unknown","Other/Unknown",0.2015,0.7985,"HIGH"
97,"1","Other/Unknown","Other/Unknown",0.2015,0.7985,"HIGH"
98,"1","Other/Unknown","Other/Unknown",0.2015,0.7985,"HIGH"
99,"1","Other/Unknown","Other/Unknown",0.2015,0.7985,"HIGH"
0,"2","Other/Unknown","Other/Unknown",0.3523,0.6477,"HIGH"
1,"2","Other/Unknown","Other/Unknown",0.3523,0.6477,"HIGH"
2,"2","Other/Unknown","Other/Unknown",0.3523,0.6477,"HIGH"
3,"2","Other/Unknown","Other/Unknown",0.3523,0.6477,"HIGH"
4,"2","Other/Unknown","Other/Unknown",0.3523,0.6477,"HIGH"
5,"2","Other/Unknown","Other/Unknown",0.3523,0.6477,"HIGH"
6,"2","Other/Unknown","Other/Unknown",0.3523,0.6477,"HIGH"
7,"2","Other/Unknown","Other/Unknown",0.3523,0.6477,"HIGH"
8,"2","Other/Unknown","Other/Unknown",0.3523,0.6477,"HIGH"
9,"2","Other/Unknown","Other/Unknown",0.3523,0.6477,"HIGH"
10,"2","Other/Unknown","Other/Unknown",0.3523,0.6477,"HIGH"
11,"2","Other/Unknown","Other/Unknown",0.3523,0.6477,"HIGH"
12,"2","Other/Unknown","Other/Unknown",0.3523,0.6477,"HIGH"
13,"2","Other/Unknown","Other/Unknown",0.3523,0.6477,"HIGH"
14,"2","Other/Unknown","Other/Unknown",0.3523,0.6477,"HIGH"
15,"2","Other/Unknown","Other/Unknown",0.3523,0.6477,"HIGH"
16,"2","Other/Unknown","Other/Unknown",0.3523,0.6477,"HIGH"
17,"2","Other/Unknown","Other/Unknown",0.3523,0.6477,"HIGH"
18,"2","Other/Unknown","Other/Unknown",0.3523,0.6477,"HIGH"
19,"2","Other/Unknown","Other/Unknown",0.3523,0.6477,"HIGH"
20,"2","Other/Unknown","Other/Unknown",0.3523,0.6477,"HIGH"
21,"2","Other/Unknown","Other/Unknown",0.3523,0.6477,"HIGH"
22,"2","Other/Unknown","Other/Unknown",0.3523,0.6477,"HIGH"
23,"2","Other/Unknown","Other/Unknown",0.3523,0.6477,"HIGH"
24,"2","Other/Unknown","Other/Unknown",0.3553,0.6447,"HIGH"
25,"2","Other/Unknown","Other/Unknown",0.3553,0.6447,"HIGH"
26,"2","Other/Unknown","Other/Unknown",0.3568,0.6432,"HIGH"
27,"2","Other/Unknown","Other/Unknown",0.3608,0.6392,"HIGH"
28,"2","Other/Unknown","Other/Unknown",0.3614,0.6386,"HIGH"
29,"2","Other/Unknown","Other/Unknown",0.3636,0.6364,"HIGH"
30,"2","Other/Unknown","Other/Unknown",0.3662,0.6338,"HIGH"
31,"2","Other/Unknown","Other/Unknown",0.3662,0.6338,"HIGH"
32,"2","Other/Unknown","Other/Unknown",0.3209,0.6791,"HIGH"
33,"2","Other/Unknown","Other/Unknown",0.2913,0.7087,"HIGH"
34,"2","Other/Unknown","Other/Unknown",0.2817,0.7183,"HIGH"
35,"2","Other/Unknown","Other/Unknown",0.2714,0.7286,"HIGH"
36,"2","Other/Unknown","Other/Unknown",0.2603,0.7397,"HIGH"
37,"2","Other/Unknown","Other/Unknown",0.2508,0.7492,"HIGH"
38,"2","Other/Unknown","Other/Unknown",0.287,0.713,"HIGH"
39,"2","Other/Unknown","Other/Unknown",0.2631,0.7369,"HIGH"
40,"2","Other/Unknown","Other/Unknown",0.2448,0.7552,"HIGH"
41,"2","Other/Unknown","Other/Unknown",0.2482,0.7518,"HIGH"
42,"2","Other/Unknown","Other/Unknown",0.2663,0.7337,"HIGH"
43,"2","Other/Unknown","Other/Unknown",0.2698,0.7302,"HIGH"
44,"2","Other/Unknown","Other/Unknown",0.3047,0.6953,"HIGH"
45,"2","Other/Unknown","Other/Unknown",0.2838,0.7162,"HIGH"
46,"2","Other/Unknown","Other/Unknown",0.286,0.714,"HIGH"
47,"2","Other/Unknown","Other/Unknown",0.2829,0.7171,"HIGH"
48,"2","Other/Unknown","Other/Unknown",0.2773,0.7227,"HIGH"
49,"2","Other/Unknown","Other/Unknown",0.2699,0.7301,"HIGH"
50,"2","Other/Unknown","Other/Unknown",0.2705,0.7295,"HIGH"
51,"2","Other/Unknown","Other/Unknown",0.2618,0.7382,"HIGH"
52,"2","Other/Unknown","Other/Unknown",0.2599,0.7401,"HIGH"
53,"2","Other/Unknown","Other/Unknown",0.2604,0.7396,"HIGH"
54,"2","Other/Unknown","Other/Unknown",0.2629,0.7371,"HIGH"
55,"2","Other/Unknown","Other/Unknown",0.2605,0.7395,"HIGH"
56,"2","Other/Unknown","Other/Unknown",0.2603,0.7397,"HIGH"
57,"2","Other/Unknown","Other/Unknown",0.2607,0.7393,"HIGH"
58,"2","Other/Unknown","Other/Unknown",0.2583,0.7417,"HIGH"
59,"2","Other/Unknown","Other/Unknown",0.2573,0.7427,"HIGH"
60,"2","Other/Unknown","Other/Unknown",0.2621,0.7379,"HIGH"
61,"2","Other/Unknown","Other/Unknown",0.26,0.74,"HIGH"
62,"2","Other/Unknown","Other/Unknown",0.2618,0.7382,"HIGH"
63,"2","Other/Unknown","Other/Unknown",0.2641,0.7359,"HIGH"
64,"2","Other/Unknown","Other/Unknown",0.2645,0.7355,"HIGH"
65,"2","Other/Unknown","Other/Unknown",0.2646,0.7354,"HIGH"
66,"2","Other/Unknown","Other/Unknown",0.2669,0.7331,"HIGH"
67,"2","Other/Unknown","Other/Unknown",0.2653,0.7347,"HIGH"
68,"2","Other/Unknown","Other/Unknown",0.2671,0.7329,"HIGH"
69,"2","Other/Unknown","Other/Unknown",0.2663,0.7337,"HIGH"
70,"2","Other/Unknown","Other/Unknown",0.2672,0.7328,"HIGH"
71,"2","Other/Unknown","Other/Unknown",0.2694,0.7306,"HIGH"
72,"2","Other/Unknown","Other/Unknown",0.2671,0.7329,"HIGH"
73,"2","Other/Unknown","Other/Unknown",0.2677,0.7323,"HIGH"
74,"2","Other/Unknown","Other/Unknown",0.2688,0.7312,"HIGH"
75,"2","Other/Unknown","Other/Unknown",0.2659,0.7341,"HIGH"
76,"2","Other/Unknown","Other/Unknown",0.2663,0.7337,"HIGH"
77,"2","Other/Unknown","Other/Unknown",0.2636,0.7364,"HIGH"
78,"2","Other/Unknown","Other/Unknown",0.2624,0.7376,"HIGH"
79,"2","Other/Unknown","Other/Unknown",0.2654,0.7346,"HIGH"
80,"2","Other/Unknown","Other/Unknown",0.2641,0.7359,"HIGH"
81,"2","Other/Unknown","Other/Unknown",0.2644,0.7356,"HIGH"
82,"2","Other/Unknown","Other/Unknown",0.2625,0.7375,"HIGH"
83,"2","Other/Unknown","Other/Unknown",0.2633,0.7367,"HIGH"
84,"2","Other/Unknown","Other/Unknown",0.2636,0.7364,"HIGH"
85,"2","Other/Unknown","Other/Unknown",0.2636,0.7364,"HIGH"
86,"2","Other/Unknown","Other/Unknown",0.2653,0.7347,"HIGH"
87,"2","Other/Unknown","Other/Unknown",0.2587,0.7413,"HIGH"
88,"2","Other/Unknown","Other/Unknown",0.2737,0.7263,"HIGH"
89,"2","Other/Unknown","Other/Unknown",0.2684,0.7316,"HIGH"
90,"2","Other/Unknown","Other/Unknown",0.2525,0.7475,"HIGH"
91,"2","Other/Unknown","Other/Unknown",0.2525,0.7475,"HIGH"
92,"2","Other/Unknown","Other/Unknown",0.2525,0.7475,"HIGH"
93,"2","Other/Unknown","Other/Unknown",0.2525,0.7475,"HIGH"
94,"2","Other/Unknown","Other/Unknown",0.2525,0.7475,"HIGH"
95,"2","Other/Unknown","Other/Unknown",0.2525,0.7475,"HIGH"
96,"2","Other/Unknown","Other/Unknown",0.2525,0.7475,"HIGH"
97,"2","Other/Unknown","Other/Unknown",0.2525,0.7475,"HIGH"
98,"2","Other/Unknown","Other/Unknown",0.2525,0.7475,"HIGH"
99,"2","Other/Unknown","Other/Unknown",0.2525,0.7475,"HIGH"
0,"1","N0","T1",0.5444,0.4556,"LOW"
1,"1","N0","T1",0.5444,0.4556,"LOW"
2,"1","N0","T1",0.5444,0.4556,"LOW"
3,"1","N0","T1",0.5444,0.4556,"LOW"
4,"1","N0","T1",0.5444,0.4556,"LOW"
5,"1","N0","T1",0.5444,0.4556,"LOW"
6,"1","N0","T1",0.5444,0.4556,"LOW"
7,"1","N0","T1",0.5444,0.4556,"LOW"
8,"1","N0","T1",0.5444,0.4556,"LOW"
9,"1","N0","T1",0.5444,0.4556,"LOW"
10,"1","N0","T1",0.5444,0.4556,"LOW"
11,"1","N0","T1",0.5444,0.4556,"LOW"
12,"1","N0","T1",0.5444,0.4556,"LOW"
13,"1","N0","T1",0.5444,0.4556,"LOW"
14,"1","N0","T1",0.5444,0.4556,"LOW"
15,"1","N0","T1",0.5444,0.4556,"LOW"
16,"1","N0","T1",0.5444,0.4556,"LOW"
17,"1","N0","T1",0.5444,0.4556,"LOW"
18,"1","N0","T1",0.5444,0.4556,"LOW"
19,"1","N0","T1",0.5444,0.4556,"LOW"
20,"1","N0","T1",0.5444,0.4556,"LOW"
21,"1","N0","T1",0.5444,0.4556,"LOW"
22,"1","N0","T1",0.5379,0.4621,"LOW"
23,"1","N0","T1",0.5359,0.4641,"LOW"
24,"1","N0","T1",0.5299,0.4701,"LOW"
25,"1","N0","T1",0.5259,0.4741,"LOW"
26,"1","N0","T1",0.5189,0.4811,"LOW"
27,"1","N0","T1",0.5163,0.4837,"LOW"
28,"1","N0","T1",0.5249,0.4751,"LOW"
29,"1","N0","T1",0.5418,0.4582,"LOW"
30,"1","N0","T1",0.5488,0.4512,"LOW"
31,"1","N0","T1",0.5589,0.4411,"LOW"
32,"1","N0","T1",0.5677,0.4323,"LOW"
33,"1","N0","T1",0.5771,0.4229,"LOW"
34,"1","N0","T1",0.5877,0.4123,"LOW"
35,"1","N0","T1",0.6129,0.3871,"LOW"
36,"1","N0","T1",0.6192,0.3808,"LOW"
37,"1","N0","T1",0.6269,0.3731,"LOW"
38,"1","N0","T1",0.6375,0.3625,"LOW"
39,"1","N0","T1",0.6483,0.3517,"LOW"
40,"1","N0","T1",0.7089,0.2911,"LOW"
41,"1","N0","T1",0.7288,0.2712,"LOW"
42,"1","N0","T1",0.7454,0.2546,"LOW"
43,"1","N0","T1",0.738,0.262,"LOW"
44,"1","N0","T1",0.72,0.28,"LOW"
45,"1","N0","T1",0.7226,0.2774,"LOW"
46,"1","N0","T1",0.7467,0.2533,"LOW"
47,"1","N0","T1",0.7391,0.2609,"LOW"
48,"1","N0","T1",0.7302,0.2698,"LOW"
49,"1","N0","T1",0.74,0.26,"LOW"
50,"1","N0","T1",0.7331,0.2669,"LOW"
51,"1","N0","T1",0.7322,0.2678,"LOW"
52,"1","N0","T1",0.7304,0.2696,"LOW"
53,"1","N0","T1",0.7216,0.2784,"LOW"
54,"1","N0","T1",0.7233,0.2767,"LOW"
55,"1","N0","T1",0.721,0.279,"LOW"
56,"1","N0","T1",0.7269,0.2731,"LOW"
57,"1","N0","T1",0.7312,0.2688,"LOW"
58,"1","N0","T1",0.7227,0.2773,"LOW"
59,"1","N0","T1",0.7265,0.2735,"LOW"
60,"1","N0","T1",0.7312,0.2688,"LOW"
61,"1","N0","T1",0.7329,0.2671,"LOW"
62,"1","N0","T1",0.7343,0.2657,"LOW"
63,"1","N0","T1",0.7397,0.2603,"LOW"
64,"1","N0","T1",0.7424,0.2576,"LOW"
65,"1","N0","T1",0.7461,0.2539,"LOW"
66,"1","N0","T1",0.7447,0.2553,"LOW"
67,"1","N0","T1",0.7458,0.2542,"LOW"
68,"1","N0","T1",0.7492,0.2508,"LOW"
69,"1","N0","T1",0.7514,0.2486,"LOW"
70,"1","N0","T1",0.7487,0.2513,"LOW"
71,"1","N0","T1",0.7533,0.2467,"LOW"
72,"1","N0","T1",0.7522,0.2478,"LOW"
73,"1","N0","T1",0.7504,0.2496,"LOW"
74,"1","N0","T1",0.7492,0.2508,"LOW"
75,"1","N0","T1",0.7499,0.2501,"LOW"
76,"1","N0","T1",0.7492,0.2508,"LOW"
77,"1","N0","T1",0.7488,0.2512,"LOW"
78,"1","N0","T1",0.7518,0.2482,"LOW"
79,"1","N0","T1",0.7472,0.2528,"LOW"
80,"1","N0","T1",0.75,0.25,"LOW"
81,"1","N0","T1",0.7533,0.2467,"LOW"
82,"1","N0","T1",0.7503,0.2497,"LOW"
83,"1","N0","T1",0.7494,0.2506,"LOW"
84,"1","N0","T1",0.7481,0.2519,"LOW"
85,"1","N0","T1",0.7457,0.2543,"LOW"
86,"1","N0","T1",0.7421,0.2579,"LOW"
87,"1","N0","T1",0.7318,0.2682,"LOW"
88,"1","N0","T1",0.746,0.254,"LOW"
89,"1","N0","T1",0.742,0.258,"LOW"
90,"1","N0","T1",0.7444,0.2556,"LOW"
91,"1","N0","T1",0.7444,0.2556,"LOW"
92,"1","N0","T1",0.7444,0.2556,"LOW"
93,"1","N0","T1",0.7444,0.2556,"LOW"
94,"1","N0","T1",0.7444,0.2556,"LOW"
95,"1","N0","T1",0.7444,0.2556,"LOW"
96,"1","N0","T1",0.7444,0.2556,"LOW"
97,"1","N0","T1",0.7444,0.2556,"LOW"
98,"1","N0","T1",0.7444,0.2556,"LOW"
99,"1","N0","T1",0.7444,0.2556,"LOW"
0,"2","N0","T1",0.6263,0.3737,"LOW"
1,"2","N0","T1",0.6263,0.3737,"LOW"
2,"2","N0","T1",0.6263,0.3737,"LOW"
3,"2","N0","T1",0.6263,0.3737,"LOW"
4,"2","N0","T1",0.6263,0.3737,"LOW"
5,"2","N0","T1",0.6263,0.3737,"LOW"
6,"2","N0","T1",0.6263,0.3737,"LOW"
7,"2","N0","T1",0.6263,0.3737,"LOW"
8,"2","N0","T1",0.6263,0.3737,"LOW"
9,"2","N0","T1",0.6263,0.3737,"LOW"
10,"2","N0","T1",0.6263,0.3737,"LOW"
11,"2","N0","T1",0.6263,0.3737,"LOW"
12,"2","N0","T1",0.6263,0.3737,"LOW"
13,"2","N0","T1",0.6263,0.3737,"LOW"
14,"2","N0","T1",0.6263,0.3737,"LOW"
15,"2","N0","T1",0.6263,0.3737,"LOW"
16,"2","N0","T1",0.6263,0.3737,"LOW"
17,"2","N0","T1",0.6263,0.3737,"LOW"
18,"2","N0","T1",0.6263,0.3737,"LOW"
19,"2","N0","T1",0.6263,0.3737,"LOW"
20,"2","N0","T1",0.6263,0.3737,"LOW"
21,"2","N0","T1",0.6263,0.3737,"LOW"
22,"2","N0","T1",0.6059,0.3941,"LOW"
23,"2","N0","T1",0.5919,0.4081,"LOW"
24,"2","N0","T1",0.5635,0.4365,"LOW"
25,"2","N0","T1",0.5431,0.4569,"LOW"
26,"2","N0","T1",0.5226,0.4774,"LOW"
27,"2","N0","T1",0.5136,0.4864,"LOW"
28,"2","N0","T1",0.4989,0.5011,"HIGH"
29,"2","N0","T1",0.5063,0.4937,"LOW"
30,"2","N0","T1",0.5143,0.4857,"LOW"
31,"2","N0","T1",0.5202,0.4798,"LOW"
32,"2","N0","T1",0.5304,0.4696,"LOW"
33,"2","N0","T1",0.5453,0.4547,"LOW"
34,"2","N0","T1",0.555,0.445,"LOW"
35,"2","N0","T1",0.5625,0.4375,"LOW"
36,"2","N0","T1",0.5704,0.4296,"LOW"
37,"2","N0","T1",0.5796,0.4204,"LOW"
38,"2","N0","T1",0.5864,0.4136,"LOW"
39,"2","N0","T1",0.6013,0.3987,"LOW"
40,"2","N0","T1",0.6554,0.3446,"LOW"
41,"2","N0","T1",0.703,0.297,"LOW"
42,"2","N0","T1",0.715,0.285,"LOW"
43,"2","N0","T1",0.729,0.271,"LOW"
44,"2","N0","T1",0.7423,0.2577,"LOW"
45,"2","N0","T1",0.7486,0.2514,"LOW"
46,"2","N0","T1",0.7743,0.2257,"LOW"
47,"2","N0","T1",0.7742,0.2258,"LOW"
48,"2","N0","T1",0.7672,0.2328,"LOW"
49,"2","N0","T1",0.7685,0.2315,"LOW"
50,"2","N0","T1",0.7696,0.2304,"LOW"
51,"2","N0","T1",0.7742,0.2258,"LOW"
52,"2","N0","T1",0.7797,0.2203,"LOW"
53,"2","N0","T1",0.7775,0.2225,"LOW"
54,"2","N0","T1",0.777,0.223,"LOW"
55,"2","N0","T1",0.7801,0.2199,"LOW"
56,"2","N0","T1",0.7787,0.2213,"LOW"
57,"2","N0","T1",0.7798,0.2202,"LOW"
58,"2","N0","T1",0.7807,0.2193,"LOW"
59,"2","N0","T1",0.7827,0.2173,"LOW"
60,"2","N0","T1",0.7849,0.2151,"LOW"
61,"2","N0","T1",0.7828,0.2172,"LOW"
62,"2","N0","T1",0.7846,0.2154,"LOW"
63,"2","N0","T1",0.7842,0.2158,"LOW"
64,"2","N0","T1",0.7853,0.2147,"LOW"
65,"2","N0","T1",0.7852,0.2148,"LOW"
66,"2","N0","T1",0.7863,0.2137,"LOW"
67,"2","N0","T1",0.7876,0.2124,"LOW"
68,"2","N0","T1",0.7902,0.2098,"LOW"
69,"2","N0","T1",0.7916,0.2084,"LOW"
70,"2","N0","T1",0.7937,0.2063,"LOW"
71,"2","N0","T1",0.7908,0.2092,"LOW"
72,"2","N0","T1",0.7903,0.2097,"LOW"
73,"2","N0","T1",0.79,0.21,"LOW"
74,"2","N0","T1",0.7908,0.2092,"LOW"
75,"2","N0","T1",0.7896,0.2104,"LOW"
76,"2","N0","T1",0.7884,0.2116,"LOW"
77,"2","N0","T1",0.7873,0.2127,"LOW"
78,"2","N0","T1",0.7847,0.2153,"LOW"
79,"2","N0","T1",0.785,0.215,"LOW"
80,"2","N0","T1",0.7857,0.2143,"LOW"
81,"2","N0","T1",0.7842,0.2158,"LOW"
82,"2","N0","T1",0.7835,0.2165,"LOW"
83,"2","N0","T1",0.7801,0.2199,"LOW"
84,"2","N0","T1",0.7822,0.2178,"LOW"
85,"2","N0","T1",0.7808,0.2192,"LOW"
86,"2","N0","T1",0.7856,0.2144,"LOW"
87,"2","N0","T1",0.7761,0.2239,"LOW"
88,"2","N0","T1",0.76,0.24,"LOW"
89,"2","N0","T1",0.7787,0.2213,"LOW"
90,"2","N0","T1",0.7798,0.2202,"LOW"
91,"2","N0","T1",0.7798,0.2202,"LOW"
92,"2","N0","T1",0.7798,0.2202,"LOW"
93,"2","N0","T1",0.7798,0.2202,"LOW"
94,"2","N0","T1",0.7798,0.2202,"LOW"
95,"2","N0","T1",0.7798,0.2202,"LOW"
96,"2","N0","T1",0.7798,0.2202,"LOW"
97,"2","N0","T1",0.7798,0.2202,"LOW"
98,"2","N0","T1",0.7798,0.2202,"LOW"
99,"2","N0","T1",0.7798,0.2202,"LOW"
0,"1","N1","T1",0.5608,0.4392,"LOW"
1,"1","N1","T1",0.5608,0.4392,"LOW"
2,"1","N1","T1",0.5608,0.4392,"LOW"
3,"1","N1","T1",0.5608,0.4392,"LOW"
4,"1","N1","T1",0.5608,0.4392,"LOW"
5,"1","N1","T1",0.5608,0.4392,"LOW"
6,"1","N1","T1",0.5608,0.4392,"LOW"
7,"1","N1","T1",0.5608,0.4392,"LOW"
8,"1","N1","T1",0.5608,0.4392,"LOW"
9,"1","N1","T1",0.5608,0.4392,"LOW"
10,"1","N1","T1",0.5608,0.4392,"LOW"
11,"1","N1","T1",0.5608,0.4392,"LOW"
12,"1","N1","T1",0.5608,0.4392,"LOW"
13,"1","N1","T1",0.5608,0.4392,"LOW"
14,"1","N1","T1",0.5608,0.4392,"LOW"
15,"1","N1","T1",0.5608,0.4392,"LOW"
16,"1","N1","T1",0.5608,0.4392,"LOW"
17,"1","N1","T1",0.5608,0.4392,"LOW"
18,"1","N1","T1",0.5608,0.4392,"LOW"
19,"1","N1","T1",0.5608,0.4392,"LOW"
20,"1","N1","T1",0.5608,0.4392,"LOW"
21,"1","N1","T1",0.5608,0.4392,"LOW"
22,"1","N1","T1",0.5588,0.4412,"LOW"
23,"1","N1","T1",0.5588,0.4412,"LOW"
24,"1","N1","T1",0.5568,0.4432,"LOW"
25,"1","N1","T1",0.5548,0.4452,"LOW"
26,"1","N1","T1",0.5523,0.4477,"LOW"
27,"1","N1","T1",0.5503,0.4497,"LOW"
28,"1","N1","T1",0.5506,0.4494,"LOW"
29,"1","N1","T1",0.5541,0.4459,"LOW"
30,"1","N1","T1",0.5579,0.4421,"LOW"
31,"1","N1","T1",0.5616,0.4384,"LOW"
32,"1","N1","T1",0.5639,0.4361,"LOW"
33,"1","N1","T1",0.5656,0.4344,"LOW"
34,"1","N1","T1",0.5684,0.4316,"LOW"
35,"1","N1","T1",0.5766,0.4234,"LOW"
36,"1","N1","T1",0.5779,0.4221,"LOW"
37,"1","N1","T1",0.5812,0.4188,"LOW"
38,"1","N1","T1",0.5621,0.4379,"LOW"
39,"1","N1","T1",0.6218,0.3782,"LOW"
40,"1","N1","T1",0.629,0.371,"LOW"
41,"1","N1","T1",0.632,0.368,"LOW"
42,"1","N1","T1",0.6275,0.3725,"LOW"
43,"1","N1","T1",0.5883,0.4117,"LOW"
44,"1","N1","T1",0.5907,0.4093,"LOW"
45,"1","N1","T1",0.6039,0.3961,"LOW"
46,"1","N1","T1",0.6433,0.3567,"LOW"
47,"1","N1","T1",0.62,0.38,"LOW"
48,"1","N1","T1",0.6309,0.3691,"LOW"
49,"1","N1","T1",0.6073,0.3927,"LOW"
50,"1","N1","T1",0.612,0.388,"LOW"
51,"1","N1","T1",0.598,0.402,"LOW"
52,"1","N1","T1",0.6073,0.3927,"LOW"
53,"1","N1","T1",0.6059,0.3941,"LOW"
54,"1","N1","T1",0.6104,0.3896,"LOW"
55,"1","N1","T1",0.6081,0.3919,"LOW"
56,"1","N1","T1",0.6215,0.3785,"LOW"
57,"1","N1","T1",0.6251,0.3749,"LOW"
58,"1","N1","T1",0.6271,0.3729,"LOW"
59,"1","N1","T1",0.6225,0.3775,"LOW"
60,"1","N1","T1",0.6265,0.3735,"LOW"
61,"1","N1","T1",0.6334,0.3666,"LOW"
62,"1","N1","T1",0.6345,0.3655,"LOW"
63,"1","N1","T1",0.6281,0.3719,"LOW"
64,"1","N1","T1",0.6281,0.3719,"LOW"
65,"1","N1","T1",0.6259,0.3741,"LOW"
66,"1","N1","T1",0.6318,0.3682,"LOW"
67,"1","N1","T1",0.6337,0.3663,"LOW"
68,"1","N1","T1",0.6391,0.3609,"LOW"
69,"1","N1","T1",0.6413,0.3587,"LOW"
70,"1","N1","T1",0.6481,0.3519,"LOW"
71,"1","N1","T1",0.6498,0.3502,"LOW"
72,"1","N1","T1",0.6442,0.3558,"LOW"
73,"1","N1","T1",0.6503,0.3497,"LOW"
74,"1","N1","T1",0.6465,0.3535,"LOW"
75,"1","N1","T1",0.6391,0.3609,"LOW"
76,"1","N1","T1",0.6412,0.3588,"LOW"
77,"1","N1","T1",0.6398,0.3602,"LOW"
78,"1","N1","T1",0.6405,0.3595,"LOW"
79,"1","N1","T1",0.6345,0.3655,"LOW"
80,"1","N1","T1",0.6293,0.3707,"LOW"
81,"1","N1","T1",0.6399,0.3601,"LOW"
82,"1","N1","T1",0.638,0.362,"LOW"
83,"1","N1","T1",0.6479,0.3521,"LOW"
84,"1","N1","T1",0.6362,0.3638,"LOW"
85,"1","N1","T1",0.6549,0.3451,"LOW"
86,"1","N1","T1",0.6229,0.3771,"LOW"
87,"1","N1","T1",0.6255,0.3745,"LOW"
88,"1","N1","T1",0.639,0.361,"LOW"
89,"1","N1","T1",0.6043,0.3957,"LOW"
90,"1","N1","T1",0.6463,0.3537,"LOW"
91,"1","N1","T1",0.6463,0.3537,"LOW"
92,"1","N1","T1",0.6463,0.3537,"LOW"
93,"1","N1","T1",0.6463,0.3537,"LOW"
94,"1","N1","T1",0.6463,0.3537,"LOW"
95,"1","N1","T1",0.6463,0.3537,"LOW"
96,"1","N1","T1",0.6463,0.3537,"LOW"
97,"1","N1","T1",0.6463,0.3537,"LOW"
98,"1","N1","T1",0.6463,0.3537,"LOW"
99,"1","N1","T1",0.6463,0.3537,"LOW"
0,"2","N1","T1",0.7369,0.2631,"LOW"
1,"2","N1","T1",0.7369,0.2631,"LOW"
2,"2","N1","T1",0.7369,0.2631,"LOW"
3,"2","N1","T1",0.7369,0.2631,"LOW"
4,"2","N1","T1",0.7369,0.2631,"LOW"
5,"2","N1","T1",0.7369,0.2631,"LOW"
6,"2","N1","T1",0.7369,0.2631,"LOW"
7,"2","N1","T1",0.7369,0.2631,"LOW"
8,"2","N1","T1",0.7369,0.2631,"LOW"
9,"2","N1","T1",0.7369,0.2631,"LOW"
10,"2","N1","T1",0.7369,0.2631,"LOW"
11,"2","N1","T1",0.7369,0.2631,"LOW"
12,"2","N1","T1",0.7369,0.2631,"LOW"
13,"2","N1","T1",0.7369,0.2631,"LOW"
14,"2","N1","T1",0.7369,0.2631,"LOW"
15,"2","N1","T1",0.7369,0.2631,"LOW"
16,"2","N1","T1",0.7369,0.2631,"LOW"
17,"2","N1","T1",0.7369,0.2631,"LOW"
18,"2","N1","T1",0.7369,0.2631,"LOW"
19,"2","N1","T1",0.7369,0.2631,"LOW"
20,"2","N1","T1",0.7369,0.2631,"LOW"
21,"2","N1","T1",0.7369,0.2631,"LOW"
22,"2","N1","T1",0.7324,0.2676,"LOW"
23,"2","N1","T1",0.7324,0.2676,"LOW"
24,"2","N1","T1",0.7264,0.2736,"LOW"
25,"2","N1","T1",0.7224,0.2776,"LOW"
26,"2","N1","T1",0.717,0.283,"LOW"
27,"2","N1","T1",0.715,0.285,"LOW"
28,"2","N1","T1",0.7063,0.2937,"LOW"
29,"2","N1","T1",0.7094,0.2906,"LOW"
30,"2","N1","T1",0.7194,0.2806,"LOW"
31,"2","N1","T1",0.7245,0.2755,"LOW"
32,"2","N1","T1",0.7273,0.2727,"LOW"
33,"2","N1","T1",0.7307,0.2693,"LOW"
34,"2","N1","T1",0.7362,0.2638,"LOW"
35,"2","N1","T1",0.7448,0.2552,"LOW"
36,"2","N1","T1",0.7495,0.2505,"LOW"
37,"2","N1","T1",0.7515,0.2485,"LOW"
38,"2","N1","T1",0.7445,0.2555,"LOW"
39,"2","N1","T1",0.744,0.256,"LOW"
40,"2","N1","T1",0.7437,0.2563,"LOW"
41,"2","N1","T1",0.7464,0.2536,"LOW"
42,"2","N1","T1",0.7338,0.2662,"LOW"
43,"2","N1","T1",0.7264,0.2736,"LOW"
44,"2","N1","T1",0.6881,0.3119,"LOW"
45,"2","N1","T1",0.7383,0.2617,"LOW"
46,"2","N1","T1",0.7469,0.2531,"LOW"
47,"2","N1","T1",0.7425,0.2575,"LOW"
48,"2","N1","T1",0.7405,0.2595,"LOW"
49,"2","N1","T1",0.7277,0.2723,"LOW"
50,"2","N1","T1",0.7256,0.2744,"LOW"
51,"2","N1","T1",0.7084,0.2916,"LOW"
52,"2","N1","T1",0.7026,0.2974,"LOW"
53,"2","N1","T1",0.7095,0.2905,"LOW"
54,"2","N1","T1",0.7054,0.2946,"LOW"
55,"2","N1","T1",0.6974,0.3026,"LOW"
56,"2","N1","T1",0.6945,0.3055,"LOW"
57,"2","N1","T1",0.6951,0.3049,"LOW"
58,"2","N1","T1",0.6867,0.3133,"LOW"
59,"2","N1","T1",0.6881,0.3119,"LOW"
60,"2","N1","T1",0.6875,0.3125,"LOW"
61,"2","N1","T1",0.6917,0.3083,"LOW"
62,"2","N1","T1",0.6921,0.3079,"LOW"
63,"2","N1","T1",0.6833,0.3167,"LOW"
64,"2","N1","T1",0.6878,0.3122,"LOW"
65,"2","N1","T1",0.6892,0.3108,"LOW"
66,"2","N1","T1",0.6886,0.3114,"LOW"
67,"2","N1","T1",0.687,0.313,"LOW"
68,"2","N1","T1",0.6905,0.3095,"LOW"
69,"2","N1","T1",0.6914,0.3086,"LOW"
70,"2","N1","T1",0.6875,0.3125,"LOW"
71,"2","N1","T1",0.6872,0.3128,"LOW"
72,"2","N1","T1",0.6905,0.3095,"LOW"
73,"2","N1","T1",0.6879,0.3121,"LOW"
74,"2","N1","T1",0.6835,0.3165,"LOW"
75,"2","N1","T1",0.6817,0.3183,"LOW"
76,"2","N1","T1",0.6862,0.3138,"LOW"
77,"2","N1","T1",0.6841,0.3159,"LOW"
78,"2","N1","T1",0.6826,0.3174,"LOW"
79,"2","N1","T1",0.6706,0.3294,"LOW"
80,"2","N1","T1",0.6826,0.3174,"LOW"
81,"2","N1","T1",0.6754,0.3246,"LOW"
82,"2","N1","T1",0.6643,0.3357,"LOW"
83,"2","N1","T1",0.664,0.336,"LOW"
84,"2","N1","T1",0.6719,0.3281,"LOW"
85,"2","N1","T1",0.6653,0.3347,"LOW"
86,"2","N1","T1",0.6519,0.3481,"LOW"
87,"2","N1","T1",0.6532,0.3468,"LOW"
88,"2","N1","T1",0.6777,0.3223,"LOW"
89,"2","N1","T1",0.6873,0.3127,"LOW"
90,"2","N1","T1",0.6258,0.3742,"LOW"
91,"2","N1","T1",0.6258,0.3742,"LOW"
92,"2","N1","T1",0.6258,0.3742,"LOW"
93,"2","N1","T1",0.6258,0.3742,"LOW"
94,"2","N1","T1",0.6258,0.3742,"LOW"
95,"2","N1","T1",0.6258,0.3742,"LOW"
96,"2","N1","T1",0.6258,0.3742,"LOW"
97,"2","N1","T1",0.6258,0.3742,"LOW"
98,"2","N1","T1",0.6258,0.3742,"LOW"
99,"2","N1","T1",0.6258,0.3742,"LOW"
0,"1","N2","T1",0.5994,0.4006,"LOW"
1,"1","N2","T1",0.5994,0.4006,"LOW"
2,"1","N2","T1",0.5994,0.4006,"LOW"
3,"1","N2","T1",0.5994,0.4006,"LOW"
4,"1","N2","T1",0.5994,0.4006,"LOW"
5,"1","N2","T1",0.5994,0.4006,"LOW"
6,"1","N2","T1",0.5994,0.4006,"LOW"
7,"1","N2","T1",0.5994,0.4006,"LOW"
8,"1","N2","T1",0.5994,0.4006,"LOW"
9,"1","N2","T1",0.5994,0.4006,"LOW"
10,"1","N2","T1",0.5994,0.4006,"LOW"
11,"1","N2","T1",0.5994,0.4006,"LOW"
12,"1","N2","T1",0.5994,0.4006,"LOW"
13,"1","N2","T1",0.5994,0.4006,"LOW"
14,"1","N2","T1",0.5994,0.4006,"LOW"
15,"1","N2","T1",0.5994,0.4006,"LOW"
16,"1","N2","T1",0.5994,0.4006,"LOW"
17,"1","N2","T1",0.5994,0.4006,"LOW"
18,"1","N2","T1",0.5994,0.4006,"LOW"
19,"1","N2","T1",0.5994,0.4006,"LOW"
20,"1","N2","T1",0.5994,0.4006,"LOW"
21,"1","N2","T1",0.5994,0.4006,"LOW"
22,"1","N2","T1",0.5994,0.4006,"LOW"
23,"1","N2","T1",0.5994,0.4006,"LOW"
24,"1","N2","T1",0.5994,0.4006,"LOW"
25,"1","N2","T1",0.5994,0.4006,"LOW"
26,"1","N2","T1",0.5994,0.4006,"LOW"
27,"1","N2","T1",0.5994,0.4006,"LOW"
28,"1","N2","T1",0.5994,0.4006,"LOW"
29,"1","N2","T1",0.6036,0.3964,"LOW"
30,"1","N2","T1",0.6036,0.3964,"LOW"
31,"1","N2","T1",0.6036,0.3964,"LOW"
32,"1","N2","T1",0.6056,0.3944,"LOW"
33,"1","N2","T1",0.6056,0.3944,"LOW"
34,"1","N2","T1",0.6048,0.3952,"LOW"
35,"1","N2","T1",0.6031,0.3969,"LOW"
36,"1","N2","T1",0.6052,0.3948,"LOW"
37,"1","N2","T1",0.6043,0.3957,"LOW"
38,"1","N2","T1",0.5825,0.4175,"LOW"
39,"1","N2","T1",0.5725,0.4275,"LOW"
40,"1","N2","T1",0.5878,0.4122,"LOW"
41,"1","N2","T1",0.5851,0.4149,"LOW"
42,"1","N2","T1",0.5644,0.4356,"LOW"
43,"1","N2","T1",0.5254,0.4746,"LOW"
44,"1","N2","T1",0.5292,0.4708,"LOW"
45,"1","N2","T1",0.5286,0.4714,"LOW"
46,"1","N2","T1",0.5392,0.4608,"LOW"
47,"1","N2","T1",0.5191,0.4809,"LOW"
48,"1","N2","T1",0.517,0.483,"LOW"
49,"1","N2","T1",0.5093,0.4907,"LOW"
50,"1","N2","T1",0.5172,0.4828,"LOW"
51,"1","N2","T1",0.5135,0.4865,"LOW"
52,"1","N2","T1",0.5175,0.4825,"LOW"
53,"1","N2","T1",0.5145,0.4855,"LOW"
54,"1","N2","T1",0.5181,0.4819,"LOW"
55,"1","N2","T1",0.5096,0.4904,"LOW"
56,"1","N2","T1",0.5153,0.4847,"LOW"
57,"1","N2","T1",0.5144,0.4856,"LOW"
58,"1","N2","T1",0.5145,0.4855,"LOW"
59,"1","N2","T1",0.5176,0.4824,"LOW"
60,"1","N2","T1",0.5153,0.4847,"LOW"
61,"1","N2","T1",0.5151,0.4849,"LOW"
62,"1","N2","T1",0.5172,0.4828,"LOW"
63,"1","N2","T1",0.5169,0.4831,"LOW"
64,"1","N2","T1",0.5179,0.4821,"LOW"
65,"1","N2","T1",0.5165,0.4835,"LOW"
66,"1","N2","T1",0.5203,0.4797,"LOW"
67,"1","N2","T1",0.5155,0.4845,"LOW"
68,"1","N2","T1",0.5162,0.4838,"LOW"
69,"1","N2","T1",0.515,0.485,"LOW"
70,"1","N2","T1",0.5147,0.4853,"LOW"
71,"1","N2","T1",0.5141,0.4859,"LOW"
72,"1","N2","T1",0.5147,0.4853,"LOW"
73,"1","N2","T1",0.5168,0.4832,"LOW"
74,"1","N2","T1",0.5153,0.4847,"LOW"
75,"1","N2","T1",0.5166,0.4834,"LOW"
76,"1","N2","T1",0.5151,0.4849,"LOW"
77,"1","N2","T1",0.5164,0.4836,"LOW"
78,"1","N2","T1",0.5185,0.4815,"LOW"
79,"1","N2","T1",0.5159,0.4841,"LOW"
80,"1","N2","T1",0.5173,0.4827,"LOW"
81,"1","N2","T1",0.5177,0.4823,"LOW"
82,"1","N2","T1",0.5148,0.4852,"LOW"
83,"1","N2","T1",0.5163,0.4837,"LOW"
84,"1","N2","T1",0.5092,0.4908,"LOW"
85,"1","N2","T1",0.5123,0.4877,"LOW"
86,"1","N2","T1",0.5132,0.4868,"LOW"
87,"1","N2","T1",0.5063,0.4937,"LOW"
88,"1","N2","T1",0.4952,0.5048,"HIGH"
89,"1","N2","T1",0.5001,0.4999,"LOW"
90,"1","N2","T1",0.4955,0.5045,"HIGH"
91,"1","N2","T1",0.4955,0.5045,"HIGH"
92,"1","N2","T1",0.4955,0.5045,"HIGH"
93,"1","N2","T1",0.4955,0.5045,"HIGH"
94,"1","N2","T1",0.4955,0.5045,"HIGH"
95,"1","N2","T1",0.4955,0.5045,"HIGH"
96,"1","N2","T1",0.4955,0.5045,"HIGH"
97,"1","N2","T1",0.4955,0.5045,"HIGH"
98,"1","N2","T1",0.4955,0.5045,"HIGH"
99,"1","N2","T1",0.4955,0.5045,"HIGH"
0,"2","N2","T1",0.6375,0.3625,"LOW"
1,"2","N2","T1",0.6375,0.3625,"LOW"
2,"2","N2","T1",0.6375,0.3625,"LOW"
3,"2","N2","T1",0.6375,0.3625,"LOW"
4,"2","N2","T1",0.6375,0.3625,"LOW"
5,"2","N2","T1",0.6375,0.3625,"LOW"
6,"2","N2","T1",0.6375,0.3625,"LOW"
7,"2","N2","T1",0.6375,0.3625,"LOW"
8,"2","N2","T1",0.6375,0.3625,"LOW"
9,"2","N2","T1",0.6375,0.3625,"LOW"
10,"2","N2","T1",0.6375,0.3625,"LOW"
11,"2","N2","T1",0.6375,0.3625,"LOW"
12,"2","N2","T1",0.6375,0.3625,"LOW"
13,"2","N2","T1",0.6375,0.3625,"LOW"
14,"2","N2","T1",0.6375,0.3625,"LOW"
15,"2","N2","T1",0.6375,0.3625,"LOW"
16,"2","N2","T1",0.6375,0.3625,"LOW"
17,"2","N2","T1",0.6375,0.3625,"LOW"
18,"2","N2","T1",0.6375,0.3625,"LOW"
19,"2","N2","T1",0.6375,0.3625,"LOW"
20,"2","N2","T1",0.6375,0.3625,"LOW"
21,"2","N2","T1",0.6375,0.3625,"LOW"
22,"2","N2","T1",0.6355,0.3645,"LOW"
23,"2","N2","T1",0.6355,0.3645,"LOW"
24,"2","N2","T1",0.6343,0.3657,"LOW"
25,"2","N2","T1",0.6343,0.3657,"LOW"
26,"2","N2","T1",0.6343,0.3657,"LOW"
27,"2","N2","T1",0.6343,0.3657,"LOW"
28,"2","N2","T1",0.6343,0.3657,"LOW"
29,"2","N2","T1",0.6349,0.3651,"LOW"
30,"2","N2","T1",0.636,0.364,"LOW"
31,"2","N2","T1",0.636,0.364,"LOW"
32,"2","N2","T1",0.636,0.364,"LOW"
33,"2","N2","T1",0.636,0.364,"LOW"
34,"2","N2","T1",0.636,0.364,"LOW"
35,"2","N2","T1",0.6271,0.3729,"LOW"
36,"2","N2","T1",0.6193,0.3807,"LOW"
37,"2","N2","T1",0.6076,0.3924,"LOW"
38,"2","N2","T1",0.5541,0.4459,"LOW"
39,"2","N2","T1",0.569,0.431,"LOW"
40,"2","N2","T1",0.5712,0.4288,"LOW"
41,"2","N2","T1",0.5795,0.4205,"LOW"
42,"2","N2","T1",0.5895,0.4105,"LOW"
43,"2","N2","T1",0.5645,0.4355,"LOW"
44,"2","N2","T1",0.5704,0.4296,"LOW"
45,"2","N2","T1",0.5755,0.4245,"LOW"
46,"2","N2","T1",0.5813,0.4187,"LOW"
47,"2","N2","T1",0.5766,0.4234,"LOW"
48,"2","N2","T1",0.5845,0.4155,"LOW"
49,"2","N2","T1",0.5799,0.4201,"LOW"
50,"2","N2","T1",0.5809,0.4191,"LOW"
51,"2","N2","T1",0.5835,0.4165,"LOW"
52,"2","N2","T1",0.5844,0.4156,"LOW"
53,"2","N2","T1",0.5853,0.4147,"LOW"
54,"2","N2","T1",0.5894,0.4106,"LOW"
55,"2","N2","T1",0.5907,0.4093,"LOW"
56,"2","N2","T1",0.5901,0.4099,"LOW"
57,"2","N2","T1",0.5914,0.4086,"LOW"
58,"2","N2","T1",0.5878,0.4122,"LOW"
59,"2","N2","T1",0.5846,0.4154,"LOW"
60,"2","N2","T1",0.5873,0.4127,"LOW"
61,"2","N2","T1",0.5921,0.4079,"LOW"
62,"2","N2","T1",0.5939,0.4061,"LOW"
63,"2","N2","T1",0.5959,0.4041,"LOW"
64,"2","N2","T1",0.5931,0.4069,"LOW"
65,"2","N2","T1",0.5947,0.4053,"LOW"
66,"2","N2","T1",0.5937,0.4063,"LOW"
67,"2","N2","T1",0.5952,0.4048,"LOW"
68,"2","N2","T1",0.5983,0.4017,"LOW"
69,"2","N2","T1",0.6,0.4,"LOW"
70,"2","N2","T1",0.6032,0.3968,"LOW"
71,"2","N2","T1",0.6027,0.3973,"LOW"
72,"2","N2","T1",0.6014,0.3986,"LOW"
73,"2","N2","T1",0.5993,0.4007,"LOW"
74,"2","N2","T1",0.5972,0.4028,"LOW"
75,"2","N2","T1",0.5962,0.4038,"LOW"
76,"2","N2","T1",0.594,0.406,"LOW"
77,"2","N2","T1",0.5933,0.4067,"LOW"
78,"2","N2","T1",0.5938,0.4062,"LOW"
79,"2","N2","T1",0.5929,0.4071,"LOW"
80,"2","N2","T1",0.5949,0.4051,"LOW"
81,"2","N2","T1",0.5949,0.4051,"LOW"
82,"2","N2","T1",0.5898,0.4102,"LOW"
83,"2","N2","T1",0.5871,0.4129,"LOW"
84,"2","N2","T1",0.5846,0.4154,"LOW"
85,"2","N2","T1",0.5771,0.4229,"LOW"
86,"2","N2","T1",0.5731,0.4269,"LOW"
87,"2","N2","T1",0.5609,0.4391,"LOW"
88,"2","N2","T1",0.5543,0.4457,"LOW"
89,"2","N2","T1",0.5421,0.4579,"LOW"
90,"2","N2","T1",0.5606,0.4394,"LOW"
91,"2","N2","T1",0.5606,0.4394,"LOW"
92,"2","N2","T1",0.5606,0.4394,"LOW"
93,"2","N2","T1",0.5606,0.4394,"LOW"
94,"2","N2","T1",0.5606,0.4394,"LOW"
95,"2","N2","T1",0.5606,0.4394,"LOW"
96,"2","N2","T1",0.5606,0.4394,"LOW"
97,"2","N2","T1",0.5606,0.4394,"LOW"
98,"2","N2","T1",0.5606,0.4394,"LOW"
99,"2","N2","T1",0.5606,0.4394,"LOW"
0,"1","N3","T1",0.5104,0.4896,"LOW"
1,"1","N3","T1",0.5104,0.4896,"LOW"
2,"1","N3","T1",0.5104,0.4896,"LOW"
3,"1","N3","T1",0.5104,0.4896,"LOW"
4,"1","N3","T1",0.5104,0.4896,"LOW"
5,"1","N3","T1",0.5104,0.4896,"LOW"
6,"1","N3","T1",0.5104,0.4896,"LOW"
7,"1","N3","T1",0.5104,0.4896,"LOW"
8,"1","N3","T1",0.5104,0.4896,"LOW"
9,"1","N3","T1",0.5104,0.4896,"LOW"
10,"1","N3","T1",0.5104,0.4896,"LOW"
11,"1","N3","T1",0.5104,0.4896,"LOW"
12,"1","N3","T1",0.5104,0.4896,"LOW"
13,"1","N3","T1",0.5104,0.4896,"LOW"
14,"1","N3","T1",0.5104,0.4896,"LOW"
15,"1","N3","T1",0.5104,0.4896,"LOW"
16,"1","N3","T1",0.5104,0.4896,"LOW"
17,"1","N3","T1",0.5104,0.4896,"LOW"
18,"1","N3","T1",0.5104,0.4896,"LOW"
19,"1","N3","T1",0.5104,0.4896,"LOW"
20,"1","N3","T1",0.5104,0.4896,"LOW"
21,"1","N3","T1",0.5104,0.4896,"LOW"
22,"1","N3","T1",0.5104,0.4896,"LOW"
23,"1","N3","T1",0.5104,0.4896,"LOW"
24,"1","N3","T1",0.5084,0.4916,"LOW"
25,"1","N3","T1",0.5084,0.4916,"LOW"
26,"1","N3","T1",0.5084,0.4916,"LOW"
27,"1","N3","T1",0.5084,0.4916,"LOW"
28,"1","N3","T1",0.5084,0.4916,"LOW"
29,"1","N3","T1",0.5121,0.4879,"LOW"
30,"1","N3","T1",0.4963,0.5037,"HIGH"
31,"1","N3","T1",0.4809,0.5191,"HIGH"
32,"1","N3","T1",0.4586,0.5414,"HIGH"
33,"1","N3","T1",0.4403,0.5597,"HIGH"
34,"1","N3","T1",0.4238,0.5762,"HIGH"
35,"1","N3","T1",0.4147,0.5853,"HIGH"
36,"1","N3","T1",0.4082,0.5918,"HIGH"
37,"1","N3","T1",0.3906,0.6094,"HIGH"
38,"1","N3","T1",0.3818,0.6182,"HIGH"
39,"1","N3","T1",0.375,0.625,"HIGH"
40,"1","N3","T1",0.3967,0.6033,"HIGH"
41,"1","N3","T1",0.4101,0.5899,"HIGH"
42,"1","N3","T1",0.4182,0.5818,"HIGH"
43,"1","N3","T1",0.3945,0.6055,"HIGH"
44,"1","N3","T1",0.3825,0.6175,"HIGH"
45,"1","N3","T1",0.4004,0.5996,"HIGH"
46,"1","N3","T1",0.397,0.603,"HIGH"
47,"1","N3","T1",0.4072,0.5928,"HIGH"
48,"1","N3","T1",0.4298,0.5702,"HIGH"
49,"1","N3","T1",0.4319,0.5681,"HIGH"
50,"1","N3","T1",0.4208,0.5792,"HIGH"
51,"1","N3","T1",0.4275,0.5725,"HIGH"
52,"1","N3","T1",0.4126,0.5874,"HIGH"
53,"1","N3","T1",0.4236,0.5764,"HIGH"
54,"1","N3","T1",0.4165,0.5835,"HIGH"
55,"1","N3","T1",0.4332,0.5668,"HIGH"
56,"1","N3","T1",0.4331,0.5669,"HIGH"
57,"1","N3","T1",0.4294,0.5706,"HIGH"
58,"1","N3","T1",0.4308,0.5692,"HIGH"
59,"1","N3","T1",0.4289,0.5711,"HIGH"
60,"1","N3","T1",0.4286,0.5714,"HIGH"
61,"1","N3","T1",0.4321,0.5679,"HIGH"
62,"1","N3","T1",0.4343,0.5657,"HIGH"
63,"1","N3","T1",0.4397,0.5603,"HIGH"
64,"1","N3","T1",0.444,0.556,"HIGH"
65,"1","N3","T1",0.4453,0.5547,"HIGH"
66,"1","N3","T1",0.4446,0.5554,"HIGH"
67,"1","N3","T1",0.4456,0.5544,"HIGH"
68,"1","N3","T1",0.4483,0.5517,"HIGH"
69,"1","N3","T1",0.4489,0.5511,"HIGH"
70,"1","N3","T1",0.4493,0.5507,"HIGH"
71,"1","N3","T1",0.4445,0.5555,"HIGH"
72,"1","N3","T1",0.4504,0.5496,"HIGH"
73,"1","N3","T1",0.4513,0.5487,"HIGH"
74,"1","N3","T1",0.4538,0.5462,"HIGH"
75,"1","N3","T1",0.456,0.544,"HIGH"
76,"1","N3","T1",0.453,0.547,"HIGH"
77,"1","N3","T1",0.4514,0.5486,"HIGH"
78,"1","N3","T1",0.4493,0.5507,"HIGH"
79,"1","N3","T1",0.4555,0.5445,"HIGH"
80,"1","N3","T1",0.4513,0.5487,"HIGH"
81,"1","N3","T1",0.457,0.543,"HIGH"
82,"1","N3","T1",0.4525,0.5475,"HIGH"
83,"1","N3","T1",0.4464,0.5536,"HIGH"
84,"1","N3","T1",0.4579,0.5421,"HIGH"
85,"1","N3","T1",0.43,0.57,"HIGH"
86,"1","N3","T1",0.4355,0.5645,"HIGH"
87,"1","N3","T1",0.4741,0.5259,"HIGH"
88,"1","N3","T1",0.455,0.545,"HIGH"
89,"1","N3","T1",0.4926,0.5074,"HIGH"
90,"1","N3","T1",0.4825,0.5175,"HIGH"
91,"1","N3","T1",0.4825,0.5175,"HIGH"
92,"1","N3","T1",0.4825,0.5175,"HIGH"
93,"1","N3","T1",0.4825,0.5175,"HIGH"
94,"1","N3","T1",0.4825,0.5175,"HIGH"
95,"1","N3","T1",0.4825,0.5175,"HIGH"
96,"1","N3","T1",0.4825,0.5175,"HIGH"
97,"1","N3","T1",0.4825,0.5175,"HIGH"
98,"1","N3","T1",0.4825,0.5175,"HIGH"
99,"1","N3","T1",0.4825,0.5175,"HIGH"
0,"2","N3","T1",0.5512,0.4488,"LOW"
1,"2","N3","T1",0.5512,0.4488,"LOW"
2,"2","N3","T1",0.5512,0.4488,"LOW"
3,"2","N3","T1",0.5512,0.4488,"LOW"
4,"2","N3","T1",0.5512,0.4488,"LOW"
5,"2","N3","T1",0.5512,0.4488,"LOW"
6,"2","N3","T1",0.5512,0.4488,"LOW"
7,"2","N3","T1",0.5512,0.4488,"LOW"
8,"2","N3","T1",0.5512,0.4488,"LOW"
9,"2","N3","T1",0.5512,0.4488,"LOW"
10,"2","N3","T1",0.5512,0.4488,"LOW"
11,"2","N3","T1",0.5512,0.4488,"LOW"
12,"2","N3","T1",0.5512,0.4488,"LOW"
13,"2","N3","T1",0.5512,0.4488,"LOW"
14,"2","N3","T1",0.5512,0.4488,"LOW"
15,"2","N3","T1",0.5512,0.4488,"LOW"
16,"2","N3","T1",0.5512,0.4488,"LOW"
17,"2","N3","T1",0.5512,0.4488,"LOW"
18,"2","N3","T1",0.5512,0.4488,"LOW"
19,"2","N3","T1",0.5512,0.4488,"LOW"
20,"2","N3","T1",0.5512,0.4488,"LOW"
21,"2","N3","T1",0.5512,0.4488,"LOW"
22,"2","N3","T1",0.5512,0.4488,"LOW"
23,"2","N3","T1",0.5512,0.4488,"LOW"
24,"2","N3","T1",0.5452,0.4548,"LOW"
25,"2","N3","T1",0.5432,0.4568,"LOW"
26,"2","N3","T1",0.5432,0.4568,"LOW"
27,"2","N3","T1",0.5432,0.4568,"LOW"
28,"2","N3","T1",0.5421,0.4579,"LOW"
29,"2","N3","T1",0.5443,0.4557,"LOW"
30,"2","N3","T1",0.5433,0.4567,"LOW"
31,"2","N3","T1",0.5422,0.4578,"LOW"
32,"2","N3","T1",0.5371,0.4629,"LOW"
33,"2","N3","T1",0.5357,0.4643,"LOW"
34,"2","N3","T1",0.5325,0.4675,"LOW"
35,"2","N3","T1",0.5334,0.4666,"LOW"
36,"2","N3","T1",0.5325,0.4675,"LOW"
37,"2","N3","T1",0.5295,0.4705,"LOW"
38,"2","N3","T1",0.5274,0.4726,"LOW"
39,"2","N3","T1",0.5305,0.4695,"LOW"
40,"2","N3","T1",0.5091,0.4909,"LOW"
41,"2","N3","T1",0.4831,0.5169,"HIGH"
42,"2","N3","T1",0.5016,0.4984,"LOW"
43,"2","N3","T1",0.5286,0.4714,"LOW"
44,"2","N3","T1",0.484,0.516,"HIGH"
45,"2","N3","T1",0.4716,0.5284,"HIGH"
46,"2","N3","T1",0.4937,0.5063,"HIGH"
47,"2","N3","T1",0.4812,0.5188,"HIGH"
48,"2","N3","T1",0.4772,0.5228,"HIGH"
49,"2","N3","T1",0.4808,0.5192,"HIGH"
50,"2","N3","T1",0.4803,0.5197,"HIGH"
51,"2","N3","T1",0.4712,0.5288,"HIGH"
52,"2","N3","T1",0.483,0.517,"HIGH"
53,"2","N3","T1",0.4806,0.5194,"HIGH"
54,"2","N3","T1",0.4816,0.5184,"HIGH"
55,"2","N3","T1",0.4912,0.5088,"HIGH"
56,"2","N3","T1",0.4982,0.5018,"HIGH"
57,"2","N3","T1",0.4959,0.5041,"HIGH"
58,"2","N3","T1",0.4998,0.5002,"HIGH"
59,"2","N3","T1",0.5055,0.4945,"LOW"
60,"2","N3","T1",0.5086,0.4914,"LOW"
61,"2","N3","T1",0.5082,0.4918,"LOW"
62,"2","N3","T1",0.5013,0.4987,"LOW"
63,"2","N3","T1",0.5022,0.4978,"LOW"
64,"2","N3","T1",0.4968,0.5032,"HIGH"
65,"2","N3","T1",0.4994,0.5006,"HIGH"
66,"2","N3","T1",0.4934,0.5066,"HIGH"
67,"2","N3","T1",0.4942,0.5058,"HIGH"
68,"2","N3","T1",0.4924,0.5076,"HIGH"
69,"2","N3","T1",0.4905,0.5095,"HIGH"
70,"2","N3","T1",0.4934,0.5066,"HIGH"
71,"2","N3","T1",0.4951,0.5049,"HIGH"
72,"2","N3","T1",0.4939,0.5061,"HIGH"
73,"2","N3","T1",0.4899,0.5101,"HIGH"
74,"2","N3","T1",0.4799,0.5201,"HIGH"
75,"2","N3","T1",0.4777,0.5223,"HIGH"
76,"2","N3","T1",0.4792,0.5208,"HIGH"
77,"2","N3","T1",0.4817,0.5183,"HIGH"
78,"2","N3","T1",0.488,0.512,"HIGH"
79,"2","N3","T1",0.4867,0.5133,"HIGH"
80,"2","N3","T1",0.4902,0.5098,"HIGH"
81,"2","N3","T1",0.4972,0.5028,"HIGH"
82,"2","N3","T1",0.4922,0.5078,"HIGH"
83,"2","N3","T1",0.4928,0.5072,"HIGH"
84,"2","N3","T1",0.4955,0.5045,"HIGH"
85,"2","N3","T1",0.4777,0.5223,"HIGH"
86,"2","N3","T1",0.4804,0.5196,"HIGH"
87,"2","N3","T1",0.468,0.532,"HIGH"
88,"2","N3","T1",0.4829,0.5171,"HIGH"
89,"2","N3","T1",0.4459,0.5541,"HIGH"
90,"2","N3","T1",0.4698,0.5302,"HIGH"
91,"2","N3","T1",0.4698,0.5302,"HIGH"
92,"2","N3","T1",0.4698,0.5302,"HIGH"
93,"2","N3","T1",0.4698,0.5302,"HIGH"
94,"2","N3","T1",0.4698,0.5302,"HIGH"
95,"2","N3","T1",0.4698,0.5302,"HIGH"
96,"2","N3","T1",0.4698,0.5302,"HIGH"
97,"2","N3","T1",0.4698,0.5302,"HIGH"
98,"2","N3","T1",0.4698,0.5302,"HIGH"
99,"2","N3","T1",0.4698,0.5302,"HIGH"
0,"1","Other/Unknown","T1",0.2157,0.7843,"HIGH"
1,"1","Other/Unknown","T1",0.2157,0.7843,"HIGH"
2,"1","Other/Unknown","T1",0.2157,0.7843,"HIGH"
3,"1","Other/Unknown","T1",0.2157,0.7843,"HIGH"
4,"1","Other/Unknown","T1",0.2157,0.7843,"HIGH"
5,"1","Other/Unknown","T1",0.2157,0.7843,"HIGH"
6,"1","Other/Unknown","T1",0.2157,0.7843,"HIGH"
7,"1","Other/Unknown","T1",0.2157,0.7843,"HIGH"
8,"1","Other/Unknown","T1",0.2157,0.7843,"HIGH"
9,"1","Other/Unknown","T1",0.2157,0.7843,"HIGH"
10,"1","Other/Unknown","T1",0.2157,0.7843,"HIGH"
11,"1","Other/Unknown","T1",0.2157,0.7843,"HIGH"
12,"1","Other/Unknown","T1",0.2157,0.7843,"HIGH"
13,"1","Other/Unknown","T1",0.2157,0.7843,"HIGH"
14,"1","Other/Unknown","T1",0.2157,0.7843,"HIGH"
15,"1","Other/Unknown","T1",0.2157,0.7843,"HIGH"
16,"1","Other/Unknown","T1",0.2157,0.7843,"HIGH"
17,"1","Other/Unknown","T1",0.2157,0.7843,"HIGH"
18,"1","Other/Unknown","T1",0.2157,0.7843,"HIGH"
19,"1","Other/Unknown","T1",0.2157,0.7843,"HIGH"
20,"1","Other/Unknown","T1",0.2157,0.7843,"HIGH"
21,"1","Other/Unknown","T1",0.2157,0.7843,"HIGH"
22,"1","Other/Unknown","T1",0.2137,0.7863,"HIGH"
23,"1","Other/Unknown","T1",0.2137,0.7863,"HIGH"
24,"1","Other/Unknown","T1",0.2137,0.7863,"HIGH"
25,"1","Other/Unknown","T1",0.2137,0.7863,"HIGH"
26,"1","Other/Unknown","T1",0.2102,0.7898,"HIGH"
27,"1","Other/Unknown","T1",0.2102,0.7898,"HIGH"
28,"1","Other/Unknown","T1",0.2095,0.7905,"HIGH"
29,"1","Other/Unknown","T1",0.2098,0.7902,"HIGH"
30,"1","Other/Unknown","T1",0.2098,0.7902,"HIGH"
31,"1","Other/Unknown","T1",0.2108,0.7892,"HIGH"
32,"1","Other/Unknown","T1",0.2128,0.7872,"HIGH"
33,"1","Other/Unknown","T1",0.2131,0.7869,"HIGH"
34,"1","Other/Unknown","T1",0.2136,0.7864,"HIGH"
35,"1","Other/Unknown","T1",0.2186,0.7814,"HIGH"
36,"1","Other/Unknown","T1",0.2186,0.7814,"HIGH"
37,"1","Other/Unknown","T1",0.2186,0.7814,"HIGH"
38,"1","Other/Unknown","T1",0.2186,0.7814,"HIGH"
39,"1","Other/Unknown","T1",0.2186,0.7814,"HIGH"
40,"1","Other/Unknown","T1",0.2228,0.7772,"HIGH"
41,"1","Other/Unknown","T1",0.2211,0.7789,"HIGH"
42,"1","Other/Unknown","T1",0.2224,0.7776,"HIGH"
43,"1","Other/Unknown","T1",0.2215,0.7785,"HIGH"
44,"1","Other/Unknown","T1",0.2172,0.7828,"HIGH"
45,"1","Other/Unknown","T1",0.2193,0.7807,"HIGH"
46,"1","Other/Unknown","T1",0.2243,0.7757,"HIGH"
47,"1","Other/Unknown","T1",0.2278,0.7722,"HIGH"
48,"1","Other/Unknown","T1",0.2312,0.7688,"HIGH"
49,"1","Other/Unknown","T1",0.2331,0.7669,"HIGH"
50,"1","Other/Unknown","T1",0.235,0.765,"HIGH"
51,"1","Other/Unknown","T1",0.2412,0.7588,"HIGH"
52,"1","Other/Unknown","T1",0.2507,0.7493,"HIGH"
53,"1","Other/Unknown","T1",0.2619,0.7381,"HIGH"
54,"1","Other/Unknown","T1",0.2762,0.7238,"HIGH"
55,"1","Other/Unknown","T1",0.2928,0.7072,"HIGH"
56,"1","Other/Unknown","T1",0.3068,0.6932,"HIGH"
57,"1","Other/Unknown","T1",0.2934,0.7066,"HIGH"
58,"1","Other/Unknown","T1",0.2758,0.7242,"HIGH"
59,"1","Other/Unknown","T1",0.2792,0.7208,"HIGH"
60,"1","Other/Unknown","T1",0.2731,0.7269,"HIGH"
61,"1","Other/Unknown","T1",0.2856,0.7144,"HIGH"
62,"1","Other/Unknown","T1",0.2857,0.7143,"HIGH"
63,"1","Other/Unknown","T1",0.2971,0.7029,"HIGH"
64,"1","Other/Unknown","T1",0.2811,0.7189,"HIGH"
65,"1","Other/Unknown","T1",0.291,0.709,"HIGH"
66,"1","Other/Unknown","T1",0.3047,0.6953,"HIGH"
67,"1","Other/Unknown","T1",0.295,0.705,"HIGH"
68,"1","Other/Unknown","T1",0.3183,0.6817,"HIGH"
69,"1","Other/Unknown","T1",0.3216,0.6784,"HIGH"
70,"1","Other/Unknown","T1",0.3116,0.6884,"HIGH"
71,"1","Other/Unknown","T1",0.3118,0.6882,"HIGH"
72,"1","Other/Unknown","T1",0.3027,0.6973,"HIGH"
73,"1","Other/Unknown","T1",0.2982,0.7018,"HIGH"
74,"1","Other/Unknown","T1",0.3161,0.6839,"HIGH"
75,"1","Other/Unknown","T1",0.2938,0.7062,"HIGH"
76,"1","Other/Unknown","T1",0.291,0.709,"HIGH"
77,"1","Other/Unknown","T1",0.3049,0.6951,"HIGH"
78,"1","Other/Unknown","T1",0.3105,0.6895,"HIGH"
79,"1","Other/Unknown","T1",0.3064,0.6936,"HIGH"
80,"1","Other/Unknown","T1",0.3176,0.6824,"HIGH"
81,"1","Other/Unknown","T1",0.3267,0.6733,"HIGH"
82,"1","Other/Unknown","T1",0.3112,0.6888,"HIGH"
83,"1","Other/Unknown","T1",0.2891,0.7109,"HIGH"
84,"1","Other/Unknown","T1",0.2817,0.7183,"HIGH"
85,"1","Other/Unknown","T1",0.2809,0.7191,"HIGH"
86,"1","Other/Unknown","T1",0.3305,0.6695,"HIGH"
87,"1","Other/Unknown","T1",0.289,0.711,"HIGH"
88,"1","Other/Unknown","T1",0.3031,0.6969,"HIGH"
89,"1","Other/Unknown","T1",0.3171,0.6829,"HIGH"
90,"1","Other/Unknown","T1",0.2903,0.7097,"HIGH"
91,"1","Other/Unknown","T1",0.2903,0.7097,"HIGH"
92,"1","Other/Unknown","T1",0.2903,0.7097,"HIGH"
93,"1","Other/Unknown","T1",0.2903,0.7097,"HIGH"
94,"1","Other/Unknown","T1",0.2903,0.7097,"HIGH"
95,"1","Other/Unknown","T1",0.2903,0.7097,"HIGH"
96,"1","Other/Unknown","T1",0.2903,0.7097,"HIGH"
97,"1","Other/Unknown","T1",0.2903,0.7097,"HIGH"
98,"1","Other/Unknown","T1",0.2903,0.7097,"HIGH"
99,"1","Other/Unknown","T1",0.2903,0.7097,"HIGH"
0,"2","Other/Unknown","T1",0.4135,0.5865,"HIGH"
1,"2","Other/Unknown","T1",0.4135,0.5865,"HIGH"
2,"2","Other/Unknown","T1",0.4135,0.5865,"HIGH"
3,"2","Other/Unknown","T1",0.4135,0.5865,"HIGH"
4,"2","Other/Unknown","T1",0.4135,0.5865,"HIGH"
5,"2","Other/Unknown","T1",0.4135,0.5865,"HIGH"
6,"2","Other/Unknown","T1",0.4135,0.5865,"HIGH"
7,"2","Other/Unknown","T1",0.4135,0.5865,"HIGH"
8,"2","Other/Unknown","T1",0.4135,0.5865,"HIGH"
9,"2","Other/Unknown","T1",0.4135,0.5865,"HIGH"
10,"2","Other/Unknown","T1",0.4135,0.5865,"HIGH"
11,"2","Other/Unknown","T1",0.4135,0.5865,"HIGH"
12,"2","Other/Unknown","T1",0.4135,0.5865,"HIGH"
13,"2","Other/Unknown","T1",0.4135,0.5865,"HIGH"
14,"2","Other/Unknown","T1",0.4135,0.5865,"HIGH"
15,"2","Other/Unknown","T1",0.4135,0.5865,"HIGH"
16,"2","Other/Unknown","T1",0.4135,0.5865,"HIGH"
17,"2","Other/Unknown","T1",0.4135,0.5865,"HIGH"
18,"2","Other/Unknown","T1",0.4135,0.5865,"HIGH"
19,"2","Other/Unknown","T1",0.4135,0.5865,"HIGH"
20,"2","Other/Unknown","T1",0.4135,0.5865,"HIGH"
21,"2","Other/Unknown","T1",0.4135,0.5865,"HIGH"
22,"2","Other/Unknown","T1",0.4115,0.5885,"HIGH"
23,"2","Other/Unknown","T1",0.4075,0.5925,"HIGH"
24,"2","Other/Unknown","T1",0.4045,0.5955,"HIGH"
25,"2","Other/Unknown","T1",0.4045,0.5955,"HIGH"
26,"2","Other/Unknown","T1",0.3992,0.6008,"HIGH"
27,"2","Other/Unknown","T1",0.3992,0.6008,"HIGH"
28,"2","Other/Unknown","T1",0.3952,0.6048,"HIGH"
29,"2","Other/Unknown","T1",0.3972,0.6028,"HIGH"
30,"2","Other/Unknown","T1",0.3987,0.6013,"HIGH"
31,"2","Other/Unknown","T1",0.3992,0.6008,"HIGH"
32,"2","Other/Unknown","T1",0.3992,0.6008,"HIGH"
33,"2","Other/Unknown","T1",0.3988,0.6012,"HIGH"
34,"2","Other/Unknown","T1",0.4016,0.5984,"HIGH"
35,"2","Other/Unknown","T1",0.4018,0.5982,"HIGH"
36,"2","Other/Unknown","T1",0.4016,0.5984,"HIGH"
37,"2","Other/Unknown","T1",0.3996,0.6004,"HIGH"
38,"2","Other/Unknown","T1",0.4004,0.5996,"HIGH"
39,"2","Other/Unknown","T1",0.4051,0.5949,"HIGH"
40,"2","Other/Unknown","T1",0.4165,0.5835,"HIGH"
41,"2","Other/Unknown","T1",0.4315,0.5685,"HIGH"
42,"2","Other/Unknown","T1",0.4334,0.5666,"HIGH"
43,"2","Other/Unknown","T1",0.4508,0.5492,"HIGH"
44,"2","Other/Unknown","T1",0.4643,0.5357,"HIGH"
45,"2","Other/Unknown","T1",0.4822,0.5178,"HIGH"
46,"2","Other/Unknown","T1",0.4968,0.5032,"HIGH"
47,"2","Other/Unknown","T1",0.4972,0.5028,"HIGH"
48,"2","Other/Unknown","T1",0.5149,0.4851,"LOW"
49,"2","Other/Unknown","T1",0.4989,0.5011,"HIGH"
50,"2","Other/Unknown","T1",0.4761,0.5239,"HIGH"
51,"2","Other/Unknown","T1",0.4854,0.5146,"HIGH"
52,"2","Other/Unknown","T1",0.4606,0.5394,"HIGH"
53,"2","Other/Unknown","T1",0.4442,0.5558,"HIGH"
54,"2","Other/Unknown","T1",0.4406,0.5594,"HIGH"
55,"2","Other/Unknown","T1",0.4312,0.5688,"HIGH"
56,"2","Other/Unknown","T1",0.4294,0.5706,"HIGH"
57,"2","Other/Unknown","T1",0.4478,0.5522,"HIGH"
58,"2","Other/Unknown","T1",0.4538,0.5462,"HIGH"
59,"2","Other/Unknown","T1",0.4556,0.5444,"HIGH"
60,"2","Other/Unknown","T1",0.4381,0.5619,"HIGH"
61,"2","Other/Unknown","T1",0.4474,0.5526,"HIGH"
62,"2","Other/Unknown","T1",0.4389,0.5611,"HIGH"
63,"2","Other/Unknown","T1",0.4493,0.5507,"HIGH"
64,"2","Other/Unknown","T1",0.4502,0.5498,"HIGH"
65,"2","Other/Unknown","T1",0.4455,0.5545,"HIGH"
66,"2","Other/Unknown","T1",0.4509,0.5491,"HIGH"
67,"2","Other/Unknown","T1",0.4461,0.5539,"HIGH"
68,"2","Other/Unknown","T1",0.4636,0.5364,"HIGH"
69,"2","Other/Unknown","T1",0.4559,0.5441,"HIGH"
70,"2","Other/Unknown","T1",0.468,0.532,"HIGH"
71,"2","Other/Unknown","T1",0.4718,0.5282,"HIGH"
72,"2","Other/Unknown","T1",0.4629,0.5371,"HIGH"
73,"2","Other/Unknown","T1",0.4586,0.5414,"HIGH"
74,"2","Other/Unknown","T1",0.4467,0.5533,"HIGH"
75,"2","Other/Unknown","T1",0.4296,0.5704,"HIGH"
76,"2","Other/Unknown","T1",0.4451,0.5549,"HIGH"
77,"2","Other/Unknown","T1",0.4165,0.5835,"HIGH"
78,"2","Other/Unknown","T1",0.4124,0.5876,"HIGH"
79,"2","Other/Unknown","T1",0.3916,0.6084,"HIGH"
80,"2","Other/Unknown","T1",0.384,0.616,"HIGH"
81,"2","Other/Unknown","T1",0.398,0.602,"HIGH"
82,"2","Other/Unknown","T1",0.3783,0.6217,"HIGH"
83,"2","Other/Unknown","T1",0.3839,0.6161,"HIGH"
84,"2","Other/Unknown","T1",0.3824,0.6176,"HIGH"
85,"2","Other/Unknown","T1",0.357,0.643,"HIGH"
86,"2","Other/Unknown","T1",0.349,0.651,"HIGH"
87,"2","Other/Unknown","T1",0.3448,0.6552,"HIGH"
88,"2","Other/Unknown","T1",0.3447,0.6553,"HIGH"
89,"2","Other/Unknown","T1",0.3424,0.6576,"HIGH"
90,"2","Other/Unknown","T1",0.3277,0.6723,"HIGH"
91,"2","Other/Unknown","T1",0.3277,0.6723,"HIGH"
92,"2","Other/Unknown","T1",0.3277,0.6723,"HIGH"
93,"2","Other/Unknown","T1",0.3277,0.6723,"HIGH"
94,"2","Other/Unknown","T1",0.3277,0.6723,"HIGH"
95,"2","Other/Unknown","T1",0.3277,0.6723,"HIGH"
96,"2","Other/Unknown","T1",0.3277,0.6723,"HIGH"
97,"2","Other/Unknown","T1",0.3277,0.6723,"HIGH"
98,"2","Other/Unknown","T1",0.3277,0.6723,"HIGH"
99,"2","Other/Unknown","T1",0.3277,0.6723,"HIGH"
0,"1","N0","T2",0.4518,0.5482,"HIGH"
1,"1","N0","T2",0.4518,0.5482,"HIGH"
2,"1","N0","T2",0.4518,0.5482,"HIGH"
3,"1","N0","T2",0.4518,0.5482,"HIGH"
4,"1","N0","T2",0.4518,0.5482,"HIGH"
5,"1","N0","T2",0.4518,0.5482,"HIGH"
6,"1","N0","T2",0.4518,0.5482,"HIGH"
7,"1","N0","T2",0.4518,0.5482,"HIGH"
8,"1","N0","T2",0.4518,0.5482,"HIGH"
9,"1","N0","T2",0.4518,0.5482,"HIGH"
10,"1","N0","T2",0.4518,0.5482,"HIGH"
11,"1","N0","T2",0.4518,0.5482,"HIGH"
12,"1","N0","T2",0.4518,0.5482,"HIGH"
13,"1","N0","T2",0.4518,0.5482,"HIGH"
14,"1","N0","T2",0.4518,0.5482,"HIGH"
15,"1","N0","T2",0.4518,0.5482,"HIGH"
16,"1","N0","T2",0.4518,0.5482,"HIGH"
17,"1","N0","T2",0.4518,0.5482,"HIGH"
18,"1","N0","T2",0.4518,0.5482,"HIGH"
19,"1","N0","T2",0.4518,0.5482,"HIGH"
20,"1","N0","T2",0.4518,0.5482,"HIGH"
21,"1","N0","T2",0.4518,0.5482,"HIGH"
22,"1","N0","T2",0.4518,0.5482,"HIGH"
23,"1","N0","T2",0.4518,0.5482,"HIGH"
24,"1","N0","T2",0.4518,0.5482,"HIGH"
25,"1","N0","T2",0.4518,0.5482,"HIGH"
26,"1","N0","T2",0.4518,0.5482,"HIGH"
27,"1","N0","T2",0.4518,0.5482,"HIGH"
28,"1","N0","T2",0.457,0.543,"HIGH"
29,"1","N0","T2",0.457,0.543,"HIGH"
30,"1","N0","T2",0.4524,0.5476,"HIGH"
31,"1","N0","T2",0.4467,0.5533,"HIGH"
32,"1","N0","T2",0.4355,0.5645,"HIGH"
33,"1","N0","T2",0.4449,0.5551,"HIGH"
34,"1","N0","T2",0.4601,0.5399,"HIGH"
35,"1","N0","T2",0.4644,0.5356,"HIGH"
36,"1","N0","T2",0.4663,0.5337,"HIGH"
37,"1","N0","T2",0.4742,0.5258,"HIGH"
38,"1","N0","T2",0.487,0.513,"HIGH"
39,"1","N0","T2",0.4952,0.5048,"HIGH"
40,"1","N0","T2",0.5252,0.4748,"LOW"
41,"1","N0","T2",0.5521,0.4479,"LOW"
42,"1","N0","T2",0.5921,0.4079,"LOW"
43,"1","N0","T2",0.5806,0.4194,"LOW"
44,"1","N0","T2",0.5879,0.4121,"LOW"
45,"1","N0","T2",0.5635,0.4365,"LOW"
46,"1","N0","T2",0.5567,0.4433,"LOW"
47,"1","N0","T2",0.5576,0.4424,"LOW"
48,"1","N0","T2",0.5588,0.4412,"LOW"
49,"1","N0","T2",0.55,0.45,"LOW"
50,"1","N0","T2",0.5272,0.4728,"LOW"
51,"1","N0","T2",0.5426,0.4574,"LOW"
52,"1","N0","T2",0.559,0.441,"LOW"
53,"1","N0","T2",0.5636,0.4364,"LOW"
54,"1","N0","T2",0.5539,0.4461,"LOW"
55,"1","N0","T2",0.5472,0.4528,"LOW"
56,"1","N0","T2",0.5509,0.4491,"LOW"
57,"1","N0","T2",0.5595,0.4405,"LOW"
58,"1","N0","T2",0.5576,0.4424,"LOW"
59,"1","N0","T2",0.5587,0.4413,"LOW"
60,"1","N0","T2",0.5658,0.4342,"LOW"
61,"1","N0","T2",0.5673,0.4327,"LOW"
62,"1","N0","T2",0.5681,0.4319,"LOW"
63,"1","N0","T2",0.5656,0.4344,"LOW"
64,"1","N0","T2",0.5746,0.4254,"LOW"
65,"1","N0","T2",0.5796,0.4204,"LOW"
66,"1","N0","T2",0.5764,0.4236,"LOW"
67,"1","N0","T2",0.5786,0.4214,"LOW"
68,"1","N0","T2",0.577,0.423,"LOW"
69,"1","N0","T2",0.5757,0.4243,"LOW"
70,"1","N0","T2",0.5757,0.4243,"LOW"
71,"1","N0","T2",0.576,0.424,"LOW"
72,"1","N0","T2",0.5774,0.4226,"LOW"
73,"1","N0","T2",0.5749,0.4251,"LOW"
74,"1","N0","T2",0.5744,0.4256,"LOW"
75,"1","N0","T2",0.5728,0.4272,"LOW"
76,"1","N0","T2",0.5746,0.4254,"LOW"
77,"1","N0","T2",0.5721,0.4279,"LOW"
78,"1","N0","T2",0.5731,0.4269,"LOW"
79,"1","N0","T2",0.5739,0.4261,"LOW"
80,"1","N0","T2",0.5685,0.4315,"LOW"
81,"1","N0","T2",0.5716,0.4284,"LOW"
82,"1","N0","T2",0.5654,0.4346,"LOW"
83,"1","N0","T2",0.5642,0.4358,"LOW"
84,"1","N0","T2",0.5663,0.4337,"LOW"
85,"1","N0","T2",0.5586,0.4414,"LOW"
86,"1","N0","T2",0.5578,0.4422,"LOW"
87,"1","N0","T2",0.5575,0.4425,"LOW"
88,"1","N0","T2",0.5557,0.4443,"LOW"
89,"1","N0","T2",0.5974,0.4026,"LOW"
90,"1","N0","T2",0.5739,0.4261,"LOW"
91,"1","N0","T2",0.5739,0.4261,"LOW"
92,"1","N0","T2",0.5739,0.4261,"LOW"
93,"1","N0","T2",0.5739,0.4261,"LOW"
94,"1","N0","T2",0.5739,0.4261,"LOW"
95,"1","N0","T2",0.5739,0.4261,"LOW"
96,"1","N0","T2",0.5739,0.4261,"LOW"
97,"1","N0","T2",0.5739,0.4261,"LOW"
98,"1","N0","T2",0.5739,0.4261,"LOW"
99,"1","N0","T2",0.5739,0.4261,"LOW"
0,"2","N0","T2",0.4294,0.5706,"HIGH"
1,"2","N0","T2",0.4294,0.5706,"HIGH"
2,"2","N0","T2",0.4294,0.5706,"HIGH"
3,"2","N0","T2",0.4294,0.5706,"HIGH"
4,"2","N0","T2",0.4294,0.5706,"HIGH"
5,"2","N0","T2",0.4294,0.5706,"HIGH"
6,"2","N0","T2",0.4294,0.5706,"HIGH"
7,"2","N0","T2",0.4294,0.5706,"HIGH"
8,"2","N0","T2",0.4294,0.5706,"HIGH"
9,"2","N0","T2",0.4294,0.5706,"HIGH"
10,"2","N0","T2",0.4294,0.5706,"HIGH"
11,"2","N0","T2",0.4294,0.5706,"HIGH"
12,"2","N0","T2",0.4294,0.5706,"HIGH"
13,"2","N0","T2",0.4294,0.5706,"HIGH"
14,"2","N0","T2",0.4294,0.5706,"HIGH"
15,"2","N0","T2",0.4294,0.5706,"HIGH"
16,"2","N0","T2",0.4294,0.5706,"HIGH"
17,"2","N0","T2",0.4294,0.5706,"HIGH"
18,"2","N0","T2",0.4294,0.5706,"HIGH"
19,"2","N0","T2",0.4294,0.5706,"HIGH"
20,"2","N0","T2",0.4294,0.5706,"HIGH"
21,"2","N0","T2",0.4294,0.5706,"HIGH"
22,"2","N0","T2",0.4294,0.5706,"HIGH"
23,"2","N0","T2",0.4294,0.5706,"HIGH"
24,"2","N0","T2",0.4294,0.5706,"HIGH"
25,"2","N0","T2",0.4294,0.5706,"HIGH"
26,"2","N0","T2",0.4294,0.5706,"HIGH"
27,"2","N0","T2",0.4294,0.5706,"HIGH"
28,"2","N0","T2",0.4314,0.5686,"HIGH"
29,"2","N0","T2",0.4314,0.5686,"HIGH"
30,"2","N0","T2",0.4519,0.5481,"HIGH"
31,"2","N0","T2",0.4585,0.5415,"HIGH"
32,"2","N0","T2",0.4585,0.5415,"HIGH"
33,"2","N0","T2",0.4697,0.5303,"HIGH"
34,"2","N0","T2",0.4782,0.5218,"HIGH"
35,"2","N0","T2",0.482,0.518,"HIGH"
36,"2","N0","T2",0.4825,0.5175,"HIGH"
37,"2","N0","T2",0.493,0.507,"HIGH"
38,"2","N0","T2",0.4991,0.5009,"HIGH"
39,"2","N0","T2",0.5319,0.4681,"LOW"
40,"2","N0","T2",0.5378,0.4622,"LOW"
41,"2","N0","T2",0.541,0.459,"LOW"
42,"2","N0","T2",0.5989,0.4011,"LOW"
43,"2","N0","T2",0.6173,0.3827,"LOW"
44,"2","N0","T2",0.6012,0.3988,"LOW"
45,"2","N0","T2",0.5653,0.4347,"LOW"
46,"2","N0","T2",0.5713,0.4287,"LOW"
47,"2","N0","T2",0.5736,0.4264,"LOW"
48,"2","N0","T2",0.5725,0.4275,"LOW"
49,"2","N0","T2",0.5759,0.4241,"LOW"
50,"2","N0","T2",0.5813,0.4187,"LOW"
51,"2","N0","T2",0.5683,0.4317,"LOW"
52,"2","N0","T2",0.5684,0.4316,"LOW"
53,"2","N0","T2",0.5636,0.4364,"LOW"
54,"2","N0","T2",0.5715,0.4285,"LOW"
55,"2","N0","T2",0.5744,0.4256,"LOW"
56,"2","N0","T2",0.5787,0.4213,"LOW"
57,"2","N0","T2",0.5792,0.4208,"LOW"
58,"2","N0","T2",0.5797,0.4203,"LOW"
59,"2","N0","T2",0.5821,0.4179,"LOW"
60,"2","N0","T2",0.5871,0.4129,"LOW"
61,"2","N0","T2",0.5868,0.4132,"LOW"
62,"2","N0","T2",0.5916,0.4084,"LOW"
63,"2","N0","T2",0.5925,0.4075,"LOW"
64,"2","N0","T2",0.595,0.405,"LOW"
65,"2","N0","T2",0.5985,0.4015,"LOW"
66,"2","N0","T2",0.5992,0.4008,"LOW"
67,"2","N0","T2",0.6016,0.3984,"LOW"
68,"2","N0","T2",0.5989,0.4011,"LOW"
69,"2","N0","T2",0.5999,0.4001,"LOW"
70,"2","N0","T2",0.5951,0.4049,"LOW"
71,"2","N0","T2",0.5983,0.4017,"LOW"
72,"2","N0","T2",0.5975,0.4025,"LOW"
73,"2","N0","T2",0.5999,0.4001,"LOW"
74,"2","N0","T2",0.6,0.4,"LOW"
75,"2","N0","T2",0.601,0.399,"LOW"
76,"2","N0","T2",0.6009,0.3991,"LOW"
77,"2","N0","T2",0.599,0.401,"LOW"
78,"2","N0","T2",0.5969,0.4031,"LOW"
79,"2","N0","T2",0.6018,0.3982,"LOW"
80,"2","N0","T2",0.598,0.402,"LOW"
81,"2","N0","T2",0.5977,0.4023,"LOW"
82,"2","N0","T2",0.5886,0.4114,"LOW"
83,"2","N0","T2",0.5929,0.4071,"LOW"
84,"2","N0","T2",0.5975,0.4025,"LOW"
85,"2","N0","T2",0.5937,0.4063,"LOW"
86,"2","N0","T2",0.5893,0.4107,"LOW"
87,"2","N0","T2",0.6058,0.3942,"LOW"
88,"2","N0","T2",0.6066,0.3934,"LOW"
89,"2","N0","T2",0.6038,0.3962,"LOW"
90,"2","N0","T2",0.5832,0.4168,"LOW"
91,"2","N0","T2",0.5832,0.4168,"LOW"
92,"2","N0","T2",0.5832,0.4168,"LOW"
93,"2","N0","T2",0.5832,0.4168,"LOW"
94,"2","N0","T2",0.5832,0.4168,"LOW"
95,"2","N0","T2",0.5832,0.4168,"LOW"
96,"2","N0","T2",0.5832,0.4168,"LOW"
97,"2","N0","T2",0.5832,0.4168,"LOW"
98,"2","N0","T2",0.5832,0.4168,"LOW"
99,"2","N0","T2",0.5832,0.4168,"LOW"
0,"1","N1","T2",0.6489,0.3511,"LOW"
1,"1","N1","T2",0.6489,0.3511,"LOW"
2,"1","N1","T2",0.6489,0.3511,"LOW"
3,"1","N1","T2",0.6489,0.3511,"LOW"
4,"1","N1","T2",0.6489,0.3511,"LOW"
5,"1","N1","T2",0.6489,0.3511,"LOW"
6,"1","N1","T2",0.6489,0.3511,"LOW"
7,"1","N1","T2",0.6489,0.3511,"LOW"
8,"1","N1","T2",0.6489,0.3511,"LOW"
9,"1","N1","T2",0.6489,0.3511,"LOW"
10,"1","N1","T2",0.6489,0.3511,"LOW"
11,"1","N1","T2",0.6489,0.3511,"LOW"
12,"1","N1","T2",0.6489,0.3511,"LOW"
13,"1","N1","T2",0.6489,0.3511,"LOW"
14,"1","N1","T2",0.6489,0.3511,"LOW"
15,"1","N1","T2",0.6489,0.3511,"LOW"
16,"1","N1","T2",0.6489,0.3511,"LOW"
17,"1","N1","T2",0.6489,0.3511,"LOW"
18,"1","N1","T2",0.6489,0.3511,"LOW"
19,"1","N1","T2",0.6489,0.3511,"LOW"
20,"1","N1","T2",0.6489,0.3511,"LOW"
21,"1","N1","T2",0.6489,0.3511,"LOW"
22,"1","N1","T2",0.6489,0.3511,"LOW"
23,"1","N1","T2",0.6489,0.3511,"LOW"
24,"1","N1","T2",0.6489,0.3511,"LOW"
25,"1","N1","T2",0.6489,0.3511,"LOW"
26,"1","N1","T2",0.6489,0.3511,"LOW"
27,"1","N1","T2",0.6489,0.3511,"LOW"
28,"1","N1","T2",0.6529,0.3471,"LOW"
29,"1","N1","T2",0.6529,0.3471,"LOW"
30,"1","N1","T2",0.6451,0.3549,"LOW"
31,"1","N1","T2",0.6351,0.3649,"LOW"
32,"1","N1","T2",0.6155,0.3845,"LOW"
33,"1","N1","T2",0.5945,0.4055,"LOW"
34,"1","N1","T2",0.5755,0.4245,"LOW"
35,"1","N1","T2",0.5556,0.4444,"LOW"
36,"1","N1","T2",0.5698,0.4302,"LOW"
37,"1","N1","T2",0.5766,0.4234,"LOW"
38,"1","N1","T2",0.588,0.412,"LOW"
39,"1","N1","T2",0.5817,0.4183,"LOW"
40,"1","N1","T2",0.5815,0.4185,"LOW"
41,"1","N1","T2",0.5768,0.4232,"LOW"
42,"1","N1","T2",0.5698,0.4302,"LOW"
43,"1","N1","T2",0.5758,0.4242,"LOW"
44,"1","N1","T2",0.5439,0.4561,"LOW"
45,"1","N1","T2",0.5207,0.4793,"LOW"
46,"1","N1","T2",0.5106,0.4894,"LOW"
47,"1","N1","T2",0.493,0.507,"HIGH"
48,"1","N1","T2",0.487,0.513,"HIGH"
49,"1","N1","T2",0.4988,0.5012,"HIGH"
50,"1","N1","T2",0.499,0.501,"HIGH"
51,"1","N1","T2",0.5065,0.4935,"LOW"
52,"1","N1","T2",0.5013,0.4987,"LOW"
53,"1","N1","T2",0.5059,0.4941,"LOW"
54,"1","N1","T2",0.5009,0.4991,"LOW"
55,"1","N1","T2",0.4995,0.5005,"HIGH"
56,"1","N1","T2",0.4992,0.5008,"HIGH"
57,"1","N1","T2",0.4888,0.5112,"HIGH"
58,"1","N1","T2",0.5001,0.4999,"LOW"
59,"1","N1","T2",0.4986,0.5014,"HIGH"
60,"1","N1","T2",0.4971,0.5029,"HIGH"
61,"1","N1","T2",0.4951,0.5049,"HIGH"
62,"1","N1","T2",0.4967,0.5033,"HIGH"
63,"1","N1","T2",0.4983,0.5017,"HIGH"
64,"1","N1","T2",0.4982,0.5018,"HIGH"
65,"1","N1","T2",0.4947,0.5053,"HIGH"
66,"1","N1","T2",0.4905,0.5095,"HIGH"
67,"1","N1","T2",0.4936,0.5064,"HIGH"
68,"1","N1","T2",0.4952,0.5048,"HIGH"
69,"1","N1","T2",0.4985,0.5015,"HIGH"
70,"1","N1","T2",0.5036,0.4964,"LOW"
71,"1","N1","T2",0.5044,0.4956,"LOW"
72,"1","N1","T2",0.5029,0.4971,"LOW"
73,"1","N1","T2",0.4979,0.5021,"HIGH"
74,"1","N1","T2",0.5042,0.4958,"LOW"
75,"1","N1","T2",0.5082,0.4918,"LOW"
76,"1","N1","T2",0.5073,0.4927,"LOW"
77,"1","N1","T2",0.5104,0.4896,"LOW"
78,"1","N1","T2",0.5155,0.4845,"LOW"
79,"1","N1","T2",0.5107,0.4893,"LOW"
80,"1","N1","T2",0.516,0.484,"LOW"
81,"1","N1","T2",0.5116,0.4884,"LOW"
82,"1","N1","T2",0.5142,0.4858,"LOW"
83,"1","N1","T2",0.5161,0.4839,"LOW"
84,"1","N1","T2",0.5067,0.4933,"LOW"
85,"1","N1","T2",0.499,0.501,"HIGH"
86,"1","N1","T2",0.5048,0.4952,"LOW"
87,"1","N1","T2",0.5103,0.4897,"LOW"
88,"1","N1","T2",0.5279,0.4721,"LOW"
89,"1","N1","T2",0.5055,0.4945,"LOW"
90,"1","N1","T2",0.526,0.474,"LOW"
91,"1","N1","T2",0.526,0.474,"LOW"
92,"1","N1","T2",0.526,0.474,"LOW"
93,"1","N1","T2",0.526,0.474,"LOW"
94,"1","N1","T2",0.526,0.474,"LOW"
95,"1","N1","T2",0.526,0.474,"LOW"
96,"1","N1","T2",0.526,0.474,"LOW"
97,"1","N1","T2",0.526,0.474,"LOW"
98,"1","N1","T2",0.526,0.474,"LOW"
99,"1","N1","T2",0.526,0.474,"LOW"
0,"2","N1","T2",0.5834,0.4166,"LOW"
1,"2","N1","T2",0.5834,0.4166,"LOW"
2,"2","N1","T2",0.5834,0.4166,"LOW"
3,"2","N1","T2",0.5834,0.4166,"LOW"
4,"2","N1","T2",0.5834,0.4166,"LOW"
5,"2","N1","T2",0.5834,0.4166,"LOW"
6,"2","N1","T2",0.5834,0.4166,"LOW"
7,"2","N1","T2",0.5834,0.4166,"LOW"
8,"2","N1","T2",0.5834,0.4166,"LOW"
9,"2","N1","T2",0.5834,0.4166,"LOW"
10,"2","N1","T2",0.5834,0.4166,"LOW"
11,"2","N1","T2",0.5834,0.4166,"LOW"
12,"2","N1","T2",0.5834,0.4166,"LOW"
13,"2","N1","T2",0.5834,0.4166,"LOW"
14,"2","N1","T2",0.5834,0.4166,"LOW"
15,"2","N1","T2",0.5834,0.4166,"LOW"
16,"2","N1","T2",0.5834,0.4166,"LOW"
17,"2","N1","T2",0.5834,0.4166,"LOW"
18,"2","N1","T2",0.5834,0.4166,"LOW"
19,"2","N1","T2",0.5834,0.4166,"LOW"
20,"2","N1","T2",0.5834,0.4166,"LOW"
21,"2","N1","T2",0.5834,0.4166,"LOW"
22,"2","N1","T2",0.5834,0.4166,"LOW"
23,"2","N1","T2",0.5834,0.4166,"LOW"
24,"2","N1","T2",0.5834,0.4166,"LOW"
25,"2","N1","T2",0.5834,0.4166,"LOW"
26,"2","N1","T2",0.5834,0.4166,"LOW"
27,"2","N1","T2",0.5834,0.4166,"LOW"
28,"2","N1","T2",0.5854,0.4146,"LOW"
29,"2","N1","T2",0.5854,0.4146,"LOW"
30,"2","N1","T2",0.5903,0.4097,"LOW"
31,"2","N1","T2",0.5934,0.4066,"LOW"
32,"2","N1","T2",0.5915,0.4085,"LOW"
33,"2","N1","T2",0.5902,0.4098,"LOW"
34,"2","N1","T2",0.5889,0.4111,"LOW"
35,"2","N1","T2",0.5291,0.4709,"LOW"
36,"2","N1","T2",0.5526,0.4474,"LOW"
37,"2","N1","T2",0.5877,0.4123,"LOW"
38,"2","N1","T2",0.6077,0.3923,"LOW"
39,"2","N1","T2",0.6196,0.3804,"LOW"
40,"2","N1","T2",0.6078,0.3922,"LOW"
41,"2","N1","T2",0.6009,0.3991,"LOW"
42,"2","N1","T2",0.5599,0.4401,"LOW"
43,"2","N1","T2",0.5796,0.4204,"LOW"
44,"2","N1","T2",0.5643,0.4357,"LOW"
45,"2","N1","T2",0.5505,0.4495,"LOW"
46,"2","N1","T2",0.5401,0.4599,"LOW"
47,"2","N1","T2",0.5377,0.4623,"LOW"
48,"2","N1","T2",0.5291,0.4709,"LOW"
49,"2","N1","T2",0.5456,0.4544,"LOW"
50,"2","N1","T2",0.5395,0.4605,"LOW"
51,"2","N1","T2",0.5535,0.4465,"LOW"
52,"2","N1","T2",0.5619,0.4381,"LOW"
53,"2","N1","T2",0.5554,0.4446,"LOW"
54,"2","N1","T2",0.5685,0.4315,"LOW"
55,"2","N1","T2",0.5632,0.4368,"LOW"
56,"2","N1","T2",0.5674,0.4326,"LOW"
57,"2","N1","T2",0.5627,0.4373,"LOW"
58,"2","N1","T2",0.5606,0.4394,"LOW"
59,"2","N1","T2",0.5586,0.4414,"LOW"
60,"2","N1","T2",0.5605,0.4395,"LOW"
61,"2","N1","T2",0.5615,0.4385,"LOW"
62,"2","N1","T2",0.5626,0.4374,"LOW"
63,"2","N1","T2",0.5551,0.4449,"LOW"
64,"2","N1","T2",0.5583,0.4417,"LOW"
65,"2","N1","T2",0.5611,0.4389,"LOW"
66,"2","N1","T2",0.5601,0.4399,"LOW"
67,"2","N1","T2",0.5577,0.4423,"LOW"
68,"2","N1","T2",0.5582,0.4418,"LOW"
69,"2","N1","T2",0.5546,0.4454,"LOW"
70,"2","N1","T2",0.5625,0.4375,"LOW"
71,"2","N1","T2",0.5651,0.4349,"LOW"
72,"2","N1","T2",0.568,0.432,"LOW"
73,"2","N1","T2",0.5642,0.4358,"LOW"
74,"2","N1","T2",0.5598,0.4402,"LOW"
75,"2","N1","T2",0.5599,0.4401,"LOW"
76,"2","N1","T2",0.5601,0.4399,"LOW"
77,"2","N1","T2",0.5622,0.4378,"LOW"
78,"2","N1","T2",0.5585,0.4415,"LOW"
79,"2","N1","T2",0.5557,0.4443,"LOW"
80,"2","N1","T2",0.561,0.439,"LOW"
81,"2","N1","T2",0.5599,0.4401,"LOW"
82,"2","N1","T2",0.5595,0.4405,"LOW"
83,"2","N1","T2",0.5552,0.4448,"LOW"
84,"2","N1","T2",0.5443,0.4557,"LOW"
85,"2","N1","T2",0.5626,0.4374,"LOW"
86,"2","N1","T2",0.5602,0.4398,"LOW"
87,"2","N1","T2",0.5281,0.4719,"LOW"
88,"2","N1","T2",0.5338,0.4662,"LOW"
89,"2","N1","T2",0.5326,0.4674,"LOW"
90,"2","N1","T2",0.559,0.441,"LOW"
91,"2","N1","T2",0.559,0.441,"LOW"
92,"2","N1","T2",0.559,0.441,"LOW"
93,"2","N1","T2",0.559,0.441,"LOW"
94,"2","N1","T2",0.559,0.441,"LOW"
95,"2","N1","T2",0.559,0.441,"LOW"
96,"2","N1","T2",0.559,0.441,"LOW"
97,"2","N1","T2",0.559,0.441,"LOW"
98,"2","N1","T2",0.559,0.441,"LOW"
99,"2","N1","T2",0.559,0.441,"LOW"
0,"1","N2","T2",0.4,0.6,"HIGH"
1,"1","N2","T2",0.4,0.6,"HIGH"
2,"1","N2","T2",0.4,0.6,"HIGH"
3,"1","N2","T2",0.4,0.6,"HIGH"
4,"1","N2","T2",0.4,0.6,"HIGH"
5,"1","N2","T2",0.4,0.6,"HIGH"
6,"1","N2","T2",0.4,0.6,"HIGH"
7,"1","N2","T2",0.4,0.6,"HIGH"
8,"1","N2","T2",0.4,0.6,"HIGH"
9,"1","N2","T2",0.4,0.6,"HIGH"
10,"1","N2","T2",0.4,0.6,"HIGH"
11,"1","N2","T2",0.4,0.6,"HIGH"
12,"1","N2","T2",0.4,0.6,"HIGH"
13,"1","N2","T2",0.4,0.6,"HIGH"
14,"1","N2","T2",0.4,0.6,"HIGH"
15,"1","N2","T2",0.4,0.6,"HIGH"
16,"1","N2","T2",0.4,0.6,"HIGH"
17,"1","N2","T2",0.4,0.6,"HIGH"
18,"1","N2","T2",0.4,0.6,"HIGH"
19,"1","N2","T2",0.4,0.6,"HIGH"
20,"1","N2","T2",0.4,0.6,"HIGH"
21,"1","N2","T2",0.4,0.6,"HIGH"
22,"1","N2","T2",0.4,0.6,"HIGH"
23,"1","N2","T2",0.4,0.6,"HIGH"
24,"1","N2","T2",0.4,0.6,"HIGH"
25,"1","N2","T2",0.4,0.6,"HIGH"
26,"1","N2","T2",0.4,0.6,"HIGH"
27,"1","N2","T2",0.4,0.6,"HIGH"
28,"1","N2","T2",0.4472,0.5528,"HIGH"
29,"1","N2","T2",0.4706,0.5294,"HIGH"
30,"1","N2","T2",0.4913,0.5087,"HIGH"
31,"1","N2","T2",0.488,0.512,"HIGH"
32,"1","N2","T2",0.4898,0.5102,"HIGH"
33,"1","N2","T2",0.4859,0.5141,"HIGH"
34,"1","N2","T2",0.4763,0.5237,"HIGH"
35,"1","N2","T2",0.4465,0.5535,"HIGH"
36,"1","N2","T2",0.4387,0.5613,"HIGH"
37,"1","N2","T2",0.4524,0.5476,"HIGH"
38,"1","N2","T2",0.4538,0.5462,"HIGH"
39,"1","N2","T2",0.4473,0.5527,"HIGH"
40,"1","N2","T2",0.399,0.601,"HIGH"
41,"1","N2","T2",0.3935,0.6065,"HIGH"
42,"1","N2","T2",0.3905,0.6095,"HIGH"
43,"1","N2","T2",0.3892,0.6108,"HIGH"
44,"1","N2","T2",0.3881,0.6119,"HIGH"
45,"1","N2","T2",0.3797,0.6203,"HIGH"
46,"1","N2","T2",0.3797,0.6203,"HIGH"
47,"1","N2","T2",0.3822,0.6178,"HIGH"
48,"1","N2","T2",0.3839,0.6161,"HIGH"
49,"1","N2","T2",0.3867,0.6133,"HIGH"
50,"1","N2","T2",0.3852,0.6148,"HIGH"
51,"1","N2","T2",0.3896,0.6104,"HIGH"
52,"1","N2","T2",0.3891,0.6109,"HIGH"
53,"1","N2","T2",0.3905,0.6095,"HIGH"
54,"1","N2","T2",0.3903,0.6097,"HIGH"
55,"1","N2","T2",0.3892,0.6108,"HIGH"
56,"1","N2","T2",0.3898,0.6102,"HIGH"
57,"1","N2","T2",0.3887,0.6113,"HIGH"
58,"1","N2","T2",0.3884,0.6116,"HIGH"
59,"1","N2","T2",0.3882,0.6118,"HIGH"
60,"1","N2","T2",0.3867,0.6133,"HIGH"
61,"1","N2","T2",0.3856,0.6144,"HIGH"
62,"1","N2","T2",0.3852,0.6148,"HIGH"
63,"1","N2","T2",0.3865,0.6135,"HIGH"
64,"1","N2","T2",0.3856,0.6144,"HIGH"
65,"1","N2","T2",0.3834,0.6166,"HIGH"
66,"1","N2","T2",0.384,0.616,"HIGH"
67,"1","N2","T2",0.3832,0.6168,"HIGH"
68,"1","N2","T2",0.3837,0.6163,"HIGH"
69,"1","N2","T2",0.3837,0.6163,"HIGH"
70,"1","N2","T2",0.3854,0.6146,"HIGH"
71,"1","N2","T2",0.3841,0.6159,"HIGH"
72,"1","N2","T2",0.3838,0.6162,"HIGH"
73,"1","N2","T2",0.3836,0.6164,"HIGH"
74,"1","N2","T2",0.386,0.614,"HIGH"
75,"1","N2","T2",0.3848,0.6152,"HIGH"
76,"1","N2","T2",0.3852,0.6148,"HIGH"
77,"1","N2","T2",0.3848,0.6152,"HIGH"
78,"1","N2","T2",0.3859,0.6141,"HIGH"
79,"1","N2","T2",0.3832,0.6168,"HIGH"
80,"1","N2","T2",0.3855,0.6145,"HIGH"
81,"1","N2","T2",0.3848,0.6152,"HIGH"
82,"1","N2","T2",0.3795,0.6205,"HIGH"
83,"1","N2","T2",0.3805,0.6195,"HIGH"
84,"1","N2","T2",0.3784,0.6216,"HIGH"
85,"1","N2","T2",0.3727,0.6273,"HIGH"
86,"1","N2","T2",0.379,0.621,"HIGH"
87,"1","N2","T2",0.3849,0.6151,"HIGH"
88,"1","N2","T2",0.385,0.615,"HIGH"
89,"1","N2","T2",0.3934,0.6066,"HIGH"
90,"1","N2","T2",0.3997,0.6003,"HIGH"
91,"1","N2","T2",0.3997,0.6003,"HIGH"
92,"1","N2","T2",0.3997,0.6003,"HIGH"
93,"1","N2","T2",0.3997,0.6003,"HIGH"
94,"1","N2","T2",0.3997,0.6003,"HIGH"
95,"1","N2","T2",0.3997,0.6003,"HIGH"
96,"1","N2","T2",0.3997,0.6003,"HIGH"
97,"1","N2","T2",0.3997,0.6003,"HIGH"
98,"1","N2","T2",0.3997,0.6003,"HIGH"
99,"1","N2","T2",0.3997,0.6003,"HIGH"
0,"2","N2","T2",0.4736,0.5264,"HIGH"
1,"2","N2","T2",0.4736,0.5264,"HIGH"
2,"2","N2","T2",0.4736,0.5264,"HIGH"
3,"2","N2","T2",0.4736,0.5264,"HIGH"
4,"2","N2","T2",0.4736,0.5264,"HIGH"
5,"2","N2","T2",0.4736,0.5264,"HIGH"
6,"2","N2","T2",0.4736,0.5264,"HIGH"
7,"2","N2","T2",0.4736,0.5264,"HIGH"
8,"2","N2","T2",0.4736,0.5264,"HIGH"
9,"2","N2","T2",0.4736,0.5264,"HIGH"
10,"2","N2","T2",0.4736,0.5264,"HIGH"
11,"2","N2","T2",0.4736,0.5264,"HIGH"
12,"2","N2","T2",0.4736,0.5264,"HIGH"
13,"2","N2","T2",0.4736,0.5264,"HIGH"
14,"2","N2","T2",0.4736,0.5264,"HIGH"
15,"2","N2","T2",0.4736,0.5264,"HIGH"
16,"2","N2","T2",0.4736,0.5264,"HIGH"
17,"2","N2","T2",0.4736,0.5264,"HIGH"
18,"2","N2","T2",0.4736,0.5264,"HIGH"
19,"2","N2","T2",0.4736,0.5264,"HIGH"
20,"2","N2","T2",0.4736,0.5264,"HIGH"
21,"2","N2","T2",0.4736,0.5264,"HIGH"
22,"2","N2","T2",0.4736,0.5264,"HIGH"
23,"2","N2","T2",0.4736,0.5264,"HIGH"
24,"2","N2","T2",0.4736,0.5264,"HIGH"
25,"2","N2","T2",0.4736,0.5264,"HIGH"
26,"2","N2","T2",0.4736,0.5264,"HIGH"
27,"2","N2","T2",0.4736,0.5264,"HIGH"
28,"2","N2","T2",0.479,0.521,"HIGH"
29,"2","N2","T2",0.482,0.518,"HIGH"
30,"2","N2","T2",0.4912,0.5088,"HIGH"
31,"2","N2","T2",0.4323,0.5677,"HIGH"
32,"2","N2","T2",0.4302,0.5698,"HIGH"
33,"2","N2","T2",0.4369,0.5631,"HIGH"
34,"2","N2","T2",0.443,0.557,"HIGH"
35,"2","N2","T2",0.4804,0.5196,"HIGH"
36,"2","N2","T2",0.4734,0.5266,"HIGH"
37,"2","N2","T2",0.4822,0.5178,"HIGH"
38,"2","N2","T2",0.488,0.512,"HIGH"
39,"2","N2","T2",0.4765,0.5235,"HIGH"
40,"2","N2","T2",0.4458,0.5542,"HIGH"
41,"2","N2","T2",0.4526,0.5474,"HIGH"
42,"2","N2","T2",0.4582,0.5418,"HIGH"
43,"2","N2","T2",0.4563,0.5437,"HIGH"
44,"2","N2","T2",0.4513,0.5487,"HIGH"
45,"2","N2","T2",0.4601,0.5399,"HIGH"
46,"2","N2","T2",0.4607,0.5393,"HIGH"
47,"2","N2","T2",0.4615,0.5385,"HIGH"
48,"2","N2","T2",0.4573,0.5427,"HIGH"
49,"2","N2","T2",0.4607,0.5393,"HIGH"
50,"2","N2","T2",0.4598,0.5402,"HIGH"
51,"2","N2","T2",0.4578,0.5422,"HIGH"
52,"2","N2","T2",0.4591,0.5409,"HIGH"
53,"2","N2","T2",0.4593,0.5407,"HIGH"
54,"2","N2","T2",0.46,0.54,"HIGH"
55,"2","N2","T2",0.4602,0.5398,"HIGH"
56,"2","N2","T2",0.4595,0.5405,"HIGH"
57,"2","N2","T2",0.4607,0.5393,"HIGH"
58,"2","N2","T2",0.4572,0.5428,"HIGH"
59,"2","N2","T2",0.4562,0.5438,"HIGH"
60,"2","N2","T2",0.4561,0.5439,"HIGH"
61,"2","N2","T2",0.4561,0.5439,"HIGH"
62,"2","N2","T2",0.4546,0.5454,"HIGH"
63,"2","N2","T2",0.4534,0.5466,"HIGH"
64,"2","N2","T2",0.4522,0.5478,"HIGH"
65,"2","N2","T2",0.4525,0.5475,"HIGH"
66,"2","N2","T2",0.4509,0.5491,"HIGH"
67,"2","N2","T2",0.4508,0.5492,"HIGH"
68,"2","N2","T2",0.4515,0.5485,"HIGH"
69,"2","N2","T2",0.4521,0.5479,"HIGH"
70,"2","N2","T2",0.4541,0.5459,"HIGH"
71,"2","N2","T2",0.4552,0.5448,"HIGH"
72,"2","N2","T2",0.4493,0.5507,"HIGH"
73,"2","N2","T2",0.4493,0.5507,"HIGH"
74,"2","N2","T2",0.4502,0.5498,"HIGH"
75,"2","N2","T2",0.4467,0.5533,"HIGH"
76,"2","N2","T2",0.4478,0.5522,"HIGH"
77,"2","N2","T2",0.4464,0.5536,"HIGH"
78,"2","N2","T2",0.4461,0.5539,"HIGH"
79,"2","N2","T2",0.4459,0.5541,"HIGH"
80,"2","N2","T2",0.4436,0.5564,"HIGH"
81,"2","N2","T2",0.4436,0.5564,"HIGH"
82,"2","N2","T2",0.4406,0.5594,"HIGH"
83,"2","N2","T2",0.4403,0.5597,"HIGH"
84,"2","N2","T2",0.4384,0.5616,"HIGH"
85,"2","N2","T2",0.4336,0.5664,"HIGH"
86,"2","N2","T2",0.4346,0.5654,"HIGH"
87,"2","N2","T2",0.4355,0.5645,"HIGH"
88,"2","N2","T2",0.4343,0.5657,"HIGH"
89,"2","N2","T2",0.437,0.563,"HIGH"
90,"2","N2","T2",0.4406,0.5594,"HIGH"
91,"2","N2","T2",0.4406,0.5594,"HIGH"
92,"2","N2","T2",0.4406,0.5594,"HIGH"
93,"2","N2","T2",0.4406,0.5594,"HIGH"
94,"2","N2","T2",0.4406,0.5594,"HIGH"
95,"2","N2","T2",0.4406,0.5594,"HIGH"
96,"2","N2","T2",0.4406,0.5594,"HIGH"
97,"2","N2","T2",0.4406,0.5594,"HIGH"
98,"2","N2","T2",0.4406,0.5594,"HIGH"
99,"2","N2","T2",0.4406,0.5594,"HIGH"
0,"1","N3","T2",0.3402,0.6598,"HIGH"
1,"1","N3","T2",0.3402,0.6598,"HIGH"
2,"1","N3","T2",0.3402,0.6598,"HIGH"
3,"1","N3","T2",0.3402,0.6598,"HIGH"
4,"1","N3","T2",0.3402,0.6598,"HIGH"
5,"1","N3","T2",0.3402,0.6598,"HIGH"
6,"1","N3","T2",0.3402,0.6598,"HIGH"
7,"1","N3","T2",0.3402,0.6598,"HIGH"
8,"1","N3","T2",0.3402,0.6598,"HIGH"
9,"1","N3","T2",0.3402,0.6598,"HIGH"
10,"1","N3","T2",0.3402,0.6598,"HIGH"
11,"1","N3","T2",0.3402,0.6598,"HIGH"
12,"1","N3","T2",0.3402,0.6598,"HIGH"
13,"1","N3","T2",0.3402,0.6598,"HIGH"
14,"1","N3","T2",0.3402,0.6598,"HIGH"
15,"1","N3","T2",0.3402,0.6598,"HIGH"
16,"1","N3","T2",0.3402,0.6598,"HIGH"
17,"1","N3","T2",0.3402,0.6598,"HIGH"
18,"1","N3","T2",0.3402,0.6598,"HIGH"
19,"1","N3","T2",0.3402,0.6598,"HIGH"
20,"1","N3","T2",0.3402,0.6598,"HIGH"
21,"1","N3","T2",0.3402,0.6598,"HIGH"
22,"1","N3","T2",0.3402,0.6598,"HIGH"
23,"1","N3","T2",0.3402,0.6598,"HIGH"
24,"1","N3","T2",0.3402,0.6598,"HIGH"
25,"1","N3","T2",0.3402,0.6598,"HIGH"
26,"1","N3","T2",0.3402,0.6598,"HIGH"
27,"1","N3","T2",0.3402,0.6598,"HIGH"
28,"1","N3","T2",0.3529,0.6471,"HIGH"
29,"1","N3","T2",0.3611,0.6389,"HIGH"
30,"1","N3","T2",0.3702,0.6298,"HIGH"
31,"1","N3","T2",0.3827,0.6173,"HIGH"
32,"1","N3","T2",0.3914,0.6086,"HIGH"
33,"1","N3","T2",0.4079,0.5921,"HIGH"
34,"1","N3","T2",0.4501,0.5499,"HIGH"
35,"1","N3","T2",0.4289,0.5711,"HIGH"
36,"1","N3","T2",0.4036,0.5964,"HIGH"
37,"1","N3","T2",0.3803,0.6197,"HIGH"
38,"1","N3","T2",0.3598,0.6402,"HIGH"
39,"1","N3","T2",0.3366,0.6634,"HIGH"
40,"1","N3","T2",0.3259,0.6741,"HIGH"
41,"1","N3","T2",0.3256,0.6744,"HIGH"
42,"1","N3","T2",0.3328,0.6672,"HIGH"
43,"1","N3","T2",0.3349,0.6651,"HIGH"
44,"1","N3","T2",0.3403,0.6597,"HIGH"
45,"1","N3","T2",0.3573,0.6427,"HIGH"
46,"1","N3","T2",0.3585,0.6415,"HIGH"
47,"1","N3","T2",0.3567,0.6433,"HIGH"
48,"1","N3","T2",0.3416,0.6584,"HIGH"
49,"1","N3","T2",0.3444,0.6556,"HIGH"
50,"1","N3","T2",0.3539,0.6461,"HIGH"
51,"1","N3","T2",0.3526,0.6474,"HIGH"
52,"1","N3","T2",0.3546,0.6454,"HIGH"
53,"1","N3","T2",0.3578,0.6422,"HIGH"
54,"1","N3","T2",0.3573,0.6427,"HIGH"
55,"1","N3","T2",0.3611,0.6389,"HIGH"
56,"1","N3","T2",0.3594,0.6406,"HIGH"
57,"1","N3","T2",0.352,0.648,"HIGH"
58,"1","N3","T2",0.3542,0.6458,"HIGH"
59,"1","N3","T2",0.3531,0.6469,"HIGH"
60,"1","N3","T2",0.3519,0.6481,"HIGH"
61,"1","N3","T2",0.3521,0.6479,"HIGH"
62,"1","N3","T2",0.353,0.647,"HIGH"
63,"1","N3","T2",0.3554,0.6446,"HIGH"
64,"1","N3","T2",0.3558,0.6442,"HIGH"
65,"1","N3","T2",0.3578,0.6422,"HIGH"
66,"1","N3","T2",0.356,0.644,"HIGH"
67,"1","N3","T2",0.3513,0.6487,"HIGH"
68,"1","N3","T2",0.3519,0.6481,"HIGH"
69,"1","N3","T2",0.3567,0.6433,"HIGH"
70,"1","N3","T2",0.3574,0.6426,"HIGH"
71,"1","N3","T2",0.358,0.642,"HIGH"
72,"1","N3","T2",0.3597,0.6403,"HIGH"
73,"1","N3","T2",0.3586,0.6414,"HIGH"
74,"1","N3","T2",0.3522,0.6478,"HIGH"
75,"1","N3","T2",0.3542,0.6458,"HIGH"
76,"1","N3","T2",0.3545,0.6455,"HIGH"
77,"1","N3","T2",0.3561,0.6439,"HIGH"
78,"1","N3","T2",0.3577,0.6423,"HIGH"
79,"1","N3","T2",0.3649,0.6351,"HIGH"
80,"1","N3","T2",0.3615,0.6385,"HIGH"
81,"1","N3","T2",0.3562,0.6438,"HIGH"
82,"1","N3","T2",0.3559,0.6441,"HIGH"
83,"1","N3","T2",0.3536,0.6464,"HIGH"
84,"1","N3","T2",0.3613,0.6387,"HIGH"
85,"1","N3","T2",0.3681,0.6319,"HIGH"
86,"1","N3","T2",0.3715,0.6285,"HIGH"
87,"1","N3","T2",0.3798,0.6202,"HIGH"
88,"1","N3","T2",0.3758,0.6242,"HIGH"
89,"1","N3","T2",0.3589,0.6411,"HIGH"
90,"1","N3","T2",0.3696,0.6304,"HIGH"
91,"1","N3","T2",0.3696,0.6304,"HIGH"
92,"1","N3","T2",0.3696,0.6304,"HIGH"
93,"1","N3","T2",0.3696,0.6304,"HIGH"
94,"1","N3","T2",0.3696,0.6304,"HIGH"
95,"1","N3","T2",0.3696,0.6304,"HIGH"
96,"1","N3","T2",0.3696,0.6304,"HIGH"
97,"1","N3","T2",0.3696,0.6304,"HIGH"
98,"1","N3","T2",0.3696,0.6304,"HIGH"
99,"1","N3","T2",0.3696,0.6304,"HIGH"
0,"2","N3","T2",0.4457,0.5543,"HIGH"
1,"2","N3","T2",0.4457,0.5543,"HIGH"
2,"2","N3","T2",0.4457,0.5543,"HIGH"
3,"2","N3","T2",0.4457,0.5543,"HIGH"
4,"2","N3","T2",0.4457,0.5543,"HIGH"
5,"2","N3","T2",0.4457,0.5543,"HIGH"
6,"2","N3","T2",0.4457,0.5543,"HIGH"
7,"2","N3","T2",0.4457,0.5543,"HIGH"
8,"2","N3","T2",0.4457,0.5543,"HIGH"
9,"2","N3","T2",0.4457,0.5543,"HIGH"
10,"2","N3","T2",0.4457,0.5543,"HIGH"
11,"2","N3","T2",0.4457,0.5543,"HIGH"
12,"2","N3","T2",0.4457,0.5543,"HIGH"
13,"2","N3","T2",0.4457,0.5543,"HIGH"
14,"2","N3","T2",0.4457,0.5543,"HIGH"
15,"2","N3","T2",0.4457,0.5543,"HIGH"
16,"2","N3","T2",0.4457,0.5543,"HIGH"
17,"2","N3","T2",0.4457,0.5543,"HIGH"
18,"2","N3","T2",0.4457,0.5543,"HIGH"
19,"2","N3","T2",0.4457,0.5543,"HIGH"
20,"2","N3","T2",0.4457,0.5543,"HIGH"
21,"2","N3","T2",0.4457,0.5543,"HIGH"
22,"2","N3","T2",0.4457,0.5543,"HIGH"
23,"2","N3","T2",0.4457,0.5543,"HIGH"
24,"2","N3","T2",0.4457,0.5543,"HIGH"
25,"2","N3","T2",0.4457,0.5543,"HIGH"
26,"2","N3","T2",0.4457,0.5543,"HIGH"
27,"2","N3","T2",0.4457,0.5543,"HIGH"
28,"2","N3","T2",0.4489,0.5511,"HIGH"
29,"2","N3","T2",0.4505,0.5495,"HIGH"
30,"2","N3","T2",0.4513,0.5487,"HIGH"
31,"2","N3","T2",0.4532,0.5468,"HIGH"
32,"2","N3","T2",0.4562,0.5438,"HIGH"
33,"2","N3","T2",0.4581,0.5419,"HIGH"
34,"2","N3","T2",0.4652,0.5348,"HIGH"
35,"2","N3","T2",0.4651,0.5349,"HIGH"
36,"2","N3","T2",0.4606,0.5394,"HIGH"
37,"2","N3","T2",0.4555,0.5445,"HIGH"
38,"2","N3","T2",0.4566,0.5434,"HIGH"
39,"2","N3","T2",0.456,0.544,"HIGH"
40,"2","N3","T2",0.4167,0.5833,"HIGH"
41,"2","N3","T2",0.4284,0.5716,"HIGH"
42,"2","N3","T2",0.4317,0.5683,"HIGH"
43,"2","N3","T2",0.4126,0.5874,"HIGH"
44,"2","N3","T2",0.4121,0.5879,"HIGH"
45,"2","N3","T2",0.4108,0.5892,"HIGH"
46,"2","N3","T2",0.4109,0.5891,"HIGH"
47,"2","N3","T2",0.413,0.587,"HIGH"
48,"2","N3","T2",0.4022,0.5978,"HIGH"
49,"2","N3","T2",0.406,0.594,"HIGH"
50,"2","N3","T2",0.4057,0.5943,"HIGH"
51,"2","N3","T2",0.4071,0.5929,"HIGH"
52,"2","N3","T2",0.408,0.592,"HIGH"
53,"2","N3","T2",0.4017,0.5983,"HIGH"
54,"2","N3","T2",0.396,0.604,"HIGH"
55,"2","N3","T2",0.4007,0.5993,"HIGH"
56,"2","N3","T2",0.3989,0.6011,"HIGH"
57,"2","N3","T2",0.4024,0.5976,"HIGH"
58,"2","N3","T2",0.3997,0.6003,"HIGH"
59,"2","N3","T2",0.398,0.602,"HIGH"
60,"2","N3","T2",0.3981,0.6019,"HIGH"
61,"2","N3","T2",0.3948,0.6052,"HIGH"
62,"2","N3","T2",0.393,0.607,"HIGH"
63,"2","N3","T2",0.3898,0.6102,"HIGH"
64,"2","N3","T2",0.3908,0.6092,"HIGH"
65,"2","N3","T2",0.3914,0.6086,"HIGH"
66,"2","N3","T2",0.3913,0.6087,"HIGH"
67,"2","N3","T2",0.3908,0.6092,"HIGH"
68,"2","N3","T2",0.3894,0.6106,"HIGH"
69,"2","N3","T2",0.3878,0.6122,"HIGH"
70,"2","N3","T2",0.3844,0.6156,"HIGH"
71,"2","N3","T2",0.3851,0.6149,"HIGH"
72,"2","N3","T2",0.3862,0.6138,"HIGH"
73,"2","N3","T2",0.3829,0.6171,"HIGH"
74,"2","N3","T2",0.3812,0.6188,"HIGH"
75,"2","N3","T2",0.3808,0.6192,"HIGH"
76,"2","N3","T2",0.3788,0.6212,"HIGH"
77,"2","N3","T2",0.3826,0.6174,"HIGH"
78,"2","N3","T2",0.3846,0.6154,"HIGH"
79,"2","N3","T2",0.3786,0.6214,"HIGH"
80,"2","N3","T2",0.3795,0.6205,"HIGH"
81,"2","N3","T2",0.3812,0.6188,"HIGH"
82,"2","N3","T2",0.379,0.621,"HIGH"
83,"2","N3","T2",0.3812,0.6188,"HIGH"
84,"2","N3","T2",0.3719,0.6281,"HIGH"
85,"2","N3","T2",0.3763,0.6237,"HIGH"
86,"2","N3","T2",0.3916,0.6084,"HIGH"
87,"2","N3","T2",0.3694,0.6306,"HIGH"
88,"2","N3","T2",0.3476,0.6524,"HIGH"
89,"2","N3","T2",0.366,0.634,"HIGH"
90,"2","N3","T2",0.3745,0.6255,"HIGH"
91,"2","N3","T2",0.3745,0.6255,"HIGH"
92,"2","N3","T2",0.3745,0.6255,"HIGH"
93,"2","N3","T2",0.3745,0.6255,"HIGH"
94,"2","N3","T2",0.3745,0.6255,"HIGH"
95,"2","N3","T2",0.3745,0.6255,"HIGH"
96,"2","N3","T2",0.3745,0.6255,"HIGH"
97,"2","N3","T2",0.3745,0.6255,"HIGH"
98,"2","N3","T2",0.3745,0.6255,"HIGH"
99,"2","N3","T2",0.3745,0.6255,"HIGH"
0,"1","Other/Unknown","T2",0.4356,0.5644,"HIGH"
1,"1","Other/Unknown","T2",0.4356,0.5644,"HIGH"
2,"1","Other/Unknown","T2",0.4356,0.5644,"HIGH"
3,"1","Other/Unknown","T2",0.4356,0.5644,"HIGH"
4,"1","Other/Unknown","T2",0.4356,0.5644,"HIGH"
5,"1","Other/Unknown","T2",0.4356,0.5644,"HIGH"
6,"1","Other/Unknown","T2",0.4356,0.5644,"HIGH"
7,"1","Other/Unknown","T2",0.4356,0.5644,"HIGH"
8,"1","Other/Unknown","T2",0.4356,0.5644,"HIGH"
9,"1","Other/Unknown","T2",0.4356,0.5644,"HIGH"
10,"1","Other/Unknown","T2",0.4356,0.5644,"HIGH"
11,"1","Other/Unknown","T2",0.4356,0.5644,"HIGH"
12,"1","Other/Unknown","T2",0.4356,0.5644,"HIGH"
13,"1","Other/Unknown","T2",0.4356,0.5644,"HIGH"
14,"1","Other/Unknown","T2",0.4356,0.5644,"HIGH"
15,"1","Other/Unknown","T2",0.4356,0.5644,"HIGH"
16,"1","Other/Unknown","T2",0.4356,0.5644,"HIGH"
17,"1","Other/Unknown","T2",0.4356,0.5644,"HIGH"
18,"1","Other/Unknown","T2",0.4356,0.5644,"HIGH"
19,"1","Other/Unknown","T2",0.4356,0.5644,"HIGH"
20,"1","Other/Unknown","T2",0.4356,0.5644,"HIGH"
21,"1","Other/Unknown","T2",0.4356,0.5644,"HIGH"
22,"1","Other/Unknown","T2",0.4356,0.5644,"HIGH"
23,"1","Other/Unknown","T2",0.4356,0.5644,"HIGH"
24,"1","Other/Unknown","T2",0.4356,0.5644,"HIGH"
25,"1","Other/Unknown","T2",0.4356,0.5644,"HIGH"
26,"1","Other/Unknown","T2",0.4361,0.5639,"HIGH"
27,"1","Other/Unknown","T2",0.4365,0.5635,"HIGH"
28,"1","Other/Unknown","T2",0.4385,0.5615,"HIGH"
29,"1","Other/Unknown","T2",0.4385,0.5615,"HIGH"
30,"1","Other/Unknown","T2",0.436,0.564,"HIGH"
31,"1","Other/Unknown","T2",0.4326,0.5674,"HIGH"
32,"1","Other/Unknown","T2",0.4312,0.5688,"HIGH"
33,"1","Other/Unknown","T2",0.431,0.569,"HIGH"
34,"1","Other/Unknown","T2",0.4304,0.5696,"HIGH"
35,"1","Other/Unknown","T2",0.4256,0.5744,"HIGH"
36,"1","Other/Unknown","T2",0.4231,0.5769,"HIGH"
37,"1","Other/Unknown","T2",0.4202,0.5798,"HIGH"
38,"1","Other/Unknown","T2",0.4134,0.5866,"HIGH"
39,"1","Other/Unknown","T2",0.411,0.589,"HIGH"
40,"1","Other/Unknown","T2",0.4065,0.5935,"HIGH"
41,"1","Other/Unknown","T2",0.4032,0.5968,"HIGH"
42,"1","Other/Unknown","T2",0.4021,0.5979,"HIGH"
43,"1","Other/Unknown","T2",0.3907,0.6093,"HIGH"
44,"1","Other/Unknown","T2",0.3649,0.6351,"HIGH"
45,"1","Other/Unknown","T2",0.3381,0.6619,"HIGH"
46,"1","Other/Unknown","T2",0.2494,0.7506,"HIGH"
47,"1","Other/Unknown","T2",0.2285,0.7715,"HIGH"
48,"1","Other/Unknown","T2",0.2274,0.7726,"HIGH"
49,"1","Other/Unknown","T2",0.2285,0.7715,"HIGH"
50,"1","Other/Unknown","T2",0.226,0.774,"HIGH"
51,"1","Other/Unknown","T2",0.2345,0.7655,"HIGH"
52,"1","Other/Unknown","T2",0.235,0.765,"HIGH"
53,"1","Other/Unknown","T2",0.2434,0.7566,"HIGH"
54,"1","Other/Unknown","T2",0.2546,0.7454,"HIGH"
55,"1","Other/Unknown","T2",0.2725,0.7275,"HIGH"
56,"1","Other/Unknown","T2",0.292,0.708,"HIGH"
57,"1","Other/Unknown","T2",0.2801,0.7199,"HIGH"
58,"1","Other/Unknown","T2",0.2785,0.7215,"HIGH"
59,"1","Other/Unknown","T2",0.2745,0.7255,"HIGH"
60,"1","Other/Unknown","T2",0.2816,0.7184,"HIGH"
61,"1","Other/Unknown","T2",0.285,0.715,"HIGH"
62,"1","Other/Unknown","T2",0.28,0.72,"HIGH"
63,"1","Other/Unknown","T2",0.2784,0.7216,"HIGH"
64,"1","Other/Unknown","T2",0.2705,0.7295,"HIGH"
65,"1","Other/Unknown","T2",0.2835,0.7165,"HIGH"
66,"1","Other/Unknown","T2",0.2746,0.7254,"HIGH"
67,"1","Other/Unknown","T2",0.287,0.713,"HIGH"
68,"1","Other/Unknown","T2",0.2834,0.7166,"HIGH"
69,"1","Other/Unknown","T2",0.2837,0.7163,"HIGH"
70,"1","Other/Unknown","T2",0.2833,0.7167,"HIGH"
71,"1","Other/Unknown","T2",0.2645,0.7355,"HIGH"
72,"1","Other/Unknown","T2",0.2815,0.7185,"HIGH"
73,"1","Other/Unknown","T2",0.274,0.726,"HIGH"
74,"1","Other/Unknown","T2",0.2806,0.7194,"HIGH"
75,"1","Other/Unknown","T2",0.2941,0.7059,"HIGH"
76,"1","Other/Unknown","T2",0.2881,0.7119,"HIGH"
77,"1","Other/Unknown","T2",0.308,0.692,"HIGH"
78,"1","Other/Unknown","T2",0.2907,0.7093,"HIGH"
79,"1","Other/Unknown","T2",0.2833,0.7167,"HIGH"
80,"1","Other/Unknown","T2",0.2951,0.7049,"HIGH"
81,"1","Other/Unknown","T2",0.2801,0.7199,"HIGH"
82,"1","Other/Unknown","T2",0.2985,0.7015,"HIGH"
83,"1","Other/Unknown","T2",0.2993,0.7007,"HIGH"
84,"1","Other/Unknown","T2",0.303,0.697,"HIGH"
85,"1","Other/Unknown","T2",0.2913,0.7087,"HIGH"
86,"1","Other/Unknown","T2",0.2689,0.7311,"HIGH"
87,"1","Other/Unknown","T2",0.2926,0.7074,"HIGH"
88,"1","Other/Unknown","T2",0.3402,0.6598,"HIGH"
89,"1","Other/Unknown","T2",0.3388,0.6612,"HIGH"
90,"1","Other/Unknown","T2",0.3413,0.6587,"HIGH"
91,"1","Other/Unknown","T2",0.3413,0.6587,"HIGH"
92,"1","Other/Unknown","T2",0.3413,0.6587,"HIGH"
93,"1","Other/Unknown","T2",0.3413,0.6587,"HIGH"
94,"1","Other/Unknown","T2",0.3413,0.6587,"HIGH"
95,"1","Other/Unknown","T2",0.3413,0.6587,"HIGH"
96,"1","Other/Unknown","T2",0.3413,0.6587,"HIGH"
97,"1","Other/Unknown","T2",0.3413,0.6587,"HIGH"
98,"1","Other/Unknown","T2",0.3413,0.6587,"HIGH"
99,"1","Other/Unknown","T2",0.3413,0.6587,"HIGH"
0,"2","Other/Unknown","T2",0.5588,0.4412,"LOW"
1,"2","Other/Unknown","T2",0.5588,0.4412,"LOW"
2,"2","Other/Unknown","T2",0.5588,0.4412,"LOW"
3,"2","Other/Unknown","T2",0.5588,0.4412,"LOW"
4,"2","Other/Unknown","T2",0.5588,0.4412,"LOW"
5,"2","Other/Unknown","T2",0.5588,0.4412,"LOW"
6,"2","Other/Unknown","T2",0.5588,0.4412,"LOW"
7,"2","Other/Unknown","T2",0.5588,0.4412,"LOW"
8,"2","Other/Unknown","T2",0.5588,0.4412,"LOW"
9,"2","Other/Unknown","T2",0.5588,0.4412,"LOW"
10,"2","Other/Unknown","T2",0.5588,0.4412,"LOW"
11,"2","Other/Unknown","T2",0.5588,0.4412,"LOW"
12,"2","Other/Unknown","T2",0.5588,0.4412,"LOW"
13,"2","Other/Unknown","T2",0.5588,0.4412,"LOW"
14,"2","Other/Unknown","T2",0.5588,0.4412,"LOW"
15,"2","Other/Unknown","T2",0.5588,0.4412,"LOW"
16,"2","Other/Unknown","T2",0.5588,0.4412,"LOW"
17,"2","Other/Unknown","T2",0.5588,0.4412,"LOW"
18,"2","Other/Unknown","T2",0.5588,0.4412,"LOW"
19,"2","Other/Unknown","T2",0.5588,0.4412,"LOW"
20,"2","Other/Unknown","T2",0.5588,0.4412,"LOW"
21,"2","Other/Unknown","T2",0.5588,0.4412,"LOW"
22,"2","Other/Unknown","T2",0.5588,0.4412,"LOW"
23,"2","Other/Unknown","T2",0.5588,0.4412,"LOW"
24,"2","Other/Unknown","T2",0.5588,0.4412,"LOW"
25,"2","Other/Unknown","T2",0.5588,0.4412,"LOW"
26,"2","Other/Unknown","T2",0.5588,0.4412,"LOW"
27,"2","Other/Unknown","T2",0.5588,0.4412,"LOW"
28,"2","Other/Unknown","T2",0.5588,0.4412,"LOW"
29,"2","Other/Unknown","T2",0.5588,0.4412,"LOW"
30,"2","Other/Unknown","T2",0.5704,0.4296,"LOW"
31,"2","Other/Unknown","T2",0.569,0.431,"LOW"
32,"2","Other/Unknown","T2",0.5676,0.4324,"LOW"
33,"2","Other/Unknown","T2",0.5571,0.4429,"LOW"
34,"2","Other/Unknown","T2",0.5407,0.4593,"LOW"
35,"2","Other/Unknown","T2",0.5262,0.4738,"LOW"
36,"2","Other/Unknown","T2",0.5098,0.4902,"LOW"
37,"2","Other/Unknown","T2",0.4941,0.5059,"HIGH"
38,"2","Other/Unknown","T2",0.4784,0.5216,"HIGH"
39,"2","Other/Unknown","T2",0.463,0.537,"HIGH"
40,"2","Other/Unknown","T2",0.4439,0.5561,"HIGH"
41,"2","Other/Unknown","T2",0.4319,0.5681,"HIGH"
42,"2","Other/Unknown","T2",0.4232,0.5768,"HIGH"
43,"2","Other/Unknown","T2",0.413,0.587,"HIGH"
44,"2","Other/Unknown","T2",0.3954,0.6046,"HIGH"
45,"2","Other/Unknown","T2",0.3466,0.6534,"HIGH"
46,"2","Other/Unknown","T2",0.3121,0.6879,"HIGH"
47,"2","Other/Unknown","T2",0.2804,0.7196,"HIGH"
48,"2","Other/Unknown","T2",0.2802,0.7198,"HIGH"
49,"2","Other/Unknown","T2",0.2824,0.7176,"HIGH"
50,"2","Other/Unknown","T2",0.29,0.71,"HIGH"
51,"2","Other/Unknown","T2",0.3005,0.6995,"HIGH"
52,"2","Other/Unknown","T2",0.3018,0.6982,"HIGH"
53,"2","Other/Unknown","T2",0.297,0.703,"HIGH"
54,"2","Other/Unknown","T2",0.3076,0.6924,"HIGH"
55,"2","Other/Unknown","T2",0.3055,0.6945,"HIGH"
56,"2","Other/Unknown","T2",0.3058,0.6942,"HIGH"
57,"2","Other/Unknown","T2",0.3196,0.6804,"HIGH"
58,"2","Other/Unknown","T2",0.3268,0.6732,"HIGH"
59,"2","Other/Unknown","T2",0.3329,0.6671,"HIGH"
60,"2","Other/Unknown","T2",0.29,0.71,"HIGH"
61,"2","Other/Unknown","T2",0.2981,0.7019,"HIGH"
62,"2","Other/Unknown","T2",0.2867,0.7133,"HIGH"
63,"2","Other/Unknown","T2",0.296,0.704,"HIGH"
64,"2","Other/Unknown","T2",0.305,0.695,"HIGH"
65,"2","Other/Unknown","T2",0.3057,0.6943,"HIGH"
66,"2","Other/Unknown","T2",0.311,0.689,"HIGH"
67,"2","Other/Unknown","T2",0.3117,0.6883,"HIGH"
68,"2","Other/Unknown","T2",0.3359,0.6641,"HIGH"
69,"2","Other/Unknown","T2",0.3344,0.6656,"HIGH"
70,"2","Other/Unknown","T2",0.3258,0.6742,"HIGH"
71,"2","Other/Unknown","T2",0.3108,0.6892,"HIGH"
72,"2","Other/Unknown","T2",0.3153,0.6847,"HIGH"
73,"2","Other/Unknown","T2",0.3216,0.6784,"HIGH"
74,"2","Other/Unknown","T2",0.3175,0.6825,"HIGH"
75,"2","Other/Unknown","T2",0.3345,0.6655,"HIGH"
76,"2","Other/Unknown","T2",0.3388,0.6612,"HIGH"
77,"2","Other/Unknown","T2",0.3255,0.6745,"HIGH"
78,"2","Other/Unknown","T2",0.3389,0.6611,"HIGH"
79,"2","Other/Unknown","T2",0.3174,0.6826,"HIGH"
80,"2","Other/Unknown","T2",0.335,0.665,"HIGH"
81,"2","Other/Unknown","T2",0.297,0.703,"HIGH"
82,"2","Other/Unknown","T2",0.2965,0.7035,"HIGH"
83,"2","Other/Unknown","T2",0.3055,0.6945,"HIGH"
84,"2","Other/Unknown","T2",0.2719,0.7281,"HIGH"
85,"2","Other/Unknown","T2",0.265,0.735,"HIGH"
86,"2","Other/Unknown","T2",0.2615,0.7385,"HIGH"
87,"2","Other/Unknown","T2",0.2605,0.7395,"HIGH"
88,"2","Other/Unknown","T2",0.2611,0.7389,"HIGH"
89,"2","Other/Unknown","T2",0.3159,0.6841,"HIGH"
90,"2","Other/Unknown","T2",0.2749,0.7251,"HIGH"
91,"2","Other/Unknown","T2",0.2749,0.7251,"HIGH"
92,"2","Other/Unknown","T2",0.2749,0.7251,"HIGH"
93,"2","Other/Unknown","T2",0.2749,0.7251,"HIGH"
94,"2","Other/Unknown","T2",0.2749,0.7251,"HIGH"
95,"2","Other/Unknown","T2",0.2749,0.7251,"HIGH"
96,"2","Other/Unknown","T2",0.2749,0.7251,"HIGH"
97,"2","Other/Unknown","T2",0.2749,0.7251,"HIGH"
98,"2","Other/Unknown","T2",0.2749,0.7251,"HIGH"
99,"2","Other/Unknown","T2",0.2749,0.7251,"HIGH"
0,"1","N0","T3",0.5032,0.4968,"LOW"
1,"1","N0","T3",0.5032,0.4968,"LOW"
2,"1","N0","T3",0.5032,0.4968,"LOW"
3,"1","N0","T3",0.5032,0.4968,"LOW"
4,"1","N0","T3",0.5032,0.4968,"LOW"
5,"1","N0","T3",0.5032,0.4968,"LOW"
6,"1","N0","T3",0.5032,0.4968,"LOW"
7,"1","N0","T3",0.5032,0.4968,"LOW"
8,"1","N0","T3",0.5032,0.4968,"LOW"
9,"1","N0","T3",0.5032,0.4968,"LOW"
10,"1","N0","T3",0.5032,0.4968,"LOW"
11,"1","N0","T3",0.5032,0.4968,"LOW"
12,"1","N0","T3",0.5032,0.4968,"LOW"
13,"1","N0","T3",0.5032,0.4968,"LOW"
14,"1","N0","T3",0.5032,0.4968,"LOW"
15,"1","N0","T3",0.5032,0.4968,"LOW"
16,"1","N0","T3",0.5032,0.4968,"LOW"
17,"1","N0","T3",0.5032,0.4968,"LOW"
18,"1","N0","T3",0.5032,0.4968,"LOW"
19,"1","N0","T3",0.5032,0.4968,"LOW"
20,"1","N0","T3",0.5032,0.4968,"LOW"
21,"1","N0","T3",0.5032,0.4968,"LOW"
22,"1","N0","T3",0.5032,0.4968,"LOW"
23,"1","N0","T3",0.5032,0.4968,"LOW"
24,"1","N0","T3",0.5032,0.4968,"LOW"
25,"1","N0","T3",0.5032,0.4968,"LOW"
26,"1","N0","T3",0.5032,0.4968,"LOW"
27,"1","N0","T3",0.5032,0.4968,"LOW"
28,"1","N0","T3",0.5032,0.4968,"LOW"
29,"1","N0","T3",0.5032,0.4968,"LOW"
30,"1","N0","T3",0.4998,0.5002,"HIGH"
31,"1","N0","T3",0.4944,0.5056,"HIGH"
32,"1","N0","T3",0.4941,0.5059,"HIGH"
33,"1","N0","T3",0.4917,0.5083,"HIGH"
34,"1","N0","T3",0.4909,0.5091,"HIGH"
35,"1","N0","T3",0.493,0.507,"HIGH"
36,"1","N0","T3",0.4921,0.5079,"HIGH"
37,"1","N0","T3",0.4839,0.5161,"HIGH"
38,"1","N0","T3",0.463,0.537,"HIGH"
39,"1","N0","T3",0.4433,0.5567,"HIGH"
40,"1","N0","T3",0.435,0.565,"HIGH"
41,"1","N0","T3",0.4807,0.5193,"HIGH"
42,"1","N0","T3",0.5097,0.4903,"LOW"
43,"1","N0","T3",0.4637,0.5363,"HIGH"
44,"1","N0","T3",0.4501,0.5499,"HIGH"
45,"1","N0","T3",0.489,0.511,"HIGH"
46,"1","N0","T3",0.5102,0.4898,"LOW"
47,"1","N0","T3",0.4661,0.5339,"HIGH"
48,"1","N0","T3",0.4642,0.5358,"HIGH"
49,"1","N0","T3",0.4571,0.5429,"HIGH"
50,"1","N0","T3",0.4497,0.5503,"HIGH"
51,"1","N0","T3",0.4464,0.5536,"HIGH"
52,"1","N0","T3",0.4596,0.5404,"HIGH"
53,"1","N0","T3",0.4624,0.5376,"HIGH"
54,"1","N0","T3",0.4673,0.5327,"HIGH"
55,"1","N0","T3",0.4692,0.5308,"HIGH"
56,"1","N0","T3",0.4706,0.5294,"HIGH"
57,"1","N0","T3",0.4743,0.5257,"HIGH"
58,"1","N0","T3",0.476,0.524,"HIGH"
59,"1","N0","T3",0.4824,0.5176,"HIGH"
60,"1","N0","T3",0.4835,0.5165,"HIGH"
61,"1","N0","T3",0.4758,0.5242,"HIGH"
62,"1","N0","T3",0.4786,0.5214,"HIGH"
63,"1","N0","T3",0.4851,0.5149,"HIGH"
64,"1","N0","T3",0.4789,0.5211,"HIGH"
65,"1","N0","T3",0.479,0.521,"HIGH"
66,"1","N0","T3",0.4744,0.5256,"HIGH"
67,"1","N0","T3",0.4765,0.5235,"HIGH"
68,"1","N0","T3",0.4816,0.5184,"HIGH"
69,"1","N0","T3",0.4846,0.5154,"HIGH"
70,"1","N0","T3",0.4807,0.5193,"HIGH"
71,"1","N0","T3",0.4807,0.5193,"HIGH"
72,"1","N0","T3",0.4848,0.5152,"HIGH"
73,"1","N0","T3",0.4817,0.5183,"HIGH"
74,"1","N0","T3",0.4785,0.5215,"HIGH"
75,"1","N0","T3",0.4876,0.5124,"HIGH"
76,"1","N0","T3",0.4791,0.5209,"HIGH"
77,"1","N0","T3",0.4745,0.5255,"HIGH"
78,"1","N0","T3",0.4766,0.5234,"HIGH"
79,"1","N0","T3",0.4897,0.5103,"HIGH"
80,"1","N0","T3",0.4795,0.5205,"HIGH"
81,"1","N0","T3",0.4666,0.5334,"HIGH"
82,"1","N0","T3",0.4691,0.5309,"HIGH"
83,"1","N0","T3",0.4561,0.5439,"HIGH"
84,"1","N0","T3",0.4689,0.5311,"HIGH"
85,"1","N0","T3",0.4667,0.5333,"HIGH"
86,"1","N0","T3",0.4567,0.5433,"HIGH"
87,"1","N0","T3",0.4723,0.5277,"HIGH"
88,"1","N0","T3",0.4564,0.5436,"HIGH"
89,"1","N0","T3",0.443,0.557,"HIGH"
90,"1","N0","T3",0.4106,0.5894,"HIGH"
91,"1","N0","T3",0.4106,0.5894,"HIGH"
92,"1","N0","T3",0.4106,0.5894,"HIGH"
93,"1","N0","T3",0.4106,0.5894,"HIGH"
94,"1","N0","T3",0.4106,0.5894,"HIGH"
95,"1","N0","T3",0.4106,0.5894,"HIGH"
96,"1","N0","T3",0.4106,0.5894,"HIGH"
97,"1","N0","T3",0.4106,0.5894,"HIGH"
98,"1","N0","T3",0.4106,0.5894,"HIGH"
99,"1","N0","T3",0.4106,0.5894,"HIGH"
0,"2","N0","T3",0.6193,0.3807,"LOW"
1,"2","N0","T3",0.6193,0.3807,"LOW"
2,"2","N0","T3",0.6193,0.3807,"LOW"
3,"2","N0","T3",0.6193,0.3807,"LOW"
4,"2","N0","T3",0.6193,0.3807,"LOW"
5,"2","N0","T3",0.6193,0.3807,"LOW"
6,"2","N0","T3",0.6193,0.3807,"LOW"
7,"2","N0","T3",0.6193,0.3807,"LOW"
8,"2","N0","T3",0.6193,0.3807,"LOW"
9,"2","N0","T3",0.6193,0.3807,"LOW"
10,"2","N0","T3",0.6193,0.3807,"LOW"
11,"2","N0","T3",0.6193,0.3807,"LOW"
12,"2","N0","T3",0.6193,0.3807,"LOW"
13,"2","N0","T3",0.6193,0.3807,"LOW"
14,"2","N0","T3",0.6193,0.3807,"LOW"
15,"2","N0","T3",0.6193,0.3807,"LOW"
16,"2","N0","T3",0.6193,0.3807,"LOW"
17,"2","N0","T3",0.6193,0.3807,"LOW"
18,"2","N0","T3",0.6193,0.3807,"LOW"
19,"2","N0","T3",0.6193,0.3807,"LOW"
20,"2","N0","T3",0.6193,0.3807,"LOW"
21,"2","N0","T3",0.6193,0.3807,"LOW"
22,"2","N0","T3",0.6193,0.3807,"LOW"
23,"2","N0","T3",0.6193,0.3807,"LOW"
24,"2","N0","T3",0.6193,0.3807,"LOW"
25,"2","N0","T3",0.6193,0.3807,"LOW"
26,"2","N0","T3",0.6193,0.3807,"LOW"
27,"2","N0","T3",0.6193,0.3807,"LOW"
28,"2","N0","T3",0.6193,0.3807,"LOW"
29,"2","N0","T3",0.6193,0.3807,"LOW"
30,"2","N0","T3",0.5996,0.4004,"LOW"
31,"2","N0","T3",0.5867,0.4133,"LOW"
32,"2","N0","T3",0.5732,0.4268,"LOW"
33,"2","N0","T3",0.5586,0.4414,"LOW"
34,"2","N0","T3",0.5504,0.4496,"LOW"
35,"2","N0","T3",0.5521,0.4479,"LOW"
36,"2","N0","T3",0.547,0.453,"LOW"
37,"2","N0","T3",0.5411,0.4589,"LOW"
38,"2","N0","T3",0.5287,0.4713,"LOW"
39,"2","N0","T3",0.5714,0.4286,"LOW"
40,"2","N0","T3",0.5937,0.4063,"LOW"
41,"2","N0","T3",0.6192,0.3808,"LOW"
42,"2","N0","T3",0.6175,0.3825,"LOW"
43,"2","N0","T3",0.614,0.386,"LOW"
44,"2","N0","T3",0.5992,0.4008,"LOW"
45,"2","N0","T3",0.5901,0.4099,"LOW"
46,"2","N0","T3",0.5759,0.4241,"LOW"
47,"2","N0","T3",0.5673,0.4327,"LOW"
48,"2","N0","T3",0.5434,0.4566,"LOW"
49,"2","N0","T3",0.5344,0.4656,"LOW"
50,"2","N0","T3",0.5369,0.4631,"LOW"
51,"2","N0","T3",0.5389,0.4611,"LOW"
52,"2","N0","T3",0.5346,0.4654,"LOW"
53,"2","N0","T3",0.5311,0.4689,"LOW"
54,"2","N0","T3",0.525,0.475,"LOW"
55,"2","N0","T3",0.5145,0.4855,"LOW"
56,"2","N0","T3",0.5107,0.4893,"LOW"
57,"2","N0","T3",0.5094,0.4906,"LOW"
58,"2","N0","T3",0.5088,0.4912,"LOW"
59,"2","N0","T3",0.5104,0.4896,"LOW"
60,"2","N0","T3",0.5125,0.4875,"LOW"
61,"2","N0","T3",0.5102,0.4898,"LOW"
62,"2","N0","T3",0.5085,0.4915,"LOW"
63,"2","N0","T3",0.5066,0.4934,"LOW"
64,"2","N0","T3",0.5136,0.4864,"LOW"
65,"2","N0","T3",0.5154,0.4846,"LOW"
66,"2","N0","T3",0.5084,0.4916,"LOW"
67,"2","N0","T3",0.516,0.484,"LOW"
68,"2","N0","T3",0.5148,0.4852,"LOW"
69,"2","N0","T3",0.5205,0.4795,"LOW"
70,"2","N0","T3",0.5151,0.4849,"LOW"
71,"2","N0","T3",0.5154,0.4846,"LOW"
72,"2","N0","T3",0.52,0.48,"LOW"
73,"2","N0","T3",0.5181,0.4819,"LOW"
74,"2","N0","T3",0.5083,0.4917,"LOW"
75,"2","N0","T3",0.5123,0.4877,"LOW"
76,"2","N0","T3",0.5001,0.4999,"LOW"
77,"2","N0","T3",0.5021,0.4979,"LOW"
78,"2","N0","T3",0.5095,0.4905,"LOW"
79,"2","N0","T3",0.4888,0.5112,"HIGH"
80,"2","N0","T3",0.4803,0.5197,"HIGH"
81,"2","N0","T3",0.4766,0.5234,"HIGH"
82,"2","N0","T3",0.485,0.515,"HIGH"
83,"2","N0","T3",0.4829,0.5171,"HIGH"
84,"2","N0","T3",0.4886,0.5114,"HIGH"
85,"2","N0","T3",0.4879,0.5121,"HIGH"
86,"2","N0","T3",0.4685,0.5315,"HIGH"
87,"2","N0","T3",0.4595,0.5405,"HIGH"
88,"2","N0","T3",0.4525,0.5475,"HIGH"
89,"2","N0","T3",0.4469,0.5531,"HIGH"
90,"2","N0","T3",0.4254,0.5746,"HIGH"
91,"2","N0","T3",0.4254,0.5746,"HIGH"
92,"2","N0","T3",0.4254,0.5746,"HIGH"
93,"2","N0","T3",0.4254,0.5746,"HIGH"
94,"2","N0","T3",0.4254,0.5746,"HIGH"
95,"2","N0","T3",0.4254,0.5746,"HIGH"
96,"2","N0","T3",0.4254,0.5746,"HIGH"
97,"2","N0","T3",0.4254,0.5746,"HIGH"
98,"2","N0","T3",0.4254,0.5746,"HIGH"
99,"2","N0","T3",0.4254,0.5746,"HIGH"
0,"1","N1","T3",0.5061,0.4939,"LOW"
1,"1","N1","T3",0.5061,0.4939,"LOW"
2,"1","N1","T3",0.5061,0.4939,"LOW"
3,"1","N1","T3",0.5061,0.4939,"LOW"
4,"1","N1","T3",0.5061,0.4939,"LOW"
5,"1","N1","T3",0.5061,0.4939,"LOW"
6,"1","N1","T3",0.5061,0.4939,"LOW"
7,"1","N1","T3",0.5061,0.4939,"LOW"
8,"1","N1","T3",0.5061,0.4939,"LOW"
9,"1","N1","T3",0.5061,0.4939,"LOW"
10,"1","N1","T3",0.5061,0.4939,"LOW"
11,"1","N1","T3",0.5061,0.4939,"LOW"
12,"1","N1","T3",0.5061,0.4939,"LOW"
13,"1","N1","T3",0.5061,0.4939,"LOW"
14,"1","N1","T3",0.5061,0.4939,"LOW"
15,"1","N1","T3",0.5061,0.4939,"LOW"
16,"1","N1","T3",0.5061,0.4939,"LOW"
17,"1","N1","T3",0.5061,0.4939,"LOW"
18,"1","N1","T3",0.5061,0.4939,"LOW"
19,"1","N1","T3",0.5061,0.4939,"LOW"
20,"1","N1","T3",0.5061,0.4939,"LOW"
21,"1","N1","T3",0.5061,0.4939,"LOW"
22,"1","N1","T3",0.5061,0.4939,"LOW"
23,"1","N1","T3",0.5061,0.4939,"LOW"
24,"1","N1","T3",0.5061,0.4939,"LOW"
25,"1","N1","T3",0.5061,0.4939,"LOW"
26,"1","N1","T3",0.5061,0.4939,"LOW"
27,"1","N1","T3",0.5061,0.4939,"LOW"
28,"1","N1","T3",0.5061,0.4939,"LOW"
29,"1","N1","T3",0.5061,0.4939,"LOW"
30,"1","N1","T3",0.5051,0.4949,"LOW"
31,"1","N1","T3",0.5013,0.4987,"LOW"
32,"1","N1","T3",0.5029,0.4971,"LOW"
33,"1","N1","T3",0.4999,0.5001,"HIGH"
34,"1","N1","T3",0.5,0.5,"LOW"
35,"1","N1","T3",0.5,0.5,"LOW"
36,"1","N1","T3",0.4936,0.5064,"HIGH"
37,"1","N1","T3",0.4889,0.5111,"HIGH"
38,"1","N1","T3",0.4754,0.5246,"HIGH"
39,"1","N1","T3",0.4601,0.5399,"HIGH"
40,"1","N1","T3",0.4931,0.5069,"HIGH"
41,"1","N1","T3",0.5587,0.4413,"LOW"
42,"1","N1","T3",0.5651,0.4349,"LOW"
43,"1","N1","T3",0.5331,0.4669,"LOW"
44,"1","N1","T3",0.5104,0.4896,"LOW"
45,"1","N1","T3",0.4992,0.5008,"HIGH"
46,"1","N1","T3",0.4894,0.5106,"HIGH"
47,"1","N1","T3",0.5245,0.4755,"LOW"
48,"1","N1","T3",0.4764,0.5236,"HIGH"
49,"1","N1","T3",0.4711,0.5289,"HIGH"
50,"1","N1","T3",0.4782,0.5218,"HIGH"
51,"1","N1","T3",0.4686,0.5314,"HIGH"
52,"1","N1","T3",0.4739,0.5261,"HIGH"
53,"1","N1","T3",0.4932,0.5068,"HIGH"
54,"1","N1","T3",0.4811,0.5189,"HIGH"
55,"1","N1","T3",0.4612,0.5388,"HIGH"
56,"1","N1","T3",0.4558,0.5442,"HIGH"
57,"1","N1","T3",0.4707,0.5293,"HIGH"
58,"1","N1","T3",0.4718,0.5282,"HIGH"
59,"1","N1","T3",0.4745,0.5255,"HIGH"
60,"1","N1","T3",0.4692,0.5308,"HIGH"
61,"1","N1","T3",0.4815,0.5185,"HIGH"
62,"1","N1","T3",0.4718,0.5282,"HIGH"
63,"1","N1","T3",0.4657,0.5343,"HIGH"
64,"1","N1","T3",0.4669,0.5331,"HIGH"
65,"1","N1","T3",0.467,0.533,"HIGH"
66,"1","N1","T3",0.4534,0.5466,"HIGH"
67,"1","N1","T3",0.4547,0.5453,"HIGH"
68,"1","N1","T3",0.4535,0.5465,"HIGH"
69,"1","N1","T3",0.453,0.547,"HIGH"
70,"1","N1","T3",0.4608,0.5392,"HIGH"
71,"1","N1","T3",0.4601,0.5399,"HIGH"
72,"1","N1","T3",0.4604,0.5396,"HIGH"
73,"1","N1","T3",0.4555,0.5445,"HIGH"
74,"1","N1","T3",0.4535,0.5465,"HIGH"
75,"1","N1","T3",0.4465,0.5535,"HIGH"
76,"1","N1","T3",0.4449,0.5551,"HIGH"
77,"1","N1","T3",0.4513,0.5487,"HIGH"
78,"1","N1","T3",0.4529,0.5471,"HIGH"
79,"1","N1","T3",0.4613,0.5387,"HIGH"
80,"1","N1","T3",0.4652,0.5348,"HIGH"
81,"1","N1","T3",0.4654,0.5346,"HIGH"
82,"1","N1","T3",0.4497,0.5503,"HIGH"
83,"1","N1","T3",0.4606,0.5394,"HIGH"
84,"1","N1","T3",0.4583,0.5417,"HIGH"
85,"1","N1","T3",0.4578,0.5422,"HIGH"
86,"1","N1","T3",0.4453,0.5547,"HIGH"
87,"1","N1","T3",0.5085,0.4915,"LOW"
88,"1","N1","T3",0.4984,0.5016,"HIGH"
89,"1","N1","T3",0.5407,0.4593,"LOW"
90,"1","N1","T3",0.5748,0.4252,"LOW"
91,"1","N1","T3",0.5748,0.4252,"LOW"
92,"1","N1","T3",0.5748,0.4252,"LOW"
93,"1","N1","T3",0.5748,0.4252,"LOW"
94,"1","N1","T3",0.5748,0.4252,"LOW"
95,"1","N1","T3",0.5748,0.4252,"LOW"
96,"1","N1","T3",0.5748,0.4252,"LOW"
97,"1","N1","T3",0.5748,0.4252,"LOW"
98,"1","N1","T3",0.5748,0.4252,"LOW"
99,"1","N1","T3",0.5748,0.4252,"LOW"
0,"2","N1","T3",0.5882,0.4118,"LOW"
1,"2","N1","T3",0.5882,0.4118,"LOW"
2,"2","N1","T3",0.5882,0.4118,"LOW"
3,"2","N1","T3",0.5882,0.4118,"LOW"
4,"2","N1","T3",0.5882,0.4118,"LOW"
5,"2","N1","T3",0.5882,0.4118,"LOW"
6,"2","N1","T3",0.5882,0.4118,"LOW"
7,"2","N1","T3",0.5882,0.4118,"LOW"
8,"2","N1","T3",0.5882,0.4118,"LOW"
9,"2","N1","T3",0.5882,0.4118,"LOW"
10,"2","N1","T3",0.5882,0.4118,"LOW"
11,"2","N1","T3",0.5882,0.4118,"LOW"
12,"2","N1","T3",0.5882,0.4118,"LOW"
13,"2","N1","T3",0.5882,0.4118,"LOW"
14,"2","N1","T3",0.5882,0.4118,"LOW"
15,"2","N1","T3",0.5882,0.4118,"LOW"
16,"2","N1","T3",0.5882,0.4118,"LOW"
17,"2","N1","T3",0.5882,0.4118,"LOW"
18,"2","N1","T3",0.5882,0.4118,"LOW"
19,"2","N1","T3",0.5882,0.4118,"LOW"
20,"2","N1","T3",0.5882,0.4118,"LOW"
21,"2","N1","T3",0.5882,0.4118,"LOW"
22,"2","N1","T3",0.5882,0.4118,"LOW"
23,"2","N1","T3",0.5882,0.4118,"LOW"
24,"2","N1","T3",0.5882,0.4118,"LOW"
25,"2","N1","T3",0.5882,0.4118,"LOW"
26,"2","N1","T3",0.5882,0.4118,"LOW"
27,"2","N1","T3",0.5882,0.4118,"LOW"
28,"2","N1","T3",0.5882,0.4118,"LOW"
29,"2","N1","T3",0.5882,0.4118,"LOW"
30,"2","N1","T3",0.5832,0.4168,"LOW"
31,"2","N1","T3",0.5792,0.4208,"LOW"
32,"2","N1","T3",0.5792,0.4208,"LOW"
33,"2","N1","T3",0.5772,0.4228,"LOW"
34,"2","N1","T3",0.5802,0.4198,"LOW"
35,"2","N1","T3",0.5811,0.4189,"LOW"
36,"2","N1","T3",0.559,0.441,"LOW"
37,"2","N1","T3",0.5445,0.4555,"LOW"
38,"2","N1","T3",0.4838,0.5162,"HIGH"
39,"2","N1","T3",0.4483,0.5517,"HIGH"
40,"2","N1","T3",0.4351,0.5649,"HIGH"
41,"2","N1","T3",0.4617,0.5383,"HIGH"
42,"2","N1","T3",0.4639,0.5361,"HIGH"
43,"2","N1","T3",0.488,0.512,"HIGH"
44,"2","N1","T3",0.4975,0.5025,"HIGH"
45,"2","N1","T3",0.5141,0.4859,"LOW"
46,"2","N1","T3",0.5177,0.4823,"LOW"
47,"2","N1","T3",0.4787,0.5213,"HIGH"
48,"2","N1","T3",0.4611,0.5389,"HIGH"
49,"2","N1","T3",0.4948,0.5052,"HIGH"
50,"2","N1","T3",0.5085,0.4915,"LOW"
51,"2","N1","T3",0.4892,0.5108,"HIGH"
52,"2","N1","T3",0.494,0.506,"HIGH"
53,"2","N1","T3",0.5042,0.4958,"LOW"
54,"2","N1","T3",0.5186,0.4814,"LOW"
55,"2","N1","T3",0.4904,0.5096,"HIGH"
56,"2","N1","T3",0.4964,0.5036,"HIGH"
57,"2","N1","T3",0.495,0.505,"HIGH"
58,"2","N1","T3",0.502,0.498,"LOW"
59,"2","N1","T3",0.4964,0.5036,"HIGH"
60,"2","N1","T3",0.4975,0.5025,"HIGH"
61,"2","N1","T3",0.4982,0.5018,"HIGH"
62,"2","N1","T3",0.4922,0.5078,"HIGH"
63,"2","N1","T3",0.4916,0.5084,"HIGH"
64,"2","N1","T3",0.492,0.508,"HIGH"
65,"2","N1","T3",0.4914,0.5086,"HIGH"
66,"2","N1","T3",0.4946,0.5054,"HIGH"
67,"2","N1","T3",0.4935,0.5065,"HIGH"
68,"2","N1","T3",0.4945,0.5055,"HIGH"
69,"2","N1","T3",0.4881,0.5119,"HIGH"
70,"2","N1","T3",0.4848,0.5152,"HIGH"
71,"2","N1","T3",0.4911,0.5089,"HIGH"
72,"2","N1","T3",0.4974,0.5026,"HIGH"
73,"2","N1","T3",0.5061,0.4939,"LOW"
74,"2","N1","T3",0.5133,0.4867,"LOW"
75,"2","N1","T3",0.5023,0.4977,"LOW"
76,"2","N1","T3",0.5142,0.4858,"LOW"
77,"2","N1","T3",0.5165,0.4835,"LOW"
78,"2","N1","T3",0.5119,0.4881,"LOW"
79,"2","N1","T3",0.5171,0.4829,"LOW"
80,"2","N1","T3",0.5096,0.4904,"LOW"
81,"2","N1","T3",0.5121,0.4879,"LOW"
82,"2","N1","T3",0.4774,0.5226,"HIGH"
83,"2","N1","T3",0.4886,0.5114,"HIGH"
84,"2","N1","T3",0.4811,0.5189,"HIGH"
85,"2","N1","T3",0.479,0.521,"HIGH"
86,"2","N1","T3",0.4534,0.5466,"HIGH"
87,"2","N1","T3",0.4506,0.5494,"HIGH"
88,"2","N1","T3",0.4427,0.5573,"HIGH"
89,"2","N1","T3",0.3997,0.6003,"HIGH"
90,"2","N1","T3",0.427,0.573,"HIGH"
91,"2","N1","T3",0.427,0.573,"HIGH"
92,"2","N1","T3",0.427,0.573,"HIGH"
93,"2","N1","T3",0.427,0.573,"HIGH"
94,"2","N1","T3",0.427,0.573,"HIGH"
95,"2","N1","T3",0.427,0.573,"HIGH"
96,"2","N1","T3",0.427,0.573,"HIGH"
97,"2","N1","T3",0.427,0.573,"HIGH"
98,"2","N1","T3",0.427,0.573,"HIGH"
99,"2","N1","T3",0.427,0.573,"HIGH"
0,"1","N2","T3",0.5329,0.4671,"LOW"
1,"1","N2","T3",0.5329,0.4671,"LOW"
2,"1","N2","T3",0.5329,0.4671,"LOW"
3,"1","N2","T3",0.5329,0.4671,"LOW"
4,"1","N2","T3",0.5329,0.4671,"LOW"
5,"1","N2","T3",0.5329,0.4671,"LOW"
6,"1","N2","T3",0.5329,0.4671,"LOW"
7,"1","N2","T3",0.5329,0.4671,"LOW"
8,"1","N2","T3",0.5329,0.4671,"LOW"
9,"1","N2","T3",0.5329,0.4671,"LOW"
10,"1","N2","T3",0.5329,0.4671,"LOW"
11,"1","N2","T3",0.5329,0.4671,"LOW"
12,"1","N2","T3",0.5329,0.4671,"LOW"
13,"1","N2","T3",0.5329,0.4671,"LOW"
14,"1","N2","T3",0.5329,0.4671,"LOW"
15,"1","N2","T3",0.5329,0.4671,"LOW"
16,"1","N2","T3",0.5329,0.4671,"LOW"
17,"1","N2","T3",0.5329,0.4671,"LOW"
18,"1","N2","T3",0.5329,0.4671,"LOW"
19,"1","N2","T3",0.5329,0.4671,"LOW"
20,"1","N2","T3",0.5329,0.4671,"LOW"
21,"1","N2","T3",0.5329,0.4671,"LOW"
22,"1","N2","T3",0.5329,0.4671,"LOW"
23,"1","N2","T3",0.5329,0.4671,"LOW"
24,"1","N2","T3",0.5329,0.4671,"LOW"
25,"1","N2","T3",0.5329,0.4671,"LOW"
26,"1","N2","T3",0.5329,0.4671,"LOW"
27,"1","N2","T3",0.5329,0.4671,"LOW"
28,"1","N2","T3",0.5329,0.4671,"LOW"
29,"1","N2","T3",0.5329,0.4671,"LOW"
30,"1","N2","T3",0.5274,0.4726,"LOW"
31,"1","N2","T3",0.5195,0.4805,"LOW"
32,"1","N2","T3",0.5085,0.4915,"LOW"
33,"1","N2","T3",0.4966,0.5034,"HIGH"
34,"1","N2","T3",0.4861,0.5139,"HIGH"
35,"1","N2","T3",0.4712,0.5288,"HIGH"
36,"1","N2","T3",0.4622,0.5378,"HIGH"
37,"1","N2","T3",0.4311,0.5689,"HIGH"
38,"1","N2","T3",0.3928,0.6072,"HIGH"
39,"1","N2","T3",0.3716,0.6284,"HIGH"
40,"1","N2","T3",0.3448,0.6552,"HIGH"
41,"1","N2","T3",0.3424,0.6576,"HIGH"
42,"1","N2","T3",0.3472,0.6528,"HIGH"
43,"1","N2","T3",0.3447,0.6553,"HIGH"
44,"1","N2","T3",0.3394,0.6606,"HIGH"
45,"1","N2","T3",0.3368,0.6632,"HIGH"
46,"1","N2","T3",0.3316,0.6684,"HIGH"
47,"1","N2","T3",0.3357,0.6643,"HIGH"
48,"1","N2","T3",0.3401,0.6599,"HIGH"
49,"1","N2","T3",0.3446,0.6554,"HIGH"
50,"1","N2","T3",0.3375,0.6625,"HIGH"
51,"1","N2","T3",0.3428,0.6572,"HIGH"
52,"1","N2","T3",0.3428,0.6572,"HIGH"
53,"1","N2","T3",0.3462,0.6538,"HIGH"
54,"1","N2","T3",0.351,0.649,"HIGH"
55,"1","N2","T3",0.3493,0.6507,"HIGH"
56,"1","N2","T3",0.3513,0.6487,"HIGH"
57,"1","N2","T3",0.3519,0.6481,"HIGH"
58,"1","N2","T3",0.3497,0.6503,"HIGH"
59,"1","N2","T3",0.3496,0.6504,"HIGH"
60,"1","N2","T3",0.3508,0.6492,"HIGH"
61,"1","N2","T3",0.3526,0.6474,"HIGH"
62,"1","N2","T3",0.3507,0.6493,"HIGH"
63,"1","N2","T3",0.3487,0.6513,"HIGH"
64,"1","N2","T3",0.3497,0.6503,"HIGH"
65,"1","N2","T3",0.3465,0.6535,"HIGH"
66,"1","N2","T3",0.3466,0.6534,"HIGH"
67,"1","N2","T3",0.3449,0.6551,"HIGH"
68,"1","N2","T3",0.3469,0.6531,"HIGH"
69,"1","N2","T3",0.3458,0.6542,"HIGH"
70,"1","N2","T3",0.3458,0.6542,"HIGH"
71,"1","N2","T3",0.3435,0.6565,"HIGH"
72,"1","N2","T3",0.3417,0.6583,"HIGH"
73,"1","N2","T3",0.3423,0.6577,"HIGH"
74,"1","N2","T3",0.3433,0.6567,"HIGH"
75,"1","N2","T3",0.342,0.658,"HIGH"
76,"1","N2","T3",0.3398,0.6602,"HIGH"
77,"1","N2","T3",0.34,0.66,"HIGH"
78,"1","N2","T3",0.3388,0.6612,"HIGH"
79,"1","N2","T3",0.3414,0.6586,"HIGH"
80,"1","N2","T3",0.3396,0.6604,"HIGH"
81,"1","N2","T3",0.3393,0.6607,"HIGH"
82,"1","N2","T3",0.3406,0.6594,"HIGH"
83,"1","N2","T3",0.3391,0.6609,"HIGH"
84,"1","N2","T3",0.3352,0.6648,"HIGH"
85,"1","N2","T3",0.339,0.661,"HIGH"
86,"1","N2","T3",0.3356,0.6644,"HIGH"
87,"1","N2","T3",0.3336,0.6664,"HIGH"
88,"1","N2","T3",0.3363,0.6637,"HIGH"
89,"1","N2","T3",0.3459,0.6541,"HIGH"
90,"1","N2","T3",0.3122,0.6878,"HIGH"
91,"1","N2","T3",0.3122,0.6878,"HIGH"
92,"1","N2","T3",0.3122,0.6878,"HIGH"
93,"1","N2","T3",0.3122,0.6878,"HIGH"
94,"1","N2","T3",0.3122,0.6878,"HIGH"
95,"1","N2","T3",0.3122,0.6878,"HIGH"
96,"1","N2","T3",0.3122,0.6878,"HIGH"
97,"1","N2","T3",0.3122,0.6878,"HIGH"
98,"1","N2","T3",0.3122,0.6878,"HIGH"
99,"1","N2","T3",0.3122,0.6878,"HIGH"
0,"2","N2","T3",0.3572,0.6428,"HIGH"
1,"2","N2","T3",0.3572,0.6428,"HIGH"
2,"2","N2","T3",0.3572,0.6428,"HIGH"
3,"2","N2","T3",0.3572,0.6428,"HIGH"
4,"2","N2","T3",0.3572,0.6428,"HIGH"
5,"2","N2","T3",0.3572,0.6428,"HIGH"
6,"2","N2","T3",0.3572,0.6428,"HIGH"
7,"2","N2","T3",0.3572,0.6428,"HIGH"
8,"2","N2","T3",0.3572,0.6428,"HIGH"
9,"2","N2","T3",0.3572,0.6428,"HIGH"
10,"2","N2","T3",0.3572,0.6428,"HIGH"
11,"2","N2","T3",0.3572,0.6428,"HIGH"
12,"2","N2","T3",0.3572,0.6428,"HIGH"
13,"2","N2","T3",0.3572,0.6428,"HIGH"
14,"2","N2","T3",0.3572,0.6428,"HIGH"
15,"2","N2","T3",0.3572,0.6428,"HIGH"
16,"2","N2","T3",0.3572,0.6428,"HIGH"
17,"2","N2","T3",0.3572,0.6428,"HIGH"
18,"2","N2","T3",0.3572,0.6428,"HIGH"
19,"2","N2","T3",0.3572,0.6428,"HIGH"
20,"2","N2","T3",0.3572,0.6428,"HIGH"
21,"2","N2","T3",0.3572,0.6428,"HIGH"
22,"2","N2","T3",0.3572,0.6428,"HIGH"
23,"2","N2","T3",0.3572,0.6428,"HIGH"
24,"2","N2","T3",0.3572,0.6428,"HIGH"
25,"2","N2","T3",0.3572,0.6428,"HIGH"
26,"2","N2","T3",0.3572,0.6428,"HIGH"
27,"2","N2","T3",0.3572,0.6428,"HIGH"
28,"2","N2","T3",0.3572,0.6428,"HIGH"
29,"2","N2","T3",0.3572,0.6428,"HIGH"
30,"2","N2","T3",0.3478,0.6522,"HIGH"
31,"2","N2","T3",0.3426,0.6574,"HIGH"
32,"2","N2","T3",0.3396,0.6604,"HIGH"
33,"2","N2","T3",0.3364,0.6636,"HIGH"
34,"2","N2","T3",0.3305,0.6695,"HIGH"
35,"2","N2","T3",0.3305,0.6695,"HIGH"
36,"2","N2","T3",0.3355,0.6645,"HIGH"
37,"2","N2","T3",0.3427,0.6573,"HIGH"
38,"2","N2","T3",0.3532,0.6468,"HIGH"
39,"2","N2","T3",0.3725,0.6275,"HIGH"
40,"2","N2","T3",0.4152,0.5848,"HIGH"
41,"2","N2","T3",0.3963,0.6037,"HIGH"
42,"2","N2","T3",0.4123,0.5877,"HIGH"
43,"2","N2","T3",0.4207,0.5793,"HIGH"
44,"2","N2","T3",0.4197,0.5803,"HIGH"
45,"2","N2","T3",0.4279,0.5721,"HIGH"
46,"2","N2","T3",0.4273,0.5727,"HIGH"
47,"2","N2","T3",0.4228,0.5772,"HIGH"
48,"2","N2","T3",0.4211,0.5789,"HIGH"
49,"2","N2","T3",0.415,0.585,"HIGH"
50,"2","N2","T3",0.4158,0.5842,"HIGH"
51,"2","N2","T3",0.4118,0.5882,"HIGH"
52,"2","N2","T3",0.4149,0.5851,"HIGH"
53,"2","N2","T3",0.4113,0.5887,"HIGH"
54,"2","N2","T3",0.4081,0.5919,"HIGH"
55,"2","N2","T3",0.4089,0.5911,"HIGH"
56,"2","N2","T3",0.4072,0.5928,"HIGH"
57,"2","N2","T3",0.4098,0.5902,"HIGH"
58,"2","N2","T3",0.4115,0.5885,"HIGH"
59,"2","N2","T3",0.4094,0.5906,"HIGH"
60,"2","N2","T3",0.4078,0.5922,"HIGH"
61,"2","N2","T3",0.4076,0.5924,"HIGH"
62,"2","N2","T3",0.4061,0.5939,"HIGH"
63,"2","N2","T3",0.4061,0.5939,"HIGH"
64,"2","N2","T3",0.4081,0.5919,"HIGH"
65,"2","N2","T3",0.4067,0.5933,"HIGH"
66,"2","N2","T3",0.4052,0.5948,"HIGH"
67,"2","N2","T3",0.4031,0.5969,"HIGH"
68,"2","N2","T3",0.4047,0.5953,"HIGH"
69,"2","N2","T3",0.4072,0.5928,"HIGH"
70,"2","N2","T3",0.406,0.594,"HIGH"
71,"2","N2","T3",0.4016,0.5984,"HIGH"
72,"2","N2","T3",0.4008,0.5992,"HIGH"
73,"2","N2","T3",0.3989,0.6011,"HIGH"
74,"2","N2","T3",0.398,0.602,"HIGH"
75,"2","N2","T3",0.3977,0.6023,"HIGH"
76,"2","N2","T3",0.3968,0.6032,"HIGH"
77,"2","N2","T3",0.3983,0.6017,"HIGH"
78,"2","N2","T3",0.3994,0.6006,"HIGH"
79,"2","N2","T3",0.4,0.6,"HIGH"
80,"2","N2","T3",0.3987,0.6013,"HIGH"
81,"2","N2","T3",0.3977,0.6023,"HIGH"
82,"2","N2","T3",0.3974,0.6026,"HIGH"
83,"2","N2","T3",0.3996,0.6004,"HIGH"
84,"2","N2","T3",0.3933,0.6067,"HIGH"
85,"2","N2","T3",0.3877,0.6123,"HIGH"
86,"2","N2","T3",0.3977,0.6023,"HIGH"
87,"2","N2","T3",0.4029,0.5971,"HIGH"
88,"2","N2","T3",0.4111,0.5889,"HIGH"
89,"2","N2","T3",0.3943,0.6057,"HIGH"
90,"2","N2","T3",0.4061,0.5939,"HIGH"
91,"2","N2","T3",0.4061,0.5939,"HIGH"
92,"2","N2","T3",0.4061,0.5939,"HIGH"
93,"2","N2","T3",0.4061,0.5939,"HIGH"
94,"2","N2","T3",0.4061,0.5939,"HIGH"
95,"2","N2","T3",0.4061,0.5939,"HIGH"
96,"2","N2","T3",0.4061,0.5939,"HIGH"
97,"2","N2","T3",0.4061,0.5939,"HIGH"
98,"2","N2","T3",0.4061,0.5939,"HIGH"
99,"2","N2","T3",0.4061,0.5939,"HIGH"
0,"1","N3","T3",0.3168,0.6832,"HIGH"
1,"1","N3","T3",0.3168,0.6832,"HIGH"
2,"1","N3","T3",0.3168,0.6832,"HIGH"
3,"1","N3","T3",0.3168,0.6832,"HIGH"
4,"1","N3","T3",0.3168,0.6832,"HIGH"
5,"1","N3","T3",0.3168,0.6832,"HIGH"
6,"1","N3","T3",0.3168,0.6832,"HIGH"
7,"1","N3","T3",0.3168,0.6832,"HIGH"
8,"1","N3","T3",0.3168,0.6832,"HIGH"
9,"1","N3","T3",0.3168,0.6832,"HIGH"
10,"1","N3","T3",0.3168,0.6832,"HIGH"
11,"1","N3","T3",0.3168,0.6832,"HIGH"
12,"1","N3","T3",0.3168,0.6832,"HIGH"
13,"1","N3","T3",0.3168,0.6832,"HIGH"
14,"1","N3","T3",0.3168,0.6832,"HIGH"
15,"1","N3","T3",0.3168,0.6832,"HIGH"
16,"1","N3","T3",0.3168,0.6832,"HIGH"
17,"1","N3","T3",0.3168,0.6832,"HIGH"
18,"1","N3","T3",0.3168,0.6832,"HIGH"
19,"1","N3","T3",0.3168,0.6832,"HIGH"
20,"1","N3","T3",0.3168,0.6832,"HIGH"
21,"1","N3","T3",0.3168,0.6832,"HIGH"
22,"1","N3","T3",0.3168,0.6832,"HIGH"
23,"1","N3","T3",0.3168,0.6832,"HIGH"
24,"1","N3","T3",0.3168,0.6832,"HIGH"
25,"1","N3","T3",0.3168,0.6832,"HIGH"
26,"1","N3","T3",0.3168,0.6832,"HIGH"
27,"1","N3","T3",0.3168,0.6832,"HIGH"
28,"1","N3","T3",0.3168,0.6832,"HIGH"
29,"1","N3","T3",0.318,0.682,"HIGH"
30,"1","N3","T3",0.318,0.682,"HIGH"
31,"1","N3","T3",0.3156,0.6844,"HIGH"
32,"1","N3","T3",0.3166,0.6834,"HIGH"
33,"1","N3","T3",0.3156,0.6844,"HIGH"
34,"1","N3","T3",0.3161,0.6839,"HIGH"
35,"1","N3","T3",0.3141,0.6859,"HIGH"
36,"1","N3","T3",0.3085,0.6915,"HIGH"
37,"1","N3","T3",0.2997,0.7003,"HIGH"
38,"1","N3","T3",0.2977,0.7023,"HIGH"
39,"1","N3","T3",0.2998,0.7002,"HIGH"
40,"1","N3","T3",0.254,0.746,"HIGH"
41,"1","N3","T3",0.2548,0.7452,"HIGH"
42,"1","N3","T3",0.2726,0.7274,"HIGH"
43,"1","N3","T3",0.2652,0.7348,"HIGH"
44,"1","N3","T3",0.2845,0.7155,"HIGH"
45,"1","N3","T3",0.2999,0.7001,"HIGH"
46,"1","N3","T3",0.3101,0.6899,"HIGH"
47,"1","N3","T3",0.3261,0.6739,"HIGH"
48,"1","N3","T3",0.3105,0.6895,"HIGH"
49,"1","N3","T3",0.316,0.684,"HIGH"
50,"1","N3","T3",0.3073,0.6927,"HIGH"
51,"1","N3","T3",0.3028,0.6972,"HIGH"
52,"1","N3","T3",0.3078,0.6922,"HIGH"
53,"1","N3","T3",0.3056,0.6944,"HIGH"
54,"1","N3","T3",0.3098,0.6902,"HIGH"
55,"1","N3","T3",0.2946,0.7054,"HIGH"
56,"1","N3","T3",0.2868,0.7132,"HIGH"
57,"1","N3","T3",0.2921,0.7079,"HIGH"
58,"1","N3","T3",0.2914,0.7086,"HIGH"
59,"1","N3","T3",0.2917,0.7083,"HIGH"
60,"1","N3","T3",0.2928,0.7072,"HIGH"
61,"1","N3","T3",0.2926,0.7074,"HIGH"
62,"1","N3","T3",0.2924,0.7076,"HIGH"
63,"1","N3","T3",0.2932,0.7068,"HIGH"
64,"1","N3","T3",0.2931,0.7069,"HIGH"
65,"1","N3","T3",0.2951,0.7049,"HIGH"
66,"1","N3","T3",0.2963,0.7037,"HIGH"
67,"1","N3","T3",0.2992,0.7008,"HIGH"
68,"1","N3","T3",0.2934,0.7066,"HIGH"
69,"1","N3","T3",0.2929,0.7071,"HIGH"
70,"1","N3","T3",0.2936,0.7064,"HIGH"
71,"1","N3","T3",0.2949,0.7051,"HIGH"
72,"1","N3","T3",0.2954,0.7046,"HIGH"
73,"1","N3","T3",0.296,0.704,"HIGH"
74,"1","N3","T3",0.2955,0.7045,"HIGH"
75,"1","N3","T3",0.297,0.703,"HIGH"
76,"1","N3","T3",0.2999,0.7001,"HIGH"
77,"1","N3","T3",0.2895,0.7105,"HIGH"
78,"1","N3","T3",0.2902,0.7098,"HIGH"
79,"1","N3","T3",0.2848,0.7152,"HIGH"
80,"1","N3","T3",0.2831,0.7169,"HIGH"
81,"1","N3","T3",0.2808,0.7192,"HIGH"
82,"1","N3","T3",0.2775,0.7225,"HIGH"
83,"1","N3","T3",0.2779,0.7221,"HIGH"
84,"1","N3","T3",0.2855,0.7145,"HIGH"
85,"1","N3","T3",0.2772,0.7228,"HIGH"
86,"1","N3","T3",0.2701,0.7299,"HIGH"
87,"1","N3","T3",0.2851,0.7149,"HIGH"
88,"1","N3","T3",0.2835,0.7165,"HIGH"
89,"1","N3","T3",0.2733,0.7267,"HIGH"
90,"1","N3","T3",0.2918,0.7082,"HIGH"
91,"1","N3","T3",0.2918,0.7082,"HIGH"
92,"1","N3","T3",0.2918,0.7082,"HIGH"
93,"1","N3","T3",0.2918,0.7082,"HIGH"
94,"1","N3","T3",0.2918,0.7082,"HIGH"
95,"1","N3","T3",0.2918,0.7082,"HIGH"
96,"1","N3","T3",0.2918,0.7082,"HIGH"
97,"1","N3","T3",0.2918,0.7082,"HIGH"
98,"1","N3","T3",0.2918,0.7082,"HIGH"
99,"1","N3","T3",0.2918,0.7082,"HIGH"
0,"2","N3","T3",0.4019,0.5981,"HIGH"
1,"2","N3","T3",0.4019,0.5981,"HIGH"
2,"2","N3","T3",0.4019,0.5981,"HIGH"
3,"2","N3","T3",0.4019,0.5981,"HIGH"
4,"2","N3","T3",0.4019,0.5981,"HIGH"
5,"2","N3","T3",0.4019,0.5981,"HIGH"
6,"2","N3","T3",0.4019,0.5981,"HIGH"
7,"2","N3","T3",0.4019,0.5981,"HIGH"
8,"2","N3","T3",0.4019,0.5981,"HIGH"
9,"2","N3","T3",0.4019,0.5981,"HIGH"
10,"2","N3","T3",0.4019,0.5981,"HIGH"
11,"2","N3","T3",0.4019,0.5981,"HIGH"
12,"2","N3","T3",0.4019,0.5981,"HIGH"
13,"2","N3","T3",0.4019,0.5981,"HIGH"
14,"2","N3","T3",0.4019,0.5981,"HIGH"
15,"2","N3","T3",0.4019,0.5981,"HIGH"
16,"2","N3","T3",0.4019,0.5981,"HIGH"
17,"2","N3","T3",0.4019,0.5981,"HIGH"
18,"2","N3","T3",0.4019,0.5981,"HIGH"
19,"2","N3","T3",0.4019,0.5981,"HIGH"
20,"2","N3","T3",0.4019,0.5981,"HIGH"
21,"2","N3","T3",0.4019,0.5981,"HIGH"
22,"2","N3","T3",0.4019,0.5981,"HIGH"
23,"2","N3","T3",0.4019,0.5981,"HIGH"
24,"2","N3","T3",0.4019,0.5981,"HIGH"
25,"2","N3","T3",0.4019,0.5981,"HIGH"
26,"2","N3","T3",0.4019,0.5981,"HIGH"
27,"2","N3","T3",0.4019,0.5981,"HIGH"
28,"2","N3","T3",0.4019,0.5981,"HIGH"
29,"2","N3","T3",0.4027,0.5973,"HIGH"
30,"2","N3","T3",0.4014,0.5986,"HIGH"
31,"2","N3","T3",0.4014,0.5986,"HIGH"
32,"2","N3","T3",0.4014,0.5986,"HIGH"
33,"2","N3","T3",0.4014,0.5986,"HIGH"
34,"2","N3","T3",0.3994,0.6006,"HIGH"
35,"2","N3","T3",0.3743,0.6257,"HIGH"
36,"2","N3","T3",0.3307,0.6693,"HIGH"
37,"2","N3","T3",0.2888,0.7112,"HIGH"
38,"2","N3","T3",0.2855,0.7145,"HIGH"
39,"2","N3","T3",0.2958,0.7042,"HIGH"
40,"2","N3","T3",0.304,0.696,"HIGH"
41,"2","N3","T3",0.3092,0.6908,"HIGH"
42,"2","N3","T3",0.345,0.655,"HIGH"
43,"2","N3","T3",0.363,0.637,"HIGH"
44,"2","N3","T3",0.3512,0.6488,"HIGH"
45,"2","N3","T3",0.3648,0.6352,"HIGH"
46,"2","N3","T3",0.3905,0.6095,"HIGH"
47,"2","N3","T3",0.3783,0.6217,"HIGH"
48,"2","N3","T3",0.399,0.601,"HIGH"
49,"2","N3","T3",0.3726,0.6274,"HIGH"
50,"2","N3","T3",0.3971,0.6029,"HIGH"
51,"2","N3","T3",0.3901,0.6099,"HIGH"
52,"2","N3","T3",0.3706,0.6294,"HIGH"
53,"2","N3","T3",0.3715,0.6285,"HIGH"
54,"2","N3","T3",0.3645,0.6355,"HIGH"
55,"2","N3","T3",0.3628,0.6372,"HIGH"
56,"2","N3","T3",0.3643,0.6357,"HIGH"
57,"2","N3","T3",0.3584,0.6416,"HIGH"
58,"2","N3","T3",0.3592,0.6408,"HIGH"
59,"2","N3","T3",0.3552,0.6448,"HIGH"
60,"2","N3","T3",0.3572,0.6428,"HIGH"
61,"2","N3","T3",0.3567,0.6433,"HIGH"
62,"2","N3","T3",0.3528,0.6472,"HIGH"
63,"2","N3","T3",0.3525,0.6475,"HIGH"
64,"2","N3","T3",0.3572,0.6428,"HIGH"
65,"2","N3","T3",0.3567,0.6433,"HIGH"
66,"2","N3","T3",0.3599,0.6401,"HIGH"
67,"2","N3","T3",0.3624,0.6376,"HIGH"
68,"2","N3","T3",0.353,0.647,"HIGH"
69,"2","N3","T3",0.3555,0.6445,"HIGH"
70,"2","N3","T3",0.3536,0.6464,"HIGH"
71,"2","N3","T3",0.3524,0.6476,"HIGH"
72,"2","N3","T3",0.3518,0.6482,"HIGH"
73,"2","N3","T3",0.3467,0.6533,"HIGH"
74,"2","N3","T3",0.3491,0.6509,"HIGH"
75,"2","N3","T3",0.3456,0.6544,"HIGH"
76,"2","N3","T3",0.3468,0.6532,"HIGH"
77,"2","N3","T3",0.3443,0.6557,"HIGH"
78,"2","N3","T3",0.3476,0.6524,"HIGH"
79,"2","N3","T3",0.3371,0.6629,"HIGH"
80,"2","N3","T3",0.33,0.67,"HIGH"
81,"2","N3","T3",0.3297,0.6703,"HIGH"
82,"2","N3","T3",0.3305,0.6695,"HIGH"
83,"2","N3","T3",0.3257,0.6743,"HIGH"
84,"2","N3","T3",0.3353,0.6647,"HIGH"
85,"2","N3","T3",0.3136,0.6864,"HIGH"
86,"2","N3","T3",0.3006,0.6994,"HIGH"
87,"2","N3","T3",0.2977,0.7023,"HIGH"
88,"2","N3","T3",0.2798,0.7202,"HIGH"
89,"2","N3","T3",0.2856,0.7144,"HIGH"
90,"2","N3","T3",0.3296,0.6704,"HIGH"
91,"2","N3","T3",0.3296,0.6704,"HIGH"
92,"2","N3","T3",0.3296,0.6704,"HIGH"
93,"2","N3","T3",0.3296,0.6704,"HIGH"
94,"2","N3","T3",0.3296,0.6704,"HIGH"
95,"2","N3","T3",0.3296,0.6704,"HIGH"
96,"2","N3","T3",0.3296,0.6704,"HIGH"
97,"2","N3","T3",0.3296,0.6704,"HIGH"
98,"2","N3","T3",0.3296,0.6704,"HIGH"
99,"2","N3","T3",0.3296,0.6704,"HIGH"
0,"1","Other/Unknown","T3",0.1229,0.8771,"HIGH"
1,"1","Other/Unknown","T3",0.1229,0.8771,"HIGH"
2,"1","Other/Unknown","T3",0.1229,0.8771,"HIGH"
3,"1","Other/Unknown","T3",0.1229,0.8771,"HIGH"
4,"1","Other/Unknown","T3",0.1229,0.8771,"HIGH"
5,"1","Other/Unknown","T3",0.1229,0.8771,"HIGH"
6,"1","Other/Unknown","T3",0.1229,0.8771,"HIGH"
7,"1","Other/Unknown","T3",0.1229,0.8771,"HIGH"
8,"1","Other/Unknown","T3",0.1229,0.8771,"HIGH"
9,"1","Other/Unknown","T3",0.1229,0.8771,"HIGH"
10,"1","Other/Unknown","T3",0.1229,0.8771,"HIGH"
11,"1","Other/Unknown","T3",0.1229,0.8771,"HIGH"
12,"1","Other/Unknown","T3",0.1229,0.8771,"HIGH"
13,"1","Other/Unknown","T3",0.1229,0.8771,"HIGH"
14,"1","Other/Unknown","T3",0.1229,0.8771,"HIGH"
15,"1","Other/Unknown","T3",0.1229,0.8771,"HIGH"
16,"1","Other/Unknown","T3",0.1229,0.8771,"HIGH"
17,"1","Other/Unknown","T3",0.1229,0.8771,"HIGH"
18,"1","Other/Unknown","T3",0.1229,0.8771,"HIGH"
19,"1","Other/Unknown","T3",0.1229,0.8771,"HIGH"
20,"1","Other/Unknown","T3",0.1229,0.8771,"HIGH"
21,"1","Other/Unknown","T3",0.1229,0.8771,"HIGH"
22,"1","Other/Unknown","T3",0.1229,0.8771,"HIGH"
23,"1","Other/Unknown","T3",0.1229,0.8771,"HIGH"
24,"1","Other/Unknown","T3",0.1229,0.8771,"HIGH"
25,"1","Other/Unknown","T3",0.1229,0.8771,"HIGH"
26,"1","Other/Unknown","T3",0.1229,0.8771,"HIGH"
27,"1","Other/Unknown","T3",0.1229,0.8771,"HIGH"
28,"1","Other/Unknown","T3",0.1229,0.8771,"HIGH"
29,"1","Other/Unknown","T3",0.1232,0.8768,"HIGH"
30,"1","Other/Unknown","T3",0.1232,0.8768,"HIGH"
31,"1","Other/Unknown","T3",0.1232,0.8768,"HIGH"
32,"1","Other/Unknown","T3",0.1272,0.8728,"HIGH"
33,"1","Other/Unknown","T3",0.1272,0.8728,"HIGH"
34,"1","Other/Unknown","T3",0.1276,0.8724,"HIGH"
35,"1","Other/Unknown","T3",0.1324,0.8676,"HIGH"
36,"1","Other/Unknown","T3",0.1361,0.8639,"HIGH"
37,"1","Other/Unknown","T3",0.1405,0.8595,"HIGH"
38,"1","Other/Unknown","T3",0.1415,0.8585,"HIGH"
39,"1","Other/Unknown","T3",0.1528,0.8472,"HIGH"
40,"1","Other/Unknown","T3",0.1553,0.8447,"HIGH"
41,"1","Other/Unknown","T3",0.161,0.839,"HIGH"
42,"1","Other/Unknown","T3",0.1662,0.8338,"HIGH"
43,"1","Other/Unknown","T3",0.1666,0.8334,"HIGH"
44,"1","Other/Unknown","T3",0.1713,0.8287,"HIGH"
45,"1","Other/Unknown","T3",0.1846,0.8154,"HIGH"
46,"1","Other/Unknown","T3",0.1923,0.8077,"HIGH"
47,"1","Other/Unknown","T3",0.2336,0.7664,"HIGH"
48,"1","Other/Unknown","T3",0.2225,0.7775,"HIGH"
49,"1","Other/Unknown","T3",0.2049,0.7951,"HIGH"
50,"1","Other/Unknown","T3",0.1961,0.8039,"HIGH"
51,"1","Other/Unknown","T3",0.2049,0.7951,"HIGH"
52,"1","Other/Unknown","T3",0.1613,0.8387,"HIGH"
53,"1","Other/Unknown","T3",0.1487,0.8513,"HIGH"
54,"1","Other/Unknown","T3",0.1484,0.8516,"HIGH"
55,"1","Other/Unknown","T3",0.1518,0.8482,"HIGH"
56,"1","Other/Unknown","T3",0.1587,0.8413,"HIGH"
57,"1","Other/Unknown","T3",0.158,0.842,"HIGH"
58,"1","Other/Unknown","T3",0.1553,0.8447,"HIGH"
59,"1","Other/Unknown","T3",0.1666,0.8334,"HIGH"
60,"1","Other/Unknown","T3",0.1657,0.8343,"HIGH"
61,"1","Other/Unknown","T3",0.1726,0.8274,"HIGH"
62,"1","Other/Unknown","T3",0.1699,0.8301,"HIGH"
63,"1","Other/Unknown","T3",0.1839,0.8161,"HIGH"
64,"1","Other/Unknown","T3",0.184,0.816,"HIGH"
65,"1","Other/Unknown","T3",0.1745,0.8255,"HIGH"
66,"1","Other/Unknown","T3",0.1642,0.8358,"HIGH"
67,"1","Other/Unknown","T3",0.1714,0.8286,"HIGH"
68,"1","Other/Unknown","T3",0.1616,0.8384,"HIGH"
69,"1","Other/Unknown","T3",0.1511,0.8489,"HIGH"
70,"1","Other/Unknown","T3",0.1494,0.8506,"HIGH"
71,"1","Other/Unknown","T3",0.1464,0.8536,"HIGH"
72,"1","Other/Unknown","T3",0.1446,0.8554,"HIGH"
73,"1","Other/Unknown","T3",0.1447,0.8553,"HIGH"
74,"1","Other/Unknown","T3",0.155,0.845,"HIGH"
75,"1","Other/Unknown","T3",0.159,0.841,"HIGH"
76,"1","Other/Unknown","T3",0.1564,0.8436,"HIGH"
77,"1","Other/Unknown","T3",0.1442,0.8558,"HIGH"
78,"1","Other/Unknown","T3",0.163,0.837,"HIGH"
79,"1","Other/Unknown","T3",0.1746,0.8254,"HIGH"
80,"1","Other/Unknown","T3",0.1353,0.8647,"HIGH"
81,"1","Other/Unknown","T3",0.1318,0.8682,"HIGH"
82,"1","Other/Unknown","T3",0.1286,0.8714,"HIGH"
83,"1","Other/Unknown","T3",0.1303,0.8697,"HIGH"
84,"1","Other/Unknown","T3",0.1394,0.8606,"HIGH"
85,"1","Other/Unknown","T3",0.1736,0.8264,"HIGH"
86,"1","Other/Unknown","T3",0.1401,0.8599,"HIGH"
87,"1","Other/Unknown","T3",0.1365,0.8635,"HIGH"
88,"1","Other/Unknown","T3",0.1488,0.8512,"HIGH"
89,"1","Other/Unknown","T3",0.2162,0.7838,"HIGH"
90,"1","Other/Unknown","T3",0.1288,0.8712,"HIGH"
91,"1","Other/Unknown","T3",0.1288,0.8712,"HIGH"
92,"1","Other/Unknown","T3",0.1288,0.8712,"HIGH"
93,"1","Other/Unknown","T3",0.1288,0.8712,"HIGH"
94,"1","Other/Unknown","T3",0.1288,0.8712,"HIGH"
95,"1","Other/Unknown","T3",0.1288,0.8712,"HIGH"
96,"1","Other/Unknown","T3",0.1288,0.8712,"HIGH"
97,"1","Other/Unknown","T3",0.1288,0.8712,"HIGH"
98,"1","Other/Unknown","T3",0.1288,0.8712,"HIGH"
99,"1","Other/Unknown","T3",0.1288,0.8712,"HIGH"
0,"2","Other/Unknown","T3",0.2505,0.7495,"HIGH"
1,"2","Other/Unknown","T3",0.2505,0.7495,"HIGH"
2,"2","Other/Unknown","T3",0.2505,0.7495,"HIGH"
3,"2","Other/Unknown","T3",0.2505,0.7495,"HIGH"
4,"2","Other/Unknown","T3",0.2505,0.7495,"HIGH"
5,"2","Other/Unknown","T3",0.2505,0.7495,"HIGH"
6,"2","Other/Unknown","T3",0.2505,0.7495,"HIGH"
7,"2","Other/Unknown","T3",0.2505,0.7495,"HIGH"
8,"2","Other/Unknown","T3",0.2505,0.7495,"HIGH"
9,"2","Other/Unknown","T3",0.2505,0.7495,"HIGH"
10,"2","Other/Unknown","T3",0.2505,0.7495,"HIGH"
11,"2","Other/Unknown","T3",0.2505,0.7495,"HIGH"
12,"2","Other/Unknown","T3",0.2505,0.7495,"HIGH"
13,"2","Other/Unknown","T3",0.2505,0.7495,"HIGH"
14,"2","Other/Unknown","T3",0.2505,0.7495,"HIGH"
15,"2","Other/Unknown","T3",0.2505,0.7495,"HIGH"
16,"2","Other/Unknown","T3",0.2505,0.7495,"HIGH"
17,"2","Other/Unknown","T3",0.2505,0.7495,"HIGH"
18,"2","Other/Unknown","T3",0.2505,0.7495,"HIGH"
19,"2","Other/Unknown","T3",0.2505,0.7495,"HIGH"
20,"2","Other/Unknown","T3",0.2505,0.7495,"HIGH"
21,"2","Other/Unknown","T3",0.2505,0.7495,"HIGH"
22,"2","Other/Unknown","T3",0.2505,0.7495,"HIGH"
23,"2","Other/Unknown","T3",0.2505,0.7495,"HIGH"
24,"2","Other/Unknown","T3",0.2505,0.7495,"HIGH"
25,"2","Other/Unknown","T3",0.2505,0.7495,"HIGH"
26,"2","Other/Unknown","T3",0.2505,0.7495,"HIGH"
27,"2","Other/Unknown","T3",0.2505,0.7495,"HIGH"
28,"2","Other/Unknown","T3",0.2505,0.7495,"HIGH"
29,"2","Other/Unknown","T3",0.2508,0.7492,"HIGH"
30,"2","Other/Unknown","T3",0.2508,0.7492,"HIGH"
31,"2","Other/Unknown","T3",0.2508,0.7492,"HIGH"
32,"2","Other/Unknown","T3",0.2515,0.7485,"HIGH"
33,"2","Other/Unknown","T3",0.2482,0.7518,"HIGH"
34,"2","Other/Unknown","T3",0.2423,0.7577,"HIGH"
35,"2","Other/Unknown","T3",0.2403,0.7597,"HIGH"
36,"2","Other/Unknown","T3",0.2391,0.7609,"HIGH"
37,"2","Other/Unknown","T3",0.2332,0.7668,"HIGH"
38,"2","Other/Unknown","T3",0.2318,0.7682,"HIGH"
39,"2","Other/Unknown","T3",0.2315,0.7685,"HIGH"
40,"2","Other/Unknown","T3",0.2279,0.7721,"HIGH"
41,"2","Other/Unknown","T3",0.2328,0.7672,"HIGH"
42,"2","Other/Unknown","T3",0.2363,0.7637,"HIGH"
43,"2","Other/Unknown","T3",0.2341,0.7659,"HIGH"
44,"2","Other/Unknown","T3",0.2342,0.7658,"HIGH"
45,"2","Other/Unknown","T3",0.2378,0.7622,"HIGH"
46,"2","Other/Unknown","T3",0.1864,0.8136,"HIGH"
47,"2","Other/Unknown","T3",0.1774,0.8226,"HIGH"
48,"2","Other/Unknown","T3",0.1704,0.8296,"HIGH"
49,"2","Other/Unknown","T3",0.1746,0.8254,"HIGH"
50,"2","Other/Unknown","T3",0.1918,0.8082,"HIGH"
51,"2","Other/Unknown","T3",0.2231,0.7769,"HIGH"
52,"2","Other/Unknown","T3",0.2345,0.7655,"HIGH"
53,"2","Other/Unknown","T3",0.2023,0.7977,"HIGH"
54,"2","Other/Unknown","T3",0.2029,0.7971,"HIGH"
55,"2","Other/Unknown","T3",0.207,0.793,"HIGH"
56,"2","Other/Unknown","T3",0.2039,0.7961,"HIGH"
57,"2","Other/Unknown","T3",0.1911,0.8089,"HIGH"
58,"2","Other/Unknown","T3",0.1893,0.8107,"HIGH"
59,"2","Other/Unknown","T3",0.1965,0.8035,"HIGH"
60,"2","Other/Unknown","T3",0.2055,0.7945,"HIGH"
61,"2","Other/Unknown","T3",0.2074,0.7926,"HIGH"
62,"2","Other/Unknown","T3",0.1989,0.8011,"HIGH"
63,"2","Other/Unknown","T3",0.2031,0.7969,"HIGH"
64,"2","Other/Unknown","T3",0.2109,0.7891,"HIGH"
65,"2","Other/Unknown","T3",0.234,0.766,"HIGH"
66,"2","Other/Unknown","T3",0.2193,0.7807,"HIGH"
67,"2","Other/Unknown","T3",0.2263,0.7737,"HIGH"
68,"2","Other/Unknown","T3",0.2353,0.7647,"HIGH"
69,"2","Other/Unknown","T3",0.2095,0.7905,"HIGH"
70,"2","Other/Unknown","T3",0.2015,0.7985,"HIGH"
71,"2","Other/Unknown","T3",0.2113,0.7887,"HIGH"
72,"2","Other/Unknown","T3",0.1964,0.8036,"HIGH"
73,"2","Other/Unknown","T3",0.1887,0.8113,"HIGH"
74,"2","Other/Unknown","T3",0.1989,0.8011,"HIGH"
75,"2","Other/Unknown","T3",0.1884,0.8116,"HIGH"
76,"2","Other/Unknown","T3",0.1996,0.8004,"HIGH"
77,"2","Other/Unknown","T3",0.202,0.798,"HIGH"
78,"2","Other/Unknown","T3",0.1878,0.8122,"HIGH"
79,"2","Other/Unknown","T3",0.2203,0.7797,"HIGH"
80,"2","Other/Unknown","T3",0.2112,0.7888,"HIGH"
81,"2","Other/Unknown","T3",0.2012,0.7988,"HIGH"
82,"2","Other/Unknown","T3",0.1955,0.8045,"HIGH"
83,"2","Other/Unknown","T3",0.2062,0.7938,"HIGH"
84,"2","Other/Unknown","T3",0.1753,0.8247,"HIGH"
85,"2","Other/Unknown","T3",0.1973,0.8027,"HIGH"
86,"2","Other/Unknown","T3",0.166,0.834,"HIGH"
87,"2","Other/Unknown","T3",0.1549,0.8451,"HIGH"
88,"2","Other/Unknown","T3",0.1484,0.8516,"HIGH"
89,"2","Other/Unknown","T3",0.1417,0.8583,"HIGH"
90,"2","Other/Unknown","T3",0.1366,0.8634,"HIGH"
91,"2","Other/Unknown","T3",0.1366,0.8634,"HIGH"
92,"2","Other/Unknown","T3",0.1366,0.8634,"HIGH"
93,"2","Other/Unknown","T3",0.1366,0.8634,"HIGH"
94,"2","Other/Unknown","T3",0.1366,0.8634,"HIGH"
95,"2","Other/Unknown","T3",0.1366,0.8634,"HIGH"
96,"2","Other/Unknown","T3",0.1366,0.8634,"HIGH"
97,"2","Other/Unknown","T3",0.1366,0.8634,"HIGH"
98,"2","Other/Unknown","T3",0.1366,0.8634,"HIGH"
99,"2","Other/Unknown","T3",0.1366,0.8634,"HIGH"
0,"1","N0","T4",0.2821,0.7179,"HIGH"
1,"1","N0","T4",0.2821,0.7179,"HIGH"
2,"1","N0","T4",0.2821,0.7179,"HIGH"
3,"1","N0","T4",0.2821,0.7179,"HIGH"
4,"1","N0","T4",0.2821,0.7179,"HIGH"
5,"1","N0","T4",0.2821,0.7179,"HIGH"
6,"1","N0","T4",0.2821,0.7179,"HIGH"
7,"1","N0","T4",0.2821,0.7179,"HIGH"
8,"1","N0","T4",0.2821,0.7179,"HIGH"
9,"1","N0","T4",0.2821,0.7179,"HIGH"
10,"1","N0","T4",0.2821,0.7179,"HIGH"
11,"1","N0","T4",0.2821,0.7179,"HIGH"
12,"1","N0","T4",0.2821,0.7179,"HIGH"
13,"1","N0","T4",0.2821,0.7179,"HIGH"
14,"1","N0","T4",0.2821,0.7179,"HIGH"
15,"1","N0","T4",0.2821,0.7179,"HIGH"
16,"1","N0","T4",0.2821,0.7179,"HIGH"
17,"1","N0","T4",0.2821,0.7179,"HIGH"
18,"1","N0","T4",0.2821,0.7179,"HIGH"
19,"1","N0","T4",0.2821,0.7179,"HIGH"
20,"1","N0","T4",0.2821,0.7179,"HIGH"
21,"1","N0","T4",0.2821,0.7179,"HIGH"
22,"1","N0","T4",0.2821,0.7179,"HIGH"
23,"1","N0","T4",0.2821,0.7179,"HIGH"
24,"1","N0","T4",0.2821,0.7179,"HIGH"
25,"1","N0","T4",0.2828,0.7172,"HIGH"
26,"1","N0","T4",0.2828,0.7172,"HIGH"
27,"1","N0","T4",0.2895,0.7105,"HIGH"
28,"1","N0","T4",0.2919,0.7081,"HIGH"
29,"1","N0","T4",0.2935,0.7065,"HIGH"
30,"1","N0","T4",0.2881,0.7119,"HIGH"
31,"1","N0","T4",0.3045,0.6955,"HIGH"
32,"1","N0","T4",0.311,0.689,"HIGH"
33,"1","N0","T4",0.3373,0.6627,"HIGH"
34,"1","N0","T4",0.3798,0.6202,"HIGH"
35,"1","N0","T4",0.4457,0.5543,"HIGH"
36,"1","N0","T4",0.4481,0.5519,"HIGH"
37,"1","N0","T4",0.4547,0.5453,"HIGH"
38,"1","N0","T4",0.4333,0.5667,"HIGH"
39,"1","N0","T4",0.3989,0.6011,"HIGH"
40,"1","N0","T4",0.3835,0.6165,"HIGH"
41,"1","N0","T4",0.408,0.592,"HIGH"
42,"1","N0","T4",0.3978,0.6022,"HIGH"
43,"1","N0","T4",0.3671,0.6329,"HIGH"
44,"1","N0","T4",0.3786,0.6214,"HIGH"
45,"1","N0","T4",0.3844,0.6156,"HIGH"
46,"1","N0","T4",0.4072,0.5928,"HIGH"
47,"1","N0","T4",0.3935,0.6065,"HIGH"
48,"1","N0","T4",0.396,0.604,"HIGH"
49,"1","N0","T4",0.3918,0.6082,"HIGH"
50,"1","N0","T4",0.398,0.602,"HIGH"
51,"1","N0","T4",0.3918,0.6082,"HIGH"
52,"1","N0","T4",0.3944,0.6056,"HIGH"
53,"1","N0","T4",0.3844,0.6156,"HIGH"
54,"1","N0","T4",0.3869,0.6131,"HIGH"
55,"1","N0","T4",0.3854,0.6146,"HIGH"
56,"1","N0","T4",0.39,0.61,"HIGH"
57,"1","N0","T4",0.396,0.604,"HIGH"
58,"1","N0","T4",0.3942,0.6058,"HIGH"
59,"1","N0","T4",0.3858,0.6142,"HIGH"
60,"1","N0","T4",0.3858,0.6142,"HIGH"
61,"1","N0","T4",0.3863,0.6137,"HIGH"
62,"1","N0","T4",0.383,0.617,"HIGH"
63,"1","N0","T4",0.3833,0.6167,"HIGH"
64,"1","N0","T4",0.3871,0.6129,"HIGH"
65,"1","N0","T4",0.3852,0.6148,"HIGH"
66,"1","N0","T4",0.3871,0.6129,"HIGH"
67,"1","N0","T4",0.3898,0.6102,"HIGH"
68,"1","N0","T4",0.3974,0.6026,"HIGH"
69,"1","N0","T4",0.3924,0.6076,"HIGH"
70,"1","N0","T4",0.4003,0.5997,"HIGH"
71,"1","N0","T4",0.3932,0.6068,"HIGH"
72,"1","N0","T4",0.3928,0.6072,"HIGH"
73,"1","N0","T4",0.386,0.614,"HIGH"
74,"1","N0","T4",0.3864,0.6136,"HIGH"
75,"1","N0","T4",0.3817,0.6183,"HIGH"
76,"1","N0","T4",0.3795,0.6205,"HIGH"
77,"1","N0","T4",0.3782,0.6218,"HIGH"
78,"1","N0","T4",0.3663,0.6337,"HIGH"
79,"1","N0","T4",0.3587,0.6413,"HIGH"
80,"1","N0","T4",0.3631,0.6369,"HIGH"
81,"1","N0","T4",0.3657,0.6343,"HIGH"
82,"1","N0","T4",0.3637,0.6363,"HIGH"
83,"1","N0","T4",0.3633,0.6367,"HIGH"
84,"1","N0","T4",0.352,0.648,"HIGH"
85,"1","N0","T4",0.3393,0.6607,"HIGH"
86,"1","N0","T4",0.3496,0.6504,"HIGH"
87,"1","N0","T4",0.3596,0.6404,"HIGH"
88,"1","N0","T4",0.3504,0.6496,"HIGH"
89,"1","N0","T4",0.3493,0.6507,"HIGH"
90,"1","N0","T4",0.3519,0.6481,"HIGH"
91,"1","N0","T4",0.3519,0.6481,"HIGH"
92,"1","N0","T4",0.3519,0.6481,"HIGH"
93,"1","N0","T4",0.3519,0.6481,"HIGH"
94,"1","N0","T4",0.3519,0.6481,"HIGH"
95,"1","N0","T4",0.3519,0.6481,"HIGH"
96,"1","N0","T4",0.3519,0.6481,"HIGH"
97,"1","N0","T4",0.3519,0.6481,"HIGH"
98,"1","N0","T4",0.3519,0.6481,"HIGH"
99,"1","N0","T4",0.3519,0.6481,"HIGH"
0,"2","N0","T4",0.2752,0.7248,"HIGH"
1,"2","N0","T4",0.2752,0.7248,"HIGH"
2,"2","N0","T4",0.2752,0.7248,"HIGH"
3,"2","N0","T4",0.2752,0.7248,"HIGH"
4,"2","N0","T4",0.2752,0.7248,"HIGH"
5,"2","N0","T4",0.2752,0.7248,"HIGH"
6,"2","N0","T4",0.2752,0.7248,"HIGH"
7,"2","N0","T4",0.2752,0.7248,"HIGH"
8,"2","N0","T4",0.2752,0.7248,"HIGH"
9,"2","N0","T4",0.2752,0.7248,"HIGH"
10,"2","N0","T4",0.2752,0.7248,"HIGH"
11,"2","N0","T4",0.2752,0.7248,"HIGH"
12,"2","N0","T4",0.2752,0.7248,"HIGH"
13,"2","N0","T4",0.2752,0.7248,"HIGH"
14,"2","N0","T4",0.2752,0.7248,"HIGH"
15,"2","N0","T4",0.2752,0.7248,"HIGH"
16,"2","N0","T4",0.2752,0.7248,"HIGH"
17,"2","N0","T4",0.2752,0.7248,"HIGH"
18,"2","N0","T4",0.2752,0.7248,"HIGH"
19,"2","N0","T4",0.2752,0.7248,"HIGH"
20,"2","N0","T4",0.2752,0.7248,"HIGH"
21,"2","N0","T4",0.2752,0.7248,"HIGH"
22,"2","N0","T4",0.2752,0.7248,"HIGH"
23,"2","N0","T4",0.2763,0.7237,"HIGH"
24,"2","N0","T4",0.2772,0.7228,"HIGH"
25,"2","N0","T4",0.2781,0.7219,"HIGH"
26,"2","N0","T4",0.2796,0.7204,"HIGH"
27,"2","N0","T4",0.2823,0.7177,"HIGH"
28,"2","N0","T4",0.2857,0.7143,"HIGH"
29,"2","N0","T4",0.2933,0.7067,"HIGH"
30,"2","N0","T4",0.2945,0.7055,"HIGH"
31,"2","N0","T4",0.3137,0.6863,"HIGH"
32,"2","N0","T4",0.3247,0.6753,"HIGH"
33,"2","N0","T4",0.3322,0.6678,"HIGH"
34,"2","N0","T4",0.3612,0.6388,"HIGH"
35,"2","N0","T4",0.404,0.596,"HIGH"
36,"2","N0","T4",0.4318,0.5682,"HIGH"
37,"2","N0","T4",0.4533,0.5467,"HIGH"
38,"2","N0","T4",0.4406,0.5594,"HIGH"
39,"2","N0","T4",0.4148,0.5852,"HIGH"
40,"2","N0","T4",0.3936,0.6064,"HIGH"
41,"2","N0","T4",0.4214,0.5786,"HIGH"
42,"2","N0","T4",0.3796,0.6204,"HIGH"
43,"2","N0","T4",0.4025,0.5975,"HIGH"
44,"2","N0","T4",0.4012,0.5988,"HIGH"
45,"2","N0","T4",0.4045,0.5955,"HIGH"
46,"2","N0","T4",0.4159,0.5841,"HIGH"
47,"2","N0","T4",0.4358,0.5642,"HIGH"
48,"2","N0","T4",0.4328,0.5672,"HIGH"
49,"2","N0","T4",0.4503,0.5497,"HIGH"
50,"2","N0","T4",0.4356,0.5644,"HIGH"
51,"2","N0","T4",0.4332,0.5668,"HIGH"
52,"2","N0","T4",0.4472,0.5528,"HIGH"
53,"2","N0","T4",0.4449,0.5551,"HIGH"
54,"2","N0","T4",0.4421,0.5579,"HIGH"
55,"2","N0","T4",0.4425,0.5575,"HIGH"
56,"2","N0","T4",0.4421,0.5579,"HIGH"
57,"2","N0","T4",0.4455,0.5545,"HIGH"
58,"2","N0","T4",0.4393,0.5607,"HIGH"
59,"2","N0","T4",0.4417,0.5583,"HIGH"
60,"2","N0","T4",0.4326,0.5674,"HIGH"
61,"2","N0","T4",0.4302,0.5698,"HIGH"
62,"2","N0","T4",0.4289,0.5711,"HIGH"
63,"2","N0","T4",0.4303,0.5697,"HIGH"
64,"2","N0","T4",0.4366,0.5634,"HIGH"
65,"2","N0","T4",0.4331,0.5669,"HIGH"
66,"2","N0","T4",0.4339,0.5661,"HIGH"
67,"2","N0","T4",0.4387,0.5613,"HIGH"
68,"2","N0","T4",0.4299,0.5701,"HIGH"
69,"2","N0","T4",0.429,0.571,"HIGH"
70,"2","N0","T4",0.4291,0.5709,"HIGH"
71,"2","N0","T4",0.4289,0.5711,"HIGH"
72,"2","N0","T4",0.4274,0.5726,"HIGH"
73,"2","N0","T4",0.4288,0.5712,"HIGH"
74,"2","N0","T4",0.4252,0.5748,"HIGH"
75,"2","N0","T4",0.4226,0.5774,"HIGH"
76,"2","N0","T4",0.4168,0.5832,"HIGH"
77,"2","N0","T4",0.4148,0.5852,"HIGH"
78,"2","N0","T4",0.4154,0.5846,"HIGH"
79,"2","N0","T4",0.4179,0.5821,"HIGH"
80,"2","N0","T4",0.413,0.587,"HIGH"
81,"2","N0","T4",0.4115,0.5885,"HIGH"
82,"2","N0","T4",0.4113,0.5887,"HIGH"
83,"2","N0","T4",0.4042,0.5958,"HIGH"
84,"2","N0","T4",0.4066,0.5934,"HIGH"
85,"2","N0","T4",0.3972,0.6028,"HIGH"
86,"2","N0","T4",0.3857,0.6143,"HIGH"
87,"2","N0","T4",0.3986,0.6014,"HIGH"
88,"2","N0","T4",0.4543,0.5457,"HIGH"
89,"2","N0","T4",0.4478,0.5522,"HIGH"
90,"2","N0","T4",0.4286,0.5714,"HIGH"
91,"2","N0","T4",0.4286,0.5714,"HIGH"
92,"2","N0","T4",0.4286,0.5714,"HIGH"
93,"2","N0","T4",0.4286,0.5714,"HIGH"
94,"2","N0","T4",0.4286,0.5714,"HIGH"
95,"2","N0","T4",0.4286,0.5714,"HIGH"
96,"2","N0","T4",0.4286,0.5714,"HIGH"
97,"2","N0","T4",0.4286,0.5714,"HIGH"
98,"2","N0","T4",0.4286,0.5714,"HIGH"
99,"2","N0","T4",0.4286,0.5714,"HIGH"
0,"1","N1","T4",0.2085,0.7915,"HIGH"
1,"1","N1","T4",0.2085,0.7915,"HIGH"
2,"1","N1","T4",0.2085,0.7915,"HIGH"
3,"1","N1","T4",0.2085,0.7915,"HIGH"
4,"1","N1","T4",0.2085,0.7915,"HIGH"
5,"1","N1","T4",0.2085,0.7915,"HIGH"
6,"1","N1","T4",0.2085,0.7915,"HIGH"
7,"1","N1","T4",0.2085,0.7915,"HIGH"
8,"1","N1","T4",0.2085,0.7915,"HIGH"
9,"1","N1","T4",0.2085,0.7915,"HIGH"
10,"1","N1","T4",0.2085,0.7915,"HIGH"
11,"1","N1","T4",0.2085,0.7915,"HIGH"
12,"1","N1","T4",0.2085,0.7915,"HIGH"
13,"1","N1","T4",0.2085,0.7915,"HIGH"
14,"1","N1","T4",0.2085,0.7915,"HIGH"
15,"1","N1","T4",0.2085,0.7915,"HIGH"
16,"1","N1","T4",0.2085,0.7915,"HIGH"
17,"1","N1","T4",0.2085,0.7915,"HIGH"
18,"1","N1","T4",0.2085,0.7915,"HIGH"
19,"1","N1","T4",0.2085,0.7915,"HIGH"
20,"1","N1","T4",0.2085,0.7915,"HIGH"
21,"1","N1","T4",0.2085,0.7915,"HIGH"
22,"1","N1","T4",0.2085,0.7915,"HIGH"
23,"1","N1","T4",0.2085,0.7915,"HIGH"
24,"1","N1","T4",0.2085,0.7915,"HIGH"
25,"1","N1","T4",0.2092,0.7908,"HIGH"
26,"1","N1","T4",0.2097,0.7903,"HIGH"
27,"1","N1","T4",0.2113,0.7887,"HIGH"
28,"1","N1","T4",0.2126,0.7874,"HIGH"
29,"1","N1","T4",0.2132,0.7868,"HIGH"
30,"1","N1","T4",0.2118,0.7882,"HIGH"
31,"1","N1","T4",0.2143,0.7857,"HIGH"
32,"1","N1","T4",0.2187,0.7813,"HIGH"
33,"1","N1","T4",0.2281,0.7719,"HIGH"
34,"1","N1","T4",0.2396,0.7604,"HIGH"
35,"1","N1","T4",0.2554,0.7446,"HIGH"
36,"1","N1","T4",0.2559,0.7441,"HIGH"
37,"1","N1","T4",0.2531,0.7469,"HIGH"
38,"1","N1","T4",0.26,0.74,"HIGH"
39,"1","N1","T4",0.2709,0.7291,"HIGH"
40,"1","N1","T4",0.2828,0.7172,"HIGH"
41,"1","N1","T4",0.2945,0.7055,"HIGH"
42,"1","N1","T4",0.3035,0.6965,"HIGH"
43,"1","N1","T4",0.3179,0.6821,"HIGH"
44,"1","N1","T4",0.2978,0.7022,"HIGH"
45,"1","N1","T4",0.2926,0.7074,"HIGH"
46,"1","N1","T4",0.3068,0.6932,"HIGH"
47,"1","N1","T4",0.3054,0.6946,"HIGH"
48,"1","N1","T4",0.3189,0.6811,"HIGH"
49,"1","N1","T4",0.316,0.684,"HIGH"
50,"1","N1","T4",0.3087,0.6913,"HIGH"
51,"1","N1","T4",0.3016,0.6984,"HIGH"
52,"1","N1","T4",0.3033,0.6967,"HIGH"
53,"1","N1","T4",0.3078,0.6922,"HIGH"
54,"1","N1","T4",0.3101,0.6899,"HIGH"
55,"1","N1","T4",0.3241,0.6759,"HIGH"
56,"1","N1","T4",0.3243,0.6757,"HIGH"
57,"1","N1","T4",0.3149,0.6851,"HIGH"
58,"1","N1","T4",0.3149,0.6851,"HIGH"
59,"1","N1","T4",0.3163,0.6837,"HIGH"
60,"1","N1","T4",0.3176,0.6824,"HIGH"
61,"1","N1","T4",0.3168,0.6832,"HIGH"
62,"1","N1","T4",0.3212,0.6788,"HIGH"
63,"1","N1","T4",0.3196,0.6804,"HIGH"
64,"1","N1","T4",0.3175,0.6825,"HIGH"
65,"1","N1","T4",0.3141,0.6859,"HIGH"
66,"1","N1","T4",0.3191,0.6809,"HIGH"
67,"1","N1","T4",0.3141,0.6859,"HIGH"
68,"1","N1","T4",0.3152,0.6848,"HIGH"
69,"1","N1","T4",0.3108,0.6892,"HIGH"
70,"1","N1","T4",0.3062,0.6938,"HIGH"
71,"1","N1","T4",0.3072,0.6928,"HIGH"
72,"1","N1","T4",0.2984,0.7016,"HIGH"
73,"1","N1","T4",0.2993,0.7007,"HIGH"
74,"1","N1","T4",0.3047,0.6953,"HIGH"
75,"1","N1","T4",0.2982,0.7018,"HIGH"
76,"1","N1","T4",0.2992,0.7008,"HIGH"
77,"1","N1","T4",0.3073,0.6927,"HIGH"
78,"1","N1","T4",0.3134,0.6866,"HIGH"
79,"1","N1","T4",0.3058,0.6942,"HIGH"
80,"1","N1","T4",0.2973,0.7027,"HIGH"
81,"1","N1","T4",0.2953,0.7047,"HIGH"
82,"1","N1","T4",0.2911,0.7089,"HIGH"
83,"1","N1","T4",0.2975,0.7025,"HIGH"
84,"1","N1","T4",0.2848,0.7152,"HIGH"
85,"1","N1","T4",0.2654,0.7346,"HIGH"
86,"1","N1","T4",0.2575,0.7425,"HIGH"
87,"1","N1","T4",0.2609,0.7391,"HIGH"
88,"1","N1","T4",0.2843,0.7157,"HIGH"
89,"1","N1","T4",0.2419,0.7581,"HIGH"
90,"1","N1","T4",0.2344,0.7656,"HIGH"
91,"1","N1","T4",0.2344,0.7656,"HIGH"
92,"1","N1","T4",0.2344,0.7656,"HIGH"
93,"1","N1","T4",0.2344,0.7656,"HIGH"
94,"1","N1","T4",0.2344,0.7656,"HIGH"
95,"1","N1","T4",0.2344,0.7656,"HIGH"
96,"1","N1","T4",0.2344,0.7656,"HIGH"
97,"1","N1","T4",0.2344,0.7656,"HIGH"
98,"1","N1","T4",0.2344,0.7656,"HIGH"
99,"1","N1","T4",0.2344,0.7656,"HIGH"
0,"2","N1","T4",0.3357,0.6643,"HIGH"
1,"2","N1","T4",0.3357,0.6643,"HIGH"
2,"2","N1","T4",0.3357,0.6643,"HIGH"
3,"2","N1","T4",0.3357,0.6643,"HIGH"
4,"2","N1","T4",0.3357,0.6643,"HIGH"
5,"2","N1","T4",0.3357,0.6643,"HIGH"
6,"2","N1","T4",0.3357,0.6643,"HIGH"
7,"2","N1","T4",0.3357,0.6643,"HIGH"
8,"2","N1","T4",0.3357,0.6643,"HIGH"
9,"2","N1","T4",0.3357,0.6643,"HIGH"
10,"2","N1","T4",0.3357,0.6643,"HIGH"
11,"2","N1","T4",0.3357,0.6643,"HIGH"
12,"2","N1","T4",0.3357,0.6643,"HIGH"
13,"2","N1","T4",0.3357,0.6643,"HIGH"
14,"2","N1","T4",0.3357,0.6643,"HIGH"
15,"2","N1","T4",0.3357,0.6643,"HIGH"
16,"2","N1","T4",0.3357,0.6643,"HIGH"
17,"2","N1","T4",0.3357,0.6643,"HIGH"
18,"2","N1","T4",0.3357,0.6643,"HIGH"
19,"2","N1","T4",0.3357,0.6643,"HIGH"
20,"2","N1","T4",0.3357,0.6643,"HIGH"
21,"2","N1","T4",0.3357,0.6643,"HIGH"
22,"2","N1","T4",0.3377,0.6623,"HIGH"
23,"2","N1","T4",0.3397,0.6603,"HIGH"
24,"2","N1","T4",0.3397,0.6603,"HIGH"
25,"2","N1","T4",0.3404,0.6596,"HIGH"
26,"2","N1","T4",0.341,0.659,"HIGH"
27,"2","N1","T4",0.3436,0.6564,"HIGH"
28,"2","N1","T4",0.3476,0.6524,"HIGH"
29,"2","N1","T4",0.353,0.647,"HIGH"
30,"2","N1","T4",0.3556,0.6444,"HIGH"
31,"2","N1","T4",0.3591,0.6409,"HIGH"
32,"2","N1","T4",0.3906,0.6094,"HIGH"
33,"2","N1","T4",0.4071,0.5929,"HIGH"
34,"2","N1","T4",0.4334,0.5666,"HIGH"
35,"2","N1","T4",0.4809,0.5191,"HIGH"
36,"2","N1","T4",0.4816,0.5184,"HIGH"
37,"2","N1","T4",0.4837,0.5163,"HIGH"
38,"2","N1","T4",0.4871,0.5129,"HIGH"
39,"2","N1","T4",0.4391,0.5609,"HIGH"
40,"2","N1","T4",0.3954,0.6046,"HIGH"
41,"2","N1","T4",0.3555,0.6445,"HIGH"
42,"2","N1","T4",0.3527,0.6473,"HIGH"
43,"2","N1","T4",0.3514,0.6486,"HIGH"
44,"2","N1","T4",0.3778,0.6222,"HIGH"
45,"2","N1","T4",0.3469,0.6531,"HIGH"
46,"2","N1","T4",0.3299,0.6701,"HIGH"
47,"2","N1","T4",0.3293,0.6707,"HIGH"
48,"2","N1","T4",0.3458,0.6542,"HIGH"
49,"2","N1","T4",0.362,0.638,"HIGH"
50,"2","N1","T4",0.361,0.639,"HIGH"
51,"2","N1","T4",0.3595,0.6405,"HIGH"
52,"2","N1","T4",0.3635,0.6365,"HIGH"
53,"2","N1","T4",0.3732,0.6268,"HIGH"
54,"2","N1","T4",0.3743,0.6257,"HIGH"
55,"2","N1","T4",0.369,0.631,"HIGH"
56,"2","N1","T4",0.3633,0.6367,"HIGH"
57,"2","N1","T4",0.3637,0.6363,"HIGH"
58,"2","N1","T4",0.3689,0.6311,"HIGH"
59,"2","N1","T4",0.361,0.639,"HIGH"
60,"2","N1","T4",0.3647,0.6353,"HIGH"
61,"2","N1","T4",0.3639,0.6361,"HIGH"
62,"2","N1","T4",0.3613,0.6387,"HIGH"
63,"2","N1","T4",0.3692,0.6308,"HIGH"
64,"2","N1","T4",0.3661,0.6339,"HIGH"
65,"2","N1","T4",0.3671,0.6329,"HIGH"
66,"2","N1","T4",0.3612,0.6388,"HIGH"
67,"2","N1","T4",0.3496,0.6504,"HIGH"
68,"2","N1","T4",0.35,0.65,"HIGH"
69,"2","N1","T4",0.3508,0.6492,"HIGH"
70,"2","N1","T4",0.3561,0.6439,"HIGH"
71,"2","N1","T4",0.3559,0.6441,"HIGH"
72,"2","N1","T4",0.3527,0.6473,"HIGH"
73,"2","N1","T4",0.3571,0.6429,"HIGH"
74,"2","N1","T4",0.3509,0.6491,"HIGH"
75,"2","N1","T4",0.3506,0.6494,"HIGH"
76,"2","N1","T4",0.3449,0.6551,"HIGH"
77,"2","N1","T4",0.3628,0.6372,"HIGH"
78,"2","N1","T4",0.3668,0.6332,"HIGH"
79,"2","N1","T4",0.3677,0.6323,"HIGH"
80,"2","N1","T4",0.3562,0.6438,"HIGH"
81,"2","N1","T4",0.352,0.648,"HIGH"
82,"2","N1","T4",0.349,0.651,"HIGH"
83,"2","N1","T4",0.36,0.64,"HIGH"
84,"2","N1","T4",0.3526,0.6474,"HIGH"
85,"2","N1","T4",0.3451,0.6549,"HIGH"
86,"2","N1","T4",0.3415,0.6585,"HIGH"
87,"2","N1","T4",0.3706,0.6294,"HIGH"
88,"2","N1","T4",0.4057,0.5943,"HIGH"
89,"2","N1","T4",0.402,0.598,"HIGH"
90,"2","N1","T4",0.3702,0.6298,"HIGH"
91,"2","N1","T4",0.3702,0.6298,"HIGH"
92,"2","N1","T4",0.3702,0.6298,"HIGH"
93,"2","N1","T4",0.3702,0.6298,"HIGH"
94,"2","N1","T4",0.3702,0.6298,"HIGH"
95,"2","N1","T4",0.3702,0.6298,"HIGH"
96,"2","N1","T4",0.3702,0.6298,"HIGH"
97,"2","N1","T4",0.3702,0.6298,"HIGH"
98,"2","N1","T4",0.3702,0.6298,"HIGH"
99,"2","N1","T4",0.3702,0.6298,"HIGH"
0,"1","N2","T4",0.1861,0.8139,"HIGH"
1,"1","N2","T4",0.1861,0.8139,"HIGH"
2,"1","N2","T4",0.1861,0.8139,"HIGH"
3,"1","N2","T4",0.1861,0.8139,"HIGH"
4,"1","N2","T4",0.1861,0.8139,"HIGH"
5,"1","N2","T4",0.1861,0.8139,"HIGH"
6,"1","N2","T4",0.1861,0.8139,"HIGH"
7,"1","N2","T4",0.1861,0.8139,"HIGH"
8,"1","N2","T4",0.1861,0.8139,"HIGH"
9,"1","N2","T4",0.1861,0.8139,"HIGH"
10,"1","N2","T4",0.1861,0.8139,"HIGH"
11,"1","N2","T4",0.1861,0.8139,"HIGH"
12,"1","N2","T4",0.1861,0.8139,"HIGH"
13,"1","N2","T4",0.1861,0.8139,"HIGH"
14,"1","N2","T4",0.1861,0.8139,"HIGH"
15,"1","N2","T4",0.1861,0.8139,"HIGH"
16,"1","N2","T4",0.1861,0.8139,"HIGH"
17,"1","N2","T4",0.1861,0.8139,"HIGH"
18,"1","N2","T4",0.1861,0.8139,"HIGH"
19,"1","N2","T4",0.1861,0.8139,"HIGH"
20,"1","N2","T4",0.1861,0.8139,"HIGH"
21,"1","N2","T4",0.1861,0.8139,"HIGH"
22,"1","N2","T4",0.1861,0.8139,"HIGH"
23,"1","N2","T4",0.1861,0.8139,"HIGH"
24,"1","N2","T4",0.1861,0.8139,"HIGH"
25,"1","N2","T4",0.1897,0.8103,"HIGH"
26,"1","N2","T4",0.1946,0.8054,"HIGH"
27,"1","N2","T4",0.2049,0.7951,"HIGH"
28,"1","N2","T4",0.2119,0.7881,"HIGH"
29,"1","N2","T4",0.2222,0.7778,"HIGH"
30,"1","N2","T4",0.2282,0.7718,"HIGH"
31,"1","N2","T4",0.2355,0.7645,"HIGH"
32,"1","N2","T4",0.2464,0.7536,"HIGH"
33,"1","N2","T4",0.2628,0.7372,"HIGH"
34,"1","N2","T4",0.2866,0.7134,"HIGH"
35,"1","N2","T4",0.3533,0.6467,"HIGH"
36,"1","N2","T4",0.3603,0.6397,"HIGH"
37,"1","N2","T4",0.3445,0.6555,"HIGH"
38,"1","N2","T4",0.3469,0.6531,"HIGH"
39,"1","N2","T4",0.3391,0.6609,"HIGH"
40,"1","N2","T4",0.3017,0.6983,"HIGH"
41,"1","N2","T4",0.2849,0.7151,"HIGH"
42,"1","N2","T4",0.2982,0.7018,"HIGH"
43,"1","N2","T4",0.2919,0.7081,"HIGH"
44,"1","N2","T4",0.2952,0.7048,"HIGH"
45,"1","N2","T4",0.2963,0.7037,"HIGH"
46,"1","N2","T4",0.2972,0.7028,"HIGH"
47,"1","N2","T4",0.2996,0.7004,"HIGH"
48,"1","N2","T4",0.2883,0.7117,"HIGH"
49,"1","N2","T4",0.2834,0.7166,"HIGH"
50,"1","N2","T4",0.2815,0.7185,"HIGH"
51,"1","N2","T4",0.2813,0.7187,"HIGH"
52,"1","N2","T4",0.2791,0.7209,"HIGH"
53,"1","N2","T4",0.2774,0.7226,"HIGH"
54,"1","N2","T4",0.2773,0.7227,"HIGH"
55,"1","N2","T4",0.2751,0.7249,"HIGH"
56,"1","N2","T4",0.2747,0.7253,"HIGH"
57,"1","N2","T4",0.2766,0.7234,"HIGH"
58,"1","N2","T4",0.2754,0.7246,"HIGH"
59,"1","N2","T4",0.2745,0.7255,"HIGH"
60,"1","N2","T4",0.2778,0.7222,"HIGH"
61,"1","N2","T4",0.2778,0.7222,"HIGH"
62,"1","N2","T4",0.2776,0.7224,"HIGH"
63,"1","N2","T4",0.2777,0.7223,"HIGH"
64,"1","N2","T4",0.2774,0.7226,"HIGH"
65,"1","N2","T4",0.2772,0.7228,"HIGH"
66,"1","N2","T4",0.2752,0.7248,"HIGH"
67,"1","N2","T4",0.2736,0.7264,"HIGH"
68,"1","N2","T4",0.2726,0.7274,"HIGH"
69,"1","N2","T4",0.2728,0.7272,"HIGH"
70,"1","N2","T4",0.2707,0.7293,"HIGH"
71,"1","N2","T4",0.2722,0.7278,"HIGH"
72,"1","N2","T4",0.2712,0.7288,"HIGH"
73,"1","N2","T4",0.2721,0.7279,"HIGH"
74,"1","N2","T4",0.2688,0.7312,"HIGH"
75,"1","N2","T4",0.2692,0.7308,"HIGH"
76,"1","N2","T4",0.2707,0.7293,"HIGH"
77,"1","N2","T4",0.2684,0.7316,"HIGH"
78,"1","N2","T4",0.2693,0.7307,"HIGH"
79,"1","N2","T4",0.2695,0.7305,"HIGH"
80,"1","N2","T4",0.2662,0.7338,"HIGH"
81,"1","N2","T4",0.2646,0.7354,"HIGH"
82,"1","N2","T4",0.2644,0.7356,"HIGH"
83,"1","N2","T4",0.2663,0.7337,"HIGH"
84,"1","N2","T4",0.2691,0.7309,"HIGH"
85,"1","N2","T4",0.2643,0.7357,"HIGH"
86,"1","N2","T4",0.2669,0.7331,"HIGH"
87,"1","N2","T4",0.2658,0.7342,"HIGH"
88,"1","N2","T4",0.262,0.738,"HIGH"
89,"1","N2","T4",0.2564,0.7436,"HIGH"
90,"1","N2","T4",0.2652,0.7348,"HIGH"
91,"1","N2","T4",0.2652,0.7348,"HIGH"
92,"1","N2","T4",0.2652,0.7348,"HIGH"
93,"1","N2","T4",0.2652,0.7348,"HIGH"
94,"1","N2","T4",0.2652,0.7348,"HIGH"
95,"1","N2","T4",0.2652,0.7348,"HIGH"
96,"1","N2","T4",0.2652,0.7348,"HIGH"
97,"1","N2","T4",0.2652,0.7348,"HIGH"
98,"1","N2","T4",0.2652,0.7348,"HIGH"
99,"1","N2","T4",0.2652,0.7348,"HIGH"
0,"2","N2","T4",0.3509,0.6491,"HIGH"
1,"2","N2","T4",0.3509,0.6491,"HIGH"
2,"2","N2","T4",0.3509,0.6491,"HIGH"
3,"2","N2","T4",0.3509,0.6491,"HIGH"
4,"2","N2","T4",0.3509,0.6491,"HIGH"
5,"2","N2","T4",0.3509,0.6491,"HIGH"
6,"2","N2","T4",0.3509,0.6491,"HIGH"
7,"2","N2","T4",0.3509,0.6491,"HIGH"
8,"2","N2","T4",0.3509,0.6491,"HIGH"
9,"2","N2","T4",0.3509,0.6491,"HIGH"
10,"2","N2","T4",0.3509,0.6491,"HIGH"
11,"2","N2","T4",0.3509,0.6491,"HIGH"
12,"2","N2","T4",0.3509,0.6491,"HIGH"
13,"2","N2","T4",0.3509,0.6491,"HIGH"
14,"2","N2","T4",0.3509,0.6491,"HIGH"
15,"2","N2","T4",0.3509,0.6491,"HIGH"
16,"2","N2","T4",0.3509,0.6491,"HIGH"
17,"2","N2","T4",0.3509,0.6491,"HIGH"
18,"2","N2","T4",0.3509,0.6491,"HIGH"
19,"2","N2","T4",0.3509,0.6491,"HIGH"
20,"2","N2","T4",0.3509,0.6491,"HIGH"
21,"2","N2","T4",0.3515,0.6485,"HIGH"
22,"2","N2","T4",0.3515,0.6485,"HIGH"
23,"2","N2","T4",0.3536,0.6464,"HIGH"
24,"2","N2","T4",0.3536,0.6464,"HIGH"
25,"2","N2","T4",0.3562,0.6438,"HIGH"
26,"2","N2","T4",0.3569,0.6431,"HIGH"
27,"2","N2","T4",0.3609,0.6391,"HIGH"
28,"2","N2","T4",0.3629,0.6371,"HIGH"
29,"2","N2","T4",0.3691,0.6309,"HIGH"
30,"2","N2","T4",0.3716,0.6284,"HIGH"
31,"2","N2","T4",0.3776,0.6224,"HIGH"
32,"2","N2","T4",0.3863,0.6137,"HIGH"
33,"2","N2","T4",0.3179,0.6821,"HIGH"
34,"2","N2","T4",0.3122,0.6878,"HIGH"
35,"2","N2","T4",0.3202,0.6798,"HIGH"
36,"2","N2","T4",0.3349,0.6651,"HIGH"
37,"2","N2","T4",0.3481,0.6519,"HIGH"
38,"2","N2","T4",0.372,0.628,"HIGH"
39,"2","N2","T4",0.3627,0.6373,"HIGH"
40,"2","N2","T4",0.3889,0.6111,"HIGH"
41,"2","N2","T4",0.3566,0.6434,"HIGH"
42,"2","N2","T4",0.3653,0.6347,"HIGH"
43,"2","N2","T4",0.3484,0.6516,"HIGH"
44,"2","N2","T4",0.3503,0.6497,"HIGH"
45,"2","N2","T4",0.337,0.663,"HIGH"
46,"2","N2","T4",0.3394,0.6606,"HIGH"
47,"2","N2","T4",0.335,0.665,"HIGH"
48,"2","N2","T4",0.3383,0.6617,"HIGH"
49,"2","N2","T4",0.3452,0.6548,"HIGH"
50,"2","N2","T4",0.339,0.661,"HIGH"
51,"2","N2","T4",0.3348,0.6652,"HIGH"
52,"2","N2","T4",0.3385,0.6615,"HIGH"
53,"2","N2","T4",0.3381,0.6619,"HIGH"
54,"2","N2","T4",0.3415,0.6585,"HIGH"
55,"2","N2","T4",0.3438,0.6562,"HIGH"
56,"2","N2","T4",0.342,0.658,"HIGH"
57,"2","N2","T4",0.3384,0.6616,"HIGH"
58,"2","N2","T4",0.3352,0.6648,"HIGH"
59,"2","N2","T4",0.3345,0.6655,"HIGH"
60,"2","N2","T4",0.3323,0.6677,"HIGH"
61,"2","N2","T4",0.3346,0.6654,"HIGH"
62,"2","N2","T4",0.3349,0.6651,"HIGH"
63,"2","N2","T4",0.3334,0.6666,"HIGH"
64,"2","N2","T4",0.3332,0.6668,"HIGH"
65,"2","N2","T4",0.336,0.664,"HIGH"
66,"2","N2","T4",0.3292,0.6708,"HIGH"
67,"2","N2","T4",0.3316,0.6684,"HIGH"
68,"2","N2","T4",0.3306,0.6694,"HIGH"
69,"2","N2","T4",0.3274,0.6726,"HIGH"
70,"2","N2","T4",0.3277,0.6723,"HIGH"
71,"2","N2","T4",0.3221,0.6779,"HIGH"
72,"2","N2","T4",0.3218,0.6782,"HIGH"
73,"2","N2","T4",0.317,0.683,"HIGH"
74,"2","N2","T4",0.3164,0.6836,"HIGH"
75,"2","N2","T4",0.3173,0.6827,"HIGH"
76,"2","N2","T4",0.3131,0.6869,"HIGH"
77,"2","N2","T4",0.3161,0.6839,"HIGH"
78,"2","N2","T4",0.3089,0.6911,"HIGH"
79,"2","N2","T4",0.3056,0.6944,"HIGH"
80,"2","N2","T4",0.3003,0.6997,"HIGH"
81,"2","N2","T4",0.2993,0.7007,"HIGH"
82,"2","N2","T4",0.3024,0.6976,"HIGH"
83,"2","N2","T4",0.2984,0.7016,"HIGH"
84,"2","N2","T4",0.3076,0.6924,"HIGH"
85,"2","N2","T4",0.3037,0.6963,"HIGH"
86,"2","N2","T4",0.3048,0.6952,"HIGH"
87,"2","N2","T4",0.296,0.704,"HIGH"
88,"2","N2","T4",0.2958,0.7042,"HIGH"
89,"2","N2","T4",0.2735,0.7265,"HIGH"
90,"2","N2","T4",0.2811,0.7189,"HIGH"
91,"2","N2","T4",0.2811,0.7189,"HIGH"
92,"2","N2","T4",0.2811,0.7189,"HIGH"
93,"2","N2","T4",0.2811,0.7189,"HIGH"
94,"2","N2","T4",0.2811,0.7189,"HIGH"
95,"2","N2","T4",0.2811,0.7189,"HIGH"
96,"2","N2","T4",0.2811,0.7189,"HIGH"
97,"2","N2","T4",0.2811,0.7189,"HIGH"
98,"2","N2","T4",0.2811,0.7189,"HIGH"
99,"2","N2","T4",0.2811,0.7189,"HIGH"
0,"1","N3","T4",0.4009,0.5991,"HIGH"
1,"1","N3","T4",0.4009,0.5991,"HIGH"
2,"1","N3","T4",0.4009,0.5991,"HIGH"
3,"1","N3","T4",0.4009,0.5991,"HIGH"
4,"1","N3","T4",0.4009,0.5991,"HIGH"
5,"1","N3","T4",0.4009,0.5991,"HIGH"
6,"1","N3","T4",0.4009,0.5991,"HIGH"
7,"1","N3","T4",0.4009,0.5991,"HIGH"
8,"1","N3","T4",0.4009,0.5991,"HIGH"
9,"1","N3","T4",0.4009,0.5991,"HIGH"
10,"1","N3","T4",0.4009,0.5991,"HIGH"
11,"1","N3","T4",0.4009,0.5991,"HIGH"
12,"1","N3","T4",0.4009,0.5991,"HIGH"
13,"1","N3","T4",0.4009,0.5991,"HIGH"
14,"1","N3","T4",0.4009,0.5991,"HIGH"
15,"1","N3","T4",0.4009,0.5991,"HIGH"
16,"1","N3","T4",0.4009,0.5991,"HIGH"
17,"1","N3","T4",0.4009,0.5991,"HIGH"
18,"1","N3","T4",0.4009,0.5991,"HIGH"
19,"1","N3","T4",0.4009,0.5991,"HIGH"
20,"1","N3","T4",0.4029,0.5971,"HIGH"
21,"1","N3","T4",0.4029,0.5971,"HIGH"
22,"1","N3","T4",0.4075,0.5925,"HIGH"
23,"1","N3","T4",0.4095,0.5905,"HIGH"
24,"1","N3","T4",0.4095,0.5905,"HIGH"
25,"1","N3","T4",0.41,0.59,"HIGH"
26,"1","N3","T4",0.4108,0.5892,"HIGH"
27,"1","N3","T4",0.4122,0.5878,"HIGH"
28,"1","N3","T4",0.4137,0.5863,"HIGH"
29,"1","N3","T4",0.4194,0.5806,"HIGH"
30,"1","N3","T4",0.4031,0.5969,"HIGH"
31,"1","N3","T4",0.386,0.614,"HIGH"
32,"1","N3","T4",0.3794,0.6206,"HIGH"
33,"1","N3","T4",0.3668,0.6332,"HIGH"
34,"1","N3","T4",0.338,0.662,"HIGH"
35,"1","N3","T4",0.2842,0.7158,"HIGH"
36,"1","N3","T4",0.2587,0.7413,"HIGH"
37,"1","N3","T4",0.2589,0.7411,"HIGH"
38,"1","N3","T4",0.2758,0.7242,"HIGH"
39,"1","N3","T4",0.2658,0.7342,"HIGH"
40,"1","N3","T4",0.2491,0.7509,"HIGH"
41,"1","N3","T4",0.2655,0.7345,"HIGH"
42,"1","N3","T4",0.2624,0.7376,"HIGH"
43,"1","N3","T4",0.2508,0.7492,"HIGH"
44,"1","N3","T4",0.2529,0.7471,"HIGH"
45,"1","N3","T4",0.256,0.744,"HIGH"
46,"1","N3","T4",0.2479,0.7521,"HIGH"
47,"1","N3","T4",0.2439,0.7561,"HIGH"
48,"1","N3","T4",0.2475,0.7525,"HIGH"
49,"1","N3","T4",0.2483,0.7517,"HIGH"
50,"1","N3","T4",0.2437,0.7563,"HIGH"
51,"1","N3","T4",0.2425,0.7575,"HIGH"
52,"1","N3","T4",0.2418,0.7582,"HIGH"
53,"1","N3","T4",0.2396,0.7604,"HIGH"
54,"1","N3","T4",0.2455,0.7545,"HIGH"
55,"1","N3","T4",0.2501,0.7499,"HIGH"
56,"1","N3","T4",0.2484,0.7516,"HIGH"
57,"1","N3","T4",0.2403,0.7597,"HIGH"
58,"1","N3","T4",0.2409,0.7591,"HIGH"
59,"1","N3","T4",0.2402,0.7598,"HIGH"
60,"1","N3","T4",0.2407,0.7593,"HIGH"
61,"1","N3","T4",0.2391,0.7609,"HIGH"
62,"1","N3","T4",0.2386,0.7614,"HIGH"
63,"1","N3","T4",0.2379,0.7621,"HIGH"
64,"1","N3","T4",0.2383,0.7617,"HIGH"
65,"1","N3","T4",0.2341,0.7659,"HIGH"
66,"1","N3","T4",0.2322,0.7678,"HIGH"
67,"1","N3","T4",0.2329,0.7671,"HIGH"
68,"1","N3","T4",0.2308,0.7692,"HIGH"
69,"1","N3","T4",0.2316,0.7684,"HIGH"
70,"1","N3","T4",0.2284,0.7716,"HIGH"
71,"1","N3","T4",0.2285,0.7715,"HIGH"
72,"1","N3","T4",0.2264,0.7736,"HIGH"
73,"1","N3","T4",0.2247,0.7753,"HIGH"
74,"1","N3","T4",0.2278,0.7722,"HIGH"
75,"1","N3","T4",0.2247,0.7753,"HIGH"
76,"1","N3","T4",0.2254,0.7746,"HIGH"
77,"1","N3","T4",0.2235,0.7765,"HIGH"
78,"1","N3","T4",0.2229,0.7771,"HIGH"
79,"1","N3","T4",0.2211,0.7789,"HIGH"
80,"1","N3","T4",0.2229,0.7771,"HIGH"
81,"1","N3","T4",0.225,0.775,"HIGH"
82,"1","N3","T4",0.2267,0.7733,"HIGH"
83,"1","N3","T4",0.2206,0.7794,"HIGH"
84,"1","N3","T4",0.2233,0.7767,"HIGH"
85,"1","N3","T4",0.2271,0.7729,"HIGH"
86,"1","N3","T4",0.2335,0.7665,"HIGH"
87,"1","N3","T4",0.2371,0.7629,"HIGH"
88,"1","N3","T4",0.2075,0.7925,"HIGH"
89,"1","N3","T4",0.2304,0.7696,"HIGH"
90,"1","N3","T4",0.2304,0.7696,"HIGH"
91,"1","N3","T4",0.2304,0.7696,"HIGH"
92,"1","N3","T4",0.2304,0.7696,"HIGH"
93,"1","N3","T4",0.2304,0.7696,"HIGH"
94,"1","N3","T4",0.2304,0.7696,"HIGH"
95,"1","N3","T4",0.2304,0.7696,"HIGH"
96,"1","N3","T4",0.2304,0.7696,"HIGH"
97,"1","N3","T4",0.2304,0.7696,"HIGH"
98,"1","N3","T4",0.2304,0.7696,"HIGH"
99,"1","N3","T4",0.2304,0.7696,"HIGH"
0,"2","N3","T4",0.2868,0.7132,"HIGH"
1,"2","N3","T4",0.2868,0.7132,"HIGH"
2,"2","N3","T4",0.2868,0.7132,"HIGH"
3,"2","N3","T4",0.2868,0.7132,"HIGH"
4,"2","N3","T4",0.2868,0.7132,"HIGH"
5,"2","N3","T4",0.2868,0.7132,"HIGH"
6,"2","N3","T4",0.2868,0.7132,"HIGH"
7,"2","N3","T4",0.2868,0.7132,"HIGH"
8,"2","N3","T4",0.2868,0.7132,"HIGH"
9,"2","N3","T4",0.2868,0.7132,"HIGH"
10,"2","N3","T4",0.2868,0.7132,"HIGH"
11,"2","N3","T4",0.2868,0.7132,"HIGH"
12,"2","N3","T4",0.2868,0.7132,"HIGH"
13,"2","N3","T4",0.2868,0.7132,"HIGH"
14,"2","N3","T4",0.2868,0.7132,"HIGH"
15,"2","N3","T4",0.2868,0.7132,"HIGH"
16,"2","N3","T4",0.2868,0.7132,"HIGH"
17,"2","N3","T4",0.2868,0.7132,"HIGH"
18,"2","N3","T4",0.2868,0.7132,"HIGH"
19,"2","N3","T4",0.2868,0.7132,"HIGH"
20,"2","N3","T4",0.2938,0.7062,"HIGH"
21,"2","N3","T4",0.2973,0.7027,"HIGH"
22,"2","N3","T4",0.3088,0.6912,"HIGH"
23,"2","N3","T4",0.3218,0.6782,"HIGH"
24,"2","N3","T4",0.3275,0.6725,"HIGH"
25,"2","N3","T4",0.3324,0.6676,"HIGH"
26,"2","N3","T4",0.339,0.661,"HIGH"
27,"2","N3","T4",0.3438,0.6562,"HIGH"
28,"2","N3","T4",0.3507,0.6493,"HIGH"
29,"2","N3","T4",0.3667,0.6333,"HIGH"
30,"2","N3","T4",0.3756,0.6244,"HIGH"
31,"2","N3","T4",0.3805,0.6195,"HIGH"
32,"2","N3","T4",0.4163,0.5837,"HIGH"
33,"2","N3","T4",0.392,0.608,"HIGH"
34,"2","N3","T4",0.3726,0.6274,"HIGH"
35,"2","N3","T4",0.3449,0.6551,"HIGH"
36,"2","N3","T4",0.3138,0.6862,"HIGH"
37,"2","N3","T4",0.3052,0.6948,"HIGH"
38,"2","N3","T4",0.3173,0.6827,"HIGH"
39,"2","N3","T4",0.3098,0.6902,"HIGH"
40,"2","N3","T4",0.3064,0.6936,"HIGH"
41,"2","N3","T4",0.3233,0.6767,"HIGH"
42,"2","N3","T4",0.3211,0.6789,"HIGH"
43,"2","N3","T4",0.3199,0.6801,"HIGH"
44,"2","N3","T4",0.313,0.687,"HIGH"
45,"2","N3","T4",0.3235,0.6765,"HIGH"
46,"2","N3","T4",0.3077,0.6923,"HIGH"
47,"2","N3","T4",0.3014,0.6986,"HIGH"
48,"2","N3","T4",0.2976,0.7024,"HIGH"
49,"2","N3","T4",0.3011,0.6989,"HIGH"
50,"2","N3","T4",0.2951,0.7049,"HIGH"
51,"2","N3","T4",0.2993,0.7007,"HIGH"
52,"2","N3","T4",0.2956,0.7044,"HIGH"
53,"2","N3","T4",0.2982,0.7018,"HIGH"
54,"2","N3","T4",0.2942,0.7058,"HIGH"
55,"2","N3","T4",0.2957,0.7043,"HIGH"
56,"2","N3","T4",0.295,0.705,"HIGH"
57,"2","N3","T4",0.2949,0.7051,"HIGH"
58,"2","N3","T4",0.2957,0.7043,"HIGH"
59,"2","N3","T4",0.2982,0.7018,"HIGH"
60,"2","N3","T4",0.2925,0.7075,"HIGH"
61,"2","N3","T4",0.2906,0.7094,"HIGH"
62,"2","N3","T4",0.2897,0.7103,"HIGH"
63,"2","N3","T4",0.2854,0.7146,"HIGH"
64,"2","N3","T4",0.2865,0.7135,"HIGH"
65,"2","N3","T4",0.2851,0.7149,"HIGH"
66,"2","N3","T4",0.2836,0.7164,"HIGH"
67,"2","N3","T4",0.2816,0.7184,"HIGH"
68,"2","N3","T4",0.2814,0.7186,"HIGH"
69,"2","N3","T4",0.2809,0.7191,"HIGH"
70,"2","N3","T4",0.2796,0.7204,"HIGH"
71,"2","N3","T4",0.2783,0.7217,"HIGH"
72,"2","N3","T4",0.2784,0.7216,"HIGH"
73,"2","N3","T4",0.2762,0.7238,"HIGH"
74,"2","N3","T4",0.2754,0.7246,"HIGH"
75,"2","N3","T4",0.2735,0.7265,"HIGH"
76,"2","N3","T4",0.2749,0.7251,"HIGH"
77,"2","N3","T4",0.2766,0.7234,"HIGH"
78,"2","N3","T4",0.2713,0.7287,"HIGH"
79,"2","N3","T4",0.271,0.729,"HIGH"
80,"2","N3","T4",0.268,0.732,"HIGH"
81,"2","N3","T4",0.261,0.739,"HIGH"
82,"2","N3","T4",0.2702,0.7298,"HIGH"
83,"2","N3","T4",0.2604,0.7396,"HIGH"
84,"2","N3","T4",0.2552,0.7448,"HIGH"
85,"2","N3","T4",0.246,0.754,"HIGH"
86,"2","N3","T4",0.2467,0.7533,"HIGH"
87,"2","N3","T4",0.2416,0.7584,"HIGH"
88,"2","N3","T4",0.2551,0.7449,"HIGH"
89,"2","N3","T4",0.2636,0.7364,"HIGH"
90,"2","N3","T4",0.2519,0.7481,"HIGH"
91,"2","N3","T4",0.2519,0.7481,"HIGH"
92,"2","N3","T4",0.2519,0.7481,"HIGH"
93,"2","N3","T4",0.2519,0.7481,"HIGH"
94,"2","N3","T4",0.2519,0.7481,"HIGH"
95,"2","N3","T4",0.2519,0.7481,"HIGH"
96,"2","N3","T4",0.2519,0.7481,"HIGH"
97,"2","N3","T4",0.2519,0.7481,"HIGH"
98,"2","N3","T4",0.2519,0.7481,"HIGH"
99,"2","N3","T4",0.2519,0.7481,"HIGH"
0,"1","Other/Unknown","T4",0.1901,0.8099,"HIGH"
1,"1","Other/Unknown","T4",0.1901,0.8099,"HIGH"
2,"1","Other/Unknown","T4",0.1901,0.8099,"HIGH"
3,"1","Other/Unknown","T4",0.1901,0.8099,"HIGH"
4,"1","Other/Unknown","T4",0.1901,0.8099,"HIGH"
5,"1","Other/Unknown","T4",0.1901,0.8099,"HIGH"
6,"1","Other/Unknown","T4",0.1901,0.8099,"HIGH"
7,"1","Other/Unknown","T4",0.1901,0.8099,"HIGH"
8,"1","Other/Unknown","T4",0.1901,0.8099,"HIGH"
9,"1","Other/Unknown","T4",0.1901,0.8099,"HIGH"
10,"1","Other/Unknown","T4",0.1901,0.8099,"HIGH"
11,"1","Other/Unknown","T4",0.1901,0.8099,"HIGH"
12,"1","Other/Unknown","T4",0.1901,0.8099,"HIGH"
13,"1","Other/Unknown","T4",0.1901,0.8099,"HIGH"
14,"1","Other/Unknown","T4",0.1901,0.8099,"HIGH"
15,"1","Other/Unknown","T4",0.1901,0.8099,"HIGH"
16,"1","Other/Unknown","T4",0.1901,0.8099,"HIGH"
17,"1","Other/Unknown","T4",0.1901,0.8099,"HIGH"
18,"1","Other/Unknown","T4",0.1901,0.8099,"HIGH"
19,"1","Other/Unknown","T4",0.1901,0.8099,"HIGH"
20,"1","Other/Unknown","T4",0.1901,0.8099,"HIGH"
21,"1","Other/Unknown","T4",0.1901,0.8099,"HIGH"
22,"1","Other/Unknown","T4",0.1901,0.8099,"HIGH"
23,"1","Other/Unknown","T4",0.1901,0.8099,"HIGH"
24,"1","Other/Unknown","T4",0.1905,0.8095,"HIGH"
25,"1","Other/Unknown","T4",0.1905,0.8095,"HIGH"
26,"1","Other/Unknown","T4",0.1907,0.8093,"HIGH"
27,"1","Other/Unknown","T4",0.1912,0.8088,"HIGH"
28,"1","Other/Unknown","T4",0.1912,0.8088,"HIGH"
29,"1","Other/Unknown","T4",0.1932,0.8068,"HIGH"
30,"1","Other/Unknown","T4",0.1892,0.8108,"HIGH"
31,"1","Other/Unknown","T4",0.1908,0.8092,"HIGH"
32,"1","Other/Unknown","T4",0.1908,0.8092,"HIGH"
33,"1","Other/Unknown","T4",0.1837,0.8163,"HIGH"
34,"1","Other/Unknown","T4",0.1807,0.8193,"HIGH"
35,"1","Other/Unknown","T4",0.1811,0.8189,"HIGH"
36,"1","Other/Unknown","T4",0.1765,0.8235,"HIGH"
37,"1","Other/Unknown","T4",0.1675,0.8325,"HIGH"
38,"1","Other/Unknown","T4",0.1636,0.8364,"HIGH"
39,"1","Other/Unknown","T4",0.1548,0.8452,"HIGH"
40,"1","Other/Unknown","T4",0.1543,0.8457,"HIGH"
41,"1","Other/Unknown","T4",0.1682,0.8318,"HIGH"
42,"1","Other/Unknown","T4",0.2024,0.7976,"HIGH"
43,"1","Other/Unknown","T4",0.163,0.837,"HIGH"
44,"1","Other/Unknown","T4",0.1973,0.8027,"HIGH"
45,"1","Other/Unknown","T4",0.1798,0.8202,"HIGH"
46,"1","Other/Unknown","T4",0.1761,0.8239,"HIGH"
47,"1","Other/Unknown","T4",0.1733,0.8267,"HIGH"
48,"1","Other/Unknown","T4",0.1649,0.8351,"HIGH"
49,"1","Other/Unknown","T4",0.169,0.831,"HIGH"
50,"1","Other/Unknown","T4",0.1751,0.8249,"HIGH"
51,"1","Other/Unknown","T4",0.1517,0.8483,"HIGH"
52,"1","Other/Unknown","T4",0.1417,0.8583,"HIGH"
53,"1","Other/Unknown","T4",0.139,0.861,"HIGH"
54,"1","Other/Unknown","T4",0.1451,0.8549,"HIGH"
55,"1","Other/Unknown","T4",0.1387,0.8613,"HIGH"
56,"1","Other/Unknown","T4",0.1443,0.8557,"HIGH"
57,"1","Other/Unknown","T4",0.1388,0.8612,"HIGH"
58,"1","Other/Unknown","T4",0.1399,0.8601,"HIGH"
59,"1","Other/Unknown","T4",0.1406,0.8594,"HIGH"
60,"1","Other/Unknown","T4",0.1426,0.8574,"HIGH"
61,"1","Other/Unknown","T4",0.144,0.856,"HIGH"
62,"1","Other/Unknown","T4",0.132,0.868,"HIGH"
63,"1","Other/Unknown","T4",0.1337,0.8663,"HIGH"
64,"1","Other/Unknown","T4",0.1345,0.8655,"HIGH"
65,"1","Other/Unknown","T4",0.128,0.872,"HIGH"
66,"1","Other/Unknown","T4",0.1342,0.8658,"HIGH"
67,"1","Other/Unknown","T4",0.1338,0.8662,"HIGH"
68,"1","Other/Unknown","T4",0.1383,0.8617,"HIGH"
69,"1","Other/Unknown","T4",0.1321,0.8679,"HIGH"
70,"1","Other/Unknown","T4",0.1415,0.8585,"HIGH"
71,"1","Other/Unknown","T4",0.1278,0.8722,"HIGH"
72,"1","Other/Unknown","T4",0.1328,0.8672,"HIGH"
73,"1","Other/Unknown","T4",0.1254,0.8746,"HIGH"
74,"1","Other/Unknown","T4",0.1279,0.8721,"HIGH"
75,"1","Other/Unknown","T4",0.1305,0.8695,"HIGH"
76,"1","Other/Unknown","T4",0.1331,0.8669,"HIGH"
77,"1","Other/Unknown","T4",0.1262,0.8738,"HIGH"
78,"1","Other/Unknown","T4",0.1305,0.8695,"HIGH"
79,"1","Other/Unknown","T4",0.1344,0.8656,"HIGH"
80,"1","Other/Unknown","T4",0.1298,0.8702,"HIGH"
81,"1","Other/Unknown","T4",0.1384,0.8616,"HIGH"
82,"1","Other/Unknown","T4",0.1434,0.8566,"HIGH"
83,"1","Other/Unknown","T4",0.1457,0.8543,"HIGH"
84,"1","Other/Unknown","T4",0.1348,0.8652,"HIGH"
85,"1","Other/Unknown","T4",0.1355,0.8645,"HIGH"
86,"1","Other/Unknown","T4",0.1512,0.8488,"HIGH"
87,"1","Other/Unknown","T4",0.1648,0.8352,"HIGH"
88,"1","Other/Unknown","T4",0.1917,0.8083,"HIGH"
89,"1","Other/Unknown","T4",0.1454,0.8546,"HIGH"
90,"1","Other/Unknown","T4",0.1261,0.8739,"HIGH"
91,"1","Other/Unknown","T4",0.1261,0.8739,"HIGH"
92,"1","Other/Unknown","T4",0.1261,0.8739,"HIGH"
93,"1","Other/Unknown","T4",0.1261,0.8739,"HIGH"
94,"1","Other/Unknown","T4",0.1261,0.8739,"HIGH"
95,"1","Other/Unknown","T4",0.1261,0.8739,"HIGH"
96,"1","Other/Unknown","T4",0.1261,0.8739,"HIGH"
97,"1","Other/Unknown","T4",0.1261,0.8739,"HIGH"
98,"1","Other/Unknown","T4",0.1261,0.8739,"HIGH"
99,"1","Other/Unknown","T4",0.1261,0.8739,"HIGH"
0,"2","Other/Unknown","T4",0.3384,0.6616,"HIGH"
1,"2","Other/Unknown","T4",0.3384,0.6616,"HIGH"
2,"2","Other/Unknown","T4",0.3384,0.6616,"HIGH"
3,"2","Other/Unknown","T4",0.3384,0.6616,"HIGH"
4,"2","Other/Unknown","T4",0.3384,0.6616,"HIGH"
5,"2","Other/Unknown","T4",0.3384,0.6616,"HIGH"
6,"2","Other/Unknown","T4",0.3384,0.6616,"HIGH"
7,"2","Other/Unknown","T4",0.3384,0.6616,"HIGH"
8,"2","Other/Unknown","T4",0.3384,0.6616,"HIGH"
9,"2","Other/Unknown","T4",0.3384,0.6616,"HIGH"
10,"2","Other/Unknown","T4",0.3384,0.6616,"HIGH"
11,"2","Other/Unknown","T4",0.3384,0.6616,"HIGH"
12,"2","Other/Unknown","T4",0.3384,0.6616,"HIGH"
13,"2","Other/Unknown","T4",0.3384,0.6616,"HIGH"
14,"2","Other/Unknown","T4",0.3384,0.6616,"HIGH"
15,"2","Other/Unknown","T4",0.3384,0.6616,"HIGH"
16,"2","Other/Unknown","T4",0.3384,0.6616,"HIGH"
17,"2","Other/Unknown","T4",0.3384,0.6616,"HIGH"
18,"2","Other/Unknown","T4",0.3384,0.6616,"HIGH"
19,"2","Other/Unknown","T4",0.3384,0.6616,"HIGH"
20,"2","Other/Unknown","T4",0.3384,0.6616,"HIGH"
21,"2","Other/Unknown","T4",0.3384,0.6616,"HIGH"
22,"2","Other/Unknown","T4",0.3384,0.6616,"HIGH"
23,"2","Other/Unknown","T4",0.3384,0.6616,"HIGH"
24,"2","Other/Unknown","T4",0.3384,0.6616,"HIGH"
25,"2","Other/Unknown","T4",0.3404,0.6596,"HIGH"
26,"2","Other/Unknown","T4",0.3424,0.6576,"HIGH"
27,"2","Other/Unknown","T4",0.343,0.657,"HIGH"
28,"2","Other/Unknown","T4",0.343,0.657,"HIGH"
29,"2","Other/Unknown","T4",0.345,0.655,"HIGH"
30,"2","Other/Unknown","T4",0.345,0.655,"HIGH"
31,"2","Other/Unknown","T4",0.349,0.651,"HIGH"
32,"2","Other/Unknown","T4",0.349,0.651,"HIGH"
33,"2","Other/Unknown","T4",0.3262,0.6738,"HIGH"
34,"2","Other/Unknown","T4",0.3101,0.6899,"HIGH"
35,"2","Other/Unknown","T4",0.2906,0.7094,"HIGH"
36,"2","Other/Unknown","T4",0.2739,0.7261,"HIGH"
37,"2","Other/Unknown","T4",0.2449,0.7551,"HIGH"
38,"2","Other/Unknown","T4",0.2265,0.7735,"HIGH"
39,"2","Other/Unknown","T4",0.2021,0.7979,"HIGH"
40,"2","Other/Unknown","T4",0.1915,0.8085,"HIGH"
41,"2","Other/Unknown","T4",0.1971,0.8029,"HIGH"
42,"2","Other/Unknown","T4",0.209,0.791,"HIGH"
43,"2","Other/Unknown","T4",0.206,0.794,"HIGH"
44,"2","Other/Unknown","T4",0.2067,0.7933,"HIGH"
45,"2","Other/Unknown","T4",0.1517,0.8483,"HIGH"
46,"2","Other/Unknown","T4",0.1478,0.8522,"HIGH"
47,"2","Other/Unknown","T4",0.1485,0.8515,"HIGH"
48,"2","Other/Unknown","T4",0.1657,0.8343,"HIGH"
49,"2","Other/Unknown","T4",0.1498,0.8502,"HIGH"
50,"2","Other/Unknown","T4",0.147,0.853,"HIGH"
51,"2","Other/Unknown","T4",0.1625,0.8375,"HIGH"
52,"2","Other/Unknown","T4",0.162,0.838,"HIGH"
53,"2","Other/Unknown","T4",0.1697,0.8303,"HIGH"
54,"2","Other/Unknown","T4",0.1582,0.8418,"HIGH"
55,"2","Other/Unknown","T4",0.16,0.84,"HIGH"
56,"2","Other/Unknown","T4",0.1592,0.8408,"HIGH"
57,"2","Other/Unknown","T4",0.1728,0.8272,"HIGH"
58,"2","Other/Unknown","T4",0.1766,0.8234,"HIGH"
59,"2","Other/Unknown","T4",0.1644,0.8356,"HIGH"
60,"2","Other/Unknown","T4",0.1597,0.8403,"HIGH"
61,"2","Other/Unknown","T4",0.1656,0.8344,"HIGH"
62,"2","Other/Unknown","T4",0.1593,0.8407,"HIGH"
63,"2","Other/Unknown","T4",0.1677,0.8323,"HIGH"
64,"2","Other/Unknown","T4",0.1703,0.8297,"HIGH"
65,"2","Other/Unknown","T4",0.1574,0.8426,"HIGH"
66,"2","Other/Unknown","T4",0.1665,0.8335,"HIGH"
67,"2","Other/Unknown","T4",0.1719,0.8281,"HIGH"
68,"2","Other/Unknown","T4",0.1649,0.8351,"HIGH"
69,"2","Other/Unknown","T4",0.1773,0.8227,"HIGH"
70,"2","Other/Unknown","T4",0.169,0.831,"HIGH"
71,"2","Other/Unknown","T4",0.1618,0.8382,"HIGH"
72,"2","Other/Unknown","T4",0.1632,0.8368,"HIGH"
73,"2","Other/Unknown","T4",0.165,0.835,"HIGH"
74,"2","Other/Unknown","T4",0.1625,0.8375,"HIGH"
75,"2","Other/Unknown","T4",0.1588,0.8412,"HIGH"
76,"2","Other/Unknown","T4",0.1624,0.8376,"HIGH"
77,"2","Other/Unknown","T4",0.1578,0.8422,"HIGH"
78,"2","Other/Unknown","T4",0.1437,0.8563,"HIGH"
79,"2","Other/Unknown","T4",0.146,0.854,"HIGH"
80,"2","Other/Unknown","T4",0.1361,0.8639,"HIGH"
81,"2","Other/Unknown","T4",0.1356,0.8644,"HIGH"
82,"2","Other/Unknown","T4",0.1579,0.8421,"HIGH"
83,"2","Other/Unknown","T4",0.1449,0.8551,"HIGH"
84,"2","Other/Unknown","T4",0.1518,0.8482,"HIGH"
85,"2","Other/Unknown","T4",0.1455,0.8545,"HIGH"
86,"2","Other/Unknown","T4",0.1846,0.8154,"HIGH"
87,"2","Other/Unknown","T4",0.1718,0.8282,"HIGH"
88,"2","Other/Unknown","T4",0.1655,0.8345,"HIGH"
89,"2","Other/Unknown","T4",0.1813,0.8187,"HIGH"
90,"2","Other/Unknown","T4",0.1383,0.8617,"HIGH"
91,"2","Other/Unknown","T4",0.1383,0.8617,"HIGH"
92,"2","Other/Unknown","T4",0.1383,0.8617,"HIGH"
93,"2","Other/Unknown","T4",0.1383,0.8617,"HIGH"
94,"2","Other/Unknown","T4",0.1383,0.8617,"HIGH"
95,"2","Other/Unknown","T4",0.1383,0.8617,"HIGH"
96,"2","Other/Unknown","T4",0.1383,0.8617,"HIGH"
97,"2","Other/Unknown","T4",0.1383,0.8617,"HIGH"
98,"2","Other/Unknown","T4",0.1383,0.8617,"HIGH"
99,"2","Other/Unknown","T4",0.1383,0.8617,"HIGH"
