"AGE","SEX","TNM_N_cat","TNM_T_cat","no_metastasis","metastasis","risk_level"
0,"1","N0","T0",0.4745,0.5255,"HIGH"
1,"1","N0","T0",0.4744,0.5256,"HIGH"
2,"1","N0","T0",0.4737,0.5263,"HIGH"
3,"1","N0","T0",0.474,0.526,"HIGH"
4,"1","N0","T0",0.474,0.526,"HIGH"
5,"1","N0","T0",0.474,0.526,"HIGH"
6,"1","N0","T0",0.474,0.526,"HIGH"
7,"1","N0","T0",0.474,0.526,"HIGH"
8,"1","N0","T0",0.474,0.526,"HIGH"
9,"1","N0","T0",0.474,0.526,"HIGH"
10,"1","N0","T0",0.4703,0.5297,"HIGH"
11,"1","N0","T0",0.4683,0.5317,"HIGH"
12,"1","N0","T0",0.4683,0.5317,"HIGH"
13,"1","N0","T0",0.4683,0.5317,"HIGH"
14,"1","N0","T0",0.4683,0.5317,"HIGH"
15,"1","N0","T0",0.474,0.526,"HIGH"
16,"1","N0","T0",0.474,0.526,"HIGH"
17,"1","N0","T0",0.474,0.526,"HIGH"
18,"1","N0","T0",0.4631,0.5369,"HIGH"
19,"1","N0","T0",0.4148,0.5852,"HIGH"
20,"1","N0","T0",0.4068,0.5932,"HIGH"
21,"1","N0","T0",0.4332,0.5668,"HIGH"
22,"1","N0","T0",0.5307,0.4693,"LOW"
23,"1","N0","T0",0.5605,0.4395,"LOW"
24,"1","N0","T0",0.5779,0.4221,"LOW"
25,"1","N0","T0",0.5744,0.4256,"LOW"
26,"1","N0","T0",0.5341,0.4659,"LOW"
27,"1","N0","T0",0.5227,0.4773,"LOW"
28,"1","N0","T0",0.4687,0.5313,"HIGH"
29,"1","N0","T0",0.4845,0.5155,"HIGH"
30,"1","N0","T0",0.4129,0.5871,"HIGH"
31,"1","N0","T0",0.4367,0.5633,"HIGH"
32,"1","N0","T0",0.3764,0.6236,"HIGH"
33,"1","N0","T0",0.3752,0.6248,"HIGH"
34,"1","N0","T0",0.3844,0.6156,"HIGH"
35,"1","N0","T0",0.3969,0.6031,"HIGH"
36,"1","N0","T0",0.4203,0.5797,"HIGH"
37,"1","N0","T0",0.4243,0.5757,"HIGH"
38,"1","N0","T0",0.3763,0.6237,"HIGH"
39,"1","N0","T0",0.417,0.583,"HIGH"
40,"1","N0","T0",0.3669,0.6331,"HIGH"
41,"1","N0","T0",0.3709,0.6291,"HIGH"
42,"1","N0","T0",0.3712,0.6288,"HIGH"
43,"1","N0","T0",0.3725,0.6275,"HIGH"
44,"1","N0","T0",0.3784,0.6216,"HIGH"
45,"1","N0","T0",0.4135,0.5865,"HIGH"
46,"1","N0","T0",0.3662,0.6338,"HIGH"
47,"1","N0","T0",0.3363,0.6637,"HIGH"
48,"1","N0","T0",0.3462,0.6538,"HIGH"
49,"1","N0","T0",0.3584,0.6416,"HIGH"
50,"1","N0","T0",0.3337,0.6663,"HIGH"
51,"1","N0","T0",0.3473,0.6527,"HIGH"
52,"1","N0","T0",0.3418,0.6582,"HIGH"
53,"1","N0","T0",0.3454,0.6546,"HIGH"
54,"1","N0","T0",0.3556,0.6444,"HIGH"
55,"1","N0","T0",0.3417,0.6583,"HIGH"
56,"1","N0","T0",0.3369,0.6631,"HIGH"
57,"1","N0","T0",0.3461,0.6539,"HIGH"
58,"1","N0","T0",0.3385,0.6615,"HIGH"
59,"1","N0","T0",0.3344,0.6656,"HIGH"
60,"1","N0","T0",0.334,0.666,"HIGH"
61,"1","N0","T0",0.336,0.664,"HIGH"
62,"1","N0","T0",0.3325,0.6675,"HIGH"
63,"1","N0","T0",0.3312,0.6688,"HIGH"
64,"1","N0","T0",0.337,0.663,"HIGH"
65,"1","N0","T0",0.3388,0.6612,"HIGH"
66,"1","N0","T0",0.3418,0.6582,"HIGH"
67,"1","N0","T0",0.3438,0.6562,"HIGH"
68,"1","N0","T0",0.3513,0.6487,"HIGH"
69,"1","N0","T0",0.353,0.647,"HIGH"
70,"1","N0","T0",0.3485,0.6515,"HIGH"
71,"1","N0","T0",0.3602,0.6398,"HIGH"
72,"1","N0","T0",0.3475,0.6525,"HIGH"
73,"1","N0","T0",0.3465,0.6535,"HIGH"
74,"1","N0","T0",0.3254,0.6746,"HIGH"
75,"1","N0","T0",0.322,0.678,"HIGH"
76,"1","N0","T0",0.3216,0.6784,"HIGH"
77,"1","N0","T0",0.3333,0.6667,"HIGH"
78,"1","N0","T0",0.3309,0.6691,"HIGH"
79,"1","N0","T0",0.3376,0.6624,"HIGH"
80,"1","N0","T0",0.3414,0.6586,"HIGH"
81,"1","N0","T0",0.3427,0.6573,"HIGH"
82,"1","N0","T0",0.3482,0.6518,"HIGH"
83,"1","N0","T0",0.3495,0.6505,"HIGH"
84,"1","N0","T0",0.3742,0.6258,"HIGH"
85,"1","N0","T0",0.3289,0.6711,"HIGH"
86,"1","N0","T0",0.3454,0.6546,"HIGH"
87,"1","N0","T0",0.3616,0.6384,"HIGH"
88,"1","N0","T0",0.3474,0.6526,"HIGH"
89,"1","N0","T0",0.3583,0.6417,"HIGH"
90,"1","N0","T0",0.3369,0.6631,"HIGH"
91,"1","N0","T0",0.3369,0.6631,"HIGH"
92,"1","N0","T0",0.3369,0.6631,"HIGH"
93,"1","N0","T0",0.3369,0.6631,"HIGH"
94,"1","N0","T0",0.3369,0.6631,"HIGH"
95,"1","N0","T0",0.3369,0.6631,"HIGH"
96,"1","N0","T0",0.3369,0.6631,"HIGH"
97,"1","N0","T0",0.3369,0.6631,"HIGH"
98,"1","N0","T0",0.3369,0.6631,"HIGH"
99,"1","N0","T0",0.3369,0.6631,"HIGH"
0,"2","N0","T0",0.4808,0.5192,"HIGH"
1,"2","N0","T0",0.4798,0.5202,"HIGH"
2,"2","N0","T0",0.4798,0.5202,"HIGH"
3,"2","N0","T0",0.4798,0.5202,"HIGH"
4,"2","N0","T0",0.4798,0.5202,"HIGH"
5,"2","N0","T0",0.4798,0.5202,"HIGH"
6,"2","N0","T0",0.4798,0.5202,"HIGH"
7,"2","N0","T0",0.4798,0.5202,"HIGH"
8,"2","N0","T0",0.4798,0.5202,"HIGH"
9,"2","N0","T0",0.4798,0.5202,"HIGH"
10,"2","N0","T0",0.4767,0.5233,"HIGH"
11,"2","N0","T0",0.4697,0.5303,"HIGH"
12,"2","N0","T0",0.4707,0.5293,"HIGH"
13,"2","N0","T0",0.4707,0.5293,"HIGH"
14,"2","N0","T0",0.4707,0.5293,"HIGH"
15,"2","N0","T0",0.4764,0.5236,"HIGH"
16,"2","N0","T0",0.4956,0.5044,"HIGH"
17,"2","N0","T0",0.4956,0.5044,"HIGH"
18,"2","N0","T0",0.4921,0.5079,"HIGH"
19,"2","N0","T0",0.4853,0.5147,"HIGH"
20,"2","N0","T0",0.4946,0.5054,"HIGH"
21,"2","N0","T0",0.494,0.506,"HIGH"
22,"2","N0","T0",0.4668,0.5332,"HIGH"
23,"2","N0","T0",0.4596,0.5404,"HIGH"
24,"2","N0","T0",0.4869,0.5131,"HIGH"
25,"2","N0","T0",0.4805,0.5195,"HIGH"
26,"2","N0","T0",0.486,0.514,"HIGH"
27,"2","N0","T0",0.4825,0.5175,"HIGH"
28,"2","N0","T0",0.4776,0.5224,"HIGH"
29,"2","N0","T0",0.4984,0.5016,"HIGH"
30,"2","N0","T0",0.4964,0.5036,"HIGH"
31,"2","N0","T0",0.4907,0.5093,"HIGH"
32,"2","N0","T0",0.4947,0.5053,"HIGH"
33,"2","N0","T0",0.4956,0.5044,"HIGH"
34,"2","N0","T0",0.5123,0.4877,"LOW"
35,"2","N0","T0",0.5071,0.4929,"LOW"
36,"2","N0","T0",0.515,0.485,"LOW"
37,"2","N0","T0",0.5185,0.4815,"LOW"
38,"2","N0","T0",0.5094,0.4906,"LOW"
39,"2","N0","T0",0.5213,0.4787,"LOW"
40,"2","N0","T0",0.5246,0.4754,"LOW"
41,"2","N0","T0",0.5005,0.4995,"LOW"
42,"2","N0","T0",0.5104,0.4896,"LOW"
43,"2","N0","T0",0.4966,0.5034,"HIGH"
44,"2","N0","T0",0.4675,0.5325,"HIGH"
45,"2","N0","T0",0.4924,0.5076,"HIGH"
46,"2","N0","T0",0.4528,0.5472,"HIGH"
47,"2","N0","T0",0.4589,0.5411,"HIGH"
48,"2","N0","T0",0.4634,0.5366,"HIGH"
49,"2","N0","T0",0.4925,0.5075,"HIGH"
50,"2","N0","T0",0.4862,0.5138,"HIGH"
51,"2","N0","T0",0.4485,0.5515,"HIGH"
52,"2","N0","T0",0.4344,0.5656,"HIGH"
53,"2","N0","T0",0.4438,0.5562,"HIGH"
54,"2","N0","T0",0.4604,0.5396,"HIGH"
55,"2","N0","T0",0.4489,0.5511,"HIGH"
56,"2","N0","T0",0.4507,0.5493,"HIGH"
57,"2","N0","T0",0.4565,0.5435,"HIGH"
58,"2","N0","T0",0.4583,0.5417,"HIGH"
59,"2","N0","T0",0.4382,0.5618,"HIGH"
60,"2","N0","T0",0.4421,0.5579,"HIGH"
61,"2","N0","T0",0.4425,0.5575,"HIGH"
62,"2","N0","T0",0.45,0.55,"HIGH"
63,"2","N0","T0",0.4486,0.5514,"HIGH"
64,"2","N0","T0",0.4536,0.5464,"HIGH"
65,"2","N0","T0",0.445,0.555,"HIGH"
66,"2","N0","T0",0.4401,0.5599,"HIGH"
67,"2","N0","T0",0.4359,0.5641,"HIGH"
68,"2","N0","T0",0.4311,0.5689,"HIGH"
69,"2","N0","T0",0.4287,0.5713,"HIGH"
70,"2","N0","T0",0.4327,0.5673,"HIGH"
71,"2","N0","T0",0.419,0.581,"HIGH"
72,"2","N0","T0",0.4114,0.5886,"HIGH"
73,"2","N0","T0",0.434,0.566,"HIGH"
74,"2","N0","T0",0.4918,0.5082,"HIGH"
75,"2","N0","T0",0.4493,0.5507,"HIGH"
76,"2","N0","T0",0.4455,0.5545,"HIGH"
77,"2","N0","T0",0.3819,0.6181,"HIGH"
78,"2","N0","T0",0.3831,0.6169,"HIGH"
79,"2","N0","T0",0.3777,0.6223,"HIGH"
80,"2","N0","T0",0.3797,0.6203,"HIGH"
81,"2","N0","T0",0.3773,0.6227,"HIGH"
82,"2","N0","T0",0.4139,0.5861,"HIGH"
83,"2","N0","T0",0.3733,0.6267,"HIGH"
84,"2","N0","T0",0.3861,0.6139,"HIGH"
85,"2","N0","T0",0.3742,0.6258,"HIGH"
86,"2","N0","T0",0.3752,0.6248,"HIGH"
87,"2","N0","T0",0.4093,0.5907,"HIGH"
88,"2","N0","T0",0.3881,0.6119,"HIGH"
89,"2","N0","T0",0.4138,0.5862,"HIGH"
90,"2","N0","T0",0.3886,0.6114,"HIGH"
91,"2","N0","T0",0.3886,0.6114,"HIGH"
92,"2","N0","T0",0.3886,0.6114,"HIGH"
93,"2","N0","T0",0.3886,0.6114,"HIGH"
94,"2","N0","T0",0.3886,0.6114,"HIGH"
95,"2","N0","T0",0.3886,0.6114,"HIGH"
96,"2","N0","T0",0.3886,0.6114,"HIGH"
97,"2","N0","T0",0.3886,0.6114,"HIGH"
98,"2","N0","T0",0.3886,0.6114,"HIGH"
99,"2","N0","T0",0.3886,0.6114,"HIGH"
0,"1","N1","T0",0.7255,0.2745,"LOW"
1,"1","N1","T0",0.7255,0.2745,"LOW"
2,"1","N1","T0",0.7255,0.2745,"LOW"
3,"1","N1","T0",0.7255,0.2745,"LOW"
4,"1","N1","T0",0.7255,0.2745,"LOW"
5,"1","N1","T0",0.7255,0.2745,"LOW"
6,"1","N1","T0",0.7255,0.2745,"LOW"
7,"1","N1","T0",0.7255,0.2745,"LOW"
8,"1","N1","T0",0.7255,0.2745,"LOW"
9,"1","N1","T0",0.7255,0.2745,"LOW"
10,"1","N1","T0",0.7255,0.2745,"LOW"
11,"1","N1","T0",0.7255,0.2745,"LOW"
12,"1","N1","T0",0.7245,0.2755,"LOW"
13,"1","N1","T0",0.7245,0.2755,"LOW"
14,"1","N1","T0",0.7245,0.2755,"LOW"
15,"1","N1","T0",0.7223,0.2777,"LOW"
16,"1","N1","T0",0.7223,0.2777,"LOW"
17,"1","N1","T0",0.7206,0.2794,"LOW"
18,"1","N1","T0",0.7201,0.2799,"LOW"
19,"1","N1","T0",0.6759,0.3241,"LOW"
20,"1","N1","T0",0.6619,0.3381,"LOW"
21,"1","N1","T0",0.6975,0.3025,"LOW"
22,"1","N1","T0",0.6265,0.3735,"LOW"
23,"1","N1","T0",0.6351,0.3649,"LOW"
24,"1","N1","T0",0.6939,0.3061,"LOW"
25,"1","N1","T0",0.7015,0.2985,"LOW"
26,"1","N1","T0",0.6871,0.3129,"LOW"
27,"1","N1","T0",0.656,0.344,"LOW"
28,"1","N1","T0",0.6193,0.3807,"LOW"
29,"1","N1","T0",0.6432,0.3568,"LOW"
30,"1","N1","T0",0.5751,0.4249,"LOW"
31,"1","N1","T0",0.5376,0.4624,"LOW"
32,"1","N1","T0",0.569,0.431,"LOW"
33,"1","N1","T0",0.7425,0.2575,"LOW"
34,"1","N1","T0",0.7681,0.2319,"LOW"
35,"1","N1","T0",0.7658,0.2342,"LOW"
36,"1","N1","T0",0.7651,0.2349,"LOW"
37,"1","N1","T0",0.7004,0.2996,"LOW"
38,"1","N1","T0",0.7313,0.2687,"LOW"
39,"1","N1","T0",0.7353,0.2647,"LOW"
40,"1","N1","T0",0.7302,0.2698,"LOW"
41,"1","N1","T0",0.7516,0.2484,"LOW"
42,"1","N1","T0",0.749,0.251,"LOW"
43,"1","N1","T0",0.7464,0.2536,"LOW"
44,"1","N1","T0",0.7242,0.2758,"LOW"
45,"1","N1","T0",0.6957,0.3043,"LOW"
46,"1","N1","T0",0.6537,0.3463,"LOW"
47,"1","N1","T0",0.723,0.277,"LOW"
48,"1","N1","T0",0.7234,0.2766,"LOW"
49,"1","N1","T0",0.7174,0.2826,"LOW"
50,"1","N1","T0",0.7162,0.2838,"LOW"
51,"1","N1","T0",0.7199,0.2801,"LOW"
52,"1","N1","T0",0.7313,0.2687,"LOW"
53,"1","N1","T0",0.7213,0.2787,"LOW"
54,"1","N1","T0",0.7259,0.2741,"LOW"
55,"1","N1","T0",0.7209,0.2791,"LOW"
56,"1","N1","T0",0.7299,0.2701,"LOW"
57,"1","N1","T0",0.7247,0.2753,"LOW"
58,"1","N1","T0",0.7205,0.2795,"LOW"
59,"1","N1","T0",0.6915,0.3085,"LOW"
60,"1","N1","T0",0.7016,0.2984,"LOW"
61,"1","N1","T0",0.7042,0.2958,"LOW"
62,"1","N1","T0",0.6998,0.3002,"LOW"
63,"1","N1","T0",0.7148,0.2852,"LOW"
64,"1","N1","T0",0.7093,0.2907,"LOW"
65,"1","N1","T0",0.7078,0.2922,"LOW"
66,"1","N1","T0",0.7181,0.2819,"LOW"
67,"1","N1","T0",0.71,0.29,"LOW"
68,"1","N1","T0",0.7161,0.2839,"LOW"
69,"1","N1","T0",0.7114,0.2886,"LOW"
70,"1","N1","T0",0.7184,0.2816,"LOW"
71,"1","N1","T0",0.7211,0.2789,"LOW"
72,"1","N1","T0",0.7211,0.2789,"LOW"
73,"1","N1","T0",0.722,0.278,"LOW"
74,"1","N1","T0",0.7248,0.2752,"LOW"
75,"1","N1","T0",0.7153,0.2847,"LOW"
76,"1","N1","T0",0.7329,0.2671,"LOW"
77,"1","N1","T0",0.7058,0.2942,"LOW"
78,"1","N1","T0",0.6698,0.3302,"LOW"
79,"1","N1","T0",0.6606,0.3394,"LOW"
80,"1","N1","T0",0.7173,0.2827,"LOW"
81,"1","N1","T0",0.6409,0.3591,"LOW"
82,"1","N1","T0",0.5836,0.4164,"LOW"
83,"1","N1","T0",0.6398,0.3602,"LOW"
84,"1","N1","T0",0.6553,0.3447,"LOW"
85,"1","N1","T0",0.6338,0.3662,"LOW"
86,"1","N1","T0",0.6648,0.3352,"LOW"
87,"1","N1","T0",0.5401,0.4599,"LOW"
88,"1","N1","T0",0.514,0.486,"LOW"
89,"1","N1","T0",0.515,0.485,"LOW"
90,"1","N1","T0",0.5869,0.4131,"LOW"
91,"1","N1","T0",0.5869,0.4131,"LOW"
92,"1","N1","T0",0.5869,0.4131,"LOW"
93,"1","N1","T0",0.5869,0.4131,"LOW"
94,"1","N1","T0",0.5869,0.4131,"LOW"
95,"1","N1","T0",0.5869,0.4131,"LOW"
96,"1","N1","T0",0.5869,0.4131,"LOW"
97,"1","N1","T0",0.5869,0.4131,"LOW"
98,"1","N1","T0",0.5869,0.4131,"LOW"
99,"1","N1","T0",0.5869,0.4131,"LOW"
0,"2","N1","T0",0.7849,0.2151,"LOW"
1,"2","N1","T0",0.7849,0.2151,"LOW"
2,"2","N1","T0",0.7849,0.2151,"LOW"
3,"2","N1","T0",0.7849,0.2151,"LOW"
4,"2","N1","T0",0.7849,0.2151,"LOW"
5,"2","N1","T0",0.7849,0.2151,"LOW"
6,"2","N1","T0",0.7849,0.2151,"LOW"
7,"2","N1","T0",0.7849,0.2151,"LOW"
8,"2","N1","T0",0.7849,0.2151,"LOW"
9,"2","N1","T0",0.7849,0.2151,"LOW"
10,"2","N1","T0",0.7849,0.2151,"LOW"
11,"2","N1","T0",0.7849,0.2151,"LOW"
12,"2","N1","T0",0.7849,0.2151,"LOW"
13,"2","N1","T0",0.7849,0.2151,"LOW"
14,"2","N1","T0",0.7849,0.2151,"LOW"
15,"2","N1","T0",0.748,0.252,"LOW"
16,"2","N1","T0",0.7497,0.2503,"LOW"
17,"2","N1","T0",0.7584,0.2416,"LOW"
18,"2","N1","T0",0.758,0.242,"LOW"
19,"2","N1","T0",0.6849,0.3151,"LOW"
20,"2","N1","T0",0.6455,0.3545,"LOW"
21,"2","N1","T0",0.6669,0.3331,"LOW"
22,"2","N1","T0",0.6621,0.3379,"LOW"
23,"2","N1","T0",0.6578,0.3422,"LOW"
24,"2","N1","T0",0.6376,0.3624,"LOW"
25,"2","N1","T0",0.6722,0.3278,"LOW"
26,"2","N1","T0",0.6825,0.3175,"LOW"
27,"2","N1","T0",0.7486,0.2514,"LOW"
28,"2","N1","T0",0.7616,0.2384,"LOW"
29,"2","N1","T0",0.7672,0.2328,"LOW"
30,"2","N1","T0",0.7464,0.2536,"LOW"
31,"2","N1","T0",0.6745,0.3255,"LOW"
32,"2","N1","T0",0.7052,0.2948,"LOW"
33,"2","N1","T0",0.7804,0.2196,"LOW"
34,"2","N1","T0",0.7494,0.2506,"LOW"
35,"2","N1","T0",0.7333,0.2667,"LOW"
36,"2","N1","T0",0.755,0.245,"LOW"
37,"2","N1","T0",0.8175,0.1825,"LOW"
38,"2","N1","T0",0.8214,0.1786,"LOW"
39,"2","N1","T0",0.8108,0.1892,"LOW"
40,"2","N1","T0",0.8213,0.1787,"LOW"
41,"2","N1","T0",0.8032,0.1968,"LOW"
42,"2","N1","T0",0.7952,0.2048,"LOW"
43,"2","N1","T0",0.8027,0.1973,"LOW"
44,"2","N1","T0",0.8278,0.1722,"LOW"
45,"2","N1","T0",0.8269,0.1731,"LOW"
46,"2","N1","T0",0.8275,0.1725,"LOW"
47,"2","N1","T0",0.8292,0.1708,"LOW"
48,"2","N1","T0",0.7817,0.2183,"LOW"
49,"2","N1","T0",0.8331,0.1669,"LOW"
50,"2","N1","T0",0.8344,0.1656,"LOW"
51,"2","N1","T0",0.8303,0.1697,"LOW"
52,"2","N1","T0",0.8295,0.1705,"LOW"
53,"2","N1","T0",0.8358,0.1642,"LOW"
54,"2","N1","T0",0.8298,0.1702,"LOW"
55,"2","N1","T0",0.8323,0.1677,"LOW"
56,"2","N1","T0",0.8065,0.1935,"LOW"
57,"2","N1","T0",0.8111,0.1889,"LOW"
58,"2","N1","T0",0.8116,0.1884,"LOW"
59,"2","N1","T0",0.7797,0.2203,"LOW"
60,"2","N1","T0",0.7452,0.2548,"LOW"
61,"2","N1","T0",0.7679,0.2321,"LOW"
62,"2","N1","T0",0.7908,0.2092,"LOW"
63,"2","N1","T0",0.7961,0.2039,"LOW"
64,"2","N1","T0",0.7876,0.2124,"LOW"
65,"2","N1","T0",0.7673,0.2327,"LOW"
66,"2","N1","T0",0.7879,0.2121,"LOW"
67,"2","N1","T0",0.7808,0.2192,"LOW"
68,"2","N1","T0",0.772,0.228,"LOW"
69,"2","N1","T0",0.7573,0.2427,"LOW"
70,"2","N1","T0",0.792,0.208,"LOW"
71,"2","N1","T0",0.7912,0.2088,"LOW"
72,"2","N1","T0",0.7749,0.2251,"LOW"
73,"2","N1","T0",0.7831,0.2169,"LOW"
74,"2","N1","T0",0.761,0.239,"LOW"
75,"2","N1","T0",0.698,0.302,"LOW"
76,"2","N1","T0",0.6491,0.3509,"LOW"
77,"2","N1","T0",0.65,0.35,"LOW"
78,"2","N1","T0",0.6096,0.3904,"LOW"
79,"2","N1","T0",0.6595,0.3405,"LOW"
80,"2","N1","T0",0.7669,0.2331,"LOW"
81,"2","N1","T0",0.7256,0.2744,"LOW"
82,"2","N1","T0",0.7207,0.2793,"LOW"
83,"2","N1","T0",0.7559,0.2441,"LOW"
84,"2","N1","T0",0.8059,0.1941,"LOW"
85,"2","N1","T0",0.8054,0.1946,"LOW"
86,"2","N1","T0",0.8058,0.1942,"LOW"
87,"2","N1","T0",0.7232,0.2768,"LOW"
88,"2","N1","T0",0.6473,0.3527,"LOW"
89,"2","N1","T0",0.5841,0.4159,"LOW"
90,"2","N1","T0",0.6995,0.3005,"LOW"
91,"2","N1","T0",0.6995,0.3005,"LOW"
92,"2","N1","T0",0.6995,0.3005,"LOW"
93,"2","N1","T0",0.6995,0.3005,"LOW"
94,"2","N1","T0",0.6995,0.3005,"LOW"
95,"2","N1","T0",0.6995,0.3005,"LOW"
96,"2","N1","T0",0.6995,0.3005,"LOW"
97,"2","N1","T0",0.6995,0.3005,"LOW"
98,"2","N1","T0",0.6995,0.3005,"LOW"
99,"2","N1","T0",0.6995,0.3005,"LOW"
0,"1","N2","T0",0.7774,0.2226,"LOW"
1,"1","N2","T0",0.7774,0.2226,"LOW"
2,"1","N2","T0",0.7774,0.2226,"LOW"
3,"1","N2","T0",0.7774,0.2226,"LOW"
4,"1","N2","T0",0.7774,0.2226,"LOW"
5,"1","N2","T0",0.7774,0.2226,"LOW"
6,"1","N2","T0",0.7774,0.2226,"LOW"
7,"1","N2","T0",0.7774,0.2226,"LOW"
8,"1","N2","T0",0.7774,0.2226,"LOW"
9,"1","N2","T0",0.7494,0.2506,"LOW"
10,"1","N2","T0",0.7403,0.2597,"LOW"
11,"1","N2","T0",0.7403,0.2597,"LOW"
12,"1","N2","T0",0.7403,0.2597,"LOW"
13,"1","N2","T0",0.7403,0.2597,"LOW"
14,"1","N2","T0",0.7403,0.2597,"LOW"
15,"1","N2","T0",0.7386,0.2614,"LOW"
16,"1","N2","T0",0.7366,0.2634,"LOW"
17,"1","N2","T0",0.7313,0.2687,"LOW"
18,"1","N2","T0",0.731,0.269,"LOW"
19,"1","N2","T0",0.7578,0.2422,"LOW"
20,"1","N2","T0",0.767,0.233,"LOW"
21,"1","N2","T0",0.7647,0.2353,"LOW"
22,"1","N2","T0",0.8161,0.1839,"LOW"
23,"1","N2","T0",0.8203,0.1797,"LOW"
24,"1","N2","T0",0.8142,0.1858,"LOW"
25,"1","N2","T0",0.8178,0.1822,"LOW"
26,"1","N2","T0",0.7935,0.2065,"LOW"
27,"1","N2","T0",0.7934,0.2066,"LOW"
28,"1","N2","T0",0.7566,0.2434,"LOW"
29,"1","N2","T0",0.7737,0.2263,"LOW"
30,"1","N2","T0",0.7579,0.2421,"LOW"
31,"1","N2","T0",0.7425,0.2575,"LOW"
32,"1","N2","T0",0.6021,0.3979,"LOW"
33,"1","N2","T0",0.6139,0.3861,"LOW"
34,"1","N2","T0",0.6949,0.3051,"LOW"
35,"1","N2","T0",0.6914,0.3086,"LOW"
36,"1","N2","T0",0.6198,0.3802,"LOW"
37,"1","N2","T0",0.5592,0.4408,"LOW"
38,"1","N2","T0",0.518,0.482,"LOW"
39,"1","N2","T0",0.5512,0.4488,"LOW"
40,"1","N2","T0",0.7421,0.2579,"LOW"
41,"1","N2","T0",0.6807,0.3193,"LOW"
42,"1","N2","T0",0.8257,0.1743,"LOW"
43,"1","N2","T0",0.8298,0.1702,"LOW"
44,"1","N2","T0",0.8401,0.1599,"LOW"
45,"1","N2","T0",0.8209,0.1791,"LOW"
46,"1","N2","T0",0.8348,0.1652,"LOW"
47,"1","N2","T0",0.847,0.153,"LOW"
48,"1","N2","T0",0.8504,0.1496,"LOW"
49,"1","N2","T0",0.8036,0.1964,"LOW"
50,"1","N2","T0",0.7679,0.2321,"LOW"
51,"1","N2","T0",0.7672,0.2328,"LOW"
52,"1","N2","T0",0.7705,0.2295,"LOW"
53,"1","N2","T0",0.8451,0.1549,"LOW"
54,"1","N2","T0",0.8402,0.1598,"LOW"
55,"1","N2","T0",0.7668,0.2332,"LOW"
56,"1","N2","T0",0.8578,0.1422,"LOW"
57,"1","N2","T0",0.8613,0.1387,"LOW"
58,"1","N2","T0",0.8573,0.1427,"LOW"
59,"1","N2","T0",0.8348,0.1652,"LOW"
60,"1","N2","T0",0.8367,0.1633,"LOW"
61,"1","N2","T0",0.7858,0.2142,"LOW"
62,"1","N2","T0",0.7954,0.2046,"LOW"
63,"1","N2","T0",0.7906,0.2094,"LOW"
64,"1","N2","T0",0.707,0.293,"LOW"
65,"1","N2","T0",0.7584,0.2416,"LOW"
66,"1","N2","T0",0.7651,0.2349,"LOW"
67,"1","N2","T0",0.7542,0.2458,"LOW"
68,"1","N2","T0",0.6904,0.3096,"LOW"
69,"1","N2","T0",0.7805,0.2195,"LOW"
70,"1","N2","T0",0.7547,0.2453,"LOW"
71,"1","N2","T0",0.7277,0.2723,"LOW"
72,"1","N2","T0",0.7716,0.2284,"LOW"
73,"1","N2","T0",0.7901,0.2099,"LOW"
74,"1","N2","T0",0.8275,0.1725,"LOW"
75,"1","N2","T0",0.8258,0.1742,"LOW"
76,"1","N2","T0",0.8262,0.1738,"LOW"
77,"1","N2","T0",0.7846,0.2154,"LOW"
78,"1","N2","T0",0.8028,0.1972,"LOW"
79,"1","N2","T0",0.8075,0.1925,"LOW"
80,"1","N2","T0",0.7762,0.2238,"LOW"
81,"1","N2","T0",0.7899,0.2101,"LOW"
82,"1","N2","T0",0.7532,0.2468,"LOW"
83,"1","N2","T0",0.7397,0.2603,"LOW"
84,"1","N2","T0",0.6949,0.3051,"LOW"
85,"1","N2","T0",0.701,0.299,"LOW"
86,"1","N2","T0",0.7311,0.2689,"LOW"
87,"1","N2","T0",0.6494,0.3506,"LOW"
88,"1","N2","T0",0.5717,0.4283,"LOW"
89,"1","N2","T0",0.5936,0.4064,"LOW"
90,"1","N2","T0",0.4656,0.5344,"HIGH"
91,"1","N2","T0",0.4656,0.5344,"HIGH"
92,"1","N2","T0",0.4656,0.5344,"HIGH"
93,"1","N2","T0",0.4656,0.5344,"HIGH"
94,"1","N2","T0",0.4656,0.5344,"HIGH"
95,"1","N2","T0",0.4656,0.5344,"HIGH"
96,"1","N2","T0",0.4656,0.5344,"HIGH"
97,"1","N2","T0",0.4656,0.5344,"HIGH"
98,"1","N2","T0",0.4656,0.5344,"HIGH"
99,"1","N2","T0",0.4656,0.5344,"HIGH"
0,"2","N2","T0",0.507,0.493,"LOW"
1,"2","N2","T0",0.507,0.493,"LOW"
2,"2","N2","T0",0.507,0.493,"LOW"
3,"2","N2","T0",0.507,0.493,"LOW"
4,"2","N2","T0",0.507,0.493,"LOW"
5,"2","N2","T0",0.507,0.493,"LOW"
6,"2","N2","T0",0.507,0.493,"LOW"
7,"2","N2","T0",0.507,0.493,"LOW"
8,"2","N2","T0",0.507,0.493,"LOW"
9,"2","N2","T0",0.479,0.521,"HIGH"
10,"2","N2","T0",0.4706,0.5294,"HIGH"
11,"2","N2","T0",0.4706,0.5294,"HIGH"
12,"2","N2","T0",0.4706,0.5294,"HIGH"
13,"2","N2","T0",0.4706,0.5294,"HIGH"
14,"2","N2","T0",0.4706,0.5294,"HIGH"
15,"2","N2","T0",0.4589,0.5411,"HIGH"
16,"2","N2","T0",0.4569,0.5431,"HIGH"
17,"2","N2","T0",0.4644,0.5356,"HIGH"
18,"2","N2","T0",0.474,0.526,"HIGH"
19,"2","N2","T0",0.568,0.432,"LOW"
20,"2","N2","T0",0.5791,0.4209,"LOW"
21,"2","N2","T0",0.5952,0.4048,"LOW"
22,"2","N2","T0",0.8178,0.1822,"LOW"
23,"2","N2","T0",0.8335,0.1665,"LOW"
24,"2","N2","T0",0.8384,0.1616,"LOW"
25,"2","N2","T0",0.8459,0.1541,"LOW"
26,"2","N2","T0",0.842,0.158,"LOW"
27,"2","N2","T0",0.8316,0.1684,"LOW"
28,"2","N2","T0",0.8387,0.1613,"LOW"
29,"2","N2","T0",0.8404,0.1596,"LOW"
30,"2","N2","T0",0.8038,0.1962,"LOW"
31,"2","N2","T0",0.8363,0.1637,"LOW"
32,"2","N2","T0",0.7896,0.2104,"LOW"
33,"2","N2","T0",0.7025,0.2975,"LOW"
34,"2","N2","T0",0.7624,0.2376,"LOW"
35,"2","N2","T0",0.8244,0.1756,"LOW"
36,"2","N2","T0",0.8293,0.1707,"LOW"
37,"2","N2","T0",0.8011,0.1989,"LOW"
38,"2","N2","T0",0.7925,0.2075,"LOW"
39,"2","N2","T0",0.8364,0.1636,"LOW"
40,"2","N2","T0",0.8407,0.1593,"LOW"
41,"2","N2","T0",0.7721,0.2279,"LOW"
42,"2","N2","T0",0.8323,0.1677,"LOW"
43,"2","N2","T0",0.7642,0.2358,"LOW"
44,"2","N2","T0",0.8302,0.1698,"LOW"
45,"2","N2","T0",0.8141,0.1859,"LOW"
46,"2","N2","T0",0.7735,0.2265,"LOW"
47,"2","N2","T0",0.8031,0.1969,"LOW"
48,"2","N2","T0",0.8292,0.1708,"LOW"
49,"2","N2","T0",0.8176,0.1824,"LOW"
50,"2","N2","T0",0.8132,0.1868,"LOW"
51,"2","N2","T0",0.7527,0.2473,"LOW"
52,"2","N2","T0",0.8078,0.1922,"LOW"
53,"2","N2","T0",0.8359,0.1641,"LOW"
54,"2","N2","T0",0.8415,0.1585,"LOW"
55,"2","N2","T0",0.8353,0.1647,"LOW"
56,"2","N2","T0",0.8577,0.1423,"LOW"
57,"2","N2","T0",0.8579,0.1421,"LOW"
58,"2","N2","T0",0.8478,0.1522,"LOW"
59,"2","N2","T0",0.8219,0.1781,"LOW"
60,"2","N2","T0",0.8479,0.1521,"LOW"
61,"2","N2","T0",0.845,0.155,"LOW"
62,"2","N2","T0",0.8152,0.1848,"LOW"
63,"2","N2","T0",0.7683,0.2317,"LOW"
64,"2","N2","T0",0.7874,0.2126,"LOW"
65,"2","N2","T0",0.7813,0.2187,"LOW"
66,"2","N2","T0",0.8121,0.1879,"LOW"
67,"2","N2","T0",0.8013,0.1987,"LOW"
68,"2","N2","T0",0.7183,0.2817,"LOW"
69,"2","N2","T0",0.8165,0.1835,"LOW"
70,"2","N2","T0",0.7368,0.2632,"LOW"
71,"2","N2","T0",0.7482,0.2518,"LOW"
72,"2","N2","T0",0.7953,0.2047,"LOW"
73,"2","N2","T0",0.7742,0.2258,"LOW"
74,"2","N2","T0",0.8067,0.1933,"LOW"
75,"2","N2","T0",0.8008,0.1992,"LOW"
76,"2","N2","T0",0.7786,0.2214,"LOW"
77,"2","N2","T0",0.7021,0.2979,"LOW"
78,"2","N2","T0",0.6781,0.3219,"LOW"
79,"2","N2","T0",0.6174,0.3826,"LOW"
80,"2","N2","T0",0.5893,0.4107,"LOW"
81,"2","N2","T0",0.6696,0.3304,"LOW"
82,"2","N2","T0",0.726,0.274,"LOW"
83,"2","N2","T0",0.7926,0.2074,"LOW"
84,"2","N2","T0",0.7662,0.2338,"LOW"
85,"2","N2","T0",0.7908,0.2092,"LOW"
86,"2","N2","T0",0.8166,0.1834,"LOW"
87,"2","N2","T0",0.7894,0.2106,"LOW"
88,"2","N2","T0",0.7338,0.2662,"LOW"
89,"2","N2","T0",0.7529,0.2471,"LOW"
90,"2","N2","T0",0.6671,0.3329,"LOW"
91,"2","N2","T0",0.6671,0.3329,"LOW"
92,"2","N2","T0",0.6671,0.3329,"LOW"
93,"2","N2","T0",0.6671,0.3329,"LOW"
94,"2","N2","T0",0.6671,0.3329,"LOW"
95,"2","N2","T0",0.6671,0.3329,"LOW"
96,"2","N2","T0",0.6671,0.3329,"LOW"
97,"2","N2","T0",0.6671,0.3329,"LOW"
98,"2","N2","T0",0.6671,0.3329,"LOW"
99,"2","N2","T0",0.6671,0.3329,"LOW"
0,"1","N3","T0",0.6641,0.3359,"LOW"
1,"1","N3","T0",0.6641,0.3359,"LOW"
2,"1","N3","T0",0.6641,0.3359,"LOW"
3,"1","N3","T0",0.6641,0.3359,"LOW"
4,"1","N3","T0",0.6641,0.3359,"LOW"
5,"1","N3","T0",0.6641,0.3359,"LOW"
6,"1","N3","T0",0.6641,0.3359,"LOW"
7,"1","N3","T0",0.6641,0.3359,"LOW"
8,"1","N3","T0",0.6641,0.3359,"LOW"
9,"1","N3","T0",0.6641,0.3359,"LOW"
10,"1","N3","T0",0.6641,0.3359,"LOW"
11,"1","N3","T0",0.6641,0.3359,"LOW"
12,"1","N3","T0",0.6641,0.3359,"LOW"
13,"1","N3","T0",0.6641,0.3359,"LOW"
14,"1","N3","T0",0.6641,0.3359,"LOW"
15,"1","N3","T0",0.6581,0.3419,"LOW"
16,"1","N3","T0",0.6122,0.3878,"LOW"
17,"1","N3","T0",0.6057,0.3943,"LOW"
18,"1","N3","T0",0.5749,0.4251,"LOW"
19,"1","N3","T0",0.5829,0.4171,"LOW"
20,"1","N3","T0",0.6997,0.3003,"LOW"
21,"1","N3","T0",0.5285,0.4715,"LOW"
22,"1","N3","T0",0.7299,0.2701,"LOW"
23,"1","N3","T0",0.7567,0.2433,"LOW"
24,"1","N3","T0",0.7714,0.2286,"LOW"
25,"1","N3","T0",0.7526,0.2474,"LOW"
26,"1","N3","T0",0.6612,0.3388,"LOW"
27,"1","N3","T0",0.7186,0.2814,"LOW"
28,"1","N3","T0",0.6757,0.3243,"LOW"
29,"1","N3","T0",0.7904,0.2096,"LOW"
30,"1","N3","T0",0.7937,0.2063,"LOW"
31,"1","N3","T0",0.8228,0.1772,"LOW"
32,"1","N3","T0",0.8179,0.1821,"LOW"
33,"1","N3","T0",0.5674,0.4326,"LOW"
34,"1","N3","T0",0.6143,0.3857,"LOW"
35,"1","N3","T0",0.8914,0.1086,"LOW"
36,"1","N3","T0",0.9137,0.0863,"LOW"
37,"1","N3","T0",0.8798,0.1202,"LOW"
38,"1","N3","T0",0.828,0.172,"LOW"
39,"1","N3","T0",0.848,0.152,"LOW"
40,"1","N3","T0",0.6514,0.3486,"LOW"
41,"1","N3","T0",0.509,0.491,"LOW"
42,"1","N3","T0",0.5985,0.4015,"LOW"
43,"1","N3","T0",0.6568,0.3432,"LOW"
44,"1","N3","T0",0.7127,0.2873,"LOW"
45,"1","N3","T0",0.5322,0.4678,"LOW"
46,"1","N3","T0",0.7708,0.2292,"LOW"
47,"1","N3","T0",0.7689,0.2311,"LOW"
48,"1","N3","T0",0.7832,0.2168,"LOW"
49,"1","N3","T0",0.7042,0.2958,"LOW"
50,"1","N3","T0",0.5455,0.4545,"LOW"
51,"1","N3","T0",0.5345,0.4655,"LOW"
52,"1","N3","T0",0.5292,0.4708,"LOW"
53,"1","N3","T0",0.6696,0.3304,"LOW"
54,"1","N3","T0",0.7201,0.2799,"LOW"
55,"1","N3","T0",0.6984,0.3016,"LOW"
56,"1","N3","T0",0.6083,0.3917,"LOW"
57,"1","N3","T0",0.6508,0.3492,"LOW"
58,"1","N3","T0",0.619,0.381,"LOW"
59,"1","N3","T0",0.6107,0.3893,"LOW"
60,"1","N3","T0",0.649,0.351,"LOW"
61,"1","N3","T0",0.5178,0.4822,"LOW"
62,"1","N3","T0",0.5211,0.4789,"LOW"
63,"1","N3","T0",0.5727,0.4273,"LOW"
64,"1","N3","T0",0.6456,0.3544,"LOW"
65,"1","N3","T0",0.6562,0.3438,"LOW"
66,"1","N3","T0",0.6076,0.3924,"LOW"
67,"1","N3","T0",0.5682,0.4318,"LOW"
68,"1","N3","T0",0.5854,0.4146,"LOW"
69,"1","N3","T0",0.5945,0.4055,"LOW"
70,"1","N3","T0",0.6155,0.3845,"LOW"
71,"1","N3","T0",0.5715,0.4285,"LOW"
72,"1","N3","T0",0.5667,0.4333,"LOW"
73,"1","N3","T0",0.6029,0.3971,"LOW"
74,"1","N3","T0",0.676,0.324,"LOW"
75,"1","N3","T0",0.4783,0.5217,"HIGH"
76,"1","N3","T0",0.5776,0.4224,"LOW"
77,"1","N3","T0",0.5328,0.4672,"LOW"
78,"1","N3","T0",0.5584,0.4416,"LOW"
79,"1","N3","T0",0.4629,0.5371,"HIGH"
80,"1","N3","T0",0.4754,0.5246,"HIGH"
81,"1","N3","T0",0.5484,0.4516,"LOW"
82,"1","N3","T0",0.4172,0.5828,"HIGH"
83,"1","N3","T0",0.5543,0.4457,"LOW"
84,"1","N3","T0",0.6831,0.3169,"LOW"
85,"1","N3","T0",0.5351,0.4649,"LOW"
86,"1","N3","T0",0.64,0.36,"LOW"
87,"1","N3","T0",0.6926,0.3074,"LOW"
88,"1","N3","T0",0.7462,0.2538,"LOW"
89,"1","N3","T0",0.7144,0.2856,"LOW"
90,"1","N3","T0",0.7261,0.2739,"LOW"
91,"1","N3","T0",0.7261,0.2739,"LOW"
92,"1","N3","T0",0.7261,0.2739,"LOW"
93,"1","N3","T0",0.7261,0.2739,"LOW"
94,"1","N3","T0",0.7261,0.2739,"LOW"
95,"1","N3","T0",0.7261,0.2739,"LOW"
96,"1","N3","T0",0.7261,0.2739,"LOW"
97,"1","N3","T0",0.7261,0.2739,"LOW"
98,"1","N3","T0",0.7261,0.2739,"LOW"
99,"1","N3","T0",0.7261,0.2739,"LOW"
0,"2","N3","T0",0.6681,0.3319,"LOW"
1,"2","N3","T0",0.6681,0.3319,"LOW"
2,"2","N3","T0",0.6681,0.3319,"LOW"
3,"2","N3","T0",0.6681,0.3319,"LOW"
4,"2","N3","T0",0.6681,0.3319,"LOW"
5,"2","N3","T0",0.6681,0.3319,"LOW"
6,"2","N3","T0",0.6681,0.3319,"LOW"
7,"2","N3","T0",0.6681,0.3319,"LOW"
8,"2","N3","T0",0.6681,0.3319,"LOW"
9,"2","N3","T0",0.6681,0.3319,"LOW"
10,"2","N3","T0",0.6661,0.3339,"LOW"
11,"2","N3","T0",0.6661,0.3339,"LOW"
12,"2","N3","T0",0.6661,0.3339,"LOW"
13,"2","N3","T0",0.6661,0.3339,"LOW"
14,"2","N3","T0",0.6661,0.3339,"LOW"
15,"2","N3","T0",0.6601,0.3399,"LOW"
16,"2","N3","T0",0.6198,0.3802,"LOW"
17,"2","N3","T0",0.6306,0.3694,"LOW"
18,"2","N3","T0",0.5988,0.4012,"LOW"
19,"2","N3","T0",0.6274,0.3726,"LOW"
20,"2","N3","T0",0.733,0.267,"LOW"
21,"2","N3","T0",0.6938,0.3062,"LOW"
22,"2","N3","T0",0.7569,0.2431,"LOW"
23,"2","N3","T0",0.7705,0.2295,"LOW"
24,"2","N3","T0",0.769,0.231,"LOW"
25,"2","N3","T0",0.7038,0.2962,"LOW"
26,"2","N3","T0",0.6585,0.3415,"LOW"
27,"2","N3","T0",0.7416,0.2584,"LOW"
28,"2","N3","T0",0.5474,0.4526,"LOW"
29,"2","N3","T0",0.7139,0.2861,"LOW"
30,"2","N3","T0",0.6893,0.3107,"LOW"
31,"2","N3","T0",0.598,0.402,"LOW"
32,"2","N3","T0",0.4851,0.5149,"HIGH"
33,"2","N3","T0",0.5474,0.4526,"LOW"
34,"2","N3","T0",0.5944,0.4056,"LOW"
35,"2","N3","T0",0.8695,0.1305,"LOW"
36,"2","N3","T0",0.8795,0.1205,"LOW"
37,"2","N3","T0",0.8038,0.1962,"LOW"
38,"2","N3","T0",0.8123,0.1877,"LOW"
39,"2","N3","T0",0.8268,0.1732,"LOW"
40,"2","N3","T0",0.7836,0.2164,"LOW"
41,"2","N3","T0",0.7337,0.2663,"LOW"
42,"2","N3","T0",0.7988,0.2012,"LOW"
43,"2","N3","T0",0.8235,0.1765,"LOW"
44,"2","N3","T0",0.7014,0.2986,"LOW"
45,"2","N3","T0",0.7547,0.2453,"LOW"
46,"2","N3","T0",0.7876,0.2124,"LOW"
47,"2","N3","T0",0.599,0.401,"LOW"
48,"2","N3","T0",0.7664,0.2336,"LOW"
49,"2","N3","T0",0.5727,0.4273,"LOW"
50,"2","N3","T0",0.6278,0.3722,"LOW"
51,"2","N3","T0",0.3952,0.6048,"HIGH"
52,"2","N3","T0",0.3946,0.6054,"HIGH"
53,"2","N3","T0",0.6159,0.3841,"LOW"
54,"2","N3","T0",0.6285,0.3715,"LOW"
55,"2","N3","T0",0.6181,0.3819,"LOW"
56,"2","N3","T0",0.6918,0.3082,"LOW"
57,"2","N3","T0",0.6406,0.3594,"LOW"
58,"2","N3","T0",0.7331,0.2669,"LOW"
59,"2","N3","T0",0.7708,0.2292,"LOW"
60,"2","N3","T0",0.7767,0.2233,"LOW"
61,"2","N3","T0",0.7542,0.2458,"LOW"
62,"2","N3","T0",0.5342,0.4658,"LOW"
63,"2","N3","T0",0.4833,0.5167,"HIGH"
64,"2","N3","T0",0.5535,0.4465,"LOW"
65,"2","N3","T0",0.557,0.443,"LOW"
66,"2","N3","T0",0.5856,0.4144,"LOW"
67,"2","N3","T0",0.6321,0.3679,"LOW"
68,"2","N3","T0",0.6672,0.3328,"LOW"
69,"2","N3","T0",0.6464,0.3536,"LOW"
70,"2","N3","T0",0.6574,0.3426,"LOW"
71,"2","N3","T0",0.6263,0.3737,"LOW"
72,"2","N3","T0",0.5809,0.4191,"LOW"
73,"2","N3","T0",0.5338,0.4662,"LOW"
74,"2","N3","T0",0.7119,0.2881,"LOW"
75,"2","N3","T0",0.6988,0.3012,"LOW"
76,"2","N3","T0",0.6489,0.3511,"LOW"
77,"2","N3","T0",0.5688,0.4312,"LOW"
78,"2","N3","T0",0.5681,0.4319,"LOW"
79,"2","N3","T0",0.6829,0.3171,"LOW"
80,"2","N3","T0",0.6414,0.3586,"LOW"
81,"2","N3","T0",0.6447,0.3553,"LOW"
82,"2","N3","T0",0.6354,0.3646,"LOW"
83,"2","N3","T0",0.7318,0.2682,"LOW"
84,"2","N3","T0",0.762,0.238,"LOW"
85,"2","N3","T0",0.4801,0.5199,"HIGH"
86,"2","N3","T0",0.4436,0.5564,"HIGH"
87,"2","N3","T0",0.6431,0.3569,"LOW"
88,"2","N3","T0",0.7983,0.2017,"LOW"
89,"2","N3","T0",0.8061,0.1939,"LOW"
90,"2","N3","T0",0.652,0.348,"LOW"
91,"2","N3","T0",0.652,0.348,"LOW"
92,"2","N3","T0",0.652,0.348,"LOW"
93,"2","N3","T0",0.652,0.348,"LOW"
94,"2","N3","T0",0.652,0.348,"LOW"
95,"2","N3","T0",0.652,0.348,"LOW"
96,"2","N3","T0",0.652,0.348,"LOW"
97,"2","N3","T0",0.652,0.348,"LOW"
98,"2","N3","T0",0.652,0.348,"LOW"
99,"2","N3","T0",0.652,0.348,"LOW"
0,"1","Other/Unknown","T0",0.2816,0.7184,"HIGH"
1,"1","Other/Unknown","T0",0.2816,0.7184,"HIGH"
2,"1","Other/Unknown","T0",0.2825,0.7175,"HIGH"
3,"1","Other/Unknown","T0",0.2917,0.7083,"HIGH"
4,"1","Other/Unknown","T0",0.2917,0.7083,"HIGH"
5,"1","Other/Unknown","T0",0.2927,0.7073,"HIGH"
6,"1","Other/Unknown","T0",0.2911,0.7089,"HIGH"
7,"1","Other/Unknown","T0",0.2911,0.7089,"HIGH"
8,"1","Other/Unknown","T0",0.2974,0.7026,"HIGH"
9,"1","Other/Unknown","T0",0.3011,0.6989,"HIGH"
10,"1","Other/Unknown","T0",0.3011,0.6989,"HIGH"
11,"1","Other/Unknown","T0",0.3011,0.6989,"HIGH"
12,"1","Other/Unknown","T0",0.3011,0.6989,"HIGH"
13,"1","Other/Unknown","T0",0.3011,0.6989,"HIGH"
14,"1","Other/Unknown","T0",0.3011,0.6989,"HIGH"
15,"1","Other/Unknown","T0",0.3011,0.6989,"HIGH"
16,"1","Other/Unknown","T0",0.3007,0.6993,"HIGH"
17,"1","Other/Unknown","T0",0.2987,0.7013,"HIGH"
18,"1","Other/Unknown","T0",0.2962,0.7038,"HIGH"
19,"1","Other/Unknown","T0",0.2869,0.7131,"HIGH"
20,"1","Other/Unknown","T0",0.2717,0.7283,"HIGH"
21,"1","Other/Unknown","T0",0.2679,0.7321,"HIGH"
22,"1","Other/Unknown","T0",0.3154,0.6846,"HIGH"
23,"1","Other/Unknown","T0",0.316,0.684,"HIGH"
24,"1","Other/Unknown","T0",0.2368,0.7632,"HIGH"
25,"1","Other/Unknown","T0",0.2083,0.7917,"HIGH"
26,"1","Other/Unknown","T0",0.2065,0.7935,"HIGH"
27,"1","Other/Unknown","T0",0.2427,0.7573,"HIGH"
28,"1","Other/Unknown","T0",0.2008,0.7992,"HIGH"
29,"1","Other/Unknown","T0",0.1952,0.8048,"HIGH"
30,"1","Other/Unknown","T0",0.1933,0.8067,"HIGH"
31,"1","Other/Unknown","T0",0.1971,0.8029,"HIGH"
32,"1","Other/Unknown","T0",0.1969,0.8031,"HIGH"
33,"1","Other/Unknown","T0",0.2081,0.7919,"HIGH"
34,"1","Other/Unknown","T0",0.2142,0.7858,"HIGH"
35,"1","Other/Unknown","T0",0.2047,0.7953,"HIGH"
36,"1","Other/Unknown","T0",0.2061,0.7939,"HIGH"
37,"1","Other/Unknown","T0",0.2282,0.7718,"HIGH"
38,"1","Other/Unknown","T0",0.2134,0.7866,"HIGH"
39,"1","Other/Unknown","T0",0.2125,0.7875,"HIGH"
40,"1","Other/Unknown","T0",0.2684,0.7316,"HIGH"
41,"1","Other/Unknown","T0",0.2542,0.7458,"HIGH"
42,"1","Other/Unknown","T0",0.246,0.754,"HIGH"
43,"1","Other/Unknown","T0",0.2223,0.7777,"HIGH"
44,"1","Other/Unknown","T0",0.2217,0.7783,"HIGH"
45,"1","Other/Unknown","T0",0.2176,0.7824,"HIGH"
46,"1","Other/Unknown","T0",0.2165,0.7835,"HIGH"
47,"1","Other/Unknown","T0",0.2194,0.7806,"HIGH"
48,"1","Other/Unknown","T0",0.2159,0.7841,"HIGH"
49,"1","Other/Unknown","T0",0.2104,0.7896,"HIGH"
50,"1","Other/Unknown","T0",0.2178,0.7822,"HIGH"
51,"1","Other/Unknown","T0",0.2087,0.7913,"HIGH"
52,"1","Other/Unknown","T0",0.2175,0.7825,"HIGH"
53,"1","Other/Unknown","T0",0.2149,0.7851,"HIGH"
54,"1","Other/Unknown","T0",0.2393,0.7607,"HIGH"
55,"1","Other/Unknown","T0",0.223,0.777,"HIGH"
56,"1","Other/Unknown","T0",0.2301,0.7699,"HIGH"
57,"1","Other/Unknown","T0",0.2216,0.7784,"HIGH"
58,"1","Other/Unknown","T0",0.2457,0.7543,"HIGH"
59,"1","Other/Unknown","T0",0.2195,0.7805,"HIGH"
60,"1","Other/Unknown","T0",0.2174,0.7826,"HIGH"
61,"1","Other/Unknown","T0",0.225,0.775,"HIGH"
62,"1","Other/Unknown","T0",0.2381,0.7619,"HIGH"
63,"1","Other/Unknown","T0",0.2288,0.7712,"HIGH"
64,"1","Other/Unknown","T0",0.2232,0.7768,"HIGH"
65,"1","Other/Unknown","T0",0.2127,0.7873,"HIGH"
66,"1","Other/Unknown","T0",0.2045,0.7955,"HIGH"
67,"1","Other/Unknown","T0",0.2137,0.7863,"HIGH"
68,"1","Other/Unknown","T0",0.211,0.789,"HIGH"
69,"1","Other/Unknown","T0",0.2036,0.7964,"HIGH"
70,"1","Other/Unknown","T0",0.2017,0.7983,"HIGH"
71,"1","Other/Unknown","T0",0.1987,0.8013,"HIGH"
72,"1","Other/Unknown","T0",0.2027,0.7973,"HIGH"
73,"1","Other/Unknown","T0",0.1909,0.8091,"HIGH"
74,"1","Other/Unknown","T0",0.1917,0.8083,"HIGH"
75,"1","Other/Unknown","T0",0.183,0.817,"HIGH"
76,"1","Other/Unknown","T0",0.1778,0.8222,"HIGH"
77,"1","Other/Unknown","T0",0.1895,0.8105,"HIGH"
78,"1","Other/Unknown","T0",0.1701,0.8299,"HIGH"
79,"1","Other/Unknown","T0",0.167,0.833,"HIGH"
80,"1","Other/Unknown","T0",0.171,0.829,"HIGH"
81,"1","Other/Unknown","T0",0.1681,0.8319,"HIGH"
82,"1","Other/Unknown","T0",0.1746,0.8254,"HIGH"
83,"1","Other/Unknown","T0",0.1756,0.8244,"HIGH"
84,"1","Other/Unknown","T0",0.1666,0.8334,"HIGH"
85,"1","Other/Unknown","T0",0.1667,0.8333,"HIGH"
86,"1","Other/Unknown","T0",0.1641,0.8359,"HIGH"
87,"1","Other/Unknown","T0",0.1629,0.8371,"HIGH"
88,"1","Other/Unknown","T0",0.1707,0.8293,"HIGH"
89,"1","Other/Unknown","T0",0.1658,0.8342,"HIGH"
90,"1","Other/Unknown","T0",0.1864,0.8136,"HIGH"
91,"1","Other/Unknown","T0",0.1864,0.8136,"HIGH"
92,"1","Other/Unknown","T0",0.1864,0.8136,"HIGH"
93,"1","Other/Unknown","T0",0.1864,0.8136,"HIGH"
94,"1","Other/Unknown","T0",0.1864,0.8136,"HIGH"
95,"1","Other/Unknown","T0",0.1864,0.8136,"HIGH"
96,"1","Other/Unknown","T0",0.1864,0.8136,"HIGH"
97,"1","Other/Unknown","T0",0.1864,0.8136,"HIGH"
98,"1","Other/Unknown","T0",0.1864,0.8136,"HIGH"
99,"1","Other/Unknown","T0",0.1864,0.8136,"HIGH"
0,"2","Other/Unknown","T0",0.3018,0.6982,"HIGH"
1,"2","Other/Unknown","T0",0.3018,0.6982,"HIGH"
2,"2","Other/Unknown","T0",0.2998,0.7002,"HIGH"
3,"2","Other/Unknown","T0",0.2938,0.7062,"HIGH"
4,"2","Other/Unknown","T0",0.3042,0.6958,"HIGH"
5,"2","Other/Unknown","T0",0.3062,0.6938,"HIGH"
6,"2","Other/Unknown","T0",0.3062,0.6938,"HIGH"
7,"2","Other/Unknown","T0",0.3062,0.6938,"HIGH"
8,"2","Other/Unknown","T0",0.3102,0.6898,"HIGH"
9,"2","Other/Unknown","T0",0.3102,0.6898,"HIGH"
10,"2","Other/Unknown","T0",0.3082,0.6918,"HIGH"
11,"2","Other/Unknown","T0",0.3082,0.6918,"HIGH"
12,"2","Other/Unknown","T0",0.3082,0.6918,"HIGH"
13,"2","Other/Unknown","T0",0.3082,0.6918,"HIGH"
14,"2","Other/Unknown","T0",0.3082,0.6918,"HIGH"
15,"2","Other/Unknown","T0",0.3082,0.6918,"HIGH"
16,"2","Other/Unknown","T0",0.3044,0.6956,"HIGH"
17,"2","Other/Unknown","T0",0.3048,0.6952,"HIGH"
18,"2","Other/Unknown","T0",0.3025,0.6975,"HIGH"
19,"2","Other/Unknown","T0",0.3007,0.6993,"HIGH"
20,"2","Other/Unknown","T0",0.281,0.719,"HIGH"
21,"2","Other/Unknown","T0",0.2651,0.7349,"HIGH"
22,"2","Other/Unknown","T0",0.2657,0.7343,"HIGH"
23,"2","Other/Unknown","T0",0.2712,0.7288,"HIGH"
24,"2","Other/Unknown","T0",0.2423,0.7577,"HIGH"
25,"2","Other/Unknown","T0",0.2526,0.7474,"HIGH"
26,"2","Other/Unknown","T0",0.2596,0.7404,"HIGH"
27,"2","Other/Unknown","T0",0.2816,0.7184,"HIGH"
28,"2","Other/Unknown","T0",0.3101,0.6899,"HIGH"
29,"2","Other/Unknown","T0",0.3398,0.6602,"HIGH"
30,"2","Other/Unknown","T0",0.2308,0.7692,"HIGH"
31,"2","Other/Unknown","T0",0.2258,0.7742,"HIGH"
32,"2","Other/Unknown","T0",0.2251,0.7749,"HIGH"
33,"2","Other/Unknown","T0",0.2174,0.7826,"HIGH"
34,"2","Other/Unknown","T0",0.2243,0.7757,"HIGH"
35,"2","Other/Unknown","T0",0.264,0.736,"HIGH"
36,"2","Other/Unknown","T0",0.2299,0.7701,"HIGH"
37,"2","Other/Unknown","T0",0.2411,0.7589,"HIGH"
38,"2","Other/Unknown","T0",0.2383,0.7617,"HIGH"
39,"2","Other/Unknown","T0",0.2449,0.7551,"HIGH"
40,"2","Other/Unknown","T0",0.335,0.665,"HIGH"
41,"2","Other/Unknown","T0",0.3352,0.6648,"HIGH"
42,"2","Other/Unknown","T0",0.3259,0.6741,"HIGH"
43,"2","Other/Unknown","T0",0.3121,0.6879,"HIGH"
44,"2","Other/Unknown","T0",0.2205,0.7795,"HIGH"
45,"2","Other/Unknown","T0",0.2246,0.7754,"HIGH"
46,"2","Other/Unknown","T0",0.2245,0.7755,"HIGH"
47,"2","Other/Unknown","T0",0.2492,0.7508,"HIGH"
48,"2","Other/Unknown","T0",0.2199,0.7801,"HIGH"
49,"2","Other/Unknown","T0",0.217,0.783,"HIGH"
50,"2","Other/Unknown","T0",0.2057,0.7943,"HIGH"
51,"2","Other/Unknown","T0",0.2138,0.7862,"HIGH"
52,"2","Other/Unknown","T0",0.2287,0.7713,"HIGH"
53,"2","Other/Unknown","T0",0.2035,0.7965,"HIGH"
54,"2","Other/Unknown","T0",0.2028,0.7972,"HIGH"
55,"2","Other/Unknown","T0",0.2078,0.7922,"HIGH"
56,"2","Other/Unknown","T0",0.2205,0.7795,"HIGH"
57,"2","Other/Unknown","T0",0.1951,0.8049,"HIGH"
58,"2","Other/Unknown","T0",0.1971,0.8029,"HIGH"
59,"2","Other/Unknown","T0",0.2325,0.7675,"HIGH"
60,"2","Other/Unknown","T0",0.2522,0.7478,"HIGH"
61,"2","Other/Unknown","T0",0.2178,0.7822,"HIGH"
62,"2","Other/Unknown","T0",0.2055,0.7945,"HIGH"
63,"2","Other/Unknown","T0",0.2113,0.7887,"HIGH"
64,"2","Other/Unknown","T0",0.2122,0.7878,"HIGH"
65,"2","Other/Unknown","T0",0.2259,0.7741,"HIGH"
66,"2","Other/Unknown","T0",0.2383,0.7617,"HIGH"
67,"2","Other/Unknown","T0",0.2249,0.7751,"HIGH"
68,"2","Other/Unknown","T0",0.2477,0.7523,"HIGH"
69,"2","Other/Unknown","T0",0.2328,0.7672,"HIGH"
70,"2","Other/Unknown","T0",0.2157,0.7843,"HIGH"
71,"2","Other/Unknown","T0",0.2299,0.7701,"HIGH"
72,"2","Other/Unknown","T0",0.215,0.785,"HIGH"
73,"2","Other/Unknown","T0",0.2056,0.7944,"HIGH"
74,"2","Other/Unknown","T0",0.2043,0.7957,"HIGH"
75,"2","Other/Unknown","T0",0.2038,0.7962,"HIGH"
76,"2","Other/Unknown","T0",0.2241,0.7759,"HIGH"
77,"2","Other/Unknown","T0",0.2244,0.7756,"HIGH"
78,"2","Other/Unknown","T0",0.2077,0.7923,"HIGH"
79,"2","Other/Unknown","T0",0.1996,0.8004,"HIGH"
80,"2","Other/Unknown","T0",0.2091,0.7909,"HIGH"
81,"2","Other/Unknown","T0",0.2011,0.7989,"HIGH"
82,"2","Other/Unknown","T0",0.2087,0.7913,"HIGH"
83,"2","Other/Unknown","T0",0.227,0.773,"HIGH"
84,"2","Other/Unknown","T0",0.2098,0.7902,"HIGH"
85,"2","Other/Unknown","T0",0.2378,0.7622,"HIGH"
86,"2","Other/Unknown","T0",0.2453,0.7547,"HIGH"
87,"2","Other/Unknown","T0",0.1951,0.8049,"HIGH"
88,"2","Other/Unknown","T0",0.1893,0.8107,"HIGH"
89,"2","Other/Unknown","T0",0.192,0.808,"HIGH"
90,"2","Other/Unknown","T0",0.2095,0.7905,"HIGH"
91,"2","Other/Unknown","T0",0.2095,0.7905,"HIGH"
92,"2","Other/Unknown","T0",0.2095,0.7905,"HIGH"
93,"2","Other/Unknown","T0",0.2095,0.7905,"HIGH"
94,"2","Other/Unknown","T0",0.2095,0.7905,"HIGH"
95,"2","Other/Unknown","T0",0.2095,0.7905,"HIGH"
96,"2","Other/Unknown","T0",0.2095,0.7905,"HIGH"
97,"2","Other/Unknown","T0",0.2095,0.7905,"HIGH"
98,"2","Other/Unknown","T0",0.2095,0.7905,"HIGH"
99,"2","Other/Unknown","T0",0.2095,0.7905,"HIGH"
0,"1","N0","Other/Unknown",0.9313,0.0687,"LOW"
1,"1","N0","Other/Unknown",0.9323,0.0677,"LOW"
2,"1","N0","Other/Unknown",0.9331,0.0669,"LOW"
3,"1","N0","Other/Unknown",0.9832,0.0168,"LOW"
4,"1","N0","Other/Unknown",0.9847,0.0153,"LOW"
5,"1","N0","Other/Unknown",0.9847,0.0153,"LOW"
6,"1","N0","Other/Unknown",0.9847,0.0153,"LOW"
7,"1","N0","Other/Unknown",0.9847,0.0153,"LOW"
8,"1","N0","Other/Unknown",0.9847,0.0153,"LOW"
9,"1","N0","Other/Unknown",0.9847,0.0153,"LOW"
10,"1","N0","Other/Unknown",0.9847,0.0153,"LOW"
11,"1","N0","Other/Unknown",0.9847,0.0153,"LOW"
12,"1","N0","Other/Unknown",0.9847,0.0153,"LOW"
13,"1","N0","Other/Unknown",0.9847,0.0153,"LOW"
14,"1","N0","Other/Unknown",0.9847,0.0153,"LOW"
15,"1","N0","Other/Unknown",0.9847,0.0153,"LOW"
16,"1","N0","Other/Unknown",0.9847,0.0153,"LOW"
17,"1","N0","Other/Unknown",0.9847,0.0153,"LOW"
18,"1","N0","Other/Unknown",0.9847,0.0153,"LOW"
19,"1","N0","Other/Unknown",0.9847,0.0153,"LOW"
20,"1","N0","Other/Unknown",0.9847,0.0153,"LOW"
21,"1","N0","Other/Unknown",0.9847,0.0153,"LOW"
22,"1","N0","Other/Unknown",0.9846,0.0154,"LOW"
23,"1","N0","Other/Unknown",0.9846,0.0154,"LOW"
24,"1","N0","Other/Unknown",0.9844,0.0156,"LOW"
25,"1","N0","Other/Unknown",0.9829,0.0171,"LOW"
26,"1","N0","Other/Unknown",0.982,0.018,"LOW"
27,"1","N0","Other/Unknown",0.9798,0.0202,"LOW"
28,"1","N0","Other/Unknown",0.9826,0.0174,"LOW"
29,"1","N0","Other/Unknown",0.982,0.018,"LOW"
30,"1","N0","Other/Unknown",0.9823,0.0177,"LOW"
31,"1","N0","Other/Unknown",0.9824,0.0176,"LOW"
32,"1","N0","Other/Unknown",0.9824,0.0176,"LOW"
33,"1","N0","Other/Unknown",0.9823,0.0177,"LOW"
34,"1","N0","Other/Unknown",0.9818,0.0182,"LOW"
35,"1","N0","Other/Unknown",0.982,0.018,"LOW"
36,"1","N0","Other/Unknown",0.9825,0.0175,"LOW"
37,"1","N0","Other/Unknown",0.9825,0.0175,"LOW"
38,"1","N0","Other/Unknown",0.9824,0.0176,"LOW"
39,"1","N0","Other/Unknown",0.9794,0.0206,"LOW"
40,"1","N0","Other/Unknown",0.9792,0.0208,"LOW"
41,"1","N0","Other/Unknown",0.9795,0.0205,"LOW"
42,"1","N0","Other/Unknown",0.9791,0.0209,"LOW"
43,"1","N0","Other/Unknown",0.9789,0.0211,"LOW"
44,"1","N0","Other/Unknown",0.9773,0.0227,"LOW"
45,"1","N0","Other/Unknown",0.978,0.022,"LOW"
46,"1","N0","Other/Unknown",0.9782,0.0218,"LOW"
47,"1","N0","Other/Unknown",0.9802,0.0198,"LOW"
48,"1","N0","Other/Unknown",0.9802,0.0198,"LOW"
49,"1","N0","Other/Unknown",0.9801,0.0199,"LOW"
50,"1","N0","Other/Unknown",0.9795,0.0205,"LOW"
51,"1","N0","Other/Unknown",0.9795,0.0205,"LOW"
52,"1","N0","Other/Unknown",0.9791,0.0209,"LOW"
53,"1","N0","Other/Unknown",0.9795,0.0205,"LOW"
54,"1","N0","Other/Unknown",0.9797,0.0203,"LOW"
55,"1","N0","Other/Unknown",0.9802,0.0198,"LOW"
56,"1","N0","Other/Unknown",0.9804,0.0196,"LOW"
57,"1","N0","Other/Unknown",0.9806,0.0194,"LOW"
58,"1","N0","Other/Unknown",0.9807,0.0193,"LOW"
59,"1","N0","Other/Unknown",0.9806,0.0194,"LOW"
60,"1","N0","Other/Unknown",0.9806,0.0194,"LOW"
61,"1","N0","Other/Unknown",0.9806,0.0194,"LOW"
62,"1","N0","Other/Unknown",0.9807,0.0193,"LOW"
63,"1","N0","Other/Unknown",0.9807,0.0193,"LOW"
64,"1","N0","Other/Unknown",0.9807,0.0193,"LOW"
65,"1","N0","Other/Unknown",0.9806,0.0194,"LOW"
66,"1","N0","Other/Unknown",0.9807,0.0193,"LOW"
67,"1","N0","Other/Unknown",0.9806,0.0194,"LOW"
68,"1","N0","Other/Unknown",0.9817,0.0183,"LOW"
69,"1","N0","Other/Unknown",0.9822,0.0178,"LOW"
70,"1","N0","Other/Unknown",0.9814,0.0186,"LOW"
71,"1","N0","Other/Unknown",0.9816,0.0184,"LOW"
72,"1","N0","Other/Unknown",0.981,0.019,"LOW"
73,"1","N0","Other/Unknown",0.9809,0.0191,"LOW"
74,"1","N0","Other/Unknown",0.9813,0.0187,"LOW"
75,"1","N0","Other/Unknown",0.9812,0.0188,"LOW"
76,"1","N0","Other/Unknown",0.9809,0.0191,"LOW"
77,"1","N0","Other/Unknown",0.9807,0.0193,"LOW"
78,"1","N0","Other/Unknown",0.9807,0.0193,"LOW"
79,"1","N0","Other/Unknown",0.98,0.02,"LOW"
80,"1","N0","Other/Unknown",0.9801,0.0199,"LOW"
81,"1","N0","Other/Unknown",0.9801,0.0199,"LOW"
82,"1","N0","Other/Unknown",0.9797,0.0203,"LOW"
83,"1","N0","Other/Unknown",0.9805,0.0195,"LOW"
84,"1","N0","Other/Unknown",0.9773,0.0227,"LOW"
85,"1","N0","Other/Unknown",0.9769,0.0231,"LOW"
86,"1","N0","Other/Unknown",0.9773,0.0227,"LOW"
87,"1","N0","Other/Unknown",0.9767,0.0233,"LOW"
88,"1","N0","Other/Unknown",0.9802,0.0198,"LOW"
89,"1","N0","Other/Unknown",0.9807,0.0193,"LOW"
90,"1","N0","Other/Unknown",0.9778,0.0222,"LOW"
91,"1","N0","Other/Unknown",0.9778,0.0222,"LOW"
92,"1","N0","Other/Unknown",0.9778,0.0222,"LOW"
93,"1","N0","Other/Unknown",0.9778,0.0222,"LOW"
94,"1","N0","Other/Unknown",0.9778,0.0222,"LOW"
95,"1","N0","Other/Unknown",0.9778,0.0222,"LOW"
96,"1","N0","Other/Unknown",0.9778,0.0222,"LOW"
97,"1","N0","Other/Unknown",0.9778,0.0222,"LOW"
98,"1","N0","Other/Unknown",0.9778,0.0222,"LOW"
99,"1","N0","Other/Unknown",0.9778,0.0222,"LOW"
0,"2","N0","Other/Unknown",0.986,0.014,"LOW"
1,"2","N0","Other/Unknown",0.986,0.014,"LOW"
2,"2","N0","Other/Unknown",0.986,0.014,"LOW"
3,"2","N0","Other/Unknown",0.9895,0.0105,"LOW"
4,"2","N0","Other/Unknown",0.9895,0.0105,"LOW"
5,"2","N0","Other/Unknown",0.9895,0.0105,"LOW"
6,"2","N0","Other/Unknown",0.9895,0.0105,"LOW"
7,"2","N0","Other/Unknown",0.9895,0.0105,"LOW"
8,"2","N0","Other/Unknown",0.9895,0.0105,"LOW"
9,"2","N0","Other/Unknown",0.9895,0.0105,"LOW"
10,"2","N0","Other/Unknown",0.9895,0.0105,"LOW"
11,"2","N0","Other/Unknown",0.9885,0.0115,"LOW"
12,"2","N0","Other/Unknown",0.9895,0.0105,"LOW"
13,"2","N0","Other/Unknown",0.9895,0.0105,"LOW"
14,"2","N0","Other/Unknown",0.9895,0.0105,"LOW"
15,"2","N0","Other/Unknown",0.9895,0.0105,"LOW"
16,"2","N0","Other/Unknown",0.9895,0.0105,"LOW"
17,"2","N0","Other/Unknown",0.9895,0.0105,"LOW"
18,"2","N0","Other/Unknown",0.9895,0.0105,"LOW"
19,"2","N0","Other/Unknown",0.9895,0.0105,"LOW"
20,"2","N0","Other/Unknown",0.9894,0.0106,"LOW"
21,"2","N0","Other/Unknown",0.9894,0.0106,"LOW"
22,"2","N0","Other/Unknown",0.988,0.012,"LOW"
23,"2","N0","Other/Unknown",0.9889,0.0111,"LOW"
24,"2","N0","Other/Unknown",0.9879,0.0121,"LOW"
25,"2","N0","Other/Unknown",0.9876,0.0124,"LOW"
26,"2","N0","Other/Unknown",0.988,0.012,"LOW"
27,"2","N0","Other/Unknown",0.9877,0.0123,"LOW"
28,"2","N0","Other/Unknown",0.9884,0.0116,"LOW"
29,"2","N0","Other/Unknown",0.9882,0.0118,"LOW"
30,"2","N0","Other/Unknown",0.9881,0.0119,"LOW"
31,"2","N0","Other/Unknown",0.9872,0.0128,"LOW"
32,"2","N0","Other/Unknown",0.9883,0.0117,"LOW"
33,"2","N0","Other/Unknown",0.9876,0.0124,"LOW"
34,"2","N0","Other/Unknown",0.9877,0.0123,"LOW"
35,"2","N0","Other/Unknown",0.9872,0.0128,"LOW"
36,"2","N0","Other/Unknown",0.9868,0.0132,"LOW"
37,"2","N0","Other/Unknown",0.9869,0.0131,"LOW"
38,"2","N0","Other/Unknown",0.987,0.013,"LOW"
39,"2","N0","Other/Unknown",0.9867,0.0133,"LOW"
40,"2","N0","Other/Unknown",0.9867,0.0133,"LOW"
41,"2","N0","Other/Unknown",0.9866,0.0134,"LOW"
42,"2","N0","Other/Unknown",0.9862,0.0138,"LOW"
43,"2","N0","Other/Unknown",0.9868,0.0132,"LOW"
44,"2","N0","Other/Unknown",0.9866,0.0134,"LOW"
45,"2","N0","Other/Unknown",0.9866,0.0134,"LOW"
46,"2","N0","Other/Unknown",0.9867,0.0133,"LOW"
47,"2","N0","Other/Unknown",0.9865,0.0135,"LOW"
48,"2","N0","Other/Unknown",0.9864,0.0136,"LOW"
49,"2","N0","Other/Unknown",0.9864,0.0136,"LOW"
50,"2","N0","Other/Unknown",0.9854,0.0146,"LOW"
51,"2","N0","Other/Unknown",0.9845,0.0155,"LOW"
52,"2","N0","Other/Unknown",0.9847,0.0153,"LOW"
53,"2","N0","Other/Unknown",0.9851,0.0149,"LOW"
54,"2","N0","Other/Unknown",0.9853,0.0147,"LOW"
55,"2","N0","Other/Unknown",0.9856,0.0144,"LOW"
56,"2","N0","Other/Unknown",0.9855,0.0145,"LOW"
57,"2","N0","Other/Unknown",0.9855,0.0145,"LOW"
58,"2","N0","Other/Unknown",0.9855,0.0145,"LOW"
59,"2","N0","Other/Unknown",0.9855,0.0145,"LOW"
60,"2","N0","Other/Unknown",0.9854,0.0146,"LOW"
61,"2","N0","Other/Unknown",0.9851,0.0149,"LOW"
62,"2","N0","Other/Unknown",0.9854,0.0146,"LOW"
63,"2","N0","Other/Unknown",0.9855,0.0145,"LOW"
64,"2","N0","Other/Unknown",0.9855,0.0145,"LOW"
65,"2","N0","Other/Unknown",0.9855,0.0145,"LOW"
66,"2","N0","Other/Unknown",0.9855,0.0145,"LOW"
67,"2","N0","Other/Unknown",0.9856,0.0144,"LOW"
68,"2","N0","Other/Unknown",0.9857,0.0143,"LOW"
69,"2","N0","Other/Unknown",0.9855,0.0145,"LOW"
70,"2","N0","Other/Unknown",0.9856,0.0144,"LOW"
71,"2","N0","Other/Unknown",0.9856,0.0144,"LOW"
72,"2","N0","Other/Unknown",0.9853,0.0147,"LOW"
73,"2","N0","Other/Unknown",0.985,0.015,"LOW"
74,"2","N0","Other/Unknown",0.9851,0.0149,"LOW"
75,"2","N0","Other/Unknown",0.9844,0.0156,"LOW"
76,"2","N0","Other/Unknown",0.9845,0.0155,"LOW"
77,"2","N0","Other/Unknown",0.9822,0.0178,"LOW"
78,"2","N0","Other/Unknown",0.9817,0.0183,"LOW"
79,"2","N0","Other/Unknown",0.9825,0.0175,"LOW"
80,"2","N0","Other/Unknown",0.9829,0.0171,"LOW"
81,"2","N0","Other/Unknown",0.9821,0.0179,"LOW"
82,"2","N0","Other/Unknown",0.9817,0.0183,"LOW"
83,"2","N0","Other/Unknown",0.9825,0.0175,"LOW"
84,"2","N0","Other/Unknown",0.982,0.018,"LOW"
85,"2","N0","Other/Unknown",0.9824,0.0176,"LOW"
86,"2","N0","Other/Unknown",0.9844,0.0156,"LOW"
87,"2","N0","Other/Unknown",0.984,0.016,"LOW"
88,"2","N0","Other/Unknown",0.9789,0.0211,"LOW"
89,"2","N0","Other/Unknown",0.9813,0.0187,"LOW"
90,"2","N0","Other/Unknown",0.9792,0.0208,"LOW"
91,"2","N0","Other/Unknown",0.9792,0.0208,"LOW"
92,"2","N0","Other/Unknown",0.9792,0.0208,"LOW"
93,"2","N0","Other/Unknown",0.9792,0.0208,"LOW"
94,"2","N0","Other/Unknown",0.9792,0.0208,"LOW"
95,"2","N0","Other/Unknown",0.9792,0.0208,"LOW"
96,"2","N0","Other/Unknown",0.9792,0.0208,"LOW"
97,"2","N0","Other/Unknown",0.9792,0.0208,"LOW"
98,"2","N0","Other/Unknown",0.9792,0.0208,"LOW"
99,"2","N0","Other/Unknown",0.9792,0.0208,"LOW"
0,"1","N1","Other/Unknown",0.803,0.197,"LOW"
1,"1","N1","Other/Unknown",0.803,0.197,"LOW"
2,"1","N1","Other/Unknown",0.803,0.197,"LOW"
3,"1","N1","Other/Unknown",0.8029,0.1971,"LOW"
4,"1","N1","Other/Unknown",0.8029,0.1971,"LOW"
5,"1","N1","Other/Unknown",0.8029,0.1971,"LOW"
6,"1","N1","Other/Unknown",0.8029,0.1971,"LOW"
7,"1","N1","Other/Unknown",0.8029,0.1971,"LOW"
8,"1","N1","Other/Unknown",0.8029,0.1971,"LOW"
9,"1","N1","Other/Unknown",0.8029,0.1971,"LOW"
10,"1","N1","Other/Unknown",0.8029,0.1971,"LOW"
11,"1","N1","Other/Unknown",0.8029,0.1971,"LOW"
12,"1","N1","Other/Unknown",0.8029,0.1971,"LOW"
13,"1","N1","Other/Unknown",0.8029,0.1971,"LOW"
14,"1","N1","Other/Unknown",0.8029,0.1971,"LOW"
15,"1","N1","Other/Unknown",0.8029,0.1971,"LOW"
16,"1","N1","Other/Unknown",0.8029,0.1971,"LOW"
17,"1","N1","Other/Unknown",0.8019,0.1981,"LOW"
18,"1","N1","Other/Unknown",0.8019,0.1981,"LOW"
19,"1","N1","Other/Unknown",0.8,0.2,"LOW"
20,"1","N1","Other/Unknown",0.7992,0.2008,"LOW"
21,"1","N1","Other/Unknown",0.8008,0.1992,"LOW"
22,"1","N1","Other/Unknown",0.7973,0.2027,"LOW"
23,"1","N1","Other/Unknown",0.7953,0.2047,"LOW"
24,"1","N1","Other/Unknown",0.7166,0.2834,"LOW"
25,"1","N1","Other/Unknown",0.7424,0.2576,"LOW"
26,"1","N1","Other/Unknown",0.7175,0.2825,"LOW"
27,"1","N1","Other/Unknown",0.7153,0.2847,"LOW"
28,"1","N1","Other/Unknown",0.7202,0.2798,"LOW"
29,"1","N1","Other/Unknown",0.6524,0.3476,"LOW"
30,"1","N1","Other/Unknown",0.6348,0.3652,"LOW"
31,"1","N1","Other/Unknown",0.6833,0.3167,"LOW"
32,"1","N1","Other/Unknown",0.7108,0.2892,"LOW"
33,"1","N1","Other/Unknown",0.6981,0.3019,"LOW"
34,"1","N1","Other/Unknown",0.668,0.332,"LOW"
35,"1","N1","Other/Unknown",0.6813,0.3187,"LOW"
36,"1","N1","Other/Unknown",0.6452,0.3548,"LOW"
37,"1","N1","Other/Unknown",0.6499,0.3501,"LOW"
38,"1","N1","Other/Unknown",0.6654,0.3346,"LOW"
39,"1","N1","Other/Unknown",0.6877,0.3123,"LOW"
40,"1","N1","Other/Unknown",0.6899,0.3101,"LOW"
41,"1","N1","Other/Unknown",0.6606,0.3394,"LOW"
42,"1","N1","Other/Unknown",0.7121,0.2879,"LOW"
43,"1","N1","Other/Unknown",0.7109,0.2891,"LOW"
44,"1","N1","Other/Unknown",0.7062,0.2938,"LOW"
45,"1","N1","Other/Unknown",0.7117,0.2883,"LOW"
46,"1","N1","Other/Unknown",0.7062,0.2938,"LOW"
47,"1","N1","Other/Unknown",0.6991,0.3009,"LOW"
48,"1","N1","Other/Unknown",0.6925,0.3075,"LOW"
49,"1","N1","Other/Unknown",0.6966,0.3034,"LOW"
50,"1","N1","Other/Unknown",0.6995,0.3005,"LOW"
51,"1","N1","Other/Unknown",0.6978,0.3022,"LOW"
52,"1","N1","Other/Unknown",0.7125,0.2875,"LOW"
53,"1","N1","Other/Unknown",0.7089,0.2911,"LOW"
54,"1","N1","Other/Unknown",0.7067,0.2933,"LOW"
55,"1","N1","Other/Unknown",0.7101,0.2899,"LOW"
56,"1","N1","Other/Unknown",0.703,0.297,"LOW"
57,"1","N1","Other/Unknown",0.7041,0.2959,"LOW"
58,"1","N1","Other/Unknown",0.6996,0.3004,"LOW"
59,"1","N1","Other/Unknown",0.7043,0.2957,"LOW"
60,"1","N1","Other/Unknown",0.7065,0.2935,"LOW"
61,"1","N1","Other/Unknown",0.6997,0.3003,"LOW"
62,"1","N1","Other/Unknown",0.7042,0.2958,"LOW"
63,"1","N1","Other/Unknown",0.7029,0.2971,"LOW"
64,"1","N1","Other/Unknown",0.7069,0.2931,"LOW"
65,"1","N1","Other/Unknown",0.7174,0.2826,"LOW"
66,"1","N1","Other/Unknown",0.7154,0.2846,"LOW"
67,"1","N1","Other/Unknown",0.7148,0.2852,"LOW"
68,"1","N1","Other/Unknown",0.6903,0.3097,"LOW"
69,"1","N1","Other/Unknown",0.6841,0.3159,"LOW"
70,"1","N1","Other/Unknown",0.7005,0.2995,"LOW"
71,"1","N1","Other/Unknown",0.6989,0.3011,"LOW"
72,"1","N1","Other/Unknown",0.6987,0.3013,"LOW"
73,"1","N1","Other/Unknown",0.6876,0.3124,"LOW"
74,"1","N1","Other/Unknown",0.6885,0.3115,"LOW"
75,"1","N1","Other/Unknown",0.6893,0.3107,"LOW"
76,"1","N1","Other/Unknown",0.6869,0.3131,"LOW"
77,"1","N1","Other/Unknown",0.6966,0.3034,"LOW"
78,"1","N1","Other/Unknown",0.73,0.27,"LOW"
79,"1","N1","Other/Unknown",0.7349,0.2651,"LOW"
80,"1","N1","Other/Unknown",0.75,0.25,"LOW"
81,"1","N1","Other/Unknown",0.7215,0.2785,"LOW"
82,"1","N1","Other/Unknown",0.7058,0.2942,"LOW"
83,"1","N1","Other/Unknown",0.7142,0.2858,"LOW"
84,"1","N1","Other/Unknown",0.6857,0.3143,"LOW"
85,"1","N1","Other/Unknown",0.6973,0.3027,"LOW"
86,"1","N1","Other/Unknown",0.6896,0.3104,"LOW"
87,"1","N1","Other/Unknown",0.6796,0.3204,"LOW"
88,"1","N1","Other/Unknown",0.7145,0.2855,"LOW"
89,"1","N1","Other/Unknown",0.7034,0.2966,"LOW"
90,"1","N1","Other/Unknown",0.6829,0.3171,"LOW"
91,"1","N1","Other/Unknown",0.6829,0.3171,"LOW"
92,"1","N1","Other/Unknown",0.6829,0.3171,"LOW"
93,"1","N1","Other/Unknown",0.6829,0.3171,"LOW"
94,"1","N1","Other/Unknown",0.6829,0.3171,"LOW"
95,"1","N1","Other/Unknown",0.6829,0.3171,"LOW"
96,"1","N1","Other/Unknown",0.6829,0.3171,"LOW"
97,"1","N1","Other/Unknown",0.6829,0.3171,"LOW"
98,"1","N1","Other/Unknown",0.6829,0.3171,"LOW"
99,"1","N1","Other/Unknown",0.6829,0.3171,"LOW"
0,"2","N1","Other/Unknown",0.8462,0.1538,"LOW"
1,"2","N1","Other/Unknown",0.8462,0.1538,"LOW"
2,"2","N1","Other/Unknown",0.8462,0.1538,"LOW"
3,"2","N1","Other/Unknown",0.8461,0.1539,"LOW"
4,"2","N1","Other/Unknown",0.8461,0.1539,"LOW"
5,"2","N1","Other/Unknown",0.8461,0.1539,"LOW"
6,"2","N1","Other/Unknown",0.8461,0.1539,"LOW"
7,"2","N1","Other/Unknown",0.8461,0.1539,"LOW"
8,"2","N1","Other/Unknown",0.8461,0.1539,"LOW"
9,"2","N1","Other/Unknown",0.8461,0.1539,"LOW"
10,"2","N1","Other/Unknown",0.8461,0.1539,"LOW"
11,"2","N1","Other/Unknown",0.8461,0.1539,"LOW"
12,"2","N1","Other/Unknown",0.8461,0.1539,"LOW"
13,"2","N1","Other/Unknown",0.8461,0.1539,"LOW"
14,"2","N1","Other/Unknown",0.8461,0.1539,"LOW"
15,"2","N1","Other/Unknown",0.8454,0.1546,"LOW"
16,"2","N1","Other/Unknown",0.8454,0.1546,"LOW"
17,"2","N1","Other/Unknown",0.8454,0.1546,"LOW"
18,"2","N1","Other/Unknown",0.8454,0.1546,"LOW"
19,"2","N1","Other/Unknown",0.845,0.155,"LOW"
20,"2","N1","Other/Unknown",0.8442,0.1558,"LOW"
21,"2","N1","Other/Unknown",0.8442,0.1558,"LOW"
22,"2","N1","Other/Unknown",0.8426,0.1574,"LOW"
23,"2","N1","Other/Unknown",0.8403,0.1597,"LOW"
24,"2","N1","Other/Unknown",0.7546,0.2454,"LOW"
25,"2","N1","Other/Unknown",0.7931,0.2069,"LOW"
26,"2","N1","Other/Unknown",0.781,0.219,"LOW"
27,"2","N1","Other/Unknown",0.7872,0.2128,"LOW"
28,"2","N1","Other/Unknown",0.7893,0.2107,"LOW"
29,"2","N1","Other/Unknown",0.739,0.261,"LOW"
30,"2","N1","Other/Unknown",0.7561,0.2439,"LOW"
31,"2","N1","Other/Unknown",0.7825,0.2175,"LOW"
32,"2","N1","Other/Unknown",0.7275,0.2725,"LOW"
33,"2","N1","Other/Unknown",0.7361,0.2639,"LOW"
34,"2","N1","Other/Unknown",0.7096,0.2904,"LOW"
35,"2","N1","Other/Unknown",0.714,0.286,"LOW"
36,"2","N1","Other/Unknown",0.7352,0.2648,"LOW"
37,"2","N1","Other/Unknown",0.7433,0.2567,"LOW"
38,"2","N1","Other/Unknown",0.7702,0.2298,"LOW"
39,"2","N1","Other/Unknown",0.77,0.23,"LOW"
40,"2","N1","Other/Unknown",0.7659,0.2341,"LOW"
41,"2","N1","Other/Unknown",0.7629,0.2371,"LOW"
42,"2","N1","Other/Unknown",0.7714,0.2286,"LOW"
43,"2","N1","Other/Unknown",0.775,0.225,"LOW"
44,"2","N1","Other/Unknown",0.7242,0.2758,"LOW"
45,"2","N1","Other/Unknown",0.7422,0.2578,"LOW"
46,"2","N1","Other/Unknown",0.7555,0.2445,"LOW"
47,"2","N1","Other/Unknown",0.7529,0.2471,"LOW"
48,"2","N1","Other/Unknown",0.7447,0.2553,"LOW"
49,"2","N1","Other/Unknown",0.7032,0.2968,"LOW"
50,"2","N1","Other/Unknown",0.7444,0.2556,"LOW"
51,"2","N1","Other/Unknown",0.7545,0.2455,"LOW"
52,"2","N1","Other/Unknown",0.7596,0.2404,"LOW"
53,"2","N1","Other/Unknown",0.7488,0.2512,"LOW"
54,"2","N1","Other/Unknown",0.7482,0.2518,"LOW"
55,"2","N1","Other/Unknown",0.7685,0.2315,"LOW"
56,"2","N1","Other/Unknown",0.7573,0.2427,"LOW"
57,"2","N1","Other/Unknown",0.7538,0.2462,"LOW"
58,"2","N1","Other/Unknown",0.7512,0.2488,"LOW"
59,"2","N1","Other/Unknown",0.7514,0.2486,"LOW"
60,"2","N1","Other/Unknown",0.7519,0.2481,"LOW"
61,"2","N1","Other/Unknown",0.741,0.259,"LOW"
62,"2","N1","Other/Unknown",0.7651,0.2349,"LOW"
63,"2","N1","Other/Unknown",0.7585,0.2415,"LOW"
64,"2","N1","Other/Unknown",0.7558,0.2442,"LOW"
65,"2","N1","Other/Unknown",0.7607,0.2393,"LOW"
66,"2","N1","Other/Unknown",0.7637,0.2363,"LOW"
67,"2","N1","Other/Unknown",0.7627,0.2373,"LOW"
68,"2","N1","Other/Unknown",0.7422,0.2578,"LOW"
69,"2","N1","Other/Unknown",0.7511,0.2489,"LOW"
70,"2","N1","Other/Unknown",0.7615,0.2385,"LOW"
71,"2","N1","Other/Unknown",0.7674,0.2326,"LOW"
72,"2","N1","Other/Unknown",0.7554,0.2446,"LOW"
73,"2","N1","Other/Unknown",0.7526,0.2474,"LOW"
74,"2","N1","Other/Unknown",0.7554,0.2446,"LOW"
75,"2","N1","Other/Unknown",0.7386,0.2614,"LOW"
76,"2","N1","Other/Unknown",0.7518,0.2482,"LOW"
77,"2","N1","Other/Unknown",0.7399,0.2601,"LOW"
78,"2","N1","Other/Unknown",0.7435,0.2565,"LOW"
79,"2","N1","Other/Unknown",0.7502,0.2498,"LOW"
80,"2","N1","Other/Unknown",0.7568,0.2432,"LOW"
81,"2","N1","Other/Unknown",0.7374,0.2626,"LOW"
82,"2","N1","Other/Unknown",0.7285,0.2715,"LOW"
83,"2","N1","Other/Unknown",0.7566,0.2434,"LOW"
84,"2","N1","Other/Unknown",0.7368,0.2632,"LOW"
85,"2","N1","Other/Unknown",0.762,0.238,"LOW"
86,"2","N1","Other/Unknown",0.7462,0.2538,"LOW"
87,"2","N1","Other/Unknown",0.7498,0.2502,"LOW"
88,"2","N1","Other/Unknown",0.7504,0.2496,"LOW"
89,"2","N1","Other/Unknown",0.7449,0.2551,"LOW"
90,"2","N1","Other/Unknown",0.7711,0.2289,"LOW"
91,"2","N1","Other/Unknown",0.7711,0.2289,"LOW"
92,"2","N1","Other/Unknown",0.7711,0.2289,"LOW"
93,"2","N1","Other/Unknown",0.7711,0.2289,"LOW"
94,"2","N1","Other/Unknown",0.7711,0.2289,"LOW"
95,"2","N1","Other/Unknown",0.7711,0.2289,"LOW"
96,"2","N1","Other/Unknown",0.7711,0.2289,"LOW"
97,"2","N1","Other/Unknown",0.7711,0.2289,"LOW"
98,"2","N1","Other/Unknown",0.7711,0.2289,"LOW"
99,"2","N1","Other/Unknown",0.7711,0.2289,"LOW"
0,"1","N2","Other/Unknown",0.7508,0.2492,"LOW"
1,"1","N2","Other/Unknown",0.7508,0.2492,"LOW"
2,"1","N2","Other/Unknown",0.7508,0.2492,"LOW"
3,"1","N2","Other/Unknown",0.7507,0.2493,"LOW"
4,"1","N2","Other/Unknown",0.7507,0.2493,"LOW"
5,"1","N2","Other/Unknown",0.7507,0.2493,"LOW"
6,"1","N2","Other/Unknown",0.7507,0.2493,"LOW"
7,"1","N2","Other/Unknown",0.7507,0.2493,"LOW"
8,"1","N2","Other/Unknown",0.7507,0.2493,"LOW"
9,"1","N2","Other/Unknown",0.7467,0.2533,"LOW"
10,"1","N2","Other/Unknown",0.745,0.255,"LOW"
11,"1","N2","Other/Unknown",0.745,0.255,"LOW"
12,"1","N2","Other/Unknown",0.745,0.255,"LOW"
13,"1","N2","Other/Unknown",0.745,0.255,"LOW"
14,"1","N2","Other/Unknown",0.745,0.255,"LOW"
15,"1","N2","Other/Unknown",0.745,0.255,"LOW"
16,"1","N2","Other/Unknown",0.745,0.255,"LOW"
17,"1","N2","Other/Unknown",0.745,0.255,"LOW"
18,"1","N2","Other/Unknown",0.745,0.255,"LOW"
19,"1","N2","Other/Unknown",0.7501,0.2499,"LOW"
20,"1","N2","Other/Unknown",0.7593,0.2407,"LOW"
21,"1","N2","Other/Unknown",0.7593,0.2407,"LOW"
22,"1","N2","Other/Unknown",0.7604,0.2396,"LOW"
23,"1","N2","Other/Unknown",0.7604,0.2396,"LOW"
24,"1","N2","Other/Unknown",0.7584,0.2416,"LOW"
25,"1","N2","Other/Unknown",0.7393,0.2607,"LOW"
26,"1","N2","Other/Unknown",0.7057,0.2943,"LOW"
27,"1","N2","Other/Unknown",0.7126,0.2874,"LOW"
28,"1","N2","Other/Unknown",0.761,0.239,"LOW"
29,"1","N2","Other/Unknown",0.7626,0.2374,"LOW"
30,"1","N2","Other/Unknown",0.7502,0.2498,"LOW"
31,"1","N2","Other/Unknown",0.7179,0.2821,"LOW"
32,"1","N2","Other/Unknown",0.7008,0.2992,"LOW"
33,"1","N2","Other/Unknown",0.7311,0.2689,"LOW"
34,"1","N2","Other/Unknown",0.7398,0.2602,"LOW"
35,"1","N2","Other/Unknown",0.6788,0.3212,"LOW"
36,"1","N2","Other/Unknown",0.6757,0.3243,"LOW"
37,"1","N2","Other/Unknown",0.6965,0.3035,"LOW"
38,"1","N2","Other/Unknown",0.6964,0.3036,"LOW"
39,"1","N2","Other/Unknown",0.7032,0.2968,"LOW"
40,"1","N2","Other/Unknown",0.6475,0.3525,"LOW"
41,"1","N2","Other/Unknown",0.6195,0.3805,"LOW"
42,"1","N2","Other/Unknown",0.6473,0.3527,"LOW"
43,"1","N2","Other/Unknown",0.6238,0.3762,"LOW"
44,"1","N2","Other/Unknown",0.6389,0.3611,"LOW"
45,"1","N2","Other/Unknown",0.6106,0.3894,"LOW"
46,"1","N2","Other/Unknown",0.6447,0.3553,"LOW"
47,"1","N2","Other/Unknown",0.6769,0.3231,"LOW"
48,"1","N2","Other/Unknown",0.6572,0.3428,"LOW"
49,"1","N2","Other/Unknown",0.6003,0.3997,"LOW"
50,"1","N2","Other/Unknown",0.5992,0.4008,"LOW"
51,"1","N2","Other/Unknown",0.6002,0.3998,"LOW"
52,"1","N2","Other/Unknown",0.7488,0.2512,"LOW"
53,"1","N2","Other/Unknown",0.7805,0.2195,"LOW"
54,"1","N2","Other/Unknown",0.7593,0.2407,"LOW"
55,"1","N2","Other/Unknown",0.7264,0.2736,"LOW"
56,"1","N2","Other/Unknown",0.7579,0.2421,"LOW"
57,"1","N2","Other/Unknown",0.7318,0.2682,"LOW"
58,"1","N2","Other/Unknown",0.7216,0.2784,"LOW"
59,"1","N2","Other/Unknown",0.726,0.274,"LOW"
60,"1","N2","Other/Unknown",0.744,0.256,"LOW"
61,"1","N2","Other/Unknown",0.7461,0.2539,"LOW"
62,"1","N2","Other/Unknown",0.7379,0.2621,"LOW"
63,"1","N2","Other/Unknown",0.7504,0.2496,"LOW"
64,"1","N2","Other/Unknown",0.7371,0.2629,"LOW"
65,"1","N2","Other/Unknown",0.7392,0.2608,"LOW"
66,"1","N2","Other/Unknown",0.7479,0.2521,"LOW"
67,"1","N2","Other/Unknown",0.7376,0.2624,"LOW"
68,"1","N2","Other/Unknown",0.7582,0.2418,"LOW"
69,"1","N2","Other/Unknown",0.7486,0.2514,"LOW"
70,"1","N2","Other/Unknown",0.7366,0.2634,"LOW"
71,"1","N2","Other/Unknown",0.7281,0.2719,"LOW"
72,"1","N2","Other/Unknown",0.738,0.262,"LOW"
73,"1","N2","Other/Unknown",0.7339,0.2661,"LOW"
74,"1","N2","Other/Unknown",0.7417,0.2583,"LOW"
75,"1","N2","Other/Unknown",0.7325,0.2675,"LOW"
76,"1","N2","Other/Unknown",0.7249,0.2751,"LOW"
77,"1","N2","Other/Unknown",0.7262,0.2738,"LOW"
78,"1","N2","Other/Unknown",0.738,0.262,"LOW"
79,"1","N2","Other/Unknown",0.7405,0.2595,"LOW"
80,"1","N2","Other/Unknown",0.7138,0.2862,"LOW"
81,"1","N2","Other/Unknown",0.6916,0.3084,"LOW"
82,"1","N2","Other/Unknown",0.729,0.271,"LOW"
83,"1","N2","Other/Unknown",0.7184,0.2816,"LOW"
84,"1","N2","Other/Unknown",0.708,0.292,"LOW"
85,"1","N2","Other/Unknown",0.7292,0.2708,"LOW"
86,"1","N2","Other/Unknown",0.7516,0.2484,"LOW"
87,"1","N2","Other/Unknown",0.6801,0.3199,"LOW"
88,"1","N2","Other/Unknown",0.8318,0.1682,"LOW"
89,"1","N2","Other/Unknown",0.8392,0.1608,"LOW"
90,"1","N2","Other/Unknown",0.8401,0.1599,"LOW"
91,"1","N2","Other/Unknown",0.8401,0.1599,"LOW"
92,"1","N2","Other/Unknown",0.8401,0.1599,"LOW"
93,"1","N2","Other/Unknown",0.8401,0.1599,"LOW"
94,"1","N2","Other/Unknown",0.8401,0.1599,"LOW"
95,"1","N2","Other/Unknown",0.8401,0.1599,"LOW"
96,"1","N2","Other/Unknown",0.8401,0.1599,"LOW"
97,"1","N2","Other/Unknown",0.8401,0.1599,"LOW"
98,"1","N2","Other/Unknown",0.8401,0.1599,"LOW"
99,"1","N2","Other/Unknown",0.8401,0.1599,"LOW"
0,"2","N2","Other/Unknown",0.7238,0.2762,"LOW"
1,"2","N2","Other/Unknown",0.7238,0.2762,"LOW"
2,"2","N2","Other/Unknown",0.7238,0.2762,"LOW"
3,"2","N2","Other/Unknown",0.7238,0.2762,"LOW"
4,"2","N2","Other/Unknown",0.7238,0.2762,"LOW"
5,"2","N2","Other/Unknown",0.7238,0.2762,"LOW"
6,"2","N2","Other/Unknown",0.7238,0.2762,"LOW"
7,"2","N2","Other/Unknown",0.7238,0.2762,"LOW"
8,"2","N2","Other/Unknown",0.7238,0.2762,"LOW"
9,"2","N2","Other/Unknown",0.7198,0.2802,"LOW"
10,"2","N2","Other/Unknown",0.7174,0.2826,"LOW"
11,"2","N2","Other/Unknown",0.7174,0.2826,"LOW"
12,"2","N2","Other/Unknown",0.7174,0.2826,"LOW"
13,"2","N2","Other/Unknown",0.7174,0.2826,"LOW"
14,"2","N2","Other/Unknown",0.7174,0.2826,"LOW"
15,"2","N2","Other/Unknown",0.7154,0.2846,"LOW"
16,"2","N2","Other/Unknown",0.7154,0.2846,"LOW"
17,"2","N2","Other/Unknown",0.7213,0.2787,"LOW"
18,"2","N2","Other/Unknown",0.7213,0.2787,"LOW"
19,"2","N2","Other/Unknown",0.7369,0.2631,"LOW"
20,"2","N2","Other/Unknown",0.7477,0.2523,"LOW"
21,"2","N2","Other/Unknown",0.7517,0.2483,"LOW"
22,"2","N2","Other/Unknown",0.7616,0.2384,"LOW"
23,"2","N2","Other/Unknown",0.7617,0.2383,"LOW"
24,"2","N2","Other/Unknown",0.7617,0.2383,"LOW"
25,"2","N2","Other/Unknown",0.7529,0.2471,"LOW"
26,"2","N2","Other/Unknown",0.6621,0.3379,"LOW"
27,"2","N2","Other/Unknown",0.6424,0.3576,"LOW"
28,"2","N2","Other/Unknown",0.7109,0.2891,"LOW"
29,"2","N2","Other/Unknown",0.767,0.233,"LOW"
30,"2","N2","Other/Unknown",0.7684,0.2316,"LOW"
31,"2","N2","Other/Unknown",0.7699,0.2301,"LOW"
32,"2","N2","Other/Unknown",0.771,0.229,"LOW"
33,"2","N2","Other/Unknown",0.6905,0.3095,"LOW"
34,"2","N2","Other/Unknown",0.7134,0.2866,"LOW"
35,"2","N2","Other/Unknown",0.7451,0.2549,"LOW"
36,"2","N2","Other/Unknown",0.7483,0.2517,"LOW"
37,"2","N2","Other/Unknown",0.7072,0.2928,"LOW"
38,"2","N2","Other/Unknown",0.6857,0.3143,"LOW"
39,"2","N2","Other/Unknown",0.7448,0.2552,"LOW"
40,"2","N2","Other/Unknown",0.7593,0.2407,"LOW"
41,"2","N2","Other/Unknown",0.7444,0.2556,"LOW"
42,"2","N2","Other/Unknown",0.7571,0.2429,"LOW"
43,"2","N2","Other/Unknown",0.7396,0.2604,"LOW"
44,"2","N2","Other/Unknown",0.7103,0.2897,"LOW"
45,"2","N2","Other/Unknown",0.6244,0.3756,"LOW"
46,"2","N2","Other/Unknown",0.7295,0.2705,"LOW"
47,"2","N2","Other/Unknown",0.7795,0.2205,"LOW"
48,"2","N2","Other/Unknown",0.7787,0.2213,"LOW"
49,"2","N2","Other/Unknown",0.7705,0.2295,"LOW"
50,"2","N2","Other/Unknown",0.7612,0.2388,"LOW"
51,"2","N2","Other/Unknown",0.7656,0.2344,"LOW"
52,"2","N2","Other/Unknown",0.7085,0.2915,"LOW"
53,"2","N2","Other/Unknown",0.7536,0.2464,"LOW"
54,"2","N2","Other/Unknown",0.7623,0.2377,"LOW"
55,"2","N2","Other/Unknown",0.7275,0.2725,"LOW"
56,"2","N2","Other/Unknown",0.7358,0.2642,"LOW"
57,"2","N2","Other/Unknown",0.7503,0.2497,"LOW"
58,"2","N2","Other/Unknown",0.7125,0.2875,"LOW"
59,"2","N2","Other/Unknown",0.7166,0.2834,"LOW"
60,"2","N2","Other/Unknown",0.7126,0.2874,"LOW"
61,"2","N2","Other/Unknown",0.7522,0.2478,"LOW"
62,"2","N2","Other/Unknown",0.7554,0.2446,"LOW"
63,"2","N2","Other/Unknown",0.7533,0.2467,"LOW"
64,"2","N2","Other/Unknown",0.7514,0.2486,"LOW"
65,"2","N2","Other/Unknown",0.751,0.249,"LOW"
66,"2","N2","Other/Unknown",0.7686,0.2314,"LOW"
67,"2","N2","Other/Unknown",0.7469,0.2531,"LOW"
68,"2","N2","Other/Unknown",0.765,0.235,"LOW"
69,"2","N2","Other/Unknown",0.777,0.223,"LOW"
70,"2","N2","Other/Unknown",0.7717,0.2283,"LOW"
71,"2","N2","Other/Unknown",0.668,0.332,"LOW"
72,"2","N2","Other/Unknown",0.7117,0.2883,"LOW"
73,"2","N2","Other/Unknown",0.7247,0.2753,"LOW"
74,"2","N2","Other/Unknown",0.7604,0.2396,"LOW"
75,"2","N2","Other/Unknown",0.7553,0.2447,"LOW"
76,"2","N2","Other/Unknown",0.6732,0.3268,"LOW"
77,"2","N2","Other/Unknown",0.6155,0.3845,"LOW"
78,"2","N2","Other/Unknown",0.6452,0.3548,"LOW"
79,"2","N2","Other/Unknown",0.7139,0.2861,"LOW"
80,"2","N2","Other/Unknown",0.6864,0.3136,"LOW"
81,"2","N2","Other/Unknown",0.6687,0.3313,"LOW"
82,"2","N2","Other/Unknown",0.7701,0.2299,"LOW"
83,"2","N2","Other/Unknown",0.782,0.218,"LOW"
84,"2","N2","Other/Unknown",0.7856,0.2144,"LOW"
85,"2","N2","Other/Unknown",0.7694,0.2306,"LOW"
86,"2","N2","Other/Unknown",0.7863,0.2137,"LOW"
87,"2","N2","Other/Unknown",0.757,0.243,"LOW"
88,"2","N2","Other/Unknown",0.8039,0.1961,"LOW"
89,"2","N2","Other/Unknown",0.7779,0.2221,"LOW"
90,"2","N2","Other/Unknown",0.7655,0.2345,"LOW"
91,"2","N2","Other/Unknown",0.7655,0.2345,"LOW"
92,"2","N2","Other/Unknown",0.7655,0.2345,"LOW"
93,"2","N2","Other/Unknown",0.7655,0.2345,"LOW"
94,"2","N2","Other/Unknown",0.7655,0.2345,"LOW"
95,"2","N2","Other/Unknown",0.7655,0.2345,"LOW"
96,"2","N2","Other/Unknown",0.7655,0.2345,"LOW"
97,"2","N2","Other/Unknown",0.7655,0.2345,"LOW"
98,"2","N2","Other/Unknown",0.7655,0.2345,"LOW"
99,"2","N2","Other/Unknown",0.7655,0.2345,"LOW"
0,"1","N3","Other/Unknown",0.8917,0.1083,"LOW"
1,"1","N3","Other/Unknown",0.8917,0.1083,"LOW"
2,"1","N3","Other/Unknown",0.8917,0.1083,"LOW"
3,"1","N3","Other/Unknown",0.8926,0.1074,"LOW"
4,"1","N3","Other/Unknown",0.8926,0.1074,"LOW"
5,"1","N3","Other/Unknown",0.8926,0.1074,"LOW"
6,"1","N3","Other/Unknown",0.8926,0.1074,"LOW"
7,"1","N3","Other/Unknown",0.8926,0.1074,"LOW"
8,"1","N3","Other/Unknown",0.8926,0.1074,"LOW"
9,"1","N3","Other/Unknown",0.8926,0.1074,"LOW"
10,"1","N3","Other/Unknown",0.8926,0.1074,"LOW"
11,"1","N3","Other/Unknown",0.8926,0.1074,"LOW"
12,"1","N3","Other/Unknown",0.8926,0.1074,"LOW"
13,"1","N3","Other/Unknown",0.8926,0.1074,"LOW"
14,"1","N3","Other/Unknown",0.8926,0.1074,"LOW"
15,"1","N3","Other/Unknown",0.8926,0.1074,"LOW"
16,"1","N3","Other/Unknown",0.8846,0.1154,"LOW"
17,"1","N3","Other/Unknown",0.902,0.098,"LOW"
18,"1","N3","Other/Unknown",0.876,0.124,"LOW"
19,"1","N3","Other/Unknown",0.867,0.133,"LOW"
20,"1","N3","Other/Unknown",0.8941,0.1059,"LOW"
21,"1","N3","Other/Unknown",0.8556,0.1444,"LOW"
22,"1","N3","Other/Unknown",0.9275,0.0725,"LOW"
23,"1","N3","Other/Unknown",0.933,0.067,"LOW"
24,"1","N3","Other/Unknown",0.933,0.067,"LOW"
25,"1","N3","Other/Unknown",0.9301,0.0699,"LOW"
26,"1","N3","Other/Unknown",0.7968,0.2032,"LOW"
27,"1","N3","Other/Unknown",0.8771,0.1229,"LOW"
28,"1","N3","Other/Unknown",0.8626,0.1374,"LOW"
29,"1","N3","Other/Unknown",0.7751,0.2249,"LOW"
30,"1","N3","Other/Unknown",0.7206,0.2794,"LOW"
31,"1","N3","Other/Unknown",0.8468,0.1532,"LOW"
32,"1","N3","Other/Unknown",0.8646,0.1354,"LOW"
33,"1","N3","Other/Unknown",0.8442,0.1558,"LOW"
34,"1","N3","Other/Unknown",0.8136,0.1864,"LOW"
35,"1","N3","Other/Unknown",0.7601,0.2399,"LOW"
36,"1","N3","Other/Unknown",0.7875,0.2125,"LOW"
37,"1","N3","Other/Unknown",0.6632,0.3368,"LOW"
38,"1","N3","Other/Unknown",0.6802,0.3198,"LOW"
39,"1","N3","Other/Unknown",0.7922,0.2078,"LOW"
40,"1","N3","Other/Unknown",0.7436,0.2564,"LOW"
41,"1","N3","Other/Unknown",0.7149,0.2851,"LOW"
42,"1","N3","Other/Unknown",0.7293,0.2707,"LOW"
43,"1","N3","Other/Unknown",0.6311,0.3689,"LOW"
44,"1","N3","Other/Unknown",0.6532,0.3468,"LOW"
45,"1","N3","Other/Unknown",0.6682,0.3318,"LOW"
46,"1","N3","Other/Unknown",0.6566,0.3434,"LOW"
47,"1","N3","Other/Unknown",0.6443,0.3557,"LOW"
48,"1","N3","Other/Unknown",0.5059,0.4941,"LOW"
49,"1","N3","Other/Unknown",0.5357,0.4643,"LOW"
50,"1","N3","Other/Unknown",0.5474,0.4526,"LOW"
51,"1","N3","Other/Unknown",0.5206,0.4794,"LOW"
52,"1","N3","Other/Unknown",0.5298,0.4702,"LOW"
53,"1","N3","Other/Unknown",0.6055,0.3945,"LOW"
54,"1","N3","Other/Unknown",0.6306,0.3694,"LOW"
55,"1","N3","Other/Unknown",0.618,0.382,"LOW"
56,"1","N3","Other/Unknown",0.6198,0.3802,"LOW"
57,"1","N3","Other/Unknown",0.6162,0.3838,"LOW"
58,"1","N3","Other/Unknown",0.6307,0.3693,"LOW"
59,"1","N3","Other/Unknown",0.6014,0.3986,"LOW"
60,"1","N3","Other/Unknown",0.6076,0.3924,"LOW"
61,"1","N3","Other/Unknown",0.6575,0.3425,"LOW"
62,"1","N3","Other/Unknown",0.6414,0.3586,"LOW"
63,"1","N3","Other/Unknown",0.6547,0.3453,"LOW"
64,"1","N3","Other/Unknown",0.6001,0.3999,"LOW"
65,"1","N3","Other/Unknown",0.6137,0.3863,"LOW"
66,"1","N3","Other/Unknown",0.5961,0.4039,"LOW"
67,"1","N3","Other/Unknown",0.6183,0.3817,"LOW"
68,"1","N3","Other/Unknown",0.6165,0.3835,"LOW"
69,"1","N3","Other/Unknown",0.6286,0.3714,"LOW"
70,"1","N3","Other/Unknown",0.6054,0.3946,"LOW"
71,"1","N3","Other/Unknown",0.5636,0.4364,"LOW"
72,"1","N3","Other/Unknown",0.5544,0.4456,"LOW"
73,"1","N3","Other/Unknown",0.635,0.365,"LOW"
74,"1","N3","Other/Unknown",0.6456,0.3544,"LOW"
75,"1","N3","Other/Unknown",0.6257,0.3743,"LOW"
76,"1","N3","Other/Unknown",0.6565,0.3435,"LOW"
77,"1","N3","Other/Unknown",0.6705,0.3295,"LOW"
78,"1","N3","Other/Unknown",0.6198,0.3802,"LOW"
79,"1","N3","Other/Unknown",0.6746,0.3254,"LOW"
80,"1","N3","Other/Unknown",0.5809,0.4191,"LOW"
81,"1","N3","Other/Unknown",0.5658,0.4342,"LOW"
82,"1","N3","Other/Unknown",0.4883,0.5117,"HIGH"
83,"1","N3","Other/Unknown",0.5484,0.4516,"LOW"
84,"1","N3","Other/Unknown",0.5657,0.4343,"LOW"
85,"1","N3","Other/Unknown",0.5078,0.4922,"LOW"
86,"1","N3","Other/Unknown",0.4746,0.5254,"HIGH"
87,"1","N3","Other/Unknown",0.5291,0.4709,"LOW"
88,"1","N3","Other/Unknown",0.5887,0.4113,"LOW"
89,"1","N3","Other/Unknown",0.4117,0.5883,"HIGH"
90,"1","N3","Other/Unknown",0.4542,0.5458,"HIGH"
91,"1","N3","Other/Unknown",0.4542,0.5458,"HIGH"
92,"1","N3","Other/Unknown",0.4542,0.5458,"HIGH"
93,"1","N3","Other/Unknown",0.4542,0.5458,"HIGH"
94,"1","N3","Other/Unknown",0.4542,0.5458,"HIGH"
95,"1","N3","Other/Unknown",0.4542,0.5458,"HIGH"
96,"1","N3","Other/Unknown",0.4542,0.5458,"HIGH"
97,"1","N3","Other/Unknown",0.4542,0.5458,"HIGH"
98,"1","N3","Other/Unknown",0.4542,0.5458,"HIGH"
99,"1","N3","Other/Unknown",0.4542,0.5458,"HIGH"
0,"2","N3","Other/Unknown",0.8629,0.1371,"LOW"
1,"2","N3","Other/Unknown",0.8629,0.1371,"LOW"
2,"2","N3","Other/Unknown",0.8629,0.1371,"LOW"
3,"2","N3","Other/Unknown",0.8631,0.1369,"LOW"
4,"2","N3","Other/Unknown",0.8631,0.1369,"LOW"
5,"2","N3","Other/Unknown",0.8631,0.1369,"LOW"
6,"2","N3","Other/Unknown",0.8631,0.1369,"LOW"
7,"2","N3","Other/Unknown",0.8631,0.1369,"LOW"
8,"2","N3","Other/Unknown",0.8631,0.1369,"LOW"
9,"2","N3","Other/Unknown",0.8631,0.1369,"LOW"
10,"2","N3","Other/Unknown",0.8631,0.1369,"LOW"
11,"2","N3","Other/Unknown",0.8631,0.1369,"LOW"
12,"2","N3","Other/Unknown",0.8631,0.1369,"LOW"
13,"2","N3","Other/Unknown",0.8631,0.1369,"LOW"
14,"2","N3","Other/Unknown",0.8631,0.1369,"LOW"
15,"2","N3","Other/Unknown",0.8625,0.1375,"LOW"
16,"2","N3","Other/Unknown",0.8545,0.1455,"LOW"
17,"2","N3","Other/Unknown",0.8742,0.1258,"LOW"
18,"2","N3","Other/Unknown",0.8542,0.1458,"LOW"
19,"2","N3","Other/Unknown",0.8853,0.1147,"LOW"
20,"2","N3","Other/Unknown",0.9044,0.0956,"LOW"
21,"2","N3","Other/Unknown",0.8974,0.1026,"LOW"
22,"2","N3","Other/Unknown",0.904,0.096,"LOW"
23,"2","N3","Other/Unknown",0.898,0.102,"LOW"
24,"2","N3","Other/Unknown",0.8945,0.1055,"LOW"
25,"2","N3","Other/Unknown",0.8285,0.1715,"LOW"
26,"2","N3","Other/Unknown",0.6399,0.3601,"LOW"
27,"2","N3","Other/Unknown",0.7517,0.2483,"LOW"
28,"2","N3","Other/Unknown",0.8172,0.1828,"LOW"
29,"2","N3","Other/Unknown",0.8802,0.1198,"LOW"
30,"2","N3","Other/Unknown",0.838,0.162,"LOW"
31,"2","N3","Other/Unknown",0.8534,0.1466,"LOW"
32,"2","N3","Other/Unknown",0.827,0.173,"LOW"
33,"2","N3","Other/Unknown",0.8652,0.1348,"LOW"
34,"2","N3","Other/Unknown",0.8288,0.1712,"LOW"
35,"2","N3","Other/Unknown",0.8816,0.1184,"LOW"
36,"2","N3","Other/Unknown",0.8782,0.1218,"LOW"
37,"2","N3","Other/Unknown",0.5613,0.4387,"LOW"
38,"2","N3","Other/Unknown",0.5952,0.4048,"LOW"
39,"2","N3","Other/Unknown",0.6692,0.3308,"LOW"
40,"2","N3","Other/Unknown",0.7576,0.2424,"LOW"
41,"2","N3","Other/Unknown",0.7009,0.2991,"LOW"
42,"2","N3","Other/Unknown",0.7151,0.2849,"LOW"
43,"2","N3","Other/Unknown",0.6656,0.3344,"LOW"
44,"2","N3","Other/Unknown",0.6631,0.3369,"LOW"
45,"2","N3","Other/Unknown",0.6531,0.3469,"LOW"
46,"2","N3","Other/Unknown",0.6801,0.3199,"LOW"
47,"2","N3","Other/Unknown",0.6815,0.3185,"LOW"
48,"2","N3","Other/Unknown",0.6313,0.3687,"LOW"
49,"2","N3","Other/Unknown",0.687,0.313,"LOW"
50,"2","N3","Other/Unknown",0.6834,0.3166,"LOW"
51,"2","N3","Other/Unknown",0.5915,0.4085,"LOW"
52,"2","N3","Other/Unknown",0.6185,0.3815,"LOW"
53,"2","N3","Other/Unknown",0.559,0.441,"LOW"
54,"2","N3","Other/Unknown",0.6592,0.3408,"LOW"
55,"2","N3","Other/Unknown",0.5961,0.4039,"LOW"
56,"2","N3","Other/Unknown",0.6341,0.3659,"LOW"
57,"2","N3","Other/Unknown",0.6649,0.3351,"LOW"
58,"2","N3","Other/Unknown",0.6288,0.3712,"LOW"
59,"2","N3","Other/Unknown",0.6469,0.3531,"LOW"
60,"2","N3","Other/Unknown",0.6431,0.3569,"LOW"
61,"2","N3","Other/Unknown",0.5784,0.4216,"LOW"
62,"2","N3","Other/Unknown",0.726,0.274,"LOW"
63,"2","N3","Other/Unknown",0.7437,0.2563,"LOW"
64,"2","N3","Other/Unknown",0.7325,0.2675,"LOW"
65,"2","N3","Other/Unknown",0.7546,0.2454,"LOW"
66,"2","N3","Other/Unknown",0.7033,0.2967,"LOW"
67,"2","N3","Other/Unknown",0.7283,0.2717,"LOW"
68,"2","N3","Other/Unknown",0.67,0.33,"LOW"
69,"2","N3","Other/Unknown",0.5793,0.4207,"LOW"
70,"2","N3","Other/Unknown",0.5717,0.4283,"LOW"
71,"2","N3","Other/Unknown",0.5461,0.4539,"LOW"
72,"2","N3","Other/Unknown",0.5099,0.4901,"LOW"
73,"2","N3","Other/Unknown",0.5999,0.4001,"LOW"
74,"2","N3","Other/Unknown",0.6006,0.3994,"LOW"
75,"2","N3","Other/Unknown",0.5807,0.4193,"LOW"
76,"2","N3","Other/Unknown",0.5351,0.4649,"LOW"
77,"2","N3","Other/Unknown",0.54,0.46,"LOW"
78,"2","N3","Other/Unknown",0.551,0.449,"LOW"
79,"2","N3","Other/Unknown",0.6919,0.3081,"LOW"
80,"2","N3","Other/Unknown",0.6092,0.3908,"LOW"
81,"2","N3","Other/Unknown",0.6141,0.3859,"LOW"
82,"2","N3","Other/Unknown",0.6293,0.3707,"LOW"
83,"2","N3","Other/Unknown",0.6929,0.3071,"LOW"
84,"2","N3","Other/Unknown",0.6739,0.3261,"LOW"
85,"2","N3","Other/Unknown",0.7771,0.2229,"LOW"
86,"2","N3","Other/Unknown",0.7489,0.2511,"LOW"
87,"2","N3","Other/Unknown",0.7643,0.2357,"LOW"
88,"2","N3","Other/Unknown",0.6996,0.3004,"LOW"
89,"2","N3","Other/Unknown",0.618,0.382,"LOW"
90,"2","N3","Other/Unknown",0.47,0.53,"HIGH"
91,"2","N3","Other/Unknown",0.47,0.53,"HIGH"
92,"2","N3","Other/Unknown",0.47,0.53,"HIGH"
93,"2","N3","Other/Unknown",0.47,0.53,"HIGH"
94,"2","N3","Other/Unknown",0.47,0.53,"HIGH"
95,"2","N3","Other/Unknown",0.47,0.53,"HIGH"
96,"2","N3","Other/Unknown",0.47,0.53,"HIGH"
97,"2","N3","Other/Unknown",0.47,0.53,"HIGH"
98,"2","N3","Other/Unknown",0.47,0.53,"HIGH"
99,"2","N3","Other/Unknown",0.47,0.53,"HIGH"
0,"1","Other/Unknown","Other/Unknown",0.8554,0.1446,"LOW"
1,"1","Other/Unknown","Other/Unknown",0.8554,0.1446,"LOW"
2,"1","Other/Unknown","Other/Unknown",0.8571,0.1429,"LOW"
3,"1","Other/Unknown","Other/Unknown",0.8571,0.1429,"LOW"
4,"1","Other/Unknown","Other/Unknown",0.8575,0.1425,"LOW"
5,"1","Other/Unknown","Other/Unknown",0.8394,0.1606,"LOW"
6,"1","Other/Unknown","Other/Unknown",0.8174,0.1826,"LOW"
7,"1","Other/Unknown","Other/Unknown",0.8197,0.1803,"LOW"
8,"1","Other/Unknown","Other/Unknown",0.8645,0.1355,"LOW"
9,"1","Other/Unknown","Other/Unknown",0.8645,0.1355,"LOW"
10,"1","Other/Unknown","Other/Unknown",0.8645,0.1355,"LOW"
11,"1","Other/Unknown","Other/Unknown",0.8645,0.1355,"LOW"
12,"1","Other/Unknown","Other/Unknown",0.8645,0.1355,"LOW"
13,"1","Other/Unknown","Other/Unknown",0.8645,0.1355,"LOW"
14,"1","Other/Unknown","Other/Unknown",0.8645,0.1355,"LOW"
15,"1","Other/Unknown","Other/Unknown",0.8645,0.1355,"LOW"
16,"1","Other/Unknown","Other/Unknown",0.8508,0.1492,"LOW"
17,"1","Other/Unknown","Other/Unknown",0.8523,0.1477,"LOW"
18,"1","Other/Unknown","Other/Unknown",0.8561,0.1439,"LOW"
19,"1","Other/Unknown","Other/Unknown",0.8483,0.1517,"LOW"
20,"1","Other/Unknown","Other/Unknown",0.8552,0.1448,"LOW"
21,"1","Other/Unknown","Other/Unknown",0.8495,0.1505,"LOW"
22,"1","Other/Unknown","Other/Unknown",0.8523,0.1477,"LOW"
23,"1","Other/Unknown","Other/Unknown",0.8529,0.1471,"LOW"
24,"1","Other/Unknown","Other/Unknown",0.843,0.157,"LOW"
25,"1","Other/Unknown","Other/Unknown",0.8441,0.1559,"LOW"
26,"1","Other/Unknown","Other/Unknown",0.8181,0.1819,"LOW"
27,"1","Other/Unknown","Other/Unknown",0.8254,0.1746,"LOW"
28,"1","Other/Unknown","Other/Unknown",0.8337,0.1663,"LOW"
29,"1","Other/Unknown","Other/Unknown",0.835,0.165,"LOW"
30,"1","Other/Unknown","Other/Unknown",0.8337,0.1663,"LOW"
31,"1","Other/Unknown","Other/Unknown",0.8312,0.1688,"LOW"
32,"1","Other/Unknown","Other/Unknown",0.829,0.171,"LOW"
33,"1","Other/Unknown","Other/Unknown",0.8339,0.1661,"LOW"
34,"1","Other/Unknown","Other/Unknown",0.8333,0.1667,"LOW"
35,"1","Other/Unknown","Other/Unknown",0.8325,0.1675,"LOW"
36,"1","Other/Unknown","Other/Unknown",0.8285,0.1715,"LOW"
37,"1","Other/Unknown","Other/Unknown",0.8263,0.1737,"LOW"
38,"1","Other/Unknown","Other/Unknown",0.8269,0.1731,"LOW"
39,"1","Other/Unknown","Other/Unknown",0.8297,0.1703,"LOW"
40,"1","Other/Unknown","Other/Unknown",0.8298,0.1702,"LOW"
41,"1","Other/Unknown","Other/Unknown",0.8314,0.1686,"LOW"
42,"1","Other/Unknown","Other/Unknown",0.8313,0.1687,"LOW"
43,"1","Other/Unknown","Other/Unknown",0.8312,0.1688,"LOW"
44,"1","Other/Unknown","Other/Unknown",0.8314,0.1686,"LOW"
45,"1","Other/Unknown","Other/Unknown",0.8301,0.1699,"LOW"
46,"1","Other/Unknown","Other/Unknown",0.8301,0.1699,"LOW"
47,"1","Other/Unknown","Other/Unknown",0.8292,0.1708,"LOW"
48,"1","Other/Unknown","Other/Unknown",0.8294,0.1706,"LOW"
49,"1","Other/Unknown","Other/Unknown",0.8275,0.1725,"LOW"
50,"1","Other/Unknown","Other/Unknown",0.8278,0.1722,"LOW"
51,"1","Other/Unknown","Other/Unknown",0.8283,0.1717,"LOW"
52,"1","Other/Unknown","Other/Unknown",0.8302,0.1698,"LOW"
53,"1","Other/Unknown","Other/Unknown",0.8293,0.1707,"LOW"
54,"1","Other/Unknown","Other/Unknown",0.8251,0.1749,"LOW"
55,"1","Other/Unknown","Other/Unknown",0.8257,0.1743,"LOW"
56,"1","Other/Unknown","Other/Unknown",0.82,0.18,"LOW"
57,"1","Other/Unknown","Other/Unknown",0.8168,0.1832,"LOW"
58,"1","Other/Unknown","Other/Unknown",0.8155,0.1845,"LOW"
59,"1","Other/Unknown","Other/Unknown",0.8153,0.1847,"LOW"
60,"1","Other/Unknown","Other/Unknown",0.8165,0.1835,"LOW"
61,"1","Other/Unknown","Other/Unknown",0.8162,0.1838,"LOW"
62,"1","Other/Unknown","Other/Unknown",0.817,0.183,"LOW"
63,"1","Other/Unknown","Other/Unknown",0.8162,0.1838,"LOW"
64,"1","Other/Unknown","Other/Unknown",0.8195,0.1805,"LOW"
65,"1","Other/Unknown","Other/Unknown",0.8202,0.1798,"LOW"
66,"1","Other/Unknown","Other/Unknown",0.8198,0.1802,"LOW"
67,"1","Other/Unknown","Other/Unknown",0.8216,0.1784,"LOW"
68,"1","Other/Unknown","Other/Unknown",0.819,0.181,"LOW"
69,"1","Other/Unknown","Other/Unknown",0.8205,0.1795,"LOW"
70,"1","Other/Unknown","Other/Unknown",0.8139,0.1861,"LOW"
71,"1","Other/Unknown","Other/Unknown",0.8166,0.1834,"LOW"
72,"1","Other/Unknown","Other/Unknown",0.8162,0.1838,"LOW"
73,"1","Other/Unknown","Other/Unknown",0.8137,0.1863,"LOW"
74,"1","Other/Unknown","Other/Unknown",0.8077,0.1923,"LOW"
75,"1","Other/Unknown","Other/Unknown",0.8072,0.1928,"LOW"
76,"1","Other/Unknown","Other/Unknown",0.8087,0.1913,"LOW"
77,"1","Other/Unknown","Other/Unknown",0.8078,0.1922,"LOW"
78,"1","Other/Unknown","Other/Unknown",0.8092,0.1908,"LOW"
79,"1","Other/Unknown","Other/Unknown",0.8104,0.1896,"LOW"
80,"1","Other/Unknown","Other/Unknown",0.8089,0.1911,"LOW"
81,"1","Other/Unknown","Other/Unknown",0.8096,0.1904,"LOW"
82,"1","Other/Unknown","Other/Unknown",0.81,0.19,"LOW"
83,"1","Other/Unknown","Other/Unknown",0.8068,0.1932,"LOW"
84,"1","Other/Unknown","Other/Unknown",0.8073,0.1927,"LOW"
85,"1","Other/Unknown","Other/Unknown",0.8069,0.1931,"LOW"
86,"1","Other/Unknown","Other/Unknown",0.8056,0.1944,"LOW"
87,"1","Other/Unknown","Other/Unknown",0.8055,0.1945,"LOW"
88,"1","Other/Unknown","Other/Unknown",0.8057,0.1943,"LOW"
89,"1","Other/Unknown","Other/Unknown",0.8041,0.1959,"LOW"
90,"1","Other/Unknown","Other/Unknown",0.8088,0.1912,"LOW"
91,"1","Other/Unknown","Other/Unknown",0.8088,0.1912,"LOW"
92,"1","Other/Unknown","Other/Unknown",0.8088,0.1912,"LOW"
93,"1","Other/Unknown","Other/Unknown",0.8088,0.1912,"LOW"
94,"1","Other/Unknown","Other/Unknown",0.8088,0.1912,"LOW"
95,"1","Other/Unknown","Other/Unknown",0.8088,0.1912,"LOW"
96,"1","Other/Unknown","Other/Unknown",0.8088,0.1912,"LOW"
97,"1","Other/Unknown","Other/Unknown",0.8088,0.1912,"LOW"
98,"1","Other/Unknown","Other/Unknown",0.8088,0.1912,"LOW"
99,"1","Other/Unknown","Other/Unknown",0.8088,0.1912,"LOW"
0,"2","Other/Unknown","Other/Unknown",0.8979,0.1021,"LOW"
1,"2","Other/Unknown","Other/Unknown",0.8979,0.1021,"LOW"
2,"2","Other/Unknown","Other/Unknown",0.8879,0.1121,"LOW"
3,"2","Other/Unknown","Other/Unknown",0.8359,0.1641,"LOW"
4,"2","Other/Unknown","Other/Unknown",0.8883,0.1117,"LOW"
5,"2","Other/Unknown","Other/Unknown",0.9131,0.0869,"LOW"
6,"2","Other/Unknown","Other/Unknown",0.9111,0.0889,"LOW"
7,"2","Other/Unknown","Other/Unknown",0.913,0.087,"LOW"
8,"2","Other/Unknown","Other/Unknown",0.913,0.087,"LOW"
9,"2","Other/Unknown","Other/Unknown",0.913,0.087,"LOW"
10,"2","Other/Unknown","Other/Unknown",0.913,0.087,"LOW"
11,"2","Other/Unknown","Other/Unknown",0.913,0.087,"LOW"
12,"2","Other/Unknown","Other/Unknown",0.913,0.087,"LOW"
13,"2","Other/Unknown","Other/Unknown",0.913,0.087,"LOW"
14,"2","Other/Unknown","Other/Unknown",0.913,0.087,"LOW"
15,"2","Other/Unknown","Other/Unknown",0.9124,0.0876,"LOW"
16,"2","Other/Unknown","Other/Unknown",0.8955,0.1045,"LOW"
17,"2","Other/Unknown","Other/Unknown",0.9051,0.0949,"LOW"
18,"2","Other/Unknown","Other/Unknown",0.915,0.085,"LOW"
19,"2","Other/Unknown","Other/Unknown",0.915,0.085,"LOW"
20,"2","Other/Unknown","Other/Unknown",0.9119,0.0881,"LOW"
21,"2","Other/Unknown","Other/Unknown",0.9159,0.0841,"LOW"
22,"2","Other/Unknown","Other/Unknown",0.916,0.084,"LOW"
23,"2","Other/Unknown","Other/Unknown",0.9076,0.0924,"LOW"
24,"2","Other/Unknown","Other/Unknown",0.9103,0.0897,"LOW"
25,"2","Other/Unknown","Other/Unknown",0.9112,0.0888,"LOW"
26,"2","Other/Unknown","Other/Unknown",0.9101,0.0899,"LOW"
27,"2","Other/Unknown","Other/Unknown",0.9129,0.0871,"LOW"
28,"2","Other/Unknown","Other/Unknown",0.9117,0.0883,"LOW"
29,"2","Other/Unknown","Other/Unknown",0.9113,0.0887,"LOW"
30,"2","Other/Unknown","Other/Unknown",0.9034,0.0966,"LOW"
31,"2","Other/Unknown","Other/Unknown",0.9063,0.0937,"LOW"
32,"2","Other/Unknown","Other/Unknown",0.9025,0.0975,"LOW"
33,"2","Other/Unknown","Other/Unknown",0.8982,0.1018,"LOW"
34,"2","Other/Unknown","Other/Unknown",0.8948,0.1052,"LOW"
35,"2","Other/Unknown","Other/Unknown",0.8857,0.1143,"LOW"
36,"2","Other/Unknown","Other/Unknown",0.8911,0.1089,"LOW"
37,"2","Other/Unknown","Other/Unknown",0.8917,0.1083,"LOW"
38,"2","Other/Unknown","Other/Unknown",0.8898,0.1102,"LOW"
39,"2","Other/Unknown","Other/Unknown",0.8874,0.1126,"LOW"
40,"2","Other/Unknown","Other/Unknown",0.8892,0.1108,"LOW"
41,"2","Other/Unknown","Other/Unknown",0.8879,0.1121,"LOW"
42,"2","Other/Unknown","Other/Unknown",0.8923,0.1077,"LOW"
43,"2","Other/Unknown","Other/Unknown",0.8883,0.1117,"LOW"
44,"2","Other/Unknown","Other/Unknown",0.8889,0.1111,"LOW"
45,"2","Other/Unknown","Other/Unknown",0.8861,0.1139,"LOW"
46,"2","Other/Unknown","Other/Unknown",0.8908,0.1092,"LOW"
47,"2","Other/Unknown","Other/Unknown",0.8898,0.1102,"LOW"
48,"2","Other/Unknown","Other/Unknown",0.8904,0.1096,"LOW"
49,"2","Other/Unknown","Other/Unknown",0.888,0.112,"LOW"
50,"2","Other/Unknown","Other/Unknown",0.8886,0.1114,"LOW"
51,"2","Other/Unknown","Other/Unknown",0.8885,0.1115,"LOW"
52,"2","Other/Unknown","Other/Unknown",0.8863,0.1137,"LOW"
53,"2","Other/Unknown","Other/Unknown",0.8865,0.1135,"LOW"
54,"2","Other/Unknown","Other/Unknown",0.8849,0.1151,"LOW"
55,"2","Other/Unknown","Other/Unknown",0.8857,0.1143,"LOW"
56,"2","Other/Unknown","Other/Unknown",0.8818,0.1182,"LOW"
57,"2","Other/Unknown","Other/Unknown",0.8695,0.1305,"LOW"
58,"2","Other/Unknown","Other/Unknown",0.8715,0.1285,"LOW"
59,"2","Other/Unknown","Other/Unknown",0.8629,0.1371,"LOW"
60,"2","Other/Unknown","Other/Unknown",0.8592,0.1408,"LOW"
61,"2","Other/Unknown","Other/Unknown",0.8572,0.1428,"LOW"
62,"2","Other/Unknown","Other/Unknown",0.8571,0.1429,"LOW"
63,"2","Other/Unknown","Other/Unknown",0.8535,0.1465,"LOW"
64,"2","Other/Unknown","Other/Unknown",0.8563,0.1437,"LOW"
65,"2","Other/Unknown","Other/Unknown",0.8553,0.1447,"LOW"
66,"2","Other/Unknown","Other/Unknown",0.8601,0.1399,"LOW"
67,"2","Other/Unknown","Other/Unknown",0.8607,0.1393,"LOW"
68,"2","Other/Unknown","Other/Unknown",0.8584,0.1416,"LOW"
69,"2","Other/Unknown","Other/Unknown",0.8567,0.1433,"LOW"
70,"2","Other/Unknown","Other/Unknown",0.858,0.142,"LOW"
71,"2","Other/Unknown","Other/Unknown",0.8448,0.1552,"LOW"
72,"2","Other/Unknown","Other/Unknown",0.8446,0.1554,"LOW"
73,"2","Other/Unknown","Other/Unknown",0.8386,0.1614,"LOW"
74,"2","Other/Unknown","Other/Unknown",0.8407,0.1593,"LOW"
75,"2","Other/Unknown","Other/Unknown",0.8395,0.1605,"LOW"
76,"2","Other/Unknown","Other/Unknown",0.8436,0.1564,"LOW"
77,"2","Other/Unknown","Other/Unknown",0.8431,0.1569,"LOW"
78,"2","Other/Unknown","Other/Unknown",0.8439,0.1561,"LOW"
79,"2","Other/Unknown","Other/Unknown",0.8442,0.1558,"LOW"
80,"2","Other/Unknown","Other/Unknown",0.845,0.155,"LOW"
81,"2","Other/Unknown","Other/Unknown",0.8468,0.1532,"LOW"
82,"2","Other/Unknown","Other/Unknown",0.846,0.154,"LOW"
83,"2","Other/Unknown","Other/Unknown",0.8424,0.1576,"LOW"
84,"2","Other/Unknown","Other/Unknown",0.8412,0.1588,"LOW"
85,"2","Other/Unknown","Other/Unknown",0.8429,0.1571,"LOW"
86,"2","Other/Unknown","Other/Unknown",0.8442,0.1558,"LOW"
87,"2","Other/Unknown","Other/Unknown",0.8426,0.1574,"LOW"
88,"2","Other/Unknown","Other/Unknown",0.8408,0.1592,"LOW"
89,"2","Other/Unknown","Other/Unknown",0.8431,0.1569,"LOW"
90,"2","Other/Unknown","Other/Unknown",0.8423,0.1577,"LOW"
91,"2","Other/Unknown","Other/Unknown",0.8423,0.1577,"LOW"
92,"2","Other/Unknown","Other/Unknown",0.8423,0.1577,"LOW"
93,"2","Other/Unknown","Other/Unknown",0.8423,0.1577,"LOW"
94,"2","Other/Unknown","Other/Unknown",0.8423,0.1577,"LOW"
95,"2","Other/Unknown","Other/Unknown",0.8423,0.1577,"LOW"
96,"2","Other/Unknown","Other/Unknown",0.8423,0.1577,"LOW"
97,"2","Other/Unknown","Other/Unknown",0.8423,0.1577,"LOW"
98,"2","Other/Unknown","Other/Unknown",0.8423,0.1577,"LOW"
99,"2","Other/Unknown","Other/Unknown",0.8423,0.1577,"LOW"
0,"1","N0","T1",0.998,0.002,"LOW"
1,"1","N0","T1",0.998,0.002,"LOW"
2,"1","N0","T1",0.998,0.002,"LOW"
3,"1","N0","T1",0.998,0.002,"LOW"
4,"1","N0","T1",0.998,0.002,"LOW"
5,"1","N0","T1",0.998,0.002,"LOW"
6,"1","N0","T1",0.998,0.002,"LOW"
7,"1","N0","T1",0.998,0.002,"LOW"
8,"1","N0","T1",0.998,0.002,"LOW"
9,"1","N0","T1",0.998,0.002,"LOW"
10,"1","N0","T1",0.998,0.002,"LOW"
11,"1","N0","T1",0.998,0.002,"LOW"
12,"1","N0","T1",0.998,0.002,"LOW"
13,"1","N0","T1",0.998,0.002,"LOW"
14,"1","N0","T1",0.998,0.002,"LOW"
15,"1","N0","T1",0.998,0.002,"LOW"
16,"1","N0","T1",0.998,0.002,"LOW"
17,"1","N0","T1",0.998,0.002,"LOW"
18,"1","N0","T1",0.998,0.002,"LOW"
19,"1","N0","T1",0.998,0.002,"LOW"
20,"1","N0","T1",0.998,0.002,"LOW"
21,"1","N0","T1",0.998,0.002,"LOW"
22,"1","N0","T1",0.998,0.002,"LOW"
23,"1","N0","T1",0.998,0.002,"LOW"
24,"1","N0","T1",0.998,0.002,"LOW"
25,"1","N0","T1",0.998,0.002,"LOW"
26,"1","N0","T1",0.998,0.002,"LOW"
27,"1","N0","T1",0.9979,0.0021,"LOW"
28,"1","N0","T1",0.9979,0.0021,"LOW"
29,"1","N0","T1",0.9971,0.0029,"LOW"
30,"1","N0","T1",0.997,0.003,"LOW"
31,"1","N0","T1",0.9966,0.0034,"LOW"
32,"1","N0","T1",0.9975,0.0025,"LOW"
33,"1","N0","T1",0.9975,0.0025,"LOW"
34,"1","N0","T1",0.9968,0.0032,"LOW"
35,"1","N0","T1",0.9973,0.0027,"LOW"
36,"1","N0","T1",0.9976,0.0024,"LOW"
37,"1","N0","T1",0.9977,0.0023,"LOW"
38,"1","N0","T1",0.9974,0.0026,"LOW"
39,"1","N0","T1",0.9966,0.0034,"LOW"
40,"1","N0","T1",0.9975,0.0025,"LOW"
41,"1","N0","T1",0.9981,0.0019,"LOW"
42,"1","N0","T1",0.9981,0.0019,"LOW"
43,"1","N0","T1",0.998,0.002,"LOW"
44,"1","N0","T1",0.9981,0.0019,"LOW"
45,"1","N0","T1",0.9978,0.0022,"LOW"
46,"1","N0","T1",0.9981,0.0019,"LOW"
47,"1","N0","T1",0.9981,0.0019,"LOW"
48,"1","N0","T1",0.9981,0.0019,"LOW"
49,"1","N0","T1",0.9979,0.0021,"LOW"
50,"1","N0","T1",0.998,0.002,"LOW"
51,"1","N0","T1",0.9975,0.0025,"LOW"
52,"1","N0","T1",0.9979,0.0021,"LOW"
53,"1","N0","T1",0.9976,0.0024,"LOW"
54,"1","N0","T1",0.9978,0.0022,"LOW"
55,"1","N0","T1",0.9978,0.0022,"LOW"
56,"1","N0","T1",0.9976,0.0024,"LOW"
57,"1","N0","T1",0.998,0.002,"LOW"
58,"1","N0","T1",0.998,0.002,"LOW"
59,"1","N0","T1",0.9975,0.0025,"LOW"
60,"1","N0","T1",0.9973,0.0027,"LOW"
61,"1","N0","T1",0.9974,0.0026,"LOW"
62,"1","N0","T1",0.9973,0.0027,"LOW"
63,"1","N0","T1",0.9974,0.0026,"LOW"
64,"1","N0","T1",0.9975,0.0025,"LOW"
65,"1","N0","T1",0.9974,0.0026,"LOW"
66,"1","N0","T1",0.9975,0.0025,"LOW"
67,"1","N0","T1",0.9974,0.0026,"LOW"
68,"1","N0","T1",0.9975,0.0025,"LOW"
69,"1","N0","T1",0.9975,0.0025,"LOW"
70,"1","N0","T1",0.9976,0.0024,"LOW"
71,"1","N0","T1",0.9972,0.0028,"LOW"
72,"1","N0","T1",0.9973,0.0027,"LOW"
73,"1","N0","T1",0.9968,0.0032,"LOW"
74,"1","N0","T1",0.9973,0.0027,"LOW"
75,"1","N0","T1",0.9973,0.0027,"LOW"
76,"1","N0","T1",0.9971,0.0029,"LOW"
77,"1","N0","T1",0.9964,0.0036,"LOW"
78,"1","N0","T1",0.9973,0.0027,"LOW"
79,"1","N0","T1",0.9973,0.0027,"LOW"
80,"1","N0","T1",0.9972,0.0028,"LOW"
81,"1","N0","T1",0.9967,0.0033,"LOW"
82,"1","N0","T1",0.9968,0.0032,"LOW"
83,"1","N0","T1",0.997,0.003,"LOW"
84,"1","N0","T1",0.9969,0.0031,"LOW"
85,"1","N0","T1",0.9969,0.0031,"LOW"
86,"1","N0","T1",0.9971,0.0029,"LOW"
87,"1","N0","T1",0.997,0.003,"LOW"
88,"1","N0","T1",0.9962,0.0038,"LOW"
89,"1","N0","T1",0.9966,0.0034,"LOW"
90,"1","N0","T1",0.9967,0.0033,"LOW"
91,"1","N0","T1",0.9967,0.0033,"LOW"
92,"1","N0","T1",0.9967,0.0033,"LOW"
93,"1","N0","T1",0.9967,0.0033,"LOW"
94,"1","N0","T1",0.9967,0.0033,"LOW"
95,"1","N0","T1",0.9967,0.0033,"LOW"
96,"1","N0","T1",0.9967,0.0033,"LOW"
97,"1","N0","T1",0.9967,0.0033,"LOW"
98,"1","N0","T1",0.9967,0.0033,"LOW"
99,"1","N0","T1",0.9967,0.0033,"LOW"
0,"2","N0","T1",0.9988,0.0012,"LOW"
1,"2","N0","T1",0.9988,0.0012,"LOW"
2,"2","N0","T1",0.9988,0.0012,"LOW"
3,"2","N0","T1",0.9988,0.0012,"LOW"
4,"2","N0","T1",0.9988,0.0012,"LOW"
5,"2","N0","T1",0.9988,0.0012,"LOW"
6,"2","N0","T1",0.9988,0.0012,"LOW"
7,"2","N0","T1",0.9988,0.0012,"LOW"
8,"2","N0","T1",0.9988,0.0012,"LOW"
9,"2","N0","T1",0.9988,0.0012,"LOW"
10,"2","N0","T1",0.9988,0.0012,"LOW"
11,"2","N0","T1",0.9978,0.0022,"LOW"
12,"2","N0","T1",0.9988,0.0012,"LOW"
13,"2","N0","T1",0.9988,0.0012,"LOW"
14,"2","N0","T1",0.9988,0.0012,"LOW"
15,"2","N0","T1",0.9988,0.0012,"LOW"
16,"2","N0","T1",0.9988,0.0012,"LOW"
17,"2","N0","T1",0.9988,0.0012,"LOW"
18,"2","N0","T1",0.9988,0.0012,"LOW"
19,"2","N0","T1",0.9988,0.0012,"LOW"
20,"2","N0","T1",0.9988,0.0012,"LOW"
21,"2","N0","T1",0.9988,0.0012,"LOW"
22,"2","N0","T1",0.9988,0.0012,"LOW"
23,"2","N0","T1",0.9988,0.0012,"LOW"
24,"2","N0","T1",0.9988,0.0012,"LOW"
25,"2","N0","T1",0.9988,0.0012,"LOW"
26,"2","N0","T1",0.9988,0.0012,"LOW"
27,"2","N0","T1",0.9986,0.0014,"LOW"
28,"2","N0","T1",0.9988,0.0012,"LOW"
29,"2","N0","T1",0.9988,0.0012,"LOW"
30,"2","N0","T1",0.9987,0.0013,"LOW"
31,"2","N0","T1",0.9986,0.0014,"LOW"
32,"2","N0","T1",0.9987,0.0013,"LOW"
33,"2","N0","T1",0.9987,0.0013,"LOW"
34,"2","N0","T1",0.9987,0.0013,"LOW"
35,"2","N0","T1",0.9985,0.0015,"LOW"
36,"2","N0","T1",0.9985,0.0015,"LOW"
37,"2","N0","T1",0.9986,0.0014,"LOW"
38,"2","N0","T1",0.9985,0.0015,"LOW"
39,"2","N0","T1",0.9986,0.0014,"LOW"
40,"2","N0","T1",0.9986,0.0014,"LOW"
41,"2","N0","T1",0.9987,0.0013,"LOW"
42,"2","N0","T1",0.9987,0.0013,"LOW"
43,"2","N0","T1",0.9986,0.0014,"LOW"
44,"2","N0","T1",0.9987,0.0013,"LOW"
45,"2","N0","T1",0.9985,0.0015,"LOW"
46,"2","N0","T1",0.9987,0.0013,"LOW"
47,"2","N0","T1",0.9986,0.0014,"LOW"
48,"2","N0","T1",0.9986,0.0014,"LOW"
49,"2","N0","T1",0.9987,0.0013,"LOW"
50,"2","N0","T1",0.9986,0.0014,"LOW"
51,"2","N0","T1",0.9987,0.0013,"LOW"
52,"2","N0","T1",0.9987,0.0013,"LOW"
53,"2","N0","T1",0.9977,0.0023,"LOW"
54,"2","N0","T1",0.9985,0.0015,"LOW"
55,"2","N0","T1",0.9984,0.0016,"LOW"
56,"2","N0","T1",0.9982,0.0018,"LOW"
57,"2","N0","T1",0.9987,0.0013,"LOW"
58,"2","N0","T1",0.9987,0.0013,"LOW"
59,"2","N0","T1",0.9986,0.0014,"LOW"
60,"2","N0","T1",0.9983,0.0017,"LOW"
61,"2","N0","T1",0.998,0.002,"LOW"
62,"2","N0","T1",0.9983,0.0017,"LOW"
63,"2","N0","T1",0.9983,0.0017,"LOW"
64,"2","N0","T1",0.9983,0.0017,"LOW"
65,"2","N0","T1",0.9972,0.0028,"LOW"
66,"2","N0","T1",0.9977,0.0023,"LOW"
67,"2","N0","T1",0.9975,0.0025,"LOW"
68,"2","N0","T1",0.9977,0.0023,"LOW"
69,"2","N0","T1",0.9974,0.0026,"LOW"
70,"2","N0","T1",0.9976,0.0024,"LOW"
71,"2","N0","T1",0.9971,0.0029,"LOW"
72,"2","N0","T1",0.9962,0.0038,"LOW"
73,"2","N0","T1",0.9968,0.0032,"LOW"
74,"2","N0","T1",0.9968,0.0032,"LOW"
75,"2","N0","T1",0.9971,0.0029,"LOW"
76,"2","N0","T1",0.9972,0.0028,"LOW"
77,"2","N0","T1",0.9969,0.0031,"LOW"
78,"2","N0","T1",0.9968,0.0032,"LOW"
79,"2","N0","T1",0.9974,0.0026,"LOW"
80,"2","N0","T1",0.9973,0.0027,"LOW"
81,"2","N0","T1",0.997,0.003,"LOW"
82,"2","N0","T1",0.9976,0.0024,"LOW"
83,"2","N0","T1",0.9974,0.0026,"LOW"
84,"2","N0","T1",0.9974,0.0026,"LOW"
85,"2","N0","T1",0.9978,0.0022,"LOW"
86,"2","N0","T1",0.9978,0.0022,"LOW"
87,"2","N0","T1",0.9978,0.0022,"LOW"
88,"2","N0","T1",0.9977,0.0023,"LOW"
89,"2","N0","T1",0.9964,0.0036,"LOW"
90,"2","N0","T1",0.9965,0.0035,"LOW"
91,"2","N0","T1",0.9965,0.0035,"LOW"
92,"2","N0","T1",0.9965,0.0035,"LOW"
93,"2","N0","T1",0.9965,0.0035,"LOW"
94,"2","N0","T1",0.9965,0.0035,"LOW"
95,"2","N0","T1",0.9965,0.0035,"LOW"
96,"2","N0","T1",0.9965,0.0035,"LOW"
97,"2","N0","T1",0.9965,0.0035,"LOW"
98,"2","N0","T1",0.9965,0.0035,"LOW"
99,"2","N0","T1",0.9965,0.0035,"LOW"
0,"1","N1","T1",0.9336,0.0664,"LOW"
1,"1","N1","T1",0.9336,0.0664,"LOW"
2,"1","N1","T1",0.9336,0.0664,"LOW"
3,"1","N1","T1",0.9336,0.0664,"LOW"
4,"1","N1","T1",0.9336,0.0664,"LOW"
5,"1","N1","T1",0.9336,0.0664,"LOW"
6,"1","N1","T1",0.9336,0.0664,"LOW"
7,"1","N1","T1",0.9336,0.0664,"LOW"
8,"1","N1","T1",0.9336,0.0664,"LOW"
9,"1","N1","T1",0.9336,0.0664,"LOW"
10,"1","N1","T1",0.9336,0.0664,"LOW"
11,"1","N1","T1",0.9336,0.0664,"LOW"
12,"1","N1","T1",0.9336,0.0664,"LOW"
13,"1","N1","T1",0.9336,0.0664,"LOW"
14,"1","N1","T1",0.9336,0.0664,"LOW"
15,"1","N1","T1",0.9336,0.0664,"LOW"
16,"1","N1","T1",0.9336,0.0664,"LOW"
17,"1","N1","T1",0.9336,0.0664,"LOW"
18,"1","N1","T1",0.9336,0.0664,"LOW"
19,"1","N1","T1",0.9336,0.0664,"LOW"
20,"1","N1","T1",0.9289,0.0711,"LOW"
21,"1","N1","T1",0.9316,0.0684,"LOW"
22,"1","N1","T1",0.9295,0.0705,"LOW"
23,"1","N1","T1",0.9312,0.0688,"LOW"
24,"1","N1","T1",0.9325,0.0675,"LOW"
25,"1","N1","T1",0.9315,0.0685,"LOW"
26,"1","N1","T1",0.931,0.069,"LOW"
27,"1","N1","T1",0.9315,0.0685,"LOW"
28,"1","N1","T1",0.9315,0.0685,"LOW"
29,"1","N1","T1",0.9312,0.0688,"LOW"
30,"1","N1","T1",0.9289,0.0711,"LOW"
31,"1","N1","T1",0.9271,0.0729,"LOW"
32,"1","N1","T1",0.925,0.075,"LOW"
33,"1","N1","T1",0.8578,0.1422,"LOW"
34,"1","N1","T1",0.92,0.08,"LOW"
35,"1","N1","T1",0.9239,0.0761,"LOW"
36,"1","N1","T1",0.9266,0.0734,"LOW"
37,"1","N1","T1",0.9283,0.0717,"LOW"
38,"1","N1","T1",0.9285,0.0715,"LOW"
39,"1","N1","T1",0.9284,0.0716,"LOW"
40,"1","N1","T1",0.9282,0.0718,"LOW"
41,"1","N1","T1",0.9275,0.0725,"LOW"
42,"1","N1","T1",0.8703,0.1297,"LOW"
43,"1","N1","T1",0.8667,0.1333,"LOW"
44,"1","N1","T1",0.8675,0.1325,"LOW"
45,"1","N1","T1",0.8837,0.1163,"LOW"
46,"1","N1","T1",0.8849,0.1151,"LOW"
47,"1","N1","T1",0.8995,0.1005,"LOW"
48,"1","N1","T1",0.8997,0.1003,"LOW"
49,"1","N1","T1",0.8882,0.1118,"LOW"
50,"1","N1","T1",0.8856,0.1144,"LOW"
51,"1","N1","T1",0.8977,0.1023,"LOW"
52,"1","N1","T1",0.9007,0.0993,"LOW"
53,"1","N1","T1",0.8957,0.1043,"LOW"
54,"1","N1","T1",0.8901,0.1099,"LOW"
55,"1","N1","T1",0.8932,0.1068,"LOW"
56,"1","N1","T1",0.8877,0.1123,"LOW"
57,"1","N1","T1",0.8899,0.1101,"LOW"
58,"1","N1","T1",0.8662,0.1338,"LOW"
59,"1","N1","T1",0.9006,0.0994,"LOW"
60,"1","N1","T1",0.8998,0.1002,"LOW"
61,"1","N1","T1",0.8591,0.1409,"LOW"
62,"1","N1","T1",0.8421,0.1579,"LOW"
63,"1","N1","T1",0.8342,0.1658,"LOW"
64,"1","N1","T1",0.8819,0.1181,"LOW"
65,"1","N1","T1",0.883,0.117,"LOW"
66,"1","N1","T1",0.8648,0.1352,"LOW"
67,"1","N1","T1",0.8588,0.1412,"LOW"
68,"1","N1","T1",0.8465,0.1535,"LOW"
69,"1","N1","T1",0.84,0.16,"LOW"
70,"1","N1","T1",0.8401,0.1599,"LOW"
71,"1","N1","T1",0.8411,0.1589,"LOW"
72,"1","N1","T1",0.8639,0.1361,"LOW"
73,"1","N1","T1",0.8529,0.1471,"LOW"
74,"1","N1","T1",0.8682,0.1318,"LOW"
75,"1","N1","T1",0.8808,0.1192,"LOW"
76,"1","N1","T1",0.8627,0.1373,"LOW"
77,"1","N1","T1",0.8786,0.1214,"LOW"
78,"1","N1","T1",0.8108,0.1892,"LOW"
79,"1","N1","T1",0.8845,0.1155,"LOW"
80,"1","N1","T1",0.8619,0.1381,"LOW"
81,"1","N1","T1",0.8353,0.1647,"LOW"
82,"1","N1","T1",0.9072,0.0928,"LOW"
83,"1","N1","T1",0.909,0.091,"LOW"
84,"1","N1","T1",0.9098,0.0902,"LOW"
85,"1","N1","T1",0.9104,0.0896,"LOW"
86,"1","N1","T1",0.9109,0.0891,"LOW"
87,"1","N1","T1",0.9073,0.0927,"LOW"
88,"1","N1","T1",0.8583,0.1417,"LOW"
89,"1","N1","T1",0.7194,0.2806,"LOW"
90,"1","N1","T1",0.8452,0.1548,"LOW"
91,"1","N1","T1",0.8452,0.1548,"LOW"
92,"1","N1","T1",0.8452,0.1548,"LOW"
93,"1","N1","T1",0.8452,0.1548,"LOW"
94,"1","N1","T1",0.8452,0.1548,"LOW"
95,"1","N1","T1",0.8452,0.1548,"LOW"
96,"1","N1","T1",0.8452,0.1548,"LOW"
97,"1","N1","T1",0.8452,0.1548,"LOW"
98,"1","N1","T1",0.8452,0.1548,"LOW"
99,"1","N1","T1",0.8452,0.1548,"LOW"
0,"2","N1","T1",0.9647,0.0353,"LOW"
1,"2","N1","T1",0.9647,0.0353,"LOW"
2,"2","N1","T1",0.9647,0.0353,"LOW"
3,"2","N1","T1",0.9647,0.0353,"LOW"
4,"2","N1","T1",0.9647,0.0353,"LOW"
5,"2","N1","T1",0.9647,0.0353,"LOW"
6,"2","N1","T1",0.9647,0.0353,"LOW"
7,"2","N1","T1",0.9647,0.0353,"LOW"
8,"2","N1","T1",0.9647,0.0353,"LOW"
9,"2","N1","T1",0.9647,0.0353,"LOW"
10,"2","N1","T1",0.9647,0.0353,"LOW"
11,"2","N1","T1",0.9647,0.0353,"LOW"
12,"2","N1","T1",0.9647,0.0353,"LOW"
13,"2","N1","T1",0.9647,0.0353,"LOW"
14,"2","N1","T1",0.9647,0.0353,"LOW"
15,"2","N1","T1",0.9567,0.0433,"LOW"
16,"2","N1","T1",0.9587,0.0413,"LOW"
17,"2","N1","T1",0.9667,0.0333,"LOW"
18,"2","N1","T1",0.9667,0.0333,"LOW"
19,"2","N1","T1",0.9667,0.0333,"LOW"
20,"2","N1","T1",0.9539,0.0461,"LOW"
21,"2","N1","T1",0.9642,0.0358,"LOW"
22,"2","N1","T1",0.966,0.034,"LOW"
23,"2","N1","T1",0.9659,0.0341,"LOW"
24,"2","N1","T1",0.9634,0.0366,"LOW"
25,"2","N1","T1",0.9657,0.0343,"LOW"
26,"2","N1","T1",0.9656,0.0344,"LOW"
27,"2","N1","T1",0.9664,0.0336,"LOW"
28,"2","N1","T1",0.9664,0.0336,"LOW"
29,"2","N1","T1",0.9664,0.0336,"LOW"
30,"2","N1","T1",0.9656,0.0344,"LOW"
31,"2","N1","T1",0.966,0.034,"LOW"
32,"2","N1","T1",0.965,0.035,"LOW"
33,"2","N1","T1",0.9593,0.0407,"LOW"
34,"2","N1","T1",0.9633,0.0367,"LOW"
35,"2","N1","T1",0.964,0.036,"LOW"
36,"2","N1","T1",0.964,0.036,"LOW"
37,"2","N1","T1",0.9653,0.0347,"LOW"
38,"2","N1","T1",0.9656,0.0344,"LOW"
39,"2","N1","T1",0.9656,0.0344,"LOW"
40,"2","N1","T1",0.9658,0.0342,"LOW"
41,"2","N1","T1",0.9658,0.0342,"LOW"
42,"2","N1","T1",0.9512,0.0488,"LOW"
43,"2","N1","T1",0.9584,0.0416,"LOW"
44,"2","N1","T1",0.9583,0.0417,"LOW"
45,"2","N1","T1",0.9578,0.0422,"LOW"
46,"2","N1","T1",0.9572,0.0428,"LOW"
47,"2","N1","T1",0.9571,0.0429,"LOW"
48,"2","N1","T1",0.9569,0.0431,"LOW"
49,"2","N1","T1",0.9554,0.0446,"LOW"
50,"2","N1","T1",0.9538,0.0462,"LOW"
51,"2","N1","T1",0.9163,0.0837,"LOW"
52,"2","N1","T1",0.9478,0.0522,"LOW"
53,"2","N1","T1",0.9475,0.0525,"LOW"
54,"2","N1","T1",0.9444,0.0556,"LOW"
55,"2","N1","T1",0.9002,0.0998,"LOW"
56,"2","N1","T1",0.9303,0.0697,"LOW"
57,"2","N1","T1",0.9387,0.0613,"LOW"
58,"2","N1","T1",0.9361,0.0639,"LOW"
59,"2","N1","T1",0.9339,0.0661,"LOW"
60,"2","N1","T1",0.9238,0.0762,"LOW"
61,"2","N1","T1",0.7908,0.2092,"LOW"
62,"2","N1","T1",0.8898,0.1102,"LOW"
63,"2","N1","T1",0.8916,0.1084,"LOW"
64,"2","N1","T1",0.903,0.097,"LOW"
65,"2","N1","T1",0.9013,0.0987,"LOW"
66,"2","N1","T1",0.8967,0.1033,"LOW"
67,"2","N1","T1",0.8763,0.1237,"LOW"
68,"2","N1","T1",0.7311,0.2689,"LOW"
69,"2","N1","T1",0.7202,0.2798,"LOW"
70,"2","N1","T1",0.7784,0.2216,"LOW"
71,"2","N1","T1",0.8637,0.1363,"LOW"
72,"2","N1","T1",0.8956,0.1044,"LOW"
73,"2","N1","T1",0.8949,0.1051,"LOW"
74,"2","N1","T1",0.8973,0.1027,"LOW"
75,"2","N1","T1",0.8976,0.1024,"LOW"
76,"2","N1","T1",0.879,0.121,"LOW"
77,"2","N1","T1",0.8898,0.1102,"LOW"
78,"2","N1","T1",0.874,0.126,"LOW"
79,"2","N1","T1",0.8512,0.1488,"LOW"
80,"2","N1","T1",0.8774,0.1226,"LOW"
81,"2","N1","T1",0.8592,0.1408,"LOW"
82,"2","N1","T1",0.8984,0.1016,"LOW"
83,"2","N1","T1",0.9044,0.0956,"LOW"
84,"2","N1","T1",0.9058,0.0942,"LOW"
85,"2","N1","T1",0.9067,0.0933,"LOW"
86,"2","N1","T1",0.9074,0.0926,"LOW"
87,"2","N1","T1",0.8848,0.1152,"LOW"
88,"2","N1","T1",0.7707,0.2293,"LOW"
89,"2","N1","T1",0.7988,0.2012,"LOW"
90,"2","N1","T1",0.8038,0.1962,"LOW"
91,"2","N1","T1",0.8038,0.1962,"LOW"
92,"2","N1","T1",0.8038,0.1962,"LOW"
93,"2","N1","T1",0.8038,0.1962,"LOW"
94,"2","N1","T1",0.8038,0.1962,"LOW"
95,"2","N1","T1",0.8038,0.1962,"LOW"
96,"2","N1","T1",0.8038,0.1962,"LOW"
97,"2","N1","T1",0.8038,0.1962,"LOW"
98,"2","N1","T1",0.8038,0.1962,"LOW"
99,"2","N1","T1",0.8038,0.1962,"LOW"
0,"1","N2","T1",0.8558,0.1442,"LOW"
1,"1","N2","T1",0.8558,0.1442,"LOW"
2,"1","N2","T1",0.8558,0.1442,"LOW"
3,"1","N2","T1",0.8558,0.1442,"LOW"
4,"1","N2","T1",0.8558,0.1442,"LOW"
5,"1","N2","T1",0.8558,0.1442,"LOW"
6,"1","N2","T1",0.8558,0.1442,"LOW"
7,"1","N2","T1",0.8558,0.1442,"LOW"
8,"1","N2","T1",0.8558,0.1442,"LOW"
9,"1","N2","T1",0.8478,0.1522,"LOW"
10,"1","N2","T1",0.8441,0.1559,"LOW"
11,"1","N2","T1",0.8441,0.1559,"LOW"
12,"1","N2","T1",0.8441,0.1559,"LOW"
13,"1","N2","T1",0.8441,0.1559,"LOW"
14,"1","N2","T1",0.8441,0.1559,"LOW"
15,"1","N2","T1",0.8425,0.1575,"LOW"
16,"1","N2","T1",0.8405,0.1595,"LOW"
17,"1","N2","T1",0.849,0.151,"LOW"
18,"1","N2","T1",0.85,0.15,"LOW"
19,"1","N2","T1",0.8628,0.1372,"LOW"
20,"1","N2","T1",0.8644,0.1356,"LOW"
21,"1","N2","T1",0.8644,0.1356,"LOW"
22,"1","N2","T1",0.8861,0.1139,"LOW"
23,"1","N2","T1",0.8861,0.1139,"LOW"
24,"1","N2","T1",0.8858,0.1142,"LOW"
25,"1","N2","T1",0.8866,0.1134,"LOW"
26,"1","N2","T1",0.8844,0.1156,"LOW"
27,"1","N2","T1",0.8811,0.1189,"LOW"
28,"1","N2","T1",0.8779,0.1221,"LOW"
29,"1","N2","T1",0.8817,0.1183,"LOW"
30,"1","N2","T1",0.8806,0.1194,"LOW"
31,"1","N2","T1",0.8789,0.1211,"LOW"
32,"1","N2","T1",0.8706,0.1294,"LOW"
33,"1","N2","T1",0.8642,0.1358,"LOW"
34,"1","N2","T1",0.861,0.139,"LOW"
35,"1","N2","T1",0.8396,0.1604,"LOW"
36,"1","N2","T1",0.7956,0.2044,"LOW"
37,"1","N2","T1",0.7517,0.2483,"LOW"
38,"1","N2","T1",0.6317,0.3683,"LOW"
39,"1","N2","T1",0.6288,0.3712,"LOW"
40,"1","N2","T1",0.7921,0.2079,"LOW"
41,"1","N2","T1",0.8232,0.1768,"LOW"
42,"1","N2","T1",0.8337,0.1663,"LOW"
43,"1","N2","T1",0.8307,0.1693,"LOW"
44,"1","N2","T1",0.7758,0.2242,"LOW"
45,"1","N2","T1",0.7188,0.2812,"LOW"
46,"1","N2","T1",0.7466,0.2534,"LOW"
47,"1","N2","T1",0.7884,0.2116,"LOW"
48,"1","N2","T1",0.8562,0.1438,"LOW"
49,"1","N2","T1",0.8808,0.1192,"LOW"
50,"1","N2","T1",0.888,0.112,"LOW"
51,"1","N2","T1",0.89,0.11,"LOW"
52,"1","N2","T1",0.877,0.123,"LOW"
53,"1","N2","T1",0.8985,0.1015,"LOW"
54,"1","N2","T1",0.8977,0.1023,"LOW"
55,"1","N2","T1",0.8958,0.1042,"LOW"
56,"1","N2","T1",0.8997,0.1003,"LOW"
57,"1","N2","T1",0.8992,0.1008,"LOW"
58,"1","N2","T1",0.8153,0.1847,"LOW"
59,"1","N2","T1",0.8555,0.1445,"LOW"
60,"1","N2","T1",0.8567,0.1433,"LOW"
61,"1","N2","T1",0.8177,0.1823,"LOW"
62,"1","N2","T1",0.8659,0.1341,"LOW"
63,"1","N2","T1",0.8643,0.1357,"LOW"
64,"1","N2","T1",0.8117,0.1883,"LOW"
65,"1","N2","T1",0.8373,0.1627,"LOW"
66,"1","N2","T1",0.839,0.161,"LOW"
67,"1","N2","T1",0.7792,0.2208,"LOW"
68,"1","N2","T1",0.8091,0.1909,"LOW"
69,"1","N2","T1",0.7984,0.2016,"LOW"
70,"1","N2","T1",0.8731,0.1269,"LOW"
71,"1","N2","T1",0.8629,0.1371,"LOW"
72,"1","N2","T1",0.9007,0.0993,"LOW"
73,"1","N2","T1",0.9047,0.0953,"LOW"
74,"1","N2","T1",0.9051,0.0949,"LOW"
75,"1","N2","T1",0.9057,0.0943,"LOW"
76,"1","N2","T1",0.9061,0.0939,"LOW"
77,"1","N2","T1",0.8983,0.1017,"LOW"
78,"1","N2","T1",0.8939,0.1061,"LOW"
79,"1","N2","T1",0.8914,0.1086,"LOW"
80,"1","N2","T1",0.8764,0.1236,"LOW"
81,"1","N2","T1",0.8513,0.1487,"LOW"
82,"1","N2","T1",0.8093,0.1907,"LOW"
83,"1","N2","T1",0.5829,0.4171,"LOW"
84,"1","N2","T1",0.5194,0.4806,"LOW"
85,"1","N2","T1",0.5053,0.4947,"LOW"
86,"1","N2","T1",0.5731,0.4269,"LOW"
87,"1","N2","T1",0.6695,0.3305,"LOW"
88,"1","N2","T1",0.6687,0.3313,"LOW"
89,"1","N2","T1",0.6763,0.3237,"LOW"
90,"1","N2","T1",0.5431,0.4569,"LOW"
91,"1","N2","T1",0.5431,0.4569,"LOW"
92,"1","N2","T1",0.5431,0.4569,"LOW"
93,"1","N2","T1",0.5431,0.4569,"LOW"
94,"1","N2","T1",0.5431,0.4569,"LOW"
95,"1","N2","T1",0.5431,0.4569,"LOW"
96,"1","N2","T1",0.5431,0.4569,"LOW"
97,"1","N2","T1",0.5431,0.4569,"LOW"
98,"1","N2","T1",0.5431,0.4569,"LOW"
99,"1","N2","T1",0.5431,0.4569,"LOW"
0,"2","N2","T1",0.7767,0.2233,"LOW"
1,"2","N2","T1",0.7767,0.2233,"LOW"
2,"2","N2","T1",0.7767,0.2233,"LOW"
3,"2","N2","T1",0.7767,0.2233,"LOW"
4,"2","N2","T1",0.7767,0.2233,"LOW"
5,"2","N2","T1",0.7767,0.2233,"LOW"
6,"2","N2","T1",0.7767,0.2233,"LOW"
7,"2","N2","T1",0.7767,0.2233,"LOW"
8,"2","N2","T1",0.7767,0.2233,"LOW"
9,"2","N2","T1",0.7687,0.2313,"LOW"
10,"2","N2","T1",0.7644,0.2356,"LOW"
11,"2","N2","T1",0.7644,0.2356,"LOW"
12,"2","N2","T1",0.7644,0.2356,"LOW"
13,"2","N2","T1",0.7644,0.2356,"LOW"
14,"2","N2","T1",0.7644,0.2356,"LOW"
15,"2","N2","T1",0.7567,0.2433,"LOW"
16,"2","N2","T1",0.7547,0.2453,"LOW"
17,"2","N2","T1",0.7622,0.2378,"LOW"
18,"2","N2","T1",0.7687,0.2313,"LOW"
19,"2","N2","T1",0.8099,0.1901,"LOW"
20,"2","N2","T1",0.8116,0.1884,"LOW"
21,"2","N2","T1",0.8189,0.1811,"LOW"
22,"2","N2","T1",0.8941,0.1059,"LOW"
23,"2","N2","T1",0.8978,0.1022,"LOW"
24,"2","N2","T1",0.8994,0.1006,"LOW"
25,"2","N2","T1",0.8994,0.1006,"LOW"
26,"2","N2","T1",0.8997,0.1003,"LOW"
27,"2","N2","T1",0.895,0.105,"LOW"
28,"2","N2","T1",0.8959,0.1041,"LOW"
29,"2","N2","T1",0.9006,0.0994,"LOW"
30,"2","N2","T1",0.9006,0.0994,"LOW"
31,"2","N2","T1",0.9005,0.0995,"LOW"
32,"2","N2","T1",0.8862,0.1138,"LOW"
33,"2","N2","T1",0.865,0.135,"LOW"
34,"2","N2","T1",0.8688,0.1312,"LOW"
35,"2","N2","T1",0.7969,0.2031,"LOW"
36,"2","N2","T1",0.8439,0.1561,"LOW"
37,"2","N2","T1",0.8299,0.1701,"LOW"
38,"2","N2","T1",0.8138,0.1862,"LOW"
39,"2","N2","T1",0.8298,0.1702,"LOW"
40,"2","N2","T1",0.8764,0.1236,"LOW"
41,"2","N2","T1",0.8757,0.1243,"LOW"
42,"2","N2","T1",0.8867,0.1133,"LOW"
43,"2","N2","T1",0.8863,0.1137,"LOW"
44,"2","N2","T1",0.8882,0.1118,"LOW"
45,"2","N2","T1",0.8689,0.1311,"LOW"
46,"2","N2","T1",0.8733,0.1267,"LOW"
47,"2","N2","T1",0.8688,0.1312,"LOW"
48,"2","N2","T1",0.863,0.137,"LOW"
49,"2","N2","T1",0.8277,0.1723,"LOW"
50,"2","N2","T1",0.8415,0.1585,"LOW"
51,"2","N2","T1",0.8422,0.1578,"LOW"
52,"2","N2","T1",0.8505,0.1495,"LOW"
53,"2","N2","T1",0.8407,0.1593,"LOW"
54,"2","N2","T1",0.7878,0.2122,"LOW"
55,"2","N2","T1",0.8212,0.1788,"LOW"
56,"2","N2","T1",0.823,0.177,"LOW"
57,"2","N2","T1",0.7825,0.2175,"LOW"
58,"2","N2","T1",0.7313,0.2687,"LOW"
59,"2","N2","T1",0.777,0.223,"LOW"
60,"2","N2","T1",0.761,0.239,"LOW"
61,"2","N2","T1",0.7327,0.2673,"LOW"
62,"2","N2","T1",0.8342,0.1658,"LOW"
63,"2","N2","T1",0.8717,0.1283,"LOW"
64,"2","N2","T1",0.8765,0.1235,"LOW"
65,"2","N2","T1",0.884,0.116,"LOW"
66,"2","N2","T1",0.8877,0.1123,"LOW"
67,"2","N2","T1",0.8671,0.1329,"LOW"
68,"2","N2","T1",0.8578,0.1422,"LOW"
69,"2","N2","T1",0.8871,0.1129,"LOW"
70,"2","N2","T1",0.8993,0.1007,"LOW"
71,"2","N2","T1",0.8879,0.1121,"LOW"
72,"2","N2","T1",0.9115,0.0885,"LOW"
73,"2","N2","T1",0.9115,0.0885,"LOW"
74,"2","N2","T1",0.9111,0.0889,"LOW"
75,"2","N2","T1",0.9115,0.0885,"LOW"
76,"2","N2","T1",0.9111,0.0889,"LOW"
77,"2","N2","T1",0.9051,0.0949,"LOW"
78,"2","N2","T1",0.906,0.094,"LOW"
79,"2","N2","T1",0.8985,0.1015,"LOW"
80,"2","N2","T1",0.8808,0.1192,"LOW"
81,"2","N2","T1",0.8833,0.1167,"LOW"
82,"2","N2","T1",0.8656,0.1344,"LOW"
83,"2","N2","T1",0.7641,0.2359,"LOW"
84,"2","N2","T1",0.7051,0.2949,"LOW"
85,"2","N2","T1",0.5626,0.4374,"LOW"
86,"2","N2","T1",0.5407,0.4593,"LOW"
87,"2","N2","T1",0.656,0.344,"LOW"
88,"2","N2","T1",0.7562,0.2438,"LOW"
89,"2","N2","T1",0.754,0.246,"LOW"
90,"2","N2","T1",0.5125,0.4875,"LOW"
91,"2","N2","T1",0.5125,0.4875,"LOW"
92,"2","N2","T1",0.5125,0.4875,"LOW"
93,"2","N2","T1",0.5125,0.4875,"LOW"
94,"2","N2","T1",0.5125,0.4875,"LOW"
95,"2","N2","T1",0.5125,0.4875,"LOW"
96,"2","N2","T1",0.5125,0.4875,"LOW"
97,"2","N2","T1",0.5125,0.4875,"LOW"
98,"2","N2","T1",0.5125,0.4875,"LOW"
99,"2","N2","T1",0.5125,0.4875,"LOW"
0,"1","N3","T1",0.8091,0.1909,"LOW"
1,"1","N3","T1",0.8091,0.1909,"LOW"
2,"1","N3","T1",0.8091,0.1909,"LOW"
3,"1","N3","T1",0.8091,0.1909,"LOW"
4,"1","N3","T1",0.8091,0.1909,"LOW"
5,"1","N3","T1",0.8091,0.1909,"LOW"
6,"1","N3","T1",0.8091,0.1909,"LOW"
7,"1","N3","T1",0.8091,0.1909,"LOW"
8,"1","N3","T1",0.8091,0.1909,"LOW"
9,"1","N3","T1",0.8091,0.1909,"LOW"
10,"1","N3","T1",0.8091,0.1909,"LOW"
11,"1","N3","T1",0.8091,0.1909,"LOW"
12,"1","N3","T1",0.8091,0.1909,"LOW"
13,"1","N3","T1",0.8091,0.1909,"LOW"
14,"1","N3","T1",0.8091,0.1909,"LOW"
15,"1","N3","T1",0.8031,0.1969,"LOW"
16,"1","N3","T1",0.7775,0.2225,"LOW"
17,"1","N3","T1",0.7793,0.2207,"LOW"
18,"1","N3","T1",0.7533,0.2467,"LOW"
19,"1","N3","T1",0.7712,0.2288,"LOW"
20,"1","N3","T1",0.8076,0.1924,"LOW"
21,"1","N3","T1",0.7947,0.2053,"LOW"
22,"1","N3","T1",0.8202,0.1798,"LOW"
23,"1","N3","T1",0.8297,0.1703,"LOW"
24,"1","N3","T1",0.8773,0.1227,"LOW"
25,"1","N3","T1",0.8721,0.1279,"LOW"
26,"1","N3","T1",0.8455,0.1545,"LOW"
27,"1","N3","T1",0.8544,0.1456,"LOW"
28,"1","N3","T1",0.8534,0.1466,"LOW"
29,"1","N3","T1",0.888,0.112,"LOW"
30,"1","N3","T1",0.9009,0.0991,"LOW"
31,"1","N3","T1",0.8997,0.1003,"LOW"
32,"1","N3","T1",0.8973,0.1027,"LOW"
33,"1","N3","T1",0.814,0.186,"LOW"
34,"1","N3","T1",0.8251,0.1749,"LOW"
35,"1","N3","T1",0.8996,0.1004,"LOW"
36,"1","N3","T1",0.9026,0.0974,"LOW"
37,"1","N3","T1",0.8784,0.1216,"LOW"
38,"1","N3","T1",0.8368,0.1632,"LOW"
39,"1","N3","T1",0.8267,0.1733,"LOW"
40,"1","N3","T1",0.6655,0.3345,"LOW"
41,"1","N3","T1",0.5063,0.4937,"LOW"
42,"1","N3","T1",0.5835,0.4165,"LOW"
43,"1","N3","T1",0.5868,0.4132,"LOW"
44,"1","N3","T1",0.5256,0.4744,"LOW"
45,"1","N3","T1",0.5453,0.4547,"LOW"
46,"1","N3","T1",0.6486,0.3514,"LOW"
47,"1","N3","T1",0.7312,0.2688,"LOW"
48,"1","N3","T1",0.7452,0.2548,"LOW"
49,"1","N3","T1",0.7315,0.2685,"LOW"
50,"1","N3","T1",0.7486,0.2514,"LOW"
51,"1","N3","T1",0.7303,0.2697,"LOW"
52,"1","N3","T1",0.6957,0.3043,"LOW"
53,"1","N3","T1",0.7808,0.2192,"LOW"
54,"1","N3","T1",0.7831,0.2169,"LOW"
55,"1","N3","T1",0.7774,0.2226,"LOW"
56,"1","N3","T1",0.6945,0.3055,"LOW"
57,"1","N3","T1",0.7671,0.2329,"LOW"
58,"1","N3","T1",0.776,0.224,"LOW"
59,"1","N3","T1",0.7852,0.2148,"LOW"
60,"1","N3","T1",0.7726,0.2274,"LOW"
61,"1","N3","T1",0.6719,0.3281,"LOW"
62,"1","N3","T1",0.7384,0.2616,"LOW"
63,"1","N3","T1",0.7577,0.2423,"LOW"
64,"1","N3","T1",0.7933,0.2067,"LOW"
65,"1","N3","T1",0.7982,0.2018,"LOW"
66,"1","N3","T1",0.7877,0.2123,"LOW"
67,"1","N3","T1",0.7794,0.2206,"LOW"
68,"1","N3","T1",0.6885,0.3115,"LOW"
69,"1","N3","T1",0.7636,0.2364,"LOW"
70,"1","N3","T1",0.7651,0.2349,"LOW"
71,"1","N3","T1",0.7632,0.2368,"LOW"
72,"1","N3","T1",0.758,0.242,"LOW"
73,"1","N3","T1",0.708,0.292,"LOW"
74,"1","N3","T1",0.7623,0.2377,"LOW"
75,"1","N3","T1",0.6682,0.3318,"LOW"
76,"1","N3","T1",0.7492,0.2508,"LOW"
77,"1","N3","T1",0.7116,0.2884,"LOW"
78,"1","N3","T1",0.8003,0.1997,"LOW"
79,"1","N3","T1",0.8562,0.1438,"LOW"
80,"1","N3","T1",0.8501,0.1499,"LOW"
81,"1","N3","T1",0.856,0.144,"LOW"
82,"1","N3","T1",0.847,0.153,"LOW"
83,"1","N3","T1",0.8494,0.1506,"LOW"
84,"1","N3","T1",0.8735,0.1265,"LOW"
85,"1","N3","T1",0.8425,0.1575,"LOW"
86,"1","N3","T1",0.8581,0.1419,"LOW"
87,"1","N3","T1",0.8694,0.1306,"LOW"
88,"1","N3","T1",0.8818,0.1182,"LOW"
89,"1","N3","T1",0.8755,0.1245,"LOW"
90,"1","N3","T1",0.8857,0.1143,"LOW"
91,"1","N3","T1",0.8857,0.1143,"LOW"
92,"1","N3","T1",0.8857,0.1143,"LOW"
93,"1","N3","T1",0.8857,0.1143,"LOW"
94,"1","N3","T1",0.8857,0.1143,"LOW"
95,"1","N3","T1",0.8857,0.1143,"LOW"
96,"1","N3","T1",0.8857,0.1143,"LOW"
97,"1","N3","T1",0.8857,0.1143,"LOW"
98,"1","N3","T1",0.8857,0.1143,"LOW"
99,"1","N3","T1",0.8857,0.1143,"LOW"
0,"2","N3","T1",0.7045,0.2955,"LOW"
1,"2","N3","T1",0.7045,0.2955,"LOW"
2,"2","N3","T1",0.7045,0.2955,"LOW"
3,"2","N3","T1",0.7045,0.2955,"LOW"
4,"2","N3","T1",0.7045,0.2955,"LOW"
5,"2","N3","T1",0.7045,0.2955,"LOW"
6,"2","N3","T1",0.7045,0.2955,"LOW"
7,"2","N3","T1",0.7045,0.2955,"LOW"
8,"2","N3","T1",0.7045,0.2955,"LOW"
9,"2","N3","T1",0.7045,0.2955,"LOW"
10,"2","N3","T1",0.7045,0.2955,"LOW"
11,"2","N3","T1",0.7045,0.2955,"LOW"
12,"2","N3","T1",0.7045,0.2955,"LOW"
13,"2","N3","T1",0.7045,0.2955,"LOW"
14,"2","N3","T1",0.7045,0.2955,"LOW"
15,"2","N3","T1",0.6985,0.3015,"LOW"
16,"2","N3","T1",0.6765,0.3235,"LOW"
17,"2","N3","T1",0.6832,0.3168,"LOW"
18,"2","N3","T1",0.5981,0.4019,"LOW"
19,"2","N3","T1",0.6027,0.3973,"LOW"
20,"2","N3","T1",0.6129,0.3871,"LOW"
21,"2","N3","T1",0.5946,0.4054,"LOW"
22,"2","N3","T1",0.5598,0.4402,"LOW"
23,"2","N3","T1",0.5783,0.4217,"LOW"
24,"2","N3","T1",0.6339,0.3661,"LOW"
25,"2","N3","T1",0.6267,0.3733,"LOW"
26,"2","N3","T1",0.6238,0.3762,"LOW"
27,"2","N3","T1",0.6568,0.3432,"LOW"
28,"2","N3","T1",0.6755,0.3245,"LOW"
29,"2","N3","T1",0.7493,0.2507,"LOW"
30,"2","N3","T1",0.764,0.236,"LOW"
31,"2","N3","T1",0.7403,0.2597,"LOW"
32,"2","N3","T1",0.7313,0.2687,"LOW"
33,"2","N3","T1",0.8013,0.1987,"LOW"
34,"2","N3","T1",0.7898,0.2102,"LOW"
35,"2","N3","T1",0.8528,0.1472,"LOW"
36,"2","N3","T1",0.851,0.149,"LOW"
37,"2","N3","T1",0.7873,0.2127,"LOW"
38,"2","N3","T1",0.7595,0.2405,"LOW"
39,"2","N3","T1",0.7397,0.2603,"LOW"
40,"2","N3","T1",0.6594,0.3406,"LOW"
41,"2","N3","T1",0.6288,0.3712,"LOW"
42,"2","N3","T1",0.6803,0.3197,"LOW"
43,"2","N3","T1",0.6928,0.3072,"LOW"
44,"2","N3","T1",0.6984,0.3016,"LOW"
45,"2","N3","T1",0.7486,0.2514,"LOW"
46,"2","N3","T1",0.8091,0.1909,"LOW"
47,"2","N3","T1",0.8003,0.1997,"LOW"
48,"2","N3","T1",0.8281,0.1719,"LOW"
49,"2","N3","T1",0.8006,0.1994,"LOW"
50,"2","N3","T1",0.8144,0.1856,"LOW"
51,"2","N3","T1",0.789,0.211,"LOW"
52,"2","N3","T1",0.7548,0.2452,"LOW"
53,"2","N3","T1",0.766,0.234,"LOW"
54,"2","N3","T1",0.7699,0.2301,"LOW"
55,"2","N3","T1",0.7909,0.2091,"LOW"
56,"2","N3","T1",0.7266,0.2734,"LOW"
57,"2","N3","T1",0.6759,0.3241,"LOW"
58,"2","N3","T1",0.672,0.328,"LOW"
59,"2","N3","T1",0.7,0.3,"LOW"
60,"2","N3","T1",0.7468,0.2532,"LOW"
61,"2","N3","T1",0.6699,0.3301,"LOW"
62,"2","N3","T1",0.6318,0.3682,"LOW"
63,"2","N3","T1",0.7899,0.2101,"LOW"
64,"2","N3","T1",0.8588,0.1412,"LOW"
65,"2","N3","T1",0.8602,0.1398,"LOW"
66,"2","N3","T1",0.8614,0.1386,"LOW"
67,"2","N3","T1",0.8614,0.1386,"LOW"
68,"2","N3","T1",0.8514,0.1486,"LOW"
69,"2","N3","T1",0.8775,0.1225,"LOW"
70,"2","N3","T1",0.8811,0.1189,"LOW"
71,"2","N3","T1",0.8762,0.1238,"LOW"
72,"2","N3","T1",0.8658,0.1342,"LOW"
73,"2","N3","T1",0.8383,0.1617,"LOW"
74,"2","N3","T1",0.8723,0.1277,"LOW"
75,"2","N3","T1",0.8605,0.1395,"LOW"
76,"2","N3","T1",0.8739,0.1261,"LOW"
77,"2","N3","T1",0.846,0.154,"LOW"
78,"2","N3","T1",0.913,0.087,"LOW"
79,"2","N3","T1",0.9216,0.0784,"LOW"
80,"2","N3","T1",0.9143,0.0857,"LOW"
81,"2","N3","T1",0.9076,0.0924,"LOW"
82,"2","N3","T1",0.9135,0.0865,"LOW"
83,"2","N3","T1",0.9123,0.0877,"LOW"
84,"2","N3","T1",0.9196,0.0804,"LOW"
85,"2","N3","T1",0.8671,0.1329,"LOW"
86,"2","N3","T1",0.8598,0.1402,"LOW"
87,"2","N3","T1",0.9025,0.0975,"LOW"
88,"2","N3","T1",0.9338,0.0662,"LOW"
89,"2","N3","T1",0.934,0.066,"LOW"
90,"2","N3","T1",0.915,0.085,"LOW"
91,"2","N3","T1",0.915,0.085,"LOW"
92,"2","N3","T1",0.915,0.085,"LOW"
93,"2","N3","T1",0.915,0.085,"LOW"
94,"2","N3","T1",0.915,0.085,"LOW"
95,"2","N3","T1",0.915,0.085,"LOW"
96,"2","N3","T1",0.915,0.085,"LOW"
97,"2","N3","T1",0.915,0.085,"LOW"
98,"2","N3","T1",0.915,0.085,"LOW"
99,"2","N3","T1",0.915,0.085,"LOW"
0,"1","Other/Unknown","T1",0.9915,0.0085,"LOW"
1,"1","Other/Unknown","T1",0.9915,0.0085,"LOW"
2,"1","Other/Unknown","T1",0.9915,0.0085,"LOW"
3,"1","Other/Unknown","T1",0.9915,0.0085,"LOW"
4,"1","Other/Unknown","T1",0.9915,0.0085,"LOW"
5,"1","Other/Unknown","T1",0.9915,0.0085,"LOW"
6,"1","Other/Unknown","T1",0.9915,0.0085,"LOW"
7,"1","Other/Unknown","T1",0.9915,0.0085,"LOW"
8,"1","Other/Unknown","T1",0.9915,0.0085,"LOW"
9,"1","Other/Unknown","T1",0.9915,0.0085,"LOW"
10,"1","Other/Unknown","T1",0.9915,0.0085,"LOW"
11,"1","Other/Unknown","T1",0.9915,0.0085,"LOW"
12,"1","Other/Unknown","T1",0.9915,0.0085,"LOW"
13,"1","Other/Unknown","T1",0.9915,0.0085,"LOW"
14,"1","Other/Unknown","T1",0.9915,0.0085,"LOW"
15,"1","Other/Unknown","T1",0.9915,0.0085,"LOW"
16,"1","Other/Unknown","T1",0.9915,0.0085,"LOW"
17,"1","Other/Unknown","T1",0.9915,0.0085,"LOW"
18,"1","Other/Unknown","T1",0.9915,0.0085,"LOW"
19,"1","Other/Unknown","T1",0.9915,0.0085,"LOW"
20,"1","Other/Unknown","T1",0.9911,0.0089,"LOW"
21,"1","Other/Unknown","T1",0.9911,0.0089,"LOW"
22,"1","Other/Unknown","T1",0.9911,0.0089,"LOW"
23,"1","Other/Unknown","T1",0.9911,0.0089,"LOW"
24,"1","Other/Unknown","T1",0.9891,0.0109,"LOW"
25,"1","Other/Unknown","T1",0.9891,0.0109,"LOW"
26,"1","Other/Unknown","T1",0.9911,0.0089,"LOW"
27,"1","Other/Unknown","T1",0.9911,0.0089,"LOW"
28,"1","Other/Unknown","T1",0.9911,0.0089,"LOW"
29,"1","Other/Unknown","T1",0.9909,0.0091,"LOW"
30,"1","Other/Unknown","T1",0.9909,0.0091,"LOW"
31,"1","Other/Unknown","T1",0.9909,0.0091,"LOW"
32,"1","Other/Unknown","T1",0.9909,0.0091,"LOW"
33,"1","Other/Unknown","T1",0.9913,0.0087,"LOW"
34,"1","Other/Unknown","T1",0.9913,0.0087,"LOW"
35,"1","Other/Unknown","T1",0.9911,0.0089,"LOW"
36,"1","Other/Unknown","T1",0.9911,0.0089,"LOW"
37,"1","Other/Unknown","T1",0.9911,0.0089,"LOW"
38,"1","Other/Unknown","T1",0.9911,0.0089,"LOW"
39,"1","Other/Unknown","T1",0.9713,0.0287,"LOW"
40,"1","Other/Unknown","T1",0.9888,0.0112,"LOW"
41,"1","Other/Unknown","T1",0.9899,0.0101,"LOW"
42,"1","Other/Unknown","T1",0.9899,0.0101,"LOW"
43,"1","Other/Unknown","T1",0.9804,0.0196,"LOW"
44,"1","Other/Unknown","T1",0.9932,0.0068,"LOW"
45,"1","Other/Unknown","T1",0.9931,0.0069,"LOW"
46,"1","Other/Unknown","T1",0.9931,0.0069,"LOW"
47,"1","Other/Unknown","T1",0.9931,0.0069,"LOW"
48,"1","Other/Unknown","T1",0.9931,0.0069,"LOW"
49,"1","Other/Unknown","T1",0.9931,0.0069,"LOW"
50,"1","Other/Unknown","T1",0.9931,0.0069,"LOW"
51,"1","Other/Unknown","T1",0.9931,0.0069,"LOW"
52,"1","Other/Unknown","T1",0.9932,0.0068,"LOW"
53,"1","Other/Unknown","T1",0.9931,0.0069,"LOW"
54,"1","Other/Unknown","T1",0.9931,0.0069,"LOW"
55,"1","Other/Unknown","T1",0.9931,0.0069,"LOW"
56,"1","Other/Unknown","T1",0.993,0.007,"LOW"
57,"1","Other/Unknown","T1",0.9928,0.0072,"LOW"
58,"1","Other/Unknown","T1",0.9843,0.0157,"LOW"
59,"1","Other/Unknown","T1",0.9917,0.0083,"LOW"
60,"1","Other/Unknown","T1",0.9917,0.0083,"LOW"
61,"1","Other/Unknown","T1",0.9874,0.0126,"LOW"
62,"1","Other/Unknown","T1",0.9917,0.0083,"LOW"
63,"1","Other/Unknown","T1",0.9917,0.0083,"LOW"
64,"1","Other/Unknown","T1",0.9918,0.0082,"LOW"
65,"1","Other/Unknown","T1",0.9917,0.0083,"LOW"
66,"1","Other/Unknown","T1",0.9861,0.0139,"LOW"
67,"1","Other/Unknown","T1",0.9859,0.0141,"LOW"
68,"1","Other/Unknown","T1",0.9909,0.0091,"LOW"
69,"1","Other/Unknown","T1",0.9908,0.0092,"LOW"
70,"1","Other/Unknown","T1",0.9908,0.0092,"LOW"
71,"1","Other/Unknown","T1",0.9906,0.0094,"LOW"
72,"1","Other/Unknown","T1",0.9819,0.0181,"LOW"
73,"1","Other/Unknown","T1",0.9861,0.0139,"LOW"
74,"1","Other/Unknown","T1",0.976,0.024,"LOW"
75,"1","Other/Unknown","T1",0.9701,0.0299,"LOW"
76,"1","Other/Unknown","T1",0.9821,0.0179,"LOW"
77,"1","Other/Unknown","T1",0.9821,0.0179,"LOW"
78,"1","Other/Unknown","T1",0.9657,0.0343,"LOW"
79,"1","Other/Unknown","T1",0.9716,0.0284,"LOW"
80,"1","Other/Unknown","T1",0.9865,0.0135,"LOW"
81,"1","Other/Unknown","T1",0.9866,0.0134,"LOW"
82,"1","Other/Unknown","T1",0.9866,0.0134,"LOW"
83,"1","Other/Unknown","T1",0.9866,0.0134,"LOW"
84,"1","Other/Unknown","T1",0.9736,0.0264,"LOW"
85,"1","Other/Unknown","T1",0.9831,0.0169,"LOW"
86,"1","Other/Unknown","T1",0.9832,0.0168,"LOW"
87,"1","Other/Unknown","T1",0.9628,0.0372,"LOW"
88,"1","Other/Unknown","T1",0.9827,0.0173,"LOW"
89,"1","Other/Unknown","T1",0.9829,0.0171,"LOW"
90,"1","Other/Unknown","T1",0.9831,0.0169,"LOW"
91,"1","Other/Unknown","T1",0.9831,0.0169,"LOW"
92,"1","Other/Unknown","T1",0.9831,0.0169,"LOW"
93,"1","Other/Unknown","T1",0.9831,0.0169,"LOW"
94,"1","Other/Unknown","T1",0.9831,0.0169,"LOW"
95,"1","Other/Unknown","T1",0.9831,0.0169,"LOW"
96,"1","Other/Unknown","T1",0.9831,0.0169,"LOW"
97,"1","Other/Unknown","T1",0.9831,0.0169,"LOW"
98,"1","Other/Unknown","T1",0.9831,0.0169,"LOW"
99,"1","Other/Unknown","T1",0.9831,0.0169,"LOW"
0,"2","Other/Unknown","T1",0.9981,0.0019,"LOW"
1,"2","Other/Unknown","T1",0.9981,0.0019,"LOW"
2,"2","Other/Unknown","T1",0.9961,0.0039,"LOW"
3,"2","Other/Unknown","T1",0.9921,0.0079,"LOW"
4,"2","Other/Unknown","T1",0.9986,0.0014,"LOW"
5,"2","Other/Unknown","T1",0.9986,0.0014,"LOW"
6,"2","Other/Unknown","T1",0.9986,0.0014,"LOW"
7,"2","Other/Unknown","T1",0.9986,0.0014,"LOW"
8,"2","Other/Unknown","T1",0.9986,0.0014,"LOW"
9,"2","Other/Unknown","T1",0.9986,0.0014,"LOW"
10,"2","Other/Unknown","T1",0.9986,0.0014,"LOW"
11,"2","Other/Unknown","T1",0.9986,0.0014,"LOW"
12,"2","Other/Unknown","T1",0.9986,0.0014,"LOW"
13,"2","Other/Unknown","T1",0.9986,0.0014,"LOW"
14,"2","Other/Unknown","T1",0.9986,0.0014,"LOW"
15,"2","Other/Unknown","T1",0.9986,0.0014,"LOW"
16,"2","Other/Unknown","T1",0.9986,0.0014,"LOW"
17,"2","Other/Unknown","T1",0.9986,0.0014,"LOW"
18,"2","Other/Unknown","T1",0.9986,0.0014,"LOW"
19,"2","Other/Unknown","T1",0.9986,0.0014,"LOW"
20,"2","Other/Unknown","T1",0.9986,0.0014,"LOW"
21,"2","Other/Unknown","T1",0.9986,0.0014,"LOW"
22,"2","Other/Unknown","T1",0.9986,0.0014,"LOW"
23,"2","Other/Unknown","T1",0.9986,0.0014,"LOW"
24,"2","Other/Unknown","T1",0.9986,0.0014,"LOW"
25,"2","Other/Unknown","T1",0.9986,0.0014,"LOW"
26,"2","Other/Unknown","T1",0.9986,0.0014,"LOW"
27,"2","Other/Unknown","T1",0.9986,0.0014,"LOW"
28,"2","Other/Unknown","T1",0.9986,0.0014,"LOW"
29,"2","Other/Unknown","T1",0.9986,0.0014,"LOW"
30,"2","Other/Unknown","T1",0.9986,0.0014,"LOW"
31,"2","Other/Unknown","T1",0.9986,0.0014,"LOW"
32,"2","Other/Unknown","T1",0.9986,0.0014,"LOW"
33,"2","Other/Unknown","T1",0.9982,0.0018,"LOW"
34,"2","Other/Unknown","T1",0.9982,0.0018,"LOW"
35,"2","Other/Unknown","T1",0.9982,0.0018,"LOW"
36,"2","Other/Unknown","T1",0.9982,0.0018,"LOW"
37,"2","Other/Unknown","T1",0.9982,0.0018,"LOW"
38,"2","Other/Unknown","T1",0.9982,0.0018,"LOW"
39,"2","Other/Unknown","T1",0.9982,0.0018,"LOW"
40,"2","Other/Unknown","T1",0.9986,0.0014,"LOW"
41,"2","Other/Unknown","T1",0.9986,0.0014,"LOW"
42,"2","Other/Unknown","T1",0.9986,0.0014,"LOW"
43,"2","Other/Unknown","T1",0.9984,0.0016,"LOW"
44,"2","Other/Unknown","T1",0.9987,0.0013,"LOW"
45,"2","Other/Unknown","T1",0.9987,0.0013,"LOW"
46,"2","Other/Unknown","T1",0.9987,0.0013,"LOW"
47,"2","Other/Unknown","T1",0.9987,0.0013,"LOW"
48,"2","Other/Unknown","T1",0.9987,0.0013,"LOW"
49,"2","Other/Unknown","T1",0.9987,0.0013,"LOW"
50,"2","Other/Unknown","T1",0.9987,0.0013,"LOW"
51,"2","Other/Unknown","T1",0.9987,0.0013,"LOW"
52,"2","Other/Unknown","T1",0.9987,0.0013,"LOW"
53,"2","Other/Unknown","T1",0.9986,0.0014,"LOW"
54,"2","Other/Unknown","T1",0.9986,0.0014,"LOW"
55,"2","Other/Unknown","T1",0.9986,0.0014,"LOW"
56,"2","Other/Unknown","T1",0.9986,0.0014,"LOW"
57,"2","Other/Unknown","T1",0.9985,0.0015,"LOW"
58,"2","Other/Unknown","T1",0.9975,0.0025,"LOW"
59,"2","Other/Unknown","T1",0.9978,0.0022,"LOW"
60,"2","Other/Unknown","T1",0.9977,0.0023,"LOW"
61,"2","Other/Unknown","T1",0.9967,0.0033,"LOW"
62,"2","Other/Unknown","T1",0.9976,0.0024,"LOW"
63,"2","Other/Unknown","T1",0.9976,0.0024,"LOW"
64,"2","Other/Unknown","T1",0.9976,0.0024,"LOW"
65,"2","Other/Unknown","T1",0.9975,0.0025,"LOW"
66,"2","Other/Unknown","T1",0.9968,0.0032,"LOW"
67,"2","Other/Unknown","T1",0.9969,0.0031,"LOW"
68,"2","Other/Unknown","T1",0.9974,0.0026,"LOW"
69,"2","Other/Unknown","T1",0.9974,0.0026,"LOW"
70,"2","Other/Unknown","T1",0.9973,0.0027,"LOW"
71,"2","Other/Unknown","T1",0.9972,0.0028,"LOW"
72,"2","Other/Unknown","T1",0.9958,0.0042,"LOW"
73,"2","Other/Unknown","T1",0.9963,0.0037,"LOW"
74,"2","Other/Unknown","T1",0.9948,0.0052,"LOW"
75,"2","Other/Unknown","T1",0.9931,0.0069,"LOW"
76,"2","Other/Unknown","T1",0.994,0.006,"LOW"
77,"2","Other/Unknown","T1",0.994,0.006,"LOW"
78,"2","Other/Unknown","T1",0.9915,0.0085,"LOW"
79,"2","Other/Unknown","T1",0.9678,0.0322,"LOW"
80,"2","Other/Unknown","T1",0.9943,0.0057,"LOW"
81,"2","Other/Unknown","T1",0.9943,0.0057,"LOW"
82,"2","Other/Unknown","T1",0.9944,0.0056,"LOW"
83,"2","Other/Unknown","T1",0.9943,0.0057,"LOW"
84,"2","Other/Unknown","T1",0.9937,0.0063,"LOW"
85,"2","Other/Unknown","T1",0.994,0.006,"LOW"
86,"2","Other/Unknown","T1",0.994,0.006,"LOW"
87,"2","Other/Unknown","T1",0.9934,0.0066,"LOW"
88,"2","Other/Unknown","T1",0.994,0.006,"LOW"
89,"2","Other/Unknown","T1",0.9939,0.0061,"LOW"
90,"2","Other/Unknown","T1",0.994,0.006,"LOW"
91,"2","Other/Unknown","T1",0.994,0.006,"LOW"
92,"2","Other/Unknown","T1",0.994,0.006,"LOW"
93,"2","Other/Unknown","T1",0.994,0.006,"LOW"
94,"2","Other/Unknown","T1",0.994,0.006,"LOW"
95,"2","Other/Unknown","T1",0.994,0.006,"LOW"
96,"2","Other/Unknown","T1",0.994,0.006,"LOW"
97,"2","Other/Unknown","T1",0.994,0.006,"LOW"
98,"2","Other/Unknown","T1",0.994,0.006,"LOW"
99,"2","Other/Unknown","T1",0.994,0.006,"LOW"
0,"1","N0","T2",0.9952,0.0048,"LOW"
1,"1","N0","T2",0.9952,0.0048,"LOW"
2,"1","N0","T2",0.9952,0.0048,"LOW"
3,"1","N0","T2",0.9952,0.0048,"LOW"
4,"1","N0","T2",0.9952,0.0048,"LOW"
5,"1","N0","T2",0.9952,0.0048,"LOW"
6,"1","N0","T2",0.9952,0.0048,"LOW"
7,"1","N0","T2",0.9952,0.0048,"LOW"
8,"1","N0","T2",0.9952,0.0048,"LOW"
9,"1","N0","T2",0.9952,0.0048,"LOW"
10,"1","N0","T2",0.9952,0.0048,"LOW"
11,"1","N0","T2",0.9952,0.0048,"LOW"
12,"1","N0","T2",0.9952,0.0048,"LOW"
13,"1","N0","T2",0.9952,0.0048,"LOW"
14,"1","N0","T2",0.9952,0.0048,"LOW"
15,"1","N0","T2",0.9952,0.0048,"LOW"
16,"1","N0","T2",0.9952,0.0048,"LOW"
17,"1","N0","T2",0.9952,0.0048,"LOW"
18,"1","N0","T2",0.9952,0.0048,"LOW"
19,"1","N0","T2",0.9952,0.0048,"LOW"
20,"1","N0","T2",0.9952,0.0048,"LOW"
21,"1","N0","T2",0.9869,0.0131,"LOW"
22,"1","N0","T2",0.9959,0.0041,"LOW"
23,"1","N0","T2",0.9959,0.0041,"LOW"
24,"1","N0","T2",0.9959,0.0041,"LOW"
25,"1","N0","T2",0.9959,0.0041,"LOW"
26,"1","N0","T2",0.9948,0.0052,"LOW"
27,"1","N0","T2",0.996,0.004,"LOW"
28,"1","N0","T2",0.996,0.004,"LOW"
29,"1","N0","T2",0.996,0.004,"LOW"
30,"1","N0","T2",0.9959,0.0041,"LOW"
31,"1","N0","T2",0.9946,0.0054,"LOW"
32,"1","N0","T2",0.996,0.004,"LOW"
33,"1","N0","T2",0.996,0.004,"LOW"
34,"1","N0","T2",0.9953,0.0047,"LOW"
35,"1","N0","T2",0.9961,0.0039,"LOW"
36,"1","N0","T2",0.9961,0.0039,"LOW"
37,"1","N0","T2",0.9959,0.0041,"LOW"
38,"1","N0","T2",0.9957,0.0043,"LOW"
39,"1","N0","T2",0.9959,0.0041,"LOW"
40,"1","N0","T2",0.9958,0.0042,"LOW"
41,"1","N0","T2",0.996,0.004,"LOW"
42,"1","N0","T2",0.996,0.004,"LOW"
43,"1","N0","T2",0.9952,0.0048,"LOW"
44,"1","N0","T2",0.996,0.004,"LOW"
45,"1","N0","T2",0.996,0.004,"LOW"
46,"1","N0","T2",0.9957,0.0043,"LOW"
47,"1","N0","T2",0.9959,0.0041,"LOW"
48,"1","N0","T2",0.9959,0.0041,"LOW"
49,"1","N0","T2",0.9957,0.0043,"LOW"
50,"1","N0","T2",0.9959,0.0041,"LOW"
51,"1","N0","T2",0.9954,0.0046,"LOW"
52,"1","N0","T2",0.9955,0.0045,"LOW"
53,"1","N0","T2",0.9956,0.0044,"LOW"
54,"1","N0","T2",0.9953,0.0047,"LOW"
55,"1","N0","T2",0.995,0.005,"LOW"
56,"1","N0","T2",0.9939,0.0061,"LOW"
57,"1","N0","T2",0.9946,0.0054,"LOW"
58,"1","N0","T2",0.9948,0.0052,"LOW"
59,"1","N0","T2",0.9954,0.0046,"LOW"
60,"1","N0","T2",0.9956,0.0044,"LOW"
61,"1","N0","T2",0.9954,0.0046,"LOW"
62,"1","N0","T2",0.994,0.006,"LOW"
63,"1","N0","T2",0.9936,0.0064,"LOW"
64,"1","N0","T2",0.9933,0.0067,"LOW"
65,"1","N0","T2",0.9941,0.0059,"LOW"
66,"1","N0","T2",0.9939,0.0061,"LOW"
67,"1","N0","T2",0.9936,0.0064,"LOW"
68,"1","N0","T2",0.9944,0.0056,"LOW"
69,"1","N0","T2",0.994,0.006,"LOW"
70,"1","N0","T2",0.9941,0.0059,"LOW"
71,"1","N0","T2",0.994,0.006,"LOW"
72,"1","N0","T2",0.9932,0.0068,"LOW"
73,"1","N0","T2",0.9933,0.0067,"LOW"
74,"1","N0","T2",0.9917,0.0083,"LOW"
75,"1","N0","T2",0.9926,0.0074,"LOW"
76,"1","N0","T2",0.992,0.008,"LOW"
77,"1","N0","T2",0.9921,0.0079,"LOW"
78,"1","N0","T2",0.992,0.008,"LOW"
79,"1","N0","T2",0.9915,0.0085,"LOW"
80,"1","N0","T2",0.9917,0.0083,"LOW"
81,"1","N0","T2",0.9925,0.0075,"LOW"
82,"1","N0","T2",0.992,0.008,"LOW"
83,"1","N0","T2",0.9906,0.0094,"LOW"
84,"1","N0","T2",0.9904,0.0096,"LOW"
85,"1","N0","T2",0.9897,0.0103,"LOW"
86,"1","N0","T2",0.9884,0.0116,"LOW"
87,"1","N0","T2",0.99,0.01,"LOW"
88,"1","N0","T2",0.9857,0.0143,"LOW"
89,"1","N0","T2",0.9915,0.0085,"LOW"
90,"1","N0","T2",0.9933,0.0067,"LOW"
91,"1","N0","T2",0.9933,0.0067,"LOW"
92,"1","N0","T2",0.9933,0.0067,"LOW"
93,"1","N0","T2",0.9933,0.0067,"LOW"
94,"1","N0","T2",0.9933,0.0067,"LOW"
95,"1","N0","T2",0.9933,0.0067,"LOW"
96,"1","N0","T2",0.9933,0.0067,"LOW"
97,"1","N0","T2",0.9933,0.0067,"LOW"
98,"1","N0","T2",0.9933,0.0067,"LOW"
99,"1","N0","T2",0.9933,0.0067,"LOW"
0,"2","N0","T2",0.9962,0.0038,"LOW"
1,"2","N0","T2",0.9962,0.0038,"LOW"
2,"2","N0","T2",0.9962,0.0038,"LOW"
3,"2","N0","T2",0.9962,0.0038,"LOW"
4,"2","N0","T2",0.9962,0.0038,"LOW"
5,"2","N0","T2",0.9962,0.0038,"LOW"
6,"2","N0","T2",0.9962,0.0038,"LOW"
7,"2","N0","T2",0.9962,0.0038,"LOW"
8,"2","N0","T2",0.9962,0.0038,"LOW"
9,"2","N0","T2",0.9962,0.0038,"LOW"
10,"2","N0","T2",0.9962,0.0038,"LOW"
11,"2","N0","T2",0.9962,0.0038,"LOW"
12,"2","N0","T2",0.9962,0.0038,"LOW"
13,"2","N0","T2",0.9962,0.0038,"LOW"
14,"2","N0","T2",0.9962,0.0038,"LOW"
15,"2","N0","T2",0.9962,0.0038,"LOW"
16,"2","N0","T2",0.9962,0.0038,"LOW"
17,"2","N0","T2",0.9962,0.0038,"LOW"
18,"2","N0","T2",0.9962,0.0038,"LOW"
19,"2","N0","T2",0.9962,0.0038,"LOW"
20,"2","N0","T2",0.9962,0.0038,"LOW"
21,"2","N0","T2",0.9958,0.0042,"LOW"
22,"2","N0","T2",0.9961,0.0039,"LOW"
23,"2","N0","T2",0.9961,0.0039,"LOW"
24,"2","N0","T2",0.9961,0.0039,"LOW"
25,"2","N0","T2",0.9961,0.0039,"LOW"
26,"2","N0","T2",0.992,0.008,"LOW"
27,"2","N0","T2",0.996,0.004,"LOW"
28,"2","N0","T2",0.996,0.004,"LOW"
29,"2","N0","T2",0.996,0.004,"LOW"
30,"2","N0","T2",0.9954,0.0046,"LOW"
31,"2","N0","T2",0.9961,0.0039,"LOW"
32,"2","N0","T2",0.9962,0.0038,"LOW"
33,"2","N0","T2",0.9962,0.0038,"LOW"
34,"2","N0","T2",0.9962,0.0038,"LOW"
35,"2","N0","T2",0.9961,0.0039,"LOW"
36,"2","N0","T2",0.9961,0.0039,"LOW"
37,"2","N0","T2",0.9954,0.0046,"LOW"
38,"2","N0","T2",0.9958,0.0042,"LOW"
39,"2","N0","T2",0.9954,0.0046,"LOW"
40,"2","N0","T2",0.9947,0.0053,"LOW"
41,"2","N0","T2",0.996,0.004,"LOW"
42,"2","N0","T2",0.996,0.004,"LOW"
43,"2","N0","T2",0.996,0.004,"LOW"
44,"2","N0","T2",0.996,0.004,"LOW"
45,"2","N0","T2",0.996,0.004,"LOW"
46,"2","N0","T2",0.9954,0.0046,"LOW"
47,"2","N0","T2",0.9948,0.0052,"LOW"
48,"2","N0","T2",0.9951,0.0049,"LOW"
49,"2","N0","T2",0.9953,0.0047,"LOW"
50,"2","N0","T2",0.9953,0.0047,"LOW"
51,"2","N0","T2",0.9949,0.0051,"LOW"
52,"2","N0","T2",0.995,0.005,"LOW"
53,"2","N0","T2",0.9954,0.0046,"LOW"
54,"2","N0","T2",0.9952,0.0048,"LOW"
55,"2","N0","T2",0.9946,0.0054,"LOW"
56,"2","N0","T2",0.9954,0.0046,"LOW"
57,"2","N0","T2",0.9953,0.0047,"LOW"
58,"2","N0","T2",0.9951,0.0049,"LOW"
59,"2","N0","T2",0.9961,0.0039,"LOW"
60,"2","N0","T2",0.9962,0.0038,"LOW"
61,"2","N0","T2",0.9961,0.0039,"LOW"
62,"2","N0","T2",0.9955,0.0045,"LOW"
63,"2","N0","T2",0.9956,0.0044,"LOW"
64,"2","N0","T2",0.9945,0.0055,"LOW"
65,"2","N0","T2",0.9947,0.0053,"LOW"
66,"2","N0","T2",0.9949,0.0051,"LOW"
67,"2","N0","T2",0.9953,0.0047,"LOW"
68,"2","N0","T2",0.9951,0.0049,"LOW"
69,"2","N0","T2",0.9946,0.0054,"LOW"
70,"2","N0","T2",0.9953,0.0047,"LOW"
71,"2","N0","T2",0.995,0.005,"LOW"
72,"2","N0","T2",0.9947,0.0053,"LOW"
73,"2","N0","T2",0.9951,0.0049,"LOW"
74,"2","N0","T2",0.9933,0.0067,"LOW"
75,"2","N0","T2",0.9913,0.0087,"LOW"
76,"2","N0","T2",0.9908,0.0092,"LOW"
77,"2","N0","T2",0.9926,0.0074,"LOW"
78,"2","N0","T2",0.9925,0.0075,"LOW"
79,"2","N0","T2",0.9923,0.0077,"LOW"
80,"2","N0","T2",0.9902,0.0098,"LOW"
81,"2","N0","T2",0.9925,0.0075,"LOW"
82,"2","N0","T2",0.9929,0.0071,"LOW"
83,"2","N0","T2",0.9932,0.0068,"LOW"
84,"2","N0","T2",0.9932,0.0068,"LOW"
85,"2","N0","T2",0.9921,0.0079,"LOW"
86,"2","N0","T2",0.9913,0.0087,"LOW"
87,"2","N0","T2",0.9893,0.0107,"LOW"
88,"2","N0","T2",0.9857,0.0143,"LOW"
89,"2","N0","T2",0.9906,0.0094,"LOW"
90,"2","N0","T2",0.993,0.007,"LOW"
91,"2","N0","T2",0.993,0.007,"LOW"
92,"2","N0","T2",0.993,0.007,"LOW"
93,"2","N0","T2",0.993,0.007,"LOW"
94,"2","N0","T2",0.993,0.007,"LOW"
95,"2","N0","T2",0.993,0.007,"LOW"
96,"2","N0","T2",0.993,0.007,"LOW"
97,"2","N0","T2",0.993,0.007,"LOW"
98,"2","N0","T2",0.993,0.007,"LOW"
99,"2","N0","T2",0.993,0.007,"LOW"
0,"1","N1","T2",0.9393,0.0607,"LOW"
1,"1","N1","T2",0.9393,0.0607,"LOW"
2,"1","N1","T2",0.9393,0.0607,"LOW"
3,"1","N1","T2",0.9393,0.0607,"LOW"
4,"1","N1","T2",0.9393,0.0607,"LOW"
5,"1","N1","T2",0.9393,0.0607,"LOW"
6,"1","N1","T2",0.9393,0.0607,"LOW"
7,"1","N1","T2",0.9393,0.0607,"LOW"
8,"1","N1","T2",0.9393,0.0607,"LOW"
9,"1","N1","T2",0.9393,0.0607,"LOW"
10,"1","N1","T2",0.9393,0.0607,"LOW"
11,"1","N1","T2",0.9393,0.0607,"LOW"
12,"1","N1","T2",0.9393,0.0607,"LOW"
13,"1","N1","T2",0.9393,0.0607,"LOW"
14,"1","N1","T2",0.9393,0.0607,"LOW"
15,"1","N1","T2",0.9393,0.0607,"LOW"
16,"1","N1","T2",0.9393,0.0607,"LOW"
17,"1","N1","T2",0.9393,0.0607,"LOW"
18,"1","N1","T2",0.9393,0.0607,"LOW"
19,"1","N1","T2",0.9393,0.0607,"LOW"
20,"1","N1","T2",0.938,0.062,"LOW"
21,"1","N1","T2",0.9373,0.0627,"LOW"
22,"1","N1","T2",0.9373,0.0627,"LOW"
23,"1","N1","T2",0.9373,0.0627,"LOW"
24,"1","N1","T2",0.9373,0.0627,"LOW"
25,"1","N1","T2",0.734,0.266,"LOW"
26,"1","N1","T2",0.7962,0.2038,"LOW"
27,"1","N1","T2",0.9629,0.0371,"LOW"
28,"1","N1","T2",0.9697,0.0303,"LOW"
29,"1","N1","T2",0.9697,0.0303,"LOW"
30,"1","N1","T2",0.9702,0.0298,"LOW"
31,"1","N1","T2",0.9705,0.0295,"LOW"
32,"1","N1","T2",0.9706,0.0294,"LOW"
33,"1","N1","T2",0.9705,0.0295,"LOW"
34,"1","N1","T2",0.9705,0.0295,"LOW"
35,"1","N1","T2",0.9705,0.0295,"LOW"
36,"1","N1","T2",0.9705,0.0295,"LOW"
37,"1","N1","T2",0.9705,0.0295,"LOW"
38,"1","N1","T2",0.9694,0.0306,"LOW"
39,"1","N1","T2",0.9704,0.0296,"LOW"
40,"1","N1","T2",0.9704,0.0296,"LOW"
41,"1","N1","T2",0.9703,0.0297,"LOW"
42,"1","N1","T2",0.9704,0.0296,"LOW"
43,"1","N1","T2",0.9704,0.0296,"LOW"
44,"1","N1","T2",0.9696,0.0304,"LOW"
45,"1","N1","T2",0.9695,0.0305,"LOW"
46,"1","N1","T2",0.9677,0.0323,"LOW"
47,"1","N1","T2",0.9691,0.0309,"LOW"
48,"1","N1","T2",0.9355,0.0645,"LOW"
49,"1","N1","T2",0.9584,0.0416,"LOW"
50,"1","N1","T2",0.9584,0.0416,"LOW"
51,"1","N1","T2",0.9584,0.0416,"LOW"
52,"1","N1","T2",0.9411,0.0589,"LOW"
53,"1","N1","T2",0.9509,0.0491,"LOW"
54,"1","N1","T2",0.954,0.046,"LOW"
55,"1","N1","T2",0.9366,0.0634,"LOW"
56,"1","N1","T2",0.9562,0.0438,"LOW"
57,"1","N1","T2",0.9543,0.0457,"LOW"
58,"1","N1","T2",0.9674,0.0326,"LOW"
59,"1","N1","T2",0.9672,0.0328,"LOW"
60,"1","N1","T2",0.9672,0.0328,"LOW"
61,"1","N1","T2",0.9672,0.0328,"LOW"
62,"1","N1","T2",0.9671,0.0329,"LOW"
63,"1","N1","T2",0.9671,0.0329,"LOW"
64,"1","N1","T2",0.967,0.033,"LOW"
65,"1","N1","T2",0.967,0.033,"LOW"
66,"1","N1","T2",0.9402,0.0598,"LOW"
67,"1","N1","T2",0.9552,0.0448,"LOW"
68,"1","N1","T2",0.9253,0.0747,"LOW"
69,"1","N1","T2",0.9308,0.0692,"LOW"
70,"1","N1","T2",0.9431,0.0569,"LOW"
71,"1","N1","T2",0.9455,0.0545,"LOW"
72,"1","N1","T2",0.9555,0.0445,"LOW"
73,"1","N1","T2",0.9572,0.0428,"LOW"
74,"1","N1","T2",0.9555,0.0445,"LOW"
75,"1","N1","T2",0.9452,0.0548,"LOW"
76,"1","N1","T2",0.9579,0.0421,"LOW"
77,"1","N1","T2",0.9491,0.0509,"LOW"
78,"1","N1","T2",0.9613,0.0387,"LOW"
79,"1","N1","T2",0.9609,0.0391,"LOW"
80,"1","N1","T2",0.9611,0.0389,"LOW"
81,"1","N1","T2",0.9554,0.0446,"LOW"
82,"1","N1","T2",0.9614,0.0386,"LOW"
83,"1","N1","T2",0.9621,0.0379,"LOW"
84,"1","N1","T2",0.9622,0.0378,"LOW"
85,"1","N1","T2",0.9624,0.0376,"LOW"
86,"1","N1","T2",0.9624,0.0376,"LOW"
87,"1","N1","T2",0.8733,0.1267,"LOW"
88,"1","N1","T2",0.8194,0.1806,"LOW"
89,"1","N1","T2",0.9136,0.0864,"LOW"
90,"1","N1","T2",0.9085,0.0915,"LOW"
91,"1","N1","T2",0.9085,0.0915,"LOW"
92,"1","N1","T2",0.9085,0.0915,"LOW"
93,"1","N1","T2",0.9085,0.0915,"LOW"
94,"1","N1","T2",0.9085,0.0915,"LOW"
95,"1","N1","T2",0.9085,0.0915,"LOW"
96,"1","N1","T2",0.9085,0.0915,"LOW"
97,"1","N1","T2",0.9085,0.0915,"LOW"
98,"1","N1","T2",0.9085,0.0915,"LOW"
99,"1","N1","T2",0.9085,0.0915,"LOW"
0,"2","N1","T2",0.9811,0.0189,"LOW"
1,"2","N1","T2",0.9811,0.0189,"LOW"
2,"2","N1","T2",0.9811,0.0189,"LOW"
3,"2","N1","T2",0.9811,0.0189,"LOW"
4,"2","N1","T2",0.9811,0.0189,"LOW"
5,"2","N1","T2",0.9811,0.0189,"LOW"
6,"2","N1","T2",0.9811,0.0189,"LOW"
7,"2","N1","T2",0.9811,0.0189,"LOW"
8,"2","N1","T2",0.9811,0.0189,"LOW"
9,"2","N1","T2",0.9811,0.0189,"LOW"
10,"2","N1","T2",0.9811,0.0189,"LOW"
11,"2","N1","T2",0.9811,0.0189,"LOW"
12,"2","N1","T2",0.9811,0.0189,"LOW"
13,"2","N1","T2",0.9811,0.0189,"LOW"
14,"2","N1","T2",0.9811,0.0189,"LOW"
15,"2","N1","T2",0.9811,0.0189,"LOW"
16,"2","N1","T2",0.9811,0.0189,"LOW"
17,"2","N1","T2",0.9811,0.0189,"LOW"
18,"2","N1","T2",0.9811,0.0189,"LOW"
19,"2","N1","T2",0.9811,0.0189,"LOW"
20,"2","N1","T2",0.9791,0.0209,"LOW"
21,"2","N1","T2",0.9811,0.0189,"LOW"
22,"2","N1","T2",0.9811,0.0189,"LOW"
23,"2","N1","T2",0.9811,0.0189,"LOW"
24,"2","N1","T2",0.9785,0.0215,"LOW"
25,"2","N1","T2",0.9607,0.0393,"LOW"
26,"2","N1","T2",0.9639,0.0361,"LOW"
27,"2","N1","T2",0.9819,0.0181,"LOW"
28,"2","N1","T2",0.9826,0.0174,"LOW"
29,"2","N1","T2",0.9826,0.0174,"LOW"
30,"2","N1","T2",0.9826,0.0174,"LOW"
31,"2","N1","T2",0.9826,0.0174,"LOW"
32,"2","N1","T2",0.9826,0.0174,"LOW"
33,"2","N1","T2",0.9826,0.0174,"LOW"
34,"2","N1","T2",0.9826,0.0174,"LOW"
35,"2","N1","T2",0.9826,0.0174,"LOW"
36,"2","N1","T2",0.9826,0.0174,"LOW"
37,"2","N1","T2",0.9823,0.0177,"LOW"
38,"2","N1","T2",0.9602,0.0398,"LOW"
39,"2","N1","T2",0.9825,0.0175,"LOW"
40,"2","N1","T2",0.9825,0.0175,"LOW"
41,"2","N1","T2",0.9825,0.0175,"LOW"
42,"2","N1","T2",0.9825,0.0175,"LOW"
43,"2","N1","T2",0.9825,0.0175,"LOW"
44,"2","N1","T2",0.9824,0.0176,"LOW"
45,"2","N1","T2",0.9824,0.0176,"LOW"
46,"2","N1","T2",0.9823,0.0177,"LOW"
47,"2","N1","T2",0.9823,0.0177,"LOW"
48,"2","N1","T2",0.9649,0.0351,"LOW"
49,"2","N1","T2",0.9807,0.0193,"LOW"
50,"2","N1","T2",0.9807,0.0193,"LOW"
51,"2","N1","T2",0.9807,0.0193,"LOW"
52,"2","N1","T2",0.9799,0.0201,"LOW"
53,"2","N1","T2",0.9802,0.0198,"LOW"
54,"2","N1","T2",0.98,0.02,"LOW"
55,"2","N1","T2",0.9778,0.0222,"LOW"
56,"2","N1","T2",0.9385,0.0615,"LOW"
57,"2","N1","T2",0.9712,0.0288,"LOW"
58,"2","N1","T2",0.9808,0.0192,"LOW"
59,"2","N1","T2",0.9809,0.0191,"LOW"
60,"2","N1","T2",0.981,0.019,"LOW"
61,"2","N1","T2",0.9803,0.0197,"LOW"
62,"2","N1","T2",0.9806,0.0194,"LOW"
63,"2","N1","T2",0.9806,0.0194,"LOW"
64,"2","N1","T2",0.9806,0.0194,"LOW"
65,"2","N1","T2",0.9807,0.0193,"LOW"
66,"2","N1","T2",0.9775,0.0225,"LOW"
67,"2","N1","T2",0.9786,0.0214,"LOW"
68,"2","N1","T2",0.9697,0.0303,"LOW"
69,"2","N1","T2",0.9707,0.0293,"LOW"
70,"2","N1","T2",0.9711,0.0289,"LOW"
71,"2","N1","T2",0.9121,0.0879,"LOW"
72,"2","N1","T2",0.9115,0.0885,"LOW"
73,"2","N1","T2",0.9496,0.0504,"LOW"
74,"2","N1","T2",0.9157,0.0843,"LOW"
75,"2","N1","T2",0.9555,0.0445,"LOW"
76,"2","N1","T2",0.9591,0.0409,"LOW"
77,"2","N1","T2",0.959,0.041,"LOW"
78,"2","N1","T2",0.9591,0.0409,"LOW"
79,"2","N1","T2",0.959,0.041,"LOW"
80,"2","N1","T2",0.9573,0.0427,"LOW"
81,"2","N1","T2",0.9019,0.0981,"LOW"
82,"2","N1","T2",0.9216,0.0784,"LOW"
83,"2","N1","T2",0.9462,0.0538,"LOW"
84,"2","N1","T2",0.9475,0.0525,"LOW"
85,"2","N1","T2",0.9478,0.0522,"LOW"
86,"2","N1","T2",0.9478,0.0522,"LOW"
87,"2","N1","T2",0.9151,0.0849,"LOW"
88,"2","N1","T2",0.8998,0.1002,"LOW"
89,"2","N1","T2",0.8917,0.1083,"LOW"
90,"2","N1","T2",0.9384,0.0616,"LOW"
91,"2","N1","T2",0.9384,0.0616,"LOW"
92,"2","N1","T2",0.9384,0.0616,"LOW"
93,"2","N1","T2",0.9384,0.0616,"LOW"
94,"2","N1","T2",0.9384,0.0616,"LOW"
95,"2","N1","T2",0.9384,0.0616,"LOW"
96,"2","N1","T2",0.9384,0.0616,"LOW"
97,"2","N1","T2",0.9384,0.0616,"LOW"
98,"2","N1","T2",0.9384,0.0616,"LOW"
99,"2","N1","T2",0.9384,0.0616,"LOW"
0,"1","N2","T2",0.9323,0.0677,"LOW"
1,"1","N2","T2",0.9323,0.0677,"LOW"
2,"1","N2","T2",0.9323,0.0677,"LOW"
3,"1","N2","T2",0.9323,0.0677,"LOW"
4,"1","N2","T2",0.9323,0.0677,"LOW"
5,"1","N2","T2",0.9323,0.0677,"LOW"
6,"1","N2","T2",0.9323,0.0677,"LOW"
7,"1","N2","T2",0.9323,0.0677,"LOW"
8,"1","N2","T2",0.9323,0.0677,"LOW"
9,"1","N2","T2",0.9323,0.0677,"LOW"
10,"1","N2","T2",0.9323,0.0677,"LOW"
11,"1","N2","T2",0.9323,0.0677,"LOW"
12,"1","N2","T2",0.9323,0.0677,"LOW"
13,"1","N2","T2",0.9323,0.0677,"LOW"
14,"1","N2","T2",0.9323,0.0677,"LOW"
15,"1","N2","T2",0.9323,0.0677,"LOW"
16,"1","N2","T2",0.9303,0.0697,"LOW"
17,"1","N2","T2",0.9273,0.0727,"LOW"
18,"1","N2","T2",0.9273,0.0727,"LOW"
19,"1","N2","T2",0.9269,0.0731,"LOW"
20,"1","N2","T2",0.9269,0.0731,"LOW"
21,"1","N2","T2",0.9069,0.0931,"LOW"
22,"1","N2","T2",0.8609,0.1391,"LOW"
23,"1","N2","T2",0.7978,0.2022,"LOW"
24,"1","N2","T2",0.7881,0.2119,"LOW"
25,"1","N2","T2",0.8537,0.1463,"LOW"
26,"1","N2","T2",0.9179,0.0821,"LOW"
27,"1","N2","T2",0.9042,0.0958,"LOW"
28,"1","N2","T2",0.9019,0.0981,"LOW"
29,"1","N2","T2",0.9401,0.0599,"LOW"
30,"1","N2","T2",0.9401,0.0599,"LOW"
31,"1","N2","T2",0.9383,0.0617,"LOW"
32,"1","N2","T2",0.9326,0.0674,"LOW"
33,"1","N2","T2",0.9363,0.0637,"LOW"
34,"1","N2","T2",0.9383,0.0617,"LOW"
35,"1","N2","T2",0.9388,0.0612,"LOW"
36,"1","N2","T2",0.9388,0.0612,"LOW"
37,"1","N2","T2",0.9333,0.0667,"LOW"
38,"1","N2","T2",0.9186,0.0814,"LOW"
39,"1","N2","T2",0.8846,0.1154,"LOW"
40,"1","N2","T2",0.8569,0.1431,"LOW"
41,"1","N2","T2",0.9177,0.0823,"LOW"
42,"1","N2","T2",0.9423,0.0577,"LOW"
43,"1","N2","T2",0.9423,0.0577,"LOW"
44,"1","N2","T2",0.9428,0.0572,"LOW"
45,"1","N2","T2",0.9425,0.0575,"LOW"
46,"1","N2","T2",0.9424,0.0576,"LOW"
47,"1","N2","T2",0.9438,0.0562,"LOW"
48,"1","N2","T2",0.9438,0.0562,"LOW"
49,"1","N2","T2",0.9245,0.0755,"LOW"
50,"1","N2","T2",0.9244,0.0756,"LOW"
51,"1","N2","T2",0.9397,0.0603,"LOW"
52,"1","N2","T2",0.9404,0.0596,"LOW"
53,"1","N2","T2",0.9397,0.0603,"LOW"
54,"1","N2","T2",0.8991,0.1009,"LOW"
55,"1","N2","T2",0.9386,0.0614,"LOW"
56,"1","N2","T2",0.9088,0.0912,"LOW"
57,"1","N2","T2",0.9367,0.0633,"LOW"
58,"1","N2","T2",0.9378,0.0622,"LOW"
59,"1","N2","T2",0.9116,0.0884,"LOW"
60,"1","N2","T2",0.8955,0.1045,"LOW"
61,"1","N2","T2",0.9303,0.0697,"LOW"
62,"1","N2","T2",0.9306,0.0694,"LOW"
63,"1","N2","T2",0.9011,0.0989,"LOW"
64,"1","N2","T2",0.8912,0.1088,"LOW"
65,"1","N2","T2",0.8985,0.1015,"LOW"
66,"1","N2","T2",0.9233,0.0767,"LOW"
67,"1","N2","T2",0.8798,0.1202,"LOW"
68,"1","N2","T2",0.9222,0.0778,"LOW"
69,"1","N2","T2",0.9082,0.0918,"LOW"
70,"1","N2","T2",0.9073,0.0927,"LOW"
71,"1","N2","T2",0.9319,0.0681,"LOW"
72,"1","N2","T2",0.9412,0.0588,"LOW"
73,"1","N2","T2",0.9415,0.0585,"LOW"
74,"1","N2","T2",0.9425,0.0575,"LOW"
75,"1","N2","T2",0.8852,0.1148,"LOW"
76,"1","N2","T2",0.9542,0.0458,"LOW"
77,"1","N2","T2",0.9564,0.0436,"LOW"
78,"1","N2","T2",0.9553,0.0447,"LOW"
79,"1","N2","T2",0.9587,0.0413,"LOW"
80,"1","N2","T2",0.9589,0.0411,"LOW"
81,"1","N2","T2",0.9587,0.0413,"LOW"
82,"1","N2","T2",0.947,0.053,"LOW"
83,"1","N2","T2",0.954,0.046,"LOW"
84,"1","N2","T2",0.9582,0.0418,"LOW"
85,"1","N2","T2",0.9582,0.0418,"LOW"
86,"1","N2","T2",0.9583,0.0417,"LOW"
87,"1","N2","T2",0.9584,0.0416,"LOW"
88,"1","N2","T2",0.9352,0.0648,"LOW"
89,"1","N2","T2",0.9466,0.0534,"LOW"
90,"1","N2","T2",0.9095,0.0905,"LOW"
91,"1","N2","T2",0.9095,0.0905,"LOW"
92,"1","N2","T2",0.9095,0.0905,"LOW"
93,"1","N2","T2",0.9095,0.0905,"LOW"
94,"1","N2","T2",0.9095,0.0905,"LOW"
95,"1","N2","T2",0.9095,0.0905,"LOW"
96,"1","N2","T2",0.9095,0.0905,"LOW"
97,"1","N2","T2",0.9095,0.0905,"LOW"
98,"1","N2","T2",0.9095,0.0905,"LOW"
99,"1","N2","T2",0.9095,0.0905,"LOW"
0,"2","N2","T2",0.9227,0.0773,"LOW"
1,"2","N2","T2",0.9227,0.0773,"LOW"
2,"2","N2","T2",0.9227,0.0773,"LOW"
3,"2","N2","T2",0.9227,0.0773,"LOW"
4,"2","N2","T2",0.9227,0.0773,"LOW"
5,"2","N2","T2",0.9227,0.0773,"LOW"
6,"2","N2","T2",0.9227,0.0773,"LOW"
7,"2","N2","T2",0.9227,0.0773,"LOW"
8,"2","N2","T2",0.9227,0.0773,"LOW"
9,"2","N2","T2",0.9227,0.0773,"LOW"
10,"2","N2","T2",0.9227,0.0773,"LOW"
11,"2","N2","T2",0.9227,0.0773,"LOW"
12,"2","N2","T2",0.9227,0.0773,"LOW"
13,"2","N2","T2",0.9227,0.0773,"LOW"
14,"2","N2","T2",0.9227,0.0773,"LOW"
15,"2","N2","T2",0.9127,0.0873,"LOW"
16,"2","N2","T2",0.9107,0.0893,"LOW"
17,"2","N2","T2",0.9127,0.0873,"LOW"
18,"2","N2","T2",0.9127,0.0873,"LOW"
19,"2","N2","T2",0.9204,0.0796,"LOW"
20,"2","N2","T2",0.9204,0.0796,"LOW"
21,"2","N2","T2",0.9194,0.0806,"LOW"
22,"2","N2","T2",0.9,0.1,"LOW"
23,"2","N2","T2",0.8781,0.1219,"LOW"
24,"2","N2","T2",0.8776,0.1224,"LOW"
25,"2","N2","T2",0.9266,0.0734,"LOW"
26,"2","N2","T2",0.9313,0.0687,"LOW"
27,"2","N2","T2",0.833,0.167,"LOW"
28,"2","N2","T2",0.8382,0.1618,"LOW"
29,"2","N2","T2",0.9335,0.0665,"LOW"
30,"2","N2","T2",0.9508,0.0492,"LOW"
31,"2","N2","T2",0.9543,0.0457,"LOW"
32,"2","N2","T2",0.9545,0.0455,"LOW"
33,"2","N2","T2",0.9556,0.0444,"LOW"
34,"2","N2","T2",0.9556,0.0444,"LOW"
35,"2","N2","T2",0.9556,0.0444,"LOW"
36,"2","N2","T2",0.9559,0.0441,"LOW"
37,"2","N2","T2",0.9558,0.0442,"LOW"
38,"2","N2","T2",0.9531,0.0469,"LOW"
39,"2","N2","T2",0.9486,0.0514,"LOW"
40,"2","N2","T2",0.9172,0.0828,"LOW"
41,"2","N2","T2",0.9529,0.0471,"LOW"
42,"2","N2","T2",0.9567,0.0433,"LOW"
43,"2","N2","T2",0.9562,0.0438,"LOW"
44,"2","N2","T2",0.9568,0.0432,"LOW"
45,"2","N2","T2",0.9566,0.0434,"LOW"
46,"2","N2","T2",0.9564,0.0436,"LOW"
47,"2","N2","T2",0.9558,0.0442,"LOW"
48,"2","N2","T2",0.9558,0.0442,"LOW"
49,"2","N2","T2",0.9485,0.0515,"LOW"
50,"2","N2","T2",0.9483,0.0517,"LOW"
51,"2","N2","T2",0.9524,0.0476,"LOW"
52,"2","N2","T2",0.9537,0.0463,"LOW"
53,"2","N2","T2",0.9531,0.0469,"LOW"
54,"2","N2","T2",0.9472,0.0528,"LOW"
55,"2","N2","T2",0.9508,0.0492,"LOW"
56,"2","N2","T2",0.9449,0.0551,"LOW"
57,"2","N2","T2",0.9475,0.0525,"LOW"
58,"2","N2","T2",0.9465,0.0535,"LOW"
59,"2","N2","T2",0.8686,0.1314,"LOW"
60,"2","N2","T2",0.9092,0.0908,"LOW"
61,"2","N2","T2",0.9367,0.0633,"LOW"
62,"2","N2","T2",0.9363,0.0637,"LOW"
63,"2","N2","T2",0.9262,0.0738,"LOW"
64,"2","N2","T2",0.8835,0.1165,"LOW"
65,"2","N2","T2",0.9085,0.0915,"LOW"
66,"2","N2","T2",0.9264,0.0736,"LOW"
67,"2","N2","T2",0.9148,0.0852,"LOW"
68,"2","N2","T2",0.925,0.075,"LOW"
69,"2","N2","T2",0.9101,0.0899,"LOW"
70,"2","N2","T2",0.9184,0.0816,"LOW"
71,"2","N2","T2",0.9294,0.0706,"LOW"
72,"2","N2","T2",0.9304,0.0696,"LOW"
73,"2","N2","T2",0.9298,0.0702,"LOW"
74,"2","N2","T2",0.9269,0.0731,"LOW"
75,"2","N2","T2",0.8736,0.1264,"LOW"
76,"2","N2","T2",0.9008,0.0992,"LOW"
77,"2","N2","T2",0.9253,0.0747,"LOW"
78,"2","N2","T2",0.8636,0.1364,"LOW"
79,"2","N2","T2",0.9001,0.0999,"LOW"
80,"2","N2","T2",0.909,0.091,"LOW"
81,"2","N2","T2",0.9036,0.0964,"LOW"
82,"2","N2","T2",0.8447,0.1553,"LOW"
83,"2","N2","T2",0.8567,0.1433,"LOW"
84,"2","N2","T2",0.9088,0.0912,"LOW"
85,"2","N2","T2",0.9123,0.0877,"LOW"
86,"2","N2","T2",0.9126,0.0874,"LOW"
87,"2","N2","T2",0.9077,0.0923,"LOW"
88,"2","N2","T2",0.8203,0.1797,"LOW"
89,"2","N2","T2",0.8895,0.1105,"LOW"
90,"2","N2","T2",0.732,0.268,"LOW"
91,"2","N2","T2",0.732,0.268,"LOW"
92,"2","N2","T2",0.732,0.268,"LOW"
93,"2","N2","T2",0.732,0.268,"LOW"
94,"2","N2","T2",0.732,0.268,"LOW"
95,"2","N2","T2",0.732,0.268,"LOW"
96,"2","N2","T2",0.732,0.268,"LOW"
97,"2","N2","T2",0.732,0.268,"LOW"
98,"2","N2","T2",0.732,0.268,"LOW"
99,"2","N2","T2",0.732,0.268,"LOW"
0,"1","N3","T2",0.7788,0.2212,"LOW"
1,"1","N3","T2",0.7788,0.2212,"LOW"
2,"1","N3","T2",0.7788,0.2212,"LOW"
3,"1","N3","T2",0.7788,0.2212,"LOW"
4,"1","N3","T2",0.7788,0.2212,"LOW"
5,"1","N3","T2",0.7788,0.2212,"LOW"
6,"1","N3","T2",0.7788,0.2212,"LOW"
7,"1","N3","T2",0.7788,0.2212,"LOW"
8,"1","N3","T2",0.7788,0.2212,"LOW"
9,"1","N3","T2",0.7788,0.2212,"LOW"
10,"1","N3","T2",0.7788,0.2212,"LOW"
11,"1","N3","T2",0.7788,0.2212,"LOW"
12,"1","N3","T2",0.7788,0.2212,"LOW"
13,"1","N3","T2",0.7788,0.2212,"LOW"
14,"1","N3","T2",0.7788,0.2212,"LOW"
15,"1","N3","T2",0.7746,0.2254,"LOW"
16,"1","N3","T2",0.7427,0.2573,"LOW"
17,"1","N3","T2",0.7378,0.2622,"LOW"
18,"1","N3","T2",0.7158,0.2842,"LOW"
19,"1","N3","T2",0.7202,0.2798,"LOW"
20,"1","N3","T2",0.8176,0.1824,"LOW"
21,"1","N3","T2",0.7357,0.2643,"LOW"
22,"1","N3","T2",0.8575,0.1425,"LOW"
23,"1","N3","T2",0.8695,0.1305,"LOW"
24,"1","N3","T2",0.8791,0.1209,"LOW"
25,"1","N3","T2",0.8684,0.1316,"LOW"
26,"1","N3","T2",0.8405,0.1595,"LOW"
27,"1","N3","T2",0.8584,0.1416,"LOW"
28,"1","N3","T2",0.8354,0.1646,"LOW"
29,"1","N3","T2",0.8926,0.1074,"LOW"
30,"1","N3","T2",0.9062,0.0938,"LOW"
31,"1","N3","T2",0.9069,0.0931,"LOW"
32,"1","N3","T2",0.899,0.101,"LOW"
33,"1","N3","T2",0.7898,0.2102,"LOW"
34,"1","N3","T2",0.8005,0.1995,"LOW"
35,"1","N3","T2",0.893,0.107,"LOW"
36,"1","N3","T2",0.8992,0.1008,"LOW"
37,"1","N3","T2",0.8407,0.1593,"LOW"
38,"1","N3","T2",0.7632,0.2368,"LOW"
39,"1","N3","T2",0.793,0.207,"LOW"
40,"1","N3","T2",0.5348,0.4652,"LOW"
41,"1","N3","T2",0.4912,0.5088,"HIGH"
42,"1","N3","T2",0.5632,0.4368,"LOW"
43,"1","N3","T2",0.7593,0.2407,"LOW"
44,"1","N3","T2",0.759,0.241,"LOW"
45,"1","N3","T2",0.6587,0.3413,"LOW"
46,"1","N3","T2",0.6319,0.3681,"LOW"
47,"1","N3","T2",0.6624,0.3376,"LOW"
48,"1","N3","T2",0.7038,0.2962,"LOW"
49,"1","N3","T2",0.7159,0.2841,"LOW"
50,"1","N3","T2",0.6477,0.3523,"LOW"
51,"1","N3","T2",0.5754,0.4246,"LOW"
52,"1","N3","T2",0.5978,0.4022,"LOW"
53,"1","N3","T2",0.7199,0.2801,"LOW"
54,"1","N3","T2",0.7338,0.2662,"LOW"
55,"1","N3","T2",0.7058,0.2942,"LOW"
56,"1","N3","T2",0.7217,0.2783,"LOW"
57,"1","N3","T2",0.6538,0.3462,"LOW"
58,"1","N3","T2",0.6968,0.3032,"LOW"
59,"1","N3","T2",0.6951,0.3049,"LOW"
60,"1","N3","T2",0.6317,0.3683,"LOW"
61,"1","N3","T2",0.6678,0.3322,"LOW"
62,"1","N3","T2",0.5014,0.4986,"LOW"
63,"1","N3","T2",0.5473,0.4527,"LOW"
64,"1","N3","T2",0.5114,0.4886,"LOW"
65,"1","N3","T2",0.7625,0.2375,"LOW"
66,"1","N3","T2",0.734,0.266,"LOW"
67,"1","N3","T2",0.7367,0.2633,"LOW"
68,"1","N3","T2",0.7888,0.2112,"LOW"
69,"1","N3","T2",0.7811,0.2189,"LOW"
70,"1","N3","T2",0.7366,0.2634,"LOW"
71,"1","N3","T2",0.8014,0.1986,"LOW"
72,"1","N3","T2",0.81,0.19,"LOW"
73,"1","N3","T2",0.8076,0.1924,"LOW"
74,"1","N3","T2",0.8072,0.1928,"LOW"
75,"1","N3","T2",0.6597,0.3403,"LOW"
76,"1","N3","T2",0.5653,0.4347,"LOW"
77,"1","N3","T2",0.5391,0.4609,"LOW"
78,"1","N3","T2",0.7282,0.2718,"LOW"
79,"1","N3","T2",0.6865,0.3135,"LOW"
80,"1","N3","T2",0.753,0.247,"LOW"
81,"1","N3","T2",0.7826,0.2174,"LOW"
82,"1","N3","T2",0.7547,0.2453,"LOW"
83,"1","N3","T2",0.7891,0.2109,"LOW"
84,"1","N3","T2",0.814,0.186,"LOW"
85,"1","N3","T2",0.6921,0.3079,"LOW"
86,"1","N3","T2",0.7193,0.2807,"LOW"
87,"1","N3","T2",0.8085,0.1915,"LOW"
88,"1","N3","T2",0.8466,0.1534,"LOW"
89,"1","N3","T2",0.8393,0.1607,"LOW"
90,"1","N3","T2",0.8438,0.1562,"LOW"
91,"1","N3","T2",0.8438,0.1562,"LOW"
92,"1","N3","T2",0.8438,0.1562,"LOW"
93,"1","N3","T2",0.8438,0.1562,"LOW"
94,"1","N3","T2",0.8438,0.1562,"LOW"
95,"1","N3","T2",0.8438,0.1562,"LOW"
96,"1","N3","T2",0.8438,0.1562,"LOW"
97,"1","N3","T2",0.8438,0.1562,"LOW"
98,"1","N3","T2",0.8438,0.1562,"LOW"
99,"1","N3","T2",0.8438,0.1562,"LOW"
0,"2","N3","T2",0.8293,0.1707,"LOW"
1,"2","N3","T2",0.8293,0.1707,"LOW"
2,"2","N3","T2",0.8293,0.1707,"LOW"
3,"2","N3","T2",0.8293,0.1707,"LOW"
4,"2","N3","T2",0.8293,0.1707,"LOW"
5,"2","N3","T2",0.8293,0.1707,"LOW"
6,"2","N3","T2",0.8293,0.1707,"LOW"
7,"2","N3","T2",0.8293,0.1707,"LOW"
8,"2","N3","T2",0.8293,0.1707,"LOW"
9,"2","N3","T2",0.8293,0.1707,"LOW"
10,"2","N3","T2",0.8293,0.1707,"LOW"
11,"2","N3","T2",0.8293,0.1707,"LOW"
12,"2","N3","T2",0.8293,0.1707,"LOW"
13,"2","N3","T2",0.8293,0.1707,"LOW"
14,"2","N3","T2",0.8293,0.1707,"LOW"
15,"2","N3","T2",0.8252,0.1748,"LOW"
16,"2","N3","T2",0.8009,0.1991,"LOW"
17,"2","N3","T2",0.8087,0.1913,"LOW"
18,"2","N3","T2",0.7917,0.2083,"LOW"
19,"2","N3","T2",0.8087,0.1913,"LOW"
20,"2","N3","T2",0.8818,0.1182,"LOW"
21,"2","N3","T2",0.8717,0.1283,"LOW"
22,"2","N3","T2",0.9193,0.0807,"LOW"
23,"2","N3","T2",0.9233,0.0767,"LOW"
24,"2","N3","T2",0.9231,0.0769,"LOW"
25,"2","N3","T2",0.9031,0.0969,"LOW"
26,"2","N3","T2",0.8926,0.1074,"LOW"
27,"2","N3","T2",0.9163,0.0837,"LOW"
28,"2","N3","T2",0.8245,0.1755,"LOW"
29,"2","N3","T2",0.8862,0.1138,"LOW"
30,"2","N3","T2",0.8795,0.1205,"LOW"
31,"2","N3","T2",0.8335,0.1665,"LOW"
32,"2","N3","T2",0.7842,0.2158,"LOW"
33,"2","N3","T2",0.8098,0.1902,"LOW"
34,"2","N3","T2",0.8151,0.1849,"LOW"
35,"2","N3","T2",0.9419,0.0581,"LOW"
36,"2","N3","T2",0.9406,0.0594,"LOW"
37,"2","N3","T2",0.873,0.127,"LOW"
38,"2","N3","T2",0.8718,0.1282,"LOW"
39,"2","N3","T2",0.8811,0.1189,"LOW"
40,"2","N3","T2",0.7903,0.2097,"LOW"
41,"2","N3","T2",0.7799,0.2201,"LOW"
42,"2","N3","T2",0.8541,0.1459,"LOW"
43,"2","N3","T2",0.8905,0.1095,"LOW"
44,"2","N3","T2",0.8693,0.1307,"LOW"
45,"2","N3","T2",0.8657,0.1343,"LOW"
46,"2","N3","T2",0.8555,0.1445,"LOW"
47,"2","N3","T2",0.7676,0.2324,"LOW"
48,"2","N3","T2",0.664,0.336,"LOW"
49,"2","N3","T2",0.7383,0.2617,"LOW"
50,"2","N3","T2",0.761,0.239,"LOW"
51,"2","N3","T2",0.6946,0.3054,"LOW"
52,"2","N3","T2",0.5925,0.4075,"LOW"
53,"2","N3","T2",0.7739,0.2261,"LOW"
54,"2","N3","T2",0.7991,0.2009,"LOW"
55,"2","N3","T2",0.7719,0.2281,"LOW"
56,"2","N3","T2",0.7828,0.2172,"LOW"
57,"2","N3","T2",0.7433,0.2567,"LOW"
58,"2","N3","T2",0.7764,0.2236,"LOW"
59,"2","N3","T2",0.7619,0.2381,"LOW"
60,"2","N3","T2",0.7391,0.2609,"LOW"
61,"2","N3","T2",0.7443,0.2557,"LOW"
62,"2","N3","T2",0.6563,0.3437,"LOW"
63,"2","N3","T2",0.663,0.337,"LOW"
64,"2","N3","T2",0.6917,0.3083,"LOW"
65,"2","N3","T2",0.8127,0.1873,"LOW"
66,"2","N3","T2",0.809,0.191,"LOW"
67,"2","N3","T2",0.8075,0.1925,"LOW"
68,"2","N3","T2",0.8252,0.1748,"LOW"
69,"2","N3","T2",0.817,0.183,"LOW"
70,"2","N3","T2",0.7848,0.2152,"LOW"
71,"2","N3","T2",0.7929,0.2071,"LOW"
72,"2","N3","T2",0.7727,0.2273,"LOW"
73,"2","N3","T2",0.7303,0.2697,"LOW"
74,"2","N3","T2",0.6968,0.3032,"LOW"
75,"2","N3","T2",0.6074,0.3926,"LOW"
76,"2","N3","T2",0.5482,0.4518,"LOW"
77,"2","N3","T2",0.5096,0.4904,"LOW"
78,"2","N3","T2",0.6445,0.3555,"LOW"
79,"2","N3","T2",0.6545,0.3455,"LOW"
80,"2","N3","T2",0.6299,0.3701,"LOW"
81,"2","N3","T2",0.6292,0.3708,"LOW"
82,"2","N3","T2",0.5177,0.4823,"LOW"
83,"2","N3","T2",0.5643,0.4357,"LOW"
84,"2","N3","T2",0.5584,0.4416,"LOW"
85,"2","N3","T2",0.4446,0.5554,"HIGH"
86,"2","N3","T2",0.4483,0.5517,"HIGH"
87,"2","N3","T2",0.5975,0.4025,"LOW"
88,"2","N3","T2",0.7387,0.2613,"LOW"
89,"2","N3","T2",0.7454,0.2546,"LOW"
90,"2","N3","T2",0.7305,0.2695,"LOW"
91,"2","N3","T2",0.7305,0.2695,"LOW"
92,"2","N3","T2",0.7305,0.2695,"LOW"
93,"2","N3","T2",0.7305,0.2695,"LOW"
94,"2","N3","T2",0.7305,0.2695,"LOW"
95,"2","N3","T2",0.7305,0.2695,"LOW"
96,"2","N3","T2",0.7305,0.2695,"LOW"
97,"2","N3","T2",0.7305,0.2695,"LOW"
98,"2","N3","T2",0.7305,0.2695,"LOW"
99,"2","N3","T2",0.7305,0.2695,"LOW"
0,"1","Other/Unknown","T2",0.9641,0.0359,"LOW"
1,"1","Other/Unknown","T2",0.9641,0.0359,"LOW"
2,"1","Other/Unknown","T2",0.966,0.034,"LOW"
3,"1","Other/Unknown","T2",0.9673,0.0327,"LOW"
4,"1","Other/Unknown","T2",0.9673,0.0327,"LOW"
5,"1","Other/Unknown","T2",0.9693,0.0307,"LOW"
6,"1","Other/Unknown","T2",0.9693,0.0307,"LOW"
7,"1","Other/Unknown","T2",0.9693,0.0307,"LOW"
8,"1","Other/Unknown","T2",0.9713,0.0287,"LOW"
9,"1","Other/Unknown","T2",0.9713,0.0287,"LOW"
10,"1","Other/Unknown","T2",0.9713,0.0287,"LOW"
11,"1","Other/Unknown","T2",0.9713,0.0287,"LOW"
12,"1","Other/Unknown","T2",0.9713,0.0287,"LOW"
13,"1","Other/Unknown","T2",0.9713,0.0287,"LOW"
14,"1","Other/Unknown","T2",0.9713,0.0287,"LOW"
15,"1","Other/Unknown","T2",0.9713,0.0287,"LOW"
16,"1","Other/Unknown","T2",0.9713,0.0287,"LOW"
17,"1","Other/Unknown","T2",0.9713,0.0287,"LOW"
18,"1","Other/Unknown","T2",0.9713,0.0287,"LOW"
19,"1","Other/Unknown","T2",0.9713,0.0287,"LOW"
20,"1","Other/Unknown","T2",0.9706,0.0294,"LOW"
21,"1","Other/Unknown","T2",0.9709,0.0291,"LOW"
22,"1","Other/Unknown","T2",0.9698,0.0302,"LOW"
23,"1","Other/Unknown","T2",0.9705,0.0295,"LOW"
24,"1","Other/Unknown","T2",0.9704,0.0296,"LOW"
25,"1","Other/Unknown","T2",0.97,0.03,"LOW"
26,"1","Other/Unknown","T2",0.9699,0.0301,"LOW"
27,"1","Other/Unknown","T2",0.9699,0.0301,"LOW"
28,"1","Other/Unknown","T2",0.9699,0.0301,"LOW"
29,"1","Other/Unknown","T2",0.9699,0.0301,"LOW"
30,"1","Other/Unknown","T2",0.9699,0.0301,"LOW"
31,"1","Other/Unknown","T2",0.9693,0.0307,"LOW"
32,"1","Other/Unknown","T2",0.9693,0.0307,"LOW"
33,"1","Other/Unknown","T2",0.9697,0.0303,"LOW"
34,"1","Other/Unknown","T2",0.9697,0.0303,"LOW"
35,"1","Other/Unknown","T2",0.928,0.072,"LOW"
36,"1","Other/Unknown","T2",0.967,0.033,"LOW"
37,"1","Other/Unknown","T2",0.9718,0.0282,"LOW"
38,"1","Other/Unknown","T2",0.9718,0.0282,"LOW"
39,"1","Other/Unknown","T2",0.9718,0.0282,"LOW"
40,"1","Other/Unknown","T2",0.9717,0.0283,"LOW"
41,"1","Other/Unknown","T2",0.9717,0.0283,"LOW"
42,"1","Other/Unknown","T2",0.9717,0.0283,"LOW"
43,"1","Other/Unknown","T2",0.9713,0.0287,"LOW"
44,"1","Other/Unknown","T2",0.9713,0.0287,"LOW"
45,"1","Other/Unknown","T2",0.9711,0.0289,"LOW"
46,"1","Other/Unknown","T2",0.9711,0.0289,"LOW"
47,"1","Other/Unknown","T2",0.9568,0.0432,"LOW"
48,"1","Other/Unknown","T2",0.9658,0.0342,"LOW"
49,"1","Other/Unknown","T2",0.9551,0.0449,"LOW"
50,"1","Other/Unknown","T2",0.9528,0.0472,"LOW"
51,"1","Other/Unknown","T2",0.9608,0.0392,"LOW"
52,"1","Other/Unknown","T2",0.9539,0.0461,"LOW"
53,"1","Other/Unknown","T2",0.9618,0.0382,"LOW"
54,"1","Other/Unknown","T2",0.9578,0.0422,"LOW"
55,"1","Other/Unknown","T2",0.959,0.041,"LOW"
56,"1","Other/Unknown","T2",0.9569,0.0431,"LOW"
57,"1","Other/Unknown","T2",0.9659,0.0341,"LOW"
58,"1","Other/Unknown","T2",0.9659,0.0341,"LOW"
59,"1","Other/Unknown","T2",0.9629,0.0371,"LOW"
60,"1","Other/Unknown","T2",0.9663,0.0337,"LOW"
61,"1","Other/Unknown","T2",0.9663,0.0337,"LOW"
62,"1","Other/Unknown","T2",0.9663,0.0337,"LOW"
63,"1","Other/Unknown","T2",0.9643,0.0357,"LOW"
64,"1","Other/Unknown","T2",0.9652,0.0348,"LOW"
65,"1","Other/Unknown","T2",0.956,0.044,"LOW"
66,"1","Other/Unknown","T2",0.9488,0.0512,"LOW"
67,"1","Other/Unknown","T2",0.9563,0.0437,"LOW"
68,"1","Other/Unknown","T2",0.9582,0.0418,"LOW"
69,"1","Other/Unknown","T2",0.9576,0.0424,"LOW"
70,"1","Other/Unknown","T2",0.9621,0.0379,"LOW"
71,"1","Other/Unknown","T2",0.9621,0.0379,"LOW"
72,"1","Other/Unknown","T2",0.9611,0.0389,"LOW"
73,"1","Other/Unknown","T2",0.9596,0.0404,"LOW"
74,"1","Other/Unknown","T2",0.9596,0.0404,"LOW"
75,"1","Other/Unknown","T2",0.9371,0.0629,"LOW"
76,"1","Other/Unknown","T2",0.9536,0.0464,"LOW"
77,"1","Other/Unknown","T2",0.9452,0.0548,"LOW"
78,"1","Other/Unknown","T2",0.9475,0.0525,"LOW"
79,"1","Other/Unknown","T2",0.9579,0.0421,"LOW"
80,"1","Other/Unknown","T2",0.9506,0.0494,"LOW"
81,"1","Other/Unknown","T2",0.9642,0.0358,"LOW"
82,"1","Other/Unknown","T2",0.9642,0.0358,"LOW"
83,"1","Other/Unknown","T2",0.9653,0.0347,"LOW"
84,"1","Other/Unknown","T2",0.9656,0.0344,"LOW"
85,"1","Other/Unknown","T2",0.9657,0.0343,"LOW"
86,"1","Other/Unknown","T2",0.9657,0.0343,"LOW"
87,"1","Other/Unknown","T2",0.9659,0.0341,"LOW"
88,"1","Other/Unknown","T2",0.9643,0.0357,"LOW"
89,"1","Other/Unknown","T2",0.9659,0.0341,"LOW"
90,"1","Other/Unknown","T2",0.9524,0.0476,"LOW"
91,"1","Other/Unknown","T2",0.9524,0.0476,"LOW"
92,"1","Other/Unknown","T2",0.9524,0.0476,"LOW"
93,"1","Other/Unknown","T2",0.9524,0.0476,"LOW"
94,"1","Other/Unknown","T2",0.9524,0.0476,"LOW"
95,"1","Other/Unknown","T2",0.9524,0.0476,"LOW"
96,"1","Other/Unknown","T2",0.9524,0.0476,"LOW"
97,"1","Other/Unknown","T2",0.9524,0.0476,"LOW"
98,"1","Other/Unknown","T2",0.9524,0.0476,"LOW"
99,"1","Other/Unknown","T2",0.9524,0.0476,"LOW"
0,"2","Other/Unknown","T2",0.9811,0.0189,"LOW"
1,"2","Other/Unknown","T2",0.9811,0.0189,"LOW"
2,"2","Other/Unknown","T2",0.9791,0.0209,"LOW"
3,"2","Other/Unknown","T2",0.9771,0.0229,"LOW"
4,"2","Other/Unknown","T2",0.9836,0.0164,"LOW"
5,"2","Other/Unknown","T2",0.9856,0.0144,"LOW"
6,"2","Other/Unknown","T2",0.9856,0.0144,"LOW"
7,"2","Other/Unknown","T2",0.9856,0.0144,"LOW"
8,"2","Other/Unknown","T2",0.9856,0.0144,"LOW"
9,"2","Other/Unknown","T2",0.9856,0.0144,"LOW"
10,"2","Other/Unknown","T2",0.9856,0.0144,"LOW"
11,"2","Other/Unknown","T2",0.9856,0.0144,"LOW"
12,"2","Other/Unknown","T2",0.9856,0.0144,"LOW"
13,"2","Other/Unknown","T2",0.9856,0.0144,"LOW"
14,"2","Other/Unknown","T2",0.9856,0.0144,"LOW"
15,"2","Other/Unknown","T2",0.9856,0.0144,"LOW"
16,"2","Other/Unknown","T2",0.9856,0.0144,"LOW"
17,"2","Other/Unknown","T2",0.9856,0.0144,"LOW"
18,"2","Other/Unknown","T2",0.9856,0.0144,"LOW"
19,"2","Other/Unknown","T2",0.9856,0.0144,"LOW"
20,"2","Other/Unknown","T2",0.9856,0.0144,"LOW"
21,"2","Other/Unknown","T2",0.9846,0.0154,"LOW"
22,"2","Other/Unknown","T2",0.9856,0.0144,"LOW"
23,"2","Other/Unknown","T2",0.9856,0.0144,"LOW"
24,"2","Other/Unknown","T2",0.9807,0.0193,"LOW"
25,"2","Other/Unknown","T2",0.9856,0.0144,"LOW"
26,"2","Other/Unknown","T2",0.9856,0.0144,"LOW"
27,"2","Other/Unknown","T2",0.9836,0.0164,"LOW"
28,"2","Other/Unknown","T2",0.9856,0.0144,"LOW"
29,"2","Other/Unknown","T2",0.9849,0.0151,"LOW"
30,"2","Other/Unknown","T2",0.9844,0.0156,"LOW"
31,"2","Other/Unknown","T2",0.9852,0.0148,"LOW"
32,"2","Other/Unknown","T2",0.9852,0.0148,"LOW"
33,"2","Other/Unknown","T2",0.9828,0.0172,"LOW"
34,"2","Other/Unknown","T2",0.9835,0.0165,"LOW"
35,"2","Other/Unknown","T2",0.983,0.017,"LOW"
36,"2","Other/Unknown","T2",0.9856,0.0144,"LOW"
37,"2","Other/Unknown","T2",0.9856,0.0144,"LOW"
38,"2","Other/Unknown","T2",0.9856,0.0144,"LOW"
39,"2","Other/Unknown","T2",0.9849,0.0151,"LOW"
40,"2","Other/Unknown","T2",0.9849,0.0151,"LOW"
41,"2","Other/Unknown","T2",0.9849,0.0151,"LOW"
42,"2","Other/Unknown","T2",0.9849,0.0151,"LOW"
43,"2","Other/Unknown","T2",0.9849,0.0151,"LOW"
44,"2","Other/Unknown","T2",0.9848,0.0152,"LOW"
45,"2","Other/Unknown","T2",0.9848,0.0152,"LOW"
46,"2","Other/Unknown","T2",0.9847,0.0153,"LOW"
47,"2","Other/Unknown","T2",0.9826,0.0174,"LOW"
48,"2","Other/Unknown","T2",0.9842,0.0158,"LOW"
49,"2","Other/Unknown","T2",0.9818,0.0182,"LOW"
50,"2","Other/Unknown","T2",0.9819,0.0181,"LOW"
51,"2","Other/Unknown","T2",0.982,0.018,"LOW"
52,"2","Other/Unknown","T2",0.9633,0.0367,"LOW"
53,"2","Other/Unknown","T2",0.9823,0.0177,"LOW"
54,"2","Other/Unknown","T2",0.9818,0.0182,"LOW"
55,"2","Other/Unknown","T2",0.9834,0.0166,"LOW"
56,"2","Other/Unknown","T2",0.9813,0.0187,"LOW"
57,"2","Other/Unknown","T2",0.9833,0.0167,"LOW"
58,"2","Other/Unknown","T2",0.9838,0.0162,"LOW"
59,"2","Other/Unknown","T2",0.9833,0.0167,"LOW"
60,"2","Other/Unknown","T2",0.9824,0.0176,"LOW"
61,"2","Other/Unknown","T2",0.9822,0.0178,"LOW"
62,"2","Other/Unknown","T2",0.9822,0.0178,"LOW"
63,"2","Other/Unknown","T2",0.981,0.019,"LOW"
64,"2","Other/Unknown","T2",0.9811,0.0189,"LOW"
65,"2","Other/Unknown","T2",0.9805,0.0195,"LOW"
66,"2","Other/Unknown","T2",0.9788,0.0212,"LOW"
67,"2","Other/Unknown","T2",0.979,0.021,"LOW"
68,"2","Other/Unknown","T2",0.9533,0.0467,"LOW"
69,"2","Other/Unknown","T2",0.9751,0.0249,"LOW"
70,"2","Other/Unknown","T2",0.9762,0.0238,"LOW"
71,"2","Other/Unknown","T2",0.976,0.024,"LOW"
72,"2","Other/Unknown","T2",0.9751,0.0249,"LOW"
73,"2","Other/Unknown","T2",0.9468,0.0532,"LOW"
74,"2","Other/Unknown","T2",0.9692,0.0308,"LOW"
75,"2","Other/Unknown","T2",0.9458,0.0542,"LOW"
76,"2","Other/Unknown","T2",0.9716,0.0284,"LOW"
77,"2","Other/Unknown","T2",0.9718,0.0282,"LOW"
78,"2","Other/Unknown","T2",0.9719,0.0281,"LOW"
79,"2","Other/Unknown","T2",0.9738,0.0262,"LOW"
80,"2","Other/Unknown","T2",0.9711,0.0289,"LOW"
81,"2","Other/Unknown","T2",0.9749,0.0251,"LOW"
82,"2","Other/Unknown","T2",0.9745,0.0255,"LOW"
83,"2","Other/Unknown","T2",0.9425,0.0575,"LOW"
84,"2","Other/Unknown","T2",0.9715,0.0285,"LOW"
85,"2","Other/Unknown","T2",0.9707,0.0293,"LOW"
86,"2","Other/Unknown","T2",0.9707,0.0293,"LOW"
87,"2","Other/Unknown","T2",0.9712,0.0288,"LOW"
88,"2","Other/Unknown","T2",0.968,0.032,"LOW"
89,"2","Other/Unknown","T2",0.9684,0.0316,"LOW"
90,"2","Other/Unknown","T2",0.9527,0.0473,"LOW"
91,"2","Other/Unknown","T2",0.9527,0.0473,"LOW"
92,"2","Other/Unknown","T2",0.9527,0.0473,"LOW"
93,"2","Other/Unknown","T2",0.9527,0.0473,"LOW"
94,"2","Other/Unknown","T2",0.9527,0.0473,"LOW"
95,"2","Other/Unknown","T2",0.9527,0.0473,"LOW"
96,"2","Other/Unknown","T2",0.9527,0.0473,"LOW"
97,"2","Other/Unknown","T2",0.9527,0.0473,"LOW"
98,"2","Other/Unknown","T2",0.9527,0.0473,"LOW"
99,"2","Other/Unknown","T2",0.9527,0.0473,"LOW"
0,"1","N0","T3",0.9869,0.0131,"LOW"
1,"1","N0","T3",0.9868,0.0132,"LOW"
2,"1","N0","T3",0.9873,0.0127,"LOW"
3,"1","N0","T3",0.9873,0.0127,"LOW"
4,"1","N0","T3",0.9873,0.0127,"LOW"
5,"1","N0","T3",0.9873,0.0127,"LOW"
6,"1","N0","T3",0.9873,0.0127,"LOW"
7,"1","N0","T3",0.9873,0.0127,"LOW"
8,"1","N0","T3",0.9873,0.0127,"LOW"
9,"1","N0","T3",0.9873,0.0127,"LOW"
10,"1","N0","T3",0.9873,0.0127,"LOW"
11,"1","N0","T3",0.9873,0.0127,"LOW"
12,"1","N0","T3",0.9873,0.0127,"LOW"
13,"1","N0","T3",0.9873,0.0127,"LOW"
14,"1","N0","T3",0.9873,0.0127,"LOW"
15,"1","N0","T3",0.9873,0.0127,"LOW"
16,"1","N0","T3",0.9873,0.0127,"LOW"
17,"1","N0","T3",0.9873,0.0127,"LOW"
18,"1","N0","T3",0.9873,0.0127,"LOW"
19,"1","N0","T3",0.9873,0.0127,"LOW"
20,"1","N0","T3",0.9662,0.0338,"LOW"
21,"1","N0","T3",0.9879,0.0121,"LOW"
22,"1","N0","T3",0.9879,0.0121,"LOW"
23,"1","N0","T3",0.9879,0.0121,"LOW"
24,"1","N0","T3",0.9879,0.0121,"LOW"
25,"1","N0","T3",0.9879,0.0121,"LOW"
26,"1","N0","T3",0.9879,0.0121,"LOW"
27,"1","N0","T3",0.9877,0.0123,"LOW"
28,"1","N0","T3",0.9879,0.0121,"LOW"
29,"1","N0","T3",0.9879,0.0121,"LOW"
30,"1","N0","T3",0.9859,0.0141,"LOW"
31,"1","N0","T3",0.9865,0.0135,"LOW"
32,"1","N0","T3",0.9821,0.0179,"LOW"
33,"1","N0","T3",0.9809,0.0191,"LOW"
34,"1","N0","T3",0.9822,0.0178,"LOW"
35,"1","N0","T3",0.9863,0.0137,"LOW"
36,"1","N0","T3",0.9868,0.0132,"LOW"
37,"1","N0","T3",0.9868,0.0132,"LOW"
38,"1","N0","T3",0.9851,0.0149,"LOW"
39,"1","N0","T3",0.9868,0.0132,"LOW"
40,"1","N0","T3",0.986,0.014,"LOW"
41,"1","N0","T3",0.9875,0.0125,"LOW"
42,"1","N0","T3",0.9869,0.0131,"LOW"
43,"1","N0","T3",0.988,0.012,"LOW"
44,"1","N0","T3",0.9881,0.0119,"LOW"
45,"1","N0","T3",0.988,0.012,"LOW"
46,"1","N0","T3",0.9874,0.0126,"LOW"
47,"1","N0","T3",0.9842,0.0158,"LOW"
48,"1","N0","T3",0.9859,0.0141,"LOW"
49,"1","N0","T3",0.9872,0.0128,"LOW"
50,"1","N0","T3",0.9872,0.0128,"LOW"
51,"1","N0","T3",0.9832,0.0168,"LOW"
52,"1","N0","T3",0.9848,0.0152,"LOW"
53,"1","N0","T3",0.982,0.018,"LOW"
54,"1","N0","T3",0.9834,0.0166,"LOW"
55,"1","N0","T3",0.9759,0.0241,"LOW"
56,"1","N0","T3",0.9748,0.0252,"LOW"
57,"1","N0","T3",0.974,0.026,"LOW"
58,"1","N0","T3",0.9791,0.0209,"LOW"
59,"1","N0","T3",0.9787,0.0213,"LOW"
60,"1","N0","T3",0.9783,0.0217,"LOW"
61,"1","N0","T3",0.9782,0.0218,"LOW"
62,"1","N0","T3",0.9787,0.0213,"LOW"
63,"1","N0","T3",0.978,0.022,"LOW"
64,"1","N0","T3",0.9767,0.0233,"LOW"
65,"1","N0","T3",0.9768,0.0232,"LOW"
66,"1","N0","T3",0.9764,0.0236,"LOW"
67,"1","N0","T3",0.9769,0.0231,"LOW"
68,"1","N0","T3",0.9754,0.0246,"LOW"
69,"1","N0","T3",0.9763,0.0237,"LOW"
70,"1","N0","T3",0.9768,0.0232,"LOW"
71,"1","N0","T3",0.9777,0.0223,"LOW"
72,"1","N0","T3",0.9775,0.0225,"LOW"
73,"1","N0","T3",0.9777,0.0223,"LOW"
74,"1","N0","T3",0.9772,0.0228,"LOW"
75,"1","N0","T3",0.9773,0.0227,"LOW"
76,"1","N0","T3",0.9775,0.0225,"LOW"
77,"1","N0","T3",0.9782,0.0218,"LOW"
78,"1","N0","T3",0.9784,0.0216,"LOW"
79,"1","N0","T3",0.9765,0.0235,"LOW"
80,"1","N0","T3",0.9793,0.0207,"LOW"
81,"1","N0","T3",0.9799,0.0201,"LOW"
82,"1","N0","T3",0.9785,0.0215,"LOW"
83,"1","N0","T3",0.9779,0.0221,"LOW"
84,"1","N0","T3",0.9772,0.0228,"LOW"
85,"1","N0","T3",0.9779,0.0221,"LOW"
86,"1","N0","T3",0.9776,0.0224,"LOW"
87,"1","N0","T3",0.9767,0.0233,"LOW"
88,"1","N0","T3",0.9797,0.0203,"LOW"
89,"1","N0","T3",0.98,0.02,"LOW"
90,"1","N0","T3",0.9797,0.0203,"LOW"
91,"1","N0","T3",0.9797,0.0203,"LOW"
92,"1","N0","T3",0.9797,0.0203,"LOW"
93,"1","N0","T3",0.9797,0.0203,"LOW"
94,"1","N0","T3",0.9797,0.0203,"LOW"
95,"1","N0","T3",0.9797,0.0203,"LOW"
96,"1","N0","T3",0.9797,0.0203,"LOW"
97,"1","N0","T3",0.9797,0.0203,"LOW"
98,"1","N0","T3",0.9797,0.0203,"LOW"
99,"1","N0","T3",0.9797,0.0203,"LOW"
0,"2","N0","T3",0.9903,0.0097,"LOW"
1,"2","N0","T3",0.9903,0.0097,"LOW"
2,"2","N0","T3",0.9903,0.0097,"LOW"
3,"2","N0","T3",0.9903,0.0097,"LOW"
4,"2","N0","T3",0.9903,0.0097,"LOW"
5,"2","N0","T3",0.9903,0.0097,"LOW"
6,"2","N0","T3",0.9903,0.0097,"LOW"
7,"2","N0","T3",0.9903,0.0097,"LOW"
8,"2","N0","T3",0.9903,0.0097,"LOW"
9,"2","N0","T3",0.9903,0.0097,"LOW"
10,"2","N0","T3",0.9903,0.0097,"LOW"
11,"2","N0","T3",0.9903,0.0097,"LOW"
12,"2","N0","T3",0.9903,0.0097,"LOW"
13,"2","N0","T3",0.9903,0.0097,"LOW"
14,"2","N0","T3",0.9903,0.0097,"LOW"
15,"2","N0","T3",0.9903,0.0097,"LOW"
16,"2","N0","T3",0.9903,0.0097,"LOW"
17,"2","N0","T3",0.9903,0.0097,"LOW"
18,"2","N0","T3",0.9903,0.0097,"LOW"
19,"2","N0","T3",0.9903,0.0097,"LOW"
20,"2","N0","T3",0.9893,0.0107,"LOW"
21,"2","N0","T3",0.9903,0.0097,"LOW"
22,"2","N0","T3",0.9903,0.0097,"LOW"
23,"2","N0","T3",0.9903,0.0097,"LOW"
24,"2","N0","T3",0.9903,0.0097,"LOW"
25,"2","N0","T3",0.9903,0.0097,"LOW"
26,"2","N0","T3",0.9903,0.0097,"LOW"
27,"2","N0","T3",0.9903,0.0097,"LOW"
28,"2","N0","T3",0.9903,0.0097,"LOW"
29,"2","N0","T3",0.9903,0.0097,"LOW"
30,"2","N0","T3",0.9787,0.0213,"LOW"
31,"2","N0","T3",0.9888,0.0112,"LOW"
32,"2","N0","T3",0.9886,0.0114,"LOW"
33,"2","N0","T3",0.9884,0.0116,"LOW"
34,"2","N0","T3",0.9886,0.0114,"LOW"
35,"2","N0","T3",0.9864,0.0136,"LOW"
36,"2","N0","T3",0.989,0.011,"LOW"
37,"2","N0","T3",0.989,0.011,"LOW"
38,"2","N0","T3",0.9887,0.0113,"LOW"
39,"2","N0","T3",0.9876,0.0124,"LOW"
40,"2","N0","T3",0.9886,0.0114,"LOW"
41,"2","N0","T3",0.9879,0.0121,"LOW"
42,"2","N0","T3",0.9889,0.0111,"LOW"
43,"2","N0","T3",0.9891,0.0109,"LOW"
44,"2","N0","T3",0.9887,0.0113,"LOW"
45,"2","N0","T3",0.9875,0.0125,"LOW"
46,"2","N0","T3",0.9883,0.0117,"LOW"
47,"2","N0","T3",0.9867,0.0133,"LOW"
48,"2","N0","T3",0.9867,0.0133,"LOW"
49,"2","N0","T3",0.9882,0.0118,"LOW"
50,"2","N0","T3",0.9874,0.0126,"LOW"
51,"2","N0","T3",0.985,0.015,"LOW"
52,"2","N0","T3",0.9851,0.0149,"LOW"
53,"2","N0","T3",0.9867,0.0133,"LOW"
54,"2","N0","T3",0.9864,0.0136,"LOW"
55,"2","N0","T3",0.9855,0.0145,"LOW"
56,"2","N0","T3",0.9855,0.0145,"LOW"
57,"2","N0","T3",0.9829,0.0171,"LOW"
58,"2","N0","T3",0.9841,0.0159,"LOW"
59,"2","N0","T3",0.9848,0.0152,"LOW"
60,"2","N0","T3",0.9825,0.0175,"LOW"
61,"2","N0","T3",0.9834,0.0166,"LOW"
62,"2","N0","T3",0.9832,0.0168,"LOW"
63,"2","N0","T3",0.9833,0.0167,"LOW"
64,"2","N0","T3",0.9826,0.0174,"LOW"
65,"2","N0","T3",0.9841,0.0159,"LOW"
66,"2","N0","T3",0.984,0.016,"LOW"
67,"2","N0","T3",0.9826,0.0174,"LOW"
68,"2","N0","T3",0.9818,0.0182,"LOW"
69,"2","N0","T3",0.9829,0.0171,"LOW"
70,"2","N0","T3",0.983,0.017,"LOW"
71,"2","N0","T3",0.9829,0.0171,"LOW"
72,"2","N0","T3",0.9808,0.0192,"LOW"
73,"2","N0","T3",0.9823,0.0177,"LOW"
74,"2","N0","T3",0.9838,0.0162,"LOW"
75,"2","N0","T3",0.984,0.016,"LOW"
76,"2","N0","T3",0.9836,0.0164,"LOW"
77,"2","N0","T3",0.9825,0.0175,"LOW"
78,"2","N0","T3",0.9838,0.0162,"LOW"
79,"2","N0","T3",0.9829,0.0171,"LOW"
80,"2","N0","T3",0.9841,0.0159,"LOW"
81,"2","N0","T3",0.9839,0.0161,"LOW"
82,"2","N0","T3",0.984,0.016,"LOW"
83,"2","N0","T3",0.9816,0.0184,"LOW"
84,"2","N0","T3",0.9771,0.0229,"LOW"
85,"2","N0","T3",0.9776,0.0224,"LOW"
86,"2","N0","T3",0.9797,0.0203,"LOW"
87,"2","N0","T3",0.9836,0.0164,"LOW"
88,"2","N0","T3",0.9826,0.0174,"LOW"
89,"2","N0","T3",0.9839,0.0161,"LOW"
90,"2","N0","T3",0.9832,0.0168,"LOW"
91,"2","N0","T3",0.9832,0.0168,"LOW"
92,"2","N0","T3",0.9832,0.0168,"LOW"
93,"2","N0","T3",0.9832,0.0168,"LOW"
94,"2","N0","T3",0.9832,0.0168,"LOW"
95,"2","N0","T3",0.9832,0.0168,"LOW"
96,"2","N0","T3",0.9832,0.0168,"LOW"
97,"2","N0","T3",0.9832,0.0168,"LOW"
98,"2","N0","T3",0.9832,0.0168,"LOW"
99,"2","N0","T3",0.9832,0.0168,"LOW"
0,"1","N1","T3",0.9294,0.0706,"LOW"
1,"1","N1","T3",0.9294,0.0706,"LOW"
2,"1","N1","T3",0.9294,0.0706,"LOW"
3,"1","N1","T3",0.9294,0.0706,"LOW"
4,"1","N1","T3",0.9294,0.0706,"LOW"
5,"1","N1","T3",0.9294,0.0706,"LOW"
6,"1","N1","T3",0.9294,0.0706,"LOW"
7,"1","N1","T3",0.9294,0.0706,"LOW"
8,"1","N1","T3",0.9294,0.0706,"LOW"
9,"1","N1","T3",0.9294,0.0706,"LOW"
10,"1","N1","T3",0.9294,0.0706,"LOW"
11,"1","N1","T3",0.9294,0.0706,"LOW"
12,"1","N1","T3",0.9294,0.0706,"LOW"
13,"1","N1","T3",0.9294,0.0706,"LOW"
14,"1","N1","T3",0.9294,0.0706,"LOW"
15,"1","N1","T3",0.9294,0.0706,"LOW"
16,"1","N1","T3",0.9227,0.0773,"LOW"
17,"1","N1","T3",0.9227,0.0773,"LOW"
18,"1","N1","T3",0.9074,0.0926,"LOW"
19,"1","N1","T3",0.9074,0.0926,"LOW"
20,"1","N1","T3",0.8803,0.1197,"LOW"
21,"1","N1","T3",0.8786,0.1214,"LOW"
22,"1","N1","T3",0.8713,0.1287,"LOW"
23,"1","N1","T3",0.9203,0.0797,"LOW"
24,"1","N1","T3",0.9444,0.0556,"LOW"
25,"1","N1","T3",0.9479,0.0521,"LOW"
26,"1","N1","T3",0.9484,0.0516,"LOW"
27,"1","N1","T3",0.9447,0.0553,"LOW"
28,"1","N1","T3",0.93,0.07,"LOW"
29,"1","N1","T3",0.9497,0.0503,"LOW"
30,"1","N1","T3",0.9496,0.0504,"LOW"
31,"1","N1","T3",0.9496,0.0504,"LOW"
32,"1","N1","T3",0.9502,0.0498,"LOW"
33,"1","N1","T3",0.9502,0.0498,"LOW"
34,"1","N1","T3",0.9496,0.0504,"LOW"
35,"1","N1","T3",0.9501,0.0499,"LOW"
36,"1","N1","T3",0.9501,0.0499,"LOW"
37,"1","N1","T3",0.9162,0.0838,"LOW"
38,"1","N1","T3",0.9507,0.0493,"LOW"
39,"1","N1","T3",0.9507,0.0493,"LOW"
40,"1","N1","T3",0.9503,0.0497,"LOW"
41,"1","N1","T3",0.9506,0.0494,"LOW"
42,"1","N1","T3",0.9503,0.0497,"LOW"
43,"1","N1","T3",0.9503,0.0497,"LOW"
44,"1","N1","T3",0.9505,0.0495,"LOW"
45,"1","N1","T3",0.9486,0.0514,"LOW"
46,"1","N1","T3",0.9488,0.0512,"LOW"
47,"1","N1","T3",0.9452,0.0548,"LOW"
48,"1","N1","T3",0.9219,0.0781,"LOW"
49,"1","N1","T3",0.9408,0.0592,"LOW"
50,"1","N1","T3",0.9393,0.0607,"LOW"
51,"1","N1","T3",0.939,0.061,"LOW"
52,"1","N1","T3",0.9179,0.0821,"LOW"
53,"1","N1","T3",0.9325,0.0675,"LOW"
54,"1","N1","T3",0.9343,0.0657,"LOW"
55,"1","N1","T3",0.9231,0.0769,"LOW"
56,"1","N1","T3",0.9254,0.0746,"LOW"
57,"1","N1","T3",0.9288,0.0712,"LOW"
58,"1","N1","T3",0.9152,0.0848,"LOW"
59,"1","N1","T3",0.9237,0.0763,"LOW"
60,"1","N1","T3",0.9262,0.0738,"LOW"
61,"1","N1","T3",0.9268,0.0732,"LOW"
62,"1","N1","T3",0.9263,0.0737,"LOW"
63,"1","N1","T3",0.9235,0.0765,"LOW"
64,"1","N1","T3",0.9218,0.0782,"LOW"
65,"1","N1","T3",0.9247,0.0753,"LOW"
66,"1","N1","T3",0.9191,0.0809,"LOW"
67,"1","N1","T3",0.9307,0.0693,"LOW"
68,"1","N1","T3",0.9282,0.0718,"LOW"
69,"1","N1","T3",0.9309,0.0691,"LOW"
70,"1","N1","T3",0.9284,0.0716,"LOW"
71,"1","N1","T3",0.9246,0.0754,"LOW"
72,"1","N1","T3",0.934,0.066,"LOW"
73,"1","N1","T3",0.9334,0.0666,"LOW"
74,"1","N1","T3",0.9233,0.0767,"LOW"
75,"1","N1","T3",0.8983,0.1017,"LOW"
76,"1","N1","T3",0.8773,0.1227,"LOW"
77,"1","N1","T3",0.9007,0.0993,"LOW"
78,"1","N1","T3",0.8989,0.1011,"LOW"
79,"1","N1","T3",0.8973,0.1027,"LOW"
80,"1","N1","T3",0.8991,0.1009,"LOW"
81,"1","N1","T3",0.8718,0.1282,"LOW"
82,"1","N1","T3",0.8554,0.1446,"LOW"
83,"1","N1","T3",0.8788,0.1212,"LOW"
84,"1","N1","T3",0.907,0.093,"LOW"
85,"1","N1","T3",0.8773,0.1227,"LOW"
86,"1","N1","T3",0.8961,0.1039,"LOW"
87,"1","N1","T3",0.901,0.099,"LOW"
88,"1","N1","T3",0.9239,0.0761,"LOW"
89,"1","N1","T3",0.9247,0.0753,"LOW"
90,"1","N1","T3",0.8932,0.1068,"LOW"
91,"1","N1","T3",0.8932,0.1068,"LOW"
92,"1","N1","T3",0.8932,0.1068,"LOW"
93,"1","N1","T3",0.8932,0.1068,"LOW"
94,"1","N1","T3",0.8932,0.1068,"LOW"
95,"1","N1","T3",0.8932,0.1068,"LOW"
96,"1","N1","T3",0.8932,0.1068,"LOW"
97,"1","N1","T3",0.8932,0.1068,"LOW"
98,"1","N1","T3",0.8932,0.1068,"LOW"
99,"1","N1","T3",0.8932,0.1068,"LOW"
0,"2","N1","T3",0.9486,0.0514,"LOW"
1,"2","N1","T3",0.9486,0.0514,"LOW"
2,"2","N1","T3",0.9486,0.0514,"LOW"
3,"2","N1","T3",0.9486,0.0514,"LOW"
4,"2","N1","T3",0.9486,0.0514,"LOW"
5,"2","N1","T3",0.9486,0.0514,"LOW"
6,"2","N1","T3",0.9486,0.0514,"LOW"
7,"2","N1","T3",0.9486,0.0514,"LOW"
8,"2","N1","T3",0.9486,0.0514,"LOW"
9,"2","N1","T3",0.9486,0.0514,"LOW"
10,"2","N1","T3",0.9486,0.0514,"LOW"
11,"2","N1","T3",0.9486,0.0514,"LOW"
12,"2","N1","T3",0.9486,0.0514,"LOW"
13,"2","N1","T3",0.9486,0.0514,"LOW"
14,"2","N1","T3",0.9486,0.0514,"LOW"
15,"2","N1","T3",0.9466,0.0534,"LOW"
16,"2","N1","T3",0.9485,0.0515,"LOW"
17,"2","N1","T3",0.9484,0.0516,"LOW"
18,"2","N1","T3",0.9484,0.0516,"LOW"
19,"2","N1","T3",0.9484,0.0516,"LOW"
20,"2","N1","T3",0.9474,0.0526,"LOW"
21,"2","N1","T3",0.9477,0.0523,"LOW"
22,"2","N1","T3",0.9466,0.0534,"LOW"
23,"2","N1","T3",0.9468,0.0532,"LOW"
24,"2","N1","T3",0.9472,0.0528,"LOW"
25,"2","N1","T3",0.9483,0.0517,"LOW"
26,"2","N1","T3",0.9476,0.0524,"LOW"
27,"2","N1","T3",0.8943,0.1057,"LOW"
28,"2","N1","T3",0.877,0.123,"LOW"
29,"2","N1","T3",0.9452,0.0548,"LOW"
30,"2","N1","T3",0.9494,0.0506,"LOW"
31,"2","N1","T3",0.9494,0.0506,"LOW"
32,"2","N1","T3",0.9495,0.0505,"LOW"
33,"2","N1","T3",0.9497,0.0503,"LOW"
34,"2","N1","T3",0.9262,0.0738,"LOW"
35,"2","N1","T3",0.9555,0.0445,"LOW"
36,"2","N1","T3",0.9565,0.0435,"LOW"
37,"2","N1","T3",0.9559,0.0441,"LOW"
38,"2","N1","T3",0.9573,0.0427,"LOW"
39,"2","N1","T3",0.9572,0.0428,"LOW"
40,"2","N1","T3",0.9572,0.0428,"LOW"
41,"2","N1","T3",0.9571,0.0429,"LOW"
42,"2","N1","T3",0.9571,0.0429,"LOW"
43,"2","N1","T3",0.9571,0.0429,"LOW"
44,"2","N1","T3",0.9566,0.0434,"LOW"
45,"2","N1","T3",0.9409,0.0591,"LOW"
46,"2","N1","T3",0.9468,0.0532,"LOW"
47,"2","N1","T3",0.927,0.073,"LOW"
48,"2","N1","T3",0.9301,0.0699,"LOW"
49,"2","N1","T3",0.9402,0.0598,"LOW"
50,"2","N1","T3",0.93,0.07,"LOW"
51,"2","N1","T3",0.9302,0.0698,"LOW"
52,"2","N1","T3",0.9424,0.0576,"LOW"
53,"2","N1","T3",0.946,0.054,"LOW"
54,"2","N1","T3",0.9452,0.0548,"LOW"
55,"2","N1","T3",0.9305,0.0695,"LOW"
56,"2","N1","T3",0.9336,0.0664,"LOW"
57,"2","N1","T3",0.9294,0.0706,"LOW"
58,"2","N1","T3",0.9209,0.0791,"LOW"
59,"2","N1","T3",0.9198,0.0802,"LOW"
60,"2","N1","T3",0.9377,0.0623,"LOW"
61,"2","N1","T3",0.9339,0.0661,"LOW"
62,"2","N1","T3",0.9375,0.0625,"LOW"
63,"2","N1","T3",0.9348,0.0652,"LOW"
64,"2","N1","T3",0.9399,0.0601,"LOW"
65,"2","N1","T3",0.9391,0.0609,"LOW"
66,"2","N1","T3",0.9306,0.0694,"LOW"
67,"2","N1","T3",0.9436,0.0564,"LOW"
68,"2","N1","T3",0.9429,0.0571,"LOW"
69,"2","N1","T3",0.9344,0.0656,"LOW"
70,"2","N1","T3",0.9416,0.0584,"LOW"
71,"2","N1","T3",0.9402,0.0598,"LOW"
72,"2","N1","T3",0.9411,0.0589,"LOW"
73,"2","N1","T3",0.912,0.088,"LOW"
74,"2","N1","T3",0.9331,0.0669,"LOW"
75,"2","N1","T3",0.9234,0.0766,"LOW"
76,"2","N1","T3",0.9096,0.0904,"LOW"
77,"2","N1","T3",0.8991,0.1009,"LOW"
78,"2","N1","T3",0.9138,0.0862,"LOW"
79,"2","N1","T3",0.8822,0.1178,"LOW"
80,"2","N1","T3",0.9175,0.0825,"LOW"
81,"2","N1","T3",0.8949,0.1051,"LOW"
82,"2","N1","T3",0.8804,0.1196,"LOW"
83,"2","N1","T3",0.888,0.112,"LOW"
84,"2","N1","T3",0.9,0.1,"LOW"
85,"2","N1","T3",0.9215,0.0785,"LOW"
86,"2","N1","T3",0.9328,0.0672,"LOW"
87,"2","N1","T3",0.9332,0.0668,"LOW"
88,"2","N1","T3",0.9421,0.0579,"LOW"
89,"2","N1","T3",0.9395,0.0605,"LOW"
90,"2","N1","T3",0.9346,0.0654,"LOW"
91,"2","N1","T3",0.9346,0.0654,"LOW"
92,"2","N1","T3",0.9346,0.0654,"LOW"
93,"2","N1","T3",0.9346,0.0654,"LOW"
94,"2","N1","T3",0.9346,0.0654,"LOW"
95,"2","N1","T3",0.9346,0.0654,"LOW"
96,"2","N1","T3",0.9346,0.0654,"LOW"
97,"2","N1","T3",0.9346,0.0654,"LOW"
98,"2","N1","T3",0.9346,0.0654,"LOW"
99,"2","N1","T3",0.9346,0.0654,"LOW"
0,"1","N2","T3",0.8745,0.1255,"LOW"
1,"1","N2","T3",0.8745,0.1255,"LOW"
2,"1","N2","T3",0.8745,0.1255,"LOW"
3,"1","N2","T3",0.8745,0.1255,"LOW"
4,"1","N2","T3",0.8745,0.1255,"LOW"
5,"1","N2","T3",0.8745,0.1255,"LOW"
6,"1","N2","T3",0.8745,0.1255,"LOW"
7,"1","N2","T3",0.8745,0.1255,"LOW"
8,"1","N2","T3",0.8745,0.1255,"LOW"
9,"1","N2","T3",0.8745,0.1255,"LOW"
10,"1","N2","T3",0.8745,0.1255,"LOW"
11,"1","N2","T3",0.8745,0.1255,"LOW"
12,"1","N2","T3",0.8745,0.1255,"LOW"
13,"1","N2","T3",0.8745,0.1255,"LOW"
14,"1","N2","T3",0.8745,0.1255,"LOW"
15,"1","N2","T3",0.873,0.127,"LOW"
16,"1","N2","T3",0.871,0.129,"LOW"
17,"1","N2","T3",0.8792,0.1208,"LOW"
18,"1","N2","T3",0.8803,0.1197,"LOW"
19,"1","N2","T3",0.8843,0.1157,"LOW"
20,"1","N2","T3",0.8843,0.1157,"LOW"
21,"1","N2","T3",0.8832,0.1168,"LOW"
22,"1","N2","T3",0.8469,0.1531,"LOW"
23,"1","N2","T3",0.8404,0.1596,"LOW"
24,"1","N2","T3",0.8368,0.1632,"LOW"
25,"1","N2","T3",0.8338,0.1662,"LOW"
26,"1","N2","T3",0.8171,0.1829,"LOW"
27,"1","N2","T3",0.8077,0.1923,"LOW"
28,"1","N2","T3",0.8231,0.1769,"LOW"
29,"1","N2","T3",0.9173,0.0827,"LOW"
30,"1","N2","T3",0.925,0.075,"LOW"
31,"1","N2","T3",0.925,0.075,"LOW"
32,"1","N2","T3",0.9171,0.0829,"LOW"
33,"1","N2","T3",0.9247,0.0753,"LOW"
34,"1","N2","T3",0.9252,0.0748,"LOW"
35,"1","N2","T3",0.9254,0.0746,"LOW"
36,"1","N2","T3",0.9254,0.0746,"LOW"
37,"1","N2","T3",0.9213,0.0787,"LOW"
38,"1","N2","T3",0.9038,0.0962,"LOW"
39,"1","N2","T3",0.9128,0.0872,"LOW"
40,"1","N2","T3",0.9184,0.0816,"LOW"
41,"1","N2","T3",0.9168,0.0832,"LOW"
42,"1","N2","T3",0.9151,0.0849,"LOW"
43,"1","N2","T3",0.9137,0.0863,"LOW"
44,"1","N2","T3",0.8786,0.1214,"LOW"
45,"1","N2","T3",0.9018,0.0982,"LOW"
46,"1","N2","T3",0.9026,0.0974,"LOW"
47,"1","N2","T3",0.8241,0.1759,"LOW"
48,"1","N2","T3",0.8499,0.1501,"LOW"
49,"1","N2","T3",0.9036,0.0964,"LOW"
50,"1","N2","T3",0.9042,0.0958,"LOW"
51,"1","N2","T3",0.9018,0.0982,"LOW"
52,"1","N2","T3",0.8983,0.1017,"LOW"
53,"1","N2","T3",0.8779,0.1221,"LOW"
54,"1","N2","T3",0.8897,0.1103,"LOW"
55,"1","N2","T3",0.9003,0.0997,"LOW"
56,"1","N2","T3",0.8998,0.1002,"LOW"
57,"1","N2","T3",0.8654,0.1346,"LOW"
58,"1","N2","T3",0.8719,0.1281,"LOW"
59,"1","N2","T3",0.8426,0.1574,"LOW"
60,"1","N2","T3",0.8738,0.1262,"LOW"
61,"1","N2","T3",0.8714,0.1286,"LOW"
62,"1","N2","T3",0.8714,0.1286,"LOW"
63,"1","N2","T3",0.8779,0.1221,"LOW"
64,"1","N2","T3",0.7993,0.2007,"LOW"
65,"1","N2","T3",0.8479,0.1521,"LOW"
66,"1","N2","T3",0.8783,0.1217,"LOW"
67,"1","N2","T3",0.8788,0.1212,"LOW"
68,"1","N2","T3",0.8276,0.1724,"LOW"
69,"1","N2","T3",0.8817,0.1183,"LOW"
70,"1","N2","T3",0.8815,0.1185,"LOW"
71,"1","N2","T3",0.8301,0.1699,"LOW"
72,"1","N2","T3",0.8848,0.1152,"LOW"
73,"1","N2","T3",0.886,0.114,"LOW"
74,"1","N2","T3",0.8778,0.1222,"LOW"
75,"1","N2","T3",0.8847,0.1153,"LOW"
76,"1","N2","T3",0.8851,0.1149,"LOW"
77,"1","N2","T3",0.843,0.157,"LOW"
78,"1","N2","T3",0.8586,0.1414,"LOW"
79,"1","N2","T3",0.8745,0.1255,"LOW"
80,"1","N2","T3",0.8612,0.1388,"LOW"
81,"1","N2","T3",0.8552,0.1448,"LOW"
82,"1","N2","T3",0.8758,0.1242,"LOW"
83,"1","N2","T3",0.872,0.128,"LOW"
84,"1","N2","T3",0.8845,0.1155,"LOW"
85,"1","N2","T3",0.8841,0.1159,"LOW"
86,"1","N2","T3",0.8864,0.1136,"LOW"
87,"1","N2","T3",0.8842,0.1158,"LOW"
88,"1","N2","T3",0.8115,0.1885,"LOW"
89,"1","N2","T3",0.8104,0.1896,"LOW"
90,"1","N2","T3",0.8552,0.1448,"LOW"
91,"1","N2","T3",0.8552,0.1448,"LOW"
92,"1","N2","T3",0.8552,0.1448,"LOW"
93,"1","N2","T3",0.8552,0.1448,"LOW"
94,"1","N2","T3",0.8552,0.1448,"LOW"
95,"1","N2","T3",0.8552,0.1448,"LOW"
96,"1","N2","T3",0.8552,0.1448,"LOW"
97,"1","N2","T3",0.8552,0.1448,"LOW"
98,"1","N2","T3",0.8552,0.1448,"LOW"
99,"1","N2","T3",0.8552,0.1448,"LOW"
0,"2","N2","T3",0.9135,0.0865,"LOW"
1,"2","N2","T3",0.9135,0.0865,"LOW"
2,"2","N2","T3",0.9135,0.0865,"LOW"
3,"2","N2","T3",0.9135,0.0865,"LOW"
4,"2","N2","T3",0.9135,0.0865,"LOW"
5,"2","N2","T3",0.9135,0.0865,"LOW"
6,"2","N2","T3",0.9135,0.0865,"LOW"
7,"2","N2","T3",0.9135,0.0865,"LOW"
8,"2","N2","T3",0.9135,0.0865,"LOW"
9,"2","N2","T3",0.9135,0.0865,"LOW"
10,"2","N2","T3",0.9135,0.0865,"LOW"
11,"2","N2","T3",0.9135,0.0865,"LOW"
12,"2","N2","T3",0.9135,0.0865,"LOW"
13,"2","N2","T3",0.9135,0.0865,"LOW"
14,"2","N2","T3",0.9135,0.0865,"LOW"
15,"2","N2","T3",0.9135,0.0865,"LOW"
16,"2","N2","T3",0.9115,0.0885,"LOW"
17,"2","N2","T3",0.9109,0.0891,"LOW"
18,"2","N2","T3",0.914,0.086,"LOW"
19,"2","N2","T3",0.9384,0.0616,"LOW"
20,"2","N2","T3",0.9384,0.0616,"LOW"
21,"2","N2","T3",0.9471,0.0529,"LOW"
22,"2","N2","T3",0.9491,0.0509,"LOW"
23,"2","N2","T3",0.9491,0.0509,"LOW"
24,"2","N2","T3",0.9489,0.0511,"LOW"
25,"2","N2","T3",0.9485,0.0515,"LOW"
26,"2","N2","T3",0.9457,0.0543,"LOW"
27,"2","N2","T3",0.9454,0.0546,"LOW"
28,"2","N2","T3",0.9459,0.0541,"LOW"
29,"2","N2","T3",0.9483,0.0517,"LOW"
30,"2","N2","T3",0.9476,0.0524,"LOW"
31,"2","N2","T3",0.9476,0.0524,"LOW"
32,"2","N2","T3",0.9444,0.0556,"LOW"
33,"2","N2","T3",0.9422,0.0578,"LOW"
34,"2","N2","T3",0.9444,0.0556,"LOW"
35,"2","N2","T3",0.946,0.054,"LOW"
36,"2","N2","T3",0.946,0.054,"LOW"
37,"2","N2","T3",0.9377,0.0623,"LOW"
38,"2","N2","T3",0.8654,0.1346,"LOW"
39,"2","N2","T3",0.9201,0.0799,"LOW"
40,"2","N2","T3",0.9241,0.0759,"LOW"
41,"2","N2","T3",0.9185,0.0815,"LOW"
42,"2","N2","T3",0.8384,0.1616,"LOW"
43,"2","N2","T3",0.8443,0.1557,"LOW"
44,"2","N2","T3",0.8945,0.1055,"LOW"
45,"2","N2","T3",0.9132,0.0868,"LOW"
46,"2","N2","T3",0.9128,0.0872,"LOW"
47,"2","N2","T3",0.9002,0.0998,"LOW"
48,"2","N2","T3",0.9027,0.0973,"LOW"
49,"2","N2","T3",0.9055,0.0945,"LOW"
50,"2","N2","T3",0.9038,0.0962,"LOW"
51,"2","N2","T3",0.8833,0.1167,"LOW"
52,"2","N2","T3",0.7985,0.2015,"LOW"
53,"2","N2","T3",0.8468,0.1532,"LOW"
54,"2","N2","T3",0.7929,0.2071,"LOW"
55,"2","N2","T3",0.921,0.079,"LOW"
56,"2","N2","T3",0.9244,0.0756,"LOW"
57,"2","N2","T3",0.9198,0.0802,"LOW"
58,"2","N2","T3",0.9218,0.0782,"LOW"
59,"2","N2","T3",0.9167,0.0833,"LOW"
60,"2","N2","T3",0.919,0.081,"LOW"
61,"2","N2","T3",0.9174,0.0826,"LOW"
62,"2","N2","T3",0.9164,0.0836,"LOW"
63,"2","N2","T3",0.8965,0.1035,"LOW"
64,"2","N2","T3",0.9093,0.0907,"LOW"
65,"2","N2","T3",0.9172,0.0828,"LOW"
66,"2","N2","T3",0.9193,0.0807,"LOW"
67,"2","N2","T3",0.9191,0.0809,"LOW"
68,"2","N2","T3",0.9137,0.0863,"LOW"
69,"2","N2","T3",0.837,0.163,"LOW"
70,"2","N2","T3",0.7946,0.2054,"LOW"
71,"2","N2","T3",0.8915,0.1085,"LOW"
72,"2","N2","T3",0.918,0.082,"LOW"
73,"2","N2","T3",0.9176,0.0824,"LOW"
74,"2","N2","T3",0.916,0.084,"LOW"
75,"2","N2","T3",0.9174,0.0826,"LOW"
76,"2","N2","T3",0.9156,0.0844,"LOW"
77,"2","N2","T3",0.9105,0.0895,"LOW"
78,"2","N2","T3",0.9111,0.0889,"LOW"
79,"2","N2","T3",0.8921,0.1079,"LOW"
80,"2","N2","T3",0.8976,0.1024,"LOW"
81,"2","N2","T3",0.9022,0.0978,"LOW"
82,"2","N2","T3",0.9053,0.0947,"LOW"
83,"2","N2","T3",0.8924,0.1076,"LOW"
84,"2","N2","T3",0.9014,0.0986,"LOW"
85,"2","N2","T3",0.8699,0.1301,"LOW"
86,"2","N2","T3",0.914,0.086,"LOW"
87,"2","N2","T3",0.9136,0.0864,"LOW"
88,"2","N2","T3",0.8945,0.1055,"LOW"
89,"2","N2","T3",0.9084,0.0916,"LOW"
90,"2","N2","T3",0.8906,0.1094,"LOW"
91,"2","N2","T3",0.8906,0.1094,"LOW"
92,"2","N2","T3",0.8906,0.1094,"LOW"
93,"2","N2","T3",0.8906,0.1094,"LOW"
94,"2","N2","T3",0.8906,0.1094,"LOW"
95,"2","N2","T3",0.8906,0.1094,"LOW"
96,"2","N2","T3",0.8906,0.1094,"LOW"
97,"2","N2","T3",0.8906,0.1094,"LOW"
98,"2","N2","T3",0.8906,0.1094,"LOW"
99,"2","N2","T3",0.8906,0.1094,"LOW"
0,"1","N3","T3",0.7262,0.2738,"LOW"
1,"1","N3","T3",0.7262,0.2738,"LOW"
2,"1","N3","T3",0.7262,0.2738,"LOW"
3,"1","N3","T3",0.7262,0.2738,"LOW"
4,"1","N3","T3",0.7262,0.2738,"LOW"
5,"1","N3","T3",0.7262,0.2738,"LOW"
6,"1","N3","T3",0.7262,0.2738,"LOW"
7,"1","N3","T3",0.7262,0.2738,"LOW"
8,"1","N3","T3",0.7262,0.2738,"LOW"
9,"1","N3","T3",0.7262,0.2738,"LOW"
10,"1","N3","T3",0.7262,0.2738,"LOW"
11,"1","N3","T3",0.7262,0.2738,"LOW"
12,"1","N3","T3",0.7262,0.2738,"LOW"
13,"1","N3","T3",0.7262,0.2738,"LOW"
14,"1","N3","T3",0.7262,0.2738,"LOW"
15,"1","N3","T3",0.7242,0.2758,"LOW"
16,"1","N3","T3",0.6766,0.3234,"LOW"
17,"1","N3","T3",0.582,0.418,"LOW"
18,"1","N3","T3",0.554,0.446,"LOW"
19,"1","N3","T3",0.5282,0.4718,"LOW"
20,"1","N3","T3",0.634,0.366,"LOW"
21,"1","N3","T3",0.6868,0.3132,"LOW"
22,"1","N3","T3",0.8118,0.1882,"LOW"
23,"1","N3","T3",0.8262,0.1738,"LOW"
24,"1","N3","T3",0.8282,0.1718,"LOW"
25,"1","N3","T3",0.8092,0.1908,"LOW"
26,"1","N3","T3",0.7892,0.2108,"LOW"
27,"1","N3","T3",0.7948,0.2052,"LOW"
28,"1","N3","T3",0.7841,0.2159,"LOW"
29,"1","N3","T3",0.7843,0.2157,"LOW"
30,"1","N3","T3",0.7881,0.2119,"LOW"
31,"1","N3","T3",0.8091,0.1909,"LOW"
32,"1","N3","T3",0.8475,0.1525,"LOW"
33,"1","N3","T3",0.8173,0.1827,"LOW"
34,"1","N3","T3",0.8157,0.1843,"LOW"
35,"1","N3","T3",0.8763,0.1237,"LOW"
36,"1","N3","T3",0.8808,0.1192,"LOW"
37,"1","N3","T3",0.8652,0.1348,"LOW"
38,"1","N3","T3",0.8491,0.1509,"LOW"
39,"1","N3","T3",0.8451,0.1549,"LOW"
40,"1","N3","T3",0.8038,0.1962,"LOW"
41,"1","N3","T3",0.6519,0.3481,"LOW"
42,"1","N3","T3",0.6783,0.3217,"LOW"
43,"1","N3","T3",0.7876,0.2124,"LOW"
44,"1","N3","T3",0.7416,0.2584,"LOW"
45,"1","N3","T3",0.7776,0.2224,"LOW"
46,"1","N3","T3",0.6992,0.3008,"LOW"
47,"1","N3","T3",0.6395,0.3605,"LOW"
48,"1","N3","T3",0.6879,0.3121,"LOW"
49,"1","N3","T3",0.7638,0.2362,"LOW"
50,"1","N3","T3",0.7975,0.2025,"LOW"
51,"1","N3","T3",0.7987,0.2013,"LOW"
52,"1","N3","T3",0.7643,0.2357,"LOW"
53,"1","N3","T3",0.794,0.206,"LOW"
54,"1","N3","T3",0.7887,0.2113,"LOW"
55,"1","N3","T3",0.784,0.216,"LOW"
56,"1","N3","T3",0.8211,0.1789,"LOW"
57,"1","N3","T3",0.8247,0.1753,"LOW"
58,"1","N3","T3",0.8222,0.1778,"LOW"
59,"1","N3","T3",0.8062,0.1938,"LOW"
60,"1","N3","T3",0.7428,0.2572,"LOW"
61,"1","N3","T3",0.7137,0.2863,"LOW"
62,"1","N3","T3",0.7419,0.2581,"LOW"
63,"1","N3","T3",0.7825,0.2175,"LOW"
64,"1","N3","T3",0.7438,0.2562,"LOW"
65,"1","N3","T3",0.7209,0.2791,"LOW"
66,"1","N3","T3",0.7637,0.2363,"LOW"
67,"1","N3","T3",0.7497,0.2503,"LOW"
68,"1","N3","T3",0.7316,0.2684,"LOW"
69,"1","N3","T3",0.7681,0.2319,"LOW"
70,"1","N3","T3",0.7377,0.2623,"LOW"
71,"1","N3","T3",0.732,0.268,"LOW"
72,"1","N3","T3",0.6583,0.3417,"LOW"
73,"1","N3","T3",0.709,0.291,"LOW"
74,"1","N3","T3",0.6589,0.3411,"LOW"
75,"1","N3","T3",0.7409,0.2591,"LOW"
76,"1","N3","T3",0.7781,0.2219,"LOW"
77,"1","N3","T3",0.7533,0.2467,"LOW"
78,"1","N3","T3",0.81,0.19,"LOW"
79,"1","N3","T3",0.8141,0.1859,"LOW"
80,"1","N3","T3",0.8138,0.1862,"LOW"
81,"1","N3","T3",0.8116,0.1884,"LOW"
82,"1","N3","T3",0.69,0.31,"LOW"
83,"1","N3","T3",0.7358,0.2642,"LOW"
84,"1","N3","T3",0.7813,0.2187,"LOW"
85,"1","N3","T3",0.7237,0.2763,"LOW"
86,"1","N3","T3",0.7414,0.2586,"LOW"
87,"1","N3","T3",0.6639,0.3361,"LOW"
88,"1","N3","T3",0.6807,0.3193,"LOW"
89,"1","N3","T3",0.6347,0.3653,"LOW"
90,"1","N3","T3",0.7674,0.2326,"LOW"
91,"1","N3","T3",0.7674,0.2326,"LOW"
92,"1","N3","T3",0.7674,0.2326,"LOW"
93,"1","N3","T3",0.7674,0.2326,"LOW"
94,"1","N3","T3",0.7674,0.2326,"LOW"
95,"1","N3","T3",0.7674,0.2326,"LOW"
96,"1","N3","T3",0.7674,0.2326,"LOW"
97,"1","N3","T3",0.7674,0.2326,"LOW"
98,"1","N3","T3",0.7674,0.2326,"LOW"
99,"1","N3","T3",0.7674,0.2326,"LOW"
0,"2","N3","T3",0.7278,0.2722,"LOW"
1,"2","N3","T3",0.7278,0.2722,"LOW"
2,"2","N3","T3",0.7278,0.2722,"LOW"
3,"2","N3","T3",0.7278,0.2722,"LOW"
4,"2","N3","T3",0.7278,0.2722,"LOW"
5,"2","N3","T3",0.7278,0.2722,"LOW"
6,"2","N3","T3",0.7278,0.2722,"LOW"
7,"2","N3","T3",0.7278,0.2722,"LOW"
8,"2","N3","T3",0.7278,0.2722,"LOW"
9,"2","N3","T3",0.7278,0.2722,"LOW"
10,"2","N3","T3",0.7278,0.2722,"LOW"
11,"2","N3","T3",0.7278,0.2722,"LOW"
12,"2","N3","T3",0.7278,0.2722,"LOW"
13,"2","N3","T3",0.7278,0.2722,"LOW"
14,"2","N3","T3",0.7278,0.2722,"LOW"
15,"2","N3","T3",0.7258,0.2742,"LOW"
16,"2","N3","T3",0.6898,0.3102,"LOW"
17,"2","N3","T3",0.6628,0.3372,"LOW"
18,"2","N3","T3",0.6418,0.3582,"LOW"
19,"2","N3","T3",0.6425,0.3575,"LOW"
20,"2","N3","T3",0.7054,0.2946,"LOW"
21,"2","N3","T3",0.7568,0.2432,"LOW"
22,"2","N3","T3",0.8152,0.1848,"LOW"
23,"2","N3","T3",0.8301,0.1699,"LOW"
24,"2","N3","T3",0.8261,0.1739,"LOW"
25,"2","N3","T3",0.7915,0.2085,"LOW"
26,"2","N3","T3",0.784,0.216,"LOW"
27,"2","N3","T3",0.7848,0.2152,"LOW"
28,"2","N3","T3",0.6994,0.3006,"LOW"
29,"2","N3","T3",0.5358,0.4642,"LOW"
30,"2","N3","T3",0.5092,0.4908,"LOW"
31,"2","N3","T3",0.4752,0.5248,"HIGH"
32,"2","N3","T3",0.5023,0.4977,"LOW"
33,"2","N3","T3",0.5786,0.4214,"LOW"
34,"2","N3","T3",0.613,0.387,"LOW"
35,"2","N3","T3",0.7288,0.2712,"LOW"
36,"2","N3","T3",0.7758,0.2242,"LOW"
37,"2","N3","T3",0.7581,0.2419,"LOW"
38,"2","N3","T3",0.7744,0.2256,"LOW"
39,"2","N3","T3",0.7709,0.2291,"LOW"
40,"2","N3","T3",0.7406,0.2594,"LOW"
41,"2","N3","T3",0.6761,0.3239,"LOW"
42,"2","N3","T3",0.6476,0.3524,"LOW"
43,"2","N3","T3",0.6465,0.3535,"LOW"
44,"2","N3","T3",0.5878,0.4122,"LOW"
45,"2","N3","T3",0.6912,0.3088,"LOW"
46,"2","N3","T3",0.6591,0.3409,"LOW"
47,"2","N3","T3",0.6078,0.3922,"LOW"
48,"2","N3","T3",0.6448,0.3552,"LOW"
49,"2","N3","T3",0.6739,0.3261,"LOW"
50,"2","N3","T3",0.7364,0.2636,"LOW"
51,"2","N3","T3",0.7439,0.2561,"LOW"
52,"2","N3","T3",0.7289,0.2711,"LOW"
53,"2","N3","T3",0.7424,0.2576,"LOW"
54,"2","N3","T3",0.7194,0.2806,"LOW"
55,"2","N3","T3",0.7715,0.2285,"LOW"
56,"2","N3","T3",0.7742,0.2258,"LOW"
57,"2","N3","T3",0.7737,0.2263,"LOW"
58,"2","N3","T3",0.7696,0.2304,"LOW"
59,"2","N3","T3",0.6521,0.3479,"LOW"
60,"2","N3","T3",0.5719,0.4281,"LOW"
61,"2","N3","T3",0.5757,0.4243,"LOW"
62,"2","N3","T3",0.6868,0.3132,"LOW"
63,"2","N3","T3",0.6732,0.3268,"LOW"
64,"2","N3","T3",0.6365,0.3635,"LOW"
65,"2","N3","T3",0.6326,0.3674,"LOW"
66,"2","N3","T3",0.6318,0.3682,"LOW"
67,"2","N3","T3",0.6766,0.3234,"LOW"
68,"2","N3","T3",0.6716,0.3284,"LOW"
69,"2","N3","T3",0.6544,0.3456,"LOW"
70,"2","N3","T3",0.6301,0.3699,"LOW"
71,"2","N3","T3",0.6726,0.3274,"LOW"
72,"2","N3","T3",0.6381,0.3619,"LOW"
73,"2","N3","T3",0.6534,0.3466,"LOW"
74,"2","N3","T3",0.6236,0.3764,"LOW"
75,"2","N3","T3",0.816,0.184,"LOW"
76,"2","N3","T3",0.8441,0.1559,"LOW"
77,"2","N3","T3",0.8342,0.1658,"LOW"
78,"2","N3","T3",0.8621,0.1379,"LOW"
79,"2","N3","T3",0.8644,0.1356,"LOW"
80,"2","N3","T3",0.8636,0.1364,"LOW"
81,"2","N3","T3",0.858,0.142,"LOW"
82,"2","N3","T3",0.8544,0.1456,"LOW"
83,"2","N3","T3",0.843,0.157,"LOW"
84,"2","N3","T3",0.7544,0.2456,"LOW"
85,"2","N3","T3",0.7749,0.2251,"LOW"
86,"2","N3","T3",0.774,0.226,"LOW"
87,"2","N3","T3",0.7588,0.2412,"LOW"
88,"2","N3","T3",0.8269,0.1731,"LOW"
89,"2","N3","T3",0.8305,0.1695,"LOW"
90,"2","N3","T3",0.8542,0.1458,"LOW"
91,"2","N3","T3",0.8542,0.1458,"LOW"
92,"2","N3","T3",0.8542,0.1458,"LOW"
93,"2","N3","T3",0.8542,0.1458,"LOW"
94,"2","N3","T3",0.8542,0.1458,"LOW"
95,"2","N3","T3",0.8542,0.1458,"LOW"
96,"2","N3","T3",0.8542,0.1458,"LOW"
97,"2","N3","T3",0.8542,0.1458,"LOW"
98,"2","N3","T3",0.8542,0.1458,"LOW"
99,"2","N3","T3",0.8542,0.1458,"LOW"
0,"1","Other/Unknown","T3",0.9047,0.0953,"LOW"
1,"1","Other/Unknown","T3",0.9047,0.0953,"LOW"
2,"1","Other/Unknown","T3",0.9047,0.0953,"LOW"
3,"1","Other/Unknown","T3",0.91,0.09,"LOW"
4,"1","Other/Unknown","T3",0.91,0.09,"LOW"
5,"1","Other/Unknown","T3",0.914,0.086,"LOW"
6,"1","Other/Unknown","T3",0.914,0.086,"LOW"
7,"1","Other/Unknown","T3",0.914,0.086,"LOW"
8,"1","Other/Unknown","T3",0.92,0.08,"LOW"
9,"1","Other/Unknown","T3",0.9219,0.0781,"LOW"
10,"1","Other/Unknown","T3",0.9219,0.0781,"LOW"
11,"1","Other/Unknown","T3",0.9219,0.0781,"LOW"
12,"1","Other/Unknown","T3",0.9219,0.0781,"LOW"
13,"1","Other/Unknown","T3",0.9219,0.0781,"LOW"
14,"1","Other/Unknown","T3",0.9219,0.0781,"LOW"
15,"1","Other/Unknown","T3",0.9219,0.0781,"LOW"
16,"1","Other/Unknown","T3",0.9215,0.0785,"LOW"
17,"1","Other/Unknown","T3",0.9199,0.0801,"LOW"
18,"1","Other/Unknown","T3",0.9199,0.0801,"LOW"
19,"1","Other/Unknown","T3",0.9194,0.0806,"LOW"
20,"1","Other/Unknown","T3",0.9194,0.0806,"LOW"
21,"1","Other/Unknown","T3",0.918,0.082,"LOW"
22,"1","Other/Unknown","T3",0.9215,0.0785,"LOW"
23,"1","Other/Unknown","T3",0.9282,0.0718,"LOW"
24,"1","Other/Unknown","T3",0.9245,0.0755,"LOW"
25,"1","Other/Unknown","T3",0.9206,0.0794,"LOW"
26,"1","Other/Unknown","T3",0.9256,0.0744,"LOW"
27,"1","Other/Unknown","T3",0.9251,0.0749,"LOW"
28,"1","Other/Unknown","T3",0.9249,0.0751,"LOW"
29,"1","Other/Unknown","T3",0.9241,0.0759,"LOW"
30,"1","Other/Unknown","T3",0.9247,0.0753,"LOW"
31,"1","Other/Unknown","T3",0.9246,0.0754,"LOW"
32,"1","Other/Unknown","T3",0.925,0.075,"LOW"
33,"1","Other/Unknown","T3",0.9246,0.0754,"LOW"
34,"1","Other/Unknown","T3",0.925,0.075,"LOW"
35,"1","Other/Unknown","T3",0.9245,0.0755,"LOW"
36,"1","Other/Unknown","T3",0.9256,0.0744,"LOW"
37,"1","Other/Unknown","T3",0.9255,0.0745,"LOW"
38,"1","Other/Unknown","T3",0.9249,0.0751,"LOW"
39,"1","Other/Unknown","T3",0.904,0.096,"LOW"
40,"1","Other/Unknown","T3",0.9201,0.0799,"LOW"
41,"1","Other/Unknown","T3",0.923,0.077,"LOW"
42,"1","Other/Unknown","T3",0.9229,0.0771,"LOW"
43,"1","Other/Unknown","T3",0.9228,0.0772,"LOW"
44,"1","Other/Unknown","T3",0.9218,0.0782,"LOW"
45,"1","Other/Unknown","T3",0.902,0.098,"LOW"
46,"1","Other/Unknown","T3",0.9179,0.0821,"LOW"
47,"1","Other/Unknown","T3",0.9192,0.0808,"LOW"
48,"1","Other/Unknown","T3",0.9182,0.0818,"LOW"
49,"1","Other/Unknown","T3",0.8957,0.1043,"LOW"
50,"1","Other/Unknown","T3",0.9167,0.0833,"LOW"
51,"1","Other/Unknown","T3",0.9137,0.0863,"LOW"
52,"1","Other/Unknown","T3",0.923,0.077,"LOW"
53,"1","Other/Unknown","T3",0.9255,0.0745,"LOW"
54,"1","Other/Unknown","T3",0.9261,0.0739,"LOW"
55,"1","Other/Unknown","T3",0.9261,0.0739,"LOW"
56,"1","Other/Unknown","T3",0.9185,0.0815,"LOW"
57,"1","Other/Unknown","T3",0.9234,0.0766,"LOW"
58,"1","Other/Unknown","T3",0.923,0.077,"LOW"
59,"1","Other/Unknown","T3",0.9109,0.0891,"LOW"
60,"1","Other/Unknown","T3",0.9159,0.0841,"LOW"
61,"1","Other/Unknown","T3",0.9058,0.0942,"LOW"
62,"1","Other/Unknown","T3",0.9021,0.0979,"LOW"
63,"1","Other/Unknown","T3",0.8904,0.1096,"LOW"
64,"1","Other/Unknown","T3",0.9032,0.0968,"LOW"
65,"1","Other/Unknown","T3",0.9086,0.0914,"LOW"
66,"1","Other/Unknown","T3",0.9119,0.0881,"LOW"
67,"1","Other/Unknown","T3",0.9183,0.0817,"LOW"
68,"1","Other/Unknown","T3",0.9183,0.0817,"LOW"
69,"1","Other/Unknown","T3",0.9183,0.0817,"LOW"
70,"1","Other/Unknown","T3",0.9076,0.0924,"LOW"
71,"1","Other/Unknown","T3",0.9105,0.0895,"LOW"
72,"1","Other/Unknown","T3",0.9175,0.0825,"LOW"
73,"1","Other/Unknown","T3",0.9173,0.0827,"LOW"
74,"1","Other/Unknown","T3",0.9185,0.0815,"LOW"
75,"1","Other/Unknown","T3",0.8884,0.1116,"LOW"
76,"1","Other/Unknown","T3",0.9056,0.0944,"LOW"
77,"1","Other/Unknown","T3",0.9016,0.0984,"LOW"
78,"1","Other/Unknown","T3",0.8708,0.1292,"LOW"
79,"1","Other/Unknown","T3",0.8837,0.1163,"LOW"
80,"1","Other/Unknown","T3",0.8864,0.1136,"LOW"
81,"1","Other/Unknown","T3",0.88,0.12,"LOW"
82,"1","Other/Unknown","T3",0.8695,0.1305,"LOW"
83,"1","Other/Unknown","T3",0.8938,0.1062,"LOW"
84,"1","Other/Unknown","T3",0.8905,0.1095,"LOW"
85,"1","Other/Unknown","T3",0.8937,0.1063,"LOW"
86,"1","Other/Unknown","T3",0.8983,0.1017,"LOW"
87,"1","Other/Unknown","T3",0.862,0.138,"LOW"
88,"1","Other/Unknown","T3",0.8434,0.1566,"LOW"
89,"1","Other/Unknown","T3",0.8957,0.1043,"LOW"
90,"1","Other/Unknown","T3",0.8932,0.1068,"LOW"
91,"1","Other/Unknown","T3",0.8932,0.1068,"LOW"
92,"1","Other/Unknown","T3",0.8932,0.1068,"LOW"
93,"1","Other/Unknown","T3",0.8932,0.1068,"LOW"
94,"1","Other/Unknown","T3",0.8932,0.1068,"LOW"
95,"1","Other/Unknown","T3",0.8932,0.1068,"LOW"
96,"1","Other/Unknown","T3",0.8932,0.1068,"LOW"
97,"1","Other/Unknown","T3",0.8932,0.1068,"LOW"
98,"1","Other/Unknown","T3",0.8932,0.1068,"LOW"
99,"1","Other/Unknown","T3",0.8932,0.1068,"LOW"
0,"2","Other/Unknown","T3",0.932,0.068,"LOW"
1,"2","Other/Unknown","T3",0.932,0.068,"LOW"
2,"2","Other/Unknown","T3",0.93,0.07,"LOW"
3,"2","Other/Unknown","T3",0.922,0.078,"LOW"
4,"2","Other/Unknown","T3",0.9382,0.0618,"LOW"
5,"2","Other/Unknown","T3",0.9402,0.0598,"LOW"
6,"2","Other/Unknown","T3",0.9422,0.0578,"LOW"
7,"2","Other/Unknown","T3",0.9422,0.0578,"LOW"
8,"2","Other/Unknown","T3",0.9422,0.0578,"LOW"
9,"2","Other/Unknown","T3",0.9422,0.0578,"LOW"
10,"2","Other/Unknown","T3",0.9422,0.0578,"LOW"
11,"2","Other/Unknown","T3",0.9422,0.0578,"LOW"
12,"2","Other/Unknown","T3",0.9422,0.0578,"LOW"
13,"2","Other/Unknown","T3",0.9422,0.0578,"LOW"
14,"2","Other/Unknown","T3",0.9422,0.0578,"LOW"
15,"2","Other/Unknown","T3",0.9422,0.0578,"LOW"
16,"2","Other/Unknown","T3",0.9419,0.0581,"LOW"
17,"2","Other/Unknown","T3",0.9419,0.0581,"LOW"
18,"2","Other/Unknown","T3",0.942,0.058,"LOW"
19,"2","Other/Unknown","T3",0.9419,0.0581,"LOW"
20,"2","Other/Unknown","T3",0.9415,0.0585,"LOW"
21,"2","Other/Unknown","T3",0.9395,0.0605,"LOW"
22,"2","Other/Unknown","T3",0.9355,0.0645,"LOW"
23,"2","Other/Unknown","T3",0.9415,0.0585,"LOW"
24,"2","Other/Unknown","T3",0.9288,0.0712,"LOW"
25,"2","Other/Unknown","T3",0.942,0.058,"LOW"
26,"2","Other/Unknown","T3",0.9421,0.0579,"LOW"
27,"2","Other/Unknown","T3",0.938,0.062,"LOW"
28,"2","Other/Unknown","T3",0.9382,0.0618,"LOW"
29,"2","Other/Unknown","T3",0.938,0.062,"LOW"
30,"2","Other/Unknown","T3",0.9326,0.0674,"LOW"
31,"2","Other/Unknown","T3",0.9339,0.0661,"LOW"
32,"2","Other/Unknown","T3",0.9329,0.0671,"LOW"
33,"2","Other/Unknown","T3",0.933,0.067,"LOW"
34,"2","Other/Unknown","T3",0.9318,0.0682,"LOW"
35,"2","Other/Unknown","T3",0.9321,0.0679,"LOW"
36,"2","Other/Unknown","T3",0.928,0.072,"LOW"
37,"2","Other/Unknown","T3",0.9307,0.0693,"LOW"
38,"2","Other/Unknown","T3",0.9297,0.0703,"LOW"
39,"2","Other/Unknown","T3",0.9249,0.0751,"LOW"
40,"2","Other/Unknown","T3",0.8772,0.1228,"LOW"
41,"2","Other/Unknown","T3",0.9176,0.0824,"LOW"
42,"2","Other/Unknown","T3",0.9224,0.0776,"LOW"
43,"2","Other/Unknown","T3",0.9219,0.0781,"LOW"
44,"2","Other/Unknown","T3",0.9167,0.0833,"LOW"
45,"2","Other/Unknown","T3",0.8253,0.1747,"LOW"
46,"2","Other/Unknown","T3",0.875,0.125,"LOW"
47,"2","Other/Unknown","T3",0.9268,0.0732,"LOW"
48,"2","Other/Unknown","T3",0.9272,0.0728,"LOW"
49,"2","Other/Unknown","T3",0.9258,0.0742,"LOW"
50,"2","Other/Unknown","T3",0.931,0.069,"LOW"
51,"2","Other/Unknown","T3",0.9333,0.0667,"LOW"
52,"2","Other/Unknown","T3",0.8905,0.1095,"LOW"
53,"2","Other/Unknown","T3",0.9394,0.0606,"LOW"
54,"2","Other/Unknown","T3",0.9403,0.0597,"LOW"
55,"2","Other/Unknown","T3",0.9379,0.0621,"LOW"
56,"2","Other/Unknown","T3",0.9356,0.0644,"LOW"
57,"2","Other/Unknown","T3",0.9457,0.0543,"LOW"
58,"2","Other/Unknown","T3",0.9444,0.0556,"LOW"
59,"2","Other/Unknown","T3",0.9421,0.0579,"LOW"
60,"2","Other/Unknown","T3",0.9415,0.0585,"LOW"
61,"2","Other/Unknown","T3",0.9392,0.0608,"LOW"
62,"2","Other/Unknown","T3",0.9238,0.0762,"LOW"
63,"2","Other/Unknown","T3",0.9124,0.0876,"LOW"
64,"2","Other/Unknown","T3",0.9431,0.0569,"LOW"
65,"2","Other/Unknown","T3",0.9449,0.0551,"LOW"
66,"2","Other/Unknown","T3",0.9462,0.0538,"LOW"
67,"2","Other/Unknown","T3",0.9469,0.0531,"LOW"
68,"2","Other/Unknown","T3",0.9469,0.0531,"LOW"
69,"2","Other/Unknown","T3",0.9469,0.0531,"LOW"
70,"2","Other/Unknown","T3",0.9454,0.0546,"LOW"
71,"2","Other/Unknown","T3",0.9466,0.0534,"LOW"
72,"2","Other/Unknown","T3",0.9465,0.0535,"LOW"
73,"2","Other/Unknown","T3",0.9463,0.0537,"LOW"
74,"2","Other/Unknown","T3",0.9462,0.0538,"LOW"
75,"2","Other/Unknown","T3",0.9411,0.0589,"LOW"
76,"2","Other/Unknown","T3",0.9169,0.0831,"LOW"
77,"2","Other/Unknown","T3",0.9283,0.0717,"LOW"
78,"2","Other/Unknown","T3",0.9454,0.0546,"LOW"
79,"2","Other/Unknown","T3",0.9466,0.0534,"LOW"
80,"2","Other/Unknown","T3",0.947,0.053,"LOW"
81,"2","Other/Unknown","T3",0.9467,0.0533,"LOW"
82,"2","Other/Unknown","T3",0.9419,0.0581,"LOW"
83,"2","Other/Unknown","T3",0.9483,0.0517,"LOW"
84,"2","Other/Unknown","T3",0.948,0.052,"LOW"
85,"2","Other/Unknown","T3",0.949,0.051,"LOW"
86,"2","Other/Unknown","T3",0.9497,0.0503,"LOW"
87,"2","Other/Unknown","T3",0.9487,0.0513,"LOW"
88,"2","Other/Unknown","T3",0.9351,0.0649,"LOW"
89,"2","Other/Unknown","T3",0.9482,0.0518,"LOW"
90,"2","Other/Unknown","T3",0.9509,0.0491,"LOW"
91,"2","Other/Unknown","T3",0.9509,0.0491,"LOW"
92,"2","Other/Unknown","T3",0.9509,0.0491,"LOW"
93,"2","Other/Unknown","T3",0.9509,0.0491,"LOW"
94,"2","Other/Unknown","T3",0.9509,0.0491,"LOW"
95,"2","Other/Unknown","T3",0.9509,0.0491,"LOW"
96,"2","Other/Unknown","T3",0.9509,0.0491,"LOW"
97,"2","Other/Unknown","T3",0.9509,0.0491,"LOW"
98,"2","Other/Unknown","T3",0.9509,0.0491,"LOW"
99,"2","Other/Unknown","T3",0.9509,0.0491,"LOW"
0,"1","N0","T4",0.9589,0.0411,"LOW"
1,"1","N0","T4",0.9589,0.0411,"LOW"
2,"1","N0","T4",0.9588,0.0412,"LOW"
3,"1","N0","T4",0.9588,0.0412,"LOW"
4,"1","N0","T4",0.9588,0.0412,"LOW"
5,"1","N0","T4",0.9588,0.0412,"LOW"
6,"1","N0","T4",0.9588,0.0412,"LOW"
7,"1","N0","T4",0.9588,0.0412,"LOW"
8,"1","N0","T4",0.9588,0.0412,"LOW"
9,"1","N0","T4",0.9588,0.0412,"LOW"
10,"1","N0","T4",0.9587,0.0413,"LOW"
11,"1","N0","T4",0.9587,0.0413,"LOW"
12,"1","N0","T4",0.9587,0.0413,"LOW"
13,"1","N0","T4",0.9587,0.0413,"LOW"
14,"1","N0","T4",0.9587,0.0413,"LOW"
15,"1","N0","T4",0.9587,0.0413,"LOW"
16,"1","N0","T4",0.9587,0.0413,"LOW"
17,"1","N0","T4",0.9587,0.0413,"LOW"
18,"1","N0","T4",0.956,0.044,"LOW"
19,"1","N0","T4",0.9572,0.0428,"LOW"
20,"1","N0","T4",0.9383,0.0617,"LOW"
21,"1","N0","T4",0.9568,0.0432,"LOW"
22,"1","N0","T4",0.9565,0.0435,"LOW"
23,"1","N0","T4",0.9563,0.0437,"LOW"
24,"1","N0","T4",0.9563,0.0437,"LOW"
25,"1","N0","T4",0.9562,0.0438,"LOW"
26,"1","N0","T4",0.9346,0.0654,"LOW"
27,"1","N0","T4",0.9374,0.0626,"LOW"
28,"1","N0","T4",0.9492,0.0508,"LOW"
29,"1","N0","T4",0.9385,0.0615,"LOW"
30,"1","N0","T4",0.9456,0.0544,"LOW"
31,"1","N0","T4",0.9485,0.0515,"LOW"
32,"1","N0","T4",0.953,0.047,"LOW"
33,"1","N0","T4",0.953,0.047,"LOW"
34,"1","N0","T4",0.9501,0.0499,"LOW"
35,"1","N0","T4",0.9456,0.0544,"LOW"
36,"1","N0","T4",0.9502,0.0498,"LOW"
37,"1","N0","T4",0.9469,0.0531,"LOW"
38,"1","N0","T4",0.945,0.055,"LOW"
39,"1","N0","T4",0.9459,0.0541,"LOW"
40,"1","N0","T4",0.9478,0.0522,"LOW"
41,"1","N0","T4",0.9477,0.0523,"LOW"
42,"1","N0","T4",0.9452,0.0548,"LOW"
43,"1","N0","T4",0.9462,0.0538,"LOW"
44,"1","N0","T4",0.9496,0.0504,"LOW"
45,"1","N0","T4",0.9522,0.0478,"LOW"
46,"1","N0","T4",0.9516,0.0484,"LOW"
47,"1","N0","T4",0.9505,0.0495,"LOW"
48,"1","N0","T4",0.9518,0.0482,"LOW"
49,"1","N0","T4",0.9527,0.0473,"LOW"
50,"1","N0","T4",0.9503,0.0497,"LOW"
51,"1","N0","T4",0.9486,0.0514,"LOW"
52,"1","N0","T4",0.95,0.05,"LOW"
53,"1","N0","T4",0.9509,0.0491,"LOW"
54,"1","N0","T4",0.9466,0.0534,"LOW"
55,"1","N0","T4",0.9485,0.0515,"LOW"
56,"1","N0","T4",0.9468,0.0532,"LOW"
57,"1","N0","T4",0.9477,0.0523,"LOW"
58,"1","N0","T4",0.9466,0.0534,"LOW"
59,"1","N0","T4",0.9467,0.0533,"LOW"
60,"1","N0","T4",0.9464,0.0536,"LOW"
61,"1","N0","T4",0.9489,0.0511,"LOW"
62,"1","N0","T4",0.9488,0.0512,"LOW"
63,"1","N0","T4",0.9484,0.0516,"LOW"
64,"1","N0","T4",0.9486,0.0514,"LOW"
65,"1","N0","T4",0.949,0.051,"LOW"
66,"1","N0","T4",0.9512,0.0488,"LOW"
67,"1","N0","T4",0.952,0.048,"LOW"
68,"1","N0","T4",0.9512,0.0488,"LOW"
69,"1","N0","T4",0.951,0.049,"LOW"
70,"1","N0","T4",0.9506,0.0494,"LOW"
71,"1","N0","T4",0.9494,0.0506,"LOW"
72,"1","N0","T4",0.9527,0.0473,"LOW"
73,"1","N0","T4",0.9531,0.0469,"LOW"
74,"1","N0","T4",0.9547,0.0453,"LOW"
75,"1","N0","T4",0.9525,0.0475,"LOW"
76,"1","N0","T4",0.9524,0.0476,"LOW"
77,"1","N0","T4",0.9521,0.0479,"LOW"
78,"1","N0","T4",0.9498,0.0502,"LOW"
79,"1","N0","T4",0.9518,0.0482,"LOW"
80,"1","N0","T4",0.9524,0.0476,"LOW"
81,"1","N0","T4",0.9507,0.0493,"LOW"
82,"1","N0","T4",0.9586,0.0414,"LOW"
83,"1","N0","T4",0.9613,0.0387,"LOW"
84,"1","N0","T4",0.9615,0.0385,"LOW"
85,"1","N0","T4",0.9659,0.0341,"LOW"
86,"1","N0","T4",0.9647,0.0353,"LOW"
87,"1","N0","T4",0.961,0.039,"LOW"
88,"1","N0","T4",0.9565,0.0435,"LOW"
89,"1","N0","T4",0.9578,0.0422,"LOW"
90,"1","N0","T4",0.9636,0.0364,"LOW"
91,"1","N0","T4",0.9636,0.0364,"LOW"
92,"1","N0","T4",0.9636,0.0364,"LOW"
93,"1","N0","T4",0.9636,0.0364,"LOW"
94,"1","N0","T4",0.9636,0.0364,"LOW"
95,"1","N0","T4",0.9636,0.0364,"LOW"
96,"1","N0","T4",0.9636,0.0364,"LOW"
97,"1","N0","T4",0.9636,0.0364,"LOW"
98,"1","N0","T4",0.9636,0.0364,"LOW"
99,"1","N0","T4",0.9636,0.0364,"LOW"
0,"2","N0","T4",0.9669,0.0331,"LOW"
1,"2","N0","T4",0.9669,0.0331,"LOW"
2,"2","N0","T4",0.9669,0.0331,"LOW"
3,"2","N0","T4",0.9669,0.0331,"LOW"
4,"2","N0","T4",0.9669,0.0331,"LOW"
5,"2","N0","T4",0.9669,0.0331,"LOW"
6,"2","N0","T4",0.9669,0.0331,"LOW"
7,"2","N0","T4",0.9669,0.0331,"LOW"
8,"2","N0","T4",0.9669,0.0331,"LOW"
9,"2","N0","T4",0.9669,0.0331,"LOW"
10,"2","N0","T4",0.9668,0.0332,"LOW"
11,"2","N0","T4",0.9648,0.0352,"LOW"
12,"2","N0","T4",0.9669,0.0331,"LOW"
13,"2","N0","T4",0.9669,0.0331,"LOW"
14,"2","N0","T4",0.9669,0.0331,"LOW"
15,"2","N0","T4",0.9649,0.0351,"LOW"
16,"2","N0","T4",0.9669,0.0331,"LOW"
17,"2","N0","T4",0.9669,0.0331,"LOW"
18,"2","N0","T4",0.966,0.034,"LOW"
19,"2","N0","T4",0.966,0.034,"LOW"
20,"2","N0","T4",0.9613,0.0387,"LOW"
21,"2","N0","T4",0.9639,0.0361,"LOW"
22,"2","N0","T4",0.9465,0.0535,"LOW"
23,"2","N0","T4",0.9634,0.0366,"LOW"
24,"2","N0","T4",0.9634,0.0366,"LOW"
25,"2","N0","T4",0.9633,0.0367,"LOW"
26,"2","N0","T4",0.9612,0.0388,"LOW"
27,"2","N0","T4",0.9533,0.0467,"LOW"
28,"2","N0","T4",0.9647,0.0353,"LOW"
29,"2","N0","T4",0.9648,0.0352,"LOW"
30,"2","N0","T4",0.9651,0.0349,"LOW"
31,"2","N0","T4",0.9651,0.0349,"LOW"
32,"2","N0","T4",0.9651,0.0349,"LOW"
33,"2","N0","T4",0.965,0.035,"LOW"
34,"2","N0","T4",0.9646,0.0354,"LOW"
35,"2","N0","T4",0.9641,0.0359,"LOW"
36,"2","N0","T4",0.9639,0.0361,"LOW"
37,"2","N0","T4",0.9637,0.0363,"LOW"
38,"2","N0","T4",0.9619,0.0381,"LOW"
39,"2","N0","T4",0.9498,0.0502,"LOW"
40,"2","N0","T4",0.9473,0.0527,"LOW"
41,"2","N0","T4",0.9407,0.0593,"LOW"
42,"2","N0","T4",0.943,0.057,"LOW"
43,"2","N0","T4",0.9507,0.0493,"LOW"
44,"2","N0","T4",0.9495,0.0505,"LOW"
45,"2","N0","T4",0.95,0.05,"LOW"
46,"2","N0","T4",0.9517,0.0483,"LOW"
47,"2","N0","T4",0.9503,0.0497,"LOW"
48,"2","N0","T4",0.9524,0.0476,"LOW"
49,"2","N0","T4",0.9533,0.0467,"LOW"
50,"2","N0","T4",0.9525,0.0475,"LOW"
51,"2","N0","T4",0.9527,0.0473,"LOW"
52,"2","N0","T4",0.9489,0.0511,"LOW"
53,"2","N0","T4",0.9493,0.0507,"LOW"
54,"2","N0","T4",0.9497,0.0503,"LOW"
55,"2","N0","T4",0.9516,0.0484,"LOW"
56,"2","N0","T4",0.9445,0.0555,"LOW"
57,"2","N0","T4",0.9419,0.0581,"LOW"
58,"2","N0","T4",0.9466,0.0534,"LOW"
59,"2","N0","T4",0.9463,0.0537,"LOW"
60,"2","N0","T4",0.9462,0.0538,"LOW"
61,"2","N0","T4",0.9443,0.0557,"LOW"
62,"2","N0","T4",0.9449,0.0551,"LOW"
63,"2","N0","T4",0.949,0.051,"LOW"
64,"2","N0","T4",0.9488,0.0512,"LOW"
65,"2","N0","T4",0.9487,0.0513,"LOW"
66,"2","N0","T4",0.9476,0.0524,"LOW"
67,"2","N0","T4",0.9468,0.0532,"LOW"
68,"2","N0","T4",0.9539,0.0461,"LOW"
69,"2","N0","T4",0.9532,0.0468,"LOW"
70,"2","N0","T4",0.9532,0.0468,"LOW"
71,"2","N0","T4",0.9493,0.0507,"LOW"
72,"2","N0","T4",0.952,0.048,"LOW"
73,"2","N0","T4",0.9506,0.0494,"LOW"
74,"2","N0","T4",0.9525,0.0475,"LOW"
75,"2","N0","T4",0.955,0.045,"LOW"
76,"2","N0","T4",0.9557,0.0443,"LOW"
77,"2","N0","T4",0.9559,0.0441,"LOW"
78,"2","N0","T4",0.9519,0.0481,"LOW"
79,"2","N0","T4",0.9544,0.0456,"LOW"
80,"2","N0","T4",0.9502,0.0498,"LOW"
81,"2","N0","T4",0.9496,0.0504,"LOW"
82,"2","N0","T4",0.9616,0.0384,"LOW"
83,"2","N0","T4",0.9585,0.0415,"LOW"
84,"2","N0","T4",0.9611,0.0389,"LOW"
85,"2","N0","T4",0.9583,0.0417,"LOW"
86,"2","N0","T4",0.9577,0.0423,"LOW"
87,"2","N0","T4",0.9573,0.0427,"LOW"
88,"2","N0","T4",0.9575,0.0425,"LOW"
89,"2","N0","T4",0.9563,0.0437,"LOW"
90,"2","N0","T4",0.9628,0.0372,"LOW"
91,"2","N0","T4",0.9628,0.0372,"LOW"
92,"2","N0","T4",0.9628,0.0372,"LOW"
93,"2","N0","T4",0.9628,0.0372,"LOW"
94,"2","N0","T4",0.9628,0.0372,"LOW"
95,"2","N0","T4",0.9628,0.0372,"LOW"
96,"2","N0","T4",0.9628,0.0372,"LOW"
97,"2","N0","T4",0.9628,0.0372,"LOW"
98,"2","N0","T4",0.9628,0.0372,"LOW"
99,"2","N0","T4",0.9628,0.0372,"LOW"
0,"1","N1","T4",0.8721,0.1279,"LOW"
1,"1","N1","T4",0.8721,0.1279,"LOW"
2,"1","N1","T4",0.8721,0.1279,"LOW"
3,"1","N1","T4",0.8721,0.1279,"LOW"
4,"1","N1","T4",0.8721,0.1279,"LOW"
5,"1","N1","T4",0.8721,0.1279,"LOW"
6,"1","N1","T4",0.8721,0.1279,"LOW"
7,"1","N1","T4",0.8721,0.1279,"LOW"
8,"1","N1","T4",0.8721,0.1279,"LOW"
9,"1","N1","T4",0.8721,0.1279,"LOW"
10,"1","N1","T4",0.8701,0.1299,"LOW"
11,"1","N1","T4",0.8701,0.1299,"LOW"
12,"1","N1","T4",0.8701,0.1299,"LOW"
13,"1","N1","T4",0.8701,0.1299,"LOW"
14,"1","N1","T4",0.8701,0.1299,"LOW"
15,"1","N1","T4",0.8611,0.1389,"LOW"
16,"1","N1","T4",0.867,0.133,"LOW"
17,"1","N1","T4",0.87,0.13,"LOW"
18,"1","N1","T4",0.8696,0.1304,"LOW"
19,"1","N1","T4",0.866,0.134,"LOW"
20,"1","N1","T4",0.8612,0.1388,"LOW"
21,"1","N1","T4",0.8354,0.1646,"LOW"
22,"1","N1","T4",0.8651,0.1349,"LOW"
23,"1","N1","T4",0.8664,0.1336,"LOW"
24,"1","N1","T4",0.8677,0.1323,"LOW"
25,"1","N1","T4",0.8676,0.1324,"LOW"
26,"1","N1","T4",0.8185,0.1815,"LOW"
27,"1","N1","T4",0.8029,0.1971,"LOW"
28,"1","N1","T4",0.8096,0.1904,"LOW"
29,"1","N1","T4",0.8304,0.1696,"LOW"
30,"1","N1","T4",0.8303,0.1697,"LOW"
31,"1","N1","T4",0.7769,0.2231,"LOW"
32,"1","N1","T4",0.8341,0.1659,"LOW"
33,"1","N1","T4",0.8249,0.1751,"LOW"
34,"1","N1","T4",0.8267,0.1733,"LOW"
35,"1","N1","T4",0.8222,0.1778,"LOW"
36,"1","N1","T4",0.8291,0.1709,"LOW"
37,"1","N1","T4",0.7931,0.2069,"LOW"
38,"1","N1","T4",0.8199,0.1801,"LOW"
39,"1","N1","T4",0.7913,0.2087,"LOW"
40,"1","N1","T4",0.8116,0.1884,"LOW"
41,"1","N1","T4",0.8084,0.1916,"LOW"
42,"1","N1","T4",0.8114,0.1886,"LOW"
43,"1","N1","T4",0.8198,0.1802,"LOW"
44,"1","N1","T4",0.7531,0.2469,"LOW"
45,"1","N1","T4",0.7698,0.2302,"LOW"
46,"1","N1","T4",0.7497,0.2503,"LOW"
47,"1","N1","T4",0.7836,0.2164,"LOW"
48,"1","N1","T4",0.8084,0.1916,"LOW"
49,"1","N1","T4",0.8045,0.1955,"LOW"
50,"1","N1","T4",0.8067,0.1933,"LOW"
51,"1","N1","T4",0.8132,0.1868,"LOW"
52,"1","N1","T4",0.8119,0.1881,"LOW"
53,"1","N1","T4",0.8069,0.1931,"LOW"
54,"1","N1","T4",0.7992,0.2008,"LOW"
55,"1","N1","T4",0.8017,0.1983,"LOW"
56,"1","N1","T4",0.8146,0.1854,"LOW"
57,"1","N1","T4",0.8184,0.1816,"LOW"
58,"1","N1","T4",0.8152,0.1848,"LOW"
59,"1","N1","T4",0.819,0.181,"LOW"
60,"1","N1","T4",0.8163,0.1837,"LOW"
61,"1","N1","T4",0.808,0.192,"LOW"
62,"1","N1","T4",0.8007,0.1993,"LOW"
63,"1","N1","T4",0.802,0.198,"LOW"
64,"1","N1","T4",0.8151,0.1849,"LOW"
65,"1","N1","T4",0.823,0.177,"LOW"
66,"1","N1","T4",0.8271,0.1729,"LOW"
67,"1","N1","T4",0.8227,0.1773,"LOW"
68,"1","N1","T4",0.827,0.173,"LOW"
69,"1","N1","T4",0.8254,0.1746,"LOW"
70,"1","N1","T4",0.8271,0.1729,"LOW"
71,"1","N1","T4",0.8318,0.1682,"LOW"
72,"1","N1","T4",0.8336,0.1664,"LOW"
73,"1","N1","T4",0.8255,0.1745,"LOW"
74,"1","N1","T4",0.8271,0.1729,"LOW"
75,"1","N1","T4",0.8359,0.1641,"LOW"
76,"1","N1","T4",0.8341,0.1659,"LOW"
77,"1","N1","T4",0.8408,0.1592,"LOW"
78,"1","N1","T4",0.8235,0.1765,"LOW"
79,"1","N1","T4",0.8071,0.1929,"LOW"
80,"1","N1","T4",0.8052,0.1948,"LOW"
81,"1","N1","T4",0.7311,0.2689,"LOW"
82,"1","N1","T4",0.7968,0.2032,"LOW"
83,"1","N1","T4",0.8478,0.1522,"LOW"
84,"1","N1","T4",0.846,0.154,"LOW"
85,"1","N1","T4",0.8617,0.1383,"LOW"
86,"1","N1","T4",0.8616,0.1384,"LOW"
87,"1","N1","T4",0.8476,0.1524,"LOW"
88,"1","N1","T4",0.8592,0.1408,"LOW"
89,"1","N1","T4",0.8218,0.1782,"LOW"
90,"1","N1","T4",0.8307,0.1693,"LOW"
91,"1","N1","T4",0.8307,0.1693,"LOW"
92,"1","N1","T4",0.8307,0.1693,"LOW"
93,"1","N1","T4",0.8307,0.1693,"LOW"
94,"1","N1","T4",0.8307,0.1693,"LOW"
95,"1","N1","T4",0.8307,0.1693,"LOW"
96,"1","N1","T4",0.8307,0.1693,"LOW"
97,"1","N1","T4",0.8307,0.1693,"LOW"
98,"1","N1","T4",0.8307,0.1693,"LOW"
99,"1","N1","T4",0.8307,0.1693,"LOW"
0,"2","N1","T4",0.8546,0.1454,"LOW"
1,"2","N1","T4",0.8546,0.1454,"LOW"
2,"2","N1","T4",0.8546,0.1454,"LOW"
3,"2","N1","T4",0.8546,0.1454,"LOW"
4,"2","N1","T4",0.8546,0.1454,"LOW"
5,"2","N1","T4",0.8546,0.1454,"LOW"
6,"2","N1","T4",0.8546,0.1454,"LOW"
7,"2","N1","T4",0.8546,0.1454,"LOW"
8,"2","N1","T4",0.8546,0.1454,"LOW"
9,"2","N1","T4",0.8546,0.1454,"LOW"
10,"2","N1","T4",0.8526,0.1474,"LOW"
11,"2","N1","T4",0.8526,0.1474,"LOW"
12,"2","N1","T4",0.8526,0.1474,"LOW"
13,"2","N1","T4",0.8526,0.1474,"LOW"
14,"2","N1","T4",0.8526,0.1474,"LOW"
15,"2","N1","T4",0.7647,0.2353,"LOW"
16,"2","N1","T4",0.7783,0.2217,"LOW"
17,"2","N1","T4",0.8393,0.1607,"LOW"
18,"2","N1","T4",0.8557,0.1443,"LOW"
19,"2","N1","T4",0.8687,0.1313,"LOW"
20,"2","N1","T4",0.8559,0.1441,"LOW"
21,"2","N1","T4",0.8611,0.1389,"LOW"
22,"2","N1","T4",0.8721,0.1279,"LOW"
23,"2","N1","T4",0.8662,0.1338,"LOW"
24,"2","N1","T4",0.8426,0.1574,"LOW"
25,"2","N1","T4",0.8497,0.1503,"LOW"
26,"2","N1","T4",0.8015,0.1985,"LOW"
27,"2","N1","T4",0.851,0.149,"LOW"
28,"2","N1","T4",0.8861,0.1139,"LOW"
29,"2","N1","T4",0.8892,0.1108,"LOW"
30,"2","N1","T4",0.8871,0.1129,"LOW"
31,"2","N1","T4",0.8463,0.1537,"LOW"
32,"2","N1","T4",0.884,0.116,"LOW"
33,"2","N1","T4",0.8814,0.1186,"LOW"
34,"2","N1","T4",0.8808,0.1192,"LOW"
35,"2","N1","T4",0.8787,0.1213,"LOW"
36,"2","N1","T4",0.8795,0.1205,"LOW"
37,"2","N1","T4",0.8416,0.1584,"LOW"
38,"2","N1","T4",0.8512,0.1488,"LOW"
39,"2","N1","T4",0.8508,0.1492,"LOW"
40,"2","N1","T4",0.8605,0.1395,"LOW"
41,"2","N1","T4",0.8504,0.1496,"LOW"
42,"2","N1","T4",0.8477,0.1523,"LOW"
43,"2","N1","T4",0.8329,0.1671,"LOW"
44,"2","N1","T4",0.8475,0.1525,"LOW"
45,"2","N1","T4",0.8381,0.1619,"LOW"
46,"2","N1","T4",0.8422,0.1578,"LOW"
47,"2","N1","T4",0.8438,0.1562,"LOW"
48,"2","N1","T4",0.8404,0.1596,"LOW"
49,"2","N1","T4",0.8383,0.1617,"LOW"
50,"2","N1","T4",0.8337,0.1663,"LOW"
51,"2","N1","T4",0.8403,0.1597,"LOW"
52,"2","N1","T4",0.8438,0.1562,"LOW"
53,"2","N1","T4",0.8371,0.1629,"LOW"
54,"2","N1","T4",0.8408,0.1592,"LOW"
55,"2","N1","T4",0.8138,0.1862,"LOW"
56,"2","N1","T4",0.829,0.171,"LOW"
57,"2","N1","T4",0.8317,0.1683,"LOW"
58,"2","N1","T4",0.8,0.2,"LOW"
59,"2","N1","T4",0.8321,0.1679,"LOW"
60,"2","N1","T4",0.8202,0.1798,"LOW"
61,"2","N1","T4",0.804,0.196,"LOW"
62,"2","N1","T4",0.832,0.168,"LOW"
63,"2","N1","T4",0.8223,0.1777,"LOW"
64,"2","N1","T4",0.8165,0.1835,"LOW"
65,"2","N1","T4",0.8357,0.1643,"LOW"
66,"2","N1","T4",0.8411,0.1589,"LOW"
67,"2","N1","T4",0.827,0.173,"LOW"
68,"2","N1","T4",0.8359,0.1641,"LOW"
69,"2","N1","T4",0.821,0.179,"LOW"
70,"2","N1","T4",0.8285,0.1715,"LOW"
71,"2","N1","T4",0.8344,0.1656,"LOW"
72,"2","N1","T4",0.8363,0.1637,"LOW"
73,"2","N1","T4",0.8031,0.1969,"LOW"
74,"2","N1","T4",0.8424,0.1576,"LOW"
75,"2","N1","T4",0.8461,0.1539,"LOW"
76,"2","N1","T4",0.83,0.17,"LOW"
77,"2","N1","T4",0.8108,0.1892,"LOW"
78,"2","N1","T4",0.8074,0.1926,"LOW"
79,"2","N1","T4",0.8468,0.1532,"LOW"
80,"2","N1","T4",0.8484,0.1516,"LOW"
81,"2","N1","T4",0.8084,0.1916,"LOW"
82,"2","N1","T4",0.7877,0.2123,"LOW"
83,"2","N1","T4",0.7937,0.2063,"LOW"
84,"2","N1","T4",0.7816,0.2184,"LOW"
85,"2","N1","T4",0.7795,0.2205,"LOW"
86,"2","N1","T4",0.7832,0.2168,"LOW"
87,"2","N1","T4",0.7743,0.2257,"LOW"
88,"2","N1","T4",0.799,0.201,"LOW"
89,"2","N1","T4",0.6769,0.3231,"LOW"
90,"2","N1","T4",0.6689,0.3311,"LOW"
91,"2","N1","T4",0.6689,0.3311,"LOW"
92,"2","N1","T4",0.6689,0.3311,"LOW"
93,"2","N1","T4",0.6689,0.3311,"LOW"
94,"2","N1","T4",0.6689,0.3311,"LOW"
95,"2","N1","T4",0.6689,0.3311,"LOW"
96,"2","N1","T4",0.6689,0.3311,"LOW"
97,"2","N1","T4",0.6689,0.3311,"LOW"
98,"2","N1","T4",0.6689,0.3311,"LOW"
99,"2","N1","T4",0.6689,0.3311,"LOW"
0,"1","N2","T4",0.8574,0.1426,"LOW"
1,"1","N2","T4",0.8574,0.1426,"LOW"
2,"1","N2","T4",0.8574,0.1426,"LOW"
3,"1","N2","T4",0.8574,0.1426,"LOW"
4,"1","N2","T4",0.8574,0.1426,"LOW"
5,"1","N2","T4",0.8574,0.1426,"LOW"
6,"1","N2","T4",0.8574,0.1426,"LOW"
7,"1","N2","T4",0.8574,0.1426,"LOW"
8,"1","N2","T4",0.8574,0.1426,"LOW"
9,"1","N2","T4",0.8574,0.1426,"LOW"
10,"1","N2","T4",0.8537,0.1463,"LOW"
11,"1","N2","T4",0.8537,0.1463,"LOW"
12,"1","N2","T4",0.8537,0.1463,"LOW"
13,"1","N2","T4",0.8537,0.1463,"LOW"
14,"1","N2","T4",0.8537,0.1463,"LOW"
15,"1","N2","T4",0.852,0.148,"LOW"
16,"1","N2","T4",0.852,0.148,"LOW"
17,"1","N2","T4",0.8516,0.1484,"LOW"
18,"1","N2","T4",0.8511,0.1489,"LOW"
19,"1","N2","T4",0.8614,0.1386,"LOW"
20,"1","N2","T4",0.8598,0.1402,"LOW"
21,"1","N2","T4",0.8601,0.1399,"LOW"
22,"1","N2","T4",0.8601,0.1399,"LOW"
23,"1","N2","T4",0.8601,0.1399,"LOW"
24,"1","N2","T4",0.8556,0.1444,"LOW"
25,"1","N2","T4",0.8503,0.1497,"LOW"
26,"1","N2","T4",0.7499,0.2501,"LOW"
27,"1","N2","T4",0.744,0.256,"LOW"
28,"1","N2","T4",0.6717,0.3283,"LOW"
29,"1","N2","T4",0.7244,0.2756,"LOW"
30,"1","N2","T4",0.748,0.252,"LOW"
31,"1","N2","T4",0.746,0.254,"LOW"
32,"1","N2","T4",0.7164,0.2836,"LOW"
33,"1","N2","T4",0.7037,0.2963,"LOW"
34,"1","N2","T4",0.6929,0.3071,"LOW"
35,"1","N2","T4",0.7281,0.2719,"LOW"
36,"1","N2","T4",0.6808,0.3192,"LOW"
37,"1","N2","T4",0.7162,0.2838,"LOW"
38,"1","N2","T4",0.6858,0.3142,"LOW"
39,"1","N2","T4",0.7107,0.2893,"LOW"
40,"1","N2","T4",0.7174,0.2826,"LOW"
41,"1","N2","T4",0.7133,0.2867,"LOW"
42,"1","N2","T4",0.7387,0.2613,"LOW"
43,"1","N2","T4",0.7052,0.2948,"LOW"
44,"1","N2","T4",0.7561,0.2439,"LOW"
45,"1","N2","T4",0.7321,0.2679,"LOW"
46,"1","N2","T4",0.7074,0.2926,"LOW"
47,"1","N2","T4",0.7946,0.2054,"LOW"
48,"1","N2","T4",0.7974,0.2026,"LOW"
49,"1","N2","T4",0.7653,0.2347,"LOW"
50,"1","N2","T4",0.776,0.224,"LOW"
51,"1","N2","T4",0.7202,0.2798,"LOW"
52,"1","N2","T4",0.6783,0.3217,"LOW"
53,"1","N2","T4",0.8363,0.1637,"LOW"
54,"1","N2","T4",0.83,0.17,"LOW"
55,"1","N2","T4",0.7938,0.2062,"LOW"
56,"1","N2","T4",0.8031,0.1969,"LOW"
57,"1","N2","T4",0.8265,0.1735,"LOW"
58,"1","N2","T4",0.8238,0.1762,"LOW"
59,"1","N2","T4",0.742,0.258,"LOW"
60,"1","N2","T4",0.7854,0.2146,"LOW"
61,"1","N2","T4",0.804,0.196,"LOW"
62,"1","N2","T4",0.8043,0.1957,"LOW"
63,"1","N2","T4",0.8188,0.1812,"LOW"
64,"1","N2","T4",0.8133,0.1867,"LOW"
65,"1","N2","T4",0.8068,0.1932,"LOW"
66,"1","N2","T4",0.8094,0.1906,"LOW"
67,"1","N2","T4",0.8041,0.1959,"LOW"
68,"1","N2","T4",0.7924,0.2076,"LOW"
69,"1","N2","T4",0.8099,0.1901,"LOW"
70,"1","N2","T4",0.8043,0.1957,"LOW"
71,"1","N2","T4",0.7817,0.2183,"LOW"
72,"1","N2","T4",0.7972,0.2028,"LOW"
73,"1","N2","T4",0.8133,0.1867,"LOW"
74,"1","N2","T4",0.8096,0.1904,"LOW"
75,"1","N2","T4",0.7996,0.2004,"LOW"
76,"1","N2","T4",0.8179,0.1821,"LOW"
77,"1","N2","T4",0.8174,0.1826,"LOW"
78,"1","N2","T4",0.8165,0.1835,"LOW"
79,"1","N2","T4",0.7995,0.2005,"LOW"
80,"1","N2","T4",0.8224,0.1776,"LOW"
81,"1","N2","T4",0.7869,0.2131,"LOW"
82,"1","N2","T4",0.7275,0.2725,"LOW"
83,"1","N2","T4",0.8278,0.1722,"LOW"
84,"1","N2","T4",0.836,0.164,"LOW"
85,"1","N2","T4",0.8199,0.1801,"LOW"
86,"1","N2","T4",0.8336,0.1664,"LOW"
87,"1","N2","T4",0.8249,0.1751,"LOW"
88,"1","N2","T4",0.6412,0.3588,"LOW"
89,"1","N2","T4",0.7545,0.2455,"LOW"
90,"1","N2","T4",0.6874,0.3126,"LOW"
91,"1","N2","T4",0.6874,0.3126,"LOW"
92,"1","N2","T4",0.6874,0.3126,"LOW"
93,"1","N2","T4",0.6874,0.3126,"LOW"
94,"1","N2","T4",0.6874,0.3126,"LOW"
95,"1","N2","T4",0.6874,0.3126,"LOW"
96,"1","N2","T4",0.6874,0.3126,"LOW"
97,"1","N2","T4",0.6874,0.3126,"LOW"
98,"1","N2","T4",0.6874,0.3126,"LOW"
99,"1","N2","T4",0.6874,0.3126,"LOW"
0,"2","N2","T4",0.8396,0.1604,"LOW"
1,"2","N2","T4",0.8396,0.1604,"LOW"
2,"2","N2","T4",0.8396,0.1604,"LOW"
3,"2","N2","T4",0.8396,0.1604,"LOW"
4,"2","N2","T4",0.8396,0.1604,"LOW"
5,"2","N2","T4",0.8396,0.1604,"LOW"
6,"2","N2","T4",0.8396,0.1604,"LOW"
7,"2","N2","T4",0.8396,0.1604,"LOW"
8,"2","N2","T4",0.8396,0.1604,"LOW"
9,"2","N2","T4",0.8396,0.1604,"LOW"
10,"2","N2","T4",0.8352,0.1648,"LOW"
11,"2","N2","T4",0.8352,0.1648,"LOW"
12,"2","N2","T4",0.8352,0.1648,"LOW"
13,"2","N2","T4",0.8352,0.1648,"LOW"
14,"2","N2","T4",0.8352,0.1648,"LOW"
15,"2","N2","T4",0.8295,0.1705,"LOW"
16,"2","N2","T4",0.8315,0.1685,"LOW"
17,"2","N2","T4",0.8347,0.1653,"LOW"
18,"2","N2","T4",0.8389,0.1611,"LOW"
19,"2","N2","T4",0.8742,0.1258,"LOW"
20,"2","N2","T4",0.8726,0.1274,"LOW"
21,"2","N2","T4",0.8729,0.1271,"LOW"
22,"2","N2","T4",0.8759,0.1241,"LOW"
23,"2","N2","T4",0.8763,0.1237,"LOW"
24,"2","N2","T4",0.8735,0.1265,"LOW"
25,"2","N2","T4",0.8705,0.1295,"LOW"
26,"2","N2","T4",0.8191,0.1809,"LOW"
27,"2","N2","T4",0.8172,0.1828,"LOW"
28,"2","N2","T4",0.7834,0.2166,"LOW"
29,"2","N2","T4",0.782,0.218,"LOW"
30,"2","N2","T4",0.7107,0.2893,"LOW"
31,"2","N2","T4",0.8141,0.1859,"LOW"
32,"2","N2","T4",0.8056,0.1944,"LOW"
33,"2","N2","T4",0.7343,0.2657,"LOW"
34,"2","N2","T4",0.7598,0.2402,"LOW"
35,"2","N2","T4",0.7229,0.2771,"LOW"
36,"2","N2","T4",0.7217,0.2783,"LOW"
37,"2","N2","T4",0.7425,0.2575,"LOW"
38,"2","N2","T4",0.7363,0.2637,"LOW"
39,"2","N2","T4",0.8122,0.1878,"LOW"
40,"2","N2","T4",0.8142,0.1858,"LOW"
41,"2","N2","T4",0.8105,0.1895,"LOW"
42,"2","N2","T4",0.7838,0.2162,"LOW"
43,"2","N2","T4",0.809,0.191,"LOW"
44,"2","N2","T4",0.8435,0.1565,"LOW"
45,"2","N2","T4",0.8428,0.1572,"LOW"
46,"2","N2","T4",0.8198,0.1802,"LOW"
47,"2","N2","T4",0.8445,0.1555,"LOW"
48,"2","N2","T4",0.8459,0.1541,"LOW"
49,"2","N2","T4",0.7997,0.2003,"LOW"
50,"2","N2","T4",0.8542,0.1458,"LOW"
51,"2","N2","T4",0.8481,0.1519,"LOW"
52,"2","N2","T4",0.8472,0.1528,"LOW"
53,"2","N2","T4",0.8368,0.1632,"LOW"
54,"2","N2","T4",0.8513,0.1487,"LOW"
55,"2","N2","T4",0.847,0.153,"LOW"
56,"2","N2","T4",0.8085,0.1915,"LOW"
57,"2","N2","T4",0.8183,0.1817,"LOW"
58,"2","N2","T4",0.8131,0.1869,"LOW"
59,"2","N2","T4",0.8181,0.1819,"LOW"
60,"2","N2","T4",0.8065,0.1935,"LOW"
61,"2","N2","T4",0.8509,0.1491,"LOW"
62,"2","N2","T4",0.8508,0.1492,"LOW"
63,"2","N2","T4",0.8386,0.1614,"LOW"
64,"2","N2","T4",0.8438,0.1562,"LOW"
65,"2","N2","T4",0.8422,0.1578,"LOW"
66,"2","N2","T4",0.8091,0.1909,"LOW"
67,"2","N2","T4",0.8018,0.1982,"LOW"
68,"2","N2","T4",0.7338,0.2662,"LOW"
69,"2","N2","T4",0.8466,0.1534,"LOW"
70,"2","N2","T4",0.83,0.17,"LOW"
71,"2","N2","T4",0.8217,0.1783,"LOW"
72,"2","N2","T4",0.7886,0.2114,"LOW"
73,"2","N2","T4",0.8515,0.1485,"LOW"
74,"2","N2","T4",0.8621,0.1379,"LOW"
75,"2","N2","T4",0.8532,0.1468,"LOW"
76,"2","N2","T4",0.836,0.164,"LOW"
77,"2","N2","T4",0.8605,0.1395,"LOW"
78,"2","N2","T4",0.8651,0.1349,"LOW"
79,"2","N2","T4",0.8632,0.1368,"LOW"
80,"2","N2","T4",0.8433,0.1567,"LOW"
81,"2","N2","T4",0.8664,0.1336,"LOW"
82,"2","N2","T4",0.8667,0.1333,"LOW"
83,"2","N2","T4",0.8454,0.1546,"LOW"
84,"2","N2","T4",0.8773,0.1227,"LOW"
85,"2","N2","T4",0.8585,0.1415,"LOW"
86,"2","N2","T4",0.8842,0.1158,"LOW"
87,"2","N2","T4",0.8836,0.1164,"LOW"
88,"2","N2","T4",0.8168,0.1832,"LOW"
89,"2","N2","T4",0.8347,0.1653,"LOW"
90,"2","N2","T4",0.8975,0.1025,"LOW"
91,"2","N2","T4",0.8975,0.1025,"LOW"
92,"2","N2","T4",0.8975,0.1025,"LOW"
93,"2","N2","T4",0.8975,0.1025,"LOW"
94,"2","N2","T4",0.8975,0.1025,"LOW"
95,"2","N2","T4",0.8975,0.1025,"LOW"
96,"2","N2","T4",0.8975,0.1025,"LOW"
97,"2","N2","T4",0.8975,0.1025,"LOW"
98,"2","N2","T4",0.8975,0.1025,"LOW"
99,"2","N2","T4",0.8975,0.1025,"LOW"
0,"1","N3","T4",0.4548,0.5452,"HIGH"
1,"1","N3","T4",0.4548,0.5452,"HIGH"
2,"1","N3","T4",0.4548,0.5452,"HIGH"
3,"1","N3","T4",0.4548,0.5452,"HIGH"
4,"1","N3","T4",0.4548,0.5452,"HIGH"
5,"1","N3","T4",0.4548,0.5452,"HIGH"
6,"1","N3","T4",0.4548,0.5452,"HIGH"
7,"1","N3","T4",0.4548,0.5452,"HIGH"
8,"1","N3","T4",0.4548,0.5452,"HIGH"
9,"1","N3","T4",0.4548,0.5452,"HIGH"
10,"1","N3","T4",0.4548,0.5452,"HIGH"
11,"1","N3","T4",0.4548,0.5452,"HIGH"
12,"1","N3","T4",0.4548,0.5452,"HIGH"
13,"1","N3","T4",0.4548,0.5452,"HIGH"
14,"1","N3","T4",0.4548,0.5452,"HIGH"
15,"1","N3","T4",0.4488,0.5512,"HIGH"
16,"1","N3","T4",0.4015,0.5985,"HIGH"
17,"1","N3","T4",0.421,0.579,"HIGH"
18,"1","N3","T4",0.4143,0.5857,"HIGH"
19,"1","N3","T4",0.4701,0.5299,"HIGH"
20,"1","N3","T4",0.6384,0.3616,"LOW"
21,"1","N3","T4",0.6573,0.3427,"LOW"
22,"1","N3","T4",0.7935,0.2065,"LOW"
23,"1","N3","T4",0.8137,0.1863,"LOW"
24,"1","N3","T4",0.8117,0.1883,"LOW"
25,"1","N3","T4",0.7215,0.2785,"LOW"
26,"1","N3","T4",0.5395,0.4605,"LOW"
27,"1","N3","T4",0.5968,0.4032,"LOW"
28,"1","N3","T4",0.6237,0.3763,"LOW"
29,"1","N3","T4",0.8351,0.1649,"LOW"
30,"1","N3","T4",0.8268,0.1732,"LOW"
31,"1","N3","T4",0.8297,0.1703,"LOW"
32,"1","N3","T4",0.8381,0.1619,"LOW"
33,"1","N3","T4",0.6691,0.3309,"LOW"
34,"1","N3","T4",0.6708,0.3292,"LOW"
35,"1","N3","T4",0.7677,0.2323,"LOW"
36,"1","N3","T4",0.7899,0.2101,"LOW"
37,"1","N3","T4",0.6582,0.3418,"LOW"
38,"1","N3","T4",0.6176,0.3824,"LOW"
39,"1","N3","T4",0.6038,0.3962,"LOW"
40,"1","N3","T4",0.5179,0.4821,"LOW"
41,"1","N3","T4",0.6245,0.3755,"LOW"
42,"1","N3","T4",0.6889,0.3111,"LOW"
43,"1","N3","T4",0.6303,0.3697,"LOW"
44,"1","N3","T4",0.5989,0.4011,"LOW"
45,"1","N3","T4",0.7461,0.2539,"LOW"
46,"1","N3","T4",0.7243,0.2757,"LOW"
47,"1","N3","T4",0.7466,0.2534,"LOW"
48,"1","N3","T4",0.7548,0.2452,"LOW"
49,"1","N3","T4",0.6355,0.3645,"LOW"
50,"1","N3","T4",0.708,0.292,"LOW"
51,"1","N3","T4",0.6894,0.3106,"LOW"
52,"1","N3","T4",0.6196,0.3804,"LOW"
53,"1","N3","T4",0.6502,0.3498,"LOW"
54,"1","N3","T4",0.6482,0.3518,"LOW"
55,"1","N3","T4",0.5825,0.4175,"LOW"
56,"1","N3","T4",0.5997,0.4003,"LOW"
57,"1","N3","T4",0.6395,0.3605,"LOW"
58,"1","N3","T4",0.6115,0.3885,"LOW"
59,"1","N3","T4",0.5538,0.4462,"LOW"
60,"1","N3","T4",0.584,0.416,"LOW"
61,"1","N3","T4",0.6094,0.3906,"LOW"
62,"1","N3","T4",0.5823,0.4177,"LOW"
63,"1","N3","T4",0.6271,0.3729,"LOW"
64,"1","N3","T4",0.6136,0.3864,"LOW"
65,"1","N3","T4",0.6211,0.3789,"LOW"
66,"1","N3","T4",0.6314,0.3686,"LOW"
67,"1","N3","T4",0.6424,0.3576,"LOW"
68,"1","N3","T4",0.6346,0.3654,"LOW"
69,"1","N3","T4",0.6386,0.3614,"LOW"
70,"1","N3","T4",0.646,0.354,"LOW"
71,"1","N3","T4",0.6508,0.3492,"LOW"
72,"1","N3","T4",0.6869,0.3131,"LOW"
73,"1","N3","T4",0.6398,0.3602,"LOW"
74,"1","N3","T4",0.6663,0.3337,"LOW"
75,"1","N3","T4",0.6263,0.3737,"LOW"
76,"1","N3","T4",0.6583,0.3417,"LOW"
77,"1","N3","T4",0.6688,0.3312,"LOW"
78,"1","N3","T4",0.6094,0.3906,"LOW"
79,"1","N3","T4",0.5645,0.4355,"LOW"
80,"1","N3","T4",0.5678,0.4322,"LOW"
81,"1","N3","T4",0.6804,0.3196,"LOW"
82,"1","N3","T4",0.571,0.429,"LOW"
83,"1","N3","T4",0.653,0.347,"LOW"
84,"1","N3","T4",0.7314,0.2686,"LOW"
85,"1","N3","T4",0.6686,0.3314,"LOW"
86,"1","N3","T4",0.6142,0.3858,"LOW"
87,"1","N3","T4",0.655,0.345,"LOW"
88,"1","N3","T4",0.6408,0.3592,"LOW"
89,"1","N3","T4",0.6886,0.3114,"LOW"
90,"1","N3","T4",0.6295,0.3705,"LOW"
91,"1","N3","T4",0.6295,0.3705,"LOW"
92,"1","N3","T4",0.6295,0.3705,"LOW"
93,"1","N3","T4",0.6295,0.3705,"LOW"
94,"1","N3","T4",0.6295,0.3705,"LOW"
95,"1","N3","T4",0.6295,0.3705,"LOW"
96,"1","N3","T4",0.6295,0.3705,"LOW"
97,"1","N3","T4",0.6295,0.3705,"LOW"
98,"1","N3","T4",0.6295,0.3705,"LOW"
99,"1","N3","T4",0.6295,0.3705,"LOW"
0,"2","N3","T4",0.4015,0.5985,"HIGH"
1,"2","N3","T4",0.4015,0.5985,"HIGH"
2,"2","N3","T4",0.4015,0.5985,"HIGH"
3,"2","N3","T4",0.4015,0.5985,"HIGH"
4,"2","N3","T4",0.4015,0.5985,"HIGH"
5,"2","N3","T4",0.4015,0.5985,"HIGH"
6,"2","N3","T4",0.4015,0.5985,"HIGH"
7,"2","N3","T4",0.4015,0.5985,"HIGH"
8,"2","N3","T4",0.4015,0.5985,"HIGH"
9,"2","N3","T4",0.4015,0.5985,"HIGH"
10,"2","N3","T4",0.4015,0.5985,"HIGH"
11,"2","N3","T4",0.4015,0.5985,"HIGH"
12,"2","N3","T4",0.4015,0.5985,"HIGH"
13,"2","N3","T4",0.4015,0.5985,"HIGH"
14,"2","N3","T4",0.4015,0.5985,"HIGH"
15,"2","N3","T4",0.3935,0.6065,"HIGH"
16,"2","N3","T4",0.3549,0.6451,"HIGH"
17,"2","N3","T4",0.3766,0.6234,"HIGH"
18,"2","N3","T4",0.3699,0.6301,"HIGH"
19,"2","N3","T4",0.4367,0.5633,"HIGH"
20,"2","N3","T4",0.6149,0.3851,"LOW"
21,"2","N3","T4",0.7011,0.2989,"LOW"
22,"2","N3","T4",0.7346,0.2654,"LOW"
23,"2","N3","T4",0.7368,0.2632,"LOW"
24,"2","N3","T4",0.6671,0.3329,"LOW"
25,"2","N3","T4",0.5458,0.4542,"LOW"
26,"2","N3","T4",0.5359,0.4641,"LOW"
27,"2","N3","T4",0.6887,0.3113,"LOW"
28,"2","N3","T4",0.65,0.35,"LOW"
29,"2","N3","T4",0.6181,0.3819,"LOW"
30,"2","N3","T4",0.4152,0.5848,"HIGH"
31,"2","N3","T4",0.4077,0.5923,"HIGH"
32,"2","N3","T4",0.4347,0.5653,"HIGH"
33,"2","N3","T4",0.4954,0.5046,"HIGH"
34,"2","N3","T4",0.5797,0.4203,"LOW"
35,"2","N3","T4",0.715,0.285,"LOW"
36,"2","N3","T4",0.6671,0.3329,"LOW"
37,"2","N3","T4",0.736,0.264,"LOW"
38,"2","N3","T4",0.7022,0.2978,"LOW"
39,"2","N3","T4",0.6051,0.3949,"LOW"
40,"2","N3","T4",0.581,0.419,"LOW"
41,"2","N3","T4",0.5781,0.4219,"LOW"
42,"2","N3","T4",0.5746,0.4254,"LOW"
43,"2","N3","T4",0.6826,0.3174,"LOW"
44,"2","N3","T4",0.6811,0.3189,"LOW"
45,"2","N3","T4",0.7335,0.2665,"LOW"
46,"2","N3","T4",0.7301,0.2699,"LOW"
47,"2","N3","T4",0.5572,0.4428,"LOW"
48,"2","N3","T4",0.7941,0.2059,"LOW"
49,"2","N3","T4",0.764,0.236,"LOW"
50,"2","N3","T4",0.7762,0.2238,"LOW"
51,"2","N3","T4",0.6312,0.3688,"LOW"
52,"2","N3","T4",0.5611,0.4389,"LOW"
53,"2","N3","T4",0.6965,0.3035,"LOW"
54,"2","N3","T4",0.6968,0.3032,"LOW"
55,"2","N3","T4",0.6674,0.3326,"LOW"
56,"2","N3","T4",0.6576,0.3424,"LOW"
57,"2","N3","T4",0.6155,0.3845,"LOW"
58,"2","N3","T4",0.7176,0.2824,"LOW"
59,"2","N3","T4",0.7056,0.2944,"LOW"
60,"2","N3","T4",0.7351,0.2649,"LOW"
61,"2","N3","T4",0.7537,0.2463,"LOW"
62,"2","N3","T4",0.7245,0.2755,"LOW"
63,"2","N3","T4",0.5839,0.4161,"LOW"
64,"2","N3","T4",0.5777,0.4223,"LOW"
65,"2","N3","T4",0.6181,0.3819,"LOW"
66,"2","N3","T4",0.6121,0.3879,"LOW"
67,"2","N3","T4",0.588,0.412,"LOW"
68,"2","N3","T4",0.6634,0.3366,"LOW"
69,"2","N3","T4",0.6679,0.3321,"LOW"
70,"2","N3","T4",0.6952,0.3048,"LOW"
71,"2","N3","T4",0.6939,0.3061,"LOW"
72,"2","N3","T4",0.6915,0.3085,"LOW"
73,"2","N3","T4",0.6008,0.3992,"LOW"
74,"2","N3","T4",0.6031,0.3969,"LOW"
75,"2","N3","T4",0.5647,0.4353,"LOW"
76,"2","N3","T4",0.555,0.445,"LOW"
77,"2","N3","T4",0.5905,0.4095,"LOW"
78,"2","N3","T4",0.6168,0.3832,"LOW"
79,"2","N3","T4",0.6585,0.3415,"LOW"
80,"2","N3","T4",0.5902,0.4098,"LOW"
81,"2","N3","T4",0.6025,0.3975,"LOW"
82,"2","N3","T4",0.6439,0.3561,"LOW"
83,"2","N3","T4",0.6184,0.3816,"LOW"
84,"2","N3","T4",0.6695,0.3305,"LOW"
85,"2","N3","T4",0.6046,0.3954,"LOW"
86,"2","N3","T4",0.5383,0.4617,"LOW"
87,"2","N3","T4",0.7681,0.2319,"LOW"
88,"2","N3","T4",0.8394,0.1606,"LOW"
89,"2","N3","T4",0.8551,0.1449,"LOW"
90,"2","N3","T4",0.8255,0.1745,"LOW"
91,"2","N3","T4",0.8255,0.1745,"LOW"
92,"2","N3","T4",0.8255,0.1745,"LOW"
93,"2","N3","T4",0.8255,0.1745,"LOW"
94,"2","N3","T4",0.8255,0.1745,"LOW"
95,"2","N3","T4",0.8255,0.1745,"LOW"
96,"2","N3","T4",0.8255,0.1745,"LOW"
97,"2","N3","T4",0.8255,0.1745,"LOW"
98,"2","N3","T4",0.8255,0.1745,"LOW"
99,"2","N3","T4",0.8255,0.1745,"LOW"
0,"1","Other/Unknown","T4",0.6118,0.3882,"LOW"
1,"1","Other/Unknown","T4",0.6138,0.3862,"LOW"
2,"1","Other/Unknown","T4",0.6146,0.3854,"LOW"
3,"1","Other/Unknown","T4",0.6815,0.3185,"LOW"
4,"1","Other/Unknown","T4",0.6815,0.3185,"LOW"
5,"1","Other/Unknown","T4",0.6845,0.3155,"LOW"
6,"1","Other/Unknown","T4",0.6845,0.3155,"LOW"
7,"1","Other/Unknown","T4",0.6959,0.3041,"LOW"
8,"1","Other/Unknown","T4",0.7974,0.2026,"LOW"
9,"1","Other/Unknown","T4",0.8245,0.1755,"LOW"
10,"1","Other/Unknown","T4",0.8245,0.1755,"LOW"
11,"1","Other/Unknown","T4",0.8245,0.1755,"LOW"
12,"1","Other/Unknown","T4",0.8245,0.1755,"LOW"
13,"1","Other/Unknown","T4",0.841,0.159,"LOW"
14,"1","Other/Unknown","T4",0.841,0.159,"LOW"
15,"1","Other/Unknown","T4",0.841,0.159,"LOW"
16,"1","Other/Unknown","T4",0.841,0.159,"LOW"
17,"1","Other/Unknown","T4",0.8386,0.1614,"LOW"
18,"1","Other/Unknown","T4",0.8384,0.1616,"LOW"
19,"1","Other/Unknown","T4",0.8355,0.1645,"LOW"
20,"1","Other/Unknown","T4",0.8304,0.1696,"LOW"
21,"1","Other/Unknown","T4",0.8285,0.1715,"LOW"
22,"1","Other/Unknown","T4",0.8379,0.1621,"LOW"
23,"1","Other/Unknown","T4",0.8405,0.1595,"LOW"
24,"1","Other/Unknown","T4",0.8373,0.1627,"LOW"
25,"1","Other/Unknown","T4",0.8394,0.1606,"LOW"
26,"1","Other/Unknown","T4",0.8356,0.1644,"LOW"
27,"1","Other/Unknown","T4",0.8366,0.1634,"LOW"
28,"1","Other/Unknown","T4",0.8364,0.1636,"LOW"
29,"1","Other/Unknown","T4",0.833,0.167,"LOW"
30,"1","Other/Unknown","T4",0.8337,0.1663,"LOW"
31,"1","Other/Unknown","T4",0.8298,0.1702,"LOW"
32,"1","Other/Unknown","T4",0.7985,0.2015,"LOW"
33,"1","Other/Unknown","T4",0.8292,0.1708,"LOW"
34,"1","Other/Unknown","T4",0.8295,0.1705,"LOW"
35,"1","Other/Unknown","T4",0.8291,0.1709,"LOW"
36,"1","Other/Unknown","T4",0.8247,0.1753,"LOW"
37,"1","Other/Unknown","T4",0.8208,0.1792,"LOW"
38,"1","Other/Unknown","T4",0.829,0.171,"LOW"
39,"1","Other/Unknown","T4",0.8318,0.1682,"LOW"
40,"1","Other/Unknown","T4",0.8331,0.1669,"LOW"
41,"1","Other/Unknown","T4",0.8095,0.1905,"LOW"
42,"1","Other/Unknown","T4",0.8008,0.1992,"LOW"
43,"1","Other/Unknown","T4",0.813,0.187,"LOW"
44,"1","Other/Unknown","T4",0.8188,0.1812,"LOW"
45,"1","Other/Unknown","T4",0.8194,0.1806,"LOW"
46,"1","Other/Unknown","T4",0.8154,0.1846,"LOW"
47,"1","Other/Unknown","T4",0.8145,0.1855,"LOW"
48,"1","Other/Unknown","T4",0.8207,0.1793,"LOW"
49,"1","Other/Unknown","T4",0.8196,0.1804,"LOW"
50,"1","Other/Unknown","T4",0.8046,0.1954,"LOW"
51,"1","Other/Unknown","T4",0.7873,0.2127,"LOW"
52,"1","Other/Unknown","T4",0.8104,0.1896,"LOW"
53,"1","Other/Unknown","T4",0.807,0.193,"LOW"
54,"1","Other/Unknown","T4",0.8169,0.1831,"LOW"
55,"1","Other/Unknown","T4",0.8051,0.1949,"LOW"
56,"1","Other/Unknown","T4",0.8256,0.1744,"LOW"
57,"1","Other/Unknown","T4",0.824,0.176,"LOW"
58,"1","Other/Unknown","T4",0.8278,0.1722,"LOW"
59,"1","Other/Unknown","T4",0.8221,0.1779,"LOW"
60,"1","Other/Unknown","T4",0.7933,0.2067,"LOW"
61,"1","Other/Unknown","T4",0.7929,0.2071,"LOW"
62,"1","Other/Unknown","T4",0.7955,0.2045,"LOW"
63,"1","Other/Unknown","T4",0.7899,0.2101,"LOW"
64,"1","Other/Unknown","T4",0.7486,0.2514,"LOW"
65,"1","Other/Unknown","T4",0.814,0.186,"LOW"
66,"1","Other/Unknown","T4",0.8389,0.1611,"LOW"
67,"1","Other/Unknown","T4",0.8448,0.1552,"LOW"
68,"1","Other/Unknown","T4",0.8275,0.1725,"LOW"
69,"1","Other/Unknown","T4",0.8306,0.1694,"LOW"
70,"1","Other/Unknown","T4",0.8599,0.1401,"LOW"
71,"1","Other/Unknown","T4",0.8577,0.1423,"LOW"
72,"1","Other/Unknown","T4",0.8574,0.1426,"LOW"
73,"1","Other/Unknown","T4",0.8418,0.1582,"LOW"
74,"1","Other/Unknown","T4",0.8534,0.1466,"LOW"
75,"1","Other/Unknown","T4",0.8512,0.1488,"LOW"
76,"1","Other/Unknown","T4",0.8599,0.1401,"LOW"
77,"1","Other/Unknown","T4",0.8549,0.1451,"LOW"
78,"1","Other/Unknown","T4",0.8609,0.1391,"LOW"
79,"1","Other/Unknown","T4",0.8607,0.1393,"LOW"
80,"1","Other/Unknown","T4",0.8607,0.1393,"LOW"
81,"1","Other/Unknown","T4",0.8296,0.1704,"LOW"
82,"1","Other/Unknown","T4",0.8479,0.1521,"LOW"
83,"1","Other/Unknown","T4",0.8396,0.1604,"LOW"
84,"1","Other/Unknown","T4",0.8268,0.1732,"LOW"
85,"1","Other/Unknown","T4",0.8239,0.1761,"LOW"
86,"1","Other/Unknown","T4",0.8354,0.1646,"LOW"
87,"1","Other/Unknown","T4",0.8319,0.1681,"LOW"
88,"1","Other/Unknown","T4",0.8312,0.1688,"LOW"
89,"1","Other/Unknown","T4",0.8439,0.1561,"LOW"
90,"1","Other/Unknown","T4",0.8284,0.1716,"LOW"
91,"1","Other/Unknown","T4",0.8284,0.1716,"LOW"
92,"1","Other/Unknown","T4",0.8284,0.1716,"LOW"
93,"1","Other/Unknown","T4",0.8284,0.1716,"LOW"
94,"1","Other/Unknown","T4",0.8284,0.1716,"LOW"
95,"1","Other/Unknown","T4",0.8284,0.1716,"LOW"
96,"1","Other/Unknown","T4",0.8284,0.1716,"LOW"
97,"1","Other/Unknown","T4",0.8284,0.1716,"LOW"
98,"1","Other/Unknown","T4",0.8284,0.1716,"LOW"
99,"1","Other/Unknown","T4",0.8284,0.1716,"LOW"
0,"2","Other/Unknown","T4",0.7893,0.2107,"LOW"
1,"2","Other/Unknown","T4",0.7913,0.2087,"LOW"
2,"2","Other/Unknown","T4",0.7893,0.2107,"LOW"
3,"2","Other/Unknown","T4",0.8441,0.1559,"LOW"
4,"2","Other/Unknown","T4",0.8603,0.1397,"LOW"
5,"2","Other/Unknown","T4",0.8623,0.1377,"LOW"
6,"2","Other/Unknown","T4",0.8643,0.1357,"LOW"
7,"2","Other/Unknown","T4",0.8759,0.1241,"LOW"
8,"2","Other/Unknown","T4",0.8904,0.1096,"LOW"
9,"2","Other/Unknown","T4",0.8904,0.1096,"LOW"
10,"2","Other/Unknown","T4",0.8904,0.1096,"LOW"
11,"2","Other/Unknown","T4",0.8904,0.1096,"LOW"
12,"2","Other/Unknown","T4",0.8904,0.1096,"LOW"
13,"2","Other/Unknown","T4",0.8904,0.1096,"LOW"
14,"2","Other/Unknown","T4",0.8904,0.1096,"LOW"
15,"2","Other/Unknown","T4",0.8884,0.1116,"LOW"
16,"2","Other/Unknown","T4",0.8872,0.1128,"LOW"
17,"2","Other/Unknown","T4",0.889,0.111,"LOW"
18,"2","Other/Unknown","T4",0.8865,0.1135,"LOW"
19,"2","Other/Unknown","T4",0.8865,0.1135,"LOW"
20,"2","Other/Unknown","T4",0.876,0.124,"LOW"
21,"2","Other/Unknown","T4",0.8697,0.1303,"LOW"
22,"2","Other/Unknown","T4",0.8815,0.1185,"LOW"
23,"2","Other/Unknown","T4",0.883,0.117,"LOW"
24,"2","Other/Unknown","T4",0.8657,0.1343,"LOW"
25,"2","Other/Unknown","T4",0.8773,0.1227,"LOW"
26,"2","Other/Unknown","T4",0.8782,0.1218,"LOW"
27,"2","Other/Unknown","T4",0.8781,0.1219,"LOW"
28,"2","Other/Unknown","T4",0.8786,0.1214,"LOW"
29,"2","Other/Unknown","T4",0.8768,0.1232,"LOW"
30,"2","Other/Unknown","T4",0.8692,0.1308,"LOW"
31,"2","Other/Unknown","T4",0.873,0.127,"LOW"
32,"2","Other/Unknown","T4",0.8697,0.1303,"LOW"
33,"2","Other/Unknown","T4",0.8562,0.1438,"LOW"
34,"2","Other/Unknown","T4",0.8272,0.1728,"LOW"
35,"2","Other/Unknown","T4",0.8421,0.1579,"LOW"
36,"2","Other/Unknown","T4",0.8463,0.1537,"LOW"
37,"2","Other/Unknown","T4",0.8486,0.1514,"LOW"
38,"2","Other/Unknown","T4",0.8492,0.1508,"LOW"
39,"2","Other/Unknown","T4",0.8546,0.1454,"LOW"
40,"2","Other/Unknown","T4",0.859,0.141,"LOW"
41,"2","Other/Unknown","T4",0.8511,0.1489,"LOW"
42,"2","Other/Unknown","T4",0.8485,0.1515,"LOW"
43,"2","Other/Unknown","T4",0.8307,0.1693,"LOW"
44,"2","Other/Unknown","T4",0.8456,0.1544,"LOW"
45,"2","Other/Unknown","T4",0.821,0.179,"LOW"
46,"2","Other/Unknown","T4",0.8511,0.1489,"LOW"
47,"2","Other/Unknown","T4",0.8496,0.1504,"LOW"
48,"2","Other/Unknown","T4",0.8493,0.1507,"LOW"
49,"2","Other/Unknown","T4",0.8454,0.1546,"LOW"
50,"2","Other/Unknown","T4",0.8378,0.1622,"LOW"
51,"2","Other/Unknown","T4",0.8388,0.1612,"LOW"
52,"2","Other/Unknown","T4",0.7982,0.2018,"LOW"
53,"2","Other/Unknown","T4",0.7605,0.2395,"LOW"
54,"2","Other/Unknown","T4",0.7619,0.2381,"LOW"
55,"2","Other/Unknown","T4",0.7688,0.2312,"LOW"
56,"2","Other/Unknown","T4",0.7991,0.2009,"LOW"
57,"2","Other/Unknown","T4",0.7972,0.2028,"LOW"
58,"2","Other/Unknown","T4",0.7734,0.2266,"LOW"
59,"2","Other/Unknown","T4",0.7928,0.2072,"LOW"
60,"2","Other/Unknown","T4",0.7317,0.2683,"LOW"
61,"2","Other/Unknown","T4",0.7358,0.2642,"LOW"
62,"2","Other/Unknown","T4",0.7391,0.2609,"LOW"
63,"2","Other/Unknown","T4",0.709,0.291,"LOW"
64,"2","Other/Unknown","T4",0.6904,0.3096,"LOW"
65,"2","Other/Unknown","T4",0.75,0.25,"LOW"
66,"2","Other/Unknown","T4",0.7474,0.2526,"LOW"
67,"2","Other/Unknown","T4",0.782,0.218,"LOW"
68,"2","Other/Unknown","T4",0.7399,0.2601,"LOW"
69,"2","Other/Unknown","T4",0.8214,0.1786,"LOW"
70,"2","Other/Unknown","T4",0.8426,0.1574,"LOW"
71,"2","Other/Unknown","T4",0.8511,0.1489,"LOW"
72,"2","Other/Unknown","T4",0.8501,0.1499,"LOW"
73,"2","Other/Unknown","T4",0.7859,0.2141,"LOW"
74,"2","Other/Unknown","T4",0.8149,0.1851,"LOW"
75,"2","Other/Unknown","T4",0.8263,0.1737,"LOW"
76,"2","Other/Unknown","T4",0.8514,0.1486,"LOW"
77,"2","Other/Unknown","T4",0.8544,0.1456,"LOW"
78,"2","Other/Unknown","T4",0.8491,0.1509,"LOW"
79,"2","Other/Unknown","T4",0.8568,0.1432,"LOW"
80,"2","Other/Unknown","T4",0.8566,0.1434,"LOW"
81,"2","Other/Unknown","T4",0.8538,0.1462,"LOW"
82,"2","Other/Unknown","T4",0.7997,0.2003,"LOW"
83,"2","Other/Unknown","T4",0.8444,0.1556,"LOW"
84,"2","Other/Unknown","T4",0.8268,0.1732,"LOW"
85,"2","Other/Unknown","T4",0.8519,0.1481,"LOW"
86,"2","Other/Unknown","T4",0.8525,0.1475,"LOW"
87,"2","Other/Unknown","T4",0.8439,0.1561,"LOW"
88,"2","Other/Unknown","T4",0.8432,0.1568,"LOW"
89,"2","Other/Unknown","T4",0.8542,0.1458,"LOW"
90,"2","Other/Unknown","T4",0.8531,0.1469,"LOW"
91,"2","Other/Unknown","T4",0.8531,0.1469,"LOW"
92,"2","Other/Unknown","T4",0.8531,0.1469,"LOW"
93,"2","Other/Unknown","T4",0.8531,0.1469,"LOW"
94,"2","Other/Unknown","T4",0.8531,0.1469,"LOW"
95,"2","Other/Unknown","T4",0.8531,0.1469,"LOW"
96,"2","Other/Unknown","T4",0.8531,0.1469,"LOW"
97,"2","Other/Unknown","T4",0.8531,0.1469,"LOW"
98,"2","Other/Unknown","T4",0.8531,0.1469,"LOW"
99,"2","Other/Unknown","T4",0.8531,0.1469,"LOW"
