"AGE","TNM_N_cat","TNM_T_cat","ovary_ca125_cat","no_metastasis","metastasis","risk_level"
0,"N0","T0","Negative/normal; within normal limits",0.5479,0.4521,"LOW"
1,"N0","T0","Negative/normal; within normal limits",0.5479,0.4521,"LOW"
2,"N0","T0","Negative/normal; within normal limits",0.7043,0.2957,"LOW"
3,"N0","T0","Negative/normal; within normal limits",0.7142,0.2858,"LOW"
4,"N0","T0","Negative/normal; within normal limits",0.7495,0.2505,"LOW"
5,"N0","T0","Negative/normal; within normal limits",0.8076,0.1924,"LOW"
6,"N0","T0","Negative/normal; within normal limits",0.8512,0.1488,"LOW"
7,"N0","T0","Negative/normal; within normal limits",0.8645,0.1355,"LOW"
8,"N0","T0","Negative/normal; within normal limits",0.87,0.13,"LOW"
9,"N0","T0","Negative/normal; within normal limits",0.8719,0.1281,"LOW"
10,"N0","T0","Negative/normal; within normal limits",0.8995,0.1005,"LOW"
11,"N0","T0","Negative/normal; within normal limits",0.9047,0.0953,"LOW"
12,"N0","T0","Negative/normal; within normal limits",0.9083,0.0917,"LOW"
13,"N0","T0","Negative/normal; within normal limits",0.917,0.083,"LOW"
14,"N0","T0","Negative/normal; within normal limits",0.9173,0.0827,"LOW"
15,"N0","T0","Negative/normal; within normal limits",0.9158,0.0842,"LOW"
16,"N0","T0","Negative/normal; within normal limits",0.9185,0.0815,"LOW"
17,"N0","T0","Negative/normal; within normal limits",0.9135,0.0865,"LOW"
18,"N0","T0","Negative/normal; within normal limits",0.9123,0.0877,"LOW"
19,"N0","T0","Negative/normal; within normal limits",0.9048,0.0952,"LOW"
20,"N0","T0","Negative/normal; within normal limits",0.9098,0.0902,"LOW"
21,"N0","T0","Negative/normal; within normal limits",0.9188,0.0812,"LOW"
22,"N0","T0","Negative/normal; within normal limits",0.9106,0.0894,"LOW"
23,"N0","T0","Negative/normal; within normal limits",0.9226,0.0774,"LOW"
24,"N0","T0","Negative/normal; within normal limits",0.9276,0.0724,"LOW"
25,"N0","T0","Negative/normal; within normal limits",0.919,0.081,"LOW"
26,"N0","T0","Negative/normal; within normal limits",0.9243,0.0757,"LOW"
27,"N0","T0","Negative/normal; within normal limits",0.9249,0.0751,"LOW"
28,"N0","T0","Negative/normal; within normal limits",0.9257,0.0743,"LOW"
29,"N0","T0","Negative/normal; within normal limits",0.9249,0.0751,"LOW"
30,"N0","T0","Negative/normal; within normal limits",0.9259,0.0741,"LOW"
31,"N0","T0","Negative/normal; within normal limits",0.9302,0.0698,"LOW"
32,"N0","T0","Negative/normal; within normal limits",0.9336,0.0664,"LOW"
33,"N0","T0","Negative/normal; within normal limits",0.9335,0.0665,"LOW"
34,"N0","T0","Negative/normal; within normal limits",0.9249,0.0751,"LOW"
35,"N0","T0","Negative/normal; within normal limits",0.9209,0.0791,"LOW"
36,"N0","T0","Negative/normal; within normal limits",0.9241,0.0759,"LOW"
37,"N0","T0","Negative/normal; within normal limits",0.9197,0.0803,"LOW"
38,"N0","T0","Negative/normal; within normal limits",0.9166,0.0834,"LOW"
39,"N0","T0","Negative/normal; within normal limits",0.9149,0.0851,"LOW"
40,"N0","T0","Negative/normal; within normal limits",0.8933,0.1067,"LOW"
41,"N0","T0","Negative/normal; within normal limits",0.915,0.085,"LOW"
42,"N0","T0","Negative/normal; within normal limits",0.9117,0.0883,"LOW"
43,"N0","T0","Negative/normal; within normal limits",0.7529,0.2471,"LOW"
44,"N0","T0","Negative/normal; within normal limits",0.7719,0.2281,"LOW"
45,"N0","T0","Negative/normal; within normal limits",0.8478,0.1522,"LOW"
46,"N0","T0","Negative/normal; within normal limits",0.862,0.138,"LOW"
47,"N0","T0","Negative/normal; within normal limits",0.8579,0.1421,"LOW"
48,"N0","T0","Negative/normal; within normal limits",0.7554,0.2446,"LOW"
49,"N0","T0","Negative/normal; within normal limits",0.8495,0.1505,"LOW"
50,"N0","T0","Negative/normal; within normal limits",0.8855,0.1145,"LOW"
51,"N0","T0","Negative/normal; within normal limits",0.8863,0.1137,"LOW"
52,"N0","T0","Negative/normal; within normal limits",0.885,0.115,"LOW"
53,"N0","T0","Negative/normal; within normal limits",0.89,0.11,"LOW"
54,"N0","T0","Negative/normal; within normal limits",0.8558,0.1442,"LOW"
55,"N0","T0","Negative/normal; within normal limits",0.6843,0.3157,"LOW"
56,"N0","T0","Negative/normal; within normal limits",0.699,0.301,"LOW"
57,"N0","T0","Negative/normal; within normal limits",0.7731,0.2269,"LOW"
58,"N0","T0","Negative/normal; within normal limits",0.8727,0.1273,"LOW"
59,"N0","T0","Negative/normal; within normal limits",0.8808,0.1192,"LOW"
60,"N0","T0","Negative/normal; within normal limits",0.8771,0.1229,"LOW"
61,"N0","T0","Negative/normal; within normal limits",0.8391,0.1609,"LOW"
62,"N0","T0","Negative/normal; within normal limits",0.8479,0.1521,"LOW"
63,"N0","T0","Negative/normal; within normal limits",0.6816,0.3184,"LOW"
64,"N0","T0","Negative/normal; within normal limits",0.7651,0.2349,"LOW"
65,"N0","T0","Negative/normal; within normal limits",0.8557,0.1443,"LOW"
66,"N0","T0","Negative/normal; within normal limits",0.8583,0.1417,"LOW"
67,"N0","T0","Negative/normal; within normal limits",0.8307,0.1693,"LOW"
68,"N0","T0","Negative/normal; within normal limits",0.7842,0.2158,"LOW"
69,"N0","T0","Negative/normal; within normal limits",0.6455,0.3545,"LOW"
70,"N0","T0","Negative/normal; within normal limits",0.5423,0.4577,"LOW"
71,"N0","T0","Negative/normal; within normal limits",0.7089,0.2911,"LOW"
72,"N0","T0","Negative/normal; within normal limits",0.735,0.265,"LOW"
73,"N0","T0","Negative/normal; within normal limits",0.6984,0.3016,"LOW"
74,"N0","T0","Negative/normal; within normal limits",0.6191,0.3809,"LOW"
75,"N0","T0","Negative/normal; within normal limits",0.6035,0.3965,"LOW"
76,"N0","T0","Negative/normal; within normal limits",0.6931,0.3069,"LOW"
77,"N0","T0","Negative/normal; within normal limits",0.7201,0.2799,"LOW"
78,"N0","T0","Negative/normal; within normal limits",0.7349,0.2651,"LOW"
79,"N0","T0","Negative/normal; within normal limits",0.7212,0.2788,"LOW"
80,"N0","T0","Negative/normal; within normal limits",0.495,0.505,"HIGH"
81,"N0","T0","Negative/normal; within normal limits",0.5161,0.4839,"LOW"
82,"N0","T0","Negative/normal; within normal limits",0.491,0.509,"HIGH"
83,"N0","T0","Negative/normal; within normal limits",0.4482,0.5518,"HIGH"
84,"N0","T0","Negative/normal; within normal limits",0.4456,0.5544,"HIGH"
85,"N0","T0","Negative/normal; within normal limits",0.4913,0.5087,"HIGH"
86,"N0","T0","Negative/normal; within normal limits",0.4304,0.5696,"HIGH"
87,"N0","T0","Negative/normal; within normal limits",0.5258,0.4742,"LOW"
88,"N0","T0","Negative/normal; within normal limits",0.511,0.489,"LOW"
89,"N0","T0","Negative/normal; within normal limits",0.4928,0.5072,"HIGH"
90,"N0","T0","Negative/normal; within normal limits",0.5033,0.4967,"LOW"
91,"N0","T0","Negative/normal; within normal limits",0.5033,0.4967,"LOW"
92,"N0","T0","Negative/normal; within normal limits",0.5033,0.4967,"LOW"
93,"N0","T0","Negative/normal; within normal limits",0.5033,0.4967,"LOW"
94,"N0","T0","Negative/normal; within normal limits",0.5033,0.4967,"LOW"
95,"N0","T0","Negative/normal; within normal limits",0.5033,0.4967,"LOW"
96,"N0","T0","Negative/normal; within normal limits",0.5033,0.4967,"LOW"
97,"N0","T0","Negative/normal; within normal limits",0.5033,0.4967,"LOW"
98,"N0","T0","Negative/normal; within normal limits",0.5033,0.4967,"LOW"
99,"N0","T0","Negative/normal; within normal limits",0.5033,0.4967,"LOW"
0,"N1","T0","Negative/normal; within normal limits",0.7693,0.2307,"LOW"
1,"N1","T0","Negative/normal; within normal limits",0.7693,0.2307,"LOW"
2,"N1","T0","Negative/normal; within normal limits",0.7727,0.2273,"LOW"
3,"N1","T0","Negative/normal; within normal limits",0.7747,0.2253,"LOW"
4,"N1","T0","Negative/normal; within normal limits",0.7747,0.2253,"LOW"
5,"N1","T0","Negative/normal; within normal limits",0.7747,0.2253,"LOW"
6,"N1","T0","Negative/normal; within normal limits",0.7647,0.2353,"LOW"
7,"N1","T0","Negative/normal; within normal limits",0.7647,0.2353,"LOW"
8,"N1","T0","Negative/normal; within normal limits",0.7647,0.2353,"LOW"
9,"N1","T0","Negative/normal; within normal limits",0.7647,0.2353,"LOW"
10,"N1","T0","Negative/normal; within normal limits",0.7804,0.2196,"LOW"
11,"N1","T0","Negative/normal; within normal limits",0.784,0.216,"LOW"
12,"N1","T0","Negative/normal; within normal limits",0.7905,0.2095,"LOW"
13,"N1","T0","Negative/normal; within normal limits",0.7905,0.2095,"LOW"
14,"N1","T0","Negative/normal; within normal limits",0.7881,0.2119,"LOW"
15,"N1","T0","Negative/normal; within normal limits",0.7727,0.2273,"LOW"
16,"N1","T0","Negative/normal; within normal limits",0.7798,0.2202,"LOW"
17,"N1","T0","Negative/normal; within normal limits",0.7458,0.2542,"LOW"
18,"N1","T0","Negative/normal; within normal limits",0.6811,0.3189,"LOW"
19,"N1","T0","Negative/normal; within normal limits",0.6718,0.3282,"LOW"
20,"N1","T0","Negative/normal; within normal limits",0.7293,0.2707,"LOW"
21,"N1","T0","Negative/normal; within normal limits",0.7216,0.2784,"LOW"
22,"N1","T0","Negative/normal; within normal limits",0.6711,0.3289,"LOW"
23,"N1","T0","Negative/normal; within normal limits",0.668,0.332,"LOW"
24,"N1","T0","Negative/normal; within normal limits",0.7001,0.2999,"LOW"
25,"N1","T0","Negative/normal; within normal limits",0.6928,0.3072,"LOW"
26,"N1","T0","Negative/normal; within normal limits",0.7079,0.2921,"LOW"
27,"N1","T0","Negative/normal; within normal limits",0.7156,0.2844,"LOW"
28,"N1","T0","Negative/normal; within normal limits",0.6954,0.3046,"LOW"
29,"N1","T0","Negative/normal; within normal limits",0.7451,0.2549,"LOW"
30,"N1","T0","Negative/normal; within normal limits",0.744,0.256,"LOW"
31,"N1","T0","Negative/normal; within normal limits",0.7624,0.2376,"LOW"
32,"N1","T0","Negative/normal; within normal limits",0.7555,0.2445,"LOW"
33,"N1","T0","Negative/normal; within normal limits",0.7705,0.2295,"LOW"
34,"N1","T0","Negative/normal; within normal limits",0.7574,0.2426,"LOW"
35,"N1","T0","Negative/normal; within normal limits",0.7245,0.2755,"LOW"
36,"N1","T0","Negative/normal; within normal limits",0.6179,0.3821,"LOW"
37,"N1","T0","Negative/normal; within normal limits",0.5898,0.4102,"LOW"
38,"N1","T0","Negative/normal; within normal limits",0.637,0.363,"LOW"
39,"N1","T0","Negative/normal; within normal limits",0.6433,0.3567,"LOW"
40,"N1","T0","Negative/normal; within normal limits",0.6279,0.3721,"LOW"
41,"N1","T0","Negative/normal; within normal limits",0.5898,0.4102,"LOW"
42,"N1","T0","Negative/normal; within normal limits",0.5615,0.4385,"LOW"
43,"N1","T0","Negative/normal; within normal limits",0.4554,0.5446,"HIGH"
44,"N1","T0","Negative/normal; within normal limits",0.4284,0.5716,"HIGH"
45,"N1","T0","Negative/normal; within normal limits",0.4003,0.5997,"HIGH"
46,"N1","T0","Negative/normal; within normal limits",0.4155,0.5845,"HIGH"
47,"N1","T0","Negative/normal; within normal limits",0.4511,0.5489,"HIGH"
48,"N1","T0","Negative/normal; within normal limits",0.4427,0.5573,"HIGH"
49,"N1","T0","Negative/normal; within normal limits",0.4444,0.5556,"HIGH"
50,"N1","T0","Negative/normal; within normal limits",0.4945,0.5055,"HIGH"
51,"N1","T0","Negative/normal; within normal limits",0.5017,0.4983,"LOW"
52,"N1","T0","Negative/normal; within normal limits",0.5155,0.4845,"LOW"
53,"N1","T0","Negative/normal; within normal limits",0.5202,0.4798,"LOW"
54,"N1","T0","Negative/normal; within normal limits",0.496,0.504,"HIGH"
55,"N1","T0","Negative/normal; within normal limits",0.5082,0.4918,"LOW"
56,"N1","T0","Negative/normal; within normal limits",0.5226,0.4774,"LOW"
57,"N1","T0","Negative/normal; within normal limits",0.4997,0.5003,"HIGH"
58,"N1","T0","Negative/normal; within normal limits",0.5262,0.4738,"LOW"
59,"N1","T0","Negative/normal; within normal limits",0.5533,0.4467,"LOW"
60,"N1","T0","Negative/normal; within normal limits",0.5197,0.4803,"LOW"
61,"N1","T0","Negative/normal; within normal limits",0.5547,0.4453,"LOW"
62,"N1","T0","Negative/normal; within normal limits",0.5474,0.4526,"LOW"
63,"N1","T0","Negative/normal; within normal limits",0.5554,0.4446,"LOW"
64,"N1","T0","Negative/normal; within normal limits",0.6043,0.3957,"LOW"
65,"N1","T0","Negative/normal; within normal limits",0.612,0.388,"LOW"
66,"N1","T0","Negative/normal; within normal limits",0.5881,0.4119,"LOW"
67,"N1","T0","Negative/normal; within normal limits",0.643,0.357,"LOW"
68,"N1","T0","Negative/normal; within normal limits",0.6115,0.3885,"LOW"
69,"N1","T0","Negative/normal; within normal limits",0.6595,0.3405,"LOW"
70,"N1","T0","Negative/normal; within normal limits",0.6554,0.3446,"LOW"
71,"N1","T0","Negative/normal; within normal limits",0.6387,0.3613,"LOW"
72,"N1","T0","Negative/normal; within normal limits",0.6394,0.3606,"LOW"
73,"N1","T0","Negative/normal; within normal limits",0.6348,0.3652,"LOW"
74,"N1","T0","Negative/normal; within normal limits",0.649,0.351,"LOW"
75,"N1","T0","Negative/normal; within normal limits",0.6353,0.3647,"LOW"
76,"N1","T0","Negative/normal; within normal limits",0.5698,0.4302,"LOW"
77,"N1","T0","Negative/normal; within normal limits",0.5641,0.4359,"LOW"
78,"N1","T0","Negative/normal; within normal limits",0.5428,0.4572,"LOW"
79,"N1","T0","Negative/normal; within normal limits",0.5846,0.4154,"LOW"
80,"N1","T0","Negative/normal; within normal limits",0.5314,0.4686,"LOW"
81,"N1","T0","Negative/normal; within normal limits",0.476,0.524,"HIGH"
82,"N1","T0","Negative/normal; within normal limits",0.3282,0.6718,"HIGH"
83,"N1","T0","Negative/normal; within normal limits",0.3396,0.6604,"HIGH"
84,"N1","T0","Negative/normal; within normal limits",0.3832,0.6168,"HIGH"
85,"N1","T0","Negative/normal; within normal limits",0.3786,0.6214,"HIGH"
86,"N1","T0","Negative/normal; within normal limits",0.4304,0.5696,"HIGH"
87,"N1","T0","Negative/normal; within normal limits",0.4231,0.5769,"HIGH"
88,"N1","T0","Negative/normal; within normal limits",0.4046,0.5954,"HIGH"
89,"N1","T0","Negative/normal; within normal limits",0.3989,0.6011,"HIGH"
90,"N1","T0","Negative/normal; within normal limits",0.3504,0.6496,"HIGH"
91,"N1","T0","Negative/normal; within normal limits",0.3504,0.6496,"HIGH"
92,"N1","T0","Negative/normal; within normal limits",0.3504,0.6496,"HIGH"
93,"N1","T0","Negative/normal; within normal limits",0.3504,0.6496,"HIGH"
94,"N1","T0","Negative/normal; within normal limits",0.3504,0.6496,"HIGH"
95,"N1","T0","Negative/normal; within normal limits",0.3504,0.6496,"HIGH"
96,"N1","T0","Negative/normal; within normal limits",0.3504,0.6496,"HIGH"
97,"N1","T0","Negative/normal; within normal limits",0.3504,0.6496,"HIGH"
98,"N1","T0","Negative/normal; within normal limits",0.3504,0.6496,"HIGH"
99,"N1","T0","Negative/normal; within normal limits",0.3504,0.6496,"HIGH"
0,"Other/Unknown","T0","Negative/normal; within normal limits",0.8514,0.1486,"LOW"
1,"Other/Unknown","T0","Negative/normal; within normal limits",0.8514,0.1486,"LOW"
2,"Other/Unknown","T0","Negative/normal; within normal limits",0.8614,0.1386,"LOW"
3,"Other/Unknown","T0","Negative/normal; within normal limits",0.8614,0.1386,"LOW"
4,"Other/Unknown","T0","Negative/normal; within normal limits",0.893,0.107,"LOW"
5,"Other/Unknown","T0","Negative/normal; within normal limits",0.9122,0.0878,"LOW"
6,"Other/Unknown","T0","Negative/normal; within normal limits",0.9159,0.0841,"LOW"
7,"Other/Unknown","T0","Negative/normal; within normal limits",0.9159,0.0841,"LOW"
8,"Other/Unknown","T0","Negative/normal; within normal limits",0.9159,0.0841,"LOW"
9,"Other/Unknown","T0","Negative/normal; within normal limits",0.9159,0.0841,"LOW"
10,"Other/Unknown","T0","Negative/normal; within normal limits",0.9325,0.0675,"LOW"
11,"Other/Unknown","T0","Negative/normal; within normal limits",0.9325,0.0675,"LOW"
12,"Other/Unknown","T0","Negative/normal; within normal limits",0.9301,0.0699,"LOW"
13,"Other/Unknown","T0","Negative/normal; within normal limits",0.9322,0.0678,"LOW"
14,"Other/Unknown","T0","Negative/normal; within normal limits",0.9326,0.0674,"LOW"
15,"Other/Unknown","T0","Negative/normal; within normal limits",0.9326,0.0674,"LOW"
16,"Other/Unknown","T0","Negative/normal; within normal limits",0.9291,0.0709,"LOW"
17,"Other/Unknown","T0","Negative/normal; within normal limits",0.9161,0.0839,"LOW"
18,"Other/Unknown","T0","Negative/normal; within normal limits",0.9273,0.0727,"LOW"
19,"Other/Unknown","T0","Negative/normal; within normal limits",0.9285,0.0715,"LOW"
20,"Other/Unknown","T0","Negative/normal; within normal limits",0.927,0.073,"LOW"
21,"Other/Unknown","T0","Negative/normal; within normal limits",0.9205,0.0795,"LOW"
22,"Other/Unknown","T0","Negative/normal; within normal limits",0.9009,0.0991,"LOW"
23,"Other/Unknown","T0","Negative/normal; within normal limits",0.9384,0.0616,"LOW"
24,"Other/Unknown","T0","Negative/normal; within normal limits",0.937,0.063,"LOW"
25,"Other/Unknown","T0","Negative/normal; within normal limits",0.9406,0.0594,"LOW"
26,"Other/Unknown","T0","Negative/normal; within normal limits",0.9462,0.0538,"LOW"
27,"Other/Unknown","T0","Negative/normal; within normal limits",0.949,0.051,"LOW"
28,"Other/Unknown","T0","Negative/normal; within normal limits",0.9421,0.0579,"LOW"
29,"Other/Unknown","T0","Negative/normal; within normal limits",0.9425,0.0575,"LOW"
30,"Other/Unknown","T0","Negative/normal; within normal limits",0.9336,0.0664,"LOW"
31,"Other/Unknown","T0","Negative/normal; within normal limits",0.9427,0.0573,"LOW"
32,"Other/Unknown","T0","Negative/normal; within normal limits",0.9422,0.0578,"LOW"
33,"Other/Unknown","T0","Negative/normal; within normal limits",0.9643,0.0357,"LOW"
34,"Other/Unknown","T0","Negative/normal; within normal limits",0.9664,0.0336,"LOW"
35,"Other/Unknown","T0","Negative/normal; within normal limits",0.9627,0.0373,"LOW"
36,"Other/Unknown","T0","Negative/normal; within normal limits",0.9578,0.0422,"LOW"
37,"Other/Unknown","T0","Negative/normal; within normal limits",0.9562,0.0438,"LOW"
38,"Other/Unknown","T0","Negative/normal; within normal limits",0.9412,0.0588,"LOW"
39,"Other/Unknown","T0","Negative/normal; within normal limits",0.9486,0.0514,"LOW"
40,"Other/Unknown","T0","Negative/normal; within normal limits",0.9506,0.0494,"LOW"
41,"Other/Unknown","T0","Negative/normal; within normal limits",0.9471,0.0529,"LOW"
42,"Other/Unknown","T0","Negative/normal; within normal limits",0.9224,0.0776,"LOW"
43,"Other/Unknown","T0","Negative/normal; within normal limits",0.9266,0.0734,"LOW"
44,"Other/Unknown","T0","Negative/normal; within normal limits",0.9326,0.0674,"LOW"
45,"Other/Unknown","T0","Negative/normal; within normal limits",0.8513,0.1487,"LOW"
46,"Other/Unknown","T0","Negative/normal; within normal limits",0.8641,0.1359,"LOW"
47,"Other/Unknown","T0","Negative/normal; within normal limits",0.9061,0.0939,"LOW"
48,"Other/Unknown","T0","Negative/normal; within normal limits",0.8919,0.1081,"LOW"
49,"Other/Unknown","T0","Negative/normal; within normal limits",0.8976,0.1024,"LOW"
50,"Other/Unknown","T0","Negative/normal; within normal limits",0.8836,0.1164,"LOW"
51,"Other/Unknown","T0","Negative/normal; within normal limits",0.8701,0.1299,"LOW"
52,"Other/Unknown","T0","Negative/normal; within normal limits",0.8825,0.1175,"LOW"
53,"Other/Unknown","T0","Negative/normal; within normal limits",0.8454,0.1546,"LOW"
54,"Other/Unknown","T0","Negative/normal; within normal limits",0.835,0.165,"LOW"
55,"Other/Unknown","T0","Negative/normal; within normal limits",0.7812,0.2188,"LOW"
56,"Other/Unknown","T0","Negative/normal; within normal limits",0.8068,0.1932,"LOW"
57,"Other/Unknown","T0","Negative/normal; within normal limits",0.7588,0.2412,"LOW"
58,"Other/Unknown","T0","Negative/normal; within normal limits",0.7345,0.2655,"LOW"
59,"Other/Unknown","T0","Negative/normal; within normal limits",0.5678,0.4322,"LOW"
60,"Other/Unknown","T0","Negative/normal; within normal limits",0.4296,0.5704,"HIGH"
61,"Other/Unknown","T0","Negative/normal; within normal limits",0.4389,0.5611,"HIGH"
62,"Other/Unknown","T0","Negative/normal; within normal limits",0.4227,0.5773,"HIGH"
63,"Other/Unknown","T0","Negative/normal; within normal limits",0.4564,0.5436,"HIGH"
64,"Other/Unknown","T0","Negative/normal; within normal limits",0.4354,0.5646,"HIGH"
65,"Other/Unknown","T0","Negative/normal; within normal limits",0.4816,0.5184,"HIGH"
66,"Other/Unknown","T0","Negative/normal; within normal limits",0.5034,0.4966,"LOW"
67,"Other/Unknown","T0","Negative/normal; within normal limits",0.4829,0.5171,"HIGH"
68,"Other/Unknown","T0","Negative/normal; within normal limits",0.4523,0.5477,"HIGH"
69,"Other/Unknown","T0","Negative/normal; within normal limits",0.461,0.539,"HIGH"
70,"Other/Unknown","T0","Negative/normal; within normal limits",0.4364,0.5636,"HIGH"
71,"Other/Unknown","T0","Negative/normal; within normal limits",0.429,0.571,"HIGH"
72,"Other/Unknown","T0","Negative/normal; within normal limits",0.4364,0.5636,"HIGH"
73,"Other/Unknown","T0","Negative/normal; within normal limits",0.4477,0.5523,"HIGH"
74,"Other/Unknown","T0","Negative/normal; within normal limits",0.4424,0.5576,"HIGH"
75,"Other/Unknown","T0","Negative/normal; within normal limits",0.4534,0.5466,"HIGH"
76,"Other/Unknown","T0","Negative/normal; within normal limits",0.436,0.564,"HIGH"
77,"Other/Unknown","T0","Negative/normal; within normal limits",0.317,0.683,"HIGH"
78,"Other/Unknown","T0","Negative/normal; within normal limits",0.3466,0.6534,"HIGH"
79,"Other/Unknown","T0","Negative/normal; within normal limits",0.4676,0.5324,"HIGH"
80,"Other/Unknown","T0","Negative/normal; within normal limits",0.4781,0.5219,"HIGH"
81,"Other/Unknown","T0","Negative/normal; within normal limits",0.4811,0.5189,"HIGH"
82,"Other/Unknown","T0","Negative/normal; within normal limits",0.5169,0.4831,"LOW"
83,"Other/Unknown","T0","Negative/normal; within normal limits",0.5096,0.4904,"LOW"
84,"Other/Unknown","T0","Negative/normal; within normal limits",0.5664,0.4336,"LOW"
85,"Other/Unknown","T0","Negative/normal; within normal limits",0.585,0.415,"LOW"
86,"Other/Unknown","T0","Negative/normal; within normal limits",0.6413,0.3587,"LOW"
87,"Other/Unknown","T0","Negative/normal; within normal limits",0.6399,0.3601,"LOW"
88,"Other/Unknown","T0","Negative/normal; within normal limits",0.5516,0.4484,"LOW"
89,"Other/Unknown","T0","Negative/normal; within normal limits",0.4134,0.5866,"HIGH"
90,"Other/Unknown","T0","Negative/normal; within normal limits",0.4198,0.5802,"HIGH"
91,"Other/Unknown","T0","Negative/normal; within normal limits",0.4198,0.5802,"HIGH"
92,"Other/Unknown","T0","Negative/normal; within normal limits",0.4198,0.5802,"HIGH"
93,"Other/Unknown","T0","Negative/normal; within normal limits",0.4198,0.5802,"HIGH"
94,"Other/Unknown","T0","Negative/normal; within normal limits",0.4198,0.5802,"HIGH"
95,"Other/Unknown","T0","Negative/normal; within normal limits",0.4198,0.5802,"HIGH"
96,"Other/Unknown","T0","Negative/normal; within normal limits",0.4198,0.5802,"HIGH"
97,"Other/Unknown","T0","Negative/normal; within normal limits",0.4198,0.5802,"HIGH"
98,"Other/Unknown","T0","Negative/normal; within normal limits",0.4198,0.5802,"HIGH"
99,"Other/Unknown","T0","Negative/normal; within normal limits",0.4198,0.5802,"HIGH"
0,"N0","Other/Unknown","Negative/normal; within normal limits",0.604,0.396,"LOW"
1,"N0","Other/Unknown","Negative/normal; within normal limits",0.604,0.396,"LOW"
2,"N0","Other/Unknown","Negative/normal; within normal limits",0.8615,0.1385,"LOW"
3,"N0","Other/Unknown","Negative/normal; within normal limits",0.8753,0.1247,"LOW"
4,"N0","Other/Unknown","Negative/normal; within normal limits",0.9151,0.0849,"LOW"
5,"N0","Other/Unknown","Negative/normal; within normal limits",0.9592,0.0408,"LOW"
6,"N0","Other/Unknown","Negative/normal; within normal limits",0.9611,0.0389,"LOW"
7,"N0","Other/Unknown","Negative/normal; within normal limits",0.9767,0.0233,"LOW"
8,"N0","Other/Unknown","Negative/normal; within normal limits",0.9846,0.0154,"LOW"
9,"N0","Other/Unknown","Negative/normal; within normal limits",0.9846,0.0154,"LOW"
10,"N0","Other/Unknown","Negative/normal; within normal limits",0.9846,0.0154,"LOW"
11,"N0","Other/Unknown","Negative/normal; within normal limits",0.9846,0.0154,"LOW"
12,"N0","Other/Unknown","Negative/normal; within normal limits",0.9806,0.0194,"LOW"
13,"N0","Other/Unknown","Negative/normal; within normal limits",0.9845,0.0155,"LOW"
14,"N0","Other/Unknown","Negative/normal; within normal limits",0.9841,0.0159,"LOW"
15,"N0","Other/Unknown","Negative/normal; within normal limits",0.9847,0.0153,"LOW"
16,"N0","Other/Unknown","Negative/normal; within normal limits",0.985,0.015,"LOW"
17,"N0","Other/Unknown","Negative/normal; within normal limits",0.9845,0.0155,"LOW"
18,"N0","Other/Unknown","Negative/normal; within normal limits",0.985,0.015,"LOW"
19,"N0","Other/Unknown","Negative/normal; within normal limits",0.9843,0.0157,"LOW"
20,"N0","Other/Unknown","Negative/normal; within normal limits",0.9849,0.0151,"LOW"
21,"N0","Other/Unknown","Negative/normal; within normal limits",0.9846,0.0154,"LOW"
22,"N0","Other/Unknown","Negative/normal; within normal limits",0.9842,0.0158,"LOW"
23,"N0","Other/Unknown","Negative/normal; within normal limits",0.9849,0.0151,"LOW"
24,"N0","Other/Unknown","Negative/normal; within normal limits",0.9847,0.0153,"LOW"
25,"N0","Other/Unknown","Negative/normal; within normal limits",0.985,0.015,"LOW"
26,"N0","Other/Unknown","Negative/normal; within normal limits",0.985,0.015,"LOW"
27,"N0","Other/Unknown","Negative/normal; within normal limits",0.985,0.015,"LOW"
28,"N0","Other/Unknown","Negative/normal; within normal limits",0.9848,0.0152,"LOW"
29,"N0","Other/Unknown","Negative/normal; within normal limits",0.9766,0.0234,"LOW"
30,"N0","Other/Unknown","Negative/normal; within normal limits",0.983,0.017,"LOW"
31,"N0","Other/Unknown","Negative/normal; within normal limits",0.9835,0.0165,"LOW"
32,"N0","Other/Unknown","Negative/normal; within normal limits",0.9834,0.0166,"LOW"
33,"N0","Other/Unknown","Negative/normal; within normal limits",0.9833,0.0167,"LOW"
34,"N0","Other/Unknown","Negative/normal; within normal limits",0.9827,0.0173,"LOW"
35,"N0","Other/Unknown","Negative/normal; within normal limits",0.9805,0.0195,"LOW"
36,"N0","Other/Unknown","Negative/normal; within normal limits",0.9599,0.0401,"LOW"
37,"N0","Other/Unknown","Negative/normal; within normal limits",0.9575,0.0425,"LOW"
38,"N0","Other/Unknown","Negative/normal; within normal limits",0.9783,0.0217,"LOW"
39,"N0","Other/Unknown","Negative/normal; within normal limits",0.9776,0.0224,"LOW"
40,"N0","Other/Unknown","Negative/normal; within normal limits",0.9784,0.0216,"LOW"
41,"N0","Other/Unknown","Negative/normal; within normal limits",0.9785,0.0215,"LOW"
42,"N0","Other/Unknown","Negative/normal; within normal limits",0.9726,0.0274,"LOW"
43,"N0","Other/Unknown","Negative/normal; within normal limits",0.9762,0.0238,"LOW"
44,"N0","Other/Unknown","Negative/normal; within normal limits",0.9687,0.0313,"LOW"
45,"N0","Other/Unknown","Negative/normal; within normal limits",0.9778,0.0222,"LOW"
46,"N0","Other/Unknown","Negative/normal; within normal limits",0.9777,0.0223,"LOW"
47,"N0","Other/Unknown","Negative/normal; within normal limits",0.9776,0.0224,"LOW"
48,"N0","Other/Unknown","Negative/normal; within normal limits",0.9735,0.0265,"LOW"
49,"N0","Other/Unknown","Negative/normal; within normal limits",0.976,0.024,"LOW"
50,"N0","Other/Unknown","Negative/normal; within normal limits",0.9731,0.0269,"LOW"
51,"N0","Other/Unknown","Negative/normal; within normal limits",0.9723,0.0277,"LOW"
52,"N0","Other/Unknown","Negative/normal; within normal limits",0.9727,0.0273,"LOW"
53,"N0","Other/Unknown","Negative/normal; within normal limits",0.9713,0.0287,"LOW"
54,"N0","Other/Unknown","Negative/normal; within normal limits",0.9688,0.0312,"LOW"
55,"N0","Other/Unknown","Negative/normal; within normal limits",0.9718,0.0282,"LOW"
56,"N0","Other/Unknown","Negative/normal; within normal limits",0.9713,0.0287,"LOW"
57,"N0","Other/Unknown","Negative/normal; within normal limits",0.9754,0.0246,"LOW"
58,"N0","Other/Unknown","Negative/normal; within normal limits",0.97,0.03,"LOW"
59,"N0","Other/Unknown","Negative/normal; within normal limits",0.9595,0.0405,"LOW"
60,"N0","Other/Unknown","Negative/normal; within normal limits",0.959,0.041,"LOW"
61,"N0","Other/Unknown","Negative/normal; within normal limits",0.9675,0.0325,"LOW"
62,"N0","Other/Unknown","Negative/normal; within normal limits",0.9615,0.0385,"LOW"
63,"N0","Other/Unknown","Negative/normal; within normal limits",0.9333,0.0667,"LOW"
64,"N0","Other/Unknown","Negative/normal; within normal limits",0.9517,0.0483,"LOW"
65,"N0","Other/Unknown","Negative/normal; within normal limits",0.9583,0.0417,"LOW"
66,"N0","Other/Unknown","Negative/normal; within normal limits",0.9576,0.0424,"LOW"
67,"N0","Other/Unknown","Negative/normal; within normal limits",0.9388,0.0612,"LOW"
68,"N0","Other/Unknown","Negative/normal; within normal limits",0.9332,0.0668,"LOW"
69,"N0","Other/Unknown","Negative/normal; within normal limits",0.949,0.051,"LOW"
70,"N0","Other/Unknown","Negative/normal; within normal limits",0.9335,0.0665,"LOW"
71,"N0","Other/Unknown","Negative/normal; within normal limits",0.953,0.047,"LOW"
72,"N0","Other/Unknown","Negative/normal; within normal limits",0.9556,0.0444,"LOW"
73,"N0","Other/Unknown","Negative/normal; within normal limits",0.9465,0.0535,"LOW"
74,"N0","Other/Unknown","Negative/normal; within normal limits",0.9417,0.0583,"LOW"
75,"N0","Other/Unknown","Negative/normal; within normal limits",0.9516,0.0484,"LOW"
76,"N0","Other/Unknown","Negative/normal; within normal limits",0.9477,0.0523,"LOW"
77,"N0","Other/Unknown","Negative/normal; within normal limits",0.9392,0.0608,"LOW"
78,"N0","Other/Unknown","Negative/normal; within normal limits",0.9272,0.0728,"LOW"
79,"N0","Other/Unknown","Negative/normal; within normal limits",0.9281,0.0719,"LOW"
80,"N0","Other/Unknown","Negative/normal; within normal limits",0.9349,0.0651,"LOW"
81,"N0","Other/Unknown","Negative/normal; within normal limits",0.8831,0.1169,"LOW"
82,"N0","Other/Unknown","Negative/normal; within normal limits",0.9147,0.0853,"LOW"
83,"N0","Other/Unknown","Negative/normal; within normal limits",0.8762,0.1238,"LOW"
84,"N0","Other/Unknown","Negative/normal; within normal limits",0.9144,0.0856,"LOW"
85,"N0","Other/Unknown","Negative/normal; within normal limits",0.9062,0.0938,"LOW"
86,"N0","Other/Unknown","Negative/normal; within normal limits",0.9187,0.0813,"LOW"
87,"N0","Other/Unknown","Negative/normal; within normal limits",0.8684,0.1316,"LOW"
88,"N0","Other/Unknown","Negative/normal; within normal limits",0.9151,0.0849,"LOW"
89,"N0","Other/Unknown","Negative/normal; within normal limits",0.911,0.089,"LOW"
90,"N0","Other/Unknown","Negative/normal; within normal limits",0.8536,0.1464,"LOW"
91,"N0","Other/Unknown","Negative/normal; within normal limits",0.8536,0.1464,"LOW"
92,"N0","Other/Unknown","Negative/normal; within normal limits",0.8536,0.1464,"LOW"
93,"N0","Other/Unknown","Negative/normal; within normal limits",0.8536,0.1464,"LOW"
94,"N0","Other/Unknown","Negative/normal; within normal limits",0.8536,0.1464,"LOW"
95,"N0","Other/Unknown","Negative/normal; within normal limits",0.8536,0.1464,"LOW"
96,"N0","Other/Unknown","Negative/normal; within normal limits",0.8536,0.1464,"LOW"
97,"N0","Other/Unknown","Negative/normal; within normal limits",0.8536,0.1464,"LOW"
98,"N0","Other/Unknown","Negative/normal; within normal limits",0.8536,0.1464,"LOW"
99,"N0","Other/Unknown","Negative/normal; within normal limits",0.8536,0.1464,"LOW"
0,"N1","Other/Unknown","Negative/normal; within normal limits",0.7074,0.2926,"LOW"
1,"N1","Other/Unknown","Negative/normal; within normal limits",0.7074,0.2926,"LOW"
2,"N1","Other/Unknown","Negative/normal; within normal limits",0.7114,0.2886,"LOW"
3,"N1","Other/Unknown","Negative/normal; within normal limits",0.7122,0.2878,"LOW"
4,"N1","Other/Unknown","Negative/normal; within normal limits",0.7142,0.2858,"LOW"
5,"N1","Other/Unknown","Negative/normal; within normal limits",0.7142,0.2858,"LOW"
6,"N1","Other/Unknown","Negative/normal; within normal limits",0.6561,0.3439,"LOW"
7,"N1","Other/Unknown","Negative/normal; within normal limits",0.6561,0.3439,"LOW"
8,"N1","Other/Unknown","Negative/normal; within normal limits",0.6541,0.3459,"LOW"
9,"N1","Other/Unknown","Negative/normal; within normal limits",0.6561,0.3439,"LOW"
10,"N1","Other/Unknown","Negative/normal; within normal limits",0.75,0.25,"LOW"
11,"N1","Other/Unknown","Negative/normal; within normal limits",0.754,0.246,"LOW"
12,"N1","Other/Unknown","Negative/normal; within normal limits",0.7802,0.2198,"LOW"
13,"N1","Other/Unknown","Negative/normal; within normal limits",0.7802,0.2198,"LOW"
14,"N1","Other/Unknown","Negative/normal; within normal limits",0.7802,0.2198,"LOW"
15,"N1","Other/Unknown","Negative/normal; within normal limits",0.7774,0.2226,"LOW"
16,"N1","Other/Unknown","Negative/normal; within normal limits",0.7774,0.2226,"LOW"
17,"N1","Other/Unknown","Negative/normal; within normal limits",0.7716,0.2284,"LOW"
18,"N1","Other/Unknown","Negative/normal; within normal limits",0.6286,0.3714,"LOW"
19,"N1","Other/Unknown","Negative/normal; within normal limits",0.6203,0.3797,"LOW"
20,"N1","Other/Unknown","Negative/normal; within normal limits",0.6463,0.3537,"LOW"
21,"N1","Other/Unknown","Negative/normal; within normal limits",0.5889,0.4111,"LOW"
22,"N1","Other/Unknown","Negative/normal; within normal limits",0.5797,0.4203,"LOW"
23,"N1","Other/Unknown","Negative/normal; within normal limits",0.415,0.585,"HIGH"
24,"N1","Other/Unknown","Negative/normal; within normal limits",0.3816,0.6184,"HIGH"
25,"N1","Other/Unknown","Negative/normal; within normal limits",0.3865,0.6135,"HIGH"
26,"N1","Other/Unknown","Negative/normal; within normal limits",0.405,0.595,"HIGH"
27,"N1","Other/Unknown","Negative/normal; within normal limits",0.4202,0.5798,"HIGH"
28,"N1","Other/Unknown","Negative/normal; within normal limits",0.5006,0.4994,"LOW"
29,"N1","Other/Unknown","Negative/normal; within normal limits",0.4665,0.5335,"HIGH"
30,"N1","Other/Unknown","Negative/normal; within normal limits",0.352,0.648,"HIGH"
31,"N1","Other/Unknown","Negative/normal; within normal limits",0.3651,0.6349,"HIGH"
32,"N1","Other/Unknown","Negative/normal; within normal limits",0.3742,0.6258,"HIGH"
33,"N1","Other/Unknown","Negative/normal; within normal limits",0.3633,0.6367,"HIGH"
34,"N1","Other/Unknown","Negative/normal; within normal limits",0.3581,0.6419,"HIGH"
35,"N1","Other/Unknown","Negative/normal; within normal limits",0.3517,0.6483,"HIGH"
36,"N1","Other/Unknown","Negative/normal; within normal limits",0.3678,0.6322,"HIGH"
37,"N1","Other/Unknown","Negative/normal; within normal limits",0.3774,0.6226,"HIGH"
38,"N1","Other/Unknown","Negative/normal; within normal limits",0.4198,0.5802,"HIGH"
39,"N1","Other/Unknown","Negative/normal; within normal limits",0.4081,0.5919,"HIGH"
40,"N1","Other/Unknown","Negative/normal; within normal limits",0.4179,0.5821,"HIGH"
41,"N1","Other/Unknown","Negative/normal; within normal limits",0.4092,0.5908,"HIGH"
42,"N1","Other/Unknown","Negative/normal; within normal limits",0.4022,0.5978,"HIGH"
43,"N1","Other/Unknown","Negative/normal; within normal limits",0.3936,0.6064,"HIGH"
44,"N1","Other/Unknown","Negative/normal; within normal limits",0.3775,0.6225,"HIGH"
45,"N1","Other/Unknown","Negative/normal; within normal limits",0.396,0.604,"HIGH"
46,"N1","Other/Unknown","Negative/normal; within normal limits",0.5317,0.4683,"LOW"
47,"N1","Other/Unknown","Negative/normal; within normal limits",0.5986,0.4014,"LOW"
48,"N1","Other/Unknown","Negative/normal; within normal limits",0.5754,0.4246,"LOW"
49,"N1","Other/Unknown","Negative/normal; within normal limits",0.5748,0.4252,"LOW"
50,"N1","Other/Unknown","Negative/normal; within normal limits",0.6637,0.3363,"LOW"
51,"N1","Other/Unknown","Negative/normal; within normal limits",0.6671,0.3329,"LOW"
52,"N1","Other/Unknown","Negative/normal; within normal limits",0.6594,0.3406,"LOW"
53,"N1","Other/Unknown","Negative/normal; within normal limits",0.6112,0.3888,"LOW"
54,"N1","Other/Unknown","Negative/normal; within normal limits",0.6379,0.3621,"LOW"
55,"N1","Other/Unknown","Negative/normal; within normal limits",0.5635,0.4365,"LOW"
56,"N1","Other/Unknown","Negative/normal; within normal limits",0.5476,0.4524,"LOW"
57,"N1","Other/Unknown","Negative/normal; within normal limits",0.5435,0.4565,"LOW"
58,"N1","Other/Unknown","Negative/normal; within normal limits",0.5273,0.4727,"LOW"
59,"N1","Other/Unknown","Negative/normal; within normal limits",0.5779,0.4221,"LOW"
60,"N1","Other/Unknown","Negative/normal; within normal limits",0.5635,0.4365,"LOW"
61,"N1","Other/Unknown","Negative/normal; within normal limits",0.5186,0.4814,"LOW"
62,"N1","Other/Unknown","Negative/normal; within normal limits",0.5931,0.4069,"LOW"
63,"N1","Other/Unknown","Negative/normal; within normal limits",0.5854,0.4146,"LOW"
64,"N1","Other/Unknown","Negative/normal; within normal limits",0.5728,0.4272,"LOW"
65,"N1","Other/Unknown","Negative/normal; within normal limits",0.5673,0.4327,"LOW"
66,"N1","Other/Unknown","Negative/normal; within normal limits",0.4782,0.5218,"HIGH"
67,"N1","Other/Unknown","Negative/normal; within normal limits",0.5157,0.4843,"LOW"
68,"N1","Other/Unknown","Negative/normal; within normal limits",0.4717,0.5283,"HIGH"
69,"N1","Other/Unknown","Negative/normal; within normal limits",0.6248,0.3752,"LOW"
70,"N1","Other/Unknown","Negative/normal; within normal limits",0.5775,0.4225,"LOW"
71,"N1","Other/Unknown","Negative/normal; within normal limits",0.544,0.456,"LOW"
72,"N1","Other/Unknown","Negative/normal; within normal limits",0.5678,0.4322,"LOW"
73,"N1","Other/Unknown","Negative/normal; within normal limits",0.5756,0.4244,"LOW"
74,"N1","Other/Unknown","Negative/normal; within normal limits",0.6051,0.3949,"LOW"
75,"N1","Other/Unknown","Negative/normal; within normal limits",0.6217,0.3783,"LOW"
76,"N1","Other/Unknown","Negative/normal; within normal limits",0.5685,0.4315,"LOW"
77,"N1","Other/Unknown","Negative/normal; within normal limits",0.6199,0.3801,"LOW"
78,"N1","Other/Unknown","Negative/normal; within normal limits",0.6664,0.3336,"LOW"
79,"N1","Other/Unknown","Negative/normal; within normal limits",0.6591,0.3409,"LOW"
80,"N1","Other/Unknown","Negative/normal; within normal limits",0.6515,0.3485,"LOW"
81,"N1","Other/Unknown","Negative/normal; within normal limits",0.6335,0.3665,"LOW"
82,"N1","Other/Unknown","Negative/normal; within normal limits",0.5393,0.4607,"LOW"
83,"N1","Other/Unknown","Negative/normal; within normal limits",0.5816,0.4184,"LOW"
84,"N1","Other/Unknown","Negative/normal; within normal limits",0.5929,0.4071,"LOW"
85,"N1","Other/Unknown","Negative/normal; within normal limits",0.448,0.552,"HIGH"
86,"N1","Other/Unknown","Negative/normal; within normal limits",0.4929,0.5071,"HIGH"
87,"N1","Other/Unknown","Negative/normal; within normal limits",0.4834,0.5166,"HIGH"
88,"N1","Other/Unknown","Negative/normal; within normal limits",0.4895,0.5105,"HIGH"
89,"N1","Other/Unknown","Negative/normal; within normal limits",0.4349,0.5651,"HIGH"
90,"N1","Other/Unknown","Negative/normal; within normal limits",0.4109,0.5891,"HIGH"
91,"N1","Other/Unknown","Negative/normal; within normal limits",0.4109,0.5891,"HIGH"
92,"N1","Other/Unknown","Negative/normal; within normal limits",0.4109,0.5891,"HIGH"
93,"N1","Other/Unknown","Negative/normal; within normal limits",0.4109,0.5891,"HIGH"
94,"N1","Other/Unknown","Negative/normal; within normal limits",0.4109,0.5891,"HIGH"
95,"N1","Other/Unknown","Negative/normal; within normal limits",0.4109,0.5891,"HIGH"
96,"N1","Other/Unknown","Negative/normal; within normal limits",0.4109,0.5891,"HIGH"
97,"N1","Other/Unknown","Negative/normal; within normal limits",0.4109,0.5891,"HIGH"
98,"N1","Other/Unknown","Negative/normal; within normal limits",0.4109,0.5891,"HIGH"
99,"N1","Other/Unknown","Negative/normal; within normal limits",0.4109,0.5891,"HIGH"
0,"Other/Unknown","Other/Unknown","Negative/normal; within normal limits",0.8948,0.1052,"LOW"
1,"Other/Unknown","Other/Unknown","Negative/normal; within normal limits",0.8948,0.1052,"LOW"
2,"Other/Unknown","Other/Unknown","Negative/normal; within normal limits",0.9087,0.0913,"LOW"
3,"Other/Unknown","Other/Unknown","Negative/normal; within normal limits",0.9087,0.0913,"LOW"
4,"Other/Unknown","Other/Unknown","Negative/normal; within normal limits",0.9399,0.0601,"LOW"
5,"Other/Unknown","Other/Unknown","Negative/normal; within normal limits",0.959,0.041,"LOW"
6,"Other/Unknown","Other/Unknown","Negative/normal; within normal limits",0.9609,0.0391,"LOW"
7,"Other/Unknown","Other/Unknown","Negative/normal; within normal limits",0.9609,0.0391,"LOW"
8,"Other/Unknown","Other/Unknown","Negative/normal; within normal limits",0.9609,0.0391,"LOW"
9,"Other/Unknown","Other/Unknown","Negative/normal; within normal limits",0.9609,0.0391,"LOW"
10,"Other/Unknown","Other/Unknown","Negative/normal; within normal limits",0.9609,0.0391,"LOW"
11,"Other/Unknown","Other/Unknown","Negative/normal; within normal limits",0.9609,0.0391,"LOW"
12,"Other/Unknown","Other/Unknown","Negative/normal; within normal limits",0.9541,0.0459,"LOW"
13,"Other/Unknown","Other/Unknown","Negative/normal; within normal limits",0.9603,0.0397,"LOW"
14,"Other/Unknown","Other/Unknown","Negative/normal; within normal limits",0.9609,0.0391,"LOW"
15,"Other/Unknown","Other/Unknown","Negative/normal; within normal limits",0.9609,0.0391,"LOW"
16,"Other/Unknown","Other/Unknown","Negative/normal; within normal limits",0.9525,0.0475,"LOW"
17,"Other/Unknown","Other/Unknown","Negative/normal; within normal limits",0.9102,0.0898,"LOW"
18,"Other/Unknown","Other/Unknown","Negative/normal; within normal limits",0.9543,0.0457,"LOW"
19,"Other/Unknown","Other/Unknown","Negative/normal; within normal limits",0.9539,0.0461,"LOW"
20,"Other/Unknown","Other/Unknown","Negative/normal; within normal limits",0.9529,0.0471,"LOW"
21,"Other/Unknown","Other/Unknown","Negative/normal; within normal limits",0.9291,0.0709,"LOW"
22,"Other/Unknown","Other/Unknown","Negative/normal; within normal limits",0.878,0.122,"LOW"
23,"Other/Unknown","Other/Unknown","Negative/normal; within normal limits",0.9505,0.0495,"LOW"
24,"Other/Unknown","Other/Unknown","Negative/normal; within normal limits",0.9335,0.0665,"LOW"
25,"Other/Unknown","Other/Unknown","Negative/normal; within normal limits",0.9578,0.0422,"LOW"
26,"Other/Unknown","Other/Unknown","Negative/normal; within normal limits",0.9582,0.0418,"LOW"
27,"Other/Unknown","Other/Unknown","Negative/normal; within normal limits",0.9586,0.0414,"LOW"
28,"Other/Unknown","Other/Unknown","Negative/normal; within normal limits",0.9602,0.0398,"LOW"
29,"Other/Unknown","Other/Unknown","Negative/normal; within normal limits",0.9597,0.0403,"LOW"
30,"Other/Unknown","Other/Unknown","Negative/normal; within normal limits",0.9446,0.0554,"LOW"
31,"Other/Unknown","Other/Unknown","Negative/normal; within normal limits",0.9569,0.0431,"LOW"
32,"Other/Unknown","Other/Unknown","Negative/normal; within normal limits",0.9472,0.0528,"LOW"
33,"Other/Unknown","Other/Unknown","Negative/normal; within normal limits",0.964,0.036,"LOW"
34,"Other/Unknown","Other/Unknown","Negative/normal; within normal limits",0.9641,0.0359,"LOW"
35,"Other/Unknown","Other/Unknown","Negative/normal; within normal limits",0.9635,0.0365,"LOW"
36,"Other/Unknown","Other/Unknown","Negative/normal; within normal limits",0.9561,0.0439,"LOW"
37,"Other/Unknown","Other/Unknown","Negative/normal; within normal limits",0.9473,0.0527,"LOW"
38,"Other/Unknown","Other/Unknown","Negative/normal; within normal limits",0.9463,0.0537,"LOW"
39,"Other/Unknown","Other/Unknown","Negative/normal; within normal limits",0.9384,0.0616,"LOW"
40,"Other/Unknown","Other/Unknown","Negative/normal; within normal limits",0.9551,0.0449,"LOW"
41,"Other/Unknown","Other/Unknown","Negative/normal; within normal limits",0.9502,0.0498,"LOW"
42,"Other/Unknown","Other/Unknown","Negative/normal; within normal limits",0.9537,0.0463,"LOW"
43,"Other/Unknown","Other/Unknown","Negative/normal; within normal limits",0.9346,0.0654,"LOW"
44,"Other/Unknown","Other/Unknown","Negative/normal; within normal limits",0.9478,0.0522,"LOW"
45,"Other/Unknown","Other/Unknown","Negative/normal; within normal limits",0.9522,0.0478,"LOW"
46,"Other/Unknown","Other/Unknown","Negative/normal; within normal limits",0.9534,0.0466,"LOW"
47,"Other/Unknown","Other/Unknown","Negative/normal; within normal limits",0.9525,0.0475,"LOW"
48,"Other/Unknown","Other/Unknown","Negative/normal; within normal limits",0.9579,0.0421,"LOW"
49,"Other/Unknown","Other/Unknown","Negative/normal; within normal limits",0.9544,0.0456,"LOW"
50,"Other/Unknown","Other/Unknown","Negative/normal; within normal limits",0.9465,0.0535,"LOW"
51,"Other/Unknown","Other/Unknown","Negative/normal; within normal limits",0.9425,0.0575,"LOW"
52,"Other/Unknown","Other/Unknown","Negative/normal; within normal limits",0.9516,0.0484,"LOW"
53,"Other/Unknown","Other/Unknown","Negative/normal; within normal limits",0.9465,0.0535,"LOW"
54,"Other/Unknown","Other/Unknown","Negative/normal; within normal limits",0.9458,0.0542,"LOW"
55,"Other/Unknown","Other/Unknown","Negative/normal; within normal limits",0.9397,0.0603,"LOW"
56,"Other/Unknown","Other/Unknown","Negative/normal; within normal limits",0.9453,0.0547,"LOW"
57,"Other/Unknown","Other/Unknown","Negative/normal; within normal limits",0.9432,0.0568,"LOW"
58,"Other/Unknown","Other/Unknown","Negative/normal; within normal limits",0.9379,0.0621,"LOW"
59,"Other/Unknown","Other/Unknown","Negative/normal; within normal limits",0.9066,0.0934,"LOW"
60,"Other/Unknown","Other/Unknown","Negative/normal; within normal limits",0.9168,0.0832,"LOW"
61,"Other/Unknown","Other/Unknown","Negative/normal; within normal limits",0.9096,0.0904,"LOW"
62,"Other/Unknown","Other/Unknown","Negative/normal; within normal limits",0.9118,0.0882,"LOW"
63,"Other/Unknown","Other/Unknown","Negative/normal; within normal limits",0.906,0.094,"LOW"
64,"Other/Unknown","Other/Unknown","Negative/normal; within normal limits",0.9039,0.0961,"LOW"
65,"Other/Unknown","Other/Unknown","Negative/normal; within normal limits",0.8845,0.1155,"LOW"
66,"Other/Unknown","Other/Unknown","Negative/normal; within normal limits",0.8866,0.1134,"LOW"
67,"Other/Unknown","Other/Unknown","Negative/normal; within normal limits",0.8829,0.1171,"LOW"
68,"Other/Unknown","Other/Unknown","Negative/normal; within normal limits",0.8567,0.1433,"LOW"
69,"Other/Unknown","Other/Unknown","Negative/normal; within normal limits",0.8717,0.1283,"LOW"
70,"Other/Unknown","Other/Unknown","Negative/normal; within normal limits",0.8566,0.1434,"LOW"
71,"Other/Unknown","Other/Unknown","Negative/normal; within normal limits",0.8594,0.1406,"LOW"
72,"Other/Unknown","Other/Unknown","Negative/normal; within normal limits",0.8568,0.1432,"LOW"
73,"Other/Unknown","Other/Unknown","Negative/normal; within normal limits",0.809,0.191,"LOW"
74,"Other/Unknown","Other/Unknown","Negative/normal; within normal limits",0.8314,0.1686,"LOW"
75,"Other/Unknown","Other/Unknown","Negative/normal; within normal limits",0.8219,0.1781,"LOW"
76,"Other/Unknown","Other/Unknown","Negative/normal; within normal limits",0.8779,0.1221,"LOW"
77,"Other/Unknown","Other/Unknown","Negative/normal; within normal limits",0.868,0.132,"LOW"
78,"Other/Unknown","Other/Unknown","Negative/normal; within normal limits",0.8437,0.1563,"LOW"
79,"Other/Unknown","Other/Unknown","Negative/normal; within normal limits",0.8026,0.1974,"LOW"
80,"Other/Unknown","Other/Unknown","Negative/normal; within normal limits",0.7811,0.2189,"LOW"
81,"Other/Unknown","Other/Unknown","Negative/normal; within normal limits",0.8092,0.1908,"LOW"
82,"Other/Unknown","Other/Unknown","Negative/normal; within normal limits",0.8434,0.1566,"LOW"
83,"Other/Unknown","Other/Unknown","Negative/normal; within normal limits",0.8624,0.1376,"LOW"
84,"Other/Unknown","Other/Unknown","Negative/normal; within normal limits",0.7941,0.2059,"LOW"
85,"Other/Unknown","Other/Unknown","Negative/normal; within normal limits",0.6655,0.3345,"LOW"
86,"Other/Unknown","Other/Unknown","Negative/normal; within normal limits",0.7817,0.2183,"LOW"
87,"Other/Unknown","Other/Unknown","Negative/normal; within normal limits",0.811,0.189,"LOW"
88,"Other/Unknown","Other/Unknown","Negative/normal; within normal limits",0.6732,0.3268,"LOW"
89,"Other/Unknown","Other/Unknown","Negative/normal; within normal limits",0.6146,0.3854,"LOW"
90,"Other/Unknown","Other/Unknown","Negative/normal; within normal limits",0.6519,0.3481,"LOW"
91,"Other/Unknown","Other/Unknown","Negative/normal; within normal limits",0.6519,0.3481,"LOW"
92,"Other/Unknown","Other/Unknown","Negative/normal; within normal limits",0.6519,0.3481,"LOW"
93,"Other/Unknown","Other/Unknown","Negative/normal; within normal limits",0.6519,0.3481,"LOW"
94,"Other/Unknown","Other/Unknown","Negative/normal; within normal limits",0.6519,0.3481,"LOW"
95,"Other/Unknown","Other/Unknown","Negative/normal; within normal limits",0.6519,0.3481,"LOW"
96,"Other/Unknown","Other/Unknown","Negative/normal; within normal limits",0.6519,0.3481,"LOW"
97,"Other/Unknown","Other/Unknown","Negative/normal; within normal limits",0.6519,0.3481,"LOW"
98,"Other/Unknown","Other/Unknown","Negative/normal; within normal limits",0.6519,0.3481,"LOW"
99,"Other/Unknown","Other/Unknown","Negative/normal; within normal limits",0.6519,0.3481,"LOW"
0,"N0","T1","Negative/normal; within normal limits",0.9669,0.0331,"LOW"
1,"N0","T1","Negative/normal; within normal limits",0.9669,0.0331,"LOW"
2,"N0","T1","Negative/normal; within normal limits",0.9848,0.0152,"LOW"
3,"N0","T1","Negative/normal; within normal limits",0.9848,0.0152,"LOW"
4,"N0","T1","Negative/normal; within normal limits",0.9887,0.0113,"LOW"
5,"N0","T1","Negative/normal; within normal limits",0.9887,0.0113,"LOW"
6,"N0","T1","Negative/normal; within normal limits",0.9887,0.0113,"LOW"
7,"N0","T1","Negative/normal; within normal limits",0.9887,0.0113,"LOW"
8,"N0","T1","Negative/normal; within normal limits",0.9887,0.0113,"LOW"
9,"N0","T1","Negative/normal; within normal limits",0.9887,0.0113,"LOW"
10,"N0","T1","Negative/normal; within normal limits",0.9887,0.0113,"LOW"
11,"N0","T1","Negative/normal; within normal limits",0.9887,0.0113,"LOW"
12,"N0","T1","Negative/normal; within normal limits",0.9887,0.0113,"LOW"
13,"N0","T1","Negative/normal; within normal limits",0.9875,0.0125,"LOW"
14,"N0","T1","Negative/normal; within normal limits",0.9887,0.0113,"LOW"
15,"N0","T1","Negative/normal; within normal limits",0.9576,0.0424,"LOW"
16,"N0","T1","Negative/normal; within normal limits",0.9935,0.0065,"LOW"
17,"N0","T1","Negative/normal; within normal limits",0.9935,0.0065,"LOW"
18,"N0","T1","Negative/normal; within normal limits",0.9931,0.0069,"LOW"
19,"N0","T1","Negative/normal; within normal limits",0.9935,0.0065,"LOW"
20,"N0","T1","Negative/normal; within normal limits",0.9935,0.0065,"LOW"
21,"N0","T1","Negative/normal; within normal limits",0.9936,0.0064,"LOW"
22,"N0","T1","Negative/normal; within normal limits",0.9936,0.0064,"LOW"
23,"N0","T1","Negative/normal; within normal limits",0.9936,0.0064,"LOW"
24,"N0","T1","Negative/normal; within normal limits",0.9936,0.0064,"LOW"
25,"N0","T1","Negative/normal; within normal limits",0.9936,0.0064,"LOW"
26,"N0","T1","Negative/normal; within normal limits",0.9932,0.0068,"LOW"
27,"N0","T1","Negative/normal; within normal limits",0.993,0.007,"LOW"
28,"N0","T1","Negative/normal; within normal limits",0.9934,0.0066,"LOW"
29,"N0","T1","Negative/normal; within normal limits",0.9932,0.0068,"LOW"
30,"N0","T1","Negative/normal; within normal limits",0.9935,0.0065,"LOW"
31,"N0","T1","Negative/normal; within normal limits",0.9935,0.0065,"LOW"
32,"N0","T1","Negative/normal; within normal limits",0.9935,0.0065,"LOW"
33,"N0","T1","Negative/normal; within normal limits",0.9931,0.0069,"LOW"
34,"N0","T1","Negative/normal; within normal limits",0.9931,0.0069,"LOW"
35,"N0","T1","Negative/normal; within normal limits",0.993,0.007,"LOW"
36,"N0","T1","Negative/normal; within normal limits",0.993,0.007,"LOW"
37,"N0","T1","Negative/normal; within normal limits",0.993,0.007,"LOW"
38,"N0","T1","Negative/normal; within normal limits",0.9924,0.0076,"LOW"
39,"N0","T1","Negative/normal; within normal limits",0.9863,0.0137,"LOW"
40,"N0","T1","Negative/normal; within normal limits",0.991,0.009,"LOW"
41,"N0","T1","Negative/normal; within normal limits",0.9906,0.0094,"LOW"
42,"N0","T1","Negative/normal; within normal limits",0.9824,0.0176,"LOW"
43,"N0","T1","Negative/normal; within normal limits",0.9855,0.0145,"LOW"
44,"N0","T1","Negative/normal; within normal limits",0.9899,0.0101,"LOW"
45,"N0","T1","Negative/normal; within normal limits",0.9869,0.0131,"LOW"
46,"N0","T1","Negative/normal; within normal limits",0.992,0.008,"LOW"
47,"N0","T1","Negative/normal; within normal limits",0.9916,0.0084,"LOW"
48,"N0","T1","Negative/normal; within normal limits",0.9917,0.0083,"LOW"
49,"N0","T1","Negative/normal; within normal limits",0.9917,0.0083,"LOW"
50,"N0","T1","Negative/normal; within normal limits",0.9915,0.0085,"LOW"
51,"N0","T1","Negative/normal; within normal limits",0.9903,0.0097,"LOW"
52,"N0","T1","Negative/normal; within normal limits",0.9917,0.0083,"LOW"
53,"N0","T1","Negative/normal; within normal limits",0.9917,0.0083,"LOW"
54,"N0","T1","Negative/normal; within normal limits",0.9916,0.0084,"LOW"
55,"N0","T1","Negative/normal; within normal limits",0.9798,0.0202,"LOW"
56,"N0","T1","Negative/normal; within normal limits",0.9899,0.0101,"LOW"
57,"N0","T1","Negative/normal; within normal limits",0.99,0.01,"LOW"
58,"N0","T1","Negative/normal; within normal limits",0.9889,0.0111,"LOW"
59,"N0","T1","Negative/normal; within normal limits",0.9881,0.0119,"LOW"
60,"N0","T1","Negative/normal; within normal limits",0.99,0.01,"LOW"
61,"N0","T1","Negative/normal; within normal limits",0.9898,0.0102,"LOW"
62,"N0","T1","Negative/normal; within normal limits",0.9902,0.0098,"LOW"
63,"N0","T1","Negative/normal; within normal limits",0.9901,0.0099,"LOW"
64,"N0","T1","Negative/normal; within normal limits",0.9896,0.0104,"LOW"
65,"N0","T1","Negative/normal; within normal limits",0.9853,0.0147,"LOW"
66,"N0","T1","Negative/normal; within normal limits",0.9836,0.0164,"LOW"
67,"N0","T1","Negative/normal; within normal limits",0.981,0.019,"LOW"
68,"N0","T1","Negative/normal; within normal limits",0.979,0.021,"LOW"
69,"N0","T1","Negative/normal; within normal limits",0.9797,0.0203,"LOW"
70,"N0","T1","Negative/normal; within normal limits",0.9847,0.0153,"LOW"
71,"N0","T1","Negative/normal; within normal limits",0.9852,0.0148,"LOW"
72,"N0","T1","Negative/normal; within normal limits",0.9856,0.0144,"LOW"
73,"N0","T1","Negative/normal; within normal limits",0.9857,0.0143,"LOW"
74,"N0","T1","Negative/normal; within normal limits",0.9854,0.0146,"LOW"
75,"N0","T1","Negative/normal; within normal limits",0.9853,0.0147,"LOW"
76,"N0","T1","Negative/normal; within normal limits",0.9848,0.0152,"LOW"
77,"N0","T1","Negative/normal; within normal limits",0.9765,0.0235,"LOW"
78,"N0","T1","Negative/normal; within normal limits",0.9726,0.0274,"LOW"
79,"N0","T1","Negative/normal; within normal limits",0.9796,0.0204,"LOW"
80,"N0","T1","Negative/normal; within normal limits",0.9714,0.0286,"LOW"
81,"N0","T1","Negative/normal; within normal limits",0.981,0.019,"LOW"
82,"N0","T1","Negative/normal; within normal limits",0.9809,0.0191,"LOW"
83,"N0","T1","Negative/normal; within normal limits",0.98,0.02,"LOW"
84,"N0","T1","Negative/normal; within normal limits",0.9774,0.0226,"LOW"
85,"N0","T1","Negative/normal; within normal limits",0.8792,0.1208,"LOW"
86,"N0","T1","Negative/normal; within normal limits",0.9431,0.0569,"LOW"
87,"N0","T1","Negative/normal; within normal limits",0.9429,0.0571,"LOW"
88,"N0","T1","Negative/normal; within normal limits",0.9577,0.0423,"LOW"
89,"N0","T1","Negative/normal; within normal limits",0.953,0.047,"LOW"
90,"N0","T1","Negative/normal; within normal limits",0.9071,0.0929,"LOW"
91,"N0","T1","Negative/normal; within normal limits",0.9071,0.0929,"LOW"
92,"N0","T1","Negative/normal; within normal limits",0.9071,0.0929,"LOW"
93,"N0","T1","Negative/normal; within normal limits",0.9071,0.0929,"LOW"
94,"N0","T1","Negative/normal; within normal limits",0.9071,0.0929,"LOW"
95,"N0","T1","Negative/normal; within normal limits",0.9071,0.0929,"LOW"
96,"N0","T1","Negative/normal; within normal limits",0.9071,0.0929,"LOW"
97,"N0","T1","Negative/normal; within normal limits",0.9071,0.0929,"LOW"
98,"N0","T1","Negative/normal; within normal limits",0.9071,0.0929,"LOW"
99,"N0","T1","Negative/normal; within normal limits",0.9071,0.0929,"LOW"
0,"N1","T1","Negative/normal; within normal limits",0.901,0.099,"LOW"
1,"N1","T1","Negative/normal; within normal limits",0.901,0.099,"LOW"
2,"N1","T1","Negative/normal; within normal limits",0.901,0.099,"LOW"
3,"N1","T1","Negative/normal; within normal limits",0.901,0.099,"LOW"
4,"N1","T1","Negative/normal; within normal limits",0.901,0.099,"LOW"
5,"N1","T1","Negative/normal; within normal limits",0.901,0.099,"LOW"
6,"N1","T1","Negative/normal; within normal limits",0.901,0.099,"LOW"
7,"N1","T1","Negative/normal; within normal limits",0.901,0.099,"LOW"
8,"N1","T1","Negative/normal; within normal limits",0.901,0.099,"LOW"
9,"N1","T1","Negative/normal; within normal limits",0.901,0.099,"LOW"
10,"N1","T1","Negative/normal; within normal limits",0.901,0.099,"LOW"
11,"N1","T1","Negative/normal; within normal limits",0.901,0.099,"LOW"
12,"N1","T1","Negative/normal; within normal limits",0.901,0.099,"LOW"
13,"N1","T1","Negative/normal; within normal limits",0.901,0.099,"LOW"
14,"N1","T1","Negative/normal; within normal limits",0.8838,0.1162,"LOW"
15,"N1","T1","Negative/normal; within normal limits",0.8465,0.1535,"LOW"
16,"N1","T1","Negative/normal; within normal limits",0.8919,0.1081,"LOW"
17,"N1","T1","Negative/normal; within normal limits",0.8914,0.1086,"LOW"
18,"N1","T1","Negative/normal; within normal limits",0.8818,0.1182,"LOW"
19,"N1","T1","Negative/normal; within normal limits",0.8805,0.1195,"LOW"
20,"N1","T1","Negative/normal; within normal limits",0.8926,0.1074,"LOW"
21,"N1","T1","Negative/normal; within normal limits",0.8936,0.1064,"LOW"
22,"N1","T1","Negative/normal; within normal limits",0.8874,0.1126,"LOW"
23,"N1","T1","Negative/normal; within normal limits",0.8834,0.1166,"LOW"
24,"N1","T1","Negative/normal; within normal limits",0.8753,0.1247,"LOW"
25,"N1","T1","Negative/normal; within normal limits",0.8543,0.1457,"LOW"
26,"N1","T1","Negative/normal; within normal limits",0.8192,0.1808,"LOW"
27,"N1","T1","Negative/normal; within normal limits",0.8059,0.1941,"LOW"
28,"N1","T1","Negative/normal; within normal limits",0.8023,0.1977,"LOW"
29,"N1","T1","Negative/normal; within normal limits",0.7831,0.2169,"LOW"
30,"N1","T1","Negative/normal; within normal limits",0.8381,0.1619,"LOW"
31,"N1","T1","Negative/normal; within normal limits",0.8402,0.1598,"LOW"
32,"N1","T1","Negative/normal; within normal limits",0.8369,0.1631,"LOW"
33,"N1","T1","Negative/normal; within normal limits",0.7875,0.2125,"LOW"
34,"N1","T1","Negative/normal; within normal limits",0.6863,0.3137,"LOW"
35,"N1","T1","Negative/normal; within normal limits",0.6659,0.3341,"LOW"
36,"N1","T1","Negative/normal; within normal limits",0.7672,0.2328,"LOW"
37,"N1","T1","Negative/normal; within normal limits",0.8004,0.1996,"LOW"
38,"N1","T1","Negative/normal; within normal limits",0.812,0.188,"LOW"
39,"N1","T1","Negative/normal; within normal limits",0.8246,0.1754,"LOW"
40,"N1","T1","Negative/normal; within normal limits",0.8154,0.1846,"LOW"
41,"N1","T1","Negative/normal; within normal limits",0.8008,0.1992,"LOW"
42,"N1","T1","Negative/normal; within normal limits",0.7636,0.2364,"LOW"
43,"N1","T1","Negative/normal; within normal limits",0.7982,0.2018,"LOW"
44,"N1","T1","Negative/normal; within normal limits",0.7768,0.2232,"LOW"
45,"N1","T1","Negative/normal; within normal limits",0.8158,0.1842,"LOW"
46,"N1","T1","Negative/normal; within normal limits",0.8337,0.1663,"LOW"
47,"N1","T1","Negative/normal; within normal limits",0.8414,0.1586,"LOW"
48,"N1","T1","Negative/normal; within normal limits",0.8415,0.1585,"LOW"
49,"N1","T1","Negative/normal; within normal limits",0.8409,0.1591,"LOW"
50,"N1","T1","Negative/normal; within normal limits",0.8258,0.1742,"LOW"
51,"N1","T1","Negative/normal; within normal limits",0.7715,0.2285,"LOW"
52,"N1","T1","Negative/normal; within normal limits",0.6743,0.3257,"LOW"
53,"N1","T1","Negative/normal; within normal limits",0.7239,0.2761,"LOW"
54,"N1","T1","Negative/normal; within normal limits",0.807,0.193,"LOW"
55,"N1","T1","Negative/normal; within normal limits",0.8396,0.1604,"LOW"
56,"N1","T1","Negative/normal; within normal limits",0.8429,0.1571,"LOW"
57,"N1","T1","Negative/normal; within normal limits",0.8406,0.1594,"LOW"
58,"N1","T1","Negative/normal; within normal limits",0.8355,0.1645,"LOW"
59,"N1","T1","Negative/normal; within normal limits",0.677,0.323,"LOW"
60,"N1","T1","Negative/normal; within normal limits",0.5162,0.4838,"LOW"
61,"N1","T1","Negative/normal; within normal limits",0.7612,0.2388,"LOW"
62,"N1","T1","Negative/normal; within normal limits",0.7764,0.2236,"LOW"
63,"N1","T1","Negative/normal; within normal limits",0.759,0.241,"LOW"
64,"N1","T1","Negative/normal; within normal limits",0.7982,0.2018,"LOW"
65,"N1","T1","Negative/normal; within normal limits",0.7037,0.2963,"LOW"
66,"N1","T1","Negative/normal; within normal limits",0.8067,0.1933,"LOW"
67,"N1","T1","Negative/normal; within normal limits",0.862,0.138,"LOW"
68,"N1","T1","Negative/normal; within normal limits",0.8626,0.1374,"LOW"
69,"N1","T1","Negative/normal; within normal limits",0.8435,0.1565,"LOW"
70,"N1","T1","Negative/normal; within normal limits",0.8609,0.1391,"LOW"
71,"N1","T1","Negative/normal; within normal limits",0.8489,0.1511,"LOW"
72,"N1","T1","Negative/normal; within normal limits",0.8346,0.1654,"LOW"
73,"N1","T1","Negative/normal; within normal limits",0.8289,0.1711,"LOW"
74,"N1","T1","Negative/normal; within normal limits",0.8265,0.1735,"LOW"
75,"N1","T1","Negative/normal; within normal limits",0.8457,0.1543,"LOW"
76,"N1","T1","Negative/normal; within normal limits",0.8456,0.1544,"LOW"
77,"N1","T1","Negative/normal; within normal limits",0.8733,0.1267,"LOW"
78,"N1","T1","Negative/normal; within normal limits",0.8681,0.1319,"LOW"
79,"N1","T1","Negative/normal; within normal limits",0.8819,0.1181,"LOW"
80,"N1","T1","Negative/normal; within normal limits",0.8613,0.1387,"LOW"
81,"N1","T1","Negative/normal; within normal limits",0.8332,0.1668,"LOW"
82,"N1","T1","Negative/normal; within normal limits",0.8542,0.1458,"LOW"
83,"N1","T1","Negative/normal; within normal limits",0.8749,0.1251,"LOW"
84,"N1","T1","Negative/normal; within normal limits",0.883,0.117,"LOW"
85,"N1","T1","Negative/normal; within normal limits",0.8763,0.1237,"LOW"
86,"N1","T1","Negative/normal; within normal limits",0.878,0.122,"LOW"
87,"N1","T1","Negative/normal; within normal limits",0.8697,0.1303,"LOW"
88,"N1","T1","Negative/normal; within normal limits",0.8019,0.1981,"LOW"
89,"N1","T1","Negative/normal; within normal limits",0.7362,0.2638,"LOW"
90,"N1","T1","Negative/normal; within normal limits",0.6127,0.3873,"LOW"
91,"N1","T1","Negative/normal; within normal limits",0.6127,0.3873,"LOW"
92,"N1","T1","Negative/normal; within normal limits",0.6127,0.3873,"LOW"
93,"N1","T1","Negative/normal; within normal limits",0.6127,0.3873,"LOW"
94,"N1","T1","Negative/normal; within normal limits",0.6127,0.3873,"LOW"
95,"N1","T1","Negative/normal; within normal limits",0.6127,0.3873,"LOW"
96,"N1","T1","Negative/normal; within normal limits",0.6127,0.3873,"LOW"
97,"N1","T1","Negative/normal; within normal limits",0.6127,0.3873,"LOW"
98,"N1","T1","Negative/normal; within normal limits",0.6127,0.3873,"LOW"
99,"N1","T1","Negative/normal; within normal limits",0.6127,0.3873,"LOW"
0,"Other/Unknown","T1","Negative/normal; within normal limits",0.9886,0.0114,"LOW"
1,"Other/Unknown","T1","Negative/normal; within normal limits",0.9886,0.0114,"LOW"
2,"Other/Unknown","T1","Negative/normal; within normal limits",0.9886,0.0114,"LOW"
3,"Other/Unknown","T1","Negative/normal; within normal limits",0.9886,0.0114,"LOW"
4,"Other/Unknown","T1","Negative/normal; within normal limits",0.9905,0.0095,"LOW"
5,"Other/Unknown","T1","Negative/normal; within normal limits",0.9905,0.0095,"LOW"
6,"Other/Unknown","T1","Negative/normal; within normal limits",0.9905,0.0095,"LOW"
7,"Other/Unknown","T1","Negative/normal; within normal limits",0.9905,0.0095,"LOW"
8,"Other/Unknown","T1","Negative/normal; within normal limits",0.9905,0.0095,"LOW"
9,"Other/Unknown","T1","Negative/normal; within normal limits",0.9905,0.0095,"LOW"
10,"Other/Unknown","T1","Negative/normal; within normal limits",0.9905,0.0095,"LOW"
11,"Other/Unknown","T1","Negative/normal; within normal limits",0.9905,0.0095,"LOW"
12,"Other/Unknown","T1","Negative/normal; within normal limits",0.9898,0.0102,"LOW"
13,"Other/Unknown","T1","Negative/normal; within normal limits",0.9897,0.0103,"LOW"
14,"Other/Unknown","T1","Negative/normal; within normal limits",0.9905,0.0095,"LOW"
15,"Other/Unknown","T1","Negative/normal; within normal limits",0.9821,0.0179,"LOW"
16,"Other/Unknown","T1","Negative/normal; within normal limits",0.9902,0.0098,"LOW"
17,"Other/Unknown","T1","Negative/normal; within normal limits",0.9868,0.0132,"LOW"
18,"Other/Unknown","T1","Negative/normal; within normal limits",0.9909,0.0091,"LOW"
19,"Other/Unknown","T1","Negative/normal; within normal limits",0.9913,0.0087,"LOW"
20,"Other/Unknown","T1","Negative/normal; within normal limits",0.9913,0.0087,"LOW"
21,"Other/Unknown","T1","Negative/normal; within normal limits",0.9898,0.0102,"LOW"
22,"Other/Unknown","T1","Negative/normal; within normal limits",0.9813,0.0187,"LOW"
23,"Other/Unknown","T1","Negative/normal; within normal limits",0.9908,0.0092,"LOW"
24,"Other/Unknown","T1","Negative/normal; within normal limits",0.9904,0.0096,"LOW"
25,"Other/Unknown","T1","Negative/normal; within normal limits",0.9913,0.0087,"LOW"
26,"Other/Unknown","T1","Negative/normal; within normal limits",0.9911,0.0089,"LOW"
27,"Other/Unknown","T1","Negative/normal; within normal limits",0.955,0.045,"LOW"
28,"Other/Unknown","T1","Negative/normal; within normal limits",0.9894,0.0106,"LOW"
29,"Other/Unknown","T1","Negative/normal; within normal limits",0.9909,0.0091,"LOW"
30,"Other/Unknown","T1","Negative/normal; within normal limits",0.9897,0.0103,"LOW"
31,"Other/Unknown","T1","Negative/normal; within normal limits",0.9907,0.0093,"LOW"
32,"Other/Unknown","T1","Negative/normal; within normal limits",0.9895,0.0105,"LOW"
33,"Other/Unknown","T1","Negative/normal; within normal limits",0.9906,0.0094,"LOW"
34,"Other/Unknown","T1","Negative/normal; within normal limits",0.9906,0.0094,"LOW"
35,"Other/Unknown","T1","Negative/normal; within normal limits",0.9907,0.0093,"LOW"
36,"Other/Unknown","T1","Negative/normal; within normal limits",0.9903,0.0097,"LOW"
37,"Other/Unknown","T1","Negative/normal; within normal limits",0.9891,0.0109,"LOW"
38,"Other/Unknown","T1","Negative/normal; within normal limits",0.9821,0.0179,"LOW"
39,"Other/Unknown","T1","Negative/normal; within normal limits",0.9823,0.0177,"LOW"
40,"Other/Unknown","T1","Negative/normal; within normal limits",0.9813,0.0187,"LOW"
41,"Other/Unknown","T1","Negative/normal; within normal limits",0.987,0.013,"LOW"
42,"Other/Unknown","T1","Negative/normal; within normal limits",0.9863,0.0137,"LOW"
43,"Other/Unknown","T1","Negative/normal; within normal limits",0.9867,0.0133,"LOW"
44,"Other/Unknown","T1","Negative/normal; within normal limits",0.9857,0.0143,"LOW"
45,"Other/Unknown","T1","Negative/normal; within normal limits",0.9835,0.0165,"LOW"
46,"Other/Unknown","T1","Negative/normal; within normal limits",0.9851,0.0149,"LOW"
47,"Other/Unknown","T1","Negative/normal; within normal limits",0.989,0.011,"LOW"
48,"Other/Unknown","T1","Negative/normal; within normal limits",0.9893,0.0107,"LOW"
49,"Other/Unknown","T1","Negative/normal; within normal limits",0.9893,0.0107,"LOW"
50,"Other/Unknown","T1","Negative/normal; within normal limits",0.9894,0.0106,"LOW"
51,"Other/Unknown","T1","Negative/normal; within normal limits",0.9847,0.0153,"LOW"
52,"Other/Unknown","T1","Negative/normal; within normal limits",0.9893,0.0107,"LOW"
53,"Other/Unknown","T1","Negative/normal; within normal limits",0.9873,0.0127,"LOW"
54,"Other/Unknown","T1","Negative/normal; within normal limits",0.988,0.012,"LOW"
55,"Other/Unknown","T1","Negative/normal; within normal limits",0.974,0.026,"LOW"
56,"Other/Unknown","T1","Negative/normal; within normal limits",0.9874,0.0126,"LOW"
57,"Other/Unknown","T1","Negative/normal; within normal limits",0.9858,0.0142,"LOW"
58,"Other/Unknown","T1","Negative/normal; within normal limits",0.9837,0.0163,"LOW"
59,"Other/Unknown","T1","Negative/normal; within normal limits",0.978,0.022,"LOW"
60,"Other/Unknown","T1","Negative/normal; within normal limits",0.9749,0.0251,"LOW"
61,"Other/Unknown","T1","Negative/normal; within normal limits",0.9852,0.0148,"LOW"
62,"Other/Unknown","T1","Negative/normal; within normal limits",0.972,0.028,"LOW"
63,"Other/Unknown","T1","Negative/normal; within normal limits",0.9807,0.0193,"LOW"
64,"Other/Unknown","T1","Negative/normal; within normal limits",0.9855,0.0145,"LOW"
65,"Other/Unknown","T1","Negative/normal; within normal limits",0.9849,0.0151,"LOW"
66,"Other/Unknown","T1","Negative/normal; within normal limits",0.9832,0.0168,"LOW"
67,"Other/Unknown","T1","Negative/normal; within normal limits",0.9791,0.0209,"LOW"
68,"Other/Unknown","T1","Negative/normal; within normal limits",0.9821,0.0179,"LOW"
69,"Other/Unknown","T1","Negative/normal; within normal limits",0.9808,0.0192,"LOW"
70,"Other/Unknown","T1","Negative/normal; within normal limits",0.9758,0.0242,"LOW"
71,"Other/Unknown","T1","Negative/normal; within normal limits",0.966,0.034,"LOW"
72,"Other/Unknown","T1","Negative/normal; within normal limits",0.9614,0.0386,"LOW"
73,"Other/Unknown","T1","Negative/normal; within normal limits",0.9648,0.0352,"LOW"
74,"Other/Unknown","T1","Negative/normal; within normal limits",0.9515,0.0485,"LOW"
75,"Other/Unknown","T1","Negative/normal; within normal limits",0.9632,0.0368,"LOW"
76,"Other/Unknown","T1","Negative/normal; within normal limits",0.9462,0.0538,"LOW"
77,"Other/Unknown","T1","Negative/normal; within normal limits",0.8948,0.1052,"LOW"
78,"Other/Unknown","T1","Negative/normal; within normal limits",0.8351,0.1649,"LOW"
79,"Other/Unknown","T1","Negative/normal; within normal limits",0.843,0.157,"LOW"
80,"Other/Unknown","T1","Negative/normal; within normal limits",0.9315,0.0685,"LOW"
81,"Other/Unknown","T1","Negative/normal; within normal limits",0.9238,0.0762,"LOW"
82,"Other/Unknown","T1","Negative/normal; within normal limits",0.9051,0.0949,"LOW"
83,"Other/Unknown","T1","Negative/normal; within normal limits",0.8971,0.1029,"LOW"
84,"Other/Unknown","T1","Negative/normal; within normal limits",0.9088,0.0912,"LOW"
85,"Other/Unknown","T1","Negative/normal; within normal limits",0.8832,0.1168,"LOW"
86,"Other/Unknown","T1","Negative/normal; within normal limits",0.8513,0.1487,"LOW"
87,"Other/Unknown","T1","Negative/normal; within normal limits",0.9018,0.0982,"LOW"
88,"Other/Unknown","T1","Negative/normal; within normal limits",0.8956,0.1044,"LOW"
89,"Other/Unknown","T1","Negative/normal; within normal limits",0.9023,0.0977,"LOW"
90,"Other/Unknown","T1","Negative/normal; within normal limits",0.8923,0.1077,"LOW"
91,"Other/Unknown","T1","Negative/normal; within normal limits",0.8923,0.1077,"LOW"
92,"Other/Unknown","T1","Negative/normal; within normal limits",0.8923,0.1077,"LOW"
93,"Other/Unknown","T1","Negative/normal; within normal limits",0.8923,0.1077,"LOW"
94,"Other/Unknown","T1","Negative/normal; within normal limits",0.8923,0.1077,"LOW"
95,"Other/Unknown","T1","Negative/normal; within normal limits",0.8923,0.1077,"LOW"
96,"Other/Unknown","T1","Negative/normal; within normal limits",0.8923,0.1077,"LOW"
97,"Other/Unknown","T1","Negative/normal; within normal limits",0.8923,0.1077,"LOW"
98,"Other/Unknown","T1","Negative/normal; within normal limits",0.8923,0.1077,"LOW"
99,"Other/Unknown","T1","Negative/normal; within normal limits",0.8923,0.1077,"LOW"
0,"N0","T2","Negative/normal; within normal limits",0.4151,0.5849,"HIGH"
1,"N0","T2","Negative/normal; within normal limits",0.4151,0.5849,"HIGH"
2,"N0","T2","Negative/normal; within normal limits",0.5649,0.4351,"LOW"
3,"N0","T2","Negative/normal; within normal limits",0.5748,0.4252,"LOW"
4,"N0","T2","Negative/normal; within normal limits",0.6097,0.3903,"LOW"
5,"N0","T2","Negative/normal; within normal limits",0.7095,0.2905,"LOW"
6,"N0","T2","Negative/normal; within normal limits",0.8141,0.1859,"LOW"
7,"N0","T2","Negative/normal; within normal limits",0.8386,0.1614,"LOW"
8,"N0","T2","Negative/normal; within normal limits",0.8463,0.1537,"LOW"
9,"N0","T2","Negative/normal; within normal limits",0.854,0.146,"LOW"
10,"N0","T2","Negative/normal; within normal limits",0.9261,0.0739,"LOW"
11,"N0","T2","Negative/normal; within normal limits",0.9261,0.0739,"LOW"
12,"N0","T2","Negative/normal; within normal limits",0.9382,0.0618,"LOW"
13,"N0","T2","Negative/normal; within normal limits",0.9582,0.0418,"LOW"
14,"N0","T2","Negative/normal; within normal limits",0.9602,0.0398,"LOW"
15,"N0","T2","Negative/normal; within normal limits",0.9594,0.0406,"LOW"
16,"N0","T2","Negative/normal; within normal limits",0.9601,0.0399,"LOW"
17,"N0","T2","Negative/normal; within normal limits",0.9569,0.0431,"LOW"
18,"N0","T2","Negative/normal; within normal limits",0.9588,0.0412,"LOW"
19,"N0","T2","Negative/normal; within normal limits",0.9602,0.0398,"LOW"
20,"N0","T2","Negative/normal; within normal limits",0.9602,0.0398,"LOW"
21,"N0","T2","Negative/normal; within normal limits",0.9568,0.0432,"LOW"
22,"N0","T2","Negative/normal; within normal limits",0.9241,0.0759,"LOW"
23,"N0","T2","Negative/normal; within normal limits",0.9465,0.0535,"LOW"
24,"N0","T2","Negative/normal; within normal limits",0.9587,0.0413,"LOW"
25,"N0","T2","Negative/normal; within normal limits",0.9608,0.0392,"LOW"
26,"N0","T2","Negative/normal; within normal limits",0.96,0.04,"LOW"
27,"N0","T2","Negative/normal; within normal limits",0.9612,0.0388,"LOW"
28,"N0","T2","Negative/normal; within normal limits",0.9612,0.0388,"LOW"
29,"N0","T2","Negative/normal; within normal limits",0.9609,0.0391,"LOW"
30,"N0","T2","Negative/normal; within normal limits",0.9609,0.0391,"LOW"
31,"N0","T2","Negative/normal; within normal limits",0.9595,0.0405,"LOW"
32,"N0","T2","Negative/normal; within normal limits",0.9594,0.0406,"LOW"
33,"N0","T2","Negative/normal; within normal limits",0.9548,0.0452,"LOW"
34,"N0","T2","Negative/normal; within normal limits",0.9505,0.0495,"LOW"
35,"N0","T2","Negative/normal; within normal limits",0.9466,0.0534,"LOW"
36,"N0","T2","Negative/normal; within normal limits",0.9436,0.0564,"LOW"
37,"N0","T2","Negative/normal; within normal limits",0.9257,0.0743,"LOW"
38,"N0","T2","Negative/normal; within normal limits",0.8843,0.1157,"LOW"
39,"N0","T2","Negative/normal; within normal limits",0.9161,0.0839,"LOW"
40,"N0","T2","Negative/normal; within normal limits",0.8569,0.1431,"LOW"
41,"N0","T2","Negative/normal; within normal limits",0.9501,0.0499,"LOW"
42,"N0","T2","Negative/normal; within normal limits",0.9504,0.0496,"LOW"
43,"N0","T2","Negative/normal; within normal limits",0.95,0.05,"LOW"
44,"N0","T2","Negative/normal; within normal limits",0.949,0.051,"LOW"
45,"N0","T2","Negative/normal; within normal limits",0.9477,0.0523,"LOW"
46,"N0","T2","Negative/normal; within normal limits",0.9252,0.0748,"LOW"
47,"N0","T2","Negative/normal; within normal limits",0.9373,0.0627,"LOW"
48,"N0","T2","Negative/normal; within normal limits",0.9395,0.0605,"LOW"
49,"N0","T2","Negative/normal; within normal limits",0.9091,0.0909,"LOW"
50,"N0","T2","Negative/normal; within normal limits",0.9494,0.0506,"LOW"
51,"N0","T2","Negative/normal; within normal limits",0.949,0.051,"LOW"
52,"N0","T2","Negative/normal; within normal limits",0.9504,0.0496,"LOW"
53,"N0","T2","Negative/normal; within normal limits",0.9435,0.0565,"LOW"
54,"N0","T2","Negative/normal; within normal limits",0.9464,0.0536,"LOW"
55,"N0","T2","Negative/normal; within normal limits",0.9096,0.0904,"LOW"
56,"N0","T2","Negative/normal; within normal limits",0.8896,0.1104,"LOW"
57,"N0","T2","Negative/normal; within normal limits",0.9086,0.0914,"LOW"
58,"N0","T2","Negative/normal; within normal limits",0.9433,0.0567,"LOW"
59,"N0","T2","Negative/normal; within normal limits",0.9522,0.0478,"LOW"
60,"N0","T2","Negative/normal; within normal limits",0.9347,0.0653,"LOW"
61,"N0","T2","Negative/normal; within normal limits",0.9246,0.0754,"LOW"
62,"N0","T2","Negative/normal; within normal limits",0.9369,0.0631,"LOW"
63,"N0","T2","Negative/normal; within normal limits",0.9359,0.0641,"LOW"
64,"N0","T2","Negative/normal; within normal limits",0.9639,0.0361,"LOW"
65,"N0","T2","Negative/normal; within normal limits",0.9652,0.0348,"LOW"
66,"N0","T2","Negative/normal; within normal limits",0.964,0.036,"LOW"
67,"N0","T2","Negative/normal; within normal limits",0.9508,0.0492,"LOW"
68,"N0","T2","Negative/normal; within normal limits",0.9607,0.0393,"LOW"
69,"N0","T2","Negative/normal; within normal limits",0.9573,0.0427,"LOW"
70,"N0","T2","Negative/normal; within normal limits",0.9238,0.0762,"LOW"
71,"N0","T2","Negative/normal; within normal limits",0.9449,0.0551,"LOW"
72,"N0","T2","Negative/normal; within normal limits",0.925,0.075,"LOW"
73,"N0","T2","Negative/normal; within normal limits",0.9284,0.0716,"LOW"
74,"N0","T2","Negative/normal; within normal limits",0.9435,0.0565,"LOW"
75,"N0","T2","Negative/normal; within normal limits",0.9305,0.0695,"LOW"
76,"N0","T2","Negative/normal; within normal limits",0.9083,0.0917,"LOW"
77,"N0","T2","Negative/normal; within normal limits",0.9308,0.0692,"LOW"
78,"N0","T2","Negative/normal; within normal limits",0.9152,0.0848,"LOW"
79,"N0","T2","Negative/normal; within normal limits",0.9441,0.0559,"LOW"
80,"N0","T2","Negative/normal; within normal limits",0.9409,0.0591,"LOW"
81,"N0","T2","Negative/normal; within normal limits",0.9483,0.0517,"LOW"
82,"N0","T2","Negative/normal; within normal limits",0.9511,0.0489,"LOW"
83,"N0","T2","Negative/normal; within normal limits",0.9533,0.0467,"LOW"
84,"N0","T2","Negative/normal; within normal limits",0.9467,0.0533,"LOW"
85,"N0","T2","Negative/normal; within normal limits",0.9452,0.0548,"LOW"
86,"N0","T2","Negative/normal; within normal limits",0.9161,0.0839,"LOW"
87,"N0","T2","Negative/normal; within normal limits",0.9335,0.0665,"LOW"
88,"N0","T2","Negative/normal; within normal limits",0.8838,0.1162,"LOW"
89,"N0","T2","Negative/normal; within normal limits",0.8745,0.1255,"LOW"
90,"N0","T2","Negative/normal; within normal limits",0.8036,0.1964,"LOW"
91,"N0","T2","Negative/normal; within normal limits",0.8036,0.1964,"LOW"
92,"N0","T2","Negative/normal; within normal limits",0.8036,0.1964,"LOW"
93,"N0","T2","Negative/normal; within normal limits",0.8036,0.1964,"LOW"
94,"N0","T2","Negative/normal; within normal limits",0.8036,0.1964,"LOW"
95,"N0","T2","Negative/normal; within normal limits",0.8036,0.1964,"LOW"
96,"N0","T2","Negative/normal; within normal limits",0.8036,0.1964,"LOW"
97,"N0","T2","Negative/normal; within normal limits",0.8036,0.1964,"LOW"
98,"N0","T2","Negative/normal; within normal limits",0.8036,0.1964,"LOW"
99,"N0","T2","Negative/normal; within normal limits",0.8036,0.1964,"LOW"
0,"N1","T2","Negative/normal; within normal limits",0.6848,0.3152,"LOW"
1,"N1","T2","Negative/normal; within normal limits",0.6848,0.3152,"LOW"
2,"N1","T2","Negative/normal; within normal limits",0.6883,0.3117,"LOW"
3,"N1","T2","Negative/normal; within normal limits",0.6903,0.3097,"LOW"
4,"N1","T2","Negative/normal; within normal limits",0.6903,0.3097,"LOW"
5,"N1","T2","Negative/normal; within normal limits",0.6903,0.3097,"LOW"
6,"N1","T2","Negative/normal; within normal limits",0.6843,0.3157,"LOW"
7,"N1","T2","Negative/normal; within normal limits",0.6843,0.3157,"LOW"
8,"N1","T2","Negative/normal; within normal limits",0.6843,0.3157,"LOW"
9,"N1","T2","Negative/normal; within normal limits",0.6843,0.3157,"LOW"
10,"N1","T2","Negative/normal; within normal limits",0.6926,0.3074,"LOW"
11,"N1","T2","Negative/normal; within normal limits",0.6946,0.3054,"LOW"
12,"N1","T2","Negative/normal; within normal limits",0.7002,0.2998,"LOW"
13,"N1","T2","Negative/normal; within normal limits",0.7002,0.2998,"LOW"
14,"N1","T2","Negative/normal; within normal limits",0.6982,0.3018,"LOW"
15,"N1","T2","Negative/normal; within normal limits",0.6867,0.3133,"LOW"
16,"N1","T2","Negative/normal; within normal limits",0.6884,0.3116,"LOW"
17,"N1","T2","Negative/normal; within normal limits",0.6739,0.3261,"LOW"
18,"N1","T2","Negative/normal; within normal limits",0.5818,0.4182,"LOW"
19,"N1","T2","Negative/normal; within normal limits",0.5648,0.4352,"LOW"
20,"N1","T2","Negative/normal; within normal limits",0.6518,0.3482,"LOW"
21,"N1","T2","Negative/normal; within normal limits",0.6518,0.3482,"LOW"
22,"N1","T2","Negative/normal; within normal limits",0.5419,0.4581,"LOW"
23,"N1","T2","Negative/normal; within normal limits",0.534,0.466,"LOW"
24,"N1","T2","Negative/normal; within normal limits",0.6934,0.3066,"LOW"
25,"N1","T2","Negative/normal; within normal limits",0.6985,0.3015,"LOW"
26,"N1","T2","Negative/normal; within normal limits",0.7058,0.2942,"LOW"
27,"N1","T2","Negative/normal; within normal limits",0.7168,0.2832,"LOW"
28,"N1","T2","Negative/normal; within normal limits",0.7133,0.2867,"LOW"
29,"N1","T2","Negative/normal; within normal limits",0.7427,0.2573,"LOW"
30,"N1","T2","Negative/normal; within normal limits",0.7403,0.2597,"LOW"
31,"N1","T2","Negative/normal; within normal limits",0.7431,0.2569,"LOW"
32,"N1","T2","Negative/normal; within normal limits",0.7406,0.2594,"LOW"
33,"N1","T2","Negative/normal; within normal limits",0.747,0.253,"LOW"
34,"N1","T2","Negative/normal; within normal limits",0.6932,0.3068,"LOW"
35,"N1","T2","Negative/normal; within normal limits",0.6771,0.3229,"LOW"
36,"N1","T2","Negative/normal; within normal limits",0.4922,0.5078,"HIGH"
37,"N1","T2","Negative/normal; within normal limits",0.4324,0.5676,"HIGH"
38,"N1","T2","Negative/normal; within normal limits",0.5392,0.4608,"LOW"
39,"N1","T2","Negative/normal; within normal limits",0.4957,0.5043,"HIGH"
40,"N1","T2","Negative/normal; within normal limits",0.5937,0.4063,"LOW"
41,"N1","T2","Negative/normal; within normal limits",0.7845,0.2155,"LOW"
42,"N1","T2","Negative/normal; within normal limits",0.8109,0.1891,"LOW"
43,"N1","T2","Negative/normal; within normal limits",0.7933,0.2067,"LOW"
44,"N1","T2","Negative/normal; within normal limits",0.8148,0.1852,"LOW"
45,"N1","T2","Negative/normal; within normal limits",0.8185,0.1815,"LOW"
46,"N1","T2","Negative/normal; within normal limits",0.8309,0.1691,"LOW"
47,"N1","T2","Negative/normal; within normal limits",0.775,0.225,"LOW"
48,"N1","T2","Negative/normal; within normal limits",0.6727,0.3273,"LOW"
49,"N1","T2","Negative/normal; within normal limits",0.6534,0.3466,"LOW"
50,"N1","T2","Negative/normal; within normal limits",0.7637,0.2363,"LOW"
51,"N1","T2","Negative/normal; within normal limits",0.7655,0.2345,"LOW"
52,"N1","T2","Negative/normal; within normal limits",0.7371,0.2629,"LOW"
53,"N1","T2","Negative/normal; within normal limits",0.7914,0.2086,"LOW"
54,"N1","T2","Negative/normal; within normal limits",0.8122,0.1878,"LOW"
55,"N1","T2","Negative/normal; within normal limits",0.8276,0.1724,"LOW"
56,"N1","T2","Negative/normal; within normal limits",0.8219,0.1781,"LOW"
57,"N1","T2","Negative/normal; within normal limits",0.735,0.265,"LOW"
58,"N1","T2","Negative/normal; within normal limits",0.727,0.273,"LOW"
59,"N1","T2","Negative/normal; within normal limits",0.7263,0.2737,"LOW"
60,"N1","T2","Negative/normal; within normal limits",0.703,0.297,"LOW"
61,"N1","T2","Negative/normal; within normal limits",0.7437,0.2563,"LOW"
62,"N1","T2","Negative/normal; within normal limits",0.6255,0.3745,"LOW"
63,"N1","T2","Negative/normal; within normal limits",0.6286,0.3714,"LOW"
64,"N1","T2","Negative/normal; within normal limits",0.7397,0.2603,"LOW"
65,"N1","T2","Negative/normal; within normal limits",0.7402,0.2598,"LOW"
66,"N1","T2","Negative/normal; within normal limits",0.6594,0.3406,"LOW"
67,"N1","T2","Negative/normal; within normal limits",0.6953,0.3047,"LOW"
68,"N1","T2","Negative/normal; within normal limits",0.5305,0.4695,"LOW"
69,"N1","T2","Negative/normal; within normal limits",0.618,0.382,"LOW"
70,"N1","T2","Negative/normal; within normal limits",0.6778,0.3222,"LOW"
71,"N1","T2","Negative/normal; within normal limits",0.7005,0.2995,"LOW"
72,"N1","T2","Negative/normal; within normal limits",0.6096,0.3904,"LOW"
73,"N1","T2","Negative/normal; within normal limits",0.6752,0.3248,"LOW"
74,"N1","T2","Negative/normal; within normal limits",0.7218,0.2782,"LOW"
75,"N1","T2","Negative/normal; within normal limits",0.7255,0.2745,"LOW"
76,"N1","T2","Negative/normal; within normal limits",0.7621,0.2379,"LOW"
77,"N1","T2","Negative/normal; within normal limits",0.7677,0.2323,"LOW"
78,"N1","T2","Negative/normal; within normal limits",0.7692,0.2308,"LOW"
79,"N1","T2","Negative/normal; within normal limits",0.7669,0.2331,"LOW"
80,"N1","T2","Negative/normal; within normal limits",0.7274,0.2726,"LOW"
81,"N1","T2","Negative/normal; within normal limits",0.7104,0.2896,"LOW"
82,"N1","T2","Negative/normal; within normal limits",0.6727,0.3273,"LOW"
83,"N1","T2","Negative/normal; within normal limits",0.5399,0.4601,"LOW"
84,"N1","T2","Negative/normal; within normal limits",0.534,0.466,"LOW"
85,"N1","T2","Negative/normal; within normal limits",0.5078,0.4922,"LOW"
86,"N1","T2","Negative/normal; within normal limits",0.6247,0.3753,"LOW"
87,"N1","T2","Negative/normal; within normal limits",0.7364,0.2636,"LOW"
88,"N1","T2","Negative/normal; within normal limits",0.7479,0.2521,"LOW"
89,"N1","T2","Negative/normal; within normal limits",0.7713,0.2287,"LOW"
90,"N1","T2","Negative/normal; within normal limits",0.7042,0.2958,"LOW"
91,"N1","T2","Negative/normal; within normal limits",0.7042,0.2958,"LOW"
92,"N1","T2","Negative/normal; within normal limits",0.7042,0.2958,"LOW"
93,"N1","T2","Negative/normal; within normal limits",0.7042,0.2958,"LOW"
94,"N1","T2","Negative/normal; within normal limits",0.7042,0.2958,"LOW"
95,"N1","T2","Negative/normal; within normal limits",0.7042,0.2958,"LOW"
96,"N1","T2","Negative/normal; within normal limits",0.7042,0.2958,"LOW"
97,"N1","T2","Negative/normal; within normal limits",0.7042,0.2958,"LOW"
98,"N1","T2","Negative/normal; within normal limits",0.7042,0.2958,"LOW"
99,"N1","T2","Negative/normal; within normal limits",0.7042,0.2958,"LOW"
0,"Other/Unknown","T2","Negative/normal; within normal limits",0.8481,0.1519,"LOW"
1,"Other/Unknown","T2","Negative/normal; within normal limits",0.8481,0.1519,"LOW"
2,"Other/Unknown","T2","Negative/normal; within normal limits",0.8581,0.1419,"LOW"
3,"Other/Unknown","T2","Negative/normal; within normal limits",0.8581,0.1419,"LOW"
4,"Other/Unknown","T2","Negative/normal; within normal limits",0.8892,0.1108,"LOW"
5,"Other/Unknown","T2","Negative/normal; within normal limits",0.9123,0.0877,"LOW"
6,"Other/Unknown","T2","Negative/normal; within normal limits",0.9195,0.0805,"LOW"
7,"Other/Unknown","T2","Negative/normal; within normal limits",0.921,0.079,"LOW"
8,"Other/Unknown","T2","Negative/normal; within normal limits",0.923,0.077,"LOW"
9,"Other/Unknown","T2","Negative/normal; within normal limits",0.923,0.077,"LOW"
10,"Other/Unknown","T2","Negative/normal; within normal limits",0.9474,0.0526,"LOW"
11,"Other/Unknown","T2","Negative/normal; within normal limits",0.9474,0.0526,"LOW"
12,"Other/Unknown","T2","Negative/normal; within normal limits",0.9476,0.0524,"LOW"
13,"Other/Unknown","T2","Negative/normal; within normal limits",0.9512,0.0488,"LOW"
14,"Other/Unknown","T2","Negative/normal; within normal limits",0.9512,0.0488,"LOW"
15,"Other/Unknown","T2","Negative/normal; within normal limits",0.9512,0.0488,"LOW"
16,"Other/Unknown","T2","Negative/normal; within normal limits",0.9462,0.0538,"LOW"
17,"Other/Unknown","T2","Negative/normal; within normal limits",0.9437,0.0563,"LOW"
18,"Other/Unknown","T2","Negative/normal; within normal limits",0.9488,0.0512,"LOW"
19,"Other/Unknown","T2","Negative/normal; within normal limits",0.9492,0.0508,"LOW"
20,"Other/Unknown","T2","Negative/normal; within normal limits",0.9445,0.0555,"LOW"
21,"Other/Unknown","T2","Negative/normal; within normal limits",0.9398,0.0602,"LOW"
22,"Other/Unknown","T2","Negative/normal; within normal limits",0.9218,0.0782,"LOW"
23,"Other/Unknown","T2","Negative/normal; within normal limits",0.9404,0.0596,"LOW"
24,"Other/Unknown","T2","Negative/normal; within normal limits",0.9413,0.0587,"LOW"
25,"Other/Unknown","T2","Negative/normal; within normal limits",0.9355,0.0645,"LOW"
26,"Other/Unknown","T2","Negative/normal; within normal limits",0.938,0.062,"LOW"
27,"Other/Unknown","T2","Negative/normal; within normal limits",0.9451,0.0549,"LOW"
28,"Other/Unknown","T2","Negative/normal; within normal limits",0.939,0.061,"LOW"
29,"Other/Unknown","T2","Negative/normal; within normal limits",0.9391,0.0609,"LOW"
30,"Other/Unknown","T2","Negative/normal; within normal limits",0.9242,0.0758,"LOW"
31,"Other/Unknown","T2","Negative/normal; within normal limits",0.9297,0.0703,"LOW"
32,"Other/Unknown","T2","Negative/normal; within normal limits",0.9166,0.0834,"LOW"
33,"Other/Unknown","T2","Negative/normal; within normal limits",0.9431,0.0569,"LOW"
34,"Other/Unknown","T2","Negative/normal; within normal limits",0.9464,0.0536,"LOW"
35,"Other/Unknown","T2","Negative/normal; within normal limits",0.9445,0.0555,"LOW"
36,"Other/Unknown","T2","Negative/normal; within normal limits",0.9416,0.0584,"LOW"
37,"Other/Unknown","T2","Negative/normal; within normal limits",0.9299,0.0701,"LOW"
38,"Other/Unknown","T2","Negative/normal; within normal limits",0.9102,0.0898,"LOW"
39,"Other/Unknown","T2","Negative/normal; within normal limits",0.9027,0.0973,"LOW"
40,"Other/Unknown","T2","Negative/normal; within normal limits",0.8972,0.1028,"LOW"
41,"Other/Unknown","T2","Negative/normal; within normal limits",0.8957,0.1043,"LOW"
42,"Other/Unknown","T2","Negative/normal; within normal limits",0.7749,0.2251,"LOW"
43,"Other/Unknown","T2","Negative/normal; within normal limits",0.8868,0.1132,"LOW"
44,"Other/Unknown","T2","Negative/normal; within normal limits",0.8855,0.1145,"LOW"
45,"Other/Unknown","T2","Negative/normal; within normal limits",0.6539,0.3461,"LOW"
46,"Other/Unknown","T2","Negative/normal; within normal limits",0.6656,0.3344,"LOW"
47,"Other/Unknown","T2","Negative/normal; within normal limits",0.7233,0.2767,"LOW"
48,"Other/Unknown","T2","Negative/normal; within normal limits",0.7455,0.2545,"LOW"
49,"Other/Unknown","T2","Negative/normal; within normal limits",0.8612,0.1388,"LOW"
50,"Other/Unknown","T2","Negative/normal; within normal limits",0.8843,0.1157,"LOW"
51,"Other/Unknown","T2","Negative/normal; within normal limits",0.8988,0.1012,"LOW"
52,"Other/Unknown","T2","Negative/normal; within normal limits",0.9172,0.0828,"LOW"
53,"Other/Unknown","T2","Negative/normal; within normal limits",0.9263,0.0737,"LOW"
54,"Other/Unknown","T2","Negative/normal; within normal limits",0.9182,0.0818,"LOW"
55,"Other/Unknown","T2","Negative/normal; within normal limits",0.8333,0.1667,"LOW"
56,"Other/Unknown","T2","Negative/normal; within normal limits",0.8876,0.1124,"LOW"
57,"Other/Unknown","T2","Negative/normal; within normal limits",0.8889,0.1111,"LOW"
58,"Other/Unknown","T2","Negative/normal; within normal limits",0.8521,0.1479,"LOW"
59,"Other/Unknown","T2","Negative/normal; within normal limits",0.8327,0.1673,"LOW"
60,"Other/Unknown","T2","Negative/normal; within normal limits",0.702,0.298,"LOW"
61,"Other/Unknown","T2","Negative/normal; within normal limits",0.6823,0.3177,"LOW"
62,"Other/Unknown","T2","Negative/normal; within normal limits",0.7028,0.2972,"LOW"
63,"Other/Unknown","T2","Negative/normal; within normal limits",0.8284,0.1716,"LOW"
64,"Other/Unknown","T2","Negative/normal; within normal limits",0.8018,0.1982,"LOW"
65,"Other/Unknown","T2","Negative/normal; within normal limits",0.8682,0.1318,"LOW"
66,"Other/Unknown","T2","Negative/normal; within normal limits",0.8837,0.1163,"LOW"
67,"Other/Unknown","T2","Negative/normal; within normal limits",0.8566,0.1434,"LOW"
68,"Other/Unknown","T2","Negative/normal; within normal limits",0.8591,0.1409,"LOW"
69,"Other/Unknown","T2","Negative/normal; within normal limits",0.8459,0.1541,"LOW"
70,"Other/Unknown","T2","Negative/normal; within normal limits",0.709,0.291,"LOW"
71,"Other/Unknown","T2","Negative/normal; within normal limits",0.6726,0.3274,"LOW"
72,"Other/Unknown","T2","Negative/normal; within normal limits",0.7006,0.2994,"LOW"
73,"Other/Unknown","T2","Negative/normal; within normal limits",0.7947,0.2053,"LOW"
74,"Other/Unknown","T2","Negative/normal; within normal limits",0.8551,0.1449,"LOW"
75,"Other/Unknown","T2","Negative/normal; within normal limits",0.7914,0.2086,"LOW"
76,"Other/Unknown","T2","Negative/normal; within normal limits",0.778,0.222,"LOW"
77,"Other/Unknown","T2","Negative/normal; within normal limits",0.7311,0.2689,"LOW"
78,"Other/Unknown","T2","Negative/normal; within normal limits",0.709,0.291,"LOW"
79,"Other/Unknown","T2","Negative/normal; within normal limits",0.6953,0.3047,"LOW"
80,"Other/Unknown","T2","Negative/normal; within normal limits",0.7226,0.2774,"LOW"
81,"Other/Unknown","T2","Negative/normal; within normal limits",0.7719,0.2281,"LOW"
82,"Other/Unknown","T2","Negative/normal; within normal limits",0.7893,0.2107,"LOW"
83,"Other/Unknown","T2","Negative/normal; within normal limits",0.8149,0.1851,"LOW"
84,"Other/Unknown","T2","Negative/normal; within normal limits",0.8825,0.1175,"LOW"
85,"Other/Unknown","T2","Negative/normal; within normal limits",0.9077,0.0923,"LOW"
86,"Other/Unknown","T2","Negative/normal; within normal limits",0.9316,0.0684,"LOW"
87,"Other/Unknown","T2","Negative/normal; within normal limits",0.9191,0.0809,"LOW"
88,"Other/Unknown","T2","Negative/normal; within normal limits",0.8164,0.1836,"LOW"
89,"Other/Unknown","T2","Negative/normal; within normal limits",0.5254,0.4746,"LOW"
90,"Other/Unknown","T2","Negative/normal; within normal limits",0.5493,0.4507,"LOW"
91,"Other/Unknown","T2","Negative/normal; within normal limits",0.5493,0.4507,"LOW"
92,"Other/Unknown","T2","Negative/normal; within normal limits",0.5493,0.4507,"LOW"
93,"Other/Unknown","T2","Negative/normal; within normal limits",0.5493,0.4507,"LOW"
94,"Other/Unknown","T2","Negative/normal; within normal limits",0.5493,0.4507,"LOW"
95,"Other/Unknown","T2","Negative/normal; within normal limits",0.5493,0.4507,"LOW"
96,"Other/Unknown","T2","Negative/normal; within normal limits",0.5493,0.4507,"LOW"
97,"Other/Unknown","T2","Negative/normal; within normal limits",0.5493,0.4507,"LOW"
98,"Other/Unknown","T2","Negative/normal; within normal limits",0.5493,0.4507,"LOW"
99,"Other/Unknown","T2","Negative/normal; within normal limits",0.5493,0.4507,"LOW"
0,"N0","T3","Negative/normal; within normal limits",0.7379,0.2621,"LOW"
1,"N0","T3","Negative/normal; within normal limits",0.7379,0.2621,"LOW"
2,"N0","T3","Negative/normal; within normal limits",0.7379,0.2621,"LOW"
3,"N0","T3","Negative/normal; within normal limits",0.7379,0.2621,"LOW"
4,"N0","T3","Negative/normal; within normal limits",0.7447,0.2553,"LOW"
5,"N0","T3","Negative/normal; within normal limits",0.7486,0.2514,"LOW"
6,"N0","T3","Negative/normal; within normal limits",0.7486,0.2514,"LOW"
7,"N0","T3","Negative/normal; within normal limits",0.7486,0.2514,"LOW"
8,"N0","T3","Negative/normal; within normal limits",0.7486,0.2514,"LOW"
9,"N0","T3","Negative/normal; within normal limits",0.7486,0.2514,"LOW"
10,"N0","T3","Negative/normal; within normal limits",0.7299,0.2701,"LOW"
11,"N0","T3","Negative/normal; within normal limits",0.7599,0.2401,"LOW"
12,"N0","T3","Negative/normal; within normal limits",0.765,0.235,"LOW"
13,"N0","T3","Negative/normal; within normal limits",0.7557,0.2443,"LOW"
14,"N0","T3","Negative/normal; within normal limits",0.754,0.246,"LOW"
15,"N0","T3","Negative/normal; within normal limits",0.7644,0.2356,"LOW"
16,"N0","T3","Negative/normal; within normal limits",0.7666,0.2334,"LOW"
17,"N0","T3","Negative/normal; within normal limits",0.7648,0.2352,"LOW"
18,"N0","T3","Negative/normal; within normal limits",0.7491,0.2509,"LOW"
19,"N0","T3","Negative/normal; within normal limits",0.6901,0.3099,"LOW"
20,"N0","T3","Negative/normal; within normal limits",0.6673,0.3327,"LOW"
21,"N0","T3","Negative/normal; within normal limits",0.7076,0.2924,"LOW"
22,"N0","T3","Negative/normal; within normal limits",0.7936,0.2064,"LOW"
23,"N0","T3","Negative/normal; within normal limits",0.8217,0.1783,"LOW"
24,"N0","T3","Negative/normal; within normal limits",0.8316,0.1684,"LOW"
25,"N0","T3","Negative/normal; within normal limits",0.8018,0.1982,"LOW"
26,"N0","T3","Negative/normal; within normal limits",0.825,0.175,"LOW"
27,"N0","T3","Negative/normal; within normal limits",0.831,0.169,"LOW"
28,"N0","T3","Negative/normal; within normal limits",0.8115,0.1885,"LOW"
29,"N0","T3","Negative/normal; within normal limits",0.8057,0.1943,"LOW"
30,"N0","T3","Negative/normal; within normal limits",0.8076,0.1924,"LOW"
31,"N0","T3","Negative/normal; within normal limits",0.8118,0.1882,"LOW"
32,"N0","T3","Negative/normal; within normal limits",0.8441,0.1559,"LOW"
33,"N0","T3","Negative/normal; within normal limits",0.8407,0.1593,"LOW"
34,"N0","T3","Negative/normal; within normal limits",0.8425,0.1575,"LOW"
35,"N0","T3","Negative/normal; within normal limits",0.8454,0.1546,"LOW"
36,"N0","T3","Negative/normal; within normal limits",0.8379,0.1621,"LOW"
37,"N0","T3","Negative/normal; within normal limits",0.7984,0.2016,"LOW"
38,"N0","T3","Negative/normal; within normal limits",0.7672,0.2328,"LOW"
39,"N0","T3","Negative/normal; within normal limits",0.8196,0.1804,"LOW"
40,"N0","T3","Negative/normal; within normal limits",0.8146,0.1854,"LOW"
41,"N0","T3","Negative/normal; within normal limits",0.8347,0.1653,"LOW"
42,"N0","T3","Negative/normal; within normal limits",0.7989,0.2011,"LOW"
43,"N0","T3","Negative/normal; within normal limits",0.7952,0.2048,"LOW"
44,"N0","T3","Negative/normal; within normal limits",0.8301,0.1699,"LOW"
45,"N0","T3","Negative/normal; within normal limits",0.8383,0.1617,"LOW"
46,"N0","T3","Negative/normal; within normal limits",0.8204,0.1796,"LOW"
47,"N0","T3","Negative/normal; within normal limits",0.8391,0.1609,"LOW"
48,"N0","T3","Negative/normal; within normal limits",0.8333,0.1667,"LOW"
49,"N0","T3","Negative/normal; within normal limits",0.8442,0.1558,"LOW"
50,"N0","T3","Negative/normal; within normal limits",0.8168,0.1832,"LOW"
51,"N0","T3","Negative/normal; within normal limits",0.8401,0.1599,"LOW"
52,"N0","T3","Negative/normal; within normal limits",0.822,0.178,"LOW"
53,"N0","T3","Negative/normal; within normal limits",0.8301,0.1699,"LOW"
54,"N0","T3","Negative/normal; within normal limits",0.8647,0.1353,"LOW"
55,"N0","T3","Negative/normal; within normal limits",0.7905,0.2095,"LOW"
56,"N0","T3","Negative/normal; within normal limits",0.7949,0.2051,"LOW"
57,"N0","T3","Negative/normal; within normal limits",0.8187,0.1813,"LOW"
58,"N0","T3","Negative/normal; within normal limits",0.8306,0.1694,"LOW"
59,"N0","T3","Negative/normal; within normal limits",0.8,0.2,"LOW"
60,"N0","T3","Negative/normal; within normal limits",0.8051,0.1949,"LOW"
61,"N0","T3","Negative/normal; within normal limits",0.7899,0.2101,"LOW"
62,"N0","T3","Negative/normal; within normal limits",0.8457,0.1543,"LOW"
63,"N0","T3","Negative/normal; within normal limits",0.8336,0.1664,"LOW"
64,"N0","T3","Negative/normal; within normal limits",0.8342,0.1658,"LOW"
65,"N0","T3","Negative/normal; within normal limits",0.8448,0.1552,"LOW"
66,"N0","T3","Negative/normal; within normal limits",0.8434,0.1566,"LOW"
67,"N0","T3","Negative/normal; within normal limits",0.8144,0.1856,"LOW"
68,"N0","T3","Negative/normal; within normal limits",0.8148,0.1852,"LOW"
69,"N0","T3","Negative/normal; within normal limits",0.7969,0.2031,"LOW"
70,"N0","T3","Negative/normal; within normal limits",0.8068,0.1932,"LOW"
71,"N0","T3","Negative/normal; within normal limits",0.8119,0.1881,"LOW"
72,"N0","T3","Negative/normal; within normal limits",0.8123,0.1877,"LOW"
73,"N0","T3","Negative/normal; within normal limits",0.8114,0.1886,"LOW"
74,"N0","T3","Negative/normal; within normal limits",0.8218,0.1782,"LOW"
75,"N0","T3","Negative/normal; within normal limits",0.8213,0.1787,"LOW"
76,"N0","T3","Negative/normal; within normal limits",0.8055,0.1945,"LOW"
77,"N0","T3","Negative/normal; within normal limits",0.8343,0.1657,"LOW"
78,"N0","T3","Negative/normal; within normal limits",0.8409,0.1591,"LOW"
79,"N0","T3","Negative/normal; within normal limits",0.8356,0.1644,"LOW"
80,"N0","T3","Negative/normal; within normal limits",0.8202,0.1798,"LOW"
81,"N0","T3","Negative/normal; within normal limits",0.7831,0.2169,"LOW"
82,"N0","T3","Negative/normal; within normal limits",0.8108,0.1892,"LOW"
83,"N0","T3","Negative/normal; within normal limits",0.7737,0.2263,"LOW"
84,"N0","T3","Negative/normal; within normal limits",0.7951,0.2049,"LOW"
85,"N0","T3","Negative/normal; within normal limits",0.834,0.166,"LOW"
86,"N0","T3","Negative/normal; within normal limits",0.8372,0.1628,"LOW"
87,"N0","T3","Negative/normal; within normal limits",0.7841,0.2159,"LOW"
88,"N0","T3","Negative/normal; within normal limits",0.8052,0.1948,"LOW"
89,"N0","T3","Negative/normal; within normal limits",0.5329,0.4671,"LOW"
90,"N0","T3","Negative/normal; within normal limits",0.6772,0.3228,"LOW"
91,"N0","T3","Negative/normal; within normal limits",0.6772,0.3228,"LOW"
92,"N0","T3","Negative/normal; within normal limits",0.6772,0.3228,"LOW"
93,"N0","T3","Negative/normal; within normal limits",0.6772,0.3228,"LOW"
94,"N0","T3","Negative/normal; within normal limits",0.6772,0.3228,"LOW"
95,"N0","T3","Negative/normal; within normal limits",0.6772,0.3228,"LOW"
96,"N0","T3","Negative/normal; within normal limits",0.6772,0.3228,"LOW"
97,"N0","T3","Negative/normal; within normal limits",0.6772,0.3228,"LOW"
98,"N0","T3","Negative/normal; within normal limits",0.6772,0.3228,"LOW"
99,"N0","T3","Negative/normal; within normal limits",0.6772,0.3228,"LOW"
0,"N1","T3","Negative/normal; within normal limits",0.6961,0.3039,"LOW"
1,"N1","T3","Negative/normal; within normal limits",0.6961,0.3039,"LOW"
2,"N1","T3","Negative/normal; within normal limits",0.6961,0.3039,"LOW"
3,"N1","T3","Negative/normal; within normal limits",0.6961,0.3039,"LOW"
4,"N1","T3","Negative/normal; within normal limits",0.6961,0.3039,"LOW"
5,"N1","T3","Negative/normal; within normal limits",0.6961,0.3039,"LOW"
6,"N1","T3","Negative/normal; within normal limits",0.6901,0.3099,"LOW"
7,"N1","T3","Negative/normal; within normal limits",0.6901,0.3099,"LOW"
8,"N1","T3","Negative/normal; within normal limits",0.6901,0.3099,"LOW"
9,"N1","T3","Negative/normal; within normal limits",0.6901,0.3099,"LOW"
10,"N1","T3","Negative/normal; within normal limits",0.6934,0.3066,"LOW"
11,"N1","T3","Negative/normal; within normal limits",0.697,0.303,"LOW"
12,"N1","T3","Negative/normal; within normal limits",0.697,0.303,"LOW"
13,"N1","T3","Negative/normal; within normal limits",0.697,0.303,"LOW"
14,"N1","T3","Negative/normal; within normal limits",0.697,0.303,"LOW"
15,"N1","T3","Negative/normal; within normal limits",0.6824,0.3176,"LOW"
16,"N1","T3","Negative/normal; within normal limits",0.6844,0.3156,"LOW"
17,"N1","T3","Negative/normal; within normal limits",0.6138,0.3862,"LOW"
18,"N1","T3","Negative/normal; within normal limits",0.5319,0.4681,"LOW"
19,"N1","T3","Negative/normal; within normal limits",0.535,0.465,"LOW"
20,"N1","T3","Negative/normal; within normal limits",0.6016,0.3984,"LOW"
21,"N1","T3","Negative/normal; within normal limits",0.6006,0.3994,"LOW"
22,"N1","T3","Negative/normal; within normal limits",0.5668,0.4332,"LOW"
23,"N1","T3","Negative/normal; within normal limits",0.6014,0.3986,"LOW"
24,"N1","T3","Negative/normal; within normal limits",0.5737,0.4263,"LOW"
25,"N1","T3","Negative/normal; within normal limits",0.5684,0.4316,"LOW"
26,"N1","T3","Negative/normal; within normal limits",0.6098,0.3902,"LOW"
27,"N1","T3","Negative/normal; within normal limits",0.5811,0.4189,"LOW"
28,"N1","T3","Negative/normal; within normal limits",0.4686,0.5314,"HIGH"
29,"N1","T3","Negative/normal; within normal limits",0.6336,0.3664,"LOW"
30,"N1","T3","Negative/normal; within normal limits",0.6348,0.3652,"LOW"
31,"N1","T3","Negative/normal; within normal limits",0.6629,0.3371,"LOW"
32,"N1","T3","Negative/normal; within normal limits",0.6413,0.3587,"LOW"
33,"N1","T3","Negative/normal; within normal limits",0.6659,0.3341,"LOW"
34,"N1","T3","Negative/normal; within normal limits",0.6217,0.3783,"LOW"
35,"N1","T3","Negative/normal; within normal limits",0.603,0.397,"LOW"
36,"N1","T3","Negative/normal; within normal limits",0.4717,0.5283,"HIGH"
37,"N1","T3","Negative/normal; within normal limits",0.4392,0.5608,"HIGH"
38,"N1","T3","Negative/normal; within normal limits",0.4404,0.5596,"HIGH"
39,"N1","T3","Negative/normal; within normal limits",0.4171,0.5829,"HIGH"
40,"N1","T3","Negative/normal; within normal limits",0.4423,0.5577,"HIGH"
41,"N1","T3","Negative/normal; within normal limits",0.387,0.613,"HIGH"
42,"N1","T3","Negative/normal; within normal limits",0.4451,0.5549,"HIGH"
43,"N1","T3","Negative/normal; within normal limits",0.5153,0.4847,"LOW"
44,"N1","T3","Negative/normal; within normal limits",0.565,0.435,"LOW"
45,"N1","T3","Negative/normal; within normal limits",0.4742,0.5258,"HIGH"
46,"N1","T3","Negative/normal; within normal limits",0.4166,0.5834,"HIGH"
47,"N1","T3","Negative/normal; within normal limits",0.4121,0.5879,"HIGH"
48,"N1","T3","Negative/normal; within normal limits",0.4409,0.5591,"HIGH"
49,"N1","T3","Negative/normal; within normal limits",0.5749,0.4251,"LOW"
50,"N1","T3","Negative/normal; within normal limits",0.6078,0.3922,"LOW"
51,"N1","T3","Negative/normal; within normal limits",0.5803,0.4197,"LOW"
52,"N1","T3","Negative/normal; within normal limits",0.5961,0.4039,"LOW"
53,"N1","T3","Negative/normal; within normal limits",0.5448,0.4552,"LOW"
54,"N1","T3","Negative/normal; within normal limits",0.5715,0.4285,"LOW"
55,"N1","T3","Negative/normal; within normal limits",0.5856,0.4144,"LOW"
56,"N1","T3","Negative/normal; within normal limits",0.681,0.319,"LOW"
57,"N1","T3","Negative/normal; within normal limits",0.6165,0.3835,"LOW"
58,"N1","T3","Negative/normal; within normal limits",0.6223,0.3777,"LOW"
59,"N1","T3","Negative/normal; within normal limits",0.586,0.414,"LOW"
60,"N1","T3","Negative/normal; within normal limits",0.5671,0.4329,"LOW"
61,"N1","T3","Negative/normal; within normal limits",0.5725,0.4275,"LOW"
62,"N1","T3","Negative/normal; within normal limits",0.6418,0.3582,"LOW"
63,"N1","T3","Negative/normal; within normal limits",0.6593,0.3407,"LOW"
64,"N1","T3","Negative/normal; within normal limits",0.6712,0.3288,"LOW"
65,"N1","T3","Negative/normal; within normal limits",0.7321,0.2679,"LOW"
66,"N1","T3","Negative/normal; within normal limits",0.7405,0.2595,"LOW"
67,"N1","T3","Negative/normal; within normal limits",0.7188,0.2812,"LOW"
68,"N1","T3","Negative/normal; within normal limits",0.6818,0.3182,"LOW"
69,"N1","T3","Negative/normal; within normal limits",0.5609,0.4391,"LOW"
70,"N1","T3","Negative/normal; within normal limits",0.5418,0.4582,"LOW"
71,"N1","T3","Negative/normal; within normal limits",0.5458,0.4542,"LOW"
72,"N1","T3","Negative/normal; within normal limits",0.5856,0.4144,"LOW"
73,"N1","T3","Negative/normal; within normal limits",0.5512,0.4488,"LOW"
74,"N1","T3","Negative/normal; within normal limits",0.5785,0.4215,"LOW"
75,"N1","T3","Negative/normal; within normal limits",0.486,0.514,"HIGH"
76,"N1","T3","Negative/normal; within normal limits",0.4377,0.5623,"HIGH"
77,"N1","T3","Negative/normal; within normal limits",0.4448,0.5552,"HIGH"
78,"N1","T3","Negative/normal; within normal limits",0.5558,0.4442,"LOW"
79,"N1","T3","Negative/normal; within normal limits",0.6576,0.3424,"LOW"
80,"N1","T3","Negative/normal; within normal limits",0.6549,0.3451,"LOW"
81,"N1","T3","Negative/normal; within normal limits",0.6172,0.3828,"LOW"
82,"N1","T3","Negative/normal; within normal limits",0.5753,0.4247,"LOW"
83,"N1","T3","Negative/normal; within normal limits",0.5833,0.4167,"LOW"
84,"N1","T3","Negative/normal; within normal limits",0.6854,0.3146,"LOW"
85,"N1","T3","Negative/normal; within normal limits",0.7461,0.2539,"LOW"
86,"N1","T3","Negative/normal; within normal limits",0.7359,0.2641,"LOW"
87,"N1","T3","Negative/normal; within normal limits",0.7283,0.2717,"LOW"
88,"N1","T3","Negative/normal; within normal limits",0.7369,0.2631,"LOW"
89,"N1","T3","Negative/normal; within normal limits",0.7235,0.2765,"LOW"
90,"N1","T3","Negative/normal; within normal limits",0.5111,0.4889,"LOW"
91,"N1","T3","Negative/normal; within normal limits",0.5111,0.4889,"LOW"
92,"N1","T3","Negative/normal; within normal limits",0.5111,0.4889,"LOW"
93,"N1","T3","Negative/normal; within normal limits",0.5111,0.4889,"LOW"
94,"N1","T3","Negative/normal; within normal limits",0.5111,0.4889,"LOW"
95,"N1","T3","Negative/normal; within normal limits",0.5111,0.4889,"LOW"
96,"N1","T3","Negative/normal; within normal limits",0.5111,0.4889,"LOW"
97,"N1","T3","Negative/normal; within normal limits",0.5111,0.4889,"LOW"
98,"N1","T3","Negative/normal; within normal limits",0.5111,0.4889,"LOW"
99,"N1","T3","Negative/normal; within normal limits",0.5111,0.4889,"LOW"
0,"Other/Unknown","T3","Negative/normal; within normal limits",0.5273,0.4727,"LOW"
1,"Other/Unknown","T3","Negative/normal; within normal limits",0.5273,0.4727,"LOW"
2,"Other/Unknown","T3","Negative/normal; within normal limits",0.5273,0.4727,"LOW"
3,"Other/Unknown","T3","Negative/normal; within normal limits",0.5273,0.4727,"LOW"
4,"Other/Unknown","T3","Negative/normal; within normal limits",0.5288,0.4712,"LOW"
5,"Other/Unknown","T3","Negative/normal; within normal limits",0.5306,0.4694,"LOW"
6,"Other/Unknown","T3","Negative/normal; within normal limits",0.5306,0.4694,"LOW"
7,"Other/Unknown","T3","Negative/normal; within normal limits",0.5306,0.4694,"LOW"
8,"Other/Unknown","T3","Negative/normal; within normal limits",0.5306,0.4694,"LOW"
9,"Other/Unknown","T3","Negative/normal; within normal limits",0.5306,0.4694,"LOW"
10,"Other/Unknown","T3","Negative/normal; within normal limits",0.5251,0.4749,"LOW"
11,"Other/Unknown","T3","Negative/normal; within normal limits",0.5287,0.4713,"LOW"
12,"Other/Unknown","T3","Negative/normal; within normal limits",0.5312,0.4688,"LOW"
13,"Other/Unknown","T3","Negative/normal; within normal limits",0.5297,0.4703,"LOW"
14,"Other/Unknown","T3","Negative/normal; within normal limits",0.5282,0.4718,"LOW"
15,"Other/Unknown","T3","Negative/normal; within normal limits",0.5229,0.4771,"LOW"
16,"Other/Unknown","T3","Negative/normal; within normal limits",0.5255,0.4745,"LOW"
17,"Other/Unknown","T3","Negative/normal; within normal limits",0.556,0.444,"LOW"
18,"Other/Unknown","T3","Negative/normal; within normal limits",0.5176,0.4824,"LOW"
19,"Other/Unknown","T3","Negative/normal; within normal limits",0.503,0.497,"LOW"
20,"Other/Unknown","T3","Negative/normal; within normal limits",0.4685,0.5315,"HIGH"
21,"Other/Unknown","T3","Negative/normal; within normal limits",0.4925,0.5075,"HIGH"
22,"Other/Unknown","T3","Negative/normal; within normal limits",0.5161,0.4839,"LOW"
23,"Other/Unknown","T3","Negative/normal; within normal limits",0.5307,0.4693,"LOW"
24,"Other/Unknown","T3","Negative/normal; within normal limits",0.531,0.469,"LOW"
25,"Other/Unknown","T3","Negative/normal; within normal limits",0.4863,0.5137,"HIGH"
26,"Other/Unknown","T3","Negative/normal; within normal limits",0.5224,0.4776,"LOW"
27,"Other/Unknown","T3","Negative/normal; within normal limits",0.5824,0.4176,"LOW"
28,"Other/Unknown","T3","Negative/normal; within normal limits",0.5537,0.4463,"LOW"
29,"Other/Unknown","T3","Negative/normal; within normal limits",0.5551,0.4449,"LOW"
30,"Other/Unknown","T3","Negative/normal; within normal limits",0.5945,0.4055,"LOW"
31,"Other/Unknown","T3","Negative/normal; within normal limits",0.5952,0.4048,"LOW"
32,"Other/Unknown","T3","Negative/normal; within normal limits",0.6742,0.3258,"LOW"
33,"Other/Unknown","T3","Negative/normal; within normal limits",0.6825,0.3175,"LOW"
34,"Other/Unknown","T3","Negative/normal; within normal limits",0.6483,0.3517,"LOW"
35,"Other/Unknown","T3","Negative/normal; within normal limits",0.5613,0.4387,"LOW"
36,"Other/Unknown","T3","Negative/normal; within normal limits",0.5986,0.4014,"LOW"
37,"Other/Unknown","T3","Negative/normal; within normal limits",0.6803,0.3197,"LOW"
38,"Other/Unknown","T3","Negative/normal; within normal limits",0.6465,0.3535,"LOW"
39,"Other/Unknown","T3","Negative/normal; within normal limits",0.7104,0.2896,"LOW"
40,"Other/Unknown","T3","Negative/normal; within normal limits",0.6986,0.3014,"LOW"
41,"Other/Unknown","T3","Negative/normal; within normal limits",0.715,0.285,"LOW"
42,"Other/Unknown","T3","Negative/normal; within normal limits",0.7062,0.2938,"LOW"
43,"Other/Unknown","T3","Negative/normal; within normal limits",0.7053,0.2947,"LOW"
44,"Other/Unknown","T3","Negative/normal; within normal limits",0.6961,0.3039,"LOW"
45,"Other/Unknown","T3","Negative/normal; within normal limits",0.627,0.373,"LOW"
46,"Other/Unknown","T3","Negative/normal; within normal limits",0.6839,0.3161,"LOW"
47,"Other/Unknown","T3","Negative/normal; within normal limits",0.6808,0.3192,"LOW"
48,"Other/Unknown","T3","Negative/normal; within normal limits",0.6155,0.3845,"LOW"
49,"Other/Unknown","T3","Negative/normal; within normal limits",0.6135,0.3865,"LOW"
50,"Other/Unknown","T3","Negative/normal; within normal limits",0.4697,0.5303,"HIGH"
51,"Other/Unknown","T3","Negative/normal; within normal limits",0.4347,0.5653,"HIGH"
52,"Other/Unknown","T3","Negative/normal; within normal limits",0.4463,0.5537,"HIGH"
53,"Other/Unknown","T3","Negative/normal; within normal limits",0.4728,0.5272,"HIGH"
54,"Other/Unknown","T3","Negative/normal; within normal limits",0.4838,0.5162,"HIGH"
55,"Other/Unknown","T3","Negative/normal; within normal limits",0.6022,0.3978,"LOW"
56,"Other/Unknown","T3","Negative/normal; within normal limits",0.6037,0.3963,"LOW"
57,"Other/Unknown","T3","Negative/normal; within normal limits",0.5768,0.4232,"LOW"
58,"Other/Unknown","T3","Negative/normal; within normal limits",0.5859,0.4141,"LOW"
59,"Other/Unknown","T3","Negative/normal; within normal limits",0.7189,0.2811,"LOW"
60,"Other/Unknown","T3","Negative/normal; within normal limits",0.7131,0.2869,"LOW"
61,"Other/Unknown","T3","Negative/normal; within normal limits",0.7189,0.2811,"LOW"
62,"Other/Unknown","T3","Negative/normal; within normal limits",0.6625,0.3375,"LOW"
63,"Other/Unknown","T3","Negative/normal; within normal limits",0.612,0.388,"LOW"
64,"Other/Unknown","T3","Negative/normal; within normal limits",0.4625,0.5375,"HIGH"
65,"Other/Unknown","T3","Negative/normal; within normal limits",0.5898,0.4102,"LOW"
66,"Other/Unknown","T3","Negative/normal; within normal limits",0.5538,0.4462,"LOW"
67,"Other/Unknown","T3","Negative/normal; within normal limits",0.4592,0.5408,"HIGH"
68,"Other/Unknown","T3","Negative/normal; within normal limits",0.5014,0.4986,"LOW"
69,"Other/Unknown","T3","Negative/normal; within normal limits",0.5462,0.4538,"LOW"
70,"Other/Unknown","T3","Negative/normal; within normal limits",0.6926,0.3074,"LOW"
71,"Other/Unknown","T3","Negative/normal; within normal limits",0.6592,0.3408,"LOW"
72,"Other/Unknown","T3","Negative/normal; within normal limits",0.6943,0.3057,"LOW"
73,"Other/Unknown","T3","Negative/normal; within normal limits",0.6532,0.3468,"LOW"
74,"Other/Unknown","T3","Negative/normal; within normal limits",0.5611,0.4389,"LOW"
75,"Other/Unknown","T3","Negative/normal; within normal limits",0.6866,0.3134,"LOW"
76,"Other/Unknown","T3","Negative/normal; within normal limits",0.6758,0.3242,"LOW"
77,"Other/Unknown","T3","Negative/normal; within normal limits",0.5133,0.4867,"LOW"
78,"Other/Unknown","T3","Negative/normal; within normal limits",0.5785,0.4215,"LOW"
79,"Other/Unknown","T3","Negative/normal; within normal limits",0.7223,0.2777,"LOW"
80,"Other/Unknown","T3","Negative/normal; within normal limits",0.7248,0.2752,"LOW"
81,"Other/Unknown","T3","Negative/normal; within normal limits",0.6115,0.3885,"LOW"
82,"Other/Unknown","T3","Negative/normal; within normal limits",0.5379,0.4621,"LOW"
83,"Other/Unknown","T3","Negative/normal; within normal limits",0.4991,0.5009,"HIGH"
84,"Other/Unknown","T3","Negative/normal; within normal limits",0.6388,0.3612,"LOW"
85,"Other/Unknown","T3","Negative/normal; within normal limits",0.6097,0.3903,"LOW"
86,"Other/Unknown","T3","Negative/normal; within normal limits",0.5721,0.4279,"LOW"
87,"Other/Unknown","T3","Negative/normal; within normal limits",0.5655,0.4345,"LOW"
88,"Other/Unknown","T3","Negative/normal; within normal limits",0.5595,0.4405,"LOW"
89,"Other/Unknown","T3","Negative/normal; within normal limits",0.5685,0.4315,"LOW"
90,"Other/Unknown","T3","Negative/normal; within normal limits",0.5765,0.4235,"LOW"
91,"Other/Unknown","T3","Negative/normal; within normal limits",0.5765,0.4235,"LOW"
92,"Other/Unknown","T3","Negative/normal; within normal limits",0.5765,0.4235,"LOW"
93,"Other/Unknown","T3","Negative/normal; within normal limits",0.5765,0.4235,"LOW"
94,"Other/Unknown","T3","Negative/normal; within normal limits",0.5765,0.4235,"LOW"
95,"Other/Unknown","T3","Negative/normal; within normal limits",0.5765,0.4235,"LOW"
96,"Other/Unknown","T3","Negative/normal; within normal limits",0.5765,0.4235,"LOW"
97,"Other/Unknown","T3","Negative/normal; within normal limits",0.5765,0.4235,"LOW"
98,"Other/Unknown","T3","Negative/normal; within normal limits",0.5765,0.4235,"LOW"
99,"Other/Unknown","T3","Negative/normal; within normal limits",0.5765,0.4235,"LOW"
0,"N0","T0","Other/Unknown",0.613,0.387,"LOW"
1,"N0","T0","Other/Unknown",0.613,0.387,"LOW"
2,"N0","T0","Other/Unknown",0.8283,0.1717,"LOW"
3,"N0","T0","Other/Unknown",0.8422,0.1578,"LOW"
4,"N0","T0","Other/Unknown",0.8478,0.1522,"LOW"
5,"N0","T0","Other/Unknown",0.8692,0.1308,"LOW"
6,"N0","T0","Other/Unknown",0.9106,0.0894,"LOW"
7,"N0","T0","Other/Unknown",0.9096,0.0904,"LOW"
8,"N0","T0","Other/Unknown",0.9096,0.0904,"LOW"
9,"N0","T0","Other/Unknown",0.9116,0.0884,"LOW"
10,"N0","T0","Other/Unknown",0.9072,0.0928,"LOW"
11,"N0","T0","Other/Unknown",0.9171,0.0829,"LOW"
12,"N0","T0","Other/Unknown",0.9106,0.0894,"LOW"
13,"N0","T0","Other/Unknown",0.918,0.082,"LOW"
14,"N0","T0","Other/Unknown",0.9151,0.0849,"LOW"
15,"N0","T0","Other/Unknown",0.9215,0.0785,"LOW"
16,"N0","T0","Other/Unknown",0.9215,0.0785,"LOW"
17,"N0","T0","Other/Unknown",0.9195,0.0805,"LOW"
18,"N0","T0","Other/Unknown",0.9143,0.0857,"LOW"
19,"N0","T0","Other/Unknown",0.916,0.084,"LOW"
20,"N0","T0","Other/Unknown",0.9122,0.0878,"LOW"
21,"N0","T0","Other/Unknown",0.9177,0.0823,"LOW"
22,"N0","T0","Other/Unknown",0.888,0.112,"LOW"
23,"N0","T0","Other/Unknown",0.9012,0.0988,"LOW"
24,"N0","T0","Other/Unknown",0.9128,0.0872,"LOW"
25,"N0","T0","Other/Unknown",0.9186,0.0814,"LOW"
26,"N0","T0","Other/Unknown",0.9183,0.0817,"LOW"
27,"N0","T0","Other/Unknown",0.9201,0.0799,"LOW"
28,"N0","T0","Other/Unknown",0.9166,0.0834,"LOW"
29,"N0","T0","Other/Unknown",0.9171,0.0829,"LOW"
30,"N0","T0","Other/Unknown",0.9151,0.0849,"LOW"
31,"N0","T0","Other/Unknown",0.9153,0.0847,"LOW"
32,"N0","T0","Other/Unknown",0.916,0.084,"LOW"
33,"N0","T0","Other/Unknown",0.8948,0.1052,"LOW"
34,"N0","T0","Other/Unknown",0.779,0.221,"LOW"
35,"N0","T0","Other/Unknown",0.7156,0.2844,"LOW"
36,"N0","T0","Other/Unknown",0.844,0.156,"LOW"
37,"N0","T0","Other/Unknown",0.8735,0.1265,"LOW"
38,"N0","T0","Other/Unknown",0.8728,0.1272,"LOW"
39,"N0","T0","Other/Unknown",0.8708,0.1292,"LOW"
40,"N0","T0","Other/Unknown",0.8084,0.1916,"LOW"
41,"N0","T0","Other/Unknown",0.8665,0.1335,"LOW"
42,"N0","T0","Other/Unknown",0.8702,0.1298,"LOW"
43,"N0","T0","Other/Unknown",0.8447,0.1553,"LOW"
44,"N0","T0","Other/Unknown",0.79,0.21,"LOW"
45,"N0","T0","Other/Unknown",0.7717,0.2283,"LOW"
46,"N0","T0","Other/Unknown",0.8335,0.1665,"LOW"
47,"N0","T0","Other/Unknown",0.8268,0.1732,"LOW"
48,"N0","T0","Other/Unknown",0.8319,0.1681,"LOW"
49,"N0","T0","Other/Unknown",0.7862,0.2138,"LOW"
50,"N0","T0","Other/Unknown",0.8234,0.1766,"LOW"
51,"N0","T0","Other/Unknown",0.7473,0.2527,"LOW"
52,"N0","T0","Other/Unknown",0.8354,0.1646,"LOW"
53,"N0","T0","Other/Unknown",0.8353,0.1647,"LOW"
54,"N0","T0","Other/Unknown",0.8141,0.1859,"LOW"
55,"N0","T0","Other/Unknown",0.7887,0.2113,"LOW"
56,"N0","T0","Other/Unknown",0.8209,0.1791,"LOW"
57,"N0","T0","Other/Unknown",0.7104,0.2896,"LOW"
58,"N0","T0","Other/Unknown",0.7402,0.2598,"LOW"
59,"N0","T0","Other/Unknown",0.6908,0.3092,"LOW"
60,"N0","T0","Other/Unknown",0.6519,0.3481,"LOW"
61,"N0","T0","Other/Unknown",0.5844,0.4156,"LOW"
62,"N0","T0","Other/Unknown",0.6448,0.3552,"LOW"
63,"N0","T0","Other/Unknown",0.6332,0.3668,"LOW"
64,"N0","T0","Other/Unknown",0.6992,0.3008,"LOW"
65,"N0","T0","Other/Unknown",0.6386,0.3614,"LOW"
66,"N0","T0","Other/Unknown",0.552,0.448,"LOW"
67,"N0","T0","Other/Unknown",0.5158,0.4842,"LOW"
68,"N0","T0","Other/Unknown",0.578,0.422,"LOW"
69,"N0","T0","Other/Unknown",0.3846,0.6154,"HIGH"
70,"N0","T0","Other/Unknown",0.4042,0.5958,"HIGH"
71,"N0","T0","Other/Unknown",0.4961,0.5039,"HIGH"
72,"N0","T0","Other/Unknown",0.3737,0.6263,"HIGH"
73,"N0","T0","Other/Unknown",0.3309,0.6691,"HIGH"
74,"N0","T0","Other/Unknown",0.3034,0.6966,"HIGH"
75,"N0","T0","Other/Unknown",0.2655,0.7345,"HIGH"
76,"N0","T0","Other/Unknown",0.2611,0.7389,"HIGH"
77,"N0","T0","Other/Unknown",0.2484,0.7516,"HIGH"
78,"N0","T0","Other/Unknown",0.2765,0.7235,"HIGH"
79,"N0","T0","Other/Unknown",0.2946,0.7054,"HIGH"
80,"N0","T0","Other/Unknown",0.24,0.76,"HIGH"
81,"N0","T0","Other/Unknown",0.2381,0.7619,"HIGH"
82,"N0","T0","Other/Unknown",0.2286,0.7714,"HIGH"
83,"N0","T0","Other/Unknown",0.2131,0.7869,"HIGH"
84,"N0","T0","Other/Unknown",0.2222,0.7778,"HIGH"
85,"N0","T0","Other/Unknown",0.5233,0.4767,"LOW"
86,"N0","T0","Other/Unknown",0.5538,0.4462,"LOW"
87,"N0","T0","Other/Unknown",0.3605,0.6395,"HIGH"
88,"N0","T0","Other/Unknown",0.2474,0.7526,"HIGH"
89,"N0","T0","Other/Unknown",0.3043,0.6957,"HIGH"
90,"N0","T0","Other/Unknown",0.3399,0.6601,"HIGH"
91,"N0","T0","Other/Unknown",0.3399,0.6601,"HIGH"
92,"N0","T0","Other/Unknown",0.3399,0.6601,"HIGH"
93,"N0","T0","Other/Unknown",0.3399,0.6601,"HIGH"
94,"N0","T0","Other/Unknown",0.3399,0.6601,"HIGH"
95,"N0","T0","Other/Unknown",0.3399,0.6601,"HIGH"
96,"N0","T0","Other/Unknown",0.3399,0.6601,"HIGH"
97,"N0","T0","Other/Unknown",0.3399,0.6601,"HIGH"
98,"N0","T0","Other/Unknown",0.3399,0.6601,"HIGH"
99,"N0","T0","Other/Unknown",0.3399,0.6601,"HIGH"
0,"N1","T0","Other/Unknown",0.7522,0.2478,"LOW"
1,"N1","T0","Other/Unknown",0.7522,0.2478,"LOW"
2,"N1","T0","Other/Unknown",0.7542,0.2458,"LOW"
3,"N1","T0","Other/Unknown",0.7552,0.2448,"LOW"
4,"N1","T0","Other/Unknown",0.7552,0.2448,"LOW"
5,"N1","T0","Other/Unknown",0.7552,0.2448,"LOW"
6,"N1","T0","Other/Unknown",0.7392,0.2608,"LOW"
7,"N1","T0","Other/Unknown",0.7392,0.2608,"LOW"
8,"N1","T0","Other/Unknown",0.7392,0.2608,"LOW"
9,"N1","T0","Other/Unknown",0.7412,0.2588,"LOW"
10,"N1","T0","Other/Unknown",0.7706,0.2294,"LOW"
11,"N1","T0","Other/Unknown",0.7766,0.2234,"LOW"
12,"N1","T0","Other/Unknown",0.7848,0.2152,"LOW"
13,"N1","T0","Other/Unknown",0.7848,0.2152,"LOW"
14,"N1","T0","Other/Unknown",0.78,0.22,"LOW"
15,"N1","T0","Other/Unknown",0.7473,0.2527,"LOW"
16,"N1","T0","Other/Unknown",0.7609,0.2391,"LOW"
17,"N1","T0","Other/Unknown",0.7677,0.2323,"LOW"
18,"N1","T0","Other/Unknown",0.7057,0.2943,"LOW"
19,"N1","T0","Other/Unknown",0.6794,0.3206,"LOW"
20,"N1","T0","Other/Unknown",0.7618,0.2382,"LOW"
21,"N1","T0","Other/Unknown",0.7558,0.2442,"LOW"
22,"N1","T0","Other/Unknown",0.7,0.3,"LOW"
23,"N1","T0","Other/Unknown",0.6951,0.3049,"LOW"
24,"N1","T0","Other/Unknown",0.6949,0.3051,"LOW"
25,"N1","T0","Other/Unknown",0.6759,0.3241,"LOW"
26,"N1","T0","Other/Unknown",0.6951,0.3049,"LOW"
27,"N1","T0","Other/Unknown",0.687,0.313,"LOW"
28,"N1","T0","Other/Unknown",0.7096,0.2904,"LOW"
29,"N1","T0","Other/Unknown",0.7649,0.2351,"LOW"
30,"N1","T0","Other/Unknown",0.7885,0.2115,"LOW"
31,"N1","T0","Other/Unknown",0.7957,0.2043,"LOW"
32,"N1","T0","Other/Unknown",0.7742,0.2258,"LOW"
33,"N1","T0","Other/Unknown",0.7833,0.2167,"LOW"
34,"N1","T0","Other/Unknown",0.7806,0.2194,"LOW"
35,"N1","T0","Other/Unknown",0.7719,0.2281,"LOW"
36,"N1","T0","Other/Unknown",0.7138,0.2862,"LOW"
37,"N1","T0","Other/Unknown",0.7208,0.2792,"LOW"
38,"N1","T0","Other/Unknown",0.7553,0.2447,"LOW"
39,"N1","T0","Other/Unknown",0.7537,0.2463,"LOW"
40,"N1","T0","Other/Unknown",0.7243,0.2757,"LOW"
41,"N1","T0","Other/Unknown",0.6797,0.3203,"LOW"
42,"N1","T0","Other/Unknown",0.6746,0.3254,"LOW"
43,"N1","T0","Other/Unknown",0.6835,0.3165,"LOW"
44,"N1","T0","Other/Unknown",0.6835,0.3165,"LOW"
45,"N1","T0","Other/Unknown",0.6984,0.3016,"LOW"
46,"N1","T0","Other/Unknown",0.6778,0.3222,"LOW"
47,"N1","T0","Other/Unknown",0.6413,0.3587,"LOW"
48,"N1","T0","Other/Unknown",0.625,0.375,"LOW"
49,"N1","T0","Other/Unknown",0.605,0.395,"LOW"
50,"N1","T0","Other/Unknown",0.623,0.377,"LOW"
51,"N1","T0","Other/Unknown",0.6281,0.3719,"LOW"
52,"N1","T0","Other/Unknown",0.5437,0.4563,"LOW"
53,"N1","T0","Other/Unknown",0.5731,0.4269,"LOW"
54,"N1","T0","Other/Unknown",0.5295,0.4705,"LOW"
55,"N1","T0","Other/Unknown",0.4935,0.5065,"HIGH"
56,"N1","T0","Other/Unknown",0.4958,0.5042,"HIGH"
57,"N1","T0","Other/Unknown",0.4207,0.5793,"HIGH"
58,"N1","T0","Other/Unknown",0.3673,0.6327,"HIGH"
59,"N1","T0","Other/Unknown",0.4691,0.5309,"HIGH"
60,"N1","T0","Other/Unknown",0.4352,0.5648,"HIGH"
61,"N1","T0","Other/Unknown",0.4053,0.5947,"HIGH"
62,"N1","T0","Other/Unknown",0.415,0.585,"HIGH"
63,"N1","T0","Other/Unknown",0.4153,0.5847,"HIGH"
64,"N1","T0","Other/Unknown",0.4477,0.5523,"HIGH"
65,"N1","T0","Other/Unknown",0.4606,0.5394,"HIGH"
66,"N1","T0","Other/Unknown",0.4304,0.5696,"HIGH"
67,"N1","T0","Other/Unknown",0.5809,0.4191,"LOW"
68,"N1","T0","Other/Unknown",0.5237,0.4763,"LOW"
69,"N1","T0","Other/Unknown",0.4481,0.5519,"HIGH"
70,"N1","T0","Other/Unknown",0.4929,0.5071,"HIGH"
71,"N1","T0","Other/Unknown",0.5858,0.4142,"LOW"
72,"N1","T0","Other/Unknown",0.6135,0.3865,"LOW"
73,"N1","T0","Other/Unknown",0.5772,0.4228,"LOW"
74,"N1","T0","Other/Unknown",0.6011,0.3989,"LOW"
75,"N1","T0","Other/Unknown",0.6157,0.3843,"LOW"
76,"N1","T0","Other/Unknown",0.6201,0.3799,"LOW"
77,"N1","T0","Other/Unknown",0.6314,0.3686,"LOW"
78,"N1","T0","Other/Unknown",0.4889,0.5111,"HIGH"
79,"N1","T0","Other/Unknown",0.5903,0.4097,"LOW"
80,"N1","T0","Other/Unknown",0.5022,0.4978,"LOW"
81,"N1","T0","Other/Unknown",0.4092,0.5908,"HIGH"
82,"N1","T0","Other/Unknown",0.3039,0.6961,"HIGH"
83,"N1","T0","Other/Unknown",0.2973,0.7027,"HIGH"
84,"N1","T0","Other/Unknown",0.2775,0.7225,"HIGH"
85,"N1","T0","Other/Unknown",0.282,0.718,"HIGH"
86,"N1","T0","Other/Unknown",0.3002,0.6998,"HIGH"
87,"N1","T0","Other/Unknown",0.2826,0.7174,"HIGH"
88,"N1","T0","Other/Unknown",0.3142,0.6858,"HIGH"
89,"N1","T0","Other/Unknown",0.3134,0.6866,"HIGH"
90,"N1","T0","Other/Unknown",0.2641,0.7359,"HIGH"
91,"N1","T0","Other/Unknown",0.2641,0.7359,"HIGH"
92,"N1","T0","Other/Unknown",0.2641,0.7359,"HIGH"
93,"N1","T0","Other/Unknown",0.2641,0.7359,"HIGH"
94,"N1","T0","Other/Unknown",0.2641,0.7359,"HIGH"
95,"N1","T0","Other/Unknown",0.2641,0.7359,"HIGH"
96,"N1","T0","Other/Unknown",0.2641,0.7359,"HIGH"
97,"N1","T0","Other/Unknown",0.2641,0.7359,"HIGH"
98,"N1","T0","Other/Unknown",0.2641,0.7359,"HIGH"
99,"N1","T0","Other/Unknown",0.2641,0.7359,"HIGH"
0,"Other/Unknown","T0","Other/Unknown",0.9209,0.0791,"LOW"
1,"Other/Unknown","T0","Other/Unknown",0.9209,0.0791,"LOW"
2,"Other/Unknown","T0","Other/Unknown",0.9327,0.0673,"LOW"
3,"Other/Unknown","T0","Other/Unknown",0.9347,0.0653,"LOW"
4,"Other/Unknown","T0","Other/Unknown",0.9347,0.0653,"LOW"
5,"Other/Unknown","T0","Other/Unknown",0.9347,0.0653,"LOW"
6,"Other/Unknown","T0","Other/Unknown",0.9367,0.0633,"LOW"
7,"Other/Unknown","T0","Other/Unknown",0.9367,0.0633,"LOW"
8,"Other/Unknown","T0","Other/Unknown",0.9367,0.0633,"LOW"
9,"Other/Unknown","T0","Other/Unknown",0.9367,0.0633,"LOW"
10,"Other/Unknown","T0","Other/Unknown",0.9367,0.0633,"LOW"
11,"Other/Unknown","T0","Other/Unknown",0.9367,0.0633,"LOW"
12,"Other/Unknown","T0","Other/Unknown",0.9228,0.0772,"LOW"
13,"Other/Unknown","T0","Other/Unknown",0.9376,0.0624,"LOW"
14,"Other/Unknown","T0","Other/Unknown",0.9367,0.0633,"LOW"
15,"Other/Unknown","T0","Other/Unknown",0.9379,0.0621,"LOW"
16,"Other/Unknown","T0","Other/Unknown",0.922,0.078,"LOW"
17,"Other/Unknown","T0","Other/Unknown",0.9398,0.0602,"LOW"
18,"Other/Unknown","T0","Other/Unknown",0.9263,0.0737,"LOW"
19,"Other/Unknown","T0","Other/Unknown",0.9318,0.0682,"LOW"
20,"Other/Unknown","T0","Other/Unknown",0.9284,0.0716,"LOW"
21,"Other/Unknown","T0","Other/Unknown",0.9311,0.0689,"LOW"
22,"Other/Unknown","T0","Other/Unknown",0.9226,0.0774,"LOW"
23,"Other/Unknown","T0","Other/Unknown",0.9351,0.0649,"LOW"
24,"Other/Unknown","T0","Other/Unknown",0.9326,0.0674,"LOW"
25,"Other/Unknown","T0","Other/Unknown",0.9197,0.0803,"LOW"
26,"Other/Unknown","T0","Other/Unknown",0.9315,0.0685,"LOW"
27,"Other/Unknown","T0","Other/Unknown",0.9334,0.0666,"LOW"
28,"Other/Unknown","T0","Other/Unknown",0.9409,0.0591,"LOW"
29,"Other/Unknown","T0","Other/Unknown",0.9394,0.0606,"LOW"
30,"Other/Unknown","T0","Other/Unknown",0.9204,0.0796,"LOW"
31,"Other/Unknown","T0","Other/Unknown",0.9301,0.0699,"LOW"
32,"Other/Unknown","T0","Other/Unknown",0.934,0.066,"LOW"
33,"Other/Unknown","T0","Other/Unknown",0.9395,0.0605,"LOW"
34,"Other/Unknown","T0","Other/Unknown",0.9347,0.0653,"LOW"
35,"Other/Unknown","T0","Other/Unknown",0.9355,0.0645,"LOW"
36,"Other/Unknown","T0","Other/Unknown",0.9354,0.0646,"LOW"
37,"Other/Unknown","T0","Other/Unknown",0.9275,0.0725,"LOW"
38,"Other/Unknown","T0","Other/Unknown",0.8973,0.1027,"LOW"
39,"Other/Unknown","T0","Other/Unknown",0.9125,0.0875,"LOW"
40,"Other/Unknown","T0","Other/Unknown",0.9126,0.0874,"LOW"
41,"Other/Unknown","T0","Other/Unknown",0.9135,0.0865,"LOW"
42,"Other/Unknown","T0","Other/Unknown",0.8791,0.1209,"LOW"
43,"Other/Unknown","T0","Other/Unknown",0.9266,0.0734,"LOW"
44,"Other/Unknown","T0","Other/Unknown",0.9087,0.0913,"LOW"
45,"Other/Unknown","T0","Other/Unknown",0.8385,0.1615,"LOW"
46,"Other/Unknown","T0","Other/Unknown",0.8356,0.1644,"LOW"
47,"Other/Unknown","T0","Other/Unknown",0.8335,0.1665,"LOW"
48,"Other/Unknown","T0","Other/Unknown",0.8595,0.1405,"LOW"
49,"Other/Unknown","T0","Other/Unknown",0.833,0.167,"LOW"
50,"Other/Unknown","T0","Other/Unknown",0.8033,0.1967,"LOW"
51,"Other/Unknown","T0","Other/Unknown",0.7405,0.2595,"LOW"
52,"Other/Unknown","T0","Other/Unknown",0.7344,0.2656,"LOW"
53,"Other/Unknown","T0","Other/Unknown",0.687,0.313,"LOW"
54,"Other/Unknown","T0","Other/Unknown",0.7805,0.2195,"LOW"
55,"Other/Unknown","T0","Other/Unknown",0.6471,0.3529,"LOW"
56,"Other/Unknown","T0","Other/Unknown",0.7853,0.2147,"LOW"
57,"Other/Unknown","T0","Other/Unknown",0.8342,0.1658,"LOW"
58,"Other/Unknown","T0","Other/Unknown",0.8238,0.1762,"LOW"
59,"Other/Unknown","T0","Other/Unknown",0.6421,0.3579,"LOW"
60,"Other/Unknown","T0","Other/Unknown",0.5732,0.4268,"LOW"
61,"Other/Unknown","T0","Other/Unknown",0.4098,0.5902,"HIGH"
62,"Other/Unknown","T0","Other/Unknown",0.2719,0.7281,"HIGH"
63,"Other/Unknown","T0","Other/Unknown",0.2939,0.7061,"HIGH"
64,"Other/Unknown","T0","Other/Unknown",0.1998,0.8002,"HIGH"
65,"Other/Unknown","T0","Other/Unknown",0.2617,0.7383,"HIGH"
66,"Other/Unknown","T0","Other/Unknown",0.23,0.77,"HIGH"
67,"Other/Unknown","T0","Other/Unknown",0.2524,0.7476,"HIGH"
68,"Other/Unknown","T0","Other/Unknown",0.3075,0.6925,"HIGH"
69,"Other/Unknown","T0","Other/Unknown",0.2817,0.7183,"HIGH"
70,"Other/Unknown","T0","Other/Unknown",0.2403,0.7597,"HIGH"
71,"Other/Unknown","T0","Other/Unknown",0.1682,0.8318,"HIGH"
72,"Other/Unknown","T0","Other/Unknown",0.1478,0.8522,"HIGH"
73,"Other/Unknown","T0","Other/Unknown",0.1717,0.8283,"HIGH"
74,"Other/Unknown","T0","Other/Unknown",0.2487,0.7513,"HIGH"
75,"Other/Unknown","T0","Other/Unknown",0.239,0.761,"HIGH"
76,"Other/Unknown","T0","Other/Unknown",0.3206,0.6794,"HIGH"
77,"Other/Unknown","T0","Other/Unknown",0.3012,0.6988,"HIGH"
78,"Other/Unknown","T0","Other/Unknown",0.2879,0.7121,"HIGH"
79,"Other/Unknown","T0","Other/Unknown",0.2506,0.7494,"HIGH"
80,"Other/Unknown","T0","Other/Unknown",0.2758,0.7242,"HIGH"
81,"Other/Unknown","T0","Other/Unknown",0.3506,0.6494,"HIGH"
82,"Other/Unknown","T0","Other/Unknown",0.1739,0.8261,"HIGH"
83,"Other/Unknown","T0","Other/Unknown",0.2297,0.7703,"HIGH"
84,"Other/Unknown","T0","Other/Unknown",0.3123,0.6877,"HIGH"
85,"Other/Unknown","T0","Other/Unknown",0.4843,0.5157,"HIGH"
86,"Other/Unknown","T0","Other/Unknown",0.5306,0.4694,"LOW"
87,"Other/Unknown","T0","Other/Unknown",0.6444,0.3556,"LOW"
88,"Other/Unknown","T0","Other/Unknown",0.5798,0.4202,"LOW"
89,"Other/Unknown","T0","Other/Unknown",0.2649,0.7351,"HIGH"
90,"Other/Unknown","T0","Other/Unknown",0.2152,0.7848,"HIGH"
91,"Other/Unknown","T0","Other/Unknown",0.2152,0.7848,"HIGH"
92,"Other/Unknown","T0","Other/Unknown",0.2152,0.7848,"HIGH"
93,"Other/Unknown","T0","Other/Unknown",0.2152,0.7848,"HIGH"
94,"Other/Unknown","T0","Other/Unknown",0.2152,0.7848,"HIGH"
95,"Other/Unknown","T0","Other/Unknown",0.2152,0.7848,"HIGH"
96,"Other/Unknown","T0","Other/Unknown",0.2152,0.7848,"HIGH"
97,"Other/Unknown","T0","Other/Unknown",0.2152,0.7848,"HIGH"
98,"Other/Unknown","T0","Other/Unknown",0.2152,0.7848,"HIGH"
99,"Other/Unknown","T0","Other/Unknown",0.2152,0.7848,"HIGH"
0,"N0","Other/Unknown","Other/Unknown",0.5056,0.4944,"LOW"
1,"N0","Other/Unknown","Other/Unknown",0.5056,0.4944,"LOW"
2,"N0","Other/Unknown","Other/Unknown",0.9118,0.0882,"LOW"
3,"N0","Other/Unknown","Other/Unknown",0.9431,0.0569,"LOW"
4,"N0","Other/Unknown","Other/Unknown",0.9588,0.0412,"LOW"
5,"N0","Other/Unknown","Other/Unknown",0.9653,0.0347,"LOW"
6,"N0","Other/Unknown","Other/Unknown",0.9653,0.0347,"LOW"
7,"N0","Other/Unknown","Other/Unknown",0.9663,0.0337,"LOW"
8,"N0","Other/Unknown","Other/Unknown",0.9662,0.0338,"LOW"
9,"N0","Other/Unknown","Other/Unknown",0.9662,0.0338,"LOW"
10,"N0","Other/Unknown","Other/Unknown",0.9662,0.0338,"LOW"
11,"N0","Other/Unknown","Other/Unknown",0.9662,0.0338,"LOW"
12,"N0","Other/Unknown","Other/Unknown",0.9457,0.0543,"LOW"
13,"N0","Other/Unknown","Other/Unknown",0.9691,0.0309,"LOW"
14,"N0","Other/Unknown","Other/Unknown",0.9695,0.0305,"LOW"
15,"N0","Other/Unknown","Other/Unknown",0.9695,0.0305,"LOW"
16,"N0","Other/Unknown","Other/Unknown",0.9695,0.0305,"LOW"
17,"N0","Other/Unknown","Other/Unknown",0.9695,0.0305,"LOW"
18,"N0","Other/Unknown","Other/Unknown",0.9695,0.0305,"LOW"
19,"N0","Other/Unknown","Other/Unknown",0.9595,0.0405,"LOW"
20,"N0","Other/Unknown","Other/Unknown",0.9684,0.0316,"LOW"
21,"N0","Other/Unknown","Other/Unknown",0.9619,0.0381,"LOW"
22,"N0","Other/Unknown","Other/Unknown",0.9686,0.0314,"LOW"
23,"N0","Other/Unknown","Other/Unknown",0.9687,0.0313,"LOW"
24,"N0","Other/Unknown","Other/Unknown",0.9626,0.0374,"LOW"
25,"N0","Other/Unknown","Other/Unknown",0.971,0.029,"LOW"
26,"N0","Other/Unknown","Other/Unknown",0.971,0.029,"LOW"
27,"N0","Other/Unknown","Other/Unknown",0.971,0.029,"LOW"
28,"N0","Other/Unknown","Other/Unknown",0.9709,0.0291,"LOW"
29,"N0","Other/Unknown","Other/Unknown",0.9704,0.0296,"LOW"
30,"N0","Other/Unknown","Other/Unknown",0.9626,0.0374,"LOW"
31,"N0","Other/Unknown","Other/Unknown",0.9617,0.0383,"LOW"
32,"N0","Other/Unknown","Other/Unknown",0.9662,0.0338,"LOW"
33,"N0","Other/Unknown","Other/Unknown",0.9612,0.0388,"LOW"
34,"N0","Other/Unknown","Other/Unknown",0.9545,0.0455,"LOW"
35,"N0","Other/Unknown","Other/Unknown",0.9355,0.0645,"LOW"
36,"N0","Other/Unknown","Other/Unknown",0.953,0.047,"LOW"
37,"N0","Other/Unknown","Other/Unknown",0.9547,0.0453,"LOW"
38,"N0","Other/Unknown","Other/Unknown",0.946,0.054,"LOW"
39,"N0","Other/Unknown","Other/Unknown",0.9296,0.0704,"LOW"
40,"N0","Other/Unknown","Other/Unknown",0.9438,0.0562,"LOW"
41,"N0","Other/Unknown","Other/Unknown",0.9439,0.0561,"LOW"
42,"N0","Other/Unknown","Other/Unknown",0.9457,0.0543,"LOW"
43,"N0","Other/Unknown","Other/Unknown",0.9475,0.0525,"LOW"
44,"N0","Other/Unknown","Other/Unknown",0.9421,0.0579,"LOW"
45,"N0","Other/Unknown","Other/Unknown",0.9495,0.0505,"LOW"
46,"N0","Other/Unknown","Other/Unknown",0.9496,0.0504,"LOW"
47,"N0","Other/Unknown","Other/Unknown",0.942,0.058,"LOW"
48,"N0","Other/Unknown","Other/Unknown",0.9457,0.0543,"LOW"
49,"N0","Other/Unknown","Other/Unknown",0.9451,0.0549,"LOW"
50,"N0","Other/Unknown","Other/Unknown",0.9396,0.0604,"LOW"
51,"N0","Other/Unknown","Other/Unknown",0.9409,0.0591,"LOW"
52,"N0","Other/Unknown","Other/Unknown",0.9365,0.0635,"LOW"
53,"N0","Other/Unknown","Other/Unknown",0.9327,0.0673,"LOW"
54,"N0","Other/Unknown","Other/Unknown",0.9355,0.0645,"LOW"
55,"N0","Other/Unknown","Other/Unknown",0.94,0.06,"LOW"
56,"N0","Other/Unknown","Other/Unknown",0.9403,0.0597,"LOW"
57,"N0","Other/Unknown","Other/Unknown",0.9358,0.0642,"LOW"
58,"N0","Other/Unknown","Other/Unknown",0.936,0.064,"LOW"
59,"N0","Other/Unknown","Other/Unknown",0.8949,0.1051,"LOW"
60,"N0","Other/Unknown","Other/Unknown",0.8963,0.1037,"LOW"
61,"N0","Other/Unknown","Other/Unknown",0.8847,0.1153,"LOW"
62,"N0","Other/Unknown","Other/Unknown",0.8866,0.1134,"LOW"
63,"N0","Other/Unknown","Other/Unknown",0.8735,0.1265,"LOW"
64,"N0","Other/Unknown","Other/Unknown",0.8669,0.1331,"LOW"
65,"N0","Other/Unknown","Other/Unknown",0.8629,0.1371,"LOW"
66,"N0","Other/Unknown","Other/Unknown",0.8654,0.1346,"LOW"
67,"N0","Other/Unknown","Other/Unknown",0.8269,0.1731,"LOW"
68,"N0","Other/Unknown","Other/Unknown",0.82,0.18,"LOW"
69,"N0","Other/Unknown","Other/Unknown",0.8173,0.1827,"LOW"
70,"N0","Other/Unknown","Other/Unknown",0.8308,0.1692,"LOW"
71,"N0","Other/Unknown","Other/Unknown",0.8316,0.1684,"LOW"
72,"N0","Other/Unknown","Other/Unknown",0.84,0.16,"LOW"
73,"N0","Other/Unknown","Other/Unknown",0.8329,0.1671,"LOW"
74,"N0","Other/Unknown","Other/Unknown",0.8029,0.1971,"LOW"
75,"N0","Other/Unknown","Other/Unknown",0.816,0.184,"LOW"
76,"N0","Other/Unknown","Other/Unknown",0.8141,0.1859,"LOW"
77,"N0","Other/Unknown","Other/Unknown",0.8206,0.1794,"LOW"
78,"N0","Other/Unknown","Other/Unknown",0.8182,0.1818,"LOW"
79,"N0","Other/Unknown","Other/Unknown",0.7877,0.2123,"LOW"
80,"N0","Other/Unknown","Other/Unknown",0.7489,0.2511,"LOW"
81,"N0","Other/Unknown","Other/Unknown",0.7836,0.2164,"LOW"
82,"N0","Other/Unknown","Other/Unknown",0.7712,0.2288,"LOW"
83,"N0","Other/Unknown","Other/Unknown",0.7552,0.2448,"LOW"
84,"N0","Other/Unknown","Other/Unknown",0.7712,0.2288,"LOW"
85,"N0","Other/Unknown","Other/Unknown",0.7914,0.2086,"LOW"
86,"N0","Other/Unknown","Other/Unknown",0.7985,0.2015,"LOW"
87,"N0","Other/Unknown","Other/Unknown",0.7123,0.2877,"LOW"
88,"N0","Other/Unknown","Other/Unknown",0.664,0.336,"LOW"
89,"N0","Other/Unknown","Other/Unknown",0.6364,0.3636,"LOW"
90,"N0","Other/Unknown","Other/Unknown",0.6673,0.3327,"LOW"
91,"N0","Other/Unknown","Other/Unknown",0.6673,0.3327,"LOW"
92,"N0","Other/Unknown","Other/Unknown",0.6673,0.3327,"LOW"
93,"N0","Other/Unknown","Other/Unknown",0.6673,0.3327,"LOW"
94,"N0","Other/Unknown","Other/Unknown",0.6673,0.3327,"LOW"
95,"N0","Other/Unknown","Other/Unknown",0.6673,0.3327,"LOW"
96,"N0","Other/Unknown","Other/Unknown",0.6673,0.3327,"LOW"
97,"N0","Other/Unknown","Other/Unknown",0.6673,0.3327,"LOW"
98,"N0","Other/Unknown","Other/Unknown",0.6673,0.3327,"LOW"
99,"N0","Other/Unknown","Other/Unknown",0.6673,0.3327,"LOW"
0,"N1","Other/Unknown","Other/Unknown",0.6608,0.3392,"LOW"
1,"N1","Other/Unknown","Other/Unknown",0.6608,0.3392,"LOW"
2,"N1","Other/Unknown","Other/Unknown",0.6628,0.3372,"LOW"
3,"N1","Other/Unknown","Other/Unknown",0.6637,0.3363,"LOW"
4,"N1","Other/Unknown","Other/Unknown",0.6637,0.3363,"LOW"
5,"N1","Other/Unknown","Other/Unknown",0.6637,0.3363,"LOW"
6,"N1","Other/Unknown","Other/Unknown",0.5573,0.4427,"LOW"
7,"N1","Other/Unknown","Other/Unknown",0.5573,0.4427,"LOW"
8,"N1","Other/Unknown","Other/Unknown",0.5553,0.4447,"LOW"
9,"N1","Other/Unknown","Other/Unknown",0.5593,0.4407,"LOW"
10,"N1","Other/Unknown","Other/Unknown",0.7217,0.2783,"LOW"
11,"N1","Other/Unknown","Other/Unknown",0.7277,0.2723,"LOW"
12,"N1","Other/Unknown","Other/Unknown",0.7809,0.2191,"LOW"
13,"N1","Other/Unknown","Other/Unknown",0.7811,0.2189,"LOW"
14,"N1","Other/Unknown","Other/Unknown",0.7811,0.2189,"LOW"
15,"N1","Other/Unknown","Other/Unknown",0.7791,0.2209,"LOW"
16,"N1","Other/Unknown","Other/Unknown",0.7791,0.2209,"LOW"
17,"N1","Other/Unknown","Other/Unknown",0.7748,0.2252,"LOW"
18,"N1","Other/Unknown","Other/Unknown",0.6646,0.3354,"LOW"
19,"N1","Other/Unknown","Other/Unknown",0.6543,0.3457,"LOW"
20,"N1","Other/Unknown","Other/Unknown",0.6593,0.3407,"LOW"
21,"N1","Other/Unknown","Other/Unknown",0.6205,0.3795,"LOW"
22,"N1","Other/Unknown","Other/Unknown",0.6102,0.3898,"LOW"
23,"N1","Other/Unknown","Other/Unknown",0.4843,0.5157,"HIGH"
24,"N1","Other/Unknown","Other/Unknown",0.4729,0.5271,"HIGH"
25,"N1","Other/Unknown","Other/Unknown",0.4708,0.5292,"HIGH"
26,"N1","Other/Unknown","Other/Unknown",0.5887,0.4113,"LOW"
27,"N1","Other/Unknown","Other/Unknown",0.5795,0.4205,"LOW"
28,"N1","Other/Unknown","Other/Unknown",0.5188,0.4812,"LOW"
29,"N1","Other/Unknown","Other/Unknown",0.5109,0.4891,"LOW"
30,"N1","Other/Unknown","Other/Unknown",0.5507,0.4493,"LOW"
31,"N1","Other/Unknown","Other/Unknown",0.5803,0.4197,"LOW"
32,"N1","Other/Unknown","Other/Unknown",0.5846,0.4154,"LOW"
33,"N1","Other/Unknown","Other/Unknown",0.5611,0.4389,"LOW"
34,"N1","Other/Unknown","Other/Unknown",0.5123,0.4877,"LOW"
35,"N1","Other/Unknown","Other/Unknown",0.4866,0.5134,"HIGH"
36,"N1","Other/Unknown","Other/Unknown",0.484,0.516,"HIGH"
37,"N1","Other/Unknown","Other/Unknown",0.5032,0.4968,"LOW"
38,"N1","Other/Unknown","Other/Unknown",0.596,0.404,"LOW"
39,"N1","Other/Unknown","Other/Unknown",0.5746,0.4254,"LOW"
40,"N1","Other/Unknown","Other/Unknown",0.5881,0.4119,"LOW"
41,"N1","Other/Unknown","Other/Unknown",0.5606,0.4394,"LOW"
42,"N1","Other/Unknown","Other/Unknown",0.5744,0.4256,"LOW"
43,"N1","Other/Unknown","Other/Unknown",0.4922,0.5078,"HIGH"
44,"N1","Other/Unknown","Other/Unknown",0.4542,0.5458,"HIGH"
45,"N1","Other/Unknown","Other/Unknown",0.4548,0.5452,"HIGH"
46,"N1","Other/Unknown","Other/Unknown",0.4405,0.5595,"HIGH"
47,"N1","Other/Unknown","Other/Unknown",0.381,0.619,"HIGH"
48,"N1","Other/Unknown","Other/Unknown",0.4015,0.5985,"HIGH"
49,"N1","Other/Unknown","Other/Unknown",0.4449,0.5551,"HIGH"
50,"N1","Other/Unknown","Other/Unknown",0.4122,0.5878,"HIGH"
51,"N1","Other/Unknown","Other/Unknown",0.4131,0.5869,"HIGH"
52,"N1","Other/Unknown","Other/Unknown",0.4176,0.5824,"HIGH"
53,"N1","Other/Unknown","Other/Unknown",0.4266,0.5734,"HIGH"
54,"N1","Other/Unknown","Other/Unknown",0.4961,0.5039,"HIGH"
55,"N1","Other/Unknown","Other/Unknown",0.387,0.613,"HIGH"
56,"N1","Other/Unknown","Other/Unknown",0.3698,0.6302,"HIGH"
57,"N1","Other/Unknown","Other/Unknown",0.4158,0.5842,"HIGH"
58,"N1","Other/Unknown","Other/Unknown",0.3673,0.6327,"HIGH"
59,"N1","Other/Unknown","Other/Unknown",0.5039,0.4961,"LOW"
60,"N1","Other/Unknown","Other/Unknown",0.4722,0.5278,"HIGH"
61,"N1","Other/Unknown","Other/Unknown",0.4601,0.5399,"HIGH"
62,"N1","Other/Unknown","Other/Unknown",0.4391,0.5609,"HIGH"
63,"N1","Other/Unknown","Other/Unknown",0.4428,0.5572,"HIGH"
64,"N1","Other/Unknown","Other/Unknown",0.4607,0.5393,"HIGH"
65,"N1","Other/Unknown","Other/Unknown",0.4764,0.5236,"HIGH"
66,"N1","Other/Unknown","Other/Unknown",0.4491,0.5509,"HIGH"
67,"N1","Other/Unknown","Other/Unknown",0.4591,0.5409,"HIGH"
68,"N1","Other/Unknown","Other/Unknown",0.44,0.56,"HIGH"
69,"N1","Other/Unknown","Other/Unknown",0.4441,0.5559,"HIGH"
70,"N1","Other/Unknown","Other/Unknown",0.4147,0.5853,"HIGH"
71,"N1","Other/Unknown","Other/Unknown",0.4577,0.5423,"HIGH"
72,"N1","Other/Unknown","Other/Unknown",0.4862,0.5138,"HIGH"
73,"N1","Other/Unknown","Other/Unknown",0.4879,0.5121,"HIGH"
74,"N1","Other/Unknown","Other/Unknown",0.4721,0.5279,"HIGH"
75,"N1","Other/Unknown","Other/Unknown",0.4375,0.5625,"HIGH"
76,"N1","Other/Unknown","Other/Unknown",0.4386,0.5614,"HIGH"
77,"N1","Other/Unknown","Other/Unknown",0.4456,0.5544,"HIGH"
78,"N1","Other/Unknown","Other/Unknown",0.4633,0.5367,"HIGH"
79,"N1","Other/Unknown","Other/Unknown",0.4436,0.5564,"HIGH"
80,"N1","Other/Unknown","Other/Unknown",0.4364,0.5636,"HIGH"
81,"N1","Other/Unknown","Other/Unknown",0.4418,0.5582,"HIGH"
82,"N1","Other/Unknown","Other/Unknown",0.466,0.534,"HIGH"
83,"N1","Other/Unknown","Other/Unknown",0.425,0.575,"HIGH"
84,"N1","Other/Unknown","Other/Unknown",0.3881,0.6119,"HIGH"
85,"N1","Other/Unknown","Other/Unknown",0.3742,0.6258,"HIGH"
86,"N1","Other/Unknown","Other/Unknown",0.4593,0.5407,"HIGH"
87,"N1","Other/Unknown","Other/Unknown",0.4419,0.5581,"HIGH"
88,"N1","Other/Unknown","Other/Unknown",0.4418,0.5582,"HIGH"
89,"N1","Other/Unknown","Other/Unknown",0.403,0.597,"HIGH"
90,"N1","Other/Unknown","Other/Unknown",0.4795,0.5205,"HIGH"
91,"N1","Other/Unknown","Other/Unknown",0.4795,0.5205,"HIGH"
92,"N1","Other/Unknown","Other/Unknown",0.4795,0.5205,"HIGH"
93,"N1","Other/Unknown","Other/Unknown",0.4795,0.5205,"HIGH"
94,"N1","Other/Unknown","Other/Unknown",0.4795,0.5205,"HIGH"
95,"N1","Other/Unknown","Other/Unknown",0.4795,0.5205,"HIGH"
96,"N1","Other/Unknown","Other/Unknown",0.4795,0.5205,"HIGH"
97,"N1","Other/Unknown","Other/Unknown",0.4795,0.5205,"HIGH"
98,"N1","Other/Unknown","Other/Unknown",0.4795,0.5205,"HIGH"
99,"N1","Other/Unknown","Other/Unknown",0.4795,0.5205,"HIGH"
0,"Other/Unknown","Other/Unknown","Other/Unknown",0.906,0.094,"LOW"
1,"Other/Unknown","Other/Unknown","Other/Unknown",0.906,0.094,"LOW"
2,"Other/Unknown","Other/Unknown","Other/Unknown",0.9295,0.0705,"LOW"
3,"Other/Unknown","Other/Unknown","Other/Unknown",0.9315,0.0685,"LOW"
4,"Other/Unknown","Other/Unknown","Other/Unknown",0.9315,0.0685,"LOW"
5,"Other/Unknown","Other/Unknown","Other/Unknown",0.9315,0.0685,"LOW"
6,"Other/Unknown","Other/Unknown","Other/Unknown",0.9315,0.0685,"LOW"
7,"Other/Unknown","Other/Unknown","Other/Unknown",0.9315,0.0685,"LOW"
8,"Other/Unknown","Other/Unknown","Other/Unknown",0.9315,0.0685,"LOW"
9,"Other/Unknown","Other/Unknown","Other/Unknown",0.9315,0.0685,"LOW"
10,"Other/Unknown","Other/Unknown","Other/Unknown",0.9315,0.0685,"LOW"
11,"Other/Unknown","Other/Unknown","Other/Unknown",0.9315,0.0685,"LOW"
12,"Other/Unknown","Other/Unknown","Other/Unknown",0.9049,0.0951,"LOW"
13,"Other/Unknown","Other/Unknown","Other/Unknown",0.9332,0.0668,"LOW"
14,"Other/Unknown","Other/Unknown","Other/Unknown",0.9334,0.0666,"LOW"
15,"Other/Unknown","Other/Unknown","Other/Unknown",0.9334,0.0666,"LOW"
16,"Other/Unknown","Other/Unknown","Other/Unknown",0.8983,0.1017,"LOW"
17,"Other/Unknown","Other/Unknown","Other/Unknown",0.9321,0.0679,"LOW"
18,"Other/Unknown","Other/Unknown","Other/Unknown",0.9327,0.0673,"LOW"
19,"Other/Unknown","Other/Unknown","Other/Unknown",0.9319,0.0681,"LOW"
20,"Other/Unknown","Other/Unknown","Other/Unknown",0.9239,0.0761,"LOW"
21,"Other/Unknown","Other/Unknown","Other/Unknown",0.9273,0.0727,"LOW"
22,"Other/Unknown","Other/Unknown","Other/Unknown",0.9082,0.0918,"LOW"
23,"Other/Unknown","Other/Unknown","Other/Unknown",0.9224,0.0776,"LOW"
24,"Other/Unknown","Other/Unknown","Other/Unknown",0.9121,0.0879,"LOW"
25,"Other/Unknown","Other/Unknown","Other/Unknown",0.8793,0.1207,"LOW"
26,"Other/Unknown","Other/Unknown","Other/Unknown",0.8935,0.1065,"LOW"
27,"Other/Unknown","Other/Unknown","Other/Unknown",0.9092,0.0908,"LOW"
28,"Other/Unknown","Other/Unknown","Other/Unknown",0.9176,0.0824,"LOW"
29,"Other/Unknown","Other/Unknown","Other/Unknown",0.9119,0.0881,"LOW"
30,"Other/Unknown","Other/Unknown","Other/Unknown",0.8668,0.1332,"LOW"
31,"Other/Unknown","Other/Unknown","Other/Unknown",0.8929,0.1071,"LOW"
32,"Other/Unknown","Other/Unknown","Other/Unknown",0.9162,0.0838,"LOW"
33,"Other/Unknown","Other/Unknown","Other/Unknown",0.9133,0.0867,"LOW"
34,"Other/Unknown","Other/Unknown","Other/Unknown",0.9065,0.0935,"LOW"
35,"Other/Unknown","Other/Unknown","Other/Unknown",0.913,0.087,"LOW"
36,"Other/Unknown","Other/Unknown","Other/Unknown",0.8993,0.1007,"LOW"
37,"Other/Unknown","Other/Unknown","Other/Unknown",0.8921,0.1079,"LOW"
38,"Other/Unknown","Other/Unknown","Other/Unknown",0.8803,0.1197,"LOW"
39,"Other/Unknown","Other/Unknown","Other/Unknown",0.8656,0.1344,"LOW"
40,"Other/Unknown","Other/Unknown","Other/Unknown",0.8705,0.1295,"LOW"
41,"Other/Unknown","Other/Unknown","Other/Unknown",0.8669,0.1331,"LOW"
42,"Other/Unknown","Other/Unknown","Other/Unknown",0.8657,0.1343,"LOW"
43,"Other/Unknown","Other/Unknown","Other/Unknown",0.8692,0.1308,"LOW"
44,"Other/Unknown","Other/Unknown","Other/Unknown",0.8422,0.1578,"LOW"
45,"Other/Unknown","Other/Unknown","Other/Unknown",0.8512,0.1488,"LOW"
46,"Other/Unknown","Other/Unknown","Other/Unknown",0.8467,0.1533,"LOW"
47,"Other/Unknown","Other/Unknown","Other/Unknown",0.8422,0.1578,"LOW"
48,"Other/Unknown","Other/Unknown","Other/Unknown",0.8512,0.1488,"LOW"
49,"Other/Unknown","Other/Unknown","Other/Unknown",0.8387,0.1613,"LOW"
50,"Other/Unknown","Other/Unknown","Other/Unknown",0.827,0.173,"LOW"
51,"Other/Unknown","Other/Unknown","Other/Unknown",0.8405,0.1595,"LOW"
52,"Other/Unknown","Other/Unknown","Other/Unknown",0.8332,0.1668,"LOW"
53,"Other/Unknown","Other/Unknown","Other/Unknown",0.8203,0.1797,"LOW"
54,"Other/Unknown","Other/Unknown","Other/Unknown",0.8083,0.1917,"LOW"
55,"Other/Unknown","Other/Unknown","Other/Unknown",0.7932,0.2068,"LOW"
56,"Other/Unknown","Other/Unknown","Other/Unknown",0.781,0.219,"LOW"
57,"Other/Unknown","Other/Unknown","Other/Unknown",0.7906,0.2094,"LOW"
58,"Other/Unknown","Other/Unknown","Other/Unknown",0.7839,0.2161,"LOW"
59,"Other/Unknown","Other/Unknown","Other/Unknown",0.7491,0.2509,"LOW"
60,"Other/Unknown","Other/Unknown","Other/Unknown",0.7858,0.2142,"LOW"
61,"Other/Unknown","Other/Unknown","Other/Unknown",0.7433,0.2567,"LOW"
62,"Other/Unknown","Other/Unknown","Other/Unknown",0.7363,0.2637,"LOW"
63,"Other/Unknown","Other/Unknown","Other/Unknown",0.7465,0.2535,"LOW"
64,"Other/Unknown","Other/Unknown","Other/Unknown",0.6938,0.3062,"LOW"
65,"Other/Unknown","Other/Unknown","Other/Unknown",0.7049,0.2951,"LOW"
66,"Other/Unknown","Other/Unknown","Other/Unknown",0.7013,0.2987,"LOW"
67,"Other/Unknown","Other/Unknown","Other/Unknown",0.6845,0.3155,"LOW"
68,"Other/Unknown","Other/Unknown","Other/Unknown",0.6725,0.3275,"LOW"
69,"Other/Unknown","Other/Unknown","Other/Unknown",0.6894,0.3106,"LOW"
70,"Other/Unknown","Other/Unknown","Other/Unknown",0.6636,0.3364,"LOW"
71,"Other/Unknown","Other/Unknown","Other/Unknown",0.6522,0.3478,"LOW"
72,"Other/Unknown","Other/Unknown","Other/Unknown",0.6605,0.3395,"LOW"
73,"Other/Unknown","Other/Unknown","Other/Unknown",0.665,0.335,"LOW"
74,"Other/Unknown","Other/Unknown","Other/Unknown",0.6555,0.3445,"LOW"
75,"Other/Unknown","Other/Unknown","Other/Unknown",0.6713,0.3287,"LOW"
76,"Other/Unknown","Other/Unknown","Other/Unknown",0.6457,0.3543,"LOW"
77,"Other/Unknown","Other/Unknown","Other/Unknown",0.645,0.355,"LOW"
78,"Other/Unknown","Other/Unknown","Other/Unknown",0.6648,0.3352,"LOW"
79,"Other/Unknown","Other/Unknown","Other/Unknown",0.5624,0.4376,"LOW"
80,"Other/Unknown","Other/Unknown","Other/Unknown",0.5778,0.4222,"LOW"
81,"Other/Unknown","Other/Unknown","Other/Unknown",0.62,0.38,"LOW"
82,"Other/Unknown","Other/Unknown","Other/Unknown",0.541,0.459,"LOW"
83,"Other/Unknown","Other/Unknown","Other/Unknown",0.5692,0.4308,"LOW"
84,"Other/Unknown","Other/Unknown","Other/Unknown",0.5621,0.4379,"LOW"
85,"Other/Unknown","Other/Unknown","Other/Unknown",0.5309,0.4691,"LOW"
86,"Other/Unknown","Other/Unknown","Other/Unknown",0.4998,0.5002,"HIGH"
87,"Other/Unknown","Other/Unknown","Other/Unknown",0.5585,0.4415,"LOW"
88,"Other/Unknown","Other/Unknown","Other/Unknown",0.5974,0.4026,"LOW"
89,"Other/Unknown","Other/Unknown","Other/Unknown",0.3725,0.6275,"HIGH"
90,"Other/Unknown","Other/Unknown","Other/Unknown",0.4031,0.5969,"HIGH"
91,"Other/Unknown","Other/Unknown","Other/Unknown",0.4031,0.5969,"HIGH"
92,"Other/Unknown","Other/Unknown","Other/Unknown",0.4031,0.5969,"HIGH"
93,"Other/Unknown","Other/Unknown","Other/Unknown",0.4031,0.5969,"HIGH"
94,"Other/Unknown","Other/Unknown","Other/Unknown",0.4031,0.5969,"HIGH"
95,"Other/Unknown","Other/Unknown","Other/Unknown",0.4031,0.5969,"HIGH"
96,"Other/Unknown","Other/Unknown","Other/Unknown",0.4031,0.5969,"HIGH"
97,"Other/Unknown","Other/Unknown","Other/Unknown",0.4031,0.5969,"HIGH"
98,"Other/Unknown","Other/Unknown","Other/Unknown",0.4031,0.5969,"HIGH"
99,"Other/Unknown","Other/Unknown","Other/Unknown",0.4031,0.5969,"HIGH"
0,"N0","T1","Other/Unknown",0.9675,0.0325,"LOW"
1,"N0","T1","Other/Unknown",0.9675,0.0325,"LOW"
2,"N0","T1","Other/Unknown",0.9873,0.0127,"LOW"
3,"N0","T1","Other/Unknown",0.9873,0.0127,"LOW"
4,"N0","T1","Other/Unknown",0.9873,0.0127,"LOW"
5,"N0","T1","Other/Unknown",0.9873,0.0127,"LOW"
6,"N0","T1","Other/Unknown",0.9873,0.0127,"LOW"
7,"N0","T1","Other/Unknown",0.9873,0.0127,"LOW"
8,"N0","T1","Other/Unknown",0.9873,0.0127,"LOW"
9,"N0","T1","Other/Unknown",0.9873,0.0127,"LOW"
10,"N0","T1","Other/Unknown",0.9873,0.0127,"LOW"
11,"N0","T1","Other/Unknown",0.9873,0.0127,"LOW"
12,"N0","T1","Other/Unknown",0.9873,0.0127,"LOW"
13,"N0","T1","Other/Unknown",0.9873,0.0127,"LOW"
14,"N0","T1","Other/Unknown",0.9873,0.0127,"LOW"
15,"N0","T1","Other/Unknown",0.98,0.02,"LOW"
16,"N0","T1","Other/Unknown",0.9884,0.0116,"LOW"
17,"N0","T1","Other/Unknown",0.9884,0.0116,"LOW"
18,"N0","T1","Other/Unknown",0.9884,0.0116,"LOW"
19,"N0","T1","Other/Unknown",0.9884,0.0116,"LOW"
20,"N0","T1","Other/Unknown",0.9884,0.0116,"LOW"
21,"N0","T1","Other/Unknown",0.9884,0.0116,"LOW"
22,"N0","T1","Other/Unknown",0.9884,0.0116,"LOW"
23,"N0","T1","Other/Unknown",0.9884,0.0116,"LOW"
24,"N0","T1","Other/Unknown",0.9883,0.0117,"LOW"
25,"N0","T1","Other/Unknown",0.9883,0.0117,"LOW"
26,"N0","T1","Other/Unknown",0.9795,0.0205,"LOW"
27,"N0","T1","Other/Unknown",0.9805,0.0195,"LOW"
28,"N0","T1","Other/Unknown",0.986,0.014,"LOW"
29,"N0","T1","Other/Unknown",0.9843,0.0157,"LOW"
30,"N0","T1","Other/Unknown",0.9864,0.0136,"LOW"
31,"N0","T1","Other/Unknown",0.9864,0.0136,"LOW"
32,"N0","T1","Other/Unknown",0.9864,0.0136,"LOW"
33,"N0","T1","Other/Unknown",0.9809,0.0191,"LOW"
34,"N0","T1","Other/Unknown",0.9849,0.0151,"LOW"
35,"N0","T1","Other/Unknown",0.9843,0.0157,"LOW"
36,"N0","T1","Other/Unknown",0.9852,0.0148,"LOW"
37,"N0","T1","Other/Unknown",0.9852,0.0148,"LOW"
38,"N0","T1","Other/Unknown",0.9825,0.0175,"LOW"
39,"N0","T1","Other/Unknown",0.9815,0.0185,"LOW"
40,"N0","T1","Other/Unknown",0.9833,0.0167,"LOW"
41,"N0","T1","Other/Unknown",0.9815,0.0185,"LOW"
42,"N0","T1","Other/Unknown",0.9822,0.0178,"LOW"
43,"N0","T1","Other/Unknown",0.9815,0.0185,"LOW"
44,"N0","T1","Other/Unknown",0.9844,0.0156,"LOW"
45,"N0","T1","Other/Unknown",0.9844,0.0156,"LOW"
46,"N0","T1","Other/Unknown",0.9845,0.0155,"LOW"
47,"N0","T1","Other/Unknown",0.9818,0.0182,"LOW"
48,"N0","T1","Other/Unknown",0.9795,0.0205,"LOW"
49,"N0","T1","Other/Unknown",0.9773,0.0227,"LOW"
50,"N0","T1","Other/Unknown",0.9776,0.0224,"LOW"
51,"N0","T1","Other/Unknown",0.9818,0.0182,"LOW"
52,"N0","T1","Other/Unknown",0.9818,0.0182,"LOW"
53,"N0","T1","Other/Unknown",0.9823,0.0177,"LOW"
54,"N0","T1","Other/Unknown",0.9825,0.0175,"LOW"
55,"N0","T1","Other/Unknown",0.9783,0.0217,"LOW"
56,"N0","T1","Other/Unknown",0.976,0.024,"LOW"
57,"N0","T1","Other/Unknown",0.9773,0.0227,"LOW"
58,"N0","T1","Other/Unknown",0.9785,0.0215,"LOW"
59,"N0","T1","Other/Unknown",0.9717,0.0283,"LOW"
60,"N0","T1","Other/Unknown",0.972,0.028,"LOW"
61,"N0","T1","Other/Unknown",0.9697,0.0303,"LOW"
62,"N0","T1","Other/Unknown",0.9722,0.0278,"LOW"
63,"N0","T1","Other/Unknown",0.9695,0.0305,"LOW"
64,"N0","T1","Other/Unknown",0.9656,0.0344,"LOW"
65,"N0","T1","Other/Unknown",0.9657,0.0343,"LOW"
66,"N0","T1","Other/Unknown",0.9662,0.0338,"LOW"
67,"N0","T1","Other/Unknown",0.9568,0.0432,"LOW"
68,"N0","T1","Other/Unknown",0.9627,0.0373,"LOW"
69,"N0","T1","Other/Unknown",0.959,0.041,"LOW"
70,"N0","T1","Other/Unknown",0.9531,0.0469,"LOW"
71,"N0","T1","Other/Unknown",0.9505,0.0495,"LOW"
72,"N0","T1","Other/Unknown",0.9566,0.0434,"LOW"
73,"N0","T1","Other/Unknown",0.9566,0.0434,"LOW"
74,"N0","T1","Other/Unknown",0.9565,0.0435,"LOW"
75,"N0","T1","Other/Unknown",0.9583,0.0417,"LOW"
76,"N0","T1","Other/Unknown",0.9582,0.0418,"LOW"
77,"N0","T1","Other/Unknown",0.9488,0.0512,"LOW"
78,"N0","T1","Other/Unknown",0.954,0.046,"LOW"
79,"N0","T1","Other/Unknown",0.9627,0.0373,"LOW"
80,"N0","T1","Other/Unknown",0.9573,0.0427,"LOW"
81,"N0","T1","Other/Unknown",0.9612,0.0388,"LOW"
82,"N0","T1","Other/Unknown",0.9604,0.0396,"LOW"
83,"N0","T1","Other/Unknown",0.9643,0.0357,"LOW"
84,"N0","T1","Other/Unknown",0.9652,0.0348,"LOW"
85,"N0","T1","Other/Unknown",0.9448,0.0552,"LOW"
86,"N0","T1","Other/Unknown",0.9214,0.0786,"LOW"
87,"N0","T1","Other/Unknown",0.959,0.041,"LOW"
88,"N0","T1","Other/Unknown",0.9245,0.0755,"LOW"
89,"N0","T1","Other/Unknown",0.9139,0.0861,"LOW"
90,"N0","T1","Other/Unknown",0.8746,0.1254,"LOW"
91,"N0","T1","Other/Unknown",0.8746,0.1254,"LOW"
92,"N0","T1","Other/Unknown",0.8746,0.1254,"LOW"
93,"N0","T1","Other/Unknown",0.8746,0.1254,"LOW"
94,"N0","T1","Other/Unknown",0.8746,0.1254,"LOW"
95,"N0","T1","Other/Unknown",0.8746,0.1254,"LOW"
96,"N0","T1","Other/Unknown",0.8746,0.1254,"LOW"
97,"N0","T1","Other/Unknown",0.8746,0.1254,"LOW"
98,"N0","T1","Other/Unknown",0.8746,0.1254,"LOW"
99,"N0","T1","Other/Unknown",0.8746,0.1254,"LOW"
0,"N1","T1","Other/Unknown",0.8987,0.1013,"LOW"
1,"N1","T1","Other/Unknown",0.8987,0.1013,"LOW"
2,"N1","T1","Other/Unknown",0.8987,0.1013,"LOW"
3,"N1","T1","Other/Unknown",0.8987,0.1013,"LOW"
4,"N1","T1","Other/Unknown",0.8987,0.1013,"LOW"
5,"N1","T1","Other/Unknown",0.8987,0.1013,"LOW"
6,"N1","T1","Other/Unknown",0.8987,0.1013,"LOW"
7,"N1","T1","Other/Unknown",0.8987,0.1013,"LOW"
8,"N1","T1","Other/Unknown",0.8987,0.1013,"LOW"
9,"N1","T1","Other/Unknown",0.8987,0.1013,"LOW"
10,"N1","T1","Other/Unknown",0.8987,0.1013,"LOW"
11,"N1","T1","Other/Unknown",0.8987,0.1013,"LOW"
12,"N1","T1","Other/Unknown",0.8987,0.1013,"LOW"
13,"N1","T1","Other/Unknown",0.8987,0.1013,"LOW"
14,"N1","T1","Other/Unknown",0.8613,0.1387,"LOW"
15,"N1","T1","Other/Unknown",0.7673,0.2327,"LOW"
16,"N1","T1","Other/Unknown",0.8701,0.1299,"LOW"
17,"N1","T1","Other/Unknown",0.8785,0.1215,"LOW"
18,"N1","T1","Other/Unknown",0.8758,0.1242,"LOW"
19,"N1","T1","Other/Unknown",0.8679,0.1321,"LOW"
20,"N1","T1","Other/Unknown",0.8719,0.1281,"LOW"
21,"N1","T1","Other/Unknown",0.8699,0.1301,"LOW"
22,"N1","T1","Other/Unknown",0.8695,0.1305,"LOW"
23,"N1","T1","Other/Unknown",0.8558,0.1442,"LOW"
24,"N1","T1","Other/Unknown",0.8389,0.1611,"LOW"
25,"N1","T1","Other/Unknown",0.78,0.22,"LOW"
26,"N1","T1","Other/Unknown",0.736,0.264,"LOW"
27,"N1","T1","Other/Unknown",0.7413,0.2587,"LOW"
28,"N1","T1","Other/Unknown",0.8606,0.1394,"LOW"
29,"N1","T1","Other/Unknown",0.8492,0.1508,"LOW"
30,"N1","T1","Other/Unknown",0.8795,0.1205,"LOW"
31,"N1","T1","Other/Unknown",0.8795,0.1205,"LOW"
32,"N1","T1","Other/Unknown",0.8763,0.1237,"LOW"
33,"N1","T1","Other/Unknown",0.8704,0.1296,"LOW"
34,"N1","T1","Other/Unknown",0.807,0.193,"LOW"
35,"N1","T1","Other/Unknown",0.8034,0.1966,"LOW"
36,"N1","T1","Other/Unknown",0.8352,0.1648,"LOW"
37,"N1","T1","Other/Unknown",0.8463,0.1537,"LOW"
38,"N1","T1","Other/Unknown",0.8404,0.1596,"LOW"
39,"N1","T1","Other/Unknown",0.8441,0.1559,"LOW"
40,"N1","T1","Other/Unknown",0.8405,0.1595,"LOW"
41,"N1","T1","Other/Unknown",0.8334,0.1666,"LOW"
42,"N1","T1","Other/Unknown",0.7785,0.2215,"LOW"
43,"N1","T1","Other/Unknown",0.8322,0.1678,"LOW"
44,"N1","T1","Other/Unknown",0.7565,0.2435,"LOW"
45,"N1","T1","Other/Unknown",0.8302,0.1698,"LOW"
46,"N1","T1","Other/Unknown",0.8462,0.1538,"LOW"
47,"N1","T1","Other/Unknown",0.8467,0.1533,"LOW"
48,"N1","T1","Other/Unknown",0.8495,0.1505,"LOW"
49,"N1","T1","Other/Unknown",0.8515,0.1485,"LOW"
50,"N1","T1","Other/Unknown",0.8476,0.1524,"LOW"
51,"N1","T1","Other/Unknown",0.779,0.221,"LOW"
52,"N1","T1","Other/Unknown",0.7423,0.2577,"LOW"
53,"N1","T1","Other/Unknown",0.7683,0.2317,"LOW"
54,"N1","T1","Other/Unknown",0.8288,0.1712,"LOW"
55,"N1","T1","Other/Unknown",0.8687,0.1313,"LOW"
56,"N1","T1","Other/Unknown",0.8695,0.1305,"LOW"
57,"N1","T1","Other/Unknown",0.8669,0.1331,"LOW"
58,"N1","T1","Other/Unknown",0.8665,0.1335,"LOW"
59,"N1","T1","Other/Unknown",0.8385,0.1615,"LOW"
60,"N1","T1","Other/Unknown",0.7608,0.2392,"LOW"
61,"N1","T1","Other/Unknown",0.7971,0.2029,"LOW"
62,"N1","T1","Other/Unknown",0.7623,0.2377,"LOW"
63,"N1","T1","Other/Unknown",0.6533,0.3467,"LOW"
64,"N1","T1","Other/Unknown",0.7373,0.2627,"LOW"
65,"N1","T1","Other/Unknown",0.7259,0.2741,"LOW"
66,"N1","T1","Other/Unknown",0.7418,0.2582,"LOW"
67,"N1","T1","Other/Unknown",0.8038,0.1962,"LOW"
68,"N1","T1","Other/Unknown",0.7985,0.2015,"LOW"
69,"N1","T1","Other/Unknown",0.7263,0.2737,"LOW"
70,"N1","T1","Other/Unknown",0.758,0.242,"LOW"
71,"N1","T1","Other/Unknown",0.6216,0.3784,"LOW"
72,"N1","T1","Other/Unknown",0.5957,0.4043,"LOW"
73,"N1","T1","Other/Unknown",0.5521,0.4479,"LOW"
74,"N1","T1","Other/Unknown",0.5794,0.4206,"LOW"
75,"N1","T1","Other/Unknown",0.6918,0.3082,"LOW"
76,"N1","T1","Other/Unknown",0.7024,0.2976,"LOW"
77,"N1","T1","Other/Unknown",0.7669,0.2331,"LOW"
78,"N1","T1","Other/Unknown",0.7221,0.2779,"LOW"
79,"N1","T1","Other/Unknown",0.7619,0.2381,"LOW"
80,"N1","T1","Other/Unknown",0.6762,0.3238,"LOW"
81,"N1","T1","Other/Unknown",0.6249,0.3751,"LOW"
82,"N1","T1","Other/Unknown",0.6962,0.3038,"LOW"
83,"N1","T1","Other/Unknown",0.7576,0.2424,"LOW"
84,"N1","T1","Other/Unknown",0.7823,0.2177,"LOW"
85,"N1","T1","Other/Unknown",0.7723,0.2277,"LOW"
86,"N1","T1","Other/Unknown",0.7681,0.2319,"LOW"
87,"N1","T1","Other/Unknown",0.712,0.288,"LOW"
88,"N1","T1","Other/Unknown",0.5521,0.4479,"LOW"
89,"N1","T1","Other/Unknown",0.5346,0.4654,"LOW"
90,"N1","T1","Other/Unknown",0.3882,0.6118,"HIGH"
91,"N1","T1","Other/Unknown",0.3882,0.6118,"HIGH"
92,"N1","T1","Other/Unknown",0.3882,0.6118,"HIGH"
93,"N1","T1","Other/Unknown",0.3882,0.6118,"HIGH"
94,"N1","T1","Other/Unknown",0.3882,0.6118,"HIGH"
95,"N1","T1","Other/Unknown",0.3882,0.6118,"HIGH"
96,"N1","T1","Other/Unknown",0.3882,0.6118,"HIGH"
97,"N1","T1","Other/Unknown",0.3882,0.6118,"HIGH"
98,"N1","T1","Other/Unknown",0.3882,0.6118,"HIGH"
99,"N1","T1","Other/Unknown",0.3882,0.6118,"HIGH"
0,"Other/Unknown","T1","Other/Unknown",0.9607,0.0393,"LOW"
1,"Other/Unknown","T1","Other/Unknown",0.9607,0.0393,"LOW"
2,"Other/Unknown","T1","Other/Unknown",0.9607,0.0393,"LOW"
3,"Other/Unknown","T1","Other/Unknown",0.9607,0.0393,"LOW"
4,"Other/Unknown","T1","Other/Unknown",0.9607,0.0393,"LOW"
5,"Other/Unknown","T1","Other/Unknown",0.9607,0.0393,"LOW"
6,"Other/Unknown","T1","Other/Unknown",0.9607,0.0393,"LOW"
7,"Other/Unknown","T1","Other/Unknown",0.9607,0.0393,"LOW"
8,"Other/Unknown","T1","Other/Unknown",0.9607,0.0393,"LOW"
9,"Other/Unknown","T1","Other/Unknown",0.9607,0.0393,"LOW"
10,"Other/Unknown","T1","Other/Unknown",0.9607,0.0393,"LOW"
11,"Other/Unknown","T1","Other/Unknown",0.9607,0.0393,"LOW"
12,"Other/Unknown","T1","Other/Unknown",0.9577,0.0423,"LOW"
13,"Other/Unknown","T1","Other/Unknown",0.9612,0.0388,"LOW"
14,"Other/Unknown","T1","Other/Unknown",0.9612,0.0388,"LOW"
15,"Other/Unknown","T1","Other/Unknown",0.9602,0.0398,"LOW"
16,"Other/Unknown","T1","Other/Unknown",0.9586,0.0414,"LOW"
17,"Other/Unknown","T1","Other/Unknown",0.9611,0.0389,"LOW"
18,"Other/Unknown","T1","Other/Unknown",0.9611,0.0389,"LOW"
19,"Other/Unknown","T1","Other/Unknown",0.9611,0.0389,"LOW"
20,"Other/Unknown","T1","Other/Unknown",0.9594,0.0406,"LOW"
21,"Other/Unknown","T1","Other/Unknown",0.96,0.04,"LOW"
22,"Other/Unknown","T1","Other/Unknown",0.9581,0.0419,"LOW"
23,"Other/Unknown","T1","Other/Unknown",0.9583,0.0417,"LOW"
24,"Other/Unknown","T1","Other/Unknown",0.9544,0.0456,"LOW"
25,"Other/Unknown","T1","Other/Unknown",0.9455,0.0545,"LOW"
26,"Other/Unknown","T1","Other/Unknown",0.9398,0.0602,"LOW"
27,"Other/Unknown","T1","Other/Unknown",0.8496,0.1504,"LOW"
28,"Other/Unknown","T1","Other/Unknown",0.9567,0.0433,"LOW"
29,"Other/Unknown","T1","Other/Unknown",0.9615,0.0385,"LOW"
30,"Other/Unknown","T1","Other/Unknown",0.962,0.038,"LOW"
31,"Other/Unknown","T1","Other/Unknown",0.962,0.038,"LOW"
32,"Other/Unknown","T1","Other/Unknown",0.9623,0.0377,"LOW"
33,"Other/Unknown","T1","Other/Unknown",0.9609,0.0391,"LOW"
34,"Other/Unknown","T1","Other/Unknown",0.9611,0.0389,"LOW"
35,"Other/Unknown","T1","Other/Unknown",0.9604,0.0396,"LOW"
36,"Other/Unknown","T1","Other/Unknown",0.9577,0.0423,"LOW"
37,"Other/Unknown","T1","Other/Unknown",0.9514,0.0486,"LOW"
38,"Other/Unknown","T1","Other/Unknown",0.9044,0.0956,"LOW"
39,"Other/Unknown","T1","Other/Unknown",0.945,0.055,"LOW"
40,"Other/Unknown","T1","Other/Unknown",0.9487,0.0513,"LOW"
41,"Other/Unknown","T1","Other/Unknown",0.9509,0.0491,"LOW"
42,"Other/Unknown","T1","Other/Unknown",0.9503,0.0497,"LOW"
43,"Other/Unknown","T1","Other/Unknown",0.9486,0.0514,"LOW"
44,"Other/Unknown","T1","Other/Unknown",0.9128,0.0872,"LOW"
45,"Other/Unknown","T1","Other/Unknown",0.9174,0.0826,"LOW"
46,"Other/Unknown","T1","Other/Unknown",0.9479,0.0521,"LOW"
47,"Other/Unknown","T1","Other/Unknown",0.9522,0.0478,"LOW"
48,"Other/Unknown","T1","Other/Unknown",0.9533,0.0467,"LOW"
49,"Other/Unknown","T1","Other/Unknown",0.9538,0.0462,"LOW"
50,"Other/Unknown","T1","Other/Unknown",0.9535,0.0465,"LOW"
51,"Other/Unknown","T1","Other/Unknown",0.9527,0.0473,"LOW"
52,"Other/Unknown","T1","Other/Unknown",0.9531,0.0469,"LOW"
53,"Other/Unknown","T1","Other/Unknown",0.9498,0.0502,"LOW"
54,"Other/Unknown","T1","Other/Unknown",0.9478,0.0522,"LOW"
55,"Other/Unknown","T1","Other/Unknown",0.8341,0.1659,"LOW"
56,"Other/Unknown","T1","Other/Unknown",0.9204,0.0796,"LOW"
57,"Other/Unknown","T1","Other/Unknown",0.8757,0.1243,"LOW"
58,"Other/Unknown","T1","Other/Unknown",0.8929,0.1071,"LOW"
59,"Other/Unknown","T1","Other/Unknown",0.918,0.082,"LOW"
60,"Other/Unknown","T1","Other/Unknown",0.9272,0.0728,"LOW"
61,"Other/Unknown","T1","Other/Unknown",0.9299,0.0701,"LOW"
62,"Other/Unknown","T1","Other/Unknown",0.8566,0.1434,"LOW"
63,"Other/Unknown","T1","Other/Unknown",0.8922,0.1078,"LOW"
64,"Other/Unknown","T1","Other/Unknown",0.9329,0.0671,"LOW"
65,"Other/Unknown","T1","Other/Unknown",0.9423,0.0577,"LOW"
66,"Other/Unknown","T1","Other/Unknown",0.9467,0.0533,"LOW"
67,"Other/Unknown","T1","Other/Unknown",0.9435,0.0565,"LOW"
68,"Other/Unknown","T1","Other/Unknown",0.9398,0.0602,"LOW"
69,"Other/Unknown","T1","Other/Unknown",0.9355,0.0645,"LOW"
70,"Other/Unknown","T1","Other/Unknown",0.9253,0.0747,"LOW"
71,"Other/Unknown","T1","Other/Unknown",0.7084,0.2916,"LOW"
72,"Other/Unknown","T1","Other/Unknown",0.7781,0.2219,"LOW"
73,"Other/Unknown","T1","Other/Unknown",0.8214,0.1786,"LOW"
74,"Other/Unknown","T1","Other/Unknown",0.8247,0.1753,"LOW"
75,"Other/Unknown","T1","Other/Unknown",0.8355,0.1645,"LOW"
76,"Other/Unknown","T1","Other/Unknown",0.7535,0.2465,"LOW"
77,"Other/Unknown","T1","Other/Unknown",0.7502,0.2498,"LOW"
78,"Other/Unknown","T1","Other/Unknown",0.6053,0.3947,"LOW"
79,"Other/Unknown","T1","Other/Unknown",0.6327,0.3673,"LOW"
80,"Other/Unknown","T1","Other/Unknown",0.6663,0.3337,"LOW"
81,"Other/Unknown","T1","Other/Unknown",0.6791,0.3209,"LOW"
82,"Other/Unknown","T1","Other/Unknown",0.5368,0.4632,"LOW"
83,"Other/Unknown","T1","Other/Unknown",0.5226,0.4774,"LOW"
84,"Other/Unknown","T1","Other/Unknown",0.5826,0.4174,"LOW"
85,"Other/Unknown","T1","Other/Unknown",0.6975,0.3025,"LOW"
86,"Other/Unknown","T1","Other/Unknown",0.5891,0.4109,"LOW"
87,"Other/Unknown","T1","Other/Unknown",0.6989,0.3011,"LOW"
88,"Other/Unknown","T1","Other/Unknown",0.8296,0.1704,"LOW"
89,"Other/Unknown","T1","Other/Unknown",0.8629,0.1371,"LOW"
90,"Other/Unknown","T1","Other/Unknown",0.8676,0.1324,"LOW"
91,"Other/Unknown","T1","Other/Unknown",0.8676,0.1324,"LOW"
92,"Other/Unknown","T1","Other/Unknown",0.8676,0.1324,"LOW"
93,"Other/Unknown","T1","Other/Unknown",0.8676,0.1324,"LOW"
94,"Other/Unknown","T1","Other/Unknown",0.8676,0.1324,"LOW"
95,"Other/Unknown","T1","Other/Unknown",0.8676,0.1324,"LOW"
96,"Other/Unknown","T1","Other/Unknown",0.8676,0.1324,"LOW"
97,"Other/Unknown","T1","Other/Unknown",0.8676,0.1324,"LOW"
98,"Other/Unknown","T1","Other/Unknown",0.8676,0.1324,"LOW"
99,"Other/Unknown","T1","Other/Unknown",0.8676,0.1324,"LOW"
0,"N0","T2","Other/Unknown",0.5553,0.4447,"LOW"
1,"N0","T2","Other/Unknown",0.5553,0.4447,"LOW"
2,"N0","T2","Other/Unknown",0.7543,0.2457,"LOW"
3,"N0","T2","Other/Unknown",0.7653,0.2347,"LOW"
4,"N0","T2","Other/Unknown",0.769,0.231,"LOW"
5,"N0","T2","Other/Unknown",0.8197,0.1803,"LOW"
6,"N0","T2","Other/Unknown",0.9184,0.0816,"LOW"
7,"N0","T2","Other/Unknown",0.9258,0.0742,"LOW"
8,"N0","T2","Other/Unknown",0.9278,0.0722,"LOW"
9,"N0","T2","Other/Unknown",0.9354,0.0646,"LOW"
10,"N0","T2","Other/Unknown",0.9354,0.0646,"LOW"
11,"N0","T2","Other/Unknown",0.9354,0.0646,"LOW"
12,"N0","T2","Other/Unknown",0.9312,0.0688,"LOW"
13,"N0","T2","Other/Unknown",0.9357,0.0643,"LOW"
14,"N0","T2","Other/Unknown",0.9338,0.0662,"LOW"
15,"N0","T2","Other/Unknown",0.9355,0.0645,"LOW"
16,"N0","T2","Other/Unknown",0.9355,0.0645,"LOW"
17,"N0","T2","Other/Unknown",0.9337,0.0663,"LOW"
18,"N0","T2","Other/Unknown",0.9354,0.0646,"LOW"
19,"N0","T2","Other/Unknown",0.9351,0.0649,"LOW"
20,"N0","T2","Other/Unknown",0.9347,0.0653,"LOW"
21,"N0","T2","Other/Unknown",0.9218,0.0782,"LOW"
22,"N0","T2","Other/Unknown",0.8293,0.1707,"LOW"
23,"N0","T2","Other/Unknown",0.8774,0.1226,"LOW"
24,"N0","T2","Other/Unknown",0.9225,0.0775,"LOW"
25,"N0","T2","Other/Unknown",0.9337,0.0663,"LOW"
26,"N0","T2","Other/Unknown",0.9369,0.0631,"LOW"
27,"N0","T2","Other/Unknown",0.9374,0.0626,"LOW"
28,"N0","T2","Other/Unknown",0.9375,0.0625,"LOW"
29,"N0","T2","Other/Unknown",0.9375,0.0625,"LOW"
30,"N0","T2","Other/Unknown",0.9361,0.0639,"LOW"
31,"N0","T2","Other/Unknown",0.9358,0.0642,"LOW"
32,"N0","T2","Other/Unknown",0.9345,0.0655,"LOW"
33,"N0","T2","Other/Unknown",0.9307,0.0693,"LOW"
34,"N0","T2","Other/Unknown",0.8606,0.1394,"LOW"
35,"N0","T2","Other/Unknown",0.8073,0.1927,"LOW"
36,"N0","T2","Other/Unknown",0.8635,0.1365,"LOW"
37,"N0","T2","Other/Unknown",0.8754,0.1246,"LOW"
38,"N0","T2","Other/Unknown",0.8309,0.1691,"LOW"
39,"N0","T2","Other/Unknown",0.8969,0.1031,"LOW"
40,"N0","T2","Other/Unknown",0.8518,0.1482,"LOW"
41,"N0","T2","Other/Unknown",0.9443,0.0557,"LOW"
42,"N0","T2","Other/Unknown",0.9447,0.0553,"LOW"
43,"N0","T2","Other/Unknown",0.9448,0.0552,"LOW"
44,"N0","T2","Other/Unknown",0.9445,0.0555,"LOW"
45,"N0","T2","Other/Unknown",0.9447,0.0553,"LOW"
46,"N0","T2","Other/Unknown",0.9297,0.0703,"LOW"
47,"N0","T2","Other/Unknown",0.91,0.09,"LOW"
48,"N0","T2","Other/Unknown",0.9339,0.0661,"LOW"
49,"N0","T2","Other/Unknown",0.9297,0.0703,"LOW"
50,"N0","T2","Other/Unknown",0.9334,0.0666,"LOW"
51,"N0","T2","Other/Unknown",0.9179,0.0821,"LOW"
52,"N0","T2","Other/Unknown",0.9287,0.0713,"LOW"
53,"N0","T2","Other/Unknown",0.9199,0.0801,"LOW"
54,"N0","T2","Other/Unknown",0.9306,0.0694,"LOW"
55,"N0","T2","Other/Unknown",0.9327,0.0673,"LOW"
56,"N0","T2","Other/Unknown",0.9076,0.0924,"LOW"
57,"N0","T2","Other/Unknown",0.8973,0.1027,"LOW"
58,"N0","T2","Other/Unknown",0.8922,0.1078,"LOW"
59,"N0","T2","Other/Unknown",0.8832,0.1168,"LOW"
60,"N0","T2","Other/Unknown",0.8828,0.1172,"LOW"
61,"N0","T2","Other/Unknown",0.8894,0.1106,"LOW"
62,"N0","T2","Other/Unknown",0.8678,0.1322,"LOW"
63,"N0","T2","Other/Unknown",0.866,0.134,"LOW"
64,"N0","T2","Other/Unknown",0.864,0.136,"LOW"
65,"N0","T2","Other/Unknown",0.8344,0.1656,"LOW"
66,"N0","T2","Other/Unknown",0.8355,0.1645,"LOW"
67,"N0","T2","Other/Unknown",0.8696,0.1304,"LOW"
68,"N0","T2","Other/Unknown",0.8606,0.1394,"LOW"
69,"N0","T2","Other/Unknown",0.8457,0.1543,"LOW"
70,"N0","T2","Other/Unknown",0.8467,0.1533,"LOW"
71,"N0","T2","Other/Unknown",0.8511,0.1489,"LOW"
72,"N0","T2","Other/Unknown",0.8609,0.1391,"LOW"
73,"N0","T2","Other/Unknown",0.8637,0.1363,"LOW"
74,"N0","T2","Other/Unknown",0.836,0.164,"LOW"
75,"N0","T2","Other/Unknown",0.8221,0.1779,"LOW"
76,"N0","T2","Other/Unknown",0.8371,0.1629,"LOW"
77,"N0","T2","Other/Unknown",0.8633,0.1367,"LOW"
78,"N0","T2","Other/Unknown",0.8725,0.1275,"LOW"
79,"N0","T2","Other/Unknown",0.884,0.116,"LOW"
80,"N0","T2","Other/Unknown",0.8395,0.1605,"LOW"
81,"N0","T2","Other/Unknown",0.8276,0.1724,"LOW"
82,"N0","T2","Other/Unknown",0.8589,0.1411,"LOW"
83,"N0","T2","Other/Unknown",0.8617,0.1383,"LOW"
84,"N0","T2","Other/Unknown",0.8155,0.1845,"LOW"
85,"N0","T2","Other/Unknown",0.831,0.169,"LOW"
86,"N0","T2","Other/Unknown",0.7914,0.2086,"LOW"
87,"N0","T2","Other/Unknown",0.7509,0.2491,"LOW"
88,"N0","T2","Other/Unknown",0.6068,0.3932,"LOW"
89,"N0","T2","Other/Unknown",0.636,0.364,"LOW"
90,"N0","T2","Other/Unknown",0.6217,0.3783,"LOW"
91,"N0","T2","Other/Unknown",0.6217,0.3783,"LOW"
92,"N0","T2","Other/Unknown",0.6217,0.3783,"LOW"
93,"N0","T2","Other/Unknown",0.6217,0.3783,"LOW"
94,"N0","T2","Other/Unknown",0.6217,0.3783,"LOW"
95,"N0","T2","Other/Unknown",0.6217,0.3783,"LOW"
96,"N0","T2","Other/Unknown",0.6217,0.3783,"LOW"
97,"N0","T2","Other/Unknown",0.6217,0.3783,"LOW"
98,"N0","T2","Other/Unknown",0.6217,0.3783,"LOW"
99,"N0","T2","Other/Unknown",0.6217,0.3783,"LOW"
0,"N1","T2","Other/Unknown",0.6822,0.3178,"LOW"
1,"N1","T2","Other/Unknown",0.6822,0.3178,"LOW"
2,"N1","T2","Other/Unknown",0.6834,0.3166,"LOW"
3,"N1","T2","Other/Unknown",0.6854,0.3146,"LOW"
4,"N1","T2","Other/Unknown",0.6854,0.3146,"LOW"
5,"N1","T2","Other/Unknown",0.6854,0.3146,"LOW"
6,"N1","T2","Other/Unknown",0.6774,0.3226,"LOW"
7,"N1","T2","Other/Unknown",0.6774,0.3226,"LOW"
8,"N1","T2","Other/Unknown",0.6774,0.3226,"LOW"
9,"N1","T2","Other/Unknown",0.6794,0.3206,"LOW"
10,"N1","T2","Other/Unknown",0.6895,0.3105,"LOW"
11,"N1","T2","Other/Unknown",0.6915,0.3085,"LOW"
12,"N1","T2","Other/Unknown",0.6955,0.3045,"LOW"
13,"N1","T2","Other/Unknown",0.6955,0.3045,"LOW"
14,"N1","T2","Other/Unknown",0.6931,0.3069,"LOW"
15,"N1","T2","Other/Unknown",0.6783,0.3217,"LOW"
16,"N1","T2","Other/Unknown",0.6813,0.3187,"LOW"
17,"N1","T2","Other/Unknown",0.677,0.323,"LOW"
18,"N1","T2","Other/Unknown",0.553,0.447,"LOW"
19,"N1","T2","Other/Unknown",0.5179,0.4821,"LOW"
20,"N1","T2","Other/Unknown",0.6652,0.3348,"LOW"
21,"N1","T2","Other/Unknown",0.6664,0.3336,"LOW"
22,"N1","T2","Other/Unknown",0.5534,0.4466,"LOW"
23,"N1","T2","Other/Unknown",0.5657,0.4343,"LOW"
24,"N1","T2","Other/Unknown",0.7008,0.2992,"LOW"
25,"N1","T2","Other/Unknown",0.704,0.296,"LOW"
26,"N1","T2","Other/Unknown",0.7096,0.2904,"LOW"
27,"N1","T2","Other/Unknown",0.7276,0.2724,"LOW"
28,"N1","T2","Other/Unknown",0.7546,0.2454,"LOW"
29,"N1","T2","Other/Unknown",0.7915,0.2085,"LOW"
30,"N1","T2","Other/Unknown",0.797,0.203,"LOW"
31,"N1","T2","Other/Unknown",0.7946,0.2054,"LOW"
32,"N1","T2","Other/Unknown",0.7842,0.2158,"LOW"
33,"N1","T2","Other/Unknown",0.7881,0.2119,"LOW"
34,"N1","T2","Other/Unknown",0.7504,0.2496,"LOW"
35,"N1","T2","Other/Unknown",0.7256,0.2744,"LOW"
36,"N1","T2","Other/Unknown",0.6611,0.3389,"LOW"
37,"N1","T2","Other/Unknown",0.6563,0.3437,"LOW"
38,"N1","T2","Other/Unknown",0.7437,0.2563,"LOW"
39,"N1","T2","Other/Unknown",0.7276,0.2724,"LOW"
40,"N1","T2","Other/Unknown",0.7476,0.2524,"LOW"
41,"N1","T2","Other/Unknown",0.7716,0.2284,"LOW"
42,"N1","T2","Other/Unknown",0.7197,0.2803,"LOW"
43,"N1","T2","Other/Unknown",0.7321,0.2679,"LOW"
44,"N1","T2","Other/Unknown",0.7899,0.2101,"LOW"
45,"N1","T2","Other/Unknown",0.7844,0.2156,"LOW"
46,"N1","T2","Other/Unknown",0.7661,0.2339,"LOW"
47,"N1","T2","Other/Unknown",0.6693,0.3307,"LOW"
48,"N1","T2","Other/Unknown",0.6179,0.3821,"LOW"
49,"N1","T2","Other/Unknown",0.617,0.383,"LOW"
50,"N1","T2","Other/Unknown",0.6461,0.3539,"LOW"
51,"N1","T2","Other/Unknown",0.6884,0.3116,"LOW"
52,"N1","T2","Other/Unknown",0.5916,0.4084,"LOW"
53,"N1","T2","Other/Unknown",0.7111,0.2889,"LOW"
54,"N1","T2","Other/Unknown",0.699,0.301,"LOW"
55,"N1","T2","Other/Unknown",0.7176,0.2824,"LOW"
56,"N1","T2","Other/Unknown",0.7494,0.2506,"LOW"
57,"N1","T2","Other/Unknown",0.6221,0.3779,"LOW"
58,"N1","T2","Other/Unknown",0.6372,0.3628,"LOW"
59,"N1","T2","Other/Unknown",0.722,0.278,"LOW"
60,"N1","T2","Other/Unknown",0.6382,0.3618,"LOW"
61,"N1","T2","Other/Unknown",0.6408,0.3592,"LOW"
62,"N1","T2","Other/Unknown",0.6639,0.3361,"LOW"
63,"N1","T2","Other/Unknown",0.621,0.379,"LOW"
64,"N1","T2","Other/Unknown",0.7356,0.2644,"LOW"
65,"N1","T2","Other/Unknown",0.7349,0.2651,"LOW"
66,"N1","T2","Other/Unknown",0.7392,0.2608,"LOW"
67,"N1","T2","Other/Unknown",0.6991,0.3009,"LOW"
68,"N1","T2","Other/Unknown",0.642,0.358,"LOW"
69,"N1","T2","Other/Unknown",0.7507,0.2493,"LOW"
70,"N1","T2","Other/Unknown",0.7561,0.2439,"LOW"
71,"N1","T2","Other/Unknown",0.7224,0.2776,"LOW"
72,"N1","T2","Other/Unknown",0.686,0.314,"LOW"
73,"N1","T2","Other/Unknown",0.5932,0.4068,"LOW"
74,"N1","T2","Other/Unknown",0.6102,0.3898,"LOW"
75,"N1","T2","Other/Unknown",0.6345,0.3655,"LOW"
76,"N1","T2","Other/Unknown",0.7635,0.2365,"LOW"
77,"N1","T2","Other/Unknown",0.7746,0.2254,"LOW"
78,"N1","T2","Other/Unknown",0.7731,0.2269,"LOW"
79,"N1","T2","Other/Unknown",0.77,0.23,"LOW"
80,"N1","T2","Other/Unknown",0.6615,0.3385,"LOW"
81,"N1","T2","Other/Unknown",0.7256,0.2744,"LOW"
82,"N1","T2","Other/Unknown",0.6614,0.3386,"LOW"
83,"N1","T2","Other/Unknown",0.6604,0.3396,"LOW"
84,"N1","T2","Other/Unknown",0.6858,0.3142,"LOW"
85,"N1","T2","Other/Unknown",0.6153,0.3847,"LOW"
86,"N1","T2","Other/Unknown",0.7645,0.2355,"LOW"
87,"N1","T2","Other/Unknown",0.7883,0.2117,"LOW"
88,"N1","T2","Other/Unknown",0.784,0.216,"LOW"
89,"N1","T2","Other/Unknown",0.7924,0.2076,"LOW"
90,"N1","T2","Other/Unknown",0.3868,0.6132,"HIGH"
91,"N1","T2","Other/Unknown",0.3868,0.6132,"HIGH"
92,"N1","T2","Other/Unknown",0.3868,0.6132,"HIGH"
93,"N1","T2","Other/Unknown",0.3868,0.6132,"HIGH"
94,"N1","T2","Other/Unknown",0.3868,0.6132,"HIGH"
95,"N1","T2","Other/Unknown",0.3868,0.6132,"HIGH"
96,"N1","T2","Other/Unknown",0.3868,0.6132,"HIGH"
97,"N1","T2","Other/Unknown",0.3868,0.6132,"HIGH"
98,"N1","T2","Other/Unknown",0.3868,0.6132,"HIGH"
99,"N1","T2","Other/Unknown",0.3868,0.6132,"HIGH"
0,"Other/Unknown","T2","Other/Unknown",0.8876,0.1124,"LOW"
1,"Other/Unknown","T2","Other/Unknown",0.8876,0.1124,"LOW"
2,"Other/Unknown","T2","Other/Unknown",0.896,0.104,"LOW"
3,"Other/Unknown","T2","Other/Unknown",0.898,0.102,"LOW"
4,"Other/Unknown","T2","Other/Unknown",0.898,0.102,"LOW"
5,"Other/Unknown","T2","Other/Unknown",0.9018,0.0982,"LOW"
6,"Other/Unknown","T2","Other/Unknown",0.9073,0.0927,"LOW"
7,"Other/Unknown","T2","Other/Unknown",0.9088,0.0912,"LOW"
8,"Other/Unknown","T2","Other/Unknown",0.9108,0.0892,"LOW"
9,"Other/Unknown","T2","Other/Unknown",0.9108,0.0892,"LOW"
10,"Other/Unknown","T2","Other/Unknown",0.9108,0.0892,"LOW"
11,"Other/Unknown","T2","Other/Unknown",0.9108,0.0892,"LOW"
12,"Other/Unknown","T2","Other/Unknown",0.9038,0.0962,"LOW"
13,"Other/Unknown","T2","Other/Unknown",0.9114,0.0886,"LOW"
14,"Other/Unknown","T2","Other/Unknown",0.9104,0.0896,"LOW"
15,"Other/Unknown","T2","Other/Unknown",0.9116,0.0884,"LOW"
16,"Other/Unknown","T2","Other/Unknown",0.9018,0.0982,"LOW"
17,"Other/Unknown","T2","Other/Unknown",0.9114,0.0886,"LOW"
18,"Other/Unknown","T2","Other/Unknown",0.9038,0.0962,"LOW"
19,"Other/Unknown","T2","Other/Unknown",0.9088,0.0912,"LOW"
20,"Other/Unknown","T2","Other/Unknown",0.9024,0.0976,"LOW"
21,"Other/Unknown","T2","Other/Unknown",0.9046,0.0954,"LOW"
22,"Other/Unknown","T2","Other/Unknown",0.8943,0.1057,"LOW"
23,"Other/Unknown","T2","Other/Unknown",0.9017,0.0983,"LOW"
24,"Other/Unknown","T2","Other/Unknown",0.9031,0.0969,"LOW"
25,"Other/Unknown","T2","Other/Unknown",0.8922,0.1078,"LOW"
26,"Other/Unknown","T2","Other/Unknown",0.901,0.099,"LOW"
27,"Other/Unknown","T2","Other/Unknown",0.9082,0.0918,"LOW"
28,"Other/Unknown","T2","Other/Unknown",0.9091,0.0909,"LOW"
29,"Other/Unknown","T2","Other/Unknown",0.9085,0.0915,"LOW"
30,"Other/Unknown","T2","Other/Unknown",0.896,0.104,"LOW"
31,"Other/Unknown","T2","Other/Unknown",0.9009,0.0991,"LOW"
32,"Other/Unknown","T2","Other/Unknown",0.8898,0.1102,"LOW"
33,"Other/Unknown","T2","Other/Unknown",0.8983,0.1017,"LOW"
34,"Other/Unknown","T2","Other/Unknown",0.8963,0.1037,"LOW"
35,"Other/Unknown","T2","Other/Unknown",0.9,0.1,"LOW"
36,"Other/Unknown","T2","Other/Unknown",0.8949,0.1051,"LOW"
37,"Other/Unknown","T2","Other/Unknown",0.8632,0.1368,"LOW"
38,"Other/Unknown","T2","Other/Unknown",0.8259,0.1741,"LOW"
39,"Other/Unknown","T2","Other/Unknown",0.775,0.225,"LOW"
40,"Other/Unknown","T2","Other/Unknown",0.7655,0.2345,"LOW"
41,"Other/Unknown","T2","Other/Unknown",0.7276,0.2724,"LOW"
42,"Other/Unknown","T2","Other/Unknown",0.4558,0.5442,"HIGH"
43,"Other/Unknown","T2","Other/Unknown",0.7453,0.2547,"LOW"
44,"Other/Unknown","T2","Other/Unknown",0.7247,0.2753,"LOW"
45,"Other/Unknown","T2","Other/Unknown",0.6338,0.3662,"LOW"
46,"Other/Unknown","T2","Other/Unknown",0.5507,0.4493,"LOW"
47,"Other/Unknown","T2","Other/Unknown",0.5429,0.4571,"LOW"
48,"Other/Unknown","T2","Other/Unknown",0.5786,0.4214,"LOW"
49,"Other/Unknown","T2","Other/Unknown",0.6786,0.3214,"LOW"
50,"Other/Unknown","T2","Other/Unknown",0.6826,0.3174,"LOW"
51,"Other/Unknown","T2","Other/Unknown",0.6387,0.3613,"LOW"
52,"Other/Unknown","T2","Other/Unknown",0.6681,0.3319,"LOW"
53,"Other/Unknown","T2","Other/Unknown",0.7336,0.2664,"LOW"
54,"Other/Unknown","T2","Other/Unknown",0.6903,0.3097,"LOW"
55,"Other/Unknown","T2","Other/Unknown",0.431,0.569,"HIGH"
56,"Other/Unknown","T2","Other/Unknown",0.5076,0.4924,"LOW"
57,"Other/Unknown","T2","Other/Unknown",0.607,0.393,"LOW"
58,"Other/Unknown","T2","Other/Unknown",0.5812,0.4188,"LOW"
59,"Other/Unknown","T2","Other/Unknown",0.63,0.37,"LOW"
60,"Other/Unknown","T2","Other/Unknown",0.6998,0.3002,"LOW"
61,"Other/Unknown","T2","Other/Unknown",0.6502,0.3498,"LOW"
62,"Other/Unknown","T2","Other/Unknown",0.7868,0.2132,"LOW"
63,"Other/Unknown","T2","Other/Unknown",0.7759,0.2241,"LOW"
64,"Other/Unknown","T2","Other/Unknown",0.5532,0.4468,"LOW"
65,"Other/Unknown","T2","Other/Unknown",0.6537,0.3463,"LOW"
66,"Other/Unknown","T2","Other/Unknown",0.6713,0.3287,"LOW"
67,"Other/Unknown","T2","Other/Unknown",0.6645,0.3355,"LOW"
68,"Other/Unknown","T2","Other/Unknown",0.6815,0.3185,"LOW"
69,"Other/Unknown","T2","Other/Unknown",0.5914,0.4086,"LOW"
70,"Other/Unknown","T2","Other/Unknown",0.5652,0.4348,"LOW"
71,"Other/Unknown","T2","Other/Unknown",0.3733,0.6267,"HIGH"
72,"Other/Unknown","T2","Other/Unknown",0.4337,0.5663,"HIGH"
73,"Other/Unknown","T2","Other/Unknown",0.4901,0.5099,"HIGH"
74,"Other/Unknown","T2","Other/Unknown",0.6077,0.3923,"LOW"
75,"Other/Unknown","T2","Other/Unknown",0.4824,0.5176,"HIGH"
76,"Other/Unknown","T2","Other/Unknown",0.6192,0.3808,"LOW"
77,"Other/Unknown","T2","Other/Unknown",0.6509,0.3491,"LOW"
78,"Other/Unknown","T2","Other/Unknown",0.5598,0.4402,"LOW"
79,"Other/Unknown","T2","Other/Unknown",0.3026,0.6974,"HIGH"
80,"Other/Unknown","T2","Other/Unknown",0.3047,0.6953,"HIGH"
81,"Other/Unknown","T2","Other/Unknown",0.5524,0.4476,"LOW"
82,"Other/Unknown","T2","Other/Unknown",0.4525,0.5475,"HIGH"
83,"Other/Unknown","T2","Other/Unknown",0.6082,0.3918,"LOW"
84,"Other/Unknown","T2","Other/Unknown",0.66,0.34,"LOW"
85,"Other/Unknown","T2","Other/Unknown",0.8261,0.1739,"LOW"
86,"Other/Unknown","T2","Other/Unknown",0.8338,0.1662,"LOW"
87,"Other/Unknown","T2","Other/Unknown",0.8242,0.1758,"LOW"
88,"Other/Unknown","T2","Other/Unknown",0.7209,0.2791,"LOW"
89,"Other/Unknown","T2","Other/Unknown",0.2061,0.7939,"HIGH"
90,"Other/Unknown","T2","Other/Unknown",0.1786,0.8214,"HIGH"
91,"Other/Unknown","T2","Other/Unknown",0.1786,0.8214,"HIGH"
92,"Other/Unknown","T2","Other/Unknown",0.1786,0.8214,"HIGH"
93,"Other/Unknown","T2","Other/Unknown",0.1786,0.8214,"HIGH"
94,"Other/Unknown","T2","Other/Unknown",0.1786,0.8214,"HIGH"
95,"Other/Unknown","T2","Other/Unknown",0.1786,0.8214,"HIGH"
96,"Other/Unknown","T2","Other/Unknown",0.1786,0.8214,"HIGH"
97,"Other/Unknown","T2","Other/Unknown",0.1786,0.8214,"HIGH"
98,"Other/Unknown","T2","Other/Unknown",0.1786,0.8214,"HIGH"
99,"Other/Unknown","T2","Other/Unknown",0.1786,0.8214,"HIGH"
0,"N0","T3","Other/Unknown",0.7865,0.2135,"LOW"
1,"N0","T3","Other/Unknown",0.7865,0.2135,"LOW"
2,"N0","T3","Other/Unknown",0.7883,0.2117,"LOW"
3,"N0","T3","Other/Unknown",0.7883,0.2117,"LOW"
4,"N0","T3","Other/Unknown",0.7883,0.2117,"LOW"
5,"N0","T3","Other/Unknown",0.7902,0.2098,"LOW"
6,"N0","T3","Other/Unknown",0.7902,0.2098,"LOW"
7,"N0","T3","Other/Unknown",0.7902,0.2098,"LOW"
8,"N0","T3","Other/Unknown",0.7902,0.2098,"LOW"
9,"N0","T3","Other/Unknown",0.7902,0.2098,"LOW"
10,"N0","T3","Other/Unknown",0.7529,0.2471,"LOW"
11,"N0","T3","Other/Unknown",0.8169,0.1831,"LOW"
12,"N0","T3","Other/Unknown",0.8355,0.1645,"LOW"
13,"N0","T3","Other/Unknown",0.8217,0.1783,"LOW"
14,"N0","T3","Other/Unknown",0.818,0.182,"LOW"
15,"N0","T3","Other/Unknown",0.8487,0.1513,"LOW"
16,"N0","T3","Other/Unknown",0.8521,0.1479,"LOW"
17,"N0","T3","Other/Unknown",0.8512,0.1488,"LOW"
18,"N0","T3","Other/Unknown",0.8095,0.1905,"LOW"
19,"N0","T3","Other/Unknown",0.8412,0.1588,"LOW"
20,"N0","T3","Other/Unknown",0.805,0.195,"LOW"
21,"N0","T3","Other/Unknown",0.8482,0.1518,"LOW"
22,"N0","T3","Other/Unknown",0.8729,0.1271,"LOW"
23,"N0","T3","Other/Unknown",0.8734,0.1266,"LOW"
24,"N0","T3","Other/Unknown",0.8737,0.1263,"LOW"
25,"N0","T3","Other/Unknown",0.8734,0.1266,"LOW"
26,"N0","T3","Other/Unknown",0.8735,0.1265,"LOW"
27,"N0","T3","Other/Unknown",0.8728,0.1272,"LOW"
28,"N0","T3","Other/Unknown",0.7972,0.2028,"LOW"
29,"N0","T3","Other/Unknown",0.8334,0.1666,"LOW"
30,"N0","T3","Other/Unknown",0.8426,0.1574,"LOW"
31,"N0","T3","Other/Unknown",0.8454,0.1546,"LOW"
32,"N0","T3","Other/Unknown",0.8365,0.1635,"LOW"
33,"N0","T3","Other/Unknown",0.8355,0.1645,"LOW"
34,"N0","T3","Other/Unknown",0.8358,0.1642,"LOW"
35,"N0","T3","Other/Unknown",0.8441,0.1559,"LOW"
36,"N0","T3","Other/Unknown",0.8483,0.1517,"LOW"
37,"N0","T3","Other/Unknown",0.8548,0.1452,"LOW"
38,"N0","T3","Other/Unknown",0.8357,0.1643,"LOW"
39,"N0","T3","Other/Unknown",0.8519,0.1481,"LOW"
40,"N0","T3","Other/Unknown",0.8383,0.1617,"LOW"
41,"N0","T3","Other/Unknown",0.8648,0.1352,"LOW"
42,"N0","T3","Other/Unknown",0.8574,0.1426,"LOW"
43,"N0","T3","Other/Unknown",0.8529,0.1471,"LOW"
44,"N0","T3","Other/Unknown",0.8497,0.1503,"LOW"
45,"N0","T3","Other/Unknown",0.8575,0.1425,"LOW"
46,"N0","T3","Other/Unknown",0.8458,0.1542,"LOW"
47,"N0","T3","Other/Unknown",0.8641,0.1359,"LOW"
48,"N0","T3","Other/Unknown",0.8599,0.1401,"LOW"
49,"N0","T3","Other/Unknown",0.8312,0.1688,"LOW"
50,"N0","T3","Other/Unknown",0.8404,0.1596,"LOW"
51,"N0","T3","Other/Unknown",0.8311,0.1689,"LOW"
52,"N0","T3","Other/Unknown",0.8194,0.1806,"LOW"
53,"N0","T3","Other/Unknown",0.8199,0.1801,"LOW"
54,"N0","T3","Other/Unknown",0.8439,0.1561,"LOW"
55,"N0","T3","Other/Unknown",0.7781,0.2219,"LOW"
56,"N0","T3","Other/Unknown",0.7824,0.2176,"LOW"
57,"N0","T3","Other/Unknown",0.7951,0.2049,"LOW"
58,"N0","T3","Other/Unknown",0.796,0.204,"LOW"
59,"N0","T3","Other/Unknown",0.7638,0.2362,"LOW"
60,"N0","T3","Other/Unknown",0.7935,0.2065,"LOW"
61,"N0","T3","Other/Unknown",0.7746,0.2254,"LOW"
62,"N0","T3","Other/Unknown",0.7746,0.2254,"LOW"
63,"N0","T3","Other/Unknown",0.7529,0.2471,"LOW"
64,"N0","T3","Other/Unknown",0.7317,0.2683,"LOW"
65,"N0","T3","Other/Unknown",0.764,0.236,"LOW"
66,"N0","T3","Other/Unknown",0.762,0.238,"LOW"
67,"N0","T3","Other/Unknown",0.7797,0.2203,"LOW"
68,"N0","T3","Other/Unknown",0.7634,0.2366,"LOW"
69,"N0","T3","Other/Unknown",0.7519,0.2481,"LOW"
70,"N0","T3","Other/Unknown",0.7504,0.2496,"LOW"
71,"N0","T3","Other/Unknown",0.7487,0.2513,"LOW"
72,"N0","T3","Other/Unknown",0.7506,0.2494,"LOW"
73,"N0","T3","Other/Unknown",0.7734,0.2266,"LOW"
74,"N0","T3","Other/Unknown",0.7403,0.2597,"LOW"
75,"N0","T3","Other/Unknown",0.7404,0.2596,"LOW"
76,"N0","T3","Other/Unknown",0.7392,0.2608,"LOW"
77,"N0","T3","Other/Unknown",0.7684,0.2316,"LOW"
78,"N0","T3","Other/Unknown",0.7701,0.2299,"LOW"
79,"N0","T3","Other/Unknown",0.7556,0.2444,"LOW"
80,"N0","T3","Other/Unknown",0.7603,0.2397,"LOW"
81,"N0","T3","Other/Unknown",0.7641,0.2359,"LOW"
82,"N0","T3","Other/Unknown",0.7642,0.2358,"LOW"
83,"N0","T3","Other/Unknown",0.7688,0.2312,"LOW"
84,"N0","T3","Other/Unknown",0.7242,0.2758,"LOW"
85,"N0","T3","Other/Unknown",0.7139,0.2861,"LOW"
86,"N0","T3","Other/Unknown",0.7666,0.2334,"LOW"
87,"N0","T3","Other/Unknown",0.7585,0.2415,"LOW"
88,"N0","T3","Other/Unknown",0.7484,0.2516,"LOW"
89,"N0","T3","Other/Unknown",0.7227,0.2773,"LOW"
90,"N0","T3","Other/Unknown",0.6915,0.3085,"LOW"
91,"N0","T3","Other/Unknown",0.6915,0.3085,"LOW"
92,"N0","T3","Other/Unknown",0.6915,0.3085,"LOW"
93,"N0","T3","Other/Unknown",0.6915,0.3085,"LOW"
94,"N0","T3","Other/Unknown",0.6915,0.3085,"LOW"
95,"N0","T3","Other/Unknown",0.6915,0.3085,"LOW"
96,"N0","T3","Other/Unknown",0.6915,0.3085,"LOW"
97,"N0","T3","Other/Unknown",0.6915,0.3085,"LOW"
98,"N0","T3","Other/Unknown",0.6915,0.3085,"LOW"
99,"N0","T3","Other/Unknown",0.6915,0.3085,"LOW"
0,"N1","T3","Other/Unknown",0.7771,0.2229,"LOW"
1,"N1","T3","Other/Unknown",0.7771,0.2229,"LOW"
2,"N1","T3","Other/Unknown",0.7771,0.2229,"LOW"
3,"N1","T3","Other/Unknown",0.7771,0.2229,"LOW"
4,"N1","T3","Other/Unknown",0.7771,0.2229,"LOW"
5,"N1","T3","Other/Unknown",0.7771,0.2229,"LOW"
6,"N1","T3","Other/Unknown",0.7671,0.2329,"LOW"
7,"N1","T3","Other/Unknown",0.7671,0.2329,"LOW"
8,"N1","T3","Other/Unknown",0.7671,0.2329,"LOW"
9,"N1","T3","Other/Unknown",0.7671,0.2329,"LOW"
10,"N1","T3","Other/Unknown",0.7742,0.2258,"LOW"
11,"N1","T3","Other/Unknown",0.7802,0.2198,"LOW"
12,"N1","T3","Other/Unknown",0.7802,0.2198,"LOW"
13,"N1","T3","Other/Unknown",0.7802,0.2198,"LOW"
14,"N1","T3","Other/Unknown",0.7798,0.2202,"LOW"
15,"N1","T3","Other/Unknown",0.7371,0.2629,"LOW"
16,"N1","T3","Other/Unknown",0.7425,0.2575,"LOW"
17,"N1","T3","Other/Unknown",0.7731,0.2269,"LOW"
18,"N1","T3","Other/Unknown",0.7397,0.2603,"LOW"
19,"N1","T3","Other/Unknown",0.7369,0.2631,"LOW"
20,"N1","T3","Other/Unknown",0.7997,0.2003,"LOW"
21,"N1","T3","Other/Unknown",0.7977,0.2023,"LOW"
22,"N1","T3","Other/Unknown",0.777,0.223,"LOW"
23,"N1","T3","Other/Unknown",0.7549,0.2451,"LOW"
24,"N1","T3","Other/Unknown",0.6286,0.3714,"LOW"
25,"N1","T3","Other/Unknown",0.5807,0.4193,"LOW"
26,"N1","T3","Other/Unknown",0.6126,0.3874,"LOW"
27,"N1","T3","Other/Unknown",0.561,0.439,"LOW"
28,"N1","T3","Other/Unknown",0.5635,0.4365,"LOW"
29,"N1","T3","Other/Unknown",0.7329,0.2671,"LOW"
30,"N1","T3","Other/Unknown",0.7605,0.2395,"LOW"
31,"N1","T3","Other/Unknown",0.7623,0.2377,"LOW"
32,"N1","T3","Other/Unknown",0.6997,0.3003,"LOW"
33,"N1","T3","Other/Unknown",0.7353,0.2647,"LOW"
34,"N1","T3","Other/Unknown",0.7418,0.2582,"LOW"
35,"N1","T3","Other/Unknown",0.7354,0.2646,"LOW"
36,"N1","T3","Other/Unknown",0.6816,0.3184,"LOW"
37,"N1","T3","Other/Unknown",0.7122,0.2878,"LOW"
38,"N1","T3","Other/Unknown",0.7337,0.2663,"LOW"
39,"N1","T3","Other/Unknown",0.7318,0.2682,"LOW"
40,"N1","T3","Other/Unknown",0.6746,0.3254,"LOW"
41,"N1","T3","Other/Unknown",0.5528,0.4472,"LOW"
42,"N1","T3","Other/Unknown",0.6484,0.3516,"LOW"
43,"N1","T3","Other/Unknown",0.6824,0.3176,"LOW"
44,"N1","T3","Other/Unknown",0.6602,0.3398,"LOW"
45,"N1","T3","Other/Unknown",0.6652,0.3348,"LOW"
46,"N1","T3","Other/Unknown",0.6579,0.3421,"LOW"
47,"N1","T3","Other/Unknown",0.661,0.339,"LOW"
48,"N1","T3","Other/Unknown",0.6636,0.3364,"LOW"
49,"N1","T3","Other/Unknown",0.6461,0.3539,"LOW"
50,"N1","T3","Other/Unknown",0.7085,0.2915,"LOW"
51,"N1","T3","Other/Unknown",0.7205,0.2795,"LOW"
52,"N1","T3","Other/Unknown",0.7133,0.2867,"LOW"
53,"N1","T3","Other/Unknown",0.7117,0.2883,"LOW"
54,"N1","T3","Other/Unknown",0.6589,0.3411,"LOW"
55,"N1","T3","Other/Unknown",0.627,0.373,"LOW"
56,"N1","T3","Other/Unknown",0.6358,0.3642,"LOW"
57,"N1","T3","Other/Unknown",0.6088,0.3912,"LOW"
58,"N1","T3","Other/Unknown",0.5361,0.4639,"LOW"
59,"N1","T3","Other/Unknown",0.5885,0.4115,"LOW"
60,"N1","T3","Other/Unknown",0.5641,0.4359,"LOW"
61,"N1","T3","Other/Unknown",0.4564,0.5436,"HIGH"
62,"N1","T3","Other/Unknown",0.5443,0.4557,"LOW"
63,"N1","T3","Other/Unknown",0.5879,0.4121,"LOW"
64,"N1","T3","Other/Unknown",0.5662,0.4338,"LOW"
65,"N1","T3","Other/Unknown",0.6182,0.3818,"LOW"
66,"N1","T3","Other/Unknown",0.6281,0.3719,"LOW"
67,"N1","T3","Other/Unknown",0.6342,0.3658,"LOW"
68,"N1","T3","Other/Unknown",0.5828,0.4172,"LOW"
69,"N1","T3","Other/Unknown",0.5799,0.4201,"LOW"
70,"N1","T3","Other/Unknown",0.5753,0.4247,"LOW"
71,"N1","T3","Other/Unknown",0.5434,0.4566,"LOW"
72,"N1","T3","Other/Unknown",0.5412,0.4588,"LOW"
73,"N1","T3","Other/Unknown",0.5422,0.4578,"LOW"
74,"N1","T3","Other/Unknown",0.5594,0.4406,"LOW"
75,"N1","T3","Other/Unknown",0.5536,0.4464,"LOW"
76,"N1","T3","Other/Unknown",0.551,0.449,"LOW"
77,"N1","T3","Other/Unknown",0.5738,0.4262,"LOW"
78,"N1","T3","Other/Unknown",0.5269,0.4731,"LOW"
79,"N1","T3","Other/Unknown",0.5596,0.4404,"LOW"
80,"N1","T3","Other/Unknown",0.5163,0.4837,"LOW"
81,"N1","T3","Other/Unknown",0.5276,0.4724,"LOW"
82,"N1","T3","Other/Unknown",0.5039,0.4961,"LOW"
83,"N1","T3","Other/Unknown",0.4425,0.5575,"HIGH"
84,"N1","T3","Other/Unknown",0.4015,0.5985,"HIGH"
85,"N1","T3","Other/Unknown",0.4367,0.5633,"HIGH"
86,"N1","T3","Other/Unknown",0.3947,0.6053,"HIGH"
87,"N1","T3","Other/Unknown",0.4742,0.5258,"HIGH"
88,"N1","T3","Other/Unknown",0.5436,0.4564,"LOW"
89,"N1","T3","Other/Unknown",0.5014,0.4986,"LOW"
90,"N1","T3","Other/Unknown",0.4672,0.5328,"HIGH"
91,"N1","T3","Other/Unknown",0.4672,0.5328,"HIGH"
92,"N1","T3","Other/Unknown",0.4672,0.5328,"HIGH"
93,"N1","T3","Other/Unknown",0.4672,0.5328,"HIGH"
94,"N1","T3","Other/Unknown",0.4672,0.5328,"HIGH"
95,"N1","T3","Other/Unknown",0.4672,0.5328,"HIGH"
96,"N1","T3","Other/Unknown",0.4672,0.5328,"HIGH"
97,"N1","T3","Other/Unknown",0.4672,0.5328,"HIGH"
98,"N1","T3","Other/Unknown",0.4672,0.5328,"HIGH"
99,"N1","T3","Other/Unknown",0.4672,0.5328,"HIGH"
0,"Other/Unknown","T3","Other/Unknown",0.5959,0.4041,"LOW"
1,"Other/Unknown","T3","Other/Unknown",0.5959,0.4041,"LOW"
2,"Other/Unknown","T3","Other/Unknown",0.5959,0.4041,"LOW"
3,"Other/Unknown","T3","Other/Unknown",0.5959,0.4041,"LOW"
4,"Other/Unknown","T3","Other/Unknown",0.5959,0.4041,"LOW"
5,"Other/Unknown","T3","Other/Unknown",0.5959,0.4041,"LOW"
6,"Other/Unknown","T3","Other/Unknown",0.5959,0.4041,"LOW"
7,"Other/Unknown","T3","Other/Unknown",0.5959,0.4041,"LOW"
8,"Other/Unknown","T3","Other/Unknown",0.5959,0.4041,"LOW"
9,"Other/Unknown","T3","Other/Unknown",0.5959,0.4041,"LOW"
10,"Other/Unknown","T3","Other/Unknown",0.5904,0.4096,"LOW"
11,"Other/Unknown","T3","Other/Unknown",0.5958,0.4042,"LOW"
12,"Other/Unknown","T3","Other/Unknown",0.5965,0.4035,"LOW"
13,"Other/Unknown","T3","Other/Unknown",0.5945,0.4055,"LOW"
14,"Other/Unknown","T3","Other/Unknown",0.5941,0.4059,"LOW"
15,"Other/Unknown","T3","Other/Unknown",0.5973,0.4027,"LOW"
16,"Other/Unknown","T3","Other/Unknown",0.5973,0.4027,"LOW"
17,"Other/Unknown","T3","Other/Unknown",0.6119,0.3881,"LOW"
18,"Other/Unknown","T3","Other/Unknown",0.5137,0.4863,"LOW"
19,"Other/Unknown","T3","Other/Unknown",0.5201,0.4799,"LOW"
20,"Other/Unknown","T3","Other/Unknown",0.5148,0.4852,"LOW"
21,"Other/Unknown","T3","Other/Unknown",0.5296,0.4704,"LOW"
22,"Other/Unknown","T3","Other/Unknown",0.5314,0.4686,"LOW"
23,"Other/Unknown","T3","Other/Unknown",0.5383,0.4617,"LOW"
24,"Other/Unknown","T3","Other/Unknown",0.5326,0.4674,"LOW"
25,"Other/Unknown","T3","Other/Unknown",0.5393,0.4607,"LOW"
26,"Other/Unknown","T3","Other/Unknown",0.5647,0.4353,"LOW"
27,"Other/Unknown","T3","Other/Unknown",0.5764,0.4236,"LOW"
28,"Other/Unknown","T3","Other/Unknown",0.5598,0.4402,"LOW"
29,"Other/Unknown","T3","Other/Unknown",0.5649,0.4351,"LOW"
30,"Other/Unknown","T3","Other/Unknown",0.5853,0.4147,"LOW"
31,"Other/Unknown","T3","Other/Unknown",0.5938,0.4062,"LOW"
32,"Other/Unknown","T3","Other/Unknown",0.6853,0.3147,"LOW"
33,"Other/Unknown","T3","Other/Unknown",0.7043,0.2957,"LOW"
34,"Other/Unknown","T3","Other/Unknown",0.6682,0.3318,"LOW"
35,"Other/Unknown","T3","Other/Unknown",0.6524,0.3476,"LOW"
36,"Other/Unknown","T3","Other/Unknown",0.6993,0.3007,"LOW"
37,"Other/Unknown","T3","Other/Unknown",0.6928,0.3072,"LOW"
38,"Other/Unknown","T3","Other/Unknown",0.5956,0.4044,"LOW"
39,"Other/Unknown","T3","Other/Unknown",0.7319,0.2681,"LOW"
40,"Other/Unknown","T3","Other/Unknown",0.7484,0.2516,"LOW"
41,"Other/Unknown","T3","Other/Unknown",0.7503,0.2497,"LOW"
42,"Other/Unknown","T3","Other/Unknown",0.6866,0.3134,"LOW"
43,"Other/Unknown","T3","Other/Unknown",0.6834,0.3166,"LOW"
44,"Other/Unknown","T3","Other/Unknown",0.6703,0.3297,"LOW"
45,"Other/Unknown","T3","Other/Unknown",0.4655,0.5345,"HIGH"
46,"Other/Unknown","T3","Other/Unknown",0.6098,0.3902,"LOW"
47,"Other/Unknown","T3","Other/Unknown",0.6226,0.3774,"LOW"
48,"Other/Unknown","T3","Other/Unknown",0.4658,0.5342,"HIGH"
49,"Other/Unknown","T3","Other/Unknown",0.4689,0.5311,"HIGH"
50,"Other/Unknown","T3","Other/Unknown",0.4821,0.5179,"HIGH"
51,"Other/Unknown","T3","Other/Unknown",0.4783,0.5217,"HIGH"
52,"Other/Unknown","T3","Other/Unknown",0.4496,0.5504,"HIGH"
53,"Other/Unknown","T3","Other/Unknown",0.515,0.485,"LOW"
54,"Other/Unknown","T3","Other/Unknown",0.4789,0.5211,"HIGH"
55,"Other/Unknown","T3","Other/Unknown",0.4713,0.5287,"HIGH"
56,"Other/Unknown","T3","Other/Unknown",0.4877,0.5123,"HIGH"
57,"Other/Unknown","T3","Other/Unknown",0.5232,0.4768,"LOW"
58,"Other/Unknown","T3","Other/Unknown",0.5293,0.4707,"LOW"
59,"Other/Unknown","T3","Other/Unknown",0.55,0.45,"LOW"
60,"Other/Unknown","T3","Other/Unknown",0.5141,0.4859,"LOW"
61,"Other/Unknown","T3","Other/Unknown",0.5374,0.4626,"LOW"
62,"Other/Unknown","T3","Other/Unknown",0.5144,0.4856,"LOW"
63,"Other/Unknown","T3","Other/Unknown",0.5345,0.4655,"LOW"
64,"Other/Unknown","T3","Other/Unknown",0.5522,0.4478,"LOW"
65,"Other/Unknown","T3","Other/Unknown",0.6272,0.3728,"LOW"
66,"Other/Unknown","T3","Other/Unknown",0.5577,0.4423,"LOW"
67,"Other/Unknown","T3","Other/Unknown",0.5199,0.4801,"LOW"
68,"Other/Unknown","T3","Other/Unknown",0.6371,0.3629,"LOW"
69,"Other/Unknown","T3","Other/Unknown",0.6088,0.3912,"LOW"
70,"Other/Unknown","T3","Other/Unknown",0.5317,0.4683,"LOW"
71,"Other/Unknown","T3","Other/Unknown",0.4967,0.5033,"HIGH"
72,"Other/Unknown","T3","Other/Unknown",0.5337,0.4663,"LOW"
73,"Other/Unknown","T3","Other/Unknown",0.5441,0.4559,"LOW"
74,"Other/Unknown","T3","Other/Unknown",0.5361,0.4639,"LOW"
75,"Other/Unknown","T3","Other/Unknown",0.4916,0.5084,"HIGH"
76,"Other/Unknown","T3","Other/Unknown",0.5117,0.4883,"LOW"
77,"Other/Unknown","T3","Other/Unknown",0.501,0.499,"LOW"
78,"Other/Unknown","T3","Other/Unknown",0.5114,0.4886,"LOW"
79,"Other/Unknown","T3","Other/Unknown",0.5226,0.4774,"LOW"
80,"Other/Unknown","T3","Other/Unknown",0.5757,0.4243,"LOW"
81,"Other/Unknown","T3","Other/Unknown",0.5856,0.4144,"LOW"
82,"Other/Unknown","T3","Other/Unknown",0.3752,0.6248,"HIGH"
83,"Other/Unknown","T3","Other/Unknown",0.4866,0.5134,"HIGH"
84,"Other/Unknown","T3","Other/Unknown",0.5086,0.4914,"LOW"
85,"Other/Unknown","T3","Other/Unknown",0.5713,0.4287,"LOW"
86,"Other/Unknown","T3","Other/Unknown",0.4455,0.5545,"HIGH"
87,"Other/Unknown","T3","Other/Unknown",0.6132,0.3868,"LOW"
88,"Other/Unknown","T3","Other/Unknown",0.5419,0.4581,"LOW"
89,"Other/Unknown","T3","Other/Unknown",0.6465,0.3535,"LOW"
90,"Other/Unknown","T3","Other/Unknown",0.5875,0.4125,"LOW"
91,"Other/Unknown","T3","Other/Unknown",0.5875,0.4125,"LOW"
92,"Other/Unknown","T3","Other/Unknown",0.5875,0.4125,"LOW"
93,"Other/Unknown","T3","Other/Unknown",0.5875,0.4125,"LOW"
94,"Other/Unknown","T3","Other/Unknown",0.5875,0.4125,"LOW"
95,"Other/Unknown","T3","Other/Unknown",0.5875,0.4125,"LOW"
96,"Other/Unknown","T3","Other/Unknown",0.5875,0.4125,"LOW"
97,"Other/Unknown","T3","Other/Unknown",0.5875,0.4125,"LOW"
98,"Other/Unknown","T3","Other/Unknown",0.5875,0.4125,"LOW"
99,"Other/Unknown","T3","Other/Unknown",0.5875,0.4125,"LOW"
0,"N0","T0","Positive/elevated",0.6961,0.3039,"LOW"
1,"N0","T0","Positive/elevated",0.6961,0.3039,"LOW"
2,"N0","T0","Positive/elevated",0.7219,0.2781,"LOW"
3,"N0","T0","Positive/elevated",0.7246,0.2754,"LOW"
4,"N0","T0","Positive/elevated",0.7246,0.2754,"LOW"
5,"N0","T0","Positive/elevated",0.7053,0.2947,"LOW"
6,"N0","T0","Positive/elevated",0.7101,0.2899,"LOW"
7,"N0","T0","Positive/elevated",0.7765,0.2235,"LOW"
8,"N0","T0","Positive/elevated",0.8005,0.1995,"LOW"
9,"N0","T0","Positive/elevated",0.8005,0.1995,"LOW"
10,"N0","T0","Positive/elevated",0.7975,0.2025,"LOW"
11,"N0","T0","Positive/elevated",0.7985,0.2015,"LOW"
12,"N0","T0","Positive/elevated",0.7986,0.2014,"LOW"
13,"N0","T0","Positive/elevated",0.7947,0.2053,"LOW"
14,"N0","T0","Positive/elevated",0.7945,0.2055,"LOW"
15,"N0","T0","Positive/elevated",0.7969,0.2031,"LOW"
16,"N0","T0","Positive/elevated",0.7953,0.2047,"LOW"
17,"N0","T0","Positive/elevated",0.7508,0.2492,"LOW"
18,"N0","T0","Positive/elevated",0.7402,0.2598,"LOW"
19,"N0","T0","Positive/elevated",0.7509,0.2491,"LOW"
20,"N0","T0","Positive/elevated",0.8108,0.1892,"LOW"
21,"N0","T0","Positive/elevated",0.8272,0.1728,"LOW"
22,"N0","T0","Positive/elevated",0.8242,0.1758,"LOW"
23,"N0","T0","Positive/elevated",0.8251,0.1749,"LOW"
24,"N0","T0","Positive/elevated",0.8093,0.1907,"LOW"
25,"N0","T0","Positive/elevated",0.7503,0.2497,"LOW"
26,"N0","T0","Positive/elevated",0.7536,0.2464,"LOW"
27,"N0","T0","Positive/elevated",0.771,0.229,"LOW"
28,"N0","T0","Positive/elevated",0.7761,0.2239,"LOW"
29,"N0","T0","Positive/elevated",0.8016,0.1984,"LOW"
30,"N0","T0","Positive/elevated",0.8009,0.1991,"LOW"
31,"N0","T0","Positive/elevated",0.8043,0.1957,"LOW"
32,"N0","T0","Positive/elevated",0.8133,0.1867,"LOW"
33,"N0","T0","Positive/elevated",0.8099,0.1901,"LOW"
34,"N0","T0","Positive/elevated",0.8145,0.1855,"LOW"
35,"N0","T0","Positive/elevated",0.8138,0.1862,"LOW"
36,"N0","T0","Positive/elevated",0.8041,0.1959,"LOW"
37,"N0","T0","Positive/elevated",0.7936,0.2064,"LOW"
38,"N0","T0","Positive/elevated",0.7994,0.2006,"LOW"
39,"N0","T0","Positive/elevated",0.7594,0.2406,"LOW"
40,"N0","T0","Positive/elevated",0.731,0.269,"LOW"
41,"N0","T0","Positive/elevated",0.8114,0.1886,"LOW"
42,"N0","T0","Positive/elevated",0.8166,0.1834,"LOW"
43,"N0","T0","Positive/elevated",0.7918,0.2082,"LOW"
44,"N0","T0","Positive/elevated",0.7647,0.2353,"LOW"
45,"N0","T0","Positive/elevated",0.8125,0.1875,"LOW"
46,"N0","T0","Positive/elevated",0.8083,0.1917,"LOW"
47,"N0","T0","Positive/elevated",0.7713,0.2287,"LOW"
48,"N0","T0","Positive/elevated",0.5814,0.4186,"LOW"
49,"N0","T0","Positive/elevated",0.7071,0.2929,"LOW"
50,"N0","T0","Positive/elevated",0.7432,0.2568,"LOW"
51,"N0","T0","Positive/elevated",0.6975,0.3025,"LOW"
52,"N0","T0","Positive/elevated",0.5532,0.4468,"LOW"
53,"N0","T0","Positive/elevated",0.7285,0.2715,"LOW"
54,"N0","T0","Positive/elevated",0.6871,0.3129,"LOW"
55,"N0","T0","Positive/elevated",0.7344,0.2656,"LOW"
56,"N0","T0","Positive/elevated",0.655,0.345,"LOW"
57,"N0","T0","Positive/elevated",0.7072,0.2928,"LOW"
58,"N0","T0","Positive/elevated",0.6491,0.3509,"LOW"
59,"N0","T0","Positive/elevated",0.5192,0.4808,"LOW"
60,"N0","T0","Positive/elevated",0.5051,0.4949,"LOW"
61,"N0","T0","Positive/elevated",0.5286,0.4714,"LOW"
62,"N0","T0","Positive/elevated",0.4997,0.5003,"HIGH"
63,"N0","T0","Positive/elevated",0.566,0.434,"LOW"
64,"N0","T0","Positive/elevated",0.4391,0.5609,"HIGH"
65,"N0","T0","Positive/elevated",0.3961,0.6039,"HIGH"
66,"N0","T0","Positive/elevated",0.4543,0.5457,"HIGH"
67,"N0","T0","Positive/elevated",0.4658,0.5342,"HIGH"
68,"N0","T0","Positive/elevated",0.4617,0.5383,"HIGH"
69,"N0","T0","Positive/elevated",0.4675,0.5325,"HIGH"
70,"N0","T0","Positive/elevated",0.3919,0.6081,"HIGH"
71,"N0","T0","Positive/elevated",0.3991,0.6009,"HIGH"
72,"N0","T0","Positive/elevated",0.4102,0.5898,"HIGH"
73,"N0","T0","Positive/elevated",0.3252,0.6748,"HIGH"
74,"N0","T0","Positive/elevated",0.3145,0.6855,"HIGH"
75,"N0","T0","Positive/elevated",0.3326,0.6674,"HIGH"
76,"N0","T0","Positive/elevated",0.3142,0.6858,"HIGH"
77,"N0","T0","Positive/elevated",0.4233,0.5767,"HIGH"
78,"N0","T0","Positive/elevated",0.429,0.571,"HIGH"
79,"N0","T0","Positive/elevated",0.2757,0.7243,"HIGH"
80,"N0","T0","Positive/elevated",0.2615,0.7385,"HIGH"
81,"N0","T0","Positive/elevated",0.3112,0.6888,"HIGH"
82,"N0","T0","Positive/elevated",0.2875,0.7125,"HIGH"
83,"N0","T0","Positive/elevated",0.2862,0.7138,"HIGH"
84,"N0","T0","Positive/elevated",0.2693,0.7307,"HIGH"
85,"N0","T0","Positive/elevated",0.293,0.707,"HIGH"
86,"N0","T0","Positive/elevated",0.2315,0.7685,"HIGH"
87,"N0","T0","Positive/elevated",0.2708,0.7292,"HIGH"
88,"N0","T0","Positive/elevated",0.206,0.794,"HIGH"
89,"N0","T0","Positive/elevated",0.1911,0.8089,"HIGH"
90,"N0","T0","Positive/elevated",0.1859,0.8141,"HIGH"
91,"N0","T0","Positive/elevated",0.1859,0.8141,"HIGH"
92,"N0","T0","Positive/elevated",0.1859,0.8141,"HIGH"
93,"N0","T0","Positive/elevated",0.1859,0.8141,"HIGH"
94,"N0","T0","Positive/elevated",0.1859,0.8141,"HIGH"
95,"N0","T0","Positive/elevated",0.1859,0.8141,"HIGH"
96,"N0","T0","Positive/elevated",0.1859,0.8141,"HIGH"
97,"N0","T0","Positive/elevated",0.1859,0.8141,"HIGH"
98,"N0","T0","Positive/elevated",0.1859,0.8141,"HIGH"
99,"N0","T0","Positive/elevated",0.1859,0.8141,"HIGH"
0,"N1","T0","Positive/elevated",0.5925,0.4075,"LOW"
1,"N1","T0","Positive/elevated",0.5925,0.4075,"LOW"
2,"N1","T0","Positive/elevated",0.5925,0.4075,"LOW"
3,"N1","T0","Positive/elevated",0.5925,0.4075,"LOW"
4,"N1","T0","Positive/elevated",0.5925,0.4075,"LOW"
5,"N1","T0","Positive/elevated",0.5905,0.4095,"LOW"
6,"N1","T0","Positive/elevated",0.5825,0.4175,"LOW"
7,"N1","T0","Positive/elevated",0.5845,0.4155,"LOW"
8,"N1","T0","Positive/elevated",0.5845,0.4155,"LOW"
9,"N1","T0","Positive/elevated",0.5845,0.4155,"LOW"
10,"N1","T0","Positive/elevated",0.5955,0.4045,"LOW"
11,"N1","T0","Positive/elevated",0.5991,0.4009,"LOW"
12,"N1","T0","Positive/elevated",0.6016,0.3984,"LOW"
13,"N1","T0","Positive/elevated",0.6016,0.3984,"LOW"
14,"N1","T0","Positive/elevated",0.5996,0.4004,"LOW"
15,"N1","T0","Positive/elevated",0.5954,0.4046,"LOW"
16,"N1","T0","Positive/elevated",0.6001,0.3999,"LOW"
17,"N1","T0","Positive/elevated",0.5981,0.4019,"LOW"
18,"N1","T0","Positive/elevated",0.5483,0.4517,"LOW"
19,"N1","T0","Positive/elevated",0.5171,0.4829,"LOW"
20,"N1","T0","Positive/elevated",0.5386,0.4614,"LOW"
21,"N1","T0","Positive/elevated",0.5285,0.4715,"LOW"
22,"N1","T0","Positive/elevated",0.4442,0.5558,"HIGH"
23,"N1","T0","Positive/elevated",0.4584,0.5416,"HIGH"
24,"N1","T0","Positive/elevated",0.5395,0.4605,"LOW"
25,"N1","T0","Positive/elevated",0.5369,0.4631,"LOW"
26,"N1","T0","Positive/elevated",0.56,0.44,"LOW"
27,"N1","T0","Positive/elevated",0.4624,0.5376,"HIGH"
28,"N1","T0","Positive/elevated",0.4344,0.5656,"HIGH"
29,"N1","T0","Positive/elevated",0.4413,0.5587,"HIGH"
30,"N1","T0","Positive/elevated",0.4391,0.5609,"HIGH"
31,"N1","T0","Positive/elevated",0.4534,0.5466,"HIGH"
32,"N1","T0","Positive/elevated",0.44,0.56,"HIGH"
33,"N1","T0","Positive/elevated",0.4324,0.5676,"HIGH"
34,"N1","T0","Positive/elevated",0.362,0.638,"HIGH"
35,"N1","T0","Positive/elevated",0.3598,0.6402,"HIGH"
36,"N1","T0","Positive/elevated",0.2872,0.7128,"HIGH"
37,"N1","T0","Positive/elevated",0.2353,0.7647,"HIGH"
38,"N1","T0","Positive/elevated",0.2946,0.7054,"HIGH"
39,"N1","T0","Positive/elevated",0.236,0.764,"HIGH"
40,"N1","T0","Positive/elevated",0.3007,0.6993,"HIGH"
41,"N1","T0","Positive/elevated",0.2623,0.7377,"HIGH"
42,"N1","T0","Positive/elevated",0.2602,0.7398,"HIGH"
43,"N1","T0","Positive/elevated",0.2153,0.7847,"HIGH"
44,"N1","T0","Positive/elevated",0.2134,0.7866,"HIGH"
45,"N1","T0","Positive/elevated",0.203,0.797,"HIGH"
46,"N1","T0","Positive/elevated",0.2168,0.7832,"HIGH"
47,"N1","T0","Positive/elevated",0.3066,0.6934,"HIGH"
48,"N1","T0","Positive/elevated",0.3155,0.6845,"HIGH"
49,"N1","T0","Positive/elevated",0.2406,0.7594,"HIGH"
50,"N1","T0","Positive/elevated",0.2389,0.7611,"HIGH"
51,"N1","T0","Positive/elevated",0.2776,0.7224,"HIGH"
52,"N1","T0","Positive/elevated",0.4037,0.5963,"HIGH"
53,"N1","T0","Positive/elevated",0.3841,0.6159,"HIGH"
54,"N1","T0","Positive/elevated",0.2258,0.7742,"HIGH"
55,"N1","T0","Positive/elevated",0.2372,0.7628,"HIGH"
56,"N1","T0","Positive/elevated",0.2479,0.7521,"HIGH"
57,"N1","T0","Positive/elevated",0.3145,0.6855,"HIGH"
58,"N1","T0","Positive/elevated",0.4208,0.5792,"HIGH"
59,"N1","T0","Positive/elevated",0.4945,0.5055,"HIGH"
60,"N1","T0","Positive/elevated",0.4679,0.5321,"HIGH"
61,"N1","T0","Positive/elevated",0.3408,0.6592,"HIGH"
62,"N1","T0","Positive/elevated",0.2821,0.7179,"HIGH"
63,"N1","T0","Positive/elevated",0.2574,0.7426,"HIGH"
64,"N1","T0","Positive/elevated",0.3022,0.6978,"HIGH"
65,"N1","T0","Positive/elevated",0.3096,0.6904,"HIGH"
66,"N1","T0","Positive/elevated",0.2913,0.7087,"HIGH"
67,"N1","T0","Positive/elevated",0.2719,0.7281,"HIGH"
68,"N1","T0","Positive/elevated",0.2964,0.7036,"HIGH"
69,"N1","T0","Positive/elevated",0.2973,0.7027,"HIGH"
70,"N1","T0","Positive/elevated",0.3705,0.6295,"HIGH"
71,"N1","T0","Positive/elevated",0.2802,0.7198,"HIGH"
72,"N1","T0","Positive/elevated",0.3149,0.6851,"HIGH"
73,"N1","T0","Positive/elevated",0.2745,0.7255,"HIGH"
74,"N1","T0","Positive/elevated",0.3207,0.6793,"HIGH"
75,"N1","T0","Positive/elevated",0.3366,0.6634,"HIGH"
76,"N1","T0","Positive/elevated",0.3297,0.6703,"HIGH"
77,"N1","T0","Positive/elevated",0.2589,0.7411,"HIGH"
78,"N1","T0","Positive/elevated",0.281,0.719,"HIGH"
79,"N1","T0","Positive/elevated",0.262,0.738,"HIGH"
80,"N1","T0","Positive/elevated",0.2447,0.7553,"HIGH"
81,"N1","T0","Positive/elevated",0.2904,0.7096,"HIGH"
82,"N1","T0","Positive/elevated",0.3765,0.6235,"HIGH"
83,"N1","T0","Positive/elevated",0.3294,0.6706,"HIGH"
84,"N1","T0","Positive/elevated",0.2584,0.7416,"HIGH"
85,"N1","T0","Positive/elevated",0.2748,0.7252,"HIGH"
86,"N1","T0","Positive/elevated",0.3731,0.6269,"HIGH"
87,"N1","T0","Positive/elevated",0.3473,0.6527,"HIGH"
88,"N1","T0","Positive/elevated",0.2356,0.7644,"HIGH"
89,"N1","T0","Positive/elevated",0.2217,0.7783,"HIGH"
90,"N1","T0","Positive/elevated",0.1733,0.8267,"HIGH"
91,"N1","T0","Positive/elevated",0.1733,0.8267,"HIGH"
92,"N1","T0","Positive/elevated",0.1733,0.8267,"HIGH"
93,"N1","T0","Positive/elevated",0.1733,0.8267,"HIGH"
94,"N1","T0","Positive/elevated",0.1733,0.8267,"HIGH"
95,"N1","T0","Positive/elevated",0.1733,0.8267,"HIGH"
96,"N1","T0","Positive/elevated",0.1733,0.8267,"HIGH"
97,"N1","T0","Positive/elevated",0.1733,0.8267,"HIGH"
98,"N1","T0","Positive/elevated",0.1733,0.8267,"HIGH"
99,"N1","T0","Positive/elevated",0.1733,0.8267,"HIGH"
0,"Other/Unknown","T0","Positive/elevated",0.7588,0.2412,"LOW"
1,"Other/Unknown","T0","Positive/elevated",0.7588,0.2412,"LOW"
2,"Other/Unknown","T0","Positive/elevated",0.7608,0.2392,"LOW"
3,"Other/Unknown","T0","Positive/elevated",0.7608,0.2392,"LOW"
4,"Other/Unknown","T0","Positive/elevated",0.7608,0.2392,"LOW"
5,"Other/Unknown","T0","Positive/elevated",0.7608,0.2392,"LOW"
6,"Other/Unknown","T0","Positive/elevated",0.7608,0.2392,"LOW"
7,"Other/Unknown","T0","Positive/elevated",0.7707,0.2293,"LOW"
8,"Other/Unknown","T0","Positive/elevated",0.7707,0.2293,"LOW"
9,"Other/Unknown","T0","Positive/elevated",0.7707,0.2293,"LOW"
10,"Other/Unknown","T0","Positive/elevated",0.7687,0.2313,"LOW"
11,"Other/Unknown","T0","Positive/elevated",0.7687,0.2313,"LOW"
12,"Other/Unknown","T0","Positive/elevated",0.7687,0.2313,"LOW"
13,"Other/Unknown","T0","Positive/elevated",0.7633,0.2367,"LOW"
14,"Other/Unknown","T0","Positive/elevated",0.7696,0.2304,"LOW"
15,"Other/Unknown","T0","Positive/elevated",0.7636,0.2364,"LOW"
16,"Other/Unknown","T0","Positive/elevated",0.7653,0.2347,"LOW"
17,"Other/Unknown","T0","Positive/elevated",0.7885,0.2115,"LOW"
18,"Other/Unknown","T0","Positive/elevated",0.7744,0.2256,"LOW"
19,"Other/Unknown","T0","Positive/elevated",0.7675,0.2325,"LOW"
20,"Other/Unknown","T0","Positive/elevated",0.7738,0.2262,"LOW"
21,"Other/Unknown","T0","Positive/elevated",0.7785,0.2215,"LOW"
22,"Other/Unknown","T0","Positive/elevated",0.7825,0.2175,"LOW"
23,"Other/Unknown","T0","Positive/elevated",0.7796,0.2204,"LOW"
24,"Other/Unknown","T0","Positive/elevated",0.7721,0.2279,"LOW"
25,"Other/Unknown","T0","Positive/elevated",0.7214,0.2786,"LOW"
26,"Other/Unknown","T0","Positive/elevated",0.7244,0.2756,"LOW"
27,"Other/Unknown","T0","Positive/elevated",0.7139,0.2861,"LOW"
28,"Other/Unknown","T0","Positive/elevated",0.7148,0.2852,"LOW"
29,"Other/Unknown","T0","Positive/elevated",0.6894,0.3106,"LOW"
30,"Other/Unknown","T0","Positive/elevated",0.7119,0.2881,"LOW"
31,"Other/Unknown","T0","Positive/elevated",0.7119,0.2881,"LOW"
32,"Other/Unknown","T0","Positive/elevated",0.7261,0.2739,"LOW"
33,"Other/Unknown","T0","Positive/elevated",0.8124,0.1876,"LOW"
34,"Other/Unknown","T0","Positive/elevated",0.841,0.159,"LOW"
35,"Other/Unknown","T0","Positive/elevated",0.8425,0.1575,"LOW"
36,"Other/Unknown","T0","Positive/elevated",0.8373,0.1627,"LOW"
37,"Other/Unknown","T0","Positive/elevated",0.841,0.159,"LOW"
38,"Other/Unknown","T0","Positive/elevated",0.8226,0.1774,"LOW"
39,"Other/Unknown","T0","Positive/elevated",0.8267,0.1733,"LOW"
40,"Other/Unknown","T0","Positive/elevated",0.8206,0.1794,"LOW"
41,"Other/Unknown","T0","Positive/elevated",0.7807,0.2193,"LOW"
42,"Other/Unknown","T0","Positive/elevated",0.6835,0.3165,"LOW"
43,"Other/Unknown","T0","Positive/elevated",0.6926,0.3074,"LOW"
44,"Other/Unknown","T0","Positive/elevated",0.6708,0.3292,"LOW"
45,"Other/Unknown","T0","Positive/elevated",0.6444,0.3556,"LOW"
46,"Other/Unknown","T0","Positive/elevated",0.6199,0.3801,"LOW"
47,"Other/Unknown","T0","Positive/elevated",0.6135,0.3865,"LOW"
48,"Other/Unknown","T0","Positive/elevated",0.6777,0.3223,"LOW"
49,"Other/Unknown","T0","Positive/elevated",0.6498,0.3502,"LOW"
50,"Other/Unknown","T0","Positive/elevated",0.59,0.41,"LOW"
51,"Other/Unknown","T0","Positive/elevated",0.4483,0.5517,"HIGH"
52,"Other/Unknown","T0","Positive/elevated",0.3668,0.6332,"HIGH"
53,"Other/Unknown","T0","Positive/elevated",0.3394,0.6606,"HIGH"
54,"Other/Unknown","T0","Positive/elevated",0.333,0.667,"HIGH"
55,"Other/Unknown","T0","Positive/elevated",0.2913,0.7087,"HIGH"
56,"Other/Unknown","T0","Positive/elevated",0.3474,0.6526,"HIGH"
57,"Other/Unknown","T0","Positive/elevated",0.3239,0.6761,"HIGH"
58,"Other/Unknown","T0","Positive/elevated",0.303,0.697,"HIGH"
59,"Other/Unknown","T0","Positive/elevated",0.3652,0.6348,"HIGH"
60,"Other/Unknown","T0","Positive/elevated",0.3459,0.6541,"HIGH"
61,"Other/Unknown","T0","Positive/elevated",0.3338,0.6662,"HIGH"
62,"Other/Unknown","T0","Positive/elevated",0.2372,0.7628,"HIGH"
63,"Other/Unknown","T0","Positive/elevated",0.2344,0.7656,"HIGH"
64,"Other/Unknown","T0","Positive/elevated",0.2336,0.7664,"HIGH"
65,"Other/Unknown","T0","Positive/elevated",0.2088,0.7912,"HIGH"
66,"Other/Unknown","T0","Positive/elevated",0.4159,0.5841,"HIGH"
67,"Other/Unknown","T0","Positive/elevated",0.3955,0.6045,"HIGH"
68,"Other/Unknown","T0","Positive/elevated",0.2539,0.7461,"HIGH"
69,"Other/Unknown","T0","Positive/elevated",0.2056,0.7944,"HIGH"
70,"Other/Unknown","T0","Positive/elevated",0.2485,0.7515,"HIGH"
71,"Other/Unknown","T0","Positive/elevated",0.2601,0.7399,"HIGH"
72,"Other/Unknown","T0","Positive/elevated",0.2895,0.7105,"HIGH"
73,"Other/Unknown","T0","Positive/elevated",0.2821,0.7179,"HIGH"
74,"Other/Unknown","T0","Positive/elevated",0.2277,0.7723,"HIGH"
75,"Other/Unknown","T0","Positive/elevated",0.2377,0.7623,"HIGH"
76,"Other/Unknown","T0","Positive/elevated",0.407,0.593,"HIGH"
77,"Other/Unknown","T0","Positive/elevated",0.2109,0.7891,"HIGH"
78,"Other/Unknown","T0","Positive/elevated",0.2055,0.7945,"HIGH"
79,"Other/Unknown","T0","Positive/elevated",0.2287,0.7713,"HIGH"
80,"Other/Unknown","T0","Positive/elevated",0.1912,0.8088,"HIGH"
81,"Other/Unknown","T0","Positive/elevated",0.2048,0.7952,"HIGH"
82,"Other/Unknown","T0","Positive/elevated",0.3529,0.6471,"HIGH"
83,"Other/Unknown","T0","Positive/elevated",0.2745,0.7255,"HIGH"
84,"Other/Unknown","T0","Positive/elevated",0.3264,0.6736,"HIGH"
85,"Other/Unknown","T0","Positive/elevated",0.4794,0.5206,"HIGH"
86,"Other/Unknown","T0","Positive/elevated",0.4146,0.5854,"HIGH"
87,"Other/Unknown","T0","Positive/elevated",0.2208,0.7792,"HIGH"
88,"Other/Unknown","T0","Positive/elevated",0.257,0.743,"HIGH"
89,"Other/Unknown","T0","Positive/elevated",0.159,0.841,"HIGH"
90,"Other/Unknown","T0","Positive/elevated",0.1728,0.8272,"HIGH"
91,"Other/Unknown","T0","Positive/elevated",0.1728,0.8272,"HIGH"
92,"Other/Unknown","T0","Positive/elevated",0.1728,0.8272,"HIGH"
93,"Other/Unknown","T0","Positive/elevated",0.1728,0.8272,"HIGH"
94,"Other/Unknown","T0","Positive/elevated",0.1728,0.8272,"HIGH"
95,"Other/Unknown","T0","Positive/elevated",0.1728,0.8272,"HIGH"
96,"Other/Unknown","T0","Positive/elevated",0.1728,0.8272,"HIGH"
97,"Other/Unknown","T0","Positive/elevated",0.1728,0.8272,"HIGH"
98,"Other/Unknown","T0","Positive/elevated",0.1728,0.8272,"HIGH"
99,"Other/Unknown","T0","Positive/elevated",0.1728,0.8272,"HIGH"
0,"N0","Other/Unknown","Positive/elevated",0.7299,0.2701,"LOW"
1,"N0","Other/Unknown","Positive/elevated",0.7299,0.2701,"LOW"
2,"N0","Other/Unknown","Positive/elevated",0.7802,0.2198,"LOW"
3,"N0","Other/Unknown","Positive/elevated",0.7822,0.2178,"LOW"
4,"N0","Other/Unknown","Positive/elevated",0.7802,0.2198,"LOW"
5,"N0","Other/Unknown","Positive/elevated",0.6968,0.3032,"LOW"
6,"N0","Other/Unknown","Positive/elevated",0.6928,0.3072,"LOW"
7,"N0","Other/Unknown","Positive/elevated",0.8593,0.1407,"LOW"
8,"N0","Other/Unknown","Positive/elevated",0.9313,0.0687,"LOW"
9,"N0","Other/Unknown","Positive/elevated",0.9313,0.0687,"LOW"
10,"N0","Other/Unknown","Positive/elevated",0.9332,0.0668,"LOW"
11,"N0","Other/Unknown","Positive/elevated",0.9332,0.0668,"LOW"
12,"N0","Other/Unknown","Positive/elevated",0.9324,0.0676,"LOW"
13,"N0","Other/Unknown","Positive/elevated",0.9098,0.0902,"LOW"
14,"N0","Other/Unknown","Positive/elevated",0.9107,0.0893,"LOW"
15,"N0","Other/Unknown","Positive/elevated",0.9405,0.0595,"LOW"
16,"N0","Other/Unknown","Positive/elevated",0.9405,0.0595,"LOW"
17,"N0","Other/Unknown","Positive/elevated",0.9404,0.0596,"LOW"
18,"N0","Other/Unknown","Positive/elevated",0.9392,0.0608,"LOW"
19,"N0","Other/Unknown","Positive/elevated",0.9328,0.0672,"LOW"
20,"N0","Other/Unknown","Positive/elevated",0.9339,0.0661,"LOW"
21,"N0","Other/Unknown","Positive/elevated",0.9374,0.0626,"LOW"
22,"N0","Other/Unknown","Positive/elevated",0.9304,0.0696,"LOW"
23,"N0","Other/Unknown","Positive/elevated",0.9371,0.0629,"LOW"
24,"N0","Other/Unknown","Positive/elevated",0.9371,0.0629,"LOW"
25,"N0","Other/Unknown","Positive/elevated",0.9275,0.0725,"LOW"
26,"N0","Other/Unknown","Positive/elevated",0.9312,0.0688,"LOW"
27,"N0","Other/Unknown","Positive/elevated",0.9272,0.0728,"LOW"
28,"N0","Other/Unknown","Positive/elevated",0.928,0.072,"LOW"
29,"N0","Other/Unknown","Positive/elevated",0.9345,0.0655,"LOW"
30,"N0","Other/Unknown","Positive/elevated",0.9264,0.0736,"LOW"
31,"N0","Other/Unknown","Positive/elevated",0.9301,0.0699,"LOW"
32,"N0","Other/Unknown","Positive/elevated",0.934,0.066,"LOW"
33,"N0","Other/Unknown","Positive/elevated",0.9323,0.0677,"LOW"
34,"N0","Other/Unknown","Positive/elevated",0.931,0.069,"LOW"
35,"N0","Other/Unknown","Positive/elevated",0.9301,0.0699,"LOW"
36,"N0","Other/Unknown","Positive/elevated",0.9203,0.0797,"LOW"
37,"N0","Other/Unknown","Positive/elevated",0.9269,0.0731,"LOW"
38,"N0","Other/Unknown","Positive/elevated",0.9222,0.0778,"LOW"
39,"N0","Other/Unknown","Positive/elevated",0.9103,0.0897,"LOW"
40,"N0","Other/Unknown","Positive/elevated",0.8905,0.1095,"LOW"
41,"N0","Other/Unknown","Positive/elevated",0.9069,0.0931,"LOW"
42,"N0","Other/Unknown","Positive/elevated",0.9075,0.0925,"LOW"
43,"N0","Other/Unknown","Positive/elevated",0.9016,0.0984,"LOW"
44,"N0","Other/Unknown","Positive/elevated",0.8956,0.1044,"LOW"
45,"N0","Other/Unknown","Positive/elevated",0.9002,0.0998,"LOW"
46,"N0","Other/Unknown","Positive/elevated",0.895,0.105,"LOW"
47,"N0","Other/Unknown","Positive/elevated",0.8938,0.1062,"LOW"
48,"N0","Other/Unknown","Positive/elevated",0.893,0.107,"LOW"
49,"N0","Other/Unknown","Positive/elevated",0.8871,0.1129,"LOW"
50,"N0","Other/Unknown","Positive/elevated",0.8946,0.1054,"LOW"
51,"N0","Other/Unknown","Positive/elevated",0.8892,0.1108,"LOW"
52,"N0","Other/Unknown","Positive/elevated",0.8807,0.1193,"LOW"
53,"N0","Other/Unknown","Positive/elevated",0.8778,0.1222,"LOW"
54,"N0","Other/Unknown","Positive/elevated",0.8836,0.1164,"LOW"
55,"N0","Other/Unknown","Positive/elevated",0.8857,0.1143,"LOW"
56,"N0","Other/Unknown","Positive/elevated",0.8762,0.1238,"LOW"
57,"N0","Other/Unknown","Positive/elevated",0.8722,0.1278,"LOW"
58,"N0","Other/Unknown","Positive/elevated",0.8779,0.1221,"LOW"
59,"N0","Other/Unknown","Positive/elevated",0.853,0.147,"LOW"
60,"N0","Other/Unknown","Positive/elevated",0.8325,0.1675,"LOW"
61,"N0","Other/Unknown","Positive/elevated",0.8172,0.1828,"LOW"
62,"N0","Other/Unknown","Positive/elevated",0.8074,0.1926,"LOW"
63,"N0","Other/Unknown","Positive/elevated",0.7957,0.2043,"LOW"
64,"N0","Other/Unknown","Positive/elevated",0.7986,0.2014,"LOW"
65,"N0","Other/Unknown","Positive/elevated",0.7969,0.2031,"LOW"
66,"N0","Other/Unknown","Positive/elevated",0.8046,0.1954,"LOW"
67,"N0","Other/Unknown","Positive/elevated",0.7981,0.2019,"LOW"
68,"N0","Other/Unknown","Positive/elevated",0.7956,0.2044,"LOW"
69,"N0","Other/Unknown","Positive/elevated",0.7893,0.2107,"LOW"
70,"N0","Other/Unknown","Positive/elevated",0.7857,0.2143,"LOW"
71,"N0","Other/Unknown","Positive/elevated",0.7676,0.2324,"LOW"
72,"N0","Other/Unknown","Positive/elevated",0.7762,0.2238,"LOW"
73,"N0","Other/Unknown","Positive/elevated",0.772,0.228,"LOW"
74,"N0","Other/Unknown","Positive/elevated",0.7622,0.2378,"LOW"
75,"N0","Other/Unknown","Positive/elevated",0.7455,0.2545,"LOW"
76,"N0","Other/Unknown","Positive/elevated",0.7137,0.2863,"LOW"
77,"N0","Other/Unknown","Positive/elevated",0.7013,0.2987,"LOW"
78,"N0","Other/Unknown","Positive/elevated",0.7056,0.2944,"LOW"
79,"N0","Other/Unknown","Positive/elevated",0.6898,0.3102,"LOW"
80,"N0","Other/Unknown","Positive/elevated",0.6917,0.3083,"LOW"
81,"N0","Other/Unknown","Positive/elevated",0.707,0.293,"LOW"
82,"N0","Other/Unknown","Positive/elevated",0.6453,0.3547,"LOW"
83,"N0","Other/Unknown","Positive/elevated",0.6411,0.3589,"LOW"
84,"N0","Other/Unknown","Positive/elevated",0.6382,0.3618,"LOW"
85,"N0","Other/Unknown","Positive/elevated",0.6135,0.3865,"LOW"
86,"N0","Other/Unknown","Positive/elevated",0.6192,0.3808,"LOW"
87,"N0","Other/Unknown","Positive/elevated",0.5862,0.4138,"LOW"
88,"N0","Other/Unknown","Positive/elevated",0.6143,0.3857,"LOW"
89,"N0","Other/Unknown","Positive/elevated",0.6195,0.3805,"LOW"
90,"N0","Other/Unknown","Positive/elevated",0.6041,0.3959,"LOW"
91,"N0","Other/Unknown","Positive/elevated",0.6041,0.3959,"LOW"
92,"N0","Other/Unknown","Positive/elevated",0.6041,0.3959,"LOW"
93,"N0","Other/Unknown","Positive/elevated",0.6041,0.3959,"LOW"
94,"N0","Other/Unknown","Positive/elevated",0.6041,0.3959,"LOW"
95,"N0","Other/Unknown","Positive/elevated",0.6041,0.3959,"LOW"
96,"N0","Other/Unknown","Positive/elevated",0.6041,0.3959,"LOW"
97,"N0","Other/Unknown","Positive/elevated",0.6041,0.3959,"LOW"
98,"N0","Other/Unknown","Positive/elevated",0.6041,0.3959,"LOW"
99,"N0","Other/Unknown","Positive/elevated",0.6041,0.3959,"LOW"
0,"N1","Other/Unknown","Positive/elevated",0.6307,0.3693,"LOW"
1,"N1","Other/Unknown","Positive/elevated",0.6307,0.3693,"LOW"
2,"N1","Other/Unknown","Positive/elevated",0.6307,0.3693,"LOW"
3,"N1","Other/Unknown","Positive/elevated",0.6307,0.3693,"LOW"
4,"N1","Other/Unknown","Positive/elevated",0.6307,0.3693,"LOW"
5,"N1","Other/Unknown","Positive/elevated",0.6287,0.3713,"LOW"
6,"N1","Other/Unknown","Positive/elevated",0.5987,0.4013,"LOW"
7,"N1","Other/Unknown","Positive/elevated",0.6007,0.3993,"LOW"
8,"N1","Other/Unknown","Positive/elevated",0.6012,0.3988,"LOW"
9,"N1","Other/Unknown","Positive/elevated",0.6012,0.3988,"LOW"
10,"N1","Other/Unknown","Positive/elevated",0.6589,0.3411,"LOW"
11,"N1","Other/Unknown","Positive/elevated",0.6609,0.3391,"LOW"
12,"N1","Other/Unknown","Positive/elevated",0.6729,0.3271,"LOW"
13,"N1","Other/Unknown","Positive/elevated",0.6729,0.3271,"LOW"
14,"N1","Other/Unknown","Positive/elevated",0.6729,0.3271,"LOW"
15,"N1","Other/Unknown","Positive/elevated",0.6725,0.3275,"LOW"
16,"N1","Other/Unknown","Positive/elevated",0.6725,0.3275,"LOW"
17,"N1","Other/Unknown","Positive/elevated",0.6645,0.3355,"LOW"
18,"N1","Other/Unknown","Positive/elevated",0.4042,0.5958,"HIGH"
19,"N1","Other/Unknown","Positive/elevated",0.3848,0.6152,"HIGH"
20,"N1","Other/Unknown","Positive/elevated",0.4176,0.5824,"HIGH"
21,"N1","Other/Unknown","Positive/elevated",0.3788,0.6212,"HIGH"
22,"N1","Other/Unknown","Positive/elevated",0.3926,0.6074,"HIGH"
23,"N1","Other/Unknown","Positive/elevated",0.5451,0.4549,"LOW"
24,"N1","Other/Unknown","Positive/elevated",0.5849,0.4151,"LOW"
25,"N1","Other/Unknown","Positive/elevated",0.6082,0.3918,"LOW"
26,"N1","Other/Unknown","Positive/elevated",0.6164,0.3836,"LOW"
27,"N1","Other/Unknown","Positive/elevated",0.5861,0.4139,"LOW"
28,"N1","Other/Unknown","Positive/elevated",0.6063,0.3937,"LOW"
29,"N1","Other/Unknown","Positive/elevated",0.5123,0.4877,"LOW"
30,"N1","Other/Unknown","Positive/elevated",0.4316,0.5684,"HIGH"
31,"N1","Other/Unknown","Positive/elevated",0.4806,0.5194,"HIGH"
32,"N1","Other/Unknown","Positive/elevated",0.4714,0.5286,"HIGH"
33,"N1","Other/Unknown","Positive/elevated",0.4457,0.5543,"HIGH"
34,"N1","Other/Unknown","Positive/elevated",0.4627,0.5373,"HIGH"
35,"N1","Other/Unknown","Positive/elevated",0.451,0.549,"HIGH"
36,"N1","Other/Unknown","Positive/elevated",0.5269,0.4731,"LOW"
37,"N1","Other/Unknown","Positive/elevated",0.5498,0.4502,"LOW"
38,"N1","Other/Unknown","Positive/elevated",0.5318,0.4682,"LOW"
39,"N1","Other/Unknown","Positive/elevated",0.4653,0.5347,"HIGH"
40,"N1","Other/Unknown","Positive/elevated",0.4854,0.5146,"HIGH"
41,"N1","Other/Unknown","Positive/elevated",0.4847,0.5153,"HIGH"
42,"N1","Other/Unknown","Positive/elevated",0.4599,0.5401,"HIGH"
43,"N1","Other/Unknown","Positive/elevated",0.4778,0.5222,"HIGH"
44,"N1","Other/Unknown","Positive/elevated",0.4704,0.5296,"HIGH"
45,"N1","Other/Unknown","Positive/elevated",0.4695,0.5305,"HIGH"
46,"N1","Other/Unknown","Positive/elevated",0.5005,0.4995,"LOW"
47,"N1","Other/Unknown","Positive/elevated",0.5243,0.4757,"LOW"
48,"N1","Other/Unknown","Positive/elevated",0.5412,0.4588,"LOW"
49,"N1","Other/Unknown","Positive/elevated",0.434,0.566,"HIGH"
50,"N1","Other/Unknown","Positive/elevated",0.4643,0.5357,"HIGH"
51,"N1","Other/Unknown","Positive/elevated",0.4614,0.5386,"HIGH"
52,"N1","Other/Unknown","Positive/elevated",0.471,0.529,"HIGH"
53,"N1","Other/Unknown","Positive/elevated",0.4684,0.5316,"HIGH"
54,"N1","Other/Unknown","Positive/elevated",0.4616,0.5384,"HIGH"
55,"N1","Other/Unknown","Positive/elevated",0.4795,0.5205,"HIGH"
56,"N1","Other/Unknown","Positive/elevated",0.4601,0.5399,"HIGH"
57,"N1","Other/Unknown","Positive/elevated",0.4451,0.5549,"HIGH"
58,"N1","Other/Unknown","Positive/elevated",0.4604,0.5396,"HIGH"
59,"N1","Other/Unknown","Positive/elevated",0.4984,0.5016,"HIGH"
60,"N1","Other/Unknown","Positive/elevated",0.5018,0.4982,"LOW"
61,"N1","Other/Unknown","Positive/elevated",0.4008,0.5992,"HIGH"
62,"N1","Other/Unknown","Positive/elevated",0.3887,0.6113,"HIGH"
63,"N1","Other/Unknown","Positive/elevated",0.386,0.614,"HIGH"
64,"N1","Other/Unknown","Positive/elevated",0.3782,0.6218,"HIGH"
65,"N1","Other/Unknown","Positive/elevated",0.3752,0.6248,"HIGH"
66,"N1","Other/Unknown","Positive/elevated",0.3731,0.6269,"HIGH"
67,"N1","Other/Unknown","Positive/elevated",0.3778,0.6222,"HIGH"
68,"N1","Other/Unknown","Positive/elevated",0.402,0.598,"HIGH"
69,"N1","Other/Unknown","Positive/elevated",0.369,0.631,"HIGH"
70,"N1","Other/Unknown","Positive/elevated",0.3883,0.6117,"HIGH"
71,"N1","Other/Unknown","Positive/elevated",0.3904,0.6096,"HIGH"
72,"N1","Other/Unknown","Positive/elevated",0.3968,0.6032,"HIGH"
73,"N1","Other/Unknown","Positive/elevated",0.3951,0.6049,"HIGH"
74,"N1","Other/Unknown","Positive/elevated",0.4031,0.5969,"HIGH"
75,"N1","Other/Unknown","Positive/elevated",0.3894,0.6106,"HIGH"
76,"N1","Other/Unknown","Positive/elevated",0.3834,0.6166,"HIGH"
77,"N1","Other/Unknown","Positive/elevated",0.3637,0.6363,"HIGH"
78,"N1","Other/Unknown","Positive/elevated",0.3655,0.6345,"HIGH"
79,"N1","Other/Unknown","Positive/elevated",0.3958,0.6042,"HIGH"
80,"N1","Other/Unknown","Positive/elevated",0.4166,0.5834,"HIGH"
81,"N1","Other/Unknown","Positive/elevated",0.4265,0.5735,"HIGH"
82,"N1","Other/Unknown","Positive/elevated",0.4304,0.5696,"HIGH"
83,"N1","Other/Unknown","Positive/elevated",0.3939,0.6061,"HIGH"
84,"N1","Other/Unknown","Positive/elevated",0.4077,0.5923,"HIGH"
85,"N1","Other/Unknown","Positive/elevated",0.3847,0.6153,"HIGH"
86,"N1","Other/Unknown","Positive/elevated",0.4237,0.5763,"HIGH"
87,"N1","Other/Unknown","Positive/elevated",0.4112,0.5888,"HIGH"
88,"N1","Other/Unknown","Positive/elevated",0.414,0.586,"HIGH"
89,"N1","Other/Unknown","Positive/elevated",0.4159,0.5841,"HIGH"
90,"N1","Other/Unknown","Positive/elevated",0.3655,0.6345,"HIGH"
91,"N1","Other/Unknown","Positive/elevated",0.3655,0.6345,"HIGH"
92,"N1","Other/Unknown","Positive/elevated",0.3655,0.6345,"HIGH"
93,"N1","Other/Unknown","Positive/elevated",0.3655,0.6345,"HIGH"
94,"N1","Other/Unknown","Positive/elevated",0.3655,0.6345,"HIGH"
95,"N1","Other/Unknown","Positive/elevated",0.3655,0.6345,"HIGH"
96,"N1","Other/Unknown","Positive/elevated",0.3655,0.6345,"HIGH"
97,"N1","Other/Unknown","Positive/elevated",0.3655,0.6345,"HIGH"
98,"N1","Other/Unknown","Positive/elevated",0.3655,0.6345,"HIGH"
99,"N1","Other/Unknown","Positive/elevated",0.3655,0.6345,"HIGH"
0,"Other/Unknown","Other/Unknown","Positive/elevated",0.8893,0.1107,"LOW"
1,"Other/Unknown","Other/Unknown","Positive/elevated",0.8893,0.1107,"LOW"
2,"Other/Unknown","Other/Unknown","Positive/elevated",0.8913,0.1087,"LOW"
3,"Other/Unknown","Other/Unknown","Positive/elevated",0.8913,0.1087,"LOW"
4,"Other/Unknown","Other/Unknown","Positive/elevated",0.8893,0.1107,"LOW"
5,"Other/Unknown","Other/Unknown","Positive/elevated",0.8893,0.1107,"LOW"
6,"Other/Unknown","Other/Unknown","Positive/elevated",0.8893,0.1107,"LOW"
7,"Other/Unknown","Other/Unknown","Positive/elevated",0.9029,0.0971,"LOW"
8,"Other/Unknown","Other/Unknown","Positive/elevated",0.9029,0.0971,"LOW"
9,"Other/Unknown","Other/Unknown","Positive/elevated",0.9029,0.0971,"LOW"
10,"Other/Unknown","Other/Unknown","Positive/elevated",0.9029,0.0971,"LOW"
11,"Other/Unknown","Other/Unknown","Positive/elevated",0.9029,0.0971,"LOW"
12,"Other/Unknown","Other/Unknown","Positive/elevated",0.9018,0.0982,"LOW"
13,"Other/Unknown","Other/Unknown","Positive/elevated",0.8929,0.1071,"LOW"
14,"Other/Unknown","Other/Unknown","Positive/elevated",0.9047,0.0953,"LOW"
15,"Other/Unknown","Other/Unknown","Positive/elevated",0.9048,0.0952,"LOW"
16,"Other/Unknown","Other/Unknown","Positive/elevated",0.9028,0.0972,"LOW"
17,"Other/Unknown","Other/Unknown","Positive/elevated",0.9029,0.0971,"LOW"
18,"Other/Unknown","Other/Unknown","Positive/elevated",0.8801,0.1199,"LOW"
19,"Other/Unknown","Other/Unknown","Positive/elevated",0.8592,0.1408,"LOW"
20,"Other/Unknown","Other/Unknown","Positive/elevated",0.8765,0.1235,"LOW"
21,"Other/Unknown","Other/Unknown","Positive/elevated",0.8842,0.1158,"LOW"
22,"Other/Unknown","Other/Unknown","Positive/elevated",0.8882,0.1118,"LOW"
23,"Other/Unknown","Other/Unknown","Positive/elevated",0.8878,0.1122,"LOW"
24,"Other/Unknown","Other/Unknown","Positive/elevated",0.8859,0.1141,"LOW"
25,"Other/Unknown","Other/Unknown","Positive/elevated",0.8817,0.1183,"LOW"
26,"Other/Unknown","Other/Unknown","Positive/elevated",0.8651,0.1349,"LOW"
27,"Other/Unknown","Other/Unknown","Positive/elevated",0.8394,0.1606,"LOW"
28,"Other/Unknown","Other/Unknown","Positive/elevated",0.8621,0.1379,"LOW"
29,"Other/Unknown","Other/Unknown","Positive/elevated",0.8684,0.1316,"LOW"
30,"Other/Unknown","Other/Unknown","Positive/elevated",0.8792,0.1208,"LOW"
31,"Other/Unknown","Other/Unknown","Positive/elevated",0.8823,0.1177,"LOW"
32,"Other/Unknown","Other/Unknown","Positive/elevated",0.8773,0.1227,"LOW"
33,"Other/Unknown","Other/Unknown","Positive/elevated",0.8709,0.1291,"LOW"
34,"Other/Unknown","Other/Unknown","Positive/elevated",0.8781,0.1219,"LOW"
35,"Other/Unknown","Other/Unknown","Positive/elevated",0.8222,0.1778,"LOW"
36,"Other/Unknown","Other/Unknown","Positive/elevated",0.8354,0.1646,"LOW"
37,"Other/Unknown","Other/Unknown","Positive/elevated",0.8409,0.1591,"LOW"
38,"Other/Unknown","Other/Unknown","Positive/elevated",0.8362,0.1638,"LOW"
39,"Other/Unknown","Other/Unknown","Positive/elevated",0.8462,0.1538,"LOW"
40,"Other/Unknown","Other/Unknown","Positive/elevated",0.8385,0.1615,"LOW"
41,"Other/Unknown","Other/Unknown","Positive/elevated",0.8087,0.1913,"LOW"
42,"Other/Unknown","Other/Unknown","Positive/elevated",0.8164,0.1836,"LOW"
43,"Other/Unknown","Other/Unknown","Positive/elevated",0.8229,0.1771,"LOW"
44,"Other/Unknown","Other/Unknown","Positive/elevated",0.8168,0.1832,"LOW"
45,"Other/Unknown","Other/Unknown","Positive/elevated",0.8111,0.1889,"LOW"
46,"Other/Unknown","Other/Unknown","Positive/elevated",0.8186,0.1814,"LOW"
47,"Other/Unknown","Other/Unknown","Positive/elevated",0.8181,0.1819,"LOW"
48,"Other/Unknown","Other/Unknown","Positive/elevated",0.8193,0.1807,"LOW"
49,"Other/Unknown","Other/Unknown","Positive/elevated",0.8151,0.1849,"LOW"
50,"Other/Unknown","Other/Unknown","Positive/elevated",0.8122,0.1878,"LOW"
51,"Other/Unknown","Other/Unknown","Positive/elevated",0.7961,0.2039,"LOW"
52,"Other/Unknown","Other/Unknown","Positive/elevated",0.7963,0.2037,"LOW"
53,"Other/Unknown","Other/Unknown","Positive/elevated",0.7851,0.2149,"LOW"
54,"Other/Unknown","Other/Unknown","Positive/elevated",0.7852,0.2148,"LOW"
55,"Other/Unknown","Other/Unknown","Positive/elevated",0.7923,0.2077,"LOW"
56,"Other/Unknown","Other/Unknown","Positive/elevated",0.7868,0.2132,"LOW"
57,"Other/Unknown","Other/Unknown","Positive/elevated",0.7755,0.2245,"LOW"
58,"Other/Unknown","Other/Unknown","Positive/elevated",0.7798,0.2202,"LOW"
59,"Other/Unknown","Other/Unknown","Positive/elevated",0.7375,0.2625,"LOW"
60,"Other/Unknown","Other/Unknown","Positive/elevated",0.7393,0.2607,"LOW"
61,"Other/Unknown","Other/Unknown","Positive/elevated",0.723,0.277,"LOW"
62,"Other/Unknown","Other/Unknown","Positive/elevated",0.6885,0.3115,"LOW"
63,"Other/Unknown","Other/Unknown","Positive/elevated",0.6921,0.3079,"LOW"
64,"Other/Unknown","Other/Unknown","Positive/elevated",0.6789,0.3211,"LOW"
65,"Other/Unknown","Other/Unknown","Positive/elevated",0.6905,0.3095,"LOW"
66,"Other/Unknown","Other/Unknown","Positive/elevated",0.6799,0.3201,"LOW"
67,"Other/Unknown","Other/Unknown","Positive/elevated",0.6781,0.3219,"LOW"
68,"Other/Unknown","Other/Unknown","Positive/elevated",0.6643,0.3357,"LOW"
69,"Other/Unknown","Other/Unknown","Positive/elevated",0.664,0.336,"LOW"
70,"Other/Unknown","Other/Unknown","Positive/elevated",0.6607,0.3393,"LOW"
71,"Other/Unknown","Other/Unknown","Positive/elevated",0.64,0.36,"LOW"
72,"Other/Unknown","Other/Unknown","Positive/elevated",0.6486,0.3514,"LOW"
73,"Other/Unknown","Other/Unknown","Positive/elevated",0.6251,0.3749,"LOW"
74,"Other/Unknown","Other/Unknown","Positive/elevated",0.6187,0.3813,"LOW"
75,"Other/Unknown","Other/Unknown","Positive/elevated",0.6163,0.3837,"LOW"
76,"Other/Unknown","Other/Unknown","Positive/elevated",0.6205,0.3795,"LOW"
77,"Other/Unknown","Other/Unknown","Positive/elevated",0.6274,0.3726,"LOW"
78,"Other/Unknown","Other/Unknown","Positive/elevated",0.6223,0.3777,"LOW"
79,"Other/Unknown","Other/Unknown","Positive/elevated",0.5769,0.4231,"LOW"
80,"Other/Unknown","Other/Unknown","Positive/elevated",0.5531,0.4469,"LOW"
81,"Other/Unknown","Other/Unknown","Positive/elevated",0.5207,0.4793,"LOW"
82,"Other/Unknown","Other/Unknown","Positive/elevated",0.52,0.48,"LOW"
83,"Other/Unknown","Other/Unknown","Positive/elevated",0.5381,0.4619,"LOW"
84,"Other/Unknown","Other/Unknown","Positive/elevated",0.541,0.459,"LOW"
85,"Other/Unknown","Other/Unknown","Positive/elevated",0.4754,0.5246,"HIGH"
86,"Other/Unknown","Other/Unknown","Positive/elevated",0.4895,0.5105,"HIGH"
87,"Other/Unknown","Other/Unknown","Positive/elevated",0.5104,0.4896,"LOW"
88,"Other/Unknown","Other/Unknown","Positive/elevated",0.4769,0.5231,"HIGH"
89,"Other/Unknown","Other/Unknown","Positive/elevated",0.4108,0.5892,"HIGH"
90,"Other/Unknown","Other/Unknown","Positive/elevated",0.483,0.517,"HIGH"
91,"Other/Unknown","Other/Unknown","Positive/elevated",0.483,0.517,"HIGH"
92,"Other/Unknown","Other/Unknown","Positive/elevated",0.483,0.517,"HIGH"
93,"Other/Unknown","Other/Unknown","Positive/elevated",0.483,0.517,"HIGH"
94,"Other/Unknown","Other/Unknown","Positive/elevated",0.483,0.517,"HIGH"
95,"Other/Unknown","Other/Unknown","Positive/elevated",0.483,0.517,"HIGH"
96,"Other/Unknown","Other/Unknown","Positive/elevated",0.483,0.517,"HIGH"
97,"Other/Unknown","Other/Unknown","Positive/elevated",0.483,0.517,"HIGH"
98,"Other/Unknown","Other/Unknown","Positive/elevated",0.483,0.517,"HIGH"
99,"Other/Unknown","Other/Unknown","Positive/elevated",0.483,0.517,"HIGH"
0,"N0","T1","Positive/elevated",0.9632,0.0368,"LOW"
1,"N0","T1","Positive/elevated",0.9632,0.0368,"LOW"
2,"N0","T1","Positive/elevated",0.9632,0.0368,"LOW"
3,"N0","T1","Positive/elevated",0.9632,0.0368,"LOW"
4,"N0","T1","Positive/elevated",0.9632,0.0368,"LOW"
5,"N0","T1","Positive/elevated",0.9632,0.0368,"LOW"
6,"N0","T1","Positive/elevated",0.9632,0.0368,"LOW"
7,"N0","T1","Positive/elevated",0.967,0.033,"LOW"
8,"N0","T1","Positive/elevated",0.967,0.033,"LOW"
9,"N0","T1","Positive/elevated",0.967,0.033,"LOW"
10,"N0","T1","Positive/elevated",0.967,0.033,"LOW"
11,"N0","T1","Positive/elevated",0.967,0.033,"LOW"
12,"N0","T1","Positive/elevated",0.967,0.033,"LOW"
13,"N0","T1","Positive/elevated",0.9537,0.0463,"LOW"
14,"N0","T1","Positive/elevated",0.9651,0.0349,"LOW"
15,"N0","T1","Positive/elevated",0.9556,0.0444,"LOW"
16,"N0","T1","Positive/elevated",0.9686,0.0314,"LOW"
17,"N0","T1","Positive/elevated",0.9686,0.0314,"LOW"
18,"N0","T1","Positive/elevated",0.9668,0.0332,"LOW"
19,"N0","T1","Positive/elevated",0.9688,0.0312,"LOW"
20,"N0","T1","Positive/elevated",0.9688,0.0312,"LOW"
21,"N0","T1","Positive/elevated",0.9645,0.0355,"LOW"
22,"N0","T1","Positive/elevated",0.9645,0.0355,"LOW"
23,"N0","T1","Positive/elevated",0.9564,0.0436,"LOW"
24,"N0","T1","Positive/elevated",0.9643,0.0357,"LOW"
25,"N0","T1","Positive/elevated",0.9713,0.0287,"LOW"
26,"N0","T1","Positive/elevated",0.9714,0.0286,"LOW"
27,"N0","T1","Positive/elevated",0.9714,0.0286,"LOW"
28,"N0","T1","Positive/elevated",0.9714,0.0286,"LOW"
29,"N0","T1","Positive/elevated",0.9693,0.0307,"LOW"
30,"N0","T1","Positive/elevated",0.9721,0.0279,"LOW"
31,"N0","T1","Positive/elevated",0.9721,0.0279,"LOW"
32,"N0","T1","Positive/elevated",0.9721,0.0279,"LOW"
33,"N0","T1","Positive/elevated",0.9719,0.0281,"LOW"
34,"N0","T1","Positive/elevated",0.9681,0.0319,"LOW"
35,"N0","T1","Positive/elevated",0.9647,0.0353,"LOW"
36,"N0","T1","Positive/elevated",0.9643,0.0357,"LOW"
37,"N0","T1","Positive/elevated",0.9684,0.0316,"LOW"
38,"N0","T1","Positive/elevated",0.9675,0.0325,"LOW"
39,"N0","T1","Positive/elevated",0.9648,0.0352,"LOW"
40,"N0","T1","Positive/elevated",0.9666,0.0334,"LOW"
41,"N0","T1","Positive/elevated",0.963,0.037,"LOW"
42,"N0","T1","Positive/elevated",0.9655,0.0345,"LOW"
43,"N0","T1","Positive/elevated",0.9674,0.0326,"LOW"
44,"N0","T1","Positive/elevated",0.9657,0.0343,"LOW"
45,"N0","T1","Positive/elevated",0.9656,0.0344,"LOW"
46,"N0","T1","Positive/elevated",0.9681,0.0319,"LOW"
47,"N0","T1","Positive/elevated",0.958,0.042,"LOW"
48,"N0","T1","Positive/elevated",0.961,0.039,"LOW"
49,"N0","T1","Positive/elevated",0.9588,0.0412,"LOW"
50,"N0","T1","Positive/elevated",0.9535,0.0465,"LOW"
51,"N0","T1","Positive/elevated",0.9543,0.0457,"LOW"
52,"N0","T1","Positive/elevated",0.9536,0.0464,"LOW"
53,"N0","T1","Positive/elevated",0.953,0.047,"LOW"
54,"N0","T1","Positive/elevated",0.9562,0.0438,"LOW"
55,"N0","T1","Positive/elevated",0.9471,0.0529,"LOW"
56,"N0","T1","Positive/elevated",0.9466,0.0534,"LOW"
57,"N0","T1","Positive/elevated",0.9457,0.0543,"LOW"
58,"N0","T1","Positive/elevated",0.9419,0.0581,"LOW"
59,"N0","T1","Positive/elevated",0.9404,0.0596,"LOW"
60,"N0","T1","Positive/elevated",0.9413,0.0587,"LOW"
61,"N0","T1","Positive/elevated",0.935,0.065,"LOW"
62,"N0","T1","Positive/elevated",0.9442,0.0558,"LOW"
63,"N0","T1","Positive/elevated",0.9406,0.0594,"LOW"
64,"N0","T1","Positive/elevated",0.9445,0.0555,"LOW"
65,"N0","T1","Positive/elevated",0.9437,0.0563,"LOW"
66,"N0","T1","Positive/elevated",0.9425,0.0575,"LOW"
67,"N0","T1","Positive/elevated",0.9312,0.0688,"LOW"
68,"N0","T1","Positive/elevated",0.9107,0.0893,"LOW"
69,"N0","T1","Positive/elevated",0.9104,0.0896,"LOW"
70,"N0","T1","Positive/elevated",0.9077,0.0923,"LOW"
71,"N0","T1","Positive/elevated",0.9099,0.0901,"LOW"
72,"N0","T1","Positive/elevated",0.9081,0.0919,"LOW"
73,"N0","T1","Positive/elevated",0.9091,0.0909,"LOW"
74,"N0","T1","Positive/elevated",0.9025,0.0975,"LOW"
75,"N0","T1","Positive/elevated",0.8998,0.1002,"LOW"
76,"N0","T1","Positive/elevated",0.9031,0.0969,"LOW"
77,"N0","T1","Positive/elevated",0.9102,0.0898,"LOW"
78,"N0","T1","Positive/elevated",0.9009,0.0991,"LOW"
79,"N0","T1","Positive/elevated",0.8853,0.1147,"LOW"
80,"N0","T1","Positive/elevated",0.8884,0.1116,"LOW"
81,"N0","T1","Positive/elevated",0.8862,0.1138,"LOW"
82,"N0","T1","Positive/elevated",0.9034,0.0966,"LOW"
83,"N0","T1","Positive/elevated",0.8851,0.1149,"LOW"
84,"N0","T1","Positive/elevated",0.8514,0.1486,"LOW"
85,"N0","T1","Positive/elevated",0.8584,0.1416,"LOW"
86,"N0","T1","Positive/elevated",0.8656,0.1344,"LOW"
87,"N0","T1","Positive/elevated",0.8832,0.1168,"LOW"
88,"N0","T1","Positive/elevated",0.8711,0.1289,"LOW"
89,"N0","T1","Positive/elevated",0.8386,0.1614,"LOW"
90,"N0","T1","Positive/elevated",0.8532,0.1468,"LOW"
91,"N0","T1","Positive/elevated",0.8532,0.1468,"LOW"
92,"N0","T1","Positive/elevated",0.8532,0.1468,"LOW"
93,"N0","T1","Positive/elevated",0.8532,0.1468,"LOW"
94,"N0","T1","Positive/elevated",0.8532,0.1468,"LOW"
95,"N0","T1","Positive/elevated",0.8532,0.1468,"LOW"
96,"N0","T1","Positive/elevated",0.8532,0.1468,"LOW"
97,"N0","T1","Positive/elevated",0.8532,0.1468,"LOW"
98,"N0","T1","Positive/elevated",0.8532,0.1468,"LOW"
99,"N0","T1","Positive/elevated",0.8532,0.1468,"LOW"
0,"N1","T1","Positive/elevated",0.8351,0.1649,"LOW"
1,"N1","T1","Positive/elevated",0.8351,0.1649,"LOW"
2,"N1","T1","Positive/elevated",0.8351,0.1649,"LOW"
3,"N1","T1","Positive/elevated",0.8351,0.1649,"LOW"
4,"N1","T1","Positive/elevated",0.8351,0.1649,"LOW"
5,"N1","T1","Positive/elevated",0.8351,0.1649,"LOW"
6,"N1","T1","Positive/elevated",0.8351,0.1649,"LOW"
7,"N1","T1","Positive/elevated",0.8351,0.1649,"LOW"
8,"N1","T1","Positive/elevated",0.8351,0.1649,"LOW"
9,"N1","T1","Positive/elevated",0.8351,0.1649,"LOW"
10,"N1","T1","Positive/elevated",0.8351,0.1649,"LOW"
11,"N1","T1","Positive/elevated",0.8351,0.1649,"LOW"
12,"N1","T1","Positive/elevated",0.8351,0.1649,"LOW"
13,"N1","T1","Positive/elevated",0.8349,0.1651,"LOW"
14,"N1","T1","Positive/elevated",0.8286,0.1714,"LOW"
15,"N1","T1","Positive/elevated",0.8106,0.1894,"LOW"
16,"N1","T1","Positive/elevated",0.8371,0.1629,"LOW"
17,"N1","T1","Positive/elevated",0.8371,0.1629,"LOW"
18,"N1","T1","Positive/elevated",0.8315,0.1685,"LOW"
19,"N1","T1","Positive/elevated",0.8272,0.1728,"LOW"
20,"N1","T1","Positive/elevated",0.835,0.165,"LOW"
21,"N1","T1","Positive/elevated",0.835,0.165,"LOW"
22,"N1","T1","Positive/elevated",0.8269,0.1731,"LOW"
23,"N1","T1","Positive/elevated",0.8288,0.1712,"LOW"
24,"N1","T1","Positive/elevated",0.8277,0.1723,"LOW"
25,"N1","T1","Positive/elevated",0.8239,0.1761,"LOW"
26,"N1","T1","Positive/elevated",0.7976,0.2024,"LOW"
27,"N1","T1","Positive/elevated",0.7453,0.2547,"LOW"
28,"N1","T1","Positive/elevated",0.6011,0.3989,"LOW"
29,"N1","T1","Positive/elevated",0.5643,0.4357,"LOW"
30,"N1","T1","Positive/elevated",0.6995,0.3005,"LOW"
31,"N1","T1","Positive/elevated",0.7403,0.2597,"LOW"
32,"N1","T1","Positive/elevated",0.7389,0.2611,"LOW"
33,"N1","T1","Positive/elevated",0.7259,0.2741,"LOW"
34,"N1","T1","Positive/elevated",0.5669,0.4331,"LOW"
35,"N1","T1","Positive/elevated",0.5435,0.4565,"LOW"
36,"N1","T1","Positive/elevated",0.553,0.447,"LOW"
37,"N1","T1","Positive/elevated",0.687,0.313,"LOW"
38,"N1","T1","Positive/elevated",0.6222,0.3778,"LOW"
39,"N1","T1","Positive/elevated",0.657,0.343,"LOW"
40,"N1","T1","Positive/elevated",0.6316,0.3684,"LOW"
41,"N1","T1","Positive/elevated",0.6443,0.3557,"LOW"
42,"N1","T1","Positive/elevated",0.6959,0.3041,"LOW"
43,"N1","T1","Positive/elevated",0.7329,0.2671,"LOW"
44,"N1","T1","Positive/elevated",0.7162,0.2838,"LOW"
45,"N1","T1","Positive/elevated",0.6795,0.3205,"LOW"
46,"N1","T1","Positive/elevated",0.6989,0.3011,"LOW"
47,"N1","T1","Positive/elevated",0.6623,0.3377,"LOW"
48,"N1","T1","Positive/elevated",0.6703,0.3297,"LOW"
49,"N1","T1","Positive/elevated",0.7122,0.2878,"LOW"
50,"N1","T1","Positive/elevated",0.6678,0.3322,"LOW"
51,"N1","T1","Positive/elevated",0.6789,0.3211,"LOW"
52,"N1","T1","Positive/elevated",0.6615,0.3385,"LOW"
53,"N1","T1","Positive/elevated",0.653,0.347,"LOW"
54,"N1","T1","Positive/elevated",0.6258,0.3742,"LOW"
55,"N1","T1","Positive/elevated",0.6096,0.3904,"LOW"
56,"N1","T1","Positive/elevated",0.6357,0.3643,"LOW"
57,"N1","T1","Positive/elevated",0.658,0.342,"LOW"
58,"N1","T1","Positive/elevated",0.6583,0.3417,"LOW"
59,"N1","T1","Positive/elevated",0.6383,0.3617,"LOW"
60,"N1","T1","Positive/elevated",0.6253,0.3747,"LOW"
61,"N1","T1","Positive/elevated",0.6951,0.3049,"LOW"
62,"N1","T1","Positive/elevated",0.6057,0.3943,"LOW"
63,"N1","T1","Positive/elevated",0.6075,0.3925,"LOW"
64,"N1","T1","Positive/elevated",0.6285,0.3715,"LOW"
65,"N1","T1","Positive/elevated",0.6251,0.3749,"LOW"
66,"N1","T1","Positive/elevated",0.6067,0.3933,"LOW"
67,"N1","T1","Positive/elevated",0.6066,0.3934,"LOW"
68,"N1","T1","Positive/elevated",0.613,0.387,"LOW"
69,"N1","T1","Positive/elevated",0.6066,0.3934,"LOW"
70,"N1","T1","Positive/elevated",0.5827,0.4173,"LOW"
71,"N1","T1","Positive/elevated",0.6011,0.3989,"LOW"
72,"N1","T1","Positive/elevated",0.5765,0.4235,"LOW"
73,"N1","T1","Positive/elevated",0.5176,0.4824,"LOW"
74,"N1","T1","Positive/elevated",0.5448,0.4552,"LOW"
75,"N1","T1","Positive/elevated",0.5947,0.4053,"LOW"
76,"N1","T1","Positive/elevated",0.5761,0.4239,"LOW"
77,"N1","T1","Positive/elevated",0.5878,0.4122,"LOW"
78,"N1","T1","Positive/elevated",0.585,0.415,"LOW"
79,"N1","T1","Positive/elevated",0.6077,0.3923,"LOW"
80,"N1","T1","Positive/elevated",0.5639,0.4361,"LOW"
81,"N1","T1","Positive/elevated",0.57,0.43,"LOW"
82,"N1","T1","Positive/elevated",0.6461,0.3539,"LOW"
83,"N1","T1","Positive/elevated",0.6744,0.3256,"LOW"
84,"N1","T1","Positive/elevated",0.664,0.336,"LOW"
85,"N1","T1","Positive/elevated",0.6726,0.3274,"LOW"
86,"N1","T1","Positive/elevated",0.6724,0.3276,"LOW"
87,"N1","T1","Positive/elevated",0.7125,0.2875,"LOW"
88,"N1","T1","Positive/elevated",0.6647,0.3353,"LOW"
89,"N1","T1","Positive/elevated",0.5715,0.4285,"LOW"
90,"N1","T1","Positive/elevated",0.5139,0.4861,"LOW"
91,"N1","T1","Positive/elevated",0.5139,0.4861,"LOW"
92,"N1","T1","Positive/elevated",0.5139,0.4861,"LOW"
93,"N1","T1","Positive/elevated",0.5139,0.4861,"LOW"
94,"N1","T1","Positive/elevated",0.5139,0.4861,"LOW"
95,"N1","T1","Positive/elevated",0.5139,0.4861,"LOW"
96,"N1","T1","Positive/elevated",0.5139,0.4861,"LOW"
97,"N1","T1","Positive/elevated",0.5139,0.4861,"LOW"
98,"N1","T1","Positive/elevated",0.5139,0.4861,"LOW"
99,"N1","T1","Positive/elevated",0.5139,0.4861,"LOW"
0,"Other/Unknown","T1","Positive/elevated",0.961,0.039,"LOW"
1,"Other/Unknown","T1","Positive/elevated",0.961,0.039,"LOW"
2,"Other/Unknown","T1","Positive/elevated",0.961,0.039,"LOW"
3,"Other/Unknown","T1","Positive/elevated",0.961,0.039,"LOW"
4,"Other/Unknown","T1","Positive/elevated",0.961,0.039,"LOW"
5,"Other/Unknown","T1","Positive/elevated",0.961,0.039,"LOW"
6,"Other/Unknown","T1","Positive/elevated",0.961,0.039,"LOW"
7,"Other/Unknown","T1","Positive/elevated",0.961,0.039,"LOW"
8,"Other/Unknown","T1","Positive/elevated",0.961,0.039,"LOW"
9,"Other/Unknown","T1","Positive/elevated",0.961,0.039,"LOW"
10,"Other/Unknown","T1","Positive/elevated",0.961,0.039,"LOW"
11,"Other/Unknown","T1","Positive/elevated",0.961,0.039,"LOW"
12,"Other/Unknown","T1","Positive/elevated",0.961,0.039,"LOW"
13,"Other/Unknown","T1","Positive/elevated",0.9533,0.0467,"LOW"
14,"Other/Unknown","T1","Positive/elevated",0.9598,0.0402,"LOW"
15,"Other/Unknown","T1","Positive/elevated",0.9578,0.0422,"LOW"
16,"Other/Unknown","T1","Positive/elevated",0.9619,0.0381,"LOW"
17,"Other/Unknown","T1","Positive/elevated",0.9619,0.0381,"LOW"
18,"Other/Unknown","T1","Positive/elevated",0.9597,0.0403,"LOW"
19,"Other/Unknown","T1","Positive/elevated",0.9582,0.0418,"LOW"
20,"Other/Unknown","T1","Positive/elevated",0.9598,0.0402,"LOW"
21,"Other/Unknown","T1","Positive/elevated",0.9604,0.0396,"LOW"
22,"Other/Unknown","T1","Positive/elevated",0.9604,0.0396,"LOW"
23,"Other/Unknown","T1","Positive/elevated",0.9607,0.0393,"LOW"
24,"Other/Unknown","T1","Positive/elevated",0.9607,0.0393,"LOW"
25,"Other/Unknown","T1","Positive/elevated",0.9611,0.0389,"LOW"
26,"Other/Unknown","T1","Positive/elevated",0.9606,0.0394,"LOW"
27,"Other/Unknown","T1","Positive/elevated",0.9397,0.0603,"LOW"
28,"Other/Unknown","T1","Positive/elevated",0.9609,0.0391,"LOW"
29,"Other/Unknown","T1","Positive/elevated",0.9604,0.0396,"LOW"
30,"Other/Unknown","T1","Positive/elevated",0.961,0.039,"LOW"
31,"Other/Unknown","T1","Positive/elevated",0.9613,0.0387,"LOW"
32,"Other/Unknown","T1","Positive/elevated",0.9613,0.0387,"LOW"
33,"Other/Unknown","T1","Positive/elevated",0.9612,0.0388,"LOW"
34,"Other/Unknown","T1","Positive/elevated",0.9604,0.0396,"LOW"
35,"Other/Unknown","T1","Positive/elevated",0.9586,0.0414,"LOW"
36,"Other/Unknown","T1","Positive/elevated",0.9589,0.0411,"LOW"
37,"Other/Unknown","T1","Positive/elevated",0.9594,0.0406,"LOW"
38,"Other/Unknown","T1","Positive/elevated",0.9578,0.0422,"LOW"
39,"Other/Unknown","T1","Positive/elevated",0.9541,0.0459,"LOW"
40,"Other/Unknown","T1","Positive/elevated",0.894,0.106,"LOW"
41,"Other/Unknown","T1","Positive/elevated",0.943,0.057,"LOW"
42,"Other/Unknown","T1","Positive/elevated",0.9478,0.0522,"LOW"
43,"Other/Unknown","T1","Positive/elevated",0.9484,0.0516,"LOW"
44,"Other/Unknown","T1","Positive/elevated",0.9454,0.0546,"LOW"
45,"Other/Unknown","T1","Positive/elevated",0.8795,0.1205,"LOW"
46,"Other/Unknown","T1","Positive/elevated",0.8853,0.1147,"LOW"
47,"Other/Unknown","T1","Positive/elevated",0.936,0.064,"LOW"
48,"Other/Unknown","T1","Positive/elevated",0.9398,0.0602,"LOW"
49,"Other/Unknown","T1","Positive/elevated",0.9387,0.0613,"LOW"
50,"Other/Unknown","T1","Positive/elevated",0.9312,0.0688,"LOW"
51,"Other/Unknown","T1","Positive/elevated",0.8675,0.1325,"LOW"
52,"Other/Unknown","T1","Positive/elevated",0.9171,0.0829,"LOW"
53,"Other/Unknown","T1","Positive/elevated",0.8967,0.1033,"LOW"
54,"Other/Unknown","T1","Positive/elevated",0.9154,0.0846,"LOW"
55,"Other/Unknown","T1","Positive/elevated",0.8987,0.1013,"LOW"
56,"Other/Unknown","T1","Positive/elevated",0.9092,0.0908,"LOW"
57,"Other/Unknown","T1","Positive/elevated",0.9177,0.0823,"LOW"
58,"Other/Unknown","T1","Positive/elevated",0.9153,0.0847,"LOW"
59,"Other/Unknown","T1","Positive/elevated",0.8609,0.1391,"LOW"
60,"Other/Unknown","T1","Positive/elevated",0.89,0.11,"LOW"
61,"Other/Unknown","T1","Positive/elevated",0.8337,0.1663,"LOW"
62,"Other/Unknown","T1","Positive/elevated",0.8047,0.1953,"LOW"
63,"Other/Unknown","T1","Positive/elevated",0.8132,0.1868,"LOW"
64,"Other/Unknown","T1","Positive/elevated",0.8111,0.1889,"LOW"
65,"Other/Unknown","T1","Positive/elevated",0.8115,0.1885,"LOW"
66,"Other/Unknown","T1","Positive/elevated",0.7951,0.2049,"LOW"
67,"Other/Unknown","T1","Positive/elevated",0.7842,0.2158,"LOW"
68,"Other/Unknown","T1","Positive/elevated",0.834,0.166,"LOW"
69,"Other/Unknown","T1","Positive/elevated",0.8221,0.1779,"LOW"
70,"Other/Unknown","T1","Positive/elevated",0.7889,0.2111,"LOW"
71,"Other/Unknown","T1","Positive/elevated",0.7802,0.2198,"LOW"
72,"Other/Unknown","T1","Positive/elevated",0.783,0.217,"LOW"
73,"Other/Unknown","T1","Positive/elevated",0.8116,0.1884,"LOW"
74,"Other/Unknown","T1","Positive/elevated",0.7038,0.2962,"LOW"
75,"Other/Unknown","T1","Positive/elevated",0.8038,0.1962,"LOW"
76,"Other/Unknown","T1","Positive/elevated",0.7889,0.2111,"LOW"
77,"Other/Unknown","T1","Positive/elevated",0.7048,0.2952,"LOW"
78,"Other/Unknown","T1","Positive/elevated",0.8245,0.1755,"LOW"
79,"Other/Unknown","T1","Positive/elevated",0.8393,0.1607,"LOW"
80,"Other/Unknown","T1","Positive/elevated",0.8403,0.1597,"LOW"
81,"Other/Unknown","T1","Positive/elevated",0.7875,0.2125,"LOW"
82,"Other/Unknown","T1","Positive/elevated",0.7973,0.2027,"LOW"
83,"Other/Unknown","T1","Positive/elevated",0.8641,0.1359,"LOW"
84,"Other/Unknown","T1","Positive/elevated",0.8558,0.1442,"LOW"
85,"Other/Unknown","T1","Positive/elevated",0.7866,0.2134,"LOW"
86,"Other/Unknown","T1","Positive/elevated",0.7869,0.2131,"LOW"
87,"Other/Unknown","T1","Positive/elevated",0.7133,0.2867,"LOW"
88,"Other/Unknown","T1","Positive/elevated",0.6737,0.3263,"LOW"
89,"Other/Unknown","T1","Positive/elevated",0.7142,0.2858,"LOW"
90,"Other/Unknown","T1","Positive/elevated",0.7305,0.2695,"LOW"
91,"Other/Unknown","T1","Positive/elevated",0.7305,0.2695,"LOW"
92,"Other/Unknown","T1","Positive/elevated",0.7305,0.2695,"LOW"
93,"Other/Unknown","T1","Positive/elevated",0.7305,0.2695,"LOW"
94,"Other/Unknown","T1","Positive/elevated",0.7305,0.2695,"LOW"
95,"Other/Unknown","T1","Positive/elevated",0.7305,0.2695,"LOW"
96,"Other/Unknown","T1","Positive/elevated",0.7305,0.2695,"LOW"
97,"Other/Unknown","T1","Positive/elevated",0.7305,0.2695,"LOW"
98,"Other/Unknown","T1","Positive/elevated",0.7305,0.2695,"LOW"
99,"Other/Unknown","T1","Positive/elevated",0.7305,0.2695,"LOW"
0,"N0","T2","Positive/elevated",0.7464,0.2536,"LOW"
1,"N0","T2","Positive/elevated",0.7464,0.2536,"LOW"
2,"N0","T2","Positive/elevated",0.7795,0.2205,"LOW"
3,"N0","T2","Positive/elevated",0.7831,0.2169,"LOW"
4,"N0","T2","Positive/elevated",0.7831,0.2169,"LOW"
5,"N0","T2","Positive/elevated",0.8117,0.1883,"LOW"
6,"N0","T2","Positive/elevated",0.8338,0.1662,"LOW"
7,"N0","T2","Positive/elevated",0.8956,0.1044,"LOW"
8,"N0","T2","Positive/elevated",0.9172,0.0828,"LOW"
9,"N0","T2","Positive/elevated",0.9172,0.0828,"LOW"
10,"N0","T2","Positive/elevated",0.9172,0.0828,"LOW"
11,"N0","T2","Positive/elevated",0.9172,0.0828,"LOW"
12,"N0","T2","Positive/elevated",0.9172,0.0828,"LOW"
13,"N0","T2","Positive/elevated",0.9167,0.0833,"LOW"
14,"N0","T2","Positive/elevated",0.916,0.084,"LOW"
15,"N0","T2","Positive/elevated",0.9165,0.0835,"LOW"
16,"N0","T2","Positive/elevated",0.9165,0.0835,"LOW"
17,"N0","T2","Positive/elevated",0.8847,0.1153,"LOW"
18,"N0","T2","Positive/elevated",0.8813,0.1187,"LOW"
19,"N0","T2","Positive/elevated",0.9125,0.0875,"LOW"
20,"N0","T2","Positive/elevated",0.9126,0.0874,"LOW"
21,"N0","T2","Positive/elevated",0.9126,0.0874,"LOW"
22,"N0","T2","Positive/elevated",0.8683,0.1317,"LOW"
23,"N0","T2","Positive/elevated",0.9042,0.0958,"LOW"
24,"N0","T2","Positive/elevated",0.8851,0.1149,"LOW"
25,"N0","T2","Positive/elevated",0.9072,0.0928,"LOW"
26,"N0","T2","Positive/elevated",0.8937,0.1063,"LOW"
27,"N0","T2","Positive/elevated",0.9153,0.0847,"LOW"
28,"N0","T2","Positive/elevated",0.9152,0.0848,"LOW"
29,"N0","T2","Positive/elevated",0.9156,0.0844,"LOW"
30,"N0","T2","Positive/elevated",0.9155,0.0845,"LOW"
31,"N0","T2","Positive/elevated",0.865,0.135,"LOW"
32,"N0","T2","Positive/elevated",0.8859,0.1141,"LOW"
33,"N0","T2","Positive/elevated",0.8742,0.1258,"LOW"
34,"N0","T2","Positive/elevated",0.8906,0.1094,"LOW"
35,"N0","T2","Positive/elevated",0.8935,0.1065,"LOW"
36,"N0","T2","Positive/elevated",0.8974,0.1026,"LOW"
37,"N0","T2","Positive/elevated",0.8532,0.1468,"LOW"
38,"N0","T2","Positive/elevated",0.8887,0.1113,"LOW"
39,"N0","T2","Positive/elevated",0.8898,0.1102,"LOW"
40,"N0","T2","Positive/elevated",0.8783,0.1217,"LOW"
41,"N0","T2","Positive/elevated",0.8867,0.1133,"LOW"
42,"N0","T2","Positive/elevated",0.8941,0.1059,"LOW"
43,"N0","T2","Positive/elevated",0.8985,0.1015,"LOW"
44,"N0","T2","Positive/elevated",0.8864,0.1136,"LOW"
45,"N0","T2","Positive/elevated",0.8946,0.1054,"LOW"
46,"N0","T2","Positive/elevated",0.8914,0.1086,"LOW"
47,"N0","T2","Positive/elevated",0.8708,0.1292,"LOW"
48,"N0","T2","Positive/elevated",0.88,0.12,"LOW"
49,"N0","T2","Positive/elevated",0.8727,0.1273,"LOW"
50,"N0","T2","Positive/elevated",0.8843,0.1157,"LOW"
51,"N0","T2","Positive/elevated",0.8827,0.1173,"LOW"
52,"N0","T2","Positive/elevated",0.8848,0.1152,"LOW"
53,"N0","T2","Positive/elevated",0.8801,0.1199,"LOW"
54,"N0","T2","Positive/elevated",0.8578,0.1422,"LOW"
55,"N0","T2","Positive/elevated",0.8797,0.1203,"LOW"
56,"N0","T2","Positive/elevated",0.8693,0.1307,"LOW"
57,"N0","T2","Positive/elevated",0.8652,0.1348,"LOW"
58,"N0","T2","Positive/elevated",0.8332,0.1668,"LOW"
59,"N0","T2","Positive/elevated",0.818,0.182,"LOW"
60,"N0","T2","Positive/elevated",0.8289,0.1711,"LOW"
61,"N0","T2","Positive/elevated",0.8283,0.1717,"LOW"
62,"N0","T2","Positive/elevated",0.8099,0.1901,"LOW"
63,"N0","T2","Positive/elevated",0.8089,0.1911,"LOW"
64,"N0","T2","Positive/elevated",0.8212,0.1788,"LOW"
65,"N0","T2","Positive/elevated",0.8161,0.1839,"LOW"
66,"N0","T2","Positive/elevated",0.8085,0.1915,"LOW"
67,"N0","T2","Positive/elevated",0.7982,0.2018,"LOW"
68,"N0","T2","Positive/elevated",0.8058,0.1942,"LOW"
69,"N0","T2","Positive/elevated",0.7935,0.2065,"LOW"
70,"N0","T2","Positive/elevated",0.7999,0.2001,"LOW"
71,"N0","T2","Positive/elevated",0.8003,0.1997,"LOW"
72,"N0","T2","Positive/elevated",0.7984,0.2016,"LOW"
73,"N0","T2","Positive/elevated",0.8004,0.1996,"LOW"
74,"N0","T2","Positive/elevated",0.7811,0.2189,"LOW"
75,"N0","T2","Positive/elevated",0.8025,0.1975,"LOW"
76,"N0","T2","Positive/elevated",0.7881,0.2119,"LOW"
77,"N0","T2","Positive/elevated",0.8165,0.1835,"LOW"
78,"N0","T2","Positive/elevated",0.8049,0.1951,"LOW"
79,"N0","T2","Positive/elevated",0.7751,0.2249,"LOW"
80,"N0","T2","Positive/elevated",0.8041,0.1959,"LOW"
81,"N0","T2","Positive/elevated",0.7704,0.2296,"LOW"
82,"N0","T2","Positive/elevated",0.7944,0.2056,"LOW"
83,"N0","T2","Positive/elevated",0.8152,0.1848,"LOW"
84,"N0","T2","Positive/elevated",0.7939,0.2061,"LOW"
85,"N0","T2","Positive/elevated",0.7376,0.2624,"LOW"
86,"N0","T2","Positive/elevated",0.7705,0.2295,"LOW"
87,"N0","T2","Positive/elevated",0.769,0.231,"LOW"
88,"N0","T2","Positive/elevated",0.7425,0.2575,"LOW"
89,"N0","T2","Positive/elevated",0.7622,0.2378,"LOW"
90,"N0","T2","Positive/elevated",0.7807,0.2193,"LOW"
91,"N0","T2","Positive/elevated",0.7807,0.2193,"LOW"
92,"N0","T2","Positive/elevated",0.7807,0.2193,"LOW"
93,"N0","T2","Positive/elevated",0.7807,0.2193,"LOW"
94,"N0","T2","Positive/elevated",0.7807,0.2193,"LOW"
95,"N0","T2","Positive/elevated",0.7807,0.2193,"LOW"
96,"N0","T2","Positive/elevated",0.7807,0.2193,"LOW"
97,"N0","T2","Positive/elevated",0.7807,0.2193,"LOW"
98,"N0","T2","Positive/elevated",0.7807,0.2193,"LOW"
99,"N0","T2","Positive/elevated",0.7807,0.2193,"LOW"
0,"N1","T2","Positive/elevated",0.7003,0.2997,"LOW"
1,"N1","T2","Positive/elevated",0.7003,0.2997,"LOW"
2,"N1","T2","Positive/elevated",0.7003,0.2997,"LOW"
3,"N1","T2","Positive/elevated",0.7003,0.2997,"LOW"
4,"N1","T2","Positive/elevated",0.7003,0.2997,"LOW"
5,"N1","T2","Positive/elevated",0.6983,0.3017,"LOW"
6,"N1","T2","Positive/elevated",0.6923,0.3077,"LOW"
7,"N1","T2","Positive/elevated",0.6943,0.3057,"LOW"
8,"N1","T2","Positive/elevated",0.6943,0.3057,"LOW"
9,"N1","T2","Positive/elevated",0.6943,0.3057,"LOW"
10,"N1","T2","Positive/elevated",0.7006,0.2994,"LOW"
11,"N1","T2","Positive/elevated",0.7026,0.2974,"LOW"
12,"N1","T2","Positive/elevated",0.7046,0.2954,"LOW"
13,"N1","T2","Positive/elevated",0.7046,0.2954,"LOW"
14,"N1","T2","Positive/elevated",0.7026,0.2974,"LOW"
15,"N1","T2","Positive/elevated",0.7002,0.2998,"LOW"
16,"N1","T2","Positive/elevated",0.7028,0.2972,"LOW"
17,"N1","T2","Positive/elevated",0.7028,0.2972,"LOW"
18,"N1","T2","Positive/elevated",0.6558,0.3442,"LOW"
19,"N1","T2","Positive/elevated",0.6303,0.3697,"LOW"
20,"N1","T2","Positive/elevated",0.6556,0.3444,"LOW"
21,"N1","T2","Positive/elevated",0.6575,0.3425,"LOW"
22,"N1","T2","Positive/elevated",0.5101,0.4899,"LOW"
23,"N1","T2","Positive/elevated",0.4947,0.5053,"HIGH"
24,"N1","T2","Positive/elevated",0.7982,0.2018,"LOW"
25,"N1","T2","Positive/elevated",0.8021,0.1979,"LOW"
26,"N1","T2","Positive/elevated",0.811,0.189,"LOW"
27,"N1","T2","Positive/elevated",0.7845,0.2155,"LOW"
28,"N1","T2","Positive/elevated",0.7709,0.2291,"LOW"
29,"N1","T2","Positive/elevated",0.7811,0.2189,"LOW"
30,"N1","T2","Positive/elevated",0.7748,0.2252,"LOW"
31,"N1","T2","Positive/elevated",0.771,0.229,"LOW"
32,"N1","T2","Positive/elevated",0.7591,0.2409,"LOW"
33,"N1","T2","Positive/elevated",0.7556,0.2444,"LOW"
34,"N1","T2","Positive/elevated",0.5905,0.4095,"LOW"
35,"N1","T2","Positive/elevated",0.6328,0.3672,"LOW"
36,"N1","T2","Positive/elevated",0.5275,0.4725,"LOW"
37,"N1","T2","Positive/elevated",0.4148,0.5852,"HIGH"
38,"N1","T2","Positive/elevated",0.6325,0.3675,"LOW"
39,"N1","T2","Positive/elevated",0.4481,0.5519,"HIGH"
40,"N1","T2","Positive/elevated",0.6204,0.3796,"LOW"
41,"N1","T2","Positive/elevated",0.5962,0.4038,"LOW"
42,"N1","T2","Positive/elevated",0.6856,0.3144,"LOW"
43,"N1","T2","Positive/elevated",0.5628,0.4372,"LOW"
44,"N1","T2","Positive/elevated",0.5179,0.4821,"LOW"
45,"N1","T2","Positive/elevated",0.6174,0.3826,"LOW"
46,"N1","T2","Positive/elevated",0.6303,0.3697,"LOW"
47,"N1","T2","Positive/elevated",0.6492,0.3508,"LOW"
48,"N1","T2","Positive/elevated",0.6417,0.3583,"LOW"
49,"N1","T2","Positive/elevated",0.6221,0.3779,"LOW"
50,"N1","T2","Positive/elevated",0.6439,0.3561,"LOW"
51,"N1","T2","Positive/elevated",0.6411,0.3589,"LOW"
52,"N1","T2","Positive/elevated",0.5983,0.4017,"LOW"
53,"N1","T2","Positive/elevated",0.6083,0.3917,"LOW"
54,"N1","T2","Positive/elevated",0.6208,0.3792,"LOW"
55,"N1","T2","Positive/elevated",0.621,0.379,"LOW"
56,"N1","T2","Positive/elevated",0.5979,0.4021,"LOW"
57,"N1","T2","Positive/elevated",0.6522,0.3478,"LOW"
58,"N1","T2","Positive/elevated",0.6046,0.3954,"LOW"
59,"N1","T2","Positive/elevated",0.6,0.4,"LOW"
60,"N1","T2","Positive/elevated",0.6169,0.3831,"LOW"
61,"N1","T2","Positive/elevated",0.5765,0.4235,"LOW"
62,"N1","T2","Positive/elevated",0.5935,0.4065,"LOW"
63,"N1","T2","Positive/elevated",0.5918,0.4082,"LOW"
64,"N1","T2","Positive/elevated",0.6024,0.3976,"LOW"
65,"N1","T2","Positive/elevated",0.5688,0.4312,"LOW"
66,"N1","T2","Positive/elevated",0.5931,0.4069,"LOW"
67,"N1","T2","Positive/elevated",0.5763,0.4237,"LOW"
68,"N1","T2","Positive/elevated",0.5853,0.4147,"LOW"
69,"N1","T2","Positive/elevated",0.5927,0.4073,"LOW"
70,"N1","T2","Positive/elevated",0.6004,0.3996,"LOW"
71,"N1","T2","Positive/elevated",0.6118,0.3882,"LOW"
72,"N1","T2","Positive/elevated",0.5645,0.4355,"LOW"
73,"N1","T2","Positive/elevated",0.6027,0.3973,"LOW"
74,"N1","T2","Positive/elevated",0.6095,0.3905,"LOW"
75,"N1","T2","Positive/elevated",0.605,0.395,"LOW"
76,"N1","T2","Positive/elevated",0.5881,0.4119,"LOW"
77,"N1","T2","Positive/elevated",0.586,0.414,"LOW"
78,"N1","T2","Positive/elevated",0.5915,0.4085,"LOW"
79,"N1","T2","Positive/elevated",0.6002,0.3998,"LOW"
80,"N1","T2","Positive/elevated",0.6158,0.3842,"LOW"
81,"N1","T2","Positive/elevated",0.5808,0.4192,"LOW"
82,"N1","T2","Positive/elevated",0.6233,0.3767,"LOW"
83,"N1","T2","Positive/elevated",0.6207,0.3793,"LOW"
84,"N1","T2","Positive/elevated",0.6045,0.3955,"LOW"
85,"N1","T2","Positive/elevated",0.6261,0.3739,"LOW"
86,"N1","T2","Positive/elevated",0.5795,0.4205,"LOW"
87,"N1","T2","Positive/elevated",0.6386,0.3614,"LOW"
88,"N1","T2","Positive/elevated",0.586,0.414,"LOW"
89,"N1","T2","Positive/elevated",0.638,0.362,"LOW"
90,"N1","T2","Positive/elevated",0.4268,0.5732,"HIGH"
91,"N1","T2","Positive/elevated",0.4268,0.5732,"HIGH"
92,"N1","T2","Positive/elevated",0.4268,0.5732,"HIGH"
93,"N1","T2","Positive/elevated",0.4268,0.5732,"HIGH"
94,"N1","T2","Positive/elevated",0.4268,0.5732,"HIGH"
95,"N1","T2","Positive/elevated",0.4268,0.5732,"HIGH"
96,"N1","T2","Positive/elevated",0.4268,0.5732,"HIGH"
97,"N1","T2","Positive/elevated",0.4268,0.5732,"HIGH"
98,"N1","T2","Positive/elevated",0.4268,0.5732,"HIGH"
99,"N1","T2","Positive/elevated",0.4268,0.5732,"HIGH"
0,"Other/Unknown","T2","Positive/elevated",0.5978,0.4022,"LOW"
1,"Other/Unknown","T2","Positive/elevated",0.5978,0.4022,"LOW"
2,"Other/Unknown","T2","Positive/elevated",0.5998,0.4002,"LOW"
3,"Other/Unknown","T2","Positive/elevated",0.5998,0.4002,"LOW"
4,"Other/Unknown","T2","Positive/elevated",0.5998,0.4002,"LOW"
5,"Other/Unknown","T2","Positive/elevated",0.6009,0.3991,"LOW"
6,"Other/Unknown","T2","Positive/elevated",0.6009,0.3991,"LOW"
7,"Other/Unknown","T2","Positive/elevated",0.609,0.391,"LOW"
8,"Other/Unknown","T2","Positive/elevated",0.609,0.391,"LOW"
9,"Other/Unknown","T2","Positive/elevated",0.609,0.391,"LOW"
10,"Other/Unknown","T2","Positive/elevated",0.609,0.391,"LOW"
11,"Other/Unknown","T2","Positive/elevated",0.609,0.391,"LOW"
12,"Other/Unknown","T2","Positive/elevated",0.609,0.391,"LOW"
13,"Other/Unknown","T2","Positive/elevated",0.6072,0.3928,"LOW"
14,"Other/Unknown","T2","Positive/elevated",0.6096,0.3904,"LOW"
15,"Other/Unknown","T2","Positive/elevated",0.6076,0.3924,"LOW"
16,"Other/Unknown","T2","Positive/elevated",0.6041,0.3959,"LOW"
17,"Other/Unknown","T2","Positive/elevated",0.6101,0.3899,"LOW"
18,"Other/Unknown","T2","Positive/elevated",0.596,0.404,"LOW"
19,"Other/Unknown","T2","Positive/elevated",0.5902,0.4098,"LOW"
20,"Other/Unknown","T2","Positive/elevated",0.5896,0.4104,"LOW"
21,"Other/Unknown","T2","Positive/elevated",0.5912,0.4088,"LOW"
22,"Other/Unknown","T2","Positive/elevated",0.5886,0.4114,"LOW"
23,"Other/Unknown","T2","Positive/elevated",0.5813,0.4187,"LOW"
24,"Other/Unknown","T2","Positive/elevated",0.5732,0.4268,"LOW"
25,"Other/Unknown","T2","Positive/elevated",0.5379,0.4621,"LOW"
26,"Other/Unknown","T2","Positive/elevated",0.5317,0.4683,"LOW"
27,"Other/Unknown","T2","Positive/elevated",0.5365,0.4635,"LOW"
28,"Other/Unknown","T2","Positive/elevated",0.528,0.472,"LOW"
29,"Other/Unknown","T2","Positive/elevated",0.4501,0.5499,"HIGH"
30,"Other/Unknown","T2","Positive/elevated",0.4471,0.5529,"HIGH"
31,"Other/Unknown","T2","Positive/elevated",0.4486,0.5514,"HIGH"
32,"Other/Unknown","T2","Positive/elevated",0.4528,0.5472,"HIGH"
33,"Other/Unknown","T2","Positive/elevated",0.6816,0.3184,"LOW"
34,"Other/Unknown","T2","Positive/elevated",0.7371,0.2629,"LOW"
35,"Other/Unknown","T2","Positive/elevated",0.753,0.247,"LOW"
36,"Other/Unknown","T2","Positive/elevated",0.7734,0.2266,"LOW"
37,"Other/Unknown","T2","Positive/elevated",0.7742,0.2258,"LOW"
38,"Other/Unknown","T2","Positive/elevated",0.7706,0.2294,"LOW"
39,"Other/Unknown","T2","Positive/elevated",0.7716,0.2284,"LOW"
40,"Other/Unknown","T2","Positive/elevated",0.7666,0.2334,"LOW"
41,"Other/Unknown","T2","Positive/elevated",0.7428,0.2572,"LOW"
42,"Other/Unknown","T2","Positive/elevated",0.4887,0.5113,"HIGH"
43,"Other/Unknown","T2","Positive/elevated",0.5626,0.4374,"LOW"
44,"Other/Unknown","T2","Positive/elevated",0.6504,0.3496,"LOW"
45,"Other/Unknown","T2","Positive/elevated",0.6622,0.3378,"LOW"
46,"Other/Unknown","T2","Positive/elevated",0.6242,0.3758,"LOW"
47,"Other/Unknown","T2","Positive/elevated",0.6259,0.3741,"LOW"
48,"Other/Unknown","T2","Positive/elevated",0.644,0.356,"LOW"
49,"Other/Unknown","T2","Positive/elevated",0.6321,0.3679,"LOW"
50,"Other/Unknown","T2","Positive/elevated",0.5809,0.4191,"LOW"
51,"Other/Unknown","T2","Positive/elevated",0.6293,0.3707,"LOW"
52,"Other/Unknown","T2","Positive/elevated",0.6082,0.3918,"LOW"
53,"Other/Unknown","T2","Positive/elevated",0.5836,0.4164,"LOW"
54,"Other/Unknown","T2","Positive/elevated",0.5736,0.4264,"LOW"
55,"Other/Unknown","T2","Positive/elevated",0.5197,0.4803,"LOW"
56,"Other/Unknown","T2","Positive/elevated",0.6821,0.3179,"LOW"
57,"Other/Unknown","T2","Positive/elevated",0.6796,0.3204,"LOW"
58,"Other/Unknown","T2","Positive/elevated",0.5864,0.4136,"LOW"
59,"Other/Unknown","T2","Positive/elevated",0.6507,0.3493,"LOW"
60,"Other/Unknown","T2","Positive/elevated",0.4118,0.5882,"HIGH"
61,"Other/Unknown","T2","Positive/elevated",0.4094,0.5906,"HIGH"
62,"Other/Unknown","T2","Positive/elevated",0.4566,0.5434,"HIGH"
63,"Other/Unknown","T2","Positive/elevated",0.5203,0.4797,"LOW"
64,"Other/Unknown","T2","Positive/elevated",0.5328,0.4672,"LOW"
65,"Other/Unknown","T2","Positive/elevated",0.5004,0.4996,"LOW"
66,"Other/Unknown","T2","Positive/elevated",0.5314,0.4686,"LOW"
67,"Other/Unknown","T2","Positive/elevated",0.5567,0.4433,"LOW"
68,"Other/Unknown","T2","Positive/elevated",0.5811,0.4189,"LOW"
69,"Other/Unknown","T2","Positive/elevated",0.4756,0.5244,"HIGH"
70,"Other/Unknown","T2","Positive/elevated",0.6318,0.3682,"LOW"
71,"Other/Unknown","T2","Positive/elevated",0.5162,0.4838,"LOW"
72,"Other/Unknown","T2","Positive/elevated",0.5359,0.4641,"LOW"
73,"Other/Unknown","T2","Positive/elevated",0.5368,0.4632,"LOW"
74,"Other/Unknown","T2","Positive/elevated",0.4743,0.5257,"HIGH"
75,"Other/Unknown","T2","Positive/elevated",0.4496,0.5504,"HIGH"
76,"Other/Unknown","T2","Positive/elevated",0.5939,0.4061,"LOW"
77,"Other/Unknown","T2","Positive/elevated",0.5609,0.4391,"LOW"
78,"Other/Unknown","T2","Positive/elevated",0.4883,0.5117,"HIGH"
79,"Other/Unknown","T2","Positive/elevated",0.5273,0.4727,"LOW"
80,"Other/Unknown","T2","Positive/elevated",0.5705,0.4295,"LOW"
81,"Other/Unknown","T2","Positive/elevated",0.5836,0.4164,"LOW"
82,"Other/Unknown","T2","Positive/elevated",0.5298,0.4702,"LOW"
83,"Other/Unknown","T2","Positive/elevated",0.454,0.546,"HIGH"
84,"Other/Unknown","T2","Positive/elevated",0.5049,0.4951,"LOW"
85,"Other/Unknown","T2","Positive/elevated",0.7706,0.2294,"LOW"
86,"Other/Unknown","T2","Positive/elevated",0.6583,0.3417,"LOW"
87,"Other/Unknown","T2","Positive/elevated",0.5618,0.4382,"LOW"
88,"Other/Unknown","T2","Positive/elevated",0.6017,0.3983,"LOW"
89,"Other/Unknown","T2","Positive/elevated",0.3322,0.6678,"HIGH"
90,"Other/Unknown","T2","Positive/elevated",0.4271,0.5729,"HIGH"
91,"Other/Unknown","T2","Positive/elevated",0.4271,0.5729,"HIGH"
92,"Other/Unknown","T2","Positive/elevated",0.4271,0.5729,"HIGH"
93,"Other/Unknown","T2","Positive/elevated",0.4271,0.5729,"HIGH"
94,"Other/Unknown","T2","Positive/elevated",0.4271,0.5729,"HIGH"
95,"Other/Unknown","T2","Positive/elevated",0.4271,0.5729,"HIGH"
96,"Other/Unknown","T2","Positive/elevated",0.4271,0.5729,"HIGH"
97,"Other/Unknown","T2","Positive/elevated",0.4271,0.5729,"HIGH"
98,"Other/Unknown","T2","Positive/elevated",0.4271,0.5729,"HIGH"
99,"Other/Unknown","T2","Positive/elevated",0.4271,0.5729,"HIGH"
0,"N0","T3","Positive/elevated",0.8034,0.1966,"LOW"
1,"N0","T3","Positive/elevated",0.8034,0.1966,"LOW"
2,"N0","T3","Positive/elevated",0.8034,0.1966,"LOW"
3,"N0","T3","Positive/elevated",0.8034,0.1966,"LOW"
4,"N0","T3","Positive/elevated",0.8034,0.1966,"LOW"
5,"N0","T3","Positive/elevated",0.8034,0.1966,"LOW"
6,"N0","T3","Positive/elevated",0.8034,0.1966,"LOW"
7,"N0","T3","Positive/elevated",0.8034,0.1966,"LOW"
8,"N0","T3","Positive/elevated",0.8034,0.1966,"LOW"
9,"N0","T3","Positive/elevated",0.8034,0.1966,"LOW"
10,"N0","T3","Positive/elevated",0.7918,0.2082,"LOW"
11,"N0","T3","Positive/elevated",0.7992,0.2008,"LOW"
12,"N0","T3","Positive/elevated",0.7992,0.2008,"LOW"
13,"N0","T3","Positive/elevated",0.7498,0.2502,"LOW"
14,"N0","T3","Positive/elevated",0.7433,0.2567,"LOW"
15,"N0","T3","Positive/elevated",0.7565,0.2435,"LOW"
16,"N0","T3","Positive/elevated",0.7638,0.2362,"LOW"
17,"N0","T3","Positive/elevated",0.8082,0.1918,"LOW"
18,"N0","T3","Positive/elevated",0.8143,0.1857,"LOW"
19,"N0","T3","Positive/elevated",0.7637,0.2363,"LOW"
20,"N0","T3","Positive/elevated",0.7951,0.2049,"LOW"
21,"N0","T3","Positive/elevated",0.8047,0.1953,"LOW"
22,"N0","T3","Positive/elevated",0.8117,0.1883,"LOW"
23,"N0","T3","Positive/elevated",0.7783,0.2217,"LOW"
24,"N0","T3","Positive/elevated",0.8089,0.1911,"LOW"
25,"N0","T3","Positive/elevated",0.7994,0.2006,"LOW"
26,"N0","T3","Positive/elevated",0.7985,0.2015,"LOW"
27,"N0","T3","Positive/elevated",0.7909,0.2091,"LOW"
28,"N0","T3","Positive/elevated",0.7954,0.2046,"LOW"
29,"N0","T3","Positive/elevated",0.7787,0.2213,"LOW"
30,"N0","T3","Positive/elevated",0.7889,0.2111,"LOW"
31,"N0","T3","Positive/elevated",0.772,0.228,"LOW"
32,"N0","T3","Positive/elevated",0.8094,0.1906,"LOW"
33,"N0","T3","Positive/elevated",0.7733,0.2267,"LOW"
34,"N0","T3","Positive/elevated",0.7633,0.2367,"LOW"
35,"N0","T3","Positive/elevated",0.77,0.23,"LOW"
36,"N0","T3","Positive/elevated",0.7617,0.2383,"LOW"
37,"N0","T3","Positive/elevated",0.7737,0.2263,"LOW"
38,"N0","T3","Positive/elevated",0.7663,0.2337,"LOW"
39,"N0","T3","Positive/elevated",0.7626,0.2374,"LOW"
40,"N0","T3","Positive/elevated",0.756,0.244,"LOW"
41,"N0","T3","Positive/elevated",0.7561,0.2439,"LOW"
42,"N0","T3","Positive/elevated",0.7686,0.2314,"LOW"
43,"N0","T3","Positive/elevated",0.7897,0.2103,"LOW"
44,"N0","T3","Positive/elevated",0.7742,0.2258,"LOW"
45,"N0","T3","Positive/elevated",0.7753,0.2247,"LOW"
46,"N0","T3","Positive/elevated",0.7759,0.2241,"LOW"
47,"N0","T3","Positive/elevated",0.7744,0.2256,"LOW"
48,"N0","T3","Positive/elevated",0.7794,0.2206,"LOW"
49,"N0","T3","Positive/elevated",0.7767,0.2233,"LOW"
50,"N0","T3","Positive/elevated",0.7768,0.2232,"LOW"
51,"N0","T3","Positive/elevated",0.7781,0.2219,"LOW"
52,"N0","T3","Positive/elevated",0.7707,0.2293,"LOW"
53,"N0","T3","Positive/elevated",0.765,0.235,"LOW"
54,"N0","T3","Positive/elevated",0.7734,0.2266,"LOW"
55,"N0","T3","Positive/elevated",0.7645,0.2355,"LOW"
56,"N0","T3","Positive/elevated",0.7691,0.2309,"LOW"
57,"N0","T3","Positive/elevated",0.765,0.235,"LOW"
58,"N0","T3","Positive/elevated",0.7645,0.2355,"LOW"
59,"N0","T3","Positive/elevated",0.7514,0.2486,"LOW"
60,"N0","T3","Positive/elevated",0.7477,0.2523,"LOW"
61,"N0","T3","Positive/elevated",0.7463,0.2537,"LOW"
62,"N0","T3","Positive/elevated",0.7437,0.2563,"LOW"
63,"N0","T3","Positive/elevated",0.745,0.255,"LOW"
64,"N0","T3","Positive/elevated",0.7431,0.2569,"LOW"
65,"N0","T3","Positive/elevated",0.743,0.257,"LOW"
66,"N0","T3","Positive/elevated",0.7439,0.2561,"LOW"
67,"N0","T3","Positive/elevated",0.7474,0.2526,"LOW"
68,"N0","T3","Positive/elevated",0.7484,0.2516,"LOW"
69,"N0","T3","Positive/elevated",0.7475,0.2525,"LOW"
70,"N0","T3","Positive/elevated",0.7404,0.2596,"LOW"
71,"N0","T3","Positive/elevated",0.7379,0.2621,"LOW"
72,"N0","T3","Positive/elevated",0.7439,0.2561,"LOW"
73,"N0","T3","Positive/elevated",0.7494,0.2506,"LOW"
74,"N0","T3","Positive/elevated",0.7447,0.2553,"LOW"
75,"N0","T3","Positive/elevated",0.7486,0.2514,"LOW"
76,"N0","T3","Positive/elevated",0.7431,0.2569,"LOW"
77,"N0","T3","Positive/elevated",0.7472,0.2528,"LOW"
78,"N0","T3","Positive/elevated",0.7547,0.2453,"LOW"
79,"N0","T3","Positive/elevated",0.753,0.247,"LOW"
80,"N0","T3","Positive/elevated",0.7516,0.2484,"LOW"
81,"N0","T3","Positive/elevated",0.7429,0.2571,"LOW"
82,"N0","T3","Positive/elevated",0.721,0.279,"LOW"
83,"N0","T3","Positive/elevated",0.7324,0.2676,"LOW"
84,"N0","T3","Positive/elevated",0.7298,0.2702,"LOW"
85,"N0","T3","Positive/elevated",0.741,0.259,"LOW"
86,"N0","T3","Positive/elevated",0.7282,0.2718,"LOW"
87,"N0","T3","Positive/elevated",0.7261,0.2739,"LOW"
88,"N0","T3","Positive/elevated",0.7297,0.2703,"LOW"
89,"N0","T3","Positive/elevated",0.7164,0.2836,"LOW"
90,"N0","T3","Positive/elevated",0.6947,0.3053,"LOW"
91,"N0","T3","Positive/elevated",0.6947,0.3053,"LOW"
92,"N0","T3","Positive/elevated",0.6947,0.3053,"LOW"
93,"N0","T3","Positive/elevated",0.6947,0.3053,"LOW"
94,"N0","T3","Positive/elevated",0.6947,0.3053,"LOW"
95,"N0","T3","Positive/elevated",0.6947,0.3053,"LOW"
96,"N0","T3","Positive/elevated",0.6947,0.3053,"LOW"
97,"N0","T3","Positive/elevated",0.6947,0.3053,"LOW"
98,"N0","T3","Positive/elevated",0.6947,0.3053,"LOW"
99,"N0","T3","Positive/elevated",0.6947,0.3053,"LOW"
0,"N1","T3","Positive/elevated",0.7786,0.2214,"LOW"
1,"N1","T3","Positive/elevated",0.7786,0.2214,"LOW"
2,"N1","T3","Positive/elevated",0.7786,0.2214,"LOW"
3,"N1","T3","Positive/elevated",0.7786,0.2214,"LOW"
4,"N1","T3","Positive/elevated",0.7786,0.2214,"LOW"
5,"N1","T3","Positive/elevated",0.7786,0.2214,"LOW"
6,"N1","T3","Positive/elevated",0.7726,0.2274,"LOW"
7,"N1","T3","Positive/elevated",0.7726,0.2274,"LOW"
8,"N1","T3","Positive/elevated",0.7726,0.2274,"LOW"
9,"N1","T3","Positive/elevated",0.7726,0.2274,"LOW"
10,"N1","T3","Positive/elevated",0.776,0.224,"LOW"
11,"N1","T3","Positive/elevated",0.7796,0.2204,"LOW"
12,"N1","T3","Positive/elevated",0.7796,0.2204,"LOW"
13,"N1","T3","Positive/elevated",0.7796,0.2204,"LOW"
14,"N1","T3","Positive/elevated",0.7796,0.2204,"LOW"
15,"N1","T3","Positive/elevated",0.7744,0.2256,"LOW"
16,"N1","T3","Positive/elevated",0.7751,0.2249,"LOW"
17,"N1","T3","Positive/elevated",0.7744,0.2256,"LOW"
18,"N1","T3","Positive/elevated",0.7465,0.2535,"LOW"
19,"N1","T3","Positive/elevated",0.7052,0.2948,"LOW"
20,"N1","T3","Positive/elevated",0.7334,0.2666,"LOW"
21,"N1","T3","Positive/elevated",0.7161,0.2839,"LOW"
22,"N1","T3","Positive/elevated",0.6341,0.3659,"LOW"
23,"N1","T3","Positive/elevated",0.6628,0.3372,"LOW"
24,"N1","T3","Positive/elevated",0.6317,0.3683,"LOW"
25,"N1","T3","Positive/elevated",0.6269,0.3731,"LOW"
26,"N1","T3","Positive/elevated",0.7014,0.2986,"LOW"
27,"N1","T3","Positive/elevated",0.4932,0.5068,"HIGH"
28,"N1","T3","Positive/elevated",0.434,0.566,"HIGH"
29,"N1","T3","Positive/elevated",0.6056,0.3944,"LOW"
30,"N1","T3","Positive/elevated",0.6128,0.3872,"LOW"
31,"N1","T3","Positive/elevated",0.6526,0.3474,"LOW"
32,"N1","T3","Positive/elevated",0.6443,0.3557,"LOW"
33,"N1","T3","Positive/elevated",0.665,0.335,"LOW"
34,"N1","T3","Positive/elevated",0.6422,0.3578,"LOW"
35,"N1","T3","Positive/elevated",0.6433,0.3567,"LOW"
36,"N1","T3","Positive/elevated",0.6574,0.3426,"LOW"
37,"N1","T3","Positive/elevated",0.6582,0.3418,"LOW"
38,"N1","T3","Positive/elevated",0.6572,0.3428,"LOW"
39,"N1","T3","Positive/elevated",0.6174,0.3826,"LOW"
40,"N1","T3","Positive/elevated",0.6757,0.3243,"LOW"
41,"N1","T3","Positive/elevated",0.5989,0.4011,"LOW"
42,"N1","T3","Positive/elevated",0.5901,0.4099,"LOW"
43,"N1","T3","Positive/elevated",0.6007,0.3993,"LOW"
44,"N1","T3","Positive/elevated",0.5607,0.4393,"LOW"
45,"N1","T3","Positive/elevated",0.5743,0.4257,"LOW"
46,"N1","T3","Positive/elevated",0.5743,0.4257,"LOW"
47,"N1","T3","Positive/elevated",0.5501,0.4499,"LOW"
48,"N1","T3","Positive/elevated",0.5782,0.4218,"LOW"
49,"N1","T3","Positive/elevated",0.5604,0.4396,"LOW"
50,"N1","T3","Positive/elevated",0.5635,0.4365,"LOW"
51,"N1","T3","Positive/elevated",0.5756,0.4244,"LOW"
52,"N1","T3","Positive/elevated",0.5813,0.4187,"LOW"
53,"N1","T3","Positive/elevated",0.5782,0.4218,"LOW"
54,"N1","T3","Positive/elevated",0.5508,0.4492,"LOW"
55,"N1","T3","Positive/elevated",0.5374,0.4626,"LOW"
56,"N1","T3","Positive/elevated",0.5435,0.4565,"LOW"
57,"N1","T3","Positive/elevated",0.5508,0.4492,"LOW"
58,"N1","T3","Positive/elevated",0.5546,0.4454,"LOW"
59,"N1","T3","Positive/elevated",0.5405,0.4595,"LOW"
60,"N1","T3","Positive/elevated",0.5515,0.4485,"LOW"
61,"N1","T3","Positive/elevated",0.5335,0.4665,"LOW"
62,"N1","T3","Positive/elevated",0.5274,0.4726,"LOW"
63,"N1","T3","Positive/elevated",0.5286,0.4714,"LOW"
64,"N1","T3","Positive/elevated",0.5176,0.4824,"LOW"
65,"N1","T3","Positive/elevated",0.5303,0.4697,"LOW"
66,"N1","T3","Positive/elevated",0.5211,0.4789,"LOW"
67,"N1","T3","Positive/elevated",0.5282,0.4718,"LOW"
68,"N1","T3","Positive/elevated",0.5211,0.4789,"LOW"
69,"N1","T3","Positive/elevated",0.5202,0.4798,"LOW"
70,"N1","T3","Positive/elevated",0.5255,0.4745,"LOW"
71,"N1","T3","Positive/elevated",0.5295,0.4705,"LOW"
72,"N1","T3","Positive/elevated",0.553,0.447,"LOW"
73,"N1","T3","Positive/elevated",0.5448,0.4552,"LOW"
74,"N1","T3","Positive/elevated",0.5332,0.4668,"LOW"
75,"N1","T3","Positive/elevated",0.5332,0.4668,"LOW"
76,"N1","T3","Positive/elevated",0.5429,0.4571,"LOW"
77,"N1","T3","Positive/elevated",0.5456,0.4544,"LOW"
78,"N1","T3","Positive/elevated",0.5277,0.4723,"LOW"
79,"N1","T3","Positive/elevated",0.5325,0.4675,"LOW"
80,"N1","T3","Positive/elevated",0.5303,0.4697,"LOW"
81,"N1","T3","Positive/elevated",0.5502,0.4498,"LOW"
82,"N1","T3","Positive/elevated",0.5227,0.4773,"LOW"
83,"N1","T3","Positive/elevated",0.4865,0.5135,"HIGH"
84,"N1","T3","Positive/elevated",0.5108,0.4892,"LOW"
85,"N1","T3","Positive/elevated",0.5094,0.4906,"LOW"
86,"N1","T3","Positive/elevated",0.5155,0.4845,"LOW"
87,"N1","T3","Positive/elevated",0.5098,0.4902,"LOW"
88,"N1","T3","Positive/elevated",0.5062,0.4938,"LOW"
89,"N1","T3","Positive/elevated",0.5002,0.4998,"LOW"
90,"N1","T3","Positive/elevated",0.4924,0.5076,"HIGH"
91,"N1","T3","Positive/elevated",0.4924,0.5076,"HIGH"
92,"N1","T3","Positive/elevated",0.4924,0.5076,"HIGH"
93,"N1","T3","Positive/elevated",0.4924,0.5076,"HIGH"
94,"N1","T3","Positive/elevated",0.4924,0.5076,"HIGH"
95,"N1","T3","Positive/elevated",0.4924,0.5076,"HIGH"
96,"N1","T3","Positive/elevated",0.4924,0.5076,"HIGH"
97,"N1","T3","Positive/elevated",0.4924,0.5076,"HIGH"
98,"N1","T3","Positive/elevated",0.4924,0.5076,"HIGH"
99,"N1","T3","Positive/elevated",0.4924,0.5076,"HIGH"
0,"Other/Unknown","T3","Positive/elevated",0.6531,0.3469,"LOW"
1,"Other/Unknown","T3","Positive/elevated",0.6531,0.3469,"LOW"
2,"Other/Unknown","T3","Positive/elevated",0.6531,0.3469,"LOW"
3,"Other/Unknown","T3","Positive/elevated",0.6531,0.3469,"LOW"
4,"Other/Unknown","T3","Positive/elevated",0.6531,0.3469,"LOW"
5,"Other/Unknown","T3","Positive/elevated",0.6531,0.3469,"LOW"
6,"Other/Unknown","T3","Positive/elevated",0.6531,0.3469,"LOW"
7,"Other/Unknown","T3","Positive/elevated",0.6531,0.3469,"LOW"
8,"Other/Unknown","T3","Positive/elevated",0.6531,0.3469,"LOW"
9,"Other/Unknown","T3","Positive/elevated",0.6531,0.3469,"LOW"
10,"Other/Unknown","T3","Positive/elevated",0.6511,0.3489,"LOW"
11,"Other/Unknown","T3","Positive/elevated",0.6511,0.3489,"LOW"
12,"Other/Unknown","T3","Positive/elevated",0.6511,0.3489,"LOW"
13,"Other/Unknown","T3","Positive/elevated",0.6449,0.3551,"LOW"
14,"Other/Unknown","T3","Positive/elevated",0.6444,0.3556,"LOW"
15,"Other/Unknown","T3","Positive/elevated",0.5959,0.4041,"LOW"
16,"Other/Unknown","T3","Positive/elevated",0.6043,0.3957,"LOW"
17,"Other/Unknown","T3","Positive/elevated",0.7322,0.2678,"LOW"
18,"Other/Unknown","T3","Positive/elevated",0.7355,0.2645,"LOW"
19,"Other/Unknown","T3","Positive/elevated",0.7456,0.2544,"LOW"
20,"Other/Unknown","T3","Positive/elevated",0.7216,0.2784,"LOW"
21,"Other/Unknown","T3","Positive/elevated",0.7397,0.2603,"LOW"
22,"Other/Unknown","T3","Positive/elevated",0.7442,0.2558,"LOW"
23,"Other/Unknown","T3","Positive/elevated",0.7398,0.2602,"LOW"
24,"Other/Unknown","T3","Positive/elevated",0.7103,0.2897,"LOW"
25,"Other/Unknown","T3","Positive/elevated",0.4835,0.5165,"HIGH"
26,"Other/Unknown","T3","Positive/elevated",0.5223,0.4777,"LOW"
27,"Other/Unknown","T3","Positive/elevated",0.5461,0.4539,"LOW"
28,"Other/Unknown","T3","Positive/elevated",0.4903,0.5097,"HIGH"
29,"Other/Unknown","T3","Positive/elevated",0.4663,0.5337,"HIGH"
30,"Other/Unknown","T3","Positive/elevated",0.5499,0.4501,"LOW"
31,"Other/Unknown","T3","Positive/elevated",0.5395,0.4605,"LOW"
32,"Other/Unknown","T3","Positive/elevated",0.6207,0.3793,"LOW"
33,"Other/Unknown","T3","Positive/elevated",0.6439,0.3561,"LOW"
34,"Other/Unknown","T3","Positive/elevated",0.6123,0.3877,"LOW"
35,"Other/Unknown","T3","Positive/elevated",0.6299,0.3701,"LOW"
36,"Other/Unknown","T3","Positive/elevated",0.5974,0.4026,"LOW"
37,"Other/Unknown","T3","Positive/elevated",0.6029,0.3971,"LOW"
38,"Other/Unknown","T3","Positive/elevated",0.525,0.475,"LOW"
39,"Other/Unknown","T3","Positive/elevated",0.5071,0.4929,"LOW"
40,"Other/Unknown","T3","Positive/elevated",0.486,0.514,"HIGH"
41,"Other/Unknown","T3","Positive/elevated",0.5222,0.4778,"LOW"
42,"Other/Unknown","T3","Positive/elevated",0.594,0.406,"LOW"
43,"Other/Unknown","T3","Positive/elevated",0.6149,0.3851,"LOW"
44,"Other/Unknown","T3","Positive/elevated",0.6026,0.3974,"LOW"
45,"Other/Unknown","T3","Positive/elevated",0.4954,0.5046,"HIGH"
46,"Other/Unknown","T3","Positive/elevated",0.479,0.521,"HIGH"
47,"Other/Unknown","T3","Positive/elevated",0.4853,0.5147,"HIGH"
48,"Other/Unknown","T3","Positive/elevated",0.4999,0.5001,"HIGH"
49,"Other/Unknown","T3","Positive/elevated",0.5358,0.4642,"LOW"
50,"Other/Unknown","T3","Positive/elevated",0.5301,0.4699,"LOW"
51,"Other/Unknown","T3","Positive/elevated",0.542,0.458,"LOW"
52,"Other/Unknown","T3","Positive/elevated",0.5673,0.4327,"LOW"
53,"Other/Unknown","T3","Positive/elevated",0.5506,0.4494,"LOW"
54,"Other/Unknown","T3","Positive/elevated",0.5647,0.4353,"LOW"
55,"Other/Unknown","T3","Positive/elevated",0.5485,0.4515,"LOW"
56,"Other/Unknown","T3","Positive/elevated",0.5584,0.4416,"LOW"
57,"Other/Unknown","T3","Positive/elevated",0.5765,0.4235,"LOW"
58,"Other/Unknown","T3","Positive/elevated",0.5458,0.4542,"LOW"
59,"Other/Unknown","T3","Positive/elevated",0.5128,0.4872,"LOW"
60,"Other/Unknown","T3","Positive/elevated",0.5259,0.4741,"LOW"
61,"Other/Unknown","T3","Positive/elevated",0.5117,0.4883,"LOW"
62,"Other/Unknown","T3","Positive/elevated",0.5134,0.4866,"LOW"
63,"Other/Unknown","T3","Positive/elevated",0.5023,0.4977,"LOW"
64,"Other/Unknown","T3","Positive/elevated",0.5212,0.4788,"LOW"
65,"Other/Unknown","T3","Positive/elevated",0.4901,0.5099,"HIGH"
66,"Other/Unknown","T3","Positive/elevated",0.4811,0.5189,"HIGH"
67,"Other/Unknown","T3","Positive/elevated",0.5194,0.4806,"LOW"
68,"Other/Unknown","T3","Positive/elevated",0.4946,0.5054,"HIGH"
69,"Other/Unknown","T3","Positive/elevated",0.5105,0.4895,"LOW"
70,"Other/Unknown","T3","Positive/elevated",0.5343,0.4657,"LOW"
71,"Other/Unknown","T3","Positive/elevated",0.5048,0.4952,"LOW"
72,"Other/Unknown","T3","Positive/elevated",0.5586,0.4414,"LOW"
73,"Other/Unknown","T3","Positive/elevated",0.5736,0.4264,"LOW"
74,"Other/Unknown","T3","Positive/elevated",0.516,0.484,"LOW"
75,"Other/Unknown","T3","Positive/elevated",0.4874,0.5126,"HIGH"
76,"Other/Unknown","T3","Positive/elevated",0.4737,0.5263,"HIGH"
77,"Other/Unknown","T3","Positive/elevated",0.5308,0.4692,"LOW"
78,"Other/Unknown","T3","Positive/elevated",0.5119,0.4881,"LOW"
79,"Other/Unknown","T3","Positive/elevated",0.5343,0.4657,"LOW"
80,"Other/Unknown","T3","Positive/elevated",0.5157,0.4843,"LOW"
81,"Other/Unknown","T3","Positive/elevated",0.5182,0.4818,"LOW"
82,"Other/Unknown","T3","Positive/elevated",0.5351,0.4649,"LOW"
83,"Other/Unknown","T3","Positive/elevated",0.5346,0.4654,"LOW"
84,"Other/Unknown","T3","Positive/elevated",0.4967,0.5033,"HIGH"
85,"Other/Unknown","T3","Positive/elevated",0.4311,0.5689,"HIGH"
86,"Other/Unknown","T3","Positive/elevated",0.5545,0.4455,"LOW"
87,"Other/Unknown","T3","Positive/elevated",0.4824,0.5176,"HIGH"
88,"Other/Unknown","T3","Positive/elevated",0.5232,0.4768,"LOW"
89,"Other/Unknown","T3","Positive/elevated",0.4823,0.5177,"HIGH"
90,"Other/Unknown","T3","Positive/elevated",0.4788,0.5212,"HIGH"
91,"Other/Unknown","T3","Positive/elevated",0.4788,0.5212,"HIGH"
92,"Other/Unknown","T3","Positive/elevated",0.4788,0.5212,"HIGH"
93,"Other/Unknown","T3","Positive/elevated",0.4788,0.5212,"HIGH"
94,"Other/Unknown","T3","Positive/elevated",0.4788,0.5212,"HIGH"
95,"Other/Unknown","T3","Positive/elevated",0.4788,0.5212,"HIGH"
96,"Other/Unknown","T3","Positive/elevated",0.4788,0.5212,"HIGH"
97,"Other/Unknown","T3","Positive/elevated",0.4788,0.5212,"HIGH"
98,"Other/Unknown","T3","Positive/elevated",0.4788,0.5212,"HIGH"
99,"Other/Unknown","T3","Positive/elevated",0.4788,0.5212,"HIGH"
