"AGE","SEX","TNM_N_cat","TNM_T_cat","rectum_cea_cat","no_metastasis","metastasis","risk_level"
0,"1","N0","T0","Negative/normal; within normal limits",0.9622,0.0378,"LOW"
1,"1","N0","T0","Negative/normal; within normal limits",0.9622,0.0378,"LOW"
2,"1","N0","T0","Negative/normal; within normal limits",0.9622,0.0378,"LOW"
3,"1","N0","T0","Negative/normal; within normal limits",0.9622,0.0378,"LOW"
4,"1","N0","T0","Negative/normal; within normal limits",0.9621,0.0379,"LOW"
5,"1","N0","T0","Negative/normal; within normal limits",0.9621,0.0379,"LOW"
6,"1","N0","T0","Negative/normal; within normal limits",0.9621,0.0379,"LOW"
7,"1","N0","T0","Negative/normal; within normal limits",0.9618,0.0382,"LOW"
8,"1","N0","T0","Negative/normal; within normal limits",0.9618,0.0382,"LOW"
9,"1","N0","T0","Negative/normal; within normal limits",0.9618,0.0382,"LOW"
10,"1","N0","T0","Negative/normal; within normal limits",0.9615,0.0385,"LOW"
11,"1","N0","T0","Negative/normal; within normal limits",0.9615,0.0385,"LOW"
12,"1","N0","T0","Negative/normal; within normal limits",0.9615,0.0385,"LOW"
13,"1","N0","T0","Negative/normal; within normal limits",0.9615,0.0385,"LOW"
14,"1","N0","T0","Negative/normal; within normal limits",0.9615,0.0385,"LOW"
15,"1","N0","T0","Negative/normal; within normal limits",0.9615,0.0385,"LOW"
16,"1","N0","T0","Negative/normal; within normal limits",0.9615,0.0385,"LOW"
17,"1","N0","T0","Negative/normal; within normal limits",0.9615,0.0385,"LOW"
18,"1","N0","T0","Negative/normal; within normal limits",0.9615,0.0385,"LOW"
19,"1","N0","T0","Negative/normal; within normal limits",0.9615,0.0385,"LOW"
20,"1","N0","T0","Negative/normal; within normal limits",0.9615,0.0385,"LOW"
21,"1","N0","T0","Negative/normal; within normal limits",0.9613,0.0387,"LOW"
22,"1","N0","T0","Negative/normal; within normal limits",0.9606,0.0394,"LOW"
23,"1","N0","T0","Negative/normal; within normal limits",0.9571,0.0429,"LOW"
24,"1","N0","T0","Negative/normal; within normal limits",0.9558,0.0442,"LOW"
25,"1","N0","T0","Negative/normal; within normal limits",0.9487,0.0513,"LOW"
26,"1","N0","T0","Negative/normal; within normal limits",0.9532,0.0468,"LOW"
27,"1","N0","T0","Negative/normal; within normal limits",0.9532,0.0468,"LOW"
28,"1","N0","T0","Negative/normal; within normal limits",0.9511,0.0489,"LOW"
29,"1","N0","T0","Negative/normal; within normal limits",0.9517,0.0483,"LOW"
30,"1","N0","T0","Negative/normal; within normal limits",0.9514,0.0486,"LOW"
31,"1","N0","T0","Negative/normal; within normal limits",0.9489,0.0511,"LOW"
32,"1","N0","T0","Negative/normal; within normal limits",0.946,0.054,"LOW"
33,"1","N0","T0","Negative/normal; within normal limits",0.9424,0.0576,"LOW"
34,"1","N0","T0","Negative/normal; within normal limits",0.9436,0.0564,"LOW"
35,"1","N0","T0","Negative/normal; within normal limits",0.9429,0.0571,"LOW"
36,"1","N0","T0","Negative/normal; within normal limits",0.9362,0.0638,"LOW"
37,"1","N0","T0","Negative/normal; within normal limits",0.9357,0.0643,"LOW"
38,"1","N0","T0","Negative/normal; within normal limits",0.9317,0.0683,"LOW"
39,"1","N0","T0","Negative/normal; within normal limits",0.9295,0.0705,"LOW"
40,"1","N0","T0","Negative/normal; within normal limits",0.9282,0.0718,"LOW"
41,"1","N0","T0","Negative/normal; within normal limits",0.9271,0.0729,"LOW"
42,"1","N0","T0","Negative/normal; within normal limits",0.9256,0.0744,"LOW"
43,"1","N0","T0","Negative/normal; within normal limits",0.92,0.08,"LOW"
44,"1","N0","T0","Negative/normal; within normal limits",0.9165,0.0835,"LOW"
45,"1","N0","T0","Negative/normal; within normal limits",0.9146,0.0854,"LOW"
46,"1","N0","T0","Negative/normal; within normal limits",0.7917,0.2083,"LOW"
47,"1","N0","T0","Negative/normal; within normal limits",0.8206,0.1794,"LOW"
48,"1","N0","T0","Negative/normal; within normal limits",0.8496,0.1504,"LOW"
49,"1","N0","T0","Negative/normal; within normal limits",0.8858,0.1142,"LOW"
50,"1","N0","T0","Negative/normal; within normal limits",0.9221,0.0779,"LOW"
51,"1","N0","T0","Negative/normal; within normal limits",0.9351,0.0649,"LOW"
52,"1","N0","T0","Negative/normal; within normal limits",0.9405,0.0595,"LOW"
53,"1","N0","T0","Negative/normal; within normal limits",0.9414,0.0586,"LOW"
54,"1","N0","T0","Negative/normal; within normal limits",0.942,0.058,"LOW"
55,"1","N0","T0","Negative/normal; within normal limits",0.9412,0.0588,"LOW"
56,"1","N0","T0","Negative/normal; within normal limits",0.9372,0.0628,"LOW"
57,"1","N0","T0","Negative/normal; within normal limits",0.93,0.07,"LOW"
58,"1","N0","T0","Negative/normal; within normal limits",0.9264,0.0736,"LOW"
59,"1","N0","T0","Negative/normal; within normal limits",0.9199,0.0801,"LOW"
60,"1","N0","T0","Negative/normal; within normal limits",0.9162,0.0838,"LOW"
61,"1","N0","T0","Negative/normal; within normal limits",0.9132,0.0868,"LOW"
62,"1","N0","T0","Negative/normal; within normal limits",0.9112,0.0888,"LOW"
63,"1","N0","T0","Negative/normal; within normal limits",0.8983,0.1017,"LOW"
64,"1","N0","T0","Negative/normal; within normal limits",0.8416,0.1584,"LOW"
65,"1","N0","T0","Negative/normal; within normal limits",0.8849,0.1151,"LOW"
66,"1","N0","T0","Negative/normal; within normal limits",0.8416,0.1584,"LOW"
67,"1","N0","T0","Negative/normal; within normal limits",0.8984,0.1016,"LOW"
68,"1","N0","T0","Negative/normal; within normal limits",0.9142,0.0858,"LOW"
69,"1","N0","T0","Negative/normal; within normal limits",0.9253,0.0747,"LOW"
70,"1","N0","T0","Negative/normal; within normal limits",0.9172,0.0828,"LOW"
71,"1","N0","T0","Negative/normal; within normal limits",0.9363,0.0637,"LOW"
72,"1","N0","T0","Negative/normal; within normal limits",0.9409,0.0591,"LOW"
73,"1","N0","T0","Negative/normal; within normal limits",0.9445,0.0555,"LOW"
74,"1","N0","T0","Negative/normal; within normal limits",0.9465,0.0535,"LOW"
75,"1","N0","T0","Negative/normal; within normal limits",0.949,0.051,"LOW"
76,"1","N0","T0","Negative/normal; within normal limits",0.9524,0.0476,"LOW"
77,"1","N0","T0","Negative/normal; within normal limits",0.9546,0.0454,"LOW"
78,"1","N0","T0","Negative/normal; within normal limits",0.9563,0.0437,"LOW"
79,"1","N0","T0","Negative/normal; within normal limits",0.9576,0.0424,"LOW"
80,"1","N0","T0","Negative/normal; within normal limits",0.9584,0.0416,"LOW"
81,"1","N0","T0","Negative/normal; within normal limits",0.9591,0.0409,"LOW"
82,"1","N0","T0","Negative/normal; within normal limits",0.96,0.04,"LOW"
83,"1","N0","T0","Negative/normal; within normal limits",0.9604,0.0396,"LOW"
84,"1","N0","T0","Negative/normal; within normal limits",0.9601,0.0399,"LOW"
85,"1","N0","T0","Negative/normal; within normal limits",0.9612,0.0388,"LOW"
86,"1","N0","T0","Negative/normal; within normal limits",0.962,0.038,"LOW"
87,"1","N0","T0","Negative/normal; within normal limits",0.9618,0.0382,"LOW"
88,"1","N0","T0","Negative/normal; within normal limits",0.9617,0.0383,"LOW"
89,"1","N0","T0","Negative/normal; within normal limits",0.9618,0.0382,"LOW"
90,"1","N0","T0","Negative/normal; within normal limits",0.9612,0.0388,"LOW"
91,"1","N0","T0","Negative/normal; within normal limits",0.9612,0.0388,"LOW"
92,"1","N0","T0","Negative/normal; within normal limits",0.9612,0.0388,"LOW"
93,"1","N0","T0","Negative/normal; within normal limits",0.9612,0.0388,"LOW"
94,"1","N0","T0","Negative/normal; within normal limits",0.9612,0.0388,"LOW"
95,"1","N0","T0","Negative/normal; within normal limits",0.9612,0.0388,"LOW"
96,"1","N0","T0","Negative/normal; within normal limits",0.9612,0.0388,"LOW"
97,"1","N0","T0","Negative/normal; within normal limits",0.9612,0.0388,"LOW"
98,"1","N0","T0","Negative/normal; within normal limits",0.9612,0.0388,"LOW"
99,"1","N0","T0","Negative/normal; within normal limits",0.9612,0.0388,"LOW"
0,"2","N0","T0","Negative/normal; within normal limits",0.9575,0.0425,"LOW"
1,"2","N0","T0","Negative/normal; within normal limits",0.9575,0.0425,"LOW"
2,"2","N0","T0","Negative/normal; within normal limits",0.9575,0.0425,"LOW"
3,"2","N0","T0","Negative/normal; within normal limits",0.9575,0.0425,"LOW"
4,"2","N0","T0","Negative/normal; within normal limits",0.957,0.043,"LOW"
5,"2","N0","T0","Negative/normal; within normal limits",0.957,0.043,"LOW"
6,"2","N0","T0","Negative/normal; within normal limits",0.9568,0.0432,"LOW"
7,"2","N0","T0","Negative/normal; within normal limits",0.9564,0.0436,"LOW"
8,"2","N0","T0","Negative/normal; within normal limits",0.9564,0.0436,"LOW"
9,"2","N0","T0","Negative/normal; within normal limits",0.9564,0.0436,"LOW"
10,"2","N0","T0","Negative/normal; within normal limits",0.9564,0.0436,"LOW"
11,"2","N0","T0","Negative/normal; within normal limits",0.9564,0.0436,"LOW"
12,"2","N0","T0","Negative/normal; within normal limits",0.9564,0.0436,"LOW"
13,"2","N0","T0","Negative/normal; within normal limits",0.9564,0.0436,"LOW"
14,"2","N0","T0","Negative/normal; within normal limits",0.9564,0.0436,"LOW"
15,"2","N0","T0","Negative/normal; within normal limits",0.9564,0.0436,"LOW"
16,"2","N0","T0","Negative/normal; within normal limits",0.9564,0.0436,"LOW"
17,"2","N0","T0","Negative/normal; within normal limits",0.9564,0.0436,"LOW"
18,"2","N0","T0","Negative/normal; within normal limits",0.9564,0.0436,"LOW"
19,"2","N0","T0","Negative/normal; within normal limits",0.9544,0.0456,"LOW"
20,"2","N0","T0","Negative/normal; within normal limits",0.9544,0.0456,"LOW"
21,"2","N0","T0","Negative/normal; within normal limits",0.9561,0.0439,"LOW"
22,"2","N0","T0","Negative/normal; within normal limits",0.9516,0.0484,"LOW"
23,"2","N0","T0","Negative/normal; within normal limits",0.9479,0.0521,"LOW"
24,"2","N0","T0","Negative/normal; within normal limits",0.9477,0.0523,"LOW"
25,"2","N0","T0","Negative/normal; within normal limits",0.9337,0.0663,"LOW"
26,"2","N0","T0","Negative/normal; within normal limits",0.9454,0.0546,"LOW"
27,"2","N0","T0","Negative/normal; within normal limits",0.9518,0.0482,"LOW"
28,"2","N0","T0","Negative/normal; within normal limits",0.9539,0.0461,"LOW"
29,"2","N0","T0","Negative/normal; within normal limits",0.9542,0.0458,"LOW"
30,"2","N0","T0","Negative/normal; within normal limits",0.9584,0.0416,"LOW"
31,"2","N0","T0","Negative/normal; within normal limits",0.9585,0.0415,"LOW"
32,"2","N0","T0","Negative/normal; within normal limits",0.9577,0.0423,"LOW"
33,"2","N0","T0","Negative/normal; within normal limits",0.957,0.043,"LOW"
34,"2","N0","T0","Negative/normal; within normal limits",0.9555,0.0445,"LOW"
35,"2","N0","T0","Negative/normal; within normal limits",0.9545,0.0455,"LOW"
36,"2","N0","T0","Negative/normal; within normal limits",0.9529,0.0471,"LOW"
37,"2","N0","T0","Negative/normal; within normal limits",0.9523,0.0477,"LOW"
38,"2","N0","T0","Negative/normal; within normal limits",0.951,0.049,"LOW"
39,"2","N0","T0","Negative/normal; within normal limits",0.9495,0.0505,"LOW"
40,"2","N0","T0","Negative/normal; within normal limits",0.9482,0.0518,"LOW"
41,"2","N0","T0","Negative/normal; within normal limits",0.9469,0.0531,"LOW"
42,"2","N0","T0","Negative/normal; within normal limits",0.9455,0.0545,"LOW"
43,"2","N0","T0","Negative/normal; within normal limits",0.9432,0.0568,"LOW"
44,"2","N0","T0","Negative/normal; within normal limits",0.9422,0.0578,"LOW"
45,"2","N0","T0","Negative/normal; within normal limits",0.9415,0.0585,"LOW"
46,"2","N0","T0","Negative/normal; within normal limits",0.9229,0.0771,"LOW"
47,"2","N0","T0","Negative/normal; within normal limits",0.9272,0.0728,"LOW"
48,"2","N0","T0","Negative/normal; within normal limits",0.9292,0.0708,"LOW"
49,"2","N0","T0","Negative/normal; within normal limits",0.9307,0.0693,"LOW"
50,"2","N0","T0","Negative/normal; within normal limits",0.9355,0.0645,"LOW"
51,"2","N0","T0","Negative/normal; within normal limits",0.936,0.064,"LOW"
52,"2","N0","T0","Negative/normal; within normal limits",0.9332,0.0668,"LOW"
53,"2","N0","T0","Negative/normal; within normal limits",0.9333,0.0667,"LOW"
54,"2","N0","T0","Negative/normal; within normal limits",0.9305,0.0695,"LOW"
55,"2","N0","T0","Negative/normal; within normal limits",0.9263,0.0737,"LOW"
56,"2","N0","T0","Negative/normal; within normal limits",0.9225,0.0775,"LOW"
57,"2","N0","T0","Negative/normal; within normal limits",0.9156,0.0844,"LOW"
58,"2","N0","T0","Negative/normal; within normal limits",0.9092,0.0908,"LOW"
59,"2","N0","T0","Negative/normal; within normal limits",0.9034,0.0966,"LOW"
60,"2","N0","T0","Negative/normal; within normal limits",0.8995,0.1005,"LOW"
61,"2","N0","T0","Negative/normal; within normal limits",0.8908,0.1092,"LOW"
62,"2","N0","T0","Negative/normal; within normal limits",0.8604,0.1396,"LOW"
63,"2","N0","T0","Negative/normal; within normal limits",0.7982,0.2018,"LOW"
64,"2","N0","T0","Negative/normal; within normal limits",0.8368,0.1632,"LOW"
65,"2","N0","T0","Negative/normal; within normal limits",0.8689,0.1311,"LOW"
66,"2","N0","T0","Negative/normal; within normal limits",0.8596,0.1404,"LOW"
67,"2","N0","T0","Negative/normal; within normal limits",0.8658,0.1342,"LOW"
68,"2","N0","T0","Negative/normal; within normal limits",0.8488,0.1512,"LOW"
69,"2","N0","T0","Negative/normal; within normal limits",0.8161,0.1839,"LOW"
70,"2","N0","T0","Negative/normal; within normal limits",0.7295,0.2705,"LOW"
71,"2","N0","T0","Negative/normal; within normal limits",0.7886,0.2114,"LOW"
72,"2","N0","T0","Negative/normal; within normal limits",0.8272,0.1728,"LOW"
73,"2","N0","T0","Negative/normal; within normal limits",0.8348,0.1652,"LOW"
74,"2","N0","T0","Negative/normal; within normal limits",0.8481,0.1519,"LOW"
75,"2","N0","T0","Negative/normal; within normal limits",0.8683,0.1317,"LOW"
76,"2","N0","T0","Negative/normal; within normal limits",0.8738,0.1262,"LOW"
77,"2","N0","T0","Negative/normal; within normal limits",0.8872,0.1128,"LOW"
78,"2","N0","T0","Negative/normal; within normal limits",0.8886,0.1114,"LOW"
79,"2","N0","T0","Negative/normal; within normal limits",0.9022,0.0978,"LOW"
80,"2","N0","T0","Negative/normal; within normal limits",0.9118,0.0882,"LOW"
81,"2","N0","T0","Negative/normal; within normal limits",0.9141,0.0859,"LOW"
82,"2","N0","T0","Negative/normal; within normal limits",0.9214,0.0786,"LOW"
83,"2","N0","T0","Negative/normal; within normal limits",0.9216,0.0784,"LOW"
84,"2","N0","T0","Negative/normal; within normal limits",0.9223,0.0777,"LOW"
85,"2","N0","T0","Negative/normal; within normal limits",0.9231,0.0769,"LOW"
86,"2","N0","T0","Negative/normal; within normal limits",0.9247,0.0753,"LOW"
87,"2","N0","T0","Negative/normal; within normal limits",0.9247,0.0753,"LOW"
88,"2","N0","T0","Negative/normal; within normal limits",0.9243,0.0757,"LOW"
89,"2","N0","T0","Negative/normal; within normal limits",0.9286,0.0714,"LOW"
90,"2","N0","T0","Negative/normal; within normal limits",0.9294,0.0706,"LOW"
91,"2","N0","T0","Negative/normal; within normal limits",0.9294,0.0706,"LOW"
92,"2","N0","T0","Negative/normal; within normal limits",0.9294,0.0706,"LOW"
93,"2","N0","T0","Negative/normal; within normal limits",0.9294,0.0706,"LOW"
94,"2","N0","T0","Negative/normal; within normal limits",0.9294,0.0706,"LOW"
95,"2","N0","T0","Negative/normal; within normal limits",0.9294,0.0706,"LOW"
96,"2","N0","T0","Negative/normal; within normal limits",0.9294,0.0706,"LOW"
97,"2","N0","T0","Negative/normal; within normal limits",0.9294,0.0706,"LOW"
98,"2","N0","T0","Negative/normal; within normal limits",0.9294,0.0706,"LOW"
99,"2","N0","T0","Negative/normal; within normal limits",0.9294,0.0706,"LOW"
0,"1","N1","T0","Negative/normal; within normal limits",0.9605,0.0395,"LOW"
1,"1","N1","T0","Negative/normal; within normal limits",0.9605,0.0395,"LOW"
2,"1","N1","T0","Negative/normal; within normal limits",0.9605,0.0395,"LOW"
3,"1","N1","T0","Negative/normal; within normal limits",0.9605,0.0395,"LOW"
4,"1","N1","T0","Negative/normal; within normal limits",0.9605,0.0395,"LOW"
5,"1","N1","T0","Negative/normal; within normal limits",0.9605,0.0395,"LOW"
6,"1","N1","T0","Negative/normal; within normal limits",0.9605,0.0395,"LOW"
7,"1","N1","T0","Negative/normal; within normal limits",0.9605,0.0395,"LOW"
8,"1","N1","T0","Negative/normal; within normal limits",0.9605,0.0395,"LOW"
9,"1","N1","T0","Negative/normal; within normal limits",0.9605,0.0395,"LOW"
10,"1","N1","T0","Negative/normal; within normal limits",0.9605,0.0395,"LOW"
11,"1","N1","T0","Negative/normal; within normal limits",0.9605,0.0395,"LOW"
12,"1","N1","T0","Negative/normal; within normal limits",0.9605,0.0395,"LOW"
13,"1","N1","T0","Negative/normal; within normal limits",0.9605,0.0395,"LOW"
14,"1","N1","T0","Negative/normal; within normal limits",0.9605,0.0395,"LOW"
15,"1","N1","T0","Negative/normal; within normal limits",0.9605,0.0395,"LOW"
16,"1","N1","T0","Negative/normal; within normal limits",0.9605,0.0395,"LOW"
17,"1","N1","T0","Negative/normal; within normal limits",0.9605,0.0395,"LOW"
18,"1","N1","T0","Negative/normal; within normal limits",0.9605,0.0395,"LOW"
19,"1","N1","T0","Negative/normal; within normal limits",0.96,0.04,"LOW"
20,"1","N1","T0","Negative/normal; within normal limits",0.9588,0.0412,"LOW"
21,"1","N1","T0","Negative/normal; within normal limits",0.9582,0.0418,"LOW"
22,"1","N1","T0","Negative/normal; within normal limits",0.9576,0.0424,"LOW"
23,"1","N1","T0","Negative/normal; within normal limits",0.9569,0.0431,"LOW"
24,"1","N1","T0","Negative/normal; within normal limits",0.9461,0.0539,"LOW"
25,"1","N1","T0","Negative/normal; within normal limits",0.9549,0.0451,"LOW"
26,"1","N1","T0","Negative/normal; within normal limits",0.9553,0.0447,"LOW"
27,"1","N1","T0","Negative/normal; within normal limits",0.9458,0.0542,"LOW"
28,"1","N1","T0","Negative/normal; within normal limits",0.9516,0.0484,"LOW"
29,"1","N1","T0","Negative/normal; within normal limits",0.9513,0.0487,"LOW"
30,"1","N1","T0","Negative/normal; within normal limits",0.9495,0.0505,"LOW"
31,"1","N1","T0","Negative/normal; within normal limits",0.9474,0.0526,"LOW"
32,"1","N1","T0","Negative/normal; within normal limits",0.9343,0.0657,"LOW"
33,"1","N1","T0","Negative/normal; within normal limits",0.9483,0.0517,"LOW"
34,"1","N1","T0","Negative/normal; within normal limits",0.9514,0.0486,"LOW"
35,"1","N1","T0","Negative/normal; within normal limits",0.9504,0.0496,"LOW"
36,"1","N1","T0","Negative/normal; within normal limits",0.9407,0.0593,"LOW"
37,"1","N1","T0","Negative/normal; within normal limits",0.9502,0.0498,"LOW"
38,"1","N1","T0","Negative/normal; within normal limits",0.9509,0.0491,"LOW"
39,"1","N1","T0","Negative/normal; within normal limits",0.9526,0.0474,"LOW"
40,"1","N1","T0","Negative/normal; within normal limits",0.9425,0.0575,"LOW"
41,"1","N1","T0","Negative/normal; within normal limits",0.9541,0.0459,"LOW"
42,"1","N1","T0","Negative/normal; within normal limits",0.9536,0.0464,"LOW"
43,"1","N1","T0","Negative/normal; within normal limits",0.9595,0.0405,"LOW"
44,"1","N1","T0","Negative/normal; within normal limits",0.9602,0.0398,"LOW"
45,"1","N1","T0","Negative/normal; within normal limits",0.9629,0.0371,"LOW"
46,"1","N1","T0","Negative/normal; within normal limits",0.9641,0.0359,"LOW"
47,"1","N1","T0","Negative/normal; within normal limits",0.9636,0.0364,"LOW"
48,"1","N1","T0","Negative/normal; within normal limits",0.9644,0.0356,"LOW"
49,"1","N1","T0","Negative/normal; within normal limits",0.9638,0.0362,"LOW"
50,"1","N1","T0","Negative/normal; within normal limits",0.9594,0.0406,"LOW"
51,"1","N1","T0","Negative/normal; within normal limits",0.9673,0.0327,"LOW"
52,"1","N1","T0","Negative/normal; within normal limits",0.9698,0.0302,"LOW"
53,"1","N1","T0","Negative/normal; within normal limits",0.9673,0.0327,"LOW"
54,"1","N1","T0","Negative/normal; within normal limits",0.9708,0.0292,"LOW"
55,"1","N1","T0","Negative/normal; within normal limits",0.9728,0.0272,"LOW"
56,"1","N1","T0","Negative/normal; within normal limits",0.9746,0.0254,"LOW"
57,"1","N1","T0","Negative/normal; within normal limits",0.9759,0.0241,"LOW"
58,"1","N1","T0","Negative/normal; within normal limits",0.9752,0.0248,"LOW"
59,"1","N1","T0","Negative/normal; within normal limits",0.9741,0.0259,"LOW"
60,"1","N1","T0","Negative/normal; within normal limits",0.9756,0.0244,"LOW"
61,"1","N1","T0","Negative/normal; within normal limits",0.9711,0.0289,"LOW"
62,"1","N1","T0","Negative/normal; within normal limits",0.9749,0.0251,"LOW"
63,"1","N1","T0","Negative/normal; within normal limits",0.9774,0.0226,"LOW"
64,"1","N1","T0","Negative/normal; within normal limits",0.9751,0.0249,"LOW"
65,"1","N1","T0","Negative/normal; within normal limits",0.9719,0.0281,"LOW"
66,"1","N1","T0","Negative/normal; within normal limits",0.9747,0.0253,"LOW"
67,"1","N1","T0","Negative/normal; within normal limits",0.9782,0.0218,"LOW"
68,"1","N1","T0","Negative/normal; within normal limits",0.9805,0.0195,"LOW"
69,"1","N1","T0","Negative/normal; within normal limits",0.9828,0.0172,"LOW"
70,"1","N1","T0","Negative/normal; within normal limits",0.9832,0.0168,"LOW"
71,"1","N1","T0","Negative/normal; within normal limits",0.9812,0.0188,"LOW"
72,"1","N1","T0","Negative/normal; within normal limits",0.9809,0.0191,"LOW"
73,"1","N1","T0","Negative/normal; within normal limits",0.9801,0.0199,"LOW"
74,"1","N1","T0","Negative/normal; within normal limits",0.9804,0.0196,"LOW"
75,"1","N1","T0","Negative/normal; within normal limits",0.978,0.022,"LOW"
76,"1","N1","T0","Negative/normal; within normal limits",0.9787,0.0213,"LOW"
77,"1","N1","T0","Negative/normal; within normal limits",0.9788,0.0212,"LOW"
78,"1","N1","T0","Negative/normal; within normal limits",0.978,0.022,"LOW"
79,"1","N1","T0","Negative/normal; within normal limits",0.9734,0.0266,"LOW"
80,"1","N1","T0","Negative/normal; within normal limits",0.974,0.026,"LOW"
81,"1","N1","T0","Negative/normal; within normal limits",0.9742,0.0258,"LOW"
82,"1","N1","T0","Negative/normal; within normal limits",0.9689,0.0311,"LOW"
83,"1","N1","T0","Negative/normal; within normal limits",0.9581,0.0419,"LOW"
84,"1","N1","T0","Negative/normal; within normal limits",0.9633,0.0367,"LOW"
85,"1","N1","T0","Negative/normal; within normal limits",0.9675,0.0325,"LOW"
86,"1","N1","T0","Negative/normal; within normal limits",0.9695,0.0305,"LOW"
87,"1","N1","T0","Negative/normal; within normal limits",0.9691,0.0309,"LOW"
88,"1","N1","T0","Negative/normal; within normal limits",0.9658,0.0342,"LOW"
89,"1","N1","T0","Negative/normal; within normal limits",0.9681,0.0319,"LOW"
90,"1","N1","T0","Negative/normal; within normal limits",0.9585,0.0415,"LOW"
91,"1","N1","T0","Negative/normal; within normal limits",0.9585,0.0415,"LOW"
92,"1","N1","T0","Negative/normal; within normal limits",0.9585,0.0415,"LOW"
93,"1","N1","T0","Negative/normal; within normal limits",0.9585,0.0415,"LOW"
94,"1","N1","T0","Negative/normal; within normal limits",0.9585,0.0415,"LOW"
95,"1","N1","T0","Negative/normal; within normal limits",0.9585,0.0415,"LOW"
96,"1","N1","T0","Negative/normal; within normal limits",0.9585,0.0415,"LOW"
97,"1","N1","T0","Negative/normal; within normal limits",0.9585,0.0415,"LOW"
98,"1","N1","T0","Negative/normal; within normal limits",0.9585,0.0415,"LOW"
99,"1","N1","T0","Negative/normal; within normal limits",0.9585,0.0415,"LOW"
0,"2","N1","T0","Negative/normal; within normal limits",0.9579,0.0421,"LOW"
1,"2","N1","T0","Negative/normal; within normal limits",0.9579,0.0421,"LOW"
2,"2","N1","T0","Negative/normal; within normal limits",0.9579,0.0421,"LOW"
3,"2","N1","T0","Negative/normal; within normal limits",0.9579,0.0421,"LOW"
4,"2","N1","T0","Negative/normal; within normal limits",0.9579,0.0421,"LOW"
5,"2","N1","T0","Negative/normal; within normal limits",0.9579,0.0421,"LOW"
6,"2","N1","T0","Negative/normal; within normal limits",0.9579,0.0421,"LOW"
7,"2","N1","T0","Negative/normal; within normal limits",0.9579,0.0421,"LOW"
8,"2","N1","T0","Negative/normal; within normal limits",0.9579,0.0421,"LOW"
9,"2","N1","T0","Negative/normal; within normal limits",0.9579,0.0421,"LOW"
10,"2","N1","T0","Negative/normal; within normal limits",0.9579,0.0421,"LOW"
11,"2","N1","T0","Negative/normal; within normal limits",0.9579,0.0421,"LOW"
12,"2","N1","T0","Negative/normal; within normal limits",0.9579,0.0421,"LOW"
13,"2","N1","T0","Negative/normal; within normal limits",0.9579,0.0421,"LOW"
14,"2","N1","T0","Negative/normal; within normal limits",0.9579,0.0421,"LOW"
15,"2","N1","T0","Negative/normal; within normal limits",0.9579,0.0421,"LOW"
16,"2","N1","T0","Negative/normal; within normal limits",0.9579,0.0421,"LOW"
17,"2","N1","T0","Negative/normal; within normal limits",0.9579,0.0421,"LOW"
18,"2","N1","T0","Negative/normal; within normal limits",0.9579,0.0421,"LOW"
19,"2","N1","T0","Negative/normal; within normal limits",0.9579,0.0421,"LOW"
20,"2","N1","T0","Negative/normal; within normal limits",0.9579,0.0421,"LOW"
21,"2","N1","T0","Negative/normal; within normal limits",0.9577,0.0423,"LOW"
22,"2","N1","T0","Negative/normal; within normal limits",0.9577,0.0423,"LOW"
23,"2","N1","T0","Negative/normal; within normal limits",0.9567,0.0433,"LOW"
24,"2","N1","T0","Negative/normal; within normal limits",0.9582,0.0418,"LOW"
25,"2","N1","T0","Negative/normal; within normal limits",0.9571,0.0429,"LOW"
26,"2","N1","T0","Negative/normal; within normal limits",0.9562,0.0438,"LOW"
27,"2","N1","T0","Negative/normal; within normal limits",0.9556,0.0444,"LOW"
28,"2","N1","T0","Negative/normal; within normal limits",0.9494,0.0506,"LOW"
29,"2","N1","T0","Negative/normal; within normal limits",0.9465,0.0535,"LOW"
30,"2","N1","T0","Negative/normal; within normal limits",0.9214,0.0786,"LOW"
31,"2","N1","T0","Negative/normal; within normal limits",0.9412,0.0588,"LOW"
32,"2","N1","T0","Negative/normal; within normal limits",0.9396,0.0604,"LOW"
33,"2","N1","T0","Negative/normal; within normal limits",0.9513,0.0487,"LOW"
34,"2","N1","T0","Negative/normal; within normal limits",0.9533,0.0467,"LOW"
35,"2","N1","T0","Negative/normal; within normal limits",0.9482,0.0518,"LOW"
36,"2","N1","T0","Negative/normal; within normal limits",0.9453,0.0547,"LOW"
37,"2","N1","T0","Negative/normal; within normal limits",0.9479,0.0521,"LOW"
38,"2","N1","T0","Negative/normal; within normal limits",0.9469,0.0531,"LOW"
39,"2","N1","T0","Negative/normal; within normal limits",0.9468,0.0532,"LOW"
40,"2","N1","T0","Negative/normal; within normal limits",0.9397,0.0603,"LOW"
41,"2","N1","T0","Negative/normal; within normal limits",0.9474,0.0526,"LOW"
42,"2","N1","T0","Negative/normal; within normal limits",0.9497,0.0503,"LOW"
43,"2","N1","T0","Negative/normal; within normal limits",0.9578,0.0422,"LOW"
44,"2","N1","T0","Negative/normal; within normal limits",0.9563,0.0437,"LOW"
45,"2","N1","T0","Negative/normal; within normal limits",0.9594,0.0406,"LOW"
46,"2","N1","T0","Negative/normal; within normal limits",0.9563,0.0437,"LOW"
47,"2","N1","T0","Negative/normal; within normal limits",0.9553,0.0447,"LOW"
48,"2","N1","T0","Negative/normal; within normal limits",0.9574,0.0426,"LOW"
49,"2","N1","T0","Negative/normal; within normal limits",0.9588,0.0412,"LOW"
50,"2","N1","T0","Negative/normal; within normal limits",0.964,0.036,"LOW"
51,"2","N1","T0","Negative/normal; within normal limits",0.9655,0.0345,"LOW"
52,"2","N1","T0","Negative/normal; within normal limits",0.9641,0.0359,"LOW"
53,"2","N1","T0","Negative/normal; within normal limits",0.9634,0.0366,"LOW"
54,"2","N1","T0","Negative/normal; within normal limits",0.9661,0.0339,"LOW"
55,"2","N1","T0","Negative/normal; within normal limits",0.9666,0.0334,"LOW"
56,"2","N1","T0","Negative/normal; within normal limits",0.9666,0.0334,"LOW"
57,"2","N1","T0","Negative/normal; within normal limits",0.9684,0.0316,"LOW"
58,"2","N1","T0","Negative/normal; within normal limits",0.9674,0.0326,"LOW"
59,"2","N1","T0","Negative/normal; within normal limits",0.9686,0.0314,"LOW"
60,"2","N1","T0","Negative/normal; within normal limits",0.9692,0.0308,"LOW"
61,"2","N1","T0","Negative/normal; within normal limits",0.9667,0.0333,"LOW"
62,"2","N1","T0","Negative/normal; within normal limits",0.9696,0.0304,"LOW"
63,"2","N1","T0","Negative/normal; within normal limits",0.9718,0.0282,"LOW"
64,"2","N1","T0","Negative/normal; within normal limits",0.9722,0.0278,"LOW"
65,"2","N1","T0","Negative/normal; within normal limits",0.9707,0.0293,"LOW"
66,"2","N1","T0","Negative/normal; within normal limits",0.969,0.031,"LOW"
67,"2","N1","T0","Negative/normal; within normal limits",0.9705,0.0295,"LOW"
68,"2","N1","T0","Negative/normal; within normal limits",0.9735,0.0265,"LOW"
69,"2","N1","T0","Negative/normal; within normal limits",0.9725,0.0275,"LOW"
70,"2","N1","T0","Negative/normal; within normal limits",0.9733,0.0267,"LOW"
71,"2","N1","T0","Negative/normal; within normal limits",0.9714,0.0286,"LOW"
72,"2","N1","T0","Negative/normal; within normal limits",0.9714,0.0286,"LOW"
73,"2","N1","T0","Negative/normal; within normal limits",0.9716,0.0284,"LOW"
74,"2","N1","T0","Negative/normal; within normal limits",0.9699,0.0301,"LOW"
75,"2","N1","T0","Negative/normal; within normal limits",0.9627,0.0373,"LOW"
76,"2","N1","T0","Negative/normal; within normal limits",0.9709,0.0291,"LOW"
77,"2","N1","T0","Negative/normal; within normal limits",0.9703,0.0297,"LOW"
78,"2","N1","T0","Negative/normal; within normal limits",0.972,0.028,"LOW"
79,"2","N1","T0","Negative/normal; within normal limits",0.9681,0.0319,"LOW"
80,"2","N1","T0","Negative/normal; within normal limits",0.9693,0.0307,"LOW"
81,"2","N1","T0","Negative/normal; within normal limits",0.9664,0.0336,"LOW"
82,"2","N1","T0","Negative/normal; within normal limits",0.9667,0.0333,"LOW"
83,"2","N1","T0","Negative/normal; within normal limits",0.9534,0.0466,"LOW"
84,"2","N1","T0","Negative/normal; within normal limits",0.965,0.035,"LOW"
85,"2","N1","T0","Negative/normal; within normal limits",0.9728,0.0272,"LOW"
86,"2","N1","T0","Negative/normal; within normal limits",0.975,0.025,"LOW"
87,"2","N1","T0","Negative/normal; within normal limits",0.9736,0.0264,"LOW"
88,"2","N1","T0","Negative/normal; within normal limits",0.9716,0.0284,"LOW"
89,"2","N1","T0","Negative/normal; within normal limits",0.9743,0.0257,"LOW"
90,"2","N1","T0","Negative/normal; within normal limits",0.9703,0.0297,"LOW"
91,"2","N1","T0","Negative/normal; within normal limits",0.9703,0.0297,"LOW"
92,"2","N1","T0","Negative/normal; within normal limits",0.9703,0.0297,"LOW"
93,"2","N1","T0","Negative/normal; within normal limits",0.9703,0.0297,"LOW"
94,"2","N1","T0","Negative/normal; within normal limits",0.9703,0.0297,"LOW"
95,"2","N1","T0","Negative/normal; within normal limits",0.9703,0.0297,"LOW"
96,"2","N1","T0","Negative/normal; within normal limits",0.9703,0.0297,"LOW"
97,"2","N1","T0","Negative/normal; within normal limits",0.9703,0.0297,"LOW"
98,"2","N1","T0","Negative/normal; within normal limits",0.9703,0.0297,"LOW"
99,"2","N1","T0","Negative/normal; within normal limits",0.9703,0.0297,"LOW"
0,"1","N2","T0","Negative/normal; within normal limits",0.857,0.143,"LOW"
1,"1","N2","T0","Negative/normal; within normal limits",0.857,0.143,"LOW"
2,"1","N2","T0","Negative/normal; within normal limits",0.857,0.143,"LOW"
3,"1","N2","T0","Negative/normal; within normal limits",0.857,0.143,"LOW"
4,"1","N2","T0","Negative/normal; within normal limits",0.857,0.143,"LOW"
5,"1","N2","T0","Negative/normal; within normal limits",0.857,0.143,"LOW"
6,"1","N2","T0","Negative/normal; within normal limits",0.857,0.143,"LOW"
7,"1","N2","T0","Negative/normal; within normal limits",0.857,0.143,"LOW"
8,"1","N2","T0","Negative/normal; within normal limits",0.857,0.143,"LOW"
9,"1","N2","T0","Negative/normal; within normal limits",0.857,0.143,"LOW"
10,"1","N2","T0","Negative/normal; within normal limits",0.857,0.143,"LOW"
11,"1","N2","T0","Negative/normal; within normal limits",0.857,0.143,"LOW"
12,"1","N2","T0","Negative/normal; within normal limits",0.857,0.143,"LOW"
13,"1","N2","T0","Negative/normal; within normal limits",0.857,0.143,"LOW"
14,"1","N2","T0","Negative/normal; within normal limits",0.857,0.143,"LOW"
15,"1","N2","T0","Negative/normal; within normal limits",0.857,0.143,"LOW"
16,"1","N2","T0","Negative/normal; within normal limits",0.857,0.143,"LOW"
17,"1","N2","T0","Negative/normal; within normal limits",0.857,0.143,"LOW"
18,"1","N2","T0","Negative/normal; within normal limits",0.8566,0.1434,"LOW"
19,"1","N2","T0","Negative/normal; within normal limits",0.8562,0.1438,"LOW"
20,"1","N2","T0","Negative/normal; within normal limits",0.8562,0.1438,"LOW"
21,"1","N2","T0","Negative/normal; within normal limits",0.8636,0.1364,"LOW"
22,"1","N2","T0","Negative/normal; within normal limits",0.8876,0.1124,"LOW"
23,"1","N2","T0","Negative/normal; within normal limits",0.9036,0.0964,"LOW"
24,"1","N2","T0","Negative/normal; within normal limits",0.9119,0.0881,"LOW"
25,"1","N2","T0","Negative/normal; within normal limits",0.9128,0.0872,"LOW"
26,"1","N2","T0","Negative/normal; within normal limits",0.9073,0.0927,"LOW"
27,"1","N2","T0","Negative/normal; within normal limits",0.9076,0.0924,"LOW"
28,"1","N2","T0","Negative/normal; within normal limits",0.9097,0.0903,"LOW"
29,"1","N2","T0","Negative/normal; within normal limits",0.9079,0.0921,"LOW"
30,"1","N2","T0","Negative/normal; within normal limits",0.9065,0.0935,"LOW"
31,"1","N2","T0","Negative/normal; within normal limits",0.895,0.105,"LOW"
32,"1","N2","T0","Negative/normal; within normal limits",0.8814,0.1186,"LOW"
33,"1","N2","T0","Negative/normal; within normal limits",0.8863,0.1137,"LOW"
34,"1","N2","T0","Negative/normal; within normal limits",0.8868,0.1132,"LOW"
35,"1","N2","T0","Negative/normal; within normal limits",0.8773,0.1227,"LOW"
36,"1","N2","T0","Negative/normal; within normal limits",0.8771,0.1229,"LOW"
37,"1","N2","T0","Negative/normal; within normal limits",0.8773,0.1227,"LOW"
38,"1","N2","T0","Negative/normal; within normal limits",0.8883,0.1117,"LOW"
39,"1","N2","T0","Negative/normal; within normal limits",0.9038,0.0962,"LOW"
40,"1","N2","T0","Negative/normal; within normal limits",0.9008,0.0992,"LOW"
41,"1","N2","T0","Negative/normal; within normal limits",0.8983,0.1017,"LOW"
42,"1","N2","T0","Negative/normal; within normal limits",0.9035,0.0965,"LOW"
43,"1","N2","T0","Negative/normal; within normal limits",0.8961,0.1039,"LOW"
44,"1","N2","T0","Negative/normal; within normal limits",0.8973,0.1027,"LOW"
45,"1","N2","T0","Negative/normal; within normal limits",0.8925,0.1075,"LOW"
46,"1","N2","T0","Negative/normal; within normal limits",0.8876,0.1124,"LOW"
47,"1","N2","T0","Negative/normal; within normal limits",0.8894,0.1106,"LOW"
48,"1","N2","T0","Negative/normal; within normal limits",0.8852,0.1148,"LOW"
49,"1","N2","T0","Negative/normal; within normal limits",0.8618,0.1382,"LOW"
50,"1","N2","T0","Negative/normal; within normal limits",0.8773,0.1227,"LOW"
51,"1","N2","T0","Negative/normal; within normal limits",0.878,0.122,"LOW"
52,"1","N2","T0","Negative/normal; within normal limits",0.8784,0.1216,"LOW"
53,"1","N2","T0","Negative/normal; within normal limits",0.8767,0.1233,"LOW"
54,"1","N2","T0","Negative/normal; within normal limits",0.876,0.124,"LOW"
55,"1","N2","T0","Negative/normal; within normal limits",0.8739,0.1261,"LOW"
56,"1","N2","T0","Negative/normal; within normal limits",0.8693,0.1307,"LOW"
57,"1","N2","T0","Negative/normal; within normal limits",0.8739,0.1261,"LOW"
58,"1","N2","T0","Negative/normal; within normal limits",0.8737,0.1263,"LOW"
59,"1","N2","T0","Negative/normal; within normal limits",0.8735,0.1265,"LOW"
60,"1","N2","T0","Negative/normal; within normal limits",0.8704,0.1296,"LOW"
61,"1","N2","T0","Negative/normal; within normal limits",0.8704,0.1296,"LOW"
62,"1","N2","T0","Negative/normal; within normal limits",0.8684,0.1316,"LOW"
63,"1","N2","T0","Negative/normal; within normal limits",0.8661,0.1339,"LOW"
64,"1","N2","T0","Negative/normal; within normal limits",0.8688,0.1312,"LOW"
65,"1","N2","T0","Negative/normal; within normal limits",0.8703,0.1297,"LOW"
66,"1","N2","T0","Negative/normal; within normal limits",0.8759,0.1241,"LOW"
67,"1","N2","T0","Negative/normal; within normal limits",0.8754,0.1246,"LOW"
68,"1","N2","T0","Negative/normal; within normal limits",0.871,0.129,"LOW"
69,"1","N2","T0","Negative/normal; within normal limits",0.8636,0.1364,"LOW"
70,"1","N2","T0","Negative/normal; within normal limits",0.8456,0.1544,"LOW"
71,"1","N2","T0","Negative/normal; within normal limits",0.8419,0.1581,"LOW"
72,"1","N2","T0","Negative/normal; within normal limits",0.8377,0.1623,"LOW"
73,"1","N2","T0","Negative/normal; within normal limits",0.8232,0.1768,"LOW"
74,"1","N2","T0","Negative/normal; within normal limits",0.8221,0.1779,"LOW"
75,"1","N2","T0","Negative/normal; within normal limits",0.8222,0.1778,"LOW"
76,"1","N2","T0","Negative/normal; within normal limits",0.827,0.173,"LOW"
77,"1","N2","T0","Negative/normal; within normal limits",0.8351,0.1649,"LOW"
78,"1","N2","T0","Negative/normal; within normal limits",0.8419,0.1581,"LOW"
79,"1","N2","T0","Negative/normal; within normal limits",0.8483,0.1517,"LOW"
80,"1","N2","T0","Negative/normal; within normal limits",0.8583,0.1417,"LOW"
81,"1","N2","T0","Negative/normal; within normal limits",0.8513,0.1487,"LOW"
82,"1","N2","T0","Negative/normal; within normal limits",0.8478,0.1522,"LOW"
83,"1","N2","T0","Negative/normal; within normal limits",0.8456,0.1544,"LOW"
84,"1","N2","T0","Negative/normal; within normal limits",0.836,0.164,"LOW"
85,"1","N2","T0","Negative/normal; within normal limits",0.8384,0.1616,"LOW"
86,"1","N2","T0","Negative/normal; within normal limits",0.8415,0.1585,"LOW"
87,"1","N2","T0","Negative/normal; within normal limits",0.8487,0.1513,"LOW"
88,"1","N2","T0","Negative/normal; within normal limits",0.8441,0.1559,"LOW"
89,"1","N2","T0","Negative/normal; within normal limits",0.8195,0.1805,"LOW"
90,"1","N2","T0","Negative/normal; within normal limits",0.8217,0.1783,"LOW"
91,"1","N2","T0","Negative/normal; within normal limits",0.8217,0.1783,"LOW"
92,"1","N2","T0","Negative/normal; within normal limits",0.8217,0.1783,"LOW"
93,"1","N2","T0","Negative/normal; within normal limits",0.8217,0.1783,"LOW"
94,"1","N2","T0","Negative/normal; within normal limits",0.8217,0.1783,"LOW"
95,"1","N2","T0","Negative/normal; within normal limits",0.8217,0.1783,"LOW"
96,"1","N2","T0","Negative/normal; within normal limits",0.8217,0.1783,"LOW"
97,"1","N2","T0","Negative/normal; within normal limits",0.8217,0.1783,"LOW"
98,"1","N2","T0","Negative/normal; within normal limits",0.8217,0.1783,"LOW"
99,"1","N2","T0","Negative/normal; within normal limits",0.8217,0.1783,"LOW"
0,"2","N2","T0","Negative/normal; within normal limits",0.8532,0.1468,"LOW"
1,"2","N2","T0","Negative/normal; within normal limits",0.8532,0.1468,"LOW"
2,"2","N2","T0","Negative/normal; within normal limits",0.8532,0.1468,"LOW"
3,"2","N2","T0","Negative/normal; within normal limits",0.8532,0.1468,"LOW"
4,"2","N2","T0","Negative/normal; within normal limits",0.8532,0.1468,"LOW"
5,"2","N2","T0","Negative/normal; within normal limits",0.8532,0.1468,"LOW"
6,"2","N2","T0","Negative/normal; within normal limits",0.8532,0.1468,"LOW"
7,"2","N2","T0","Negative/normal; within normal limits",0.8532,0.1468,"LOW"
8,"2","N2","T0","Negative/normal; within normal limits",0.8532,0.1468,"LOW"
9,"2","N2","T0","Negative/normal; within normal limits",0.8532,0.1468,"LOW"
10,"2","N2","T0","Negative/normal; within normal limits",0.8532,0.1468,"LOW"
11,"2","N2","T0","Negative/normal; within normal limits",0.8532,0.1468,"LOW"
12,"2","N2","T0","Negative/normal; within normal limits",0.8532,0.1468,"LOW"
13,"2","N2","T0","Negative/normal; within normal limits",0.8532,0.1468,"LOW"
14,"2","N2","T0","Negative/normal; within normal limits",0.8532,0.1468,"LOW"
15,"2","N2","T0","Negative/normal; within normal limits",0.8532,0.1468,"LOW"
16,"2","N2","T0","Negative/normal; within normal limits",0.8532,0.1468,"LOW"
17,"2","N2","T0","Negative/normal; within normal limits",0.8532,0.1468,"LOW"
18,"2","N2","T0","Negative/normal; within normal limits",0.8527,0.1473,"LOW"
19,"2","N2","T0","Negative/normal; within normal limits",0.8527,0.1473,"LOW"
20,"2","N2","T0","Negative/normal; within normal limits",0.8523,0.1477,"LOW"
21,"2","N2","T0","Negative/normal; within normal limits",0.8471,0.1529,"LOW"
22,"2","N2","T0","Negative/normal; within normal limits",0.85,0.15,"LOW"
23,"2","N2","T0","Negative/normal; within normal limits",0.8495,0.1505,"LOW"
24,"2","N2","T0","Negative/normal; within normal limits",0.8631,0.1369,"LOW"
25,"2","N2","T0","Negative/normal; within normal limits",0.8581,0.1419,"LOW"
26,"2","N2","T0","Negative/normal; within normal limits",0.8379,0.1621,"LOW"
27,"2","N2","T0","Negative/normal; within normal limits",0.8486,0.1514,"LOW"
28,"2","N2","T0","Negative/normal; within normal limits",0.8386,0.1614,"LOW"
29,"2","N2","T0","Negative/normal; within normal limits",0.8512,0.1488,"LOW"
30,"2","N2","T0","Negative/normal; within normal limits",0.8543,0.1457,"LOW"
31,"2","N2","T0","Negative/normal; within normal limits",0.8657,0.1343,"LOW"
32,"2","N2","T0","Negative/normal; within normal limits",0.8692,0.1308,"LOW"
33,"2","N2","T0","Negative/normal; within normal limits",0.8708,0.1292,"LOW"
34,"2","N2","T0","Negative/normal; within normal limits",0.8668,0.1332,"LOW"
35,"2","N2","T0","Negative/normal; within normal limits",0.861,0.139,"LOW"
36,"2","N2","T0","Negative/normal; within normal limits",0.8614,0.1386,"LOW"
37,"2","N2","T0","Negative/normal; within normal limits",0.8527,0.1473,"LOW"
38,"2","N2","T0","Negative/normal; within normal limits",0.8514,0.1486,"LOW"
39,"2","N2","T0","Negative/normal; within normal limits",0.8639,0.1361,"LOW"
40,"2","N2","T0","Negative/normal; within normal limits",0.8694,0.1306,"LOW"
41,"2","N2","T0","Negative/normal; within normal limits",0.8678,0.1322,"LOW"
42,"2","N2","T0","Negative/normal; within normal limits",0.8713,0.1287,"LOW"
43,"2","N2","T0","Negative/normal; within normal limits",0.8708,0.1292,"LOW"
44,"2","N2","T0","Negative/normal; within normal limits",0.8633,0.1367,"LOW"
45,"2","N2","T0","Negative/normal; within normal limits",0.853,0.147,"LOW"
46,"2","N2","T0","Negative/normal; within normal limits",0.8478,0.1522,"LOW"
47,"2","N2","T0","Negative/normal; within normal limits",0.8471,0.1529,"LOW"
48,"2","N2","T0","Negative/normal; within normal limits",0.8481,0.1519,"LOW"
49,"2","N2","T0","Negative/normal; within normal limits",0.8375,0.1625,"LOW"
50,"2","N2","T0","Negative/normal; within normal limits",0.8475,0.1525,"LOW"
51,"2","N2","T0","Negative/normal; within normal limits",0.8437,0.1563,"LOW"
52,"2","N2","T0","Negative/normal; within normal limits",0.8443,0.1557,"LOW"
53,"2","N2","T0","Negative/normal; within normal limits",0.8502,0.1498,"LOW"
54,"2","N2","T0","Negative/normal; within normal limits",0.8523,0.1477,"LOW"
55,"2","N2","T0","Negative/normal; within normal limits",0.8572,0.1428,"LOW"
56,"2","N2","T0","Negative/normal; within normal limits",0.8604,0.1396,"LOW"
57,"2","N2","T0","Negative/normal; within normal limits",0.8582,0.1418,"LOW"
58,"2","N2","T0","Negative/normal; within normal limits",0.8543,0.1457,"LOW"
59,"2","N2","T0","Negative/normal; within normal limits",0.8546,0.1454,"LOW"
60,"2","N2","T0","Negative/normal; within normal limits",0.8559,0.1441,"LOW"
61,"2","N2","T0","Negative/normal; within normal limits",0.8621,0.1379,"LOW"
62,"2","N2","T0","Negative/normal; within normal limits",0.8624,0.1376,"LOW"
63,"2","N2","T0","Negative/normal; within normal limits",0.8627,0.1373,"LOW"
64,"2","N2","T0","Negative/normal; within normal limits",0.8606,0.1394,"LOW"
65,"2","N2","T0","Negative/normal; within normal limits",0.8654,0.1346,"LOW"
66,"2","N2","T0","Negative/normal; within normal limits",0.8598,0.1402,"LOW"
67,"2","N2","T0","Negative/normal; within normal limits",0.8567,0.1433,"LOW"
68,"2","N2","T0","Negative/normal; within normal limits",0.8522,0.1478,"LOW"
69,"2","N2","T0","Negative/normal; within normal limits",0.8469,0.1531,"LOW"
70,"2","N2","T0","Negative/normal; within normal limits",0.829,0.171,"LOW"
71,"2","N2","T0","Negative/normal; within normal limits",0.8198,0.1802,"LOW"
72,"2","N2","T0","Negative/normal; within normal limits",0.8227,0.1773,"LOW"
73,"2","N2","T0","Negative/normal; within normal limits",0.813,0.187,"LOW"
74,"2","N2","T0","Negative/normal; within normal limits",0.8065,0.1935,"LOW"
75,"2","N2","T0","Negative/normal; within normal limits",0.8033,0.1967,"LOW"
76,"2","N2","T0","Negative/normal; within normal limits",0.8001,0.1999,"LOW"
77,"2","N2","T0","Negative/normal; within normal limits",0.7922,0.2078,"LOW"
78,"2","N2","T0","Negative/normal; within normal limits",0.8047,0.1953,"LOW"
79,"2","N2","T0","Negative/normal; within normal limits",0.8166,0.1834,"LOW"
80,"2","N2","T0","Negative/normal; within normal limits",0.8177,0.1823,"LOW"
81,"2","N2","T0","Negative/normal; within normal limits",0.8137,0.1863,"LOW"
82,"2","N2","T0","Negative/normal; within normal limits",0.8142,0.1858,"LOW"
83,"2","N2","T0","Negative/normal; within normal limits",0.814,0.186,"LOW"
84,"2","N2","T0","Negative/normal; within normal limits",0.8153,0.1847,"LOW"
85,"2","N2","T0","Negative/normal; within normal limits",0.8243,0.1757,"LOW"
86,"2","N2","T0","Negative/normal; within normal limits",0.8209,0.1791,"LOW"
87,"2","N2","T0","Negative/normal; within normal limits",0.819,0.181,"LOW"
88,"2","N2","T0","Negative/normal; within normal limits",0.8292,0.1708,"LOW"
89,"2","N2","T0","Negative/normal; within normal limits",0.8201,0.1799,"LOW"
90,"2","N2","T0","Negative/normal; within normal limits",0.8172,0.1828,"LOW"
91,"2","N2","T0","Negative/normal; within normal limits",0.8172,0.1828,"LOW"
92,"2","N2","T0","Negative/normal; within normal limits",0.8172,0.1828,"LOW"
93,"2","N2","T0","Negative/normal; within normal limits",0.8172,0.1828,"LOW"
94,"2","N2","T0","Negative/normal; within normal limits",0.8172,0.1828,"LOW"
95,"2","N2","T0","Negative/normal; within normal limits",0.8172,0.1828,"LOW"
96,"2","N2","T0","Negative/normal; within normal limits",0.8172,0.1828,"LOW"
97,"2","N2","T0","Negative/normal; within normal limits",0.8172,0.1828,"LOW"
98,"2","N2","T0","Negative/normal; within normal limits",0.8172,0.1828,"LOW"
99,"2","N2","T0","Negative/normal; within normal limits",0.8172,0.1828,"LOW"
0,"1","Other/Unknown","T0","Negative/normal; within normal limits",0.819,0.181,"LOW"
1,"1","Other/Unknown","T0","Negative/normal; within normal limits",0.819,0.181,"LOW"
2,"1","Other/Unknown","T0","Negative/normal; within normal limits",0.819,0.181,"LOW"
3,"1","Other/Unknown","T0","Negative/normal; within normal limits",0.819,0.181,"LOW"
4,"1","Other/Unknown","T0","Negative/normal; within normal limits",0.8185,0.1815,"LOW"
5,"1","Other/Unknown","T0","Negative/normal; within normal limits",0.8185,0.1815,"LOW"
6,"1","Other/Unknown","T0","Negative/normal; within normal limits",0.8185,0.1815,"LOW"
7,"1","Other/Unknown","T0","Negative/normal; within normal limits",0.8185,0.1815,"LOW"
8,"1","Other/Unknown","T0","Negative/normal; within normal limits",0.8185,0.1815,"LOW"
9,"1","Other/Unknown","T0","Negative/normal; within normal limits",0.8185,0.1815,"LOW"
10,"1","Other/Unknown","T0","Negative/normal; within normal limits",0.8185,0.1815,"LOW"
11,"1","Other/Unknown","T0","Negative/normal; within normal limits",0.8185,0.1815,"LOW"
12,"1","Other/Unknown","T0","Negative/normal; within normal limits",0.8185,0.1815,"LOW"
13,"1","Other/Unknown","T0","Negative/normal; within normal limits",0.8185,0.1815,"LOW"
14,"1","Other/Unknown","T0","Negative/normal; within normal limits",0.8185,0.1815,"LOW"
15,"1","Other/Unknown","T0","Negative/normal; within normal limits",0.8185,0.1815,"LOW"
16,"1","Other/Unknown","T0","Negative/normal; within normal limits",0.8185,0.1815,"LOW"
17,"1","Other/Unknown","T0","Negative/normal; within normal limits",0.8185,0.1815,"LOW"
18,"1","Other/Unknown","T0","Negative/normal; within normal limits",0.8185,0.1815,"LOW"
19,"1","Other/Unknown","T0","Negative/normal; within normal limits",0.8185,0.1815,"LOW"
20,"1","Other/Unknown","T0","Negative/normal; within normal limits",0.815,0.185,"LOW"
21,"1","Other/Unknown","T0","Negative/normal; within normal limits",0.811,0.189,"LOW"
22,"1","Other/Unknown","T0","Negative/normal; within normal limits",0.811,0.189,"LOW"
23,"1","Other/Unknown","T0","Negative/normal; within normal limits",0.8087,0.1913,"LOW"
24,"1","Other/Unknown","T0","Negative/normal; within normal limits",0.8293,0.1707,"LOW"
25,"1","Other/Unknown","T0","Negative/normal; within normal limits",0.8455,0.1545,"LOW"
26,"1","Other/Unknown","T0","Negative/normal; within normal limits",0.8602,0.1398,"LOW"
27,"1","Other/Unknown","T0","Negative/normal; within normal limits",0.8813,0.1187,"LOW"
28,"1","Other/Unknown","T0","Negative/normal; within normal limits",0.888,0.112,"LOW"
29,"1","Other/Unknown","T0","Negative/normal; within normal limits",0.8787,0.1213,"LOW"
30,"1","Other/Unknown","T0","Negative/normal; within normal limits",0.8757,0.1243,"LOW"
31,"1","Other/Unknown","T0","Negative/normal; within normal limits",0.8643,0.1357,"LOW"
32,"1","Other/Unknown","T0","Negative/normal; within normal limits",0.86,0.14,"LOW"
33,"1","Other/Unknown","T0","Negative/normal; within normal limits",0.848,0.152,"LOW"
34,"1","Other/Unknown","T0","Negative/normal; within normal limits",0.8337,0.1663,"LOW"
35,"1","Other/Unknown","T0","Negative/normal; within normal limits",0.8662,0.1338,"LOW"
36,"1","Other/Unknown","T0","Negative/normal; within normal limits",0.8963,0.1037,"LOW"
37,"1","Other/Unknown","T0","Negative/normal; within normal limits",0.9023,0.0977,"LOW"
38,"1","Other/Unknown","T0","Negative/normal; within normal limits",0.8855,0.1145,"LOW"
39,"1","Other/Unknown","T0","Negative/normal; within normal limits",0.9038,0.0962,"LOW"
40,"1","Other/Unknown","T0","Negative/normal; within normal limits",0.919,0.081,"LOW"
41,"1","Other/Unknown","T0","Negative/normal; within normal limits",0.9286,0.0714,"LOW"
42,"1","Other/Unknown","T0","Negative/normal; within normal limits",0.9235,0.0765,"LOW"
43,"1","Other/Unknown","T0","Negative/normal; within normal limits",0.9065,0.0935,"LOW"
44,"1","Other/Unknown","T0","Negative/normal; within normal limits",0.9204,0.0796,"LOW"
45,"1","Other/Unknown","T0","Negative/normal; within normal limits",0.9349,0.0651,"LOW"
46,"1","Other/Unknown","T0","Negative/normal; within normal limits",0.932,0.068,"LOW"
47,"1","Other/Unknown","T0","Negative/normal; within normal limits",0.9285,0.0715,"LOW"
48,"1","Other/Unknown","T0","Negative/normal; within normal limits",0.9274,0.0726,"LOW"
49,"1","Other/Unknown","T0","Negative/normal; within normal limits",0.9397,0.0603,"LOW"
50,"1","Other/Unknown","T0","Negative/normal; within normal limits",0.9416,0.0584,"LOW"
51,"1","Other/Unknown","T0","Negative/normal; within normal limits",0.9345,0.0655,"LOW"
52,"1","Other/Unknown","T0","Negative/normal; within normal limits",0.9395,0.0605,"LOW"
53,"1","Other/Unknown","T0","Negative/normal; within normal limits",0.9346,0.0654,"LOW"
54,"1","Other/Unknown","T0","Negative/normal; within normal limits",0.925,0.075,"LOW"
55,"1","Other/Unknown","T0","Negative/normal; within normal limits",0.9417,0.0583,"LOW"
56,"1","Other/Unknown","T0","Negative/normal; within normal limits",0.9471,0.0529,"LOW"
57,"1","Other/Unknown","T0","Negative/normal; within normal limits",0.9484,0.0516,"LOW"
58,"1","Other/Unknown","T0","Negative/normal; within normal limits",0.9535,0.0465,"LOW"
59,"1","Other/Unknown","T0","Negative/normal; within normal limits",0.9548,0.0452,"LOW"
60,"1","Other/Unknown","T0","Negative/normal; within normal limits",0.9457,0.0543,"LOW"
61,"1","Other/Unknown","T0","Negative/normal; within normal limits",0.9549,0.0451,"LOW"
62,"1","Other/Unknown","T0","Negative/normal; within normal limits",0.9573,0.0427,"LOW"
63,"1","Other/Unknown","T0","Negative/normal; within normal limits",0.956,0.044,"LOW"
64,"1","Other/Unknown","T0","Negative/normal; within normal limits",0.9522,0.0478,"LOW"
65,"1","Other/Unknown","T0","Negative/normal; within normal limits",0.9521,0.0479,"LOW"
66,"1","Other/Unknown","T0","Negative/normal; within normal limits",0.9458,0.0542,"LOW"
67,"1","Other/Unknown","T0","Negative/normal; within normal limits",0.9546,0.0454,"LOW"
68,"1","Other/Unknown","T0","Negative/normal; within normal limits",0.9546,0.0454,"LOW"
69,"1","Other/Unknown","T0","Negative/normal; within normal limits",0.9613,0.0387,"LOW"
70,"1","Other/Unknown","T0","Negative/normal; within normal limits",0.96,0.04,"LOW"
71,"1","Other/Unknown","T0","Negative/normal; within normal limits",0.9617,0.0383,"LOW"
72,"1","Other/Unknown","T0","Negative/normal; within normal limits",0.9571,0.0429,"LOW"
73,"1","Other/Unknown","T0","Negative/normal; within normal limits",0.9447,0.0553,"LOW"
74,"1","Other/Unknown","T0","Negative/normal; within normal limits",0.924,0.076,"LOW"
75,"1","Other/Unknown","T0","Negative/normal; within normal limits",0.9469,0.0531,"LOW"
76,"1","Other/Unknown","T0","Negative/normal; within normal limits",0.947,0.053,"LOW"
77,"1","Other/Unknown","T0","Negative/normal; within normal limits",0.9496,0.0504,"LOW"
78,"1","Other/Unknown","T0","Negative/normal; within normal limits",0.9506,0.0494,"LOW"
79,"1","Other/Unknown","T0","Negative/normal; within normal limits",0.9419,0.0581,"LOW"
80,"1","Other/Unknown","T0","Negative/normal; within normal limits",0.9215,0.0785,"LOW"
81,"1","Other/Unknown","T0","Negative/normal; within normal limits",0.9061,0.0939,"LOW"
82,"1","Other/Unknown","T0","Negative/normal; within normal limits",0.9102,0.0898,"LOW"
83,"1","Other/Unknown","T0","Negative/normal; within normal limits",0.8861,0.1139,"LOW"
84,"1","Other/Unknown","T0","Negative/normal; within normal limits",0.8975,0.1025,"LOW"
85,"1","Other/Unknown","T0","Negative/normal; within normal limits",0.9029,0.0971,"LOW"
86,"1","Other/Unknown","T0","Negative/normal; within normal limits",0.9207,0.0793,"LOW"
87,"1","Other/Unknown","T0","Negative/normal; within normal limits",0.9239,0.0761,"LOW"
88,"1","Other/Unknown","T0","Negative/normal; within normal limits",0.925,0.075,"LOW"
89,"1","Other/Unknown","T0","Negative/normal; within normal limits",0.9282,0.0718,"LOW"
90,"1","Other/Unknown","T0","Negative/normal; within normal limits",0.9292,0.0708,"LOW"
91,"1","Other/Unknown","T0","Negative/normal; within normal limits",0.9292,0.0708,"LOW"
92,"1","Other/Unknown","T0","Negative/normal; within normal limits",0.9292,0.0708,"LOW"
93,"1","Other/Unknown","T0","Negative/normal; within normal limits",0.9292,0.0708,"LOW"
94,"1","Other/Unknown","T0","Negative/normal; within normal limits",0.9292,0.0708,"LOW"
95,"1","Other/Unknown","T0","Negative/normal; within normal limits",0.9292,0.0708,"LOW"
96,"1","Other/Unknown","T0","Negative/normal; within normal limits",0.9292,0.0708,"LOW"
97,"1","Other/Unknown","T0","Negative/normal; within normal limits",0.9292,0.0708,"LOW"
98,"1","Other/Unknown","T0","Negative/normal; within normal limits",0.9292,0.0708,"LOW"
99,"1","Other/Unknown","T0","Negative/normal; within normal limits",0.9292,0.0708,"LOW"
0,"2","Other/Unknown","T0","Negative/normal; within normal limits",0.7452,0.2548,"LOW"
1,"2","Other/Unknown","T0","Negative/normal; within normal limits",0.7452,0.2548,"LOW"
2,"2","Other/Unknown","T0","Negative/normal; within normal limits",0.7452,0.2548,"LOW"
3,"2","Other/Unknown","T0","Negative/normal; within normal limits",0.7452,0.2548,"LOW"
4,"2","Other/Unknown","T0","Negative/normal; within normal limits",0.7452,0.2548,"LOW"
5,"2","Other/Unknown","T0","Negative/normal; within normal limits",0.7452,0.2548,"LOW"
6,"2","Other/Unknown","T0","Negative/normal; within normal limits",0.7452,0.2548,"LOW"
7,"2","Other/Unknown","T0","Negative/normal; within normal limits",0.7452,0.2548,"LOW"
8,"2","Other/Unknown","T0","Negative/normal; within normal limits",0.7432,0.2568,"LOW"
9,"2","Other/Unknown","T0","Negative/normal; within normal limits",0.7432,0.2568,"LOW"
10,"2","Other/Unknown","T0","Negative/normal; within normal limits",0.7432,0.2568,"LOW"
11,"2","Other/Unknown","T0","Negative/normal; within normal limits",0.7432,0.2568,"LOW"
12,"2","Other/Unknown","T0","Negative/normal; within normal limits",0.7432,0.2568,"LOW"
13,"2","Other/Unknown","T0","Negative/normal; within normal limits",0.7432,0.2568,"LOW"
14,"2","Other/Unknown","T0","Negative/normal; within normal limits",0.7432,0.2568,"LOW"
15,"2","Other/Unknown","T0","Negative/normal; within normal limits",0.7432,0.2568,"LOW"
16,"2","Other/Unknown","T0","Negative/normal; within normal limits",0.7432,0.2568,"LOW"
17,"2","Other/Unknown","T0","Negative/normal; within normal limits",0.7432,0.2568,"LOW"
18,"2","Other/Unknown","T0","Negative/normal; within normal limits",0.7432,0.2568,"LOW"
19,"2","Other/Unknown","T0","Negative/normal; within normal limits",0.7432,0.2568,"LOW"
20,"2","Other/Unknown","T0","Negative/normal; within normal limits",0.738,0.262,"LOW"
21,"2","Other/Unknown","T0","Negative/normal; within normal limits",0.7344,0.2656,"LOW"
22,"2","Other/Unknown","T0","Negative/normal; within normal limits",0.7329,0.2671,"LOW"
23,"2","Other/Unknown","T0","Negative/normal; within normal limits",0.7285,0.2715,"LOW"
24,"2","Other/Unknown","T0","Negative/normal; within normal limits",0.7332,0.2668,"LOW"
25,"2","Other/Unknown","T0","Negative/normal; within normal limits",0.7362,0.2638,"LOW"
26,"2","Other/Unknown","T0","Negative/normal; within normal limits",0.7269,0.2731,"LOW"
27,"2","Other/Unknown","T0","Negative/normal; within normal limits",0.7054,0.2946,"LOW"
28,"2","Other/Unknown","T0","Negative/normal; within normal limits",0.7029,0.2971,"LOW"
29,"2","Other/Unknown","T0","Negative/normal; within normal limits",0.7172,0.2828,"LOW"
30,"2","Other/Unknown","T0","Negative/normal; within normal limits",0.7502,0.2498,"LOW"
31,"2","Other/Unknown","T0","Negative/normal; within normal limits",0.7345,0.2655,"LOW"
32,"2","Other/Unknown","T0","Negative/normal; within normal limits",0.7317,0.2683,"LOW"
33,"2","Other/Unknown","T0","Negative/normal; within normal limits",0.7392,0.2608,"LOW"
34,"2","Other/Unknown","T0","Negative/normal; within normal limits",0.7664,0.2336,"LOW"
35,"2","Other/Unknown","T0","Negative/normal; within normal limits",0.778,0.222,"LOW"
36,"2","Other/Unknown","T0","Negative/normal; within normal limits",0.7891,0.2109,"LOW"
37,"2","Other/Unknown","T0","Negative/normal; within normal limits",0.8016,0.1984,"LOW"
38,"2","Other/Unknown","T0","Negative/normal; within normal limits",0.8122,0.1878,"LOW"
39,"2","Other/Unknown","T0","Negative/normal; within normal limits",0.8264,0.1736,"LOW"
40,"2","Other/Unknown","T0","Negative/normal; within normal limits",0.8412,0.1588,"LOW"
41,"2","Other/Unknown","T0","Negative/normal; within normal limits",0.8672,0.1328,"LOW"
42,"2","Other/Unknown","T0","Negative/normal; within normal limits",0.8843,0.1157,"LOW"
43,"2","Other/Unknown","T0","Negative/normal; within normal limits",0.8968,0.1032,"LOW"
44,"2","Other/Unknown","T0","Negative/normal; within normal limits",0.9126,0.0874,"LOW"
45,"2","Other/Unknown","T0","Negative/normal; within normal limits",0.9277,0.0723,"LOW"
46,"2","Other/Unknown","T0","Negative/normal; within normal limits",0.9356,0.0644,"LOW"
47,"2","Other/Unknown","T0","Negative/normal; within normal limits",0.9466,0.0534,"LOW"
48,"2","Other/Unknown","T0","Negative/normal; within normal limits",0.9518,0.0482,"LOW"
49,"2","Other/Unknown","T0","Negative/normal; within normal limits",0.9599,0.0401,"LOW"
50,"2","Other/Unknown","T0","Negative/normal; within normal limits",0.9622,0.0378,"LOW"
51,"2","Other/Unknown","T0","Negative/normal; within normal limits",0.9629,0.0371,"LOW"
52,"2","Other/Unknown","T0","Negative/normal; within normal limits",0.9603,0.0397,"LOW"
53,"2","Other/Unknown","T0","Negative/normal; within normal limits",0.9586,0.0414,"LOW"
54,"2","Other/Unknown","T0","Negative/normal; within normal limits",0.9573,0.0427,"LOW"
55,"2","Other/Unknown","T0","Negative/normal; within normal limits",0.9611,0.0389,"LOW"
56,"2","Other/Unknown","T0","Negative/normal; within normal limits",0.9561,0.0439,"LOW"
57,"2","Other/Unknown","T0","Negative/normal; within normal limits",0.9539,0.0461,"LOW"
58,"2","Other/Unknown","T0","Negative/normal; within normal limits",0.9406,0.0594,"LOW"
59,"2","Other/Unknown","T0","Negative/normal; within normal limits",0.9543,0.0457,"LOW"
60,"2","Other/Unknown","T0","Negative/normal; within normal limits",0.9714,0.0286,"LOW"
61,"2","Other/Unknown","T0","Negative/normal; within normal limits",0.9707,0.0293,"LOW"
62,"2","Other/Unknown","T0","Negative/normal; within normal limits",0.9743,0.0257,"LOW"
63,"2","Other/Unknown","T0","Negative/normal; within normal limits",0.9704,0.0296,"LOW"
64,"2","Other/Unknown","T0","Negative/normal; within normal limits",0.9725,0.0275,"LOW"
65,"2","Other/Unknown","T0","Negative/normal; within normal limits",0.9758,0.0242,"LOW"
66,"2","Other/Unknown","T0","Negative/normal; within normal limits",0.9758,0.0242,"LOW"
67,"2","Other/Unknown","T0","Negative/normal; within normal limits",0.9782,0.0218,"LOW"
68,"2","Other/Unknown","T0","Negative/normal; within normal limits",0.9762,0.0238,"LOW"
69,"2","Other/Unknown","T0","Negative/normal; within normal limits",0.972,0.028,"LOW"
70,"2","Other/Unknown","T0","Negative/normal; within normal limits",0.9696,0.0304,"LOW"
71,"2","Other/Unknown","T0","Negative/normal; within normal limits",0.9736,0.0264,"LOW"
72,"2","Other/Unknown","T0","Negative/normal; within normal limits",0.9772,0.0228,"LOW"
73,"2","Other/Unknown","T0","Negative/normal; within normal limits",0.9763,0.0237,"LOW"
74,"2","Other/Unknown","T0","Negative/normal; within normal limits",0.9705,0.0295,"LOW"
75,"2","Other/Unknown","T0","Negative/normal; within normal limits",0.9744,0.0256,"LOW"
76,"2","Other/Unknown","T0","Negative/normal; within normal limits",0.9756,0.0244,"LOW"
77,"2","Other/Unknown","T0","Negative/normal; within normal limits",0.9688,0.0312,"LOW"
78,"2","Other/Unknown","T0","Negative/normal; within normal limits",0.9676,0.0324,"LOW"
79,"2","Other/Unknown","T0","Negative/normal; within normal limits",0.9627,0.0373,"LOW"
80,"2","Other/Unknown","T0","Negative/normal; within normal limits",0.9479,0.0521,"LOW"
81,"2","Other/Unknown","T0","Negative/normal; within normal limits",0.9323,0.0677,"LOW"
82,"2","Other/Unknown","T0","Negative/normal; within normal limits",0.9491,0.0509,"LOW"
83,"2","Other/Unknown","T0","Negative/normal; within normal limits",0.9452,0.0548,"LOW"
84,"2","Other/Unknown","T0","Negative/normal; within normal limits",0.9474,0.0526,"LOW"
85,"2","Other/Unknown","T0","Negative/normal; within normal limits",0.9494,0.0506,"LOW"
86,"2","Other/Unknown","T0","Negative/normal; within normal limits",0.9563,0.0437,"LOW"
87,"2","Other/Unknown","T0","Negative/normal; within normal limits",0.9445,0.0555,"LOW"
88,"2","Other/Unknown","T0","Negative/normal; within normal limits",0.9451,0.0549,"LOW"
89,"2","Other/Unknown","T0","Negative/normal; within normal limits",0.9401,0.0599,"LOW"
90,"2","Other/Unknown","T0","Negative/normal; within normal limits",0.9291,0.0709,"LOW"
91,"2","Other/Unknown","T0","Negative/normal; within normal limits",0.9291,0.0709,"LOW"
92,"2","Other/Unknown","T0","Negative/normal; within normal limits",0.9291,0.0709,"LOW"
93,"2","Other/Unknown","T0","Negative/normal; within normal limits",0.9291,0.0709,"LOW"
94,"2","Other/Unknown","T0","Negative/normal; within normal limits",0.9291,0.0709,"LOW"
95,"2","Other/Unknown","T0","Negative/normal; within normal limits",0.9291,0.0709,"LOW"
96,"2","Other/Unknown","T0","Negative/normal; within normal limits",0.9291,0.0709,"LOW"
97,"2","Other/Unknown","T0","Negative/normal; within normal limits",0.9291,0.0709,"LOW"
98,"2","Other/Unknown","T0","Negative/normal; within normal limits",0.9291,0.0709,"LOW"
99,"2","Other/Unknown","T0","Negative/normal; within normal limits",0.9291,0.0709,"LOW"
0,"1","N0","Other/Unknown","Negative/normal; within normal limits",0.9373,0.0627,"LOW"
1,"1","N0","Other/Unknown","Negative/normal; within normal limits",0.9373,0.0627,"LOW"
2,"1","N0","Other/Unknown","Negative/normal; within normal limits",0.9373,0.0627,"LOW"
3,"1","N0","Other/Unknown","Negative/normal; within normal limits",0.9373,0.0627,"LOW"
4,"1","N0","Other/Unknown","Negative/normal; within normal limits",0.9373,0.0627,"LOW"
5,"1","N0","Other/Unknown","Negative/normal; within normal limits",0.9373,0.0627,"LOW"
6,"1","N0","Other/Unknown","Negative/normal; within normal limits",0.9371,0.0629,"LOW"
7,"1","N0","Other/Unknown","Negative/normal; within normal limits",0.9371,0.0629,"LOW"
8,"1","N0","Other/Unknown","Negative/normal; within normal limits",0.9371,0.0629,"LOW"
9,"1","N0","Other/Unknown","Negative/normal; within normal limits",0.9371,0.0629,"LOW"
10,"1","N0","Other/Unknown","Negative/normal; within normal limits",0.9371,0.0629,"LOW"
11,"1","N0","Other/Unknown","Negative/normal; within normal limits",0.9371,0.0629,"LOW"
12,"1","N0","Other/Unknown","Negative/normal; within normal limits",0.9371,0.0629,"LOW"
13,"1","N0","Other/Unknown","Negative/normal; within normal limits",0.9369,0.0631,"LOW"
14,"1","N0","Other/Unknown","Negative/normal; within normal limits",0.9366,0.0634,"LOW"
15,"1","N0","Other/Unknown","Negative/normal; within normal limits",0.9364,0.0636,"LOW"
16,"1","N0","Other/Unknown","Negative/normal; within normal limits",0.9364,0.0636,"LOW"
17,"1","N0","Other/Unknown","Negative/normal; within normal limits",0.936,0.064,"LOW"
18,"1","N0","Other/Unknown","Negative/normal; within normal limits",0.9331,0.0669,"LOW"
19,"1","N0","Other/Unknown","Negative/normal; within normal limits",0.9303,0.0697,"LOW"
20,"1","N0","Other/Unknown","Negative/normal; within normal limits",0.9286,0.0714,"LOW"
21,"1","N0","Other/Unknown","Negative/normal; within normal limits",0.9272,0.0728,"LOW"
22,"1","N0","Other/Unknown","Negative/normal; within normal limits",0.9249,0.0751,"LOW"
23,"1","N0","Other/Unknown","Negative/normal; within normal limits",0.9171,0.0829,"LOW"
24,"1","N0","Other/Unknown","Negative/normal; within normal limits",0.9118,0.0882,"LOW"
25,"1","N0","Other/Unknown","Negative/normal; within normal limits",0.9015,0.0985,"LOW"
26,"1","N0","Other/Unknown","Negative/normal; within normal limits",0.8814,0.1186,"LOW"
27,"1","N0","Other/Unknown","Negative/normal; within normal limits",0.8785,0.1215,"LOW"
28,"1","N0","Other/Unknown","Negative/normal; within normal limits",0.8441,0.1559,"LOW"
29,"1","N0","Other/Unknown","Negative/normal; within normal limits",0.8809,0.1191,"LOW"
30,"1","N0","Other/Unknown","Negative/normal; within normal limits",0.904,0.096,"LOW"
31,"1","N0","Other/Unknown","Negative/normal; within normal limits",0.9128,0.0872,"LOW"
32,"1","N0","Other/Unknown","Negative/normal; within normal limits",0.8988,0.1012,"LOW"
33,"1","N0","Other/Unknown","Negative/normal; within normal limits",0.9175,0.0825,"LOW"
34,"1","N0","Other/Unknown","Negative/normal; within normal limits",0.9221,0.0779,"LOW"
35,"1","N0","Other/Unknown","Negative/normal; within normal limits",0.9217,0.0783,"LOW"
36,"1","N0","Other/Unknown","Negative/normal; within normal limits",0.9118,0.0882,"LOW"
37,"1","N0","Other/Unknown","Negative/normal; within normal limits",0.9239,0.0761,"LOW"
38,"1","N0","Other/Unknown","Negative/normal; within normal limits",0.9181,0.0819,"LOW"
39,"1","N0","Other/Unknown","Negative/normal; within normal limits",0.9239,0.0761,"LOW"
40,"1","N0","Other/Unknown","Negative/normal; within normal limits",0.9285,0.0715,"LOW"
41,"1","N0","Other/Unknown","Negative/normal; within normal limits",0.9281,0.0719,"LOW"
42,"1","N0","Other/Unknown","Negative/normal; within normal limits",0.9271,0.0729,"LOW"
43,"1","N0","Other/Unknown","Negative/normal; within normal limits",0.9164,0.0836,"LOW"
44,"1","N0","Other/Unknown","Negative/normal; within normal limits",0.916,0.084,"LOW"
45,"1","N0","Other/Unknown","Negative/normal; within normal limits",0.92,0.08,"LOW"
46,"1","N0","Other/Unknown","Negative/normal; within normal limits",0.9238,0.0762,"LOW"
47,"1","N0","Other/Unknown","Negative/normal; within normal limits",0.9244,0.0756,"LOW"
48,"1","N0","Other/Unknown","Negative/normal; within normal limits",0.9264,0.0736,"LOW"
49,"1","N0","Other/Unknown","Negative/normal; within normal limits",0.9277,0.0723,"LOW"
50,"1","N0","Other/Unknown","Negative/normal; within normal limits",0.9268,0.0732,"LOW"
51,"1","N0","Other/Unknown","Negative/normal; within normal limits",0.9287,0.0713,"LOW"
52,"1","N0","Other/Unknown","Negative/normal; within normal limits",0.9278,0.0722,"LOW"
53,"1","N0","Other/Unknown","Negative/normal; within normal limits",0.9266,0.0734,"LOW"
54,"1","N0","Other/Unknown","Negative/normal; within normal limits",0.9267,0.0733,"LOW"
55,"1","N0","Other/Unknown","Negative/normal; within normal limits",0.9261,0.0739,"LOW"
56,"1","N0","Other/Unknown","Negative/normal; within normal limits",0.9271,0.0729,"LOW"
57,"1","N0","Other/Unknown","Negative/normal; within normal limits",0.9222,0.0778,"LOW"
58,"1","N0","Other/Unknown","Negative/normal; within normal limits",0.9234,0.0766,"LOW"
59,"1","N0","Other/Unknown","Negative/normal; within normal limits",0.9227,0.0773,"LOW"
60,"1","N0","Other/Unknown","Negative/normal; within normal limits",0.9239,0.0761,"LOW"
61,"1","N0","Other/Unknown","Negative/normal; within normal limits",0.923,0.077,"LOW"
62,"1","N0","Other/Unknown","Negative/normal; within normal limits",0.9228,0.0772,"LOW"
63,"1","N0","Other/Unknown","Negative/normal; within normal limits",0.9201,0.0799,"LOW"
64,"1","N0","Other/Unknown","Negative/normal; within normal limits",0.9226,0.0774,"LOW"
65,"1","N0","Other/Unknown","Negative/normal; within normal limits",0.9261,0.0739,"LOW"
66,"1","N0","Other/Unknown","Negative/normal; within normal limits",0.9261,0.0739,"LOW"
67,"1","N0","Other/Unknown","Negative/normal; within normal limits",0.9294,0.0706,"LOW"
68,"1","N0","Other/Unknown","Negative/normal; within normal limits",0.9282,0.0718,"LOW"
69,"1","N0","Other/Unknown","Negative/normal; within normal limits",0.9286,0.0714,"LOW"
70,"1","N0","Other/Unknown","Negative/normal; within normal limits",0.9304,0.0696,"LOW"
71,"1","N0","Other/Unknown","Negative/normal; within normal limits",0.9313,0.0687,"LOW"
72,"1","N0","Other/Unknown","Negative/normal; within normal limits",0.9295,0.0705,"LOW"
73,"1","N0","Other/Unknown","Negative/normal; within normal limits",0.9305,0.0695,"LOW"
74,"1","N0","Other/Unknown","Negative/normal; within normal limits",0.9314,0.0686,"LOW"
75,"1","N0","Other/Unknown","Negative/normal; within normal limits",0.9314,0.0686,"LOW"
76,"1","N0","Other/Unknown","Negative/normal; within normal limits",0.9313,0.0687,"LOW"
77,"1","N0","Other/Unknown","Negative/normal; within normal limits",0.9305,0.0695,"LOW"
78,"1","N0","Other/Unknown","Negative/normal; within normal limits",0.9299,0.0701,"LOW"
79,"1","N0","Other/Unknown","Negative/normal; within normal limits",0.9269,0.0731,"LOW"
80,"1","N0","Other/Unknown","Negative/normal; within normal limits",0.9254,0.0746,"LOW"
81,"1","N0","Other/Unknown","Negative/normal; within normal limits",0.9223,0.0777,"LOW"
82,"1","N0","Other/Unknown","Negative/normal; within normal limits",0.9224,0.0776,"LOW"
83,"1","N0","Other/Unknown","Negative/normal; within normal limits",0.9253,0.0747,"LOW"
84,"1","N0","Other/Unknown","Negative/normal; within normal limits",0.9161,0.0839,"LOW"
85,"1","N0","Other/Unknown","Negative/normal; within normal limits",0.9255,0.0745,"LOW"
86,"1","N0","Other/Unknown","Negative/normal; within normal limits",0.9284,0.0716,"LOW"
87,"1","N0","Other/Unknown","Negative/normal; within normal limits",0.9243,0.0757,"LOW"
88,"1","N0","Other/Unknown","Negative/normal; within normal limits",0.9196,0.0804,"LOW"
89,"1","N0","Other/Unknown","Negative/normal; within normal limits",0.9138,0.0862,"LOW"
90,"1","N0","Other/Unknown","Negative/normal; within normal limits",0.9178,0.0822,"LOW"
91,"1","N0","Other/Unknown","Negative/normal; within normal limits",0.9178,0.0822,"LOW"
92,"1","N0","Other/Unknown","Negative/normal; within normal limits",0.9178,0.0822,"LOW"
93,"1","N0","Other/Unknown","Negative/normal; within normal limits",0.9178,0.0822,"LOW"
94,"1","N0","Other/Unknown","Negative/normal; within normal limits",0.9178,0.0822,"LOW"
95,"1","N0","Other/Unknown","Negative/normal; within normal limits",0.9178,0.0822,"LOW"
96,"1","N0","Other/Unknown","Negative/normal; within normal limits",0.9178,0.0822,"LOW"
97,"1","N0","Other/Unknown","Negative/normal; within normal limits",0.9178,0.0822,"LOW"
98,"1","N0","Other/Unknown","Negative/normal; within normal limits",0.9178,0.0822,"LOW"
99,"1","N0","Other/Unknown","Negative/normal; within normal limits",0.9178,0.0822,"LOW"
0,"2","N0","Other/Unknown","Negative/normal; within normal limits",0.9637,0.0363,"LOW"
1,"2","N0","Other/Unknown","Negative/normal; within normal limits",0.9637,0.0363,"LOW"
2,"2","N0","Other/Unknown","Negative/normal; within normal limits",0.9637,0.0363,"LOW"
3,"2","N0","Other/Unknown","Negative/normal; within normal limits",0.9637,0.0363,"LOW"
4,"2","N0","Other/Unknown","Negative/normal; within normal limits",0.9637,0.0363,"LOW"
5,"2","N0","Other/Unknown","Negative/normal; within normal limits",0.9637,0.0363,"LOW"
6,"2","N0","Other/Unknown","Negative/normal; within normal limits",0.9635,0.0365,"LOW"
7,"2","N0","Other/Unknown","Negative/normal; within normal limits",0.9635,0.0365,"LOW"
8,"2","N0","Other/Unknown","Negative/normal; within normal limits",0.9635,0.0365,"LOW"
9,"2","N0","Other/Unknown","Negative/normal; within normal limits",0.9635,0.0365,"LOW"
10,"2","N0","Other/Unknown","Negative/normal; within normal limits",0.9635,0.0365,"LOW"
11,"2","N0","Other/Unknown","Negative/normal; within normal limits",0.9635,0.0365,"LOW"
12,"2","N0","Other/Unknown","Negative/normal; within normal limits",0.9634,0.0366,"LOW"
13,"2","N0","Other/Unknown","Negative/normal; within normal limits",0.9633,0.0367,"LOW"
14,"2","N0","Other/Unknown","Negative/normal; within normal limits",0.9632,0.0368,"LOW"
15,"2","N0","Other/Unknown","Negative/normal; within normal limits",0.9631,0.0369,"LOW"
16,"2","N0","Other/Unknown","Negative/normal; within normal limits",0.963,0.037,"LOW"
17,"2","N0","Other/Unknown","Negative/normal; within normal limits",0.9629,0.0371,"LOW"
18,"2","N0","Other/Unknown","Negative/normal; within normal limits",0.9613,0.0387,"LOW"
19,"2","N0","Other/Unknown","Negative/normal; within normal limits",0.957,0.043,"LOW"
20,"2","N0","Other/Unknown","Negative/normal; within normal limits",0.9563,0.0437,"LOW"
21,"2","N0","Other/Unknown","Negative/normal; within normal limits",0.9606,0.0394,"LOW"
22,"2","N0","Other/Unknown","Negative/normal; within normal limits",0.96,0.04,"LOW"
23,"2","N0","Other/Unknown","Negative/normal; within normal limits",0.9576,0.0424,"LOW"
24,"2","N0","Other/Unknown","Negative/normal; within normal limits",0.9583,0.0417,"LOW"
25,"2","N0","Other/Unknown","Negative/normal; within normal limits",0.9578,0.0422,"LOW"
26,"2","N0","Other/Unknown","Negative/normal; within normal limits",0.9566,0.0434,"LOW"
27,"2","N0","Other/Unknown","Negative/normal; within normal limits",0.9538,0.0462,"LOW"
28,"2","N0","Other/Unknown","Negative/normal; within normal limits",0.9537,0.0463,"LOW"
29,"2","N0","Other/Unknown","Negative/normal; within normal limits",0.9529,0.0471,"LOW"
30,"2","N0","Other/Unknown","Negative/normal; within normal limits",0.952,0.048,"LOW"
31,"2","N0","Other/Unknown","Negative/normal; within normal limits",0.9506,0.0494,"LOW"
32,"2","N0","Other/Unknown","Negative/normal; within normal limits",0.9485,0.0515,"LOW"
33,"2","N0","Other/Unknown","Negative/normal; within normal limits",0.9473,0.0527,"LOW"
34,"2","N0","Other/Unknown","Negative/normal; within normal limits",0.9449,0.0551,"LOW"
35,"2","N0","Other/Unknown","Negative/normal; within normal limits",0.9368,0.0632,"LOW"
36,"2","N0","Other/Unknown","Negative/normal; within normal limits",0.9378,0.0622,"LOW"
37,"2","N0","Other/Unknown","Negative/normal; within normal limits",0.9325,0.0675,"LOW"
38,"2","N0","Other/Unknown","Negative/normal; within normal limits",0.9292,0.0708,"LOW"
39,"2","N0","Other/Unknown","Negative/normal; within normal limits",0.9333,0.0667,"LOW"
40,"2","N0","Other/Unknown","Negative/normal; within normal limits",0.9339,0.0661,"LOW"
41,"2","N0","Other/Unknown","Negative/normal; within normal limits",0.9348,0.0652,"LOW"
42,"2","N0","Other/Unknown","Negative/normal; within normal limits",0.9284,0.0716,"LOW"
43,"2","N0","Other/Unknown","Negative/normal; within normal limits",0.9363,0.0637,"LOW"
44,"2","N0","Other/Unknown","Negative/normal; within normal limits",0.9405,0.0595,"LOW"
45,"2","N0","Other/Unknown","Negative/normal; within normal limits",0.9419,0.0581,"LOW"
46,"2","N0","Other/Unknown","Negative/normal; within normal limits",0.9375,0.0625,"LOW"
47,"2","N0","Other/Unknown","Negative/normal; within normal limits",0.9349,0.0651,"LOW"
48,"2","N0","Other/Unknown","Negative/normal; within normal limits",0.9349,0.0651,"LOW"
49,"2","N0","Other/Unknown","Negative/normal; within normal limits",0.9348,0.0652,"LOW"
50,"2","N0","Other/Unknown","Negative/normal; within normal limits",0.9443,0.0557,"LOW"
51,"2","N0","Other/Unknown","Negative/normal; within normal limits",0.9439,0.0561,"LOW"
52,"2","N0","Other/Unknown","Negative/normal; within normal limits",0.9421,0.0579,"LOW"
53,"2","N0","Other/Unknown","Negative/normal; within normal limits",0.943,0.057,"LOW"
54,"2","N0","Other/Unknown","Negative/normal; within normal limits",0.945,0.055,"LOW"
55,"2","N0","Other/Unknown","Negative/normal; within normal limits",0.9439,0.0561,"LOW"
56,"2","N0","Other/Unknown","Negative/normal; within normal limits",0.9438,0.0562,"LOW"
57,"2","N0","Other/Unknown","Negative/normal; within normal limits",0.9451,0.0549,"LOW"
58,"2","N0","Other/Unknown","Negative/normal; within normal limits",0.9448,0.0552,"LOW"
59,"2","N0","Other/Unknown","Negative/normal; within normal limits",0.9433,0.0567,"LOW"
60,"2","N0","Other/Unknown","Negative/normal; within normal limits",0.9446,0.0554,"LOW"
61,"2","N0","Other/Unknown","Negative/normal; within normal limits",0.9451,0.0549,"LOW"
62,"2","N0","Other/Unknown","Negative/normal; within normal limits",0.9449,0.0551,"LOW"
63,"2","N0","Other/Unknown","Negative/normal; within normal limits",0.9409,0.0591,"LOW"
64,"2","N0","Other/Unknown","Negative/normal; within normal limits",0.9445,0.0555,"LOW"
65,"2","N0","Other/Unknown","Negative/normal; within normal limits",0.9443,0.0557,"LOW"
66,"2","N0","Other/Unknown","Negative/normal; within normal limits",0.942,0.058,"LOW"
67,"2","N0","Other/Unknown","Negative/normal; within normal limits",0.9436,0.0564,"LOW"
68,"2","N0","Other/Unknown","Negative/normal; within normal limits",0.9431,0.0569,"LOW"
69,"2","N0","Other/Unknown","Negative/normal; within normal limits",0.9413,0.0587,"LOW"
70,"2","N0","Other/Unknown","Negative/normal; within normal limits",0.942,0.058,"LOW"
71,"2","N0","Other/Unknown","Negative/normal; within normal limits",0.9397,0.0603,"LOW"
72,"2","N0","Other/Unknown","Negative/normal; within normal limits",0.9414,0.0586,"LOW"
73,"2","N0","Other/Unknown","Negative/normal; within normal limits",0.9381,0.0619,"LOW"
74,"2","N0","Other/Unknown","Negative/normal; within normal limits",0.9381,0.0619,"LOW"
75,"2","N0","Other/Unknown","Negative/normal; within normal limits",0.9387,0.0613,"LOW"
76,"2","N0","Other/Unknown","Negative/normal; within normal limits",0.9417,0.0583,"LOW"
77,"2","N0","Other/Unknown","Negative/normal; within normal limits",0.9448,0.0552,"LOW"
78,"2","N0","Other/Unknown","Negative/normal; within normal limits",0.9435,0.0565,"LOW"
79,"2","N0","Other/Unknown","Negative/normal; within normal limits",0.9416,0.0584,"LOW"
80,"2","N0","Other/Unknown","Negative/normal; within normal limits",0.9433,0.0567,"LOW"
81,"2","N0","Other/Unknown","Negative/normal; within normal limits",0.9427,0.0573,"LOW"
82,"2","N0","Other/Unknown","Negative/normal; within normal limits",0.9419,0.0581,"LOW"
83,"2","N0","Other/Unknown","Negative/normal; within normal limits",0.9411,0.0589,"LOW"
84,"2","N0","Other/Unknown","Negative/normal; within normal limits",0.9308,0.0692,"LOW"
85,"2","N0","Other/Unknown","Negative/normal; within normal limits",0.931,0.069,"LOW"
86,"2","N0","Other/Unknown","Negative/normal; within normal limits",0.9339,0.0661,"LOW"
87,"2","N0","Other/Unknown","Negative/normal; within normal limits",0.9355,0.0645,"LOW"
88,"2","N0","Other/Unknown","Negative/normal; within normal limits",0.9259,0.0741,"LOW"
89,"2","N0","Other/Unknown","Negative/normal; within normal limits",0.9292,0.0708,"LOW"
90,"2","N0","Other/Unknown","Negative/normal; within normal limits",0.9321,0.0679,"LOW"
91,"2","N0","Other/Unknown","Negative/normal; within normal limits",0.9321,0.0679,"LOW"
92,"2","N0","Other/Unknown","Negative/normal; within normal limits",0.9321,0.0679,"LOW"
93,"2","N0","Other/Unknown","Negative/normal; within normal limits",0.9321,0.0679,"LOW"
94,"2","N0","Other/Unknown","Negative/normal; within normal limits",0.9321,0.0679,"LOW"
95,"2","N0","Other/Unknown","Negative/normal; within normal limits",0.9321,0.0679,"LOW"
96,"2","N0","Other/Unknown","Negative/normal; within normal limits",0.9321,0.0679,"LOW"
97,"2","N0","Other/Unknown","Negative/normal; within normal limits",0.9321,0.0679,"LOW"
98,"2","N0","Other/Unknown","Negative/normal; within normal limits",0.9321,0.0679,"LOW"
99,"2","N0","Other/Unknown","Negative/normal; within normal limits",0.9321,0.0679,"LOW"
0,"1","N1","Other/Unknown","Negative/normal; within normal limits",0.4852,0.5148,"HIGH"
1,"1","N1","Other/Unknown","Negative/normal; within normal limits",0.4852,0.5148,"HIGH"
2,"1","N1","Other/Unknown","Negative/normal; within normal limits",0.4852,0.5148,"HIGH"
3,"1","N1","Other/Unknown","Negative/normal; within normal limits",0.4852,0.5148,"HIGH"
4,"1","N1","Other/Unknown","Negative/normal; within normal limits",0.4852,0.5148,"HIGH"
5,"1","N1","Other/Unknown","Negative/normal; within normal limits",0.4852,0.5148,"HIGH"
6,"1","N1","Other/Unknown","Negative/normal; within normal limits",0.4852,0.5148,"HIGH"
7,"1","N1","Other/Unknown","Negative/normal; within normal limits",0.4852,0.5148,"HIGH"
8,"1","N1","Other/Unknown","Negative/normal; within normal limits",0.4852,0.5148,"HIGH"
9,"1","N1","Other/Unknown","Negative/normal; within normal limits",0.4852,0.5148,"HIGH"
10,"1","N1","Other/Unknown","Negative/normal; within normal limits",0.4852,0.5148,"HIGH"
11,"1","N1","Other/Unknown","Negative/normal; within normal limits",0.4852,0.5148,"HIGH"
12,"1","N1","Other/Unknown","Negative/normal; within normal limits",0.4844,0.5156,"HIGH"
13,"1","N1","Other/Unknown","Negative/normal; within normal limits",0.4844,0.5156,"HIGH"
14,"1","N1","Other/Unknown","Negative/normal; within normal limits",0.4844,0.5156,"HIGH"
15,"1","N1","Other/Unknown","Negative/normal; within normal limits",0.4844,0.5156,"HIGH"
16,"1","N1","Other/Unknown","Negative/normal; within normal limits",0.4844,0.5156,"HIGH"
17,"1","N1","Other/Unknown","Negative/normal; within normal limits",0.4844,0.5156,"HIGH"
18,"1","N1","Other/Unknown","Negative/normal; within normal limits",0.4842,0.5158,"HIGH"
19,"1","N1","Other/Unknown","Negative/normal; within normal limits",0.4842,0.5158,"HIGH"
20,"1","N1","Other/Unknown","Negative/normal; within normal limits",0.4842,0.5158,"HIGH"
21,"1","N1","Other/Unknown","Negative/normal; within normal limits",0.4842,0.5158,"HIGH"
22,"1","N1","Other/Unknown","Negative/normal; within normal limits",0.4833,0.5167,"HIGH"
23,"1","N1","Other/Unknown","Negative/normal; within normal limits",0.4956,0.5044,"HIGH"
24,"1","N1","Other/Unknown","Negative/normal; within normal limits",0.5045,0.4955,"LOW"
25,"1","N1","Other/Unknown","Negative/normal; within normal limits",0.5206,0.4794,"LOW"
26,"1","N1","Other/Unknown","Negative/normal; within normal limits",0.534,0.466,"LOW"
27,"1","N1","Other/Unknown","Negative/normal; within normal limits",0.5479,0.4521,"LOW"
28,"1","N1","Other/Unknown","Negative/normal; within normal limits",0.5634,0.4366,"LOW"
29,"1","N1","Other/Unknown","Negative/normal; within normal limits",0.5089,0.4911,"LOW"
30,"1","N1","Other/Unknown","Negative/normal; within normal limits",0.5293,0.4707,"LOW"
31,"1","N1","Other/Unknown","Negative/normal; within normal limits",0.5596,0.4404,"LOW"
32,"1","N1","Other/Unknown","Negative/normal; within normal limits",0.591,0.409,"LOW"
33,"1","N1","Other/Unknown","Negative/normal; within normal limits",0.6333,0.3667,"LOW"
34,"1","N1","Other/Unknown","Negative/normal; within normal limits",0.6066,0.3934,"LOW"
35,"1","N1","Other/Unknown","Negative/normal; within normal limits",0.6316,0.3684,"LOW"
36,"1","N1","Other/Unknown","Negative/normal; within normal limits",0.6425,0.3575,"LOW"
37,"1","N1","Other/Unknown","Negative/normal; within normal limits",0.6385,0.3615,"LOW"
38,"1","N1","Other/Unknown","Negative/normal; within normal limits",0.6069,0.3931,"LOW"
39,"1","N1","Other/Unknown","Negative/normal; within normal limits",0.5973,0.4027,"LOW"
40,"1","N1","Other/Unknown","Negative/normal; within normal limits",0.6344,0.3656,"LOW"
41,"1","N1","Other/Unknown","Negative/normal; within normal limits",0.6273,0.3727,"LOW"
42,"1","N1","Other/Unknown","Negative/normal; within normal limits",0.6109,0.3891,"LOW"
43,"1","N1","Other/Unknown","Negative/normal; within normal limits",0.6134,0.3866,"LOW"
44,"1","N1","Other/Unknown","Negative/normal; within normal limits",0.5896,0.4104,"LOW"
45,"1","N1","Other/Unknown","Negative/normal; within normal limits",0.6124,0.3876,"LOW"
46,"1","N1","Other/Unknown","Negative/normal; within normal limits",0.6121,0.3879,"LOW"
47,"1","N1","Other/Unknown","Negative/normal; within normal limits",0.5878,0.4122,"LOW"
48,"1","N1","Other/Unknown","Negative/normal; within normal limits",0.5799,0.4201,"LOW"
49,"1","N1","Other/Unknown","Negative/normal; within normal limits",0.5886,0.4114,"LOW"
50,"1","N1","Other/Unknown","Negative/normal; within normal limits",0.6133,0.3867,"LOW"
51,"1","N1","Other/Unknown","Negative/normal; within normal limits",0.6065,0.3935,"LOW"
52,"1","N1","Other/Unknown","Negative/normal; within normal limits",0.5975,0.4025,"LOW"
53,"1","N1","Other/Unknown","Negative/normal; within normal limits",0.6049,0.3951,"LOW"
54,"1","N1","Other/Unknown","Negative/normal; within normal limits",0.6005,0.3995,"LOW"
55,"1","N1","Other/Unknown","Negative/normal; within normal limits",0.6063,0.3937,"LOW"
56,"1","N1","Other/Unknown","Negative/normal; within normal limits",0.5966,0.4034,"LOW"
57,"1","N1","Other/Unknown","Negative/normal; within normal limits",0.6025,0.3975,"LOW"
58,"1","N1","Other/Unknown","Negative/normal; within normal limits",0.5848,0.4152,"LOW"
59,"1","N1","Other/Unknown","Negative/normal; within normal limits",0.5896,0.4104,"LOW"
60,"1","N1","Other/Unknown","Negative/normal; within normal limits",0.6011,0.3989,"LOW"
61,"1","N1","Other/Unknown","Negative/normal; within normal limits",0.5835,0.4165,"LOW"
62,"1","N1","Other/Unknown","Negative/normal; within normal limits",0.5953,0.4047,"LOW"
63,"1","N1","Other/Unknown","Negative/normal; within normal limits",0.5974,0.4026,"LOW"
64,"1","N1","Other/Unknown","Negative/normal; within normal limits",0.5883,0.4117,"LOW"
65,"1","N1","Other/Unknown","Negative/normal; within normal limits",0.5763,0.4237,"LOW"
66,"1","N1","Other/Unknown","Negative/normal; within normal limits",0.5739,0.4261,"LOW"
67,"1","N1","Other/Unknown","Negative/normal; within normal limits",0.582,0.418,"LOW"
68,"1","N1","Other/Unknown","Negative/normal; within normal limits",0.5977,0.4023,"LOW"
69,"1","N1","Other/Unknown","Negative/normal; within normal limits",0.5915,0.4085,"LOW"
70,"1","N1","Other/Unknown","Negative/normal; within normal limits",0.61,0.39,"LOW"
71,"1","N1","Other/Unknown","Negative/normal; within normal limits",0.5855,0.4145,"LOW"
72,"1","N1","Other/Unknown","Negative/normal; within normal limits",0.5946,0.4054,"LOW"
73,"1","N1","Other/Unknown","Negative/normal; within normal limits",0.5954,0.4046,"LOW"
74,"1","N1","Other/Unknown","Negative/normal; within normal limits",0.5927,0.4073,"LOW"
75,"1","N1","Other/Unknown","Negative/normal; within normal limits",0.614,0.386,"LOW"
76,"1","N1","Other/Unknown","Negative/normal; within normal limits",0.62,0.38,"LOW"
77,"1","N1","Other/Unknown","Negative/normal; within normal limits",0.6351,0.3649,"LOW"
78,"1","N1","Other/Unknown","Negative/normal; within normal limits",0.62,0.38,"LOW"
79,"1","N1","Other/Unknown","Negative/normal; within normal limits",0.6039,0.3961,"LOW"
80,"1","N1","Other/Unknown","Negative/normal; within normal limits",0.5934,0.4066,"LOW"
81,"1","N1","Other/Unknown","Negative/normal; within normal limits",0.6018,0.3982,"LOW"
82,"1","N1","Other/Unknown","Negative/normal; within normal limits",0.5822,0.4178,"LOW"
83,"1","N1","Other/Unknown","Negative/normal; within normal limits",0.6029,0.3971,"LOW"
84,"1","N1","Other/Unknown","Negative/normal; within normal limits",0.6404,0.3596,"LOW"
85,"1","N1","Other/Unknown","Negative/normal; within normal limits",0.6588,0.3412,"LOW"
86,"1","N1","Other/Unknown","Negative/normal; within normal limits",0.6636,0.3364,"LOW"
87,"1","N1","Other/Unknown","Negative/normal; within normal limits",0.6624,0.3376,"LOW"
88,"1","N1","Other/Unknown","Negative/normal; within normal limits",0.6391,0.3609,"LOW"
89,"1","N1","Other/Unknown","Negative/normal; within normal limits",0.5928,0.4072,"LOW"
90,"1","N1","Other/Unknown","Negative/normal; within normal limits",0.6007,0.3993,"LOW"
91,"1","N1","Other/Unknown","Negative/normal; within normal limits",0.6007,0.3993,"LOW"
92,"1","N1","Other/Unknown","Negative/normal; within normal limits",0.6007,0.3993,"LOW"
93,"1","N1","Other/Unknown","Negative/normal; within normal limits",0.6007,0.3993,"LOW"
94,"1","N1","Other/Unknown","Negative/normal; within normal limits",0.6007,0.3993,"LOW"
95,"1","N1","Other/Unknown","Negative/normal; within normal limits",0.6007,0.3993,"LOW"
96,"1","N1","Other/Unknown","Negative/normal; within normal limits",0.6007,0.3993,"LOW"
97,"1","N1","Other/Unknown","Negative/normal; within normal limits",0.6007,0.3993,"LOW"
98,"1","N1","Other/Unknown","Negative/normal; within normal limits",0.6007,0.3993,"LOW"
99,"1","N1","Other/Unknown","Negative/normal; within normal limits",0.6007,0.3993,"LOW"
0,"2","N1","Other/Unknown","Negative/normal; within normal limits",0.5469,0.4531,"LOW"
1,"2","N1","Other/Unknown","Negative/normal; within normal limits",0.5469,0.4531,"LOW"
2,"2","N1","Other/Unknown","Negative/normal; within normal limits",0.5469,0.4531,"LOW"
3,"2","N1","Other/Unknown","Negative/normal; within normal limits",0.5469,0.4531,"LOW"
4,"2","N1","Other/Unknown","Negative/normal; within normal limits",0.5469,0.4531,"LOW"
5,"2","N1","Other/Unknown","Negative/normal; within normal limits",0.5469,0.4531,"LOW"
6,"2","N1","Other/Unknown","Negative/normal; within normal limits",0.5469,0.4531,"LOW"
7,"2","N1","Other/Unknown","Negative/normal; within normal limits",0.5469,0.4531,"LOW"
8,"2","N1","Other/Unknown","Negative/normal; within normal limits",0.5469,0.4531,"LOW"
9,"2","N1","Other/Unknown","Negative/normal; within normal limits",0.5469,0.4531,"LOW"
10,"2","N1","Other/Unknown","Negative/normal; within normal limits",0.5469,0.4531,"LOW"
11,"2","N1","Other/Unknown","Negative/normal; within normal limits",0.5469,0.4531,"LOW"
12,"2","N1","Other/Unknown","Negative/normal; within normal limits",0.5449,0.4551,"LOW"
13,"2","N1","Other/Unknown","Negative/normal; within normal limits",0.5449,0.4551,"LOW"
14,"2","N1","Other/Unknown","Negative/normal; within normal limits",0.5449,0.4551,"LOW"
15,"2","N1","Other/Unknown","Negative/normal; within normal limits",0.5449,0.4551,"LOW"
16,"2","N1","Other/Unknown","Negative/normal; within normal limits",0.5449,0.4551,"LOW"
17,"2","N1","Other/Unknown","Negative/normal; within normal limits",0.5449,0.4551,"LOW"
18,"2","N1","Other/Unknown","Negative/normal; within normal limits",0.5449,0.4551,"LOW"
19,"2","N1","Other/Unknown","Negative/normal; within normal limits",0.5449,0.4551,"LOW"
20,"2","N1","Other/Unknown","Negative/normal; within normal limits",0.5449,0.4551,"LOW"
21,"2","N1","Other/Unknown","Negative/normal; within normal limits",0.5449,0.4551,"LOW"
22,"2","N1","Other/Unknown","Negative/normal; within normal limits",0.5449,0.4551,"LOW"
23,"2","N1","Other/Unknown","Negative/normal; within normal limits",0.5442,0.4558,"LOW"
24,"2","N1","Other/Unknown","Negative/normal; within normal limits",0.5463,0.4537,"LOW"
25,"2","N1","Other/Unknown","Negative/normal; within normal limits",0.5486,0.4514,"LOW"
26,"2","N1","Other/Unknown","Negative/normal; within normal limits",0.5547,0.4453,"LOW"
27,"2","N1","Other/Unknown","Negative/normal; within normal limits",0.5595,0.4405,"LOW"
28,"2","N1","Other/Unknown","Negative/normal; within normal limits",0.5607,0.4393,"LOW"
29,"2","N1","Other/Unknown","Negative/normal; within normal limits",0.5566,0.4434,"LOW"
30,"2","N1","Other/Unknown","Negative/normal; within normal limits",0.5621,0.4379,"LOW"
31,"2","N1","Other/Unknown","Negative/normal; within normal limits",0.5745,0.4255,"LOW"
32,"2","N1","Other/Unknown","Negative/normal; within normal limits",0.5767,0.4233,"LOW"
33,"2","N1","Other/Unknown","Negative/normal; within normal limits",0.5844,0.4156,"LOW"
34,"2","N1","Other/Unknown","Negative/normal; within normal limits",0.5899,0.4101,"LOW"
35,"2","N1","Other/Unknown","Negative/normal; within normal limits",0.6022,0.3978,"LOW"
36,"2","N1","Other/Unknown","Negative/normal; within normal limits",0.5586,0.4414,"LOW"
37,"2","N1","Other/Unknown","Negative/normal; within normal limits",0.5709,0.4291,"LOW"
38,"2","N1","Other/Unknown","Negative/normal; within normal limits",0.5592,0.4408,"LOW"
39,"2","N1","Other/Unknown","Negative/normal; within normal limits",0.5577,0.4423,"LOW"
40,"2","N1","Other/Unknown","Negative/normal; within normal limits",0.5864,0.4136,"LOW"
41,"2","N1","Other/Unknown","Negative/normal; within normal limits",0.6261,0.3739,"LOW"
42,"2","N1","Other/Unknown","Negative/normal; within normal limits",0.5989,0.4011,"LOW"
43,"2","N1","Other/Unknown","Negative/normal; within normal limits",0.6432,0.3568,"LOW"
44,"2","N1","Other/Unknown","Negative/normal; within normal limits",0.6315,0.3685,"LOW"
45,"2","N1","Other/Unknown","Negative/normal; within normal limits",0.5838,0.4162,"LOW"
46,"2","N1","Other/Unknown","Negative/normal; within normal limits",0.6015,0.3985,"LOW"
47,"2","N1","Other/Unknown","Negative/normal; within normal limits",0.6037,0.3963,"LOW"
48,"2","N1","Other/Unknown","Negative/normal; within normal limits",0.6201,0.3799,"LOW"
49,"2","N1","Other/Unknown","Negative/normal; within normal limits",0.6052,0.3948,"LOW"
50,"2","N1","Other/Unknown","Negative/normal; within normal limits",0.6188,0.3812,"LOW"
51,"2","N1","Other/Unknown","Negative/normal; within normal limits",0.6401,0.3599,"LOW"
52,"2","N1","Other/Unknown","Negative/normal; within normal limits",0.6396,0.3604,"LOW"
53,"2","N1","Other/Unknown","Negative/normal; within normal limits",0.6391,0.3609,"LOW"
54,"2","N1","Other/Unknown","Negative/normal; within normal limits",0.6261,0.3739,"LOW"
55,"2","N1","Other/Unknown","Negative/normal; within normal limits",0.6318,0.3682,"LOW"
56,"2","N1","Other/Unknown","Negative/normal; within normal limits",0.6343,0.3657,"LOW"
57,"2","N1","Other/Unknown","Negative/normal; within normal limits",0.6339,0.3661,"LOW"
58,"2","N1","Other/Unknown","Negative/normal; within normal limits",0.6223,0.3777,"LOW"
59,"2","N1","Other/Unknown","Negative/normal; within normal limits",0.6305,0.3695,"LOW"
60,"2","N1","Other/Unknown","Negative/normal; within normal limits",0.637,0.363,"LOW"
61,"2","N1","Other/Unknown","Negative/normal; within normal limits",0.6181,0.3819,"LOW"
62,"2","N1","Other/Unknown","Negative/normal; within normal limits",0.6283,0.3717,"LOW"
63,"2","N1","Other/Unknown","Negative/normal; within normal limits",0.6211,0.3789,"LOW"
64,"2","N1","Other/Unknown","Negative/normal; within normal limits",0.6327,0.3673,"LOW"
65,"2","N1","Other/Unknown","Negative/normal; within normal limits",0.6045,0.3955,"LOW"
66,"2","N1","Other/Unknown","Negative/normal; within normal limits",0.5831,0.4169,"LOW"
67,"2","N1","Other/Unknown","Negative/normal; within normal limits",0.5891,0.4109,"LOW"
68,"2","N1","Other/Unknown","Negative/normal; within normal limits",0.6224,0.3776,"LOW"
69,"2","N1","Other/Unknown","Negative/normal; within normal limits",0.6342,0.3658,"LOW"
70,"2","N1","Other/Unknown","Negative/normal; within normal limits",0.6133,0.3867,"LOW"
71,"2","N1","Other/Unknown","Negative/normal; within normal limits",0.5872,0.4128,"LOW"
72,"2","N1","Other/Unknown","Negative/normal; within normal limits",0.6034,0.3966,"LOW"
73,"2","N1","Other/Unknown","Negative/normal; within normal limits",0.6535,0.3465,"LOW"
74,"2","N1","Other/Unknown","Negative/normal; within normal limits",0.6648,0.3352,"LOW"
75,"2","N1","Other/Unknown","Negative/normal; within normal limits",0.6568,0.3432,"LOW"
76,"2","N1","Other/Unknown","Negative/normal; within normal limits",0.6455,0.3545,"LOW"
77,"2","N1","Other/Unknown","Negative/normal; within normal limits",0.6418,0.3582,"LOW"
78,"2","N1","Other/Unknown","Negative/normal; within normal limits",0.6614,0.3386,"LOW"
79,"2","N1","Other/Unknown","Negative/normal; within normal limits",0.6194,0.3806,"LOW"
80,"2","N1","Other/Unknown","Negative/normal; within normal limits",0.6242,0.3758,"LOW"
81,"2","N1","Other/Unknown","Negative/normal; within normal limits",0.6189,0.3811,"LOW"
82,"2","N1","Other/Unknown","Negative/normal; within normal limits",0.6289,0.3711,"LOW"
83,"2","N1","Other/Unknown","Negative/normal; within normal limits",0.6291,0.3709,"LOW"
84,"2","N1","Other/Unknown","Negative/normal; within normal limits",0.6548,0.3452,"LOW"
85,"2","N1","Other/Unknown","Negative/normal; within normal limits",0.684,0.316,"LOW"
86,"2","N1","Other/Unknown","Negative/normal; within normal limits",0.697,0.303,"LOW"
87,"2","N1","Other/Unknown","Negative/normal; within normal limits",0.7039,0.2961,"LOW"
88,"2","N1","Other/Unknown","Negative/normal; within normal limits",0.706,0.294,"LOW"
89,"2","N1","Other/Unknown","Negative/normal; within normal limits",0.6642,0.3358,"LOW"
90,"2","N1","Other/Unknown","Negative/normal; within normal limits",0.7235,0.2765,"LOW"
91,"2","N1","Other/Unknown","Negative/normal; within normal limits",0.7235,0.2765,"LOW"
92,"2","N1","Other/Unknown","Negative/normal; within normal limits",0.7235,0.2765,"LOW"
93,"2","N1","Other/Unknown","Negative/normal; within normal limits",0.7235,0.2765,"LOW"
94,"2","N1","Other/Unknown","Negative/normal; within normal limits",0.7235,0.2765,"LOW"
95,"2","N1","Other/Unknown","Negative/normal; within normal limits",0.7235,0.2765,"LOW"
96,"2","N1","Other/Unknown","Negative/normal; within normal limits",0.7235,0.2765,"LOW"
97,"2","N1","Other/Unknown","Negative/normal; within normal limits",0.7235,0.2765,"LOW"
98,"2","N1","Other/Unknown","Negative/normal; within normal limits",0.7235,0.2765,"LOW"
99,"2","N1","Other/Unknown","Negative/normal; within normal limits",0.7235,0.2765,"LOW"
0,"1","N2","Other/Unknown","Negative/normal; within normal limits",0.6996,0.3004,"LOW"
1,"1","N2","Other/Unknown","Negative/normal; within normal limits",0.6996,0.3004,"LOW"
2,"1","N2","Other/Unknown","Negative/normal; within normal limits",0.6996,0.3004,"LOW"
3,"1","N2","Other/Unknown","Negative/normal; within normal limits",0.6996,0.3004,"LOW"
4,"1","N2","Other/Unknown","Negative/normal; within normal limits",0.6996,0.3004,"LOW"
5,"1","N2","Other/Unknown","Negative/normal; within normal limits",0.6996,0.3004,"LOW"
6,"1","N2","Other/Unknown","Negative/normal; within normal limits",0.6996,0.3004,"LOW"
7,"1","N2","Other/Unknown","Negative/normal; within normal limits",0.6996,0.3004,"LOW"
8,"1","N2","Other/Unknown","Negative/normal; within normal limits",0.6996,0.3004,"LOW"
9,"1","N2","Other/Unknown","Negative/normal; within normal limits",0.6996,0.3004,"LOW"
10,"1","N2","Other/Unknown","Negative/normal; within normal limits",0.6996,0.3004,"LOW"
11,"1","N2","Other/Unknown","Negative/normal; within normal limits",0.6996,0.3004,"LOW"
12,"1","N2","Other/Unknown","Negative/normal; within normal limits",0.6996,0.3004,"LOW"
13,"1","N2","Other/Unknown","Negative/normal; within normal limits",0.6989,0.3011,"LOW"
14,"1","N2","Other/Unknown","Negative/normal; within normal limits",0.6989,0.3011,"LOW"
15,"1","N2","Other/Unknown","Negative/normal; within normal limits",0.6989,0.3011,"LOW"
16,"1","N2","Other/Unknown","Negative/normal; within normal limits",0.6989,0.3011,"LOW"
17,"1","N2","Other/Unknown","Negative/normal; within normal limits",0.6989,0.3011,"LOW"
18,"1","N2","Other/Unknown","Negative/normal; within normal limits",0.6989,0.3011,"LOW"
19,"1","N2","Other/Unknown","Negative/normal; within normal limits",0.6986,0.3014,"LOW"
20,"1","N2","Other/Unknown","Negative/normal; within normal limits",0.6986,0.3014,"LOW"
21,"1","N2","Other/Unknown","Negative/normal; within normal limits",0.6966,0.3034,"LOW"
22,"1","N2","Other/Unknown","Negative/normal; within normal limits",0.6966,0.3034,"LOW"
23,"1","N2","Other/Unknown","Negative/normal; within normal limits",0.6966,0.3034,"LOW"
24,"1","N2","Other/Unknown","Negative/normal; within normal limits",0.6986,0.3014,"LOW"
25,"1","N2","Other/Unknown","Negative/normal; within normal limits",0.6999,0.3001,"LOW"
26,"1","N2","Other/Unknown","Negative/normal; within normal limits",0.699,0.301,"LOW"
27,"1","N2","Other/Unknown","Negative/normal; within normal limits",0.6887,0.3113,"LOW"
28,"1","N2","Other/Unknown","Negative/normal; within normal limits",0.6739,0.3261,"LOW"
29,"1","N2","Other/Unknown","Negative/normal; within normal limits",0.6463,0.3537,"LOW"
30,"1","N2","Other/Unknown","Negative/normal; within normal limits",0.6023,0.3977,"LOW"
31,"1","N2","Other/Unknown","Negative/normal; within normal limits",0.5893,0.4107,"LOW"
32,"1","N2","Other/Unknown","Negative/normal; within normal limits",0.5389,0.4611,"LOW"
33,"1","N2","Other/Unknown","Negative/normal; within normal limits",0.509,0.491,"LOW"
34,"1","N2","Other/Unknown","Negative/normal; within normal limits",0.4811,0.5189,"HIGH"
35,"1","N2","Other/Unknown","Negative/normal; within normal limits",0.4605,0.5395,"HIGH"
36,"1","N2","Other/Unknown","Negative/normal; within normal limits",0.439,0.561,"HIGH"
37,"1","N2","Other/Unknown","Negative/normal; within normal limits",0.4383,0.5617,"HIGH"
38,"1","N2","Other/Unknown","Negative/normal; within normal limits",0.4418,0.5582,"HIGH"
39,"1","N2","Other/Unknown","Negative/normal; within normal limits",0.477,0.523,"HIGH"
40,"1","N2","Other/Unknown","Negative/normal; within normal limits",0.4809,0.5191,"HIGH"
41,"1","N2","Other/Unknown","Negative/normal; within normal limits",0.4379,0.5621,"HIGH"
42,"1","N2","Other/Unknown","Negative/normal; within normal limits",0.4384,0.5616,"HIGH"
43,"1","N2","Other/Unknown","Negative/normal; within normal limits",0.4727,0.5273,"HIGH"
44,"1","N2","Other/Unknown","Negative/normal; within normal limits",0.4973,0.5027,"HIGH"
45,"1","N2","Other/Unknown","Negative/normal; within normal limits",0.5166,0.4834,"LOW"
46,"1","N2","Other/Unknown","Negative/normal; within normal limits",0.5205,0.4795,"LOW"
47,"1","N2","Other/Unknown","Negative/normal; within normal limits",0.5313,0.4687,"LOW"
48,"1","N2","Other/Unknown","Negative/normal; within normal limits",0.5113,0.4887,"LOW"
49,"1","N2","Other/Unknown","Negative/normal; within normal limits",0.4948,0.5052,"HIGH"
50,"1","N2","Other/Unknown","Negative/normal; within normal limits",0.4725,0.5275,"HIGH"
51,"1","N2","Other/Unknown","Negative/normal; within normal limits",0.4969,0.5031,"HIGH"
52,"1","N2","Other/Unknown","Negative/normal; within normal limits",0.4914,0.5086,"HIGH"
53,"1","N2","Other/Unknown","Negative/normal; within normal limits",0.48,0.52,"HIGH"
54,"1","N2","Other/Unknown","Negative/normal; within normal limits",0.4794,0.5206,"HIGH"
55,"1","N2","Other/Unknown","Negative/normal; within normal limits",0.4734,0.5266,"HIGH"
56,"1","N2","Other/Unknown","Negative/normal; within normal limits",0.4421,0.5579,"HIGH"
57,"1","N2","Other/Unknown","Negative/normal; within normal limits",0.4321,0.5679,"HIGH"
58,"1","N2","Other/Unknown","Negative/normal; within normal limits",0.4638,0.5362,"HIGH"
59,"1","N2","Other/Unknown","Negative/normal; within normal limits",0.4353,0.5647,"HIGH"
60,"1","N2","Other/Unknown","Negative/normal; within normal limits",0.4524,0.5476,"HIGH"
61,"1","N2","Other/Unknown","Negative/normal; within normal limits",0.4885,0.5115,"HIGH"
62,"1","N2","Other/Unknown","Negative/normal; within normal limits",0.5035,0.4965,"LOW"
63,"1","N2","Other/Unknown","Negative/normal; within normal limits",0.4754,0.5246,"HIGH"
64,"1","N2","Other/Unknown","Negative/normal; within normal limits",0.4849,0.5151,"HIGH"
65,"1","N2","Other/Unknown","Negative/normal; within normal limits",0.5472,0.4528,"LOW"
66,"1","N2","Other/Unknown","Negative/normal; within normal limits",0.5622,0.4378,"LOW"
67,"1","N2","Other/Unknown","Negative/normal; within normal limits",0.5735,0.4265,"LOW"
68,"1","N2","Other/Unknown","Negative/normal; within normal limits",0.5721,0.4279,"LOW"
69,"1","N2","Other/Unknown","Negative/normal; within normal limits",0.5631,0.4369,"LOW"
70,"1","N2","Other/Unknown","Negative/normal; within normal limits",0.5535,0.4465,"LOW"
71,"1","N2","Other/Unknown","Negative/normal; within normal limits",0.5508,0.4492,"LOW"
72,"1","N2","Other/Unknown","Negative/normal; within normal limits",0.5936,0.4064,"LOW"
73,"1","N2","Other/Unknown","Negative/normal; within normal limits",0.5818,0.4182,"LOW"
74,"1","N2","Other/Unknown","Negative/normal; within normal limits",0.5349,0.4651,"LOW"
75,"1","N2","Other/Unknown","Negative/normal; within normal limits",0.6194,0.3806,"LOW"
76,"1","N2","Other/Unknown","Negative/normal; within normal limits",0.6248,0.3752,"LOW"
77,"1","N2","Other/Unknown","Negative/normal; within normal limits",0.6257,0.3743,"LOW"
78,"1","N2","Other/Unknown","Negative/normal; within normal limits",0.632,0.368,"LOW"
79,"1","N2","Other/Unknown","Negative/normal; within normal limits",0.6257,0.3743,"LOW"
80,"1","N2","Other/Unknown","Negative/normal; within normal limits",0.5773,0.4227,"LOW"
81,"1","N2","Other/Unknown","Negative/normal; within normal limits",0.5658,0.4342,"LOW"
82,"1","N2","Other/Unknown","Negative/normal; within normal limits",0.5827,0.4173,"LOW"
83,"1","N2","Other/Unknown","Negative/normal; within normal limits",0.6009,0.3991,"LOW"
84,"1","N2","Other/Unknown","Negative/normal; within normal limits",0.6228,0.3772,"LOW"
85,"1","N2","Other/Unknown","Negative/normal; within normal limits",0.6181,0.3819,"LOW"
86,"1","N2","Other/Unknown","Negative/normal; within normal limits",0.5805,0.4195,"LOW"
87,"1","N2","Other/Unknown","Negative/normal; within normal limits",0.6575,0.3425,"LOW"
88,"1","N2","Other/Unknown","Negative/normal; within normal limits",0.6744,0.3256,"LOW"
89,"1","N2","Other/Unknown","Negative/normal; within normal limits",0.6631,0.3369,"LOW"
90,"1","N2","Other/Unknown","Negative/normal; within normal limits",0.651,0.349,"LOW"
91,"1","N2","Other/Unknown","Negative/normal; within normal limits",0.651,0.349,"LOW"
92,"1","N2","Other/Unknown","Negative/normal; within normal limits",0.651,0.349,"LOW"
93,"1","N2","Other/Unknown","Negative/normal; within normal limits",0.651,0.349,"LOW"
94,"1","N2","Other/Unknown","Negative/normal; within normal limits",0.651,0.349,"LOW"
95,"1","N2","Other/Unknown","Negative/normal; within normal limits",0.651,0.349,"LOW"
96,"1","N2","Other/Unknown","Negative/normal; within normal limits",0.651,0.349,"LOW"
97,"1","N2","Other/Unknown","Negative/normal; within normal limits",0.651,0.349,"LOW"
98,"1","N2","Other/Unknown","Negative/normal; within normal limits",0.651,0.349,"LOW"
99,"1","N2","Other/Unknown","Negative/normal; within normal limits",0.651,0.349,"LOW"
0,"2","N2","Other/Unknown","Negative/normal; within normal limits",0.5083,0.4917,"LOW"
1,"2","N2","Other/Unknown","Negative/normal; within normal limits",0.5083,0.4917,"LOW"
2,"2","N2","Other/Unknown","Negative/normal; within normal limits",0.5083,0.4917,"LOW"
3,"2","N2","Other/Unknown","Negative/normal; within normal limits",0.5083,0.4917,"LOW"
4,"2","N2","Other/Unknown","Negative/normal; within normal limits",0.5083,0.4917,"LOW"
5,"2","N2","Other/Unknown","Negative/normal; within normal limits",0.5083,0.4917,"LOW"
6,"2","N2","Other/Unknown","Negative/normal; within normal limits",0.5083,0.4917,"LOW"
7,"2","N2","Other/Unknown","Negative/normal; within normal limits",0.5083,0.4917,"LOW"
8,"2","N2","Other/Unknown","Negative/normal; within normal limits",0.5083,0.4917,"LOW"
9,"2","N2","Other/Unknown","Negative/normal; within normal limits",0.5083,0.4917,"LOW"
10,"2","N2","Other/Unknown","Negative/normal; within normal limits",0.5083,0.4917,"LOW"
11,"2","N2","Other/Unknown","Negative/normal; within normal limits",0.5083,0.4917,"LOW"
12,"2","N2","Other/Unknown","Negative/normal; within normal limits",0.5083,0.4917,"LOW"
13,"2","N2","Other/Unknown","Negative/normal; within normal limits",0.5074,0.4926,"LOW"
14,"2","N2","Other/Unknown","Negative/normal; within normal limits",0.5074,0.4926,"LOW"
15,"2","N2","Other/Unknown","Negative/normal; within normal limits",0.5074,0.4926,"LOW"
16,"2","N2","Other/Unknown","Negative/normal; within normal limits",0.5074,0.4926,"LOW"
17,"2","N2","Other/Unknown","Negative/normal; within normal limits",0.5074,0.4926,"LOW"
18,"2","N2","Other/Unknown","Negative/normal; within normal limits",0.5074,0.4926,"LOW"
19,"2","N2","Other/Unknown","Negative/normal; within normal limits",0.5062,0.4938,"LOW"
20,"2","N2","Other/Unknown","Negative/normal; within normal limits",0.5062,0.4938,"LOW"
21,"2","N2","Other/Unknown","Negative/normal; within normal limits",0.5042,0.4958,"LOW"
22,"2","N2","Other/Unknown","Negative/normal; within normal limits",0.5042,0.4958,"LOW"
23,"2","N2","Other/Unknown","Negative/normal; within normal limits",0.503,0.497,"LOW"
24,"2","N2","Other/Unknown","Negative/normal; within normal limits",0.505,0.495,"LOW"
25,"2","N2","Other/Unknown","Negative/normal; within normal limits",0.511,0.489,"LOW"
26,"2","N2","Other/Unknown","Negative/normal; within normal limits",0.5127,0.4873,"LOW"
27,"2","N2","Other/Unknown","Negative/normal; within normal limits",0.5037,0.4963,"LOW"
28,"2","N2","Other/Unknown","Negative/normal; within normal limits",0.4941,0.5059,"HIGH"
29,"2","N2","Other/Unknown","Negative/normal; within normal limits",0.484,0.516,"HIGH"
30,"2","N2","Other/Unknown","Negative/normal; within normal limits",0.4532,0.5468,"HIGH"
31,"2","N2","Other/Unknown","Negative/normal; within normal limits",0.5334,0.4666,"LOW"
32,"2","N2","Other/Unknown","Negative/normal; within normal limits",0.4867,0.5133,"HIGH"
33,"2","N2","Other/Unknown","Negative/normal; within normal limits",0.4527,0.5473,"HIGH"
34,"2","N2","Other/Unknown","Negative/normal; within normal limits",0.415,0.585,"HIGH"
35,"2","N2","Other/Unknown","Negative/normal; within normal limits",0.4211,0.5789,"HIGH"
36,"2","N2","Other/Unknown","Negative/normal; within normal limits",0.4358,0.5642,"HIGH"
37,"2","N2","Other/Unknown","Negative/normal; within normal limits",0.4415,0.5585,"HIGH"
38,"2","N2","Other/Unknown","Negative/normal; within normal limits",0.4575,0.5425,"HIGH"
39,"2","N2","Other/Unknown","Negative/normal; within normal limits",0.4712,0.5288,"HIGH"
40,"2","N2","Other/Unknown","Negative/normal; within normal limits",0.4774,0.5226,"HIGH"
41,"2","N2","Other/Unknown","Negative/normal; within normal limits",0.4757,0.5243,"HIGH"
42,"2","N2","Other/Unknown","Negative/normal; within normal limits",0.4693,0.5307,"HIGH"
43,"2","N2","Other/Unknown","Negative/normal; within normal limits",0.4885,0.5115,"HIGH"
44,"2","N2","Other/Unknown","Negative/normal; within normal limits",0.5073,0.4927,"LOW"
45,"2","N2","Other/Unknown","Negative/normal; within normal limits",0.5108,0.4892,"LOW"
46,"2","N2","Other/Unknown","Negative/normal; within normal limits",0.5155,0.4845,"LOW"
47,"2","N2","Other/Unknown","Negative/normal; within normal limits",0.5263,0.4737,"LOW"
48,"2","N2","Other/Unknown","Negative/normal; within normal limits",0.5173,0.4827,"LOW"
49,"2","N2","Other/Unknown","Negative/normal; within normal limits",0.5037,0.4963,"LOW"
50,"2","N2","Other/Unknown","Negative/normal; within normal limits",0.4793,0.5207,"HIGH"
51,"2","N2","Other/Unknown","Negative/normal; within normal limits",0.489,0.511,"HIGH"
52,"2","N2","Other/Unknown","Negative/normal; within normal limits",0.4987,0.5013,"HIGH"
53,"2","N2","Other/Unknown","Negative/normal; within normal limits",0.5005,0.4995,"LOW"
54,"2","N2","Other/Unknown","Negative/normal; within normal limits",0.5536,0.4464,"LOW"
55,"2","N2","Other/Unknown","Negative/normal; within normal limits",0.5091,0.4909,"LOW"
56,"2","N2","Other/Unknown","Negative/normal; within normal limits",0.5344,0.4656,"LOW"
57,"2","N2","Other/Unknown","Negative/normal; within normal limits",0.5733,0.4267,"LOW"
58,"2","N2","Other/Unknown","Negative/normal; within normal limits",0.5758,0.4242,"LOW"
59,"2","N2","Other/Unknown","Negative/normal; within normal limits",0.5287,0.4713,"LOW"
60,"2","N2","Other/Unknown","Negative/normal; within normal limits",0.5629,0.4371,"LOW"
61,"2","N2","Other/Unknown","Negative/normal; within normal limits",0.5992,0.4008,"LOW"
62,"2","N2","Other/Unknown","Negative/normal; within normal limits",0.6088,0.3912,"LOW"
63,"2","N2","Other/Unknown","Negative/normal; within normal limits",0.5987,0.4013,"LOW"
64,"2","N2","Other/Unknown","Negative/normal; within normal limits",0.5923,0.4077,"LOW"
65,"2","N2","Other/Unknown","Negative/normal; within normal limits",0.6086,0.3914,"LOW"
66,"2","N2","Other/Unknown","Negative/normal; within normal limits",0.604,0.396,"LOW"
67,"2","N2","Other/Unknown","Negative/normal; within normal limits",0.5913,0.4087,"LOW"
68,"2","N2","Other/Unknown","Negative/normal; within normal limits",0.5667,0.4333,"LOW"
69,"2","N2","Other/Unknown","Negative/normal; within normal limits",0.5596,0.4404,"LOW"
70,"2","N2","Other/Unknown","Negative/normal; within normal limits",0.5352,0.4648,"LOW"
71,"2","N2","Other/Unknown","Negative/normal; within normal limits",0.5189,0.4811,"LOW"
72,"2","N2","Other/Unknown","Negative/normal; within normal limits",0.5041,0.4959,"LOW"
73,"2","N2","Other/Unknown","Negative/normal; within normal limits",0.4775,0.5225,"HIGH"
74,"2","N2","Other/Unknown","Negative/normal; within normal limits",0.4567,0.5433,"HIGH"
75,"2","N2","Other/Unknown","Negative/normal; within normal limits",0.4374,0.5626,"HIGH"
76,"2","N2","Other/Unknown","Negative/normal; within normal limits",0.4134,0.5866,"HIGH"
77,"2","N2","Other/Unknown","Negative/normal; within normal limits",0.3921,0.6079,"HIGH"
78,"2","N2","Other/Unknown","Negative/normal; within normal limits",0.4246,0.5754,"HIGH"
79,"2","N2","Other/Unknown","Negative/normal; within normal limits",0.4514,0.5486,"HIGH"
80,"2","N2","Other/Unknown","Negative/normal; within normal limits",0.384,0.616,"HIGH"
81,"2","N2","Other/Unknown","Negative/normal; within normal limits",0.3879,0.6121,"HIGH"
82,"2","N2","Other/Unknown","Negative/normal; within normal limits",0.4028,0.5972,"HIGH"
83,"2","N2","Other/Unknown","Negative/normal; within normal limits",0.425,0.575,"HIGH"
84,"2","N2","Other/Unknown","Negative/normal; within normal limits",0.4473,0.5527,"HIGH"
85,"2","N2","Other/Unknown","Negative/normal; within normal limits",0.4488,0.5512,"HIGH"
86,"2","N2","Other/Unknown","Negative/normal; within normal limits",0.5324,0.4676,"LOW"
87,"2","N2","Other/Unknown","Negative/normal; within normal limits",0.4972,0.5028,"HIGH"
88,"2","N2","Other/Unknown","Negative/normal; within normal limits",0.4425,0.5575,"HIGH"
89,"2","N2","Other/Unknown","Negative/normal; within normal limits",0.4525,0.5475,"HIGH"
90,"2","N2","Other/Unknown","Negative/normal; within normal limits",0.4459,0.5541,"HIGH"
91,"2","N2","Other/Unknown","Negative/normal; within normal limits",0.4459,0.5541,"HIGH"
92,"2","N2","Other/Unknown","Negative/normal; within normal limits",0.4459,0.5541,"HIGH"
93,"2","N2","Other/Unknown","Negative/normal; within normal limits",0.4459,0.5541,"HIGH"
94,"2","N2","Other/Unknown","Negative/normal; within normal limits",0.4459,0.5541,"HIGH"
95,"2","N2","Other/Unknown","Negative/normal; within normal limits",0.4459,0.5541,"HIGH"
96,"2","N2","Other/Unknown","Negative/normal; within normal limits",0.4459,0.5541,"HIGH"
97,"2","N2","Other/Unknown","Negative/normal; within normal limits",0.4459,0.5541,"HIGH"
98,"2","N2","Other/Unknown","Negative/normal; within normal limits",0.4459,0.5541,"HIGH"
99,"2","N2","Other/Unknown","Negative/normal; within normal limits",0.4459,0.5541,"HIGH"
0,"1","Other/Unknown","Other/Unknown","Negative/normal; within normal limits",0.7112,0.2888,"LOW"
1,"1","Other/Unknown","Other/Unknown","Negative/normal; within normal limits",0.7106,0.2894,"LOW"
2,"1","Other/Unknown","Other/Unknown","Negative/normal; within normal limits",0.7106,0.2894,"LOW"
3,"1","Other/Unknown","Other/Unknown","Negative/normal; within normal limits",0.7106,0.2894,"LOW"
4,"1","Other/Unknown","Other/Unknown","Negative/normal; within normal limits",0.7096,0.2904,"LOW"
5,"1","Other/Unknown","Other/Unknown","Negative/normal; within normal limits",0.7096,0.2904,"LOW"
6,"1","Other/Unknown","Other/Unknown","Negative/normal; within normal limits",0.7093,0.2907,"LOW"
7,"1","Other/Unknown","Other/Unknown","Negative/normal; within normal limits",0.7093,0.2907,"LOW"
8,"1","Other/Unknown","Other/Unknown","Negative/normal; within normal limits",0.709,0.291,"LOW"
9,"1","Other/Unknown","Other/Unknown","Negative/normal; within normal limits",0.709,0.291,"LOW"
10,"1","Other/Unknown","Other/Unknown","Negative/normal; within normal limits",0.709,0.291,"LOW"
11,"1","Other/Unknown","Other/Unknown","Negative/normal; within normal limits",0.709,0.291,"LOW"
12,"1","Other/Unknown","Other/Unknown","Negative/normal; within normal limits",0.7088,0.2912,"LOW"
13,"1","Other/Unknown","Other/Unknown","Negative/normal; within normal limits",0.7085,0.2915,"LOW"
14,"1","Other/Unknown","Other/Unknown","Negative/normal; within normal limits",0.7065,0.2935,"LOW"
15,"1","Other/Unknown","Other/Unknown","Negative/normal; within normal limits",0.7045,0.2955,"LOW"
16,"1","Other/Unknown","Other/Unknown","Negative/normal; within normal limits",0.7039,0.2961,"LOW"
17,"1","Other/Unknown","Other/Unknown","Negative/normal; within normal limits",0.7039,0.2961,"LOW"
18,"1","Other/Unknown","Other/Unknown","Negative/normal; within normal limits",0.7039,0.2961,"LOW"
19,"1","Other/Unknown","Other/Unknown","Negative/normal; within normal limits",0.7039,0.2961,"LOW"
20,"1","Other/Unknown","Other/Unknown","Negative/normal; within normal limits",0.6984,0.3016,"LOW"
21,"1","Other/Unknown","Other/Unknown","Negative/normal; within normal limits",0.6915,0.3085,"LOW"
22,"1","Other/Unknown","Other/Unknown","Negative/normal; within normal limits",0.6847,0.3153,"LOW"
23,"1","Other/Unknown","Other/Unknown","Negative/normal; within normal limits",0.6702,0.3298,"LOW"
24,"1","Other/Unknown","Other/Unknown","Negative/normal; within normal limits",0.7333,0.2667,"LOW"
25,"1","Other/Unknown","Other/Unknown","Negative/normal; within normal limits",0.7701,0.2299,"LOW"
26,"1","Other/Unknown","Other/Unknown","Negative/normal; within normal limits",0.8259,0.1741,"LOW"
27,"1","Other/Unknown","Other/Unknown","Negative/normal; within normal limits",0.8787,0.1213,"LOW"
28,"1","Other/Unknown","Other/Unknown","Negative/normal; within normal limits",0.8797,0.1203,"LOW"
29,"1","Other/Unknown","Other/Unknown","Negative/normal; within normal limits",0.8969,0.1031,"LOW"
30,"1","Other/Unknown","Other/Unknown","Negative/normal; within normal limits",0.8997,0.1003,"LOW"
31,"1","Other/Unknown","Other/Unknown","Negative/normal; within normal limits",0.8964,0.1036,"LOW"
32,"1","Other/Unknown","Other/Unknown","Negative/normal; within normal limits",0.8956,0.1044,"LOW"
33,"1","Other/Unknown","Other/Unknown","Negative/normal; within normal limits",0.8907,0.1093,"LOW"
34,"1","Other/Unknown","Other/Unknown","Negative/normal; within normal limits",0.8871,0.1129,"LOW"
35,"1","Other/Unknown","Other/Unknown","Negative/normal; within normal limits",0.8706,0.1294,"LOW"
36,"1","Other/Unknown","Other/Unknown","Negative/normal; within normal limits",0.881,0.119,"LOW"
37,"1","Other/Unknown","Other/Unknown","Negative/normal; within normal limits",0.8792,0.1208,"LOW"
38,"1","Other/Unknown","Other/Unknown","Negative/normal; within normal limits",0.8709,0.1291,"LOW"
39,"1","Other/Unknown","Other/Unknown","Negative/normal; within normal limits",0.8359,0.1641,"LOW"
40,"1","Other/Unknown","Other/Unknown","Negative/normal; within normal limits",0.8514,0.1486,"LOW"
41,"1","Other/Unknown","Other/Unknown","Negative/normal; within normal limits",0.8669,0.1331,"LOW"
42,"1","Other/Unknown","Other/Unknown","Negative/normal; within normal limits",0.8538,0.1462,"LOW"
43,"1","Other/Unknown","Other/Unknown","Negative/normal; within normal limits",0.8469,0.1531,"LOW"
44,"1","Other/Unknown","Other/Unknown","Negative/normal; within normal limits",0.8476,0.1524,"LOW"
45,"1","Other/Unknown","Other/Unknown","Negative/normal; within normal limits",0.8676,0.1324,"LOW"
46,"1","Other/Unknown","Other/Unknown","Negative/normal; within normal limits",0.8596,0.1404,"LOW"
47,"1","Other/Unknown","Other/Unknown","Negative/normal; within normal limits",0.8602,0.1398,"LOW"
48,"1","Other/Unknown","Other/Unknown","Negative/normal; within normal limits",0.8621,0.1379,"LOW"
49,"1","Other/Unknown","Other/Unknown","Negative/normal; within normal limits",0.8699,0.1301,"LOW"
50,"1","Other/Unknown","Other/Unknown","Negative/normal; within normal limits",0.8662,0.1338,"LOW"
51,"1","Other/Unknown","Other/Unknown","Negative/normal; within normal limits",0.8599,0.1401,"LOW"
52,"1","Other/Unknown","Other/Unknown","Negative/normal; within normal limits",0.8655,0.1345,"LOW"
53,"1","Other/Unknown","Other/Unknown","Negative/normal; within normal limits",0.8586,0.1414,"LOW"
54,"1","Other/Unknown","Other/Unknown","Negative/normal; within normal limits",0.8524,0.1476,"LOW"
55,"1","Other/Unknown","Other/Unknown","Negative/normal; within normal limits",0.8578,0.1422,"LOW"
56,"1","Other/Unknown","Other/Unknown","Negative/normal; within normal limits",0.8533,0.1467,"LOW"
57,"1","Other/Unknown","Other/Unknown","Negative/normal; within normal limits",0.8606,0.1394,"LOW"
58,"1","Other/Unknown","Other/Unknown","Negative/normal; within normal limits",0.8597,0.1403,"LOW"
59,"1","Other/Unknown","Other/Unknown","Negative/normal; within normal limits",0.8572,0.1428,"LOW"
60,"1","Other/Unknown","Other/Unknown","Negative/normal; within normal limits",0.8504,0.1496,"LOW"
61,"1","Other/Unknown","Other/Unknown","Negative/normal; within normal limits",0.8575,0.1425,"LOW"
62,"1","Other/Unknown","Other/Unknown","Negative/normal; within normal limits",0.8558,0.1442,"LOW"
63,"1","Other/Unknown","Other/Unknown","Negative/normal; within normal limits",0.8534,0.1466,"LOW"
64,"1","Other/Unknown","Other/Unknown","Negative/normal; within normal limits",0.8592,0.1408,"LOW"
65,"1","Other/Unknown","Other/Unknown","Negative/normal; within normal limits",0.8616,0.1384,"LOW"
66,"1","Other/Unknown","Other/Unknown","Negative/normal; within normal limits",0.8643,0.1357,"LOW"
67,"1","Other/Unknown","Other/Unknown","Negative/normal; within normal limits",0.8625,0.1375,"LOW"
68,"1","Other/Unknown","Other/Unknown","Negative/normal; within normal limits",0.8678,0.1322,"LOW"
69,"1","Other/Unknown","Other/Unknown","Negative/normal; within normal limits",0.8702,0.1298,"LOW"
70,"1","Other/Unknown","Other/Unknown","Negative/normal; within normal limits",0.8707,0.1293,"LOW"
71,"1","Other/Unknown","Other/Unknown","Negative/normal; within normal limits",0.8655,0.1345,"LOW"
72,"1","Other/Unknown","Other/Unknown","Negative/normal; within normal limits",0.8665,0.1335,"LOW"
73,"1","Other/Unknown","Other/Unknown","Negative/normal; within normal limits",0.8586,0.1414,"LOW"
74,"1","Other/Unknown","Other/Unknown","Negative/normal; within normal limits",0.8644,0.1356,"LOW"
75,"1","Other/Unknown","Other/Unknown","Negative/normal; within normal limits",0.8595,0.1405,"LOW"
76,"1","Other/Unknown","Other/Unknown","Negative/normal; within normal limits",0.8651,0.1349,"LOW"
77,"1","Other/Unknown","Other/Unknown","Negative/normal; within normal limits",0.8651,0.1349,"LOW"
78,"1","Other/Unknown","Other/Unknown","Negative/normal; within normal limits",0.8713,0.1287,"LOW"
79,"1","Other/Unknown","Other/Unknown","Negative/normal; within normal limits",0.8725,0.1275,"LOW"
80,"1","Other/Unknown","Other/Unknown","Negative/normal; within normal limits",0.874,0.126,"LOW"
81,"1","Other/Unknown","Other/Unknown","Negative/normal; within normal limits",0.8748,0.1252,"LOW"
82,"1","Other/Unknown","Other/Unknown","Negative/normal; within normal limits",0.8674,0.1326,"LOW"
83,"1","Other/Unknown","Other/Unknown","Negative/normal; within normal limits",0.8581,0.1419,"LOW"
84,"1","Other/Unknown","Other/Unknown","Negative/normal; within normal limits",0.8705,0.1295,"LOW"
85,"1","Other/Unknown","Other/Unknown","Negative/normal; within normal limits",0.8558,0.1442,"LOW"
86,"1","Other/Unknown","Other/Unknown","Negative/normal; within normal limits",0.8638,0.1362,"LOW"
87,"1","Other/Unknown","Other/Unknown","Negative/normal; within normal limits",0.8706,0.1294,"LOW"
88,"1","Other/Unknown","Other/Unknown","Negative/normal; within normal limits",0.8749,0.1251,"LOW"
89,"1","Other/Unknown","Other/Unknown","Negative/normal; within normal limits",0.8006,0.1994,"LOW"
90,"1","Other/Unknown","Other/Unknown","Negative/normal; within normal limits",0.8462,0.1538,"LOW"
91,"1","Other/Unknown","Other/Unknown","Negative/normal; within normal limits",0.8462,0.1538,"LOW"
92,"1","Other/Unknown","Other/Unknown","Negative/normal; within normal limits",0.8462,0.1538,"LOW"
93,"1","Other/Unknown","Other/Unknown","Negative/normal; within normal limits",0.8462,0.1538,"LOW"
94,"1","Other/Unknown","Other/Unknown","Negative/normal; within normal limits",0.8462,0.1538,"LOW"
95,"1","Other/Unknown","Other/Unknown","Negative/normal; within normal limits",0.8462,0.1538,"LOW"
96,"1","Other/Unknown","Other/Unknown","Negative/normal; within normal limits",0.8462,0.1538,"LOW"
97,"1","Other/Unknown","Other/Unknown","Negative/normal; within normal limits",0.8462,0.1538,"LOW"
98,"1","Other/Unknown","Other/Unknown","Negative/normal; within normal limits",0.8462,0.1538,"LOW"
99,"1","Other/Unknown","Other/Unknown","Negative/normal; within normal limits",0.8462,0.1538,"LOW"
0,"2","Other/Unknown","Other/Unknown","Negative/normal; within normal limits",0.8238,0.1762,"LOW"
1,"2","Other/Unknown","Other/Unknown","Negative/normal; within normal limits",0.8238,0.1762,"LOW"
2,"2","Other/Unknown","Other/Unknown","Negative/normal; within normal limits",0.8238,0.1762,"LOW"
3,"2","Other/Unknown","Other/Unknown","Negative/normal; within normal limits",0.8238,0.1762,"LOW"
4,"2","Other/Unknown","Other/Unknown","Negative/normal; within normal limits",0.8235,0.1765,"LOW"
5,"2","Other/Unknown","Other/Unknown","Negative/normal; within normal limits",0.8235,0.1765,"LOW"
6,"2","Other/Unknown","Other/Unknown","Negative/normal; within normal limits",0.8232,0.1768,"LOW"
7,"2","Other/Unknown","Other/Unknown","Negative/normal; within normal limits",0.8232,0.1768,"LOW"
8,"2","Other/Unknown","Other/Unknown","Negative/normal; within normal limits",0.8229,0.1771,"LOW"
9,"2","Other/Unknown","Other/Unknown","Negative/normal; within normal limits",0.8229,0.1771,"LOW"
10,"2","Other/Unknown","Other/Unknown","Negative/normal; within normal limits",0.8229,0.1771,"LOW"
11,"2","Other/Unknown","Other/Unknown","Negative/normal; within normal limits",0.8229,0.1771,"LOW"
12,"2","Other/Unknown","Other/Unknown","Negative/normal; within normal limits",0.8226,0.1774,"LOW"
13,"2","Other/Unknown","Other/Unknown","Negative/normal; within normal limits",0.8217,0.1783,"LOW"
14,"2","Other/Unknown","Other/Unknown","Negative/normal; within normal limits",0.8217,0.1783,"LOW"
15,"2","Other/Unknown","Other/Unknown","Negative/normal; within normal limits",0.8217,0.1783,"LOW"
16,"2","Other/Unknown","Other/Unknown","Negative/normal; within normal limits",0.8215,0.1785,"LOW"
17,"2","Other/Unknown","Other/Unknown","Negative/normal; within normal limits",0.8215,0.1785,"LOW"
18,"2","Other/Unknown","Other/Unknown","Negative/normal; within normal limits",0.8215,0.1785,"LOW"
19,"2","Other/Unknown","Other/Unknown","Negative/normal; within normal limits",0.8215,0.1785,"LOW"
20,"2","Other/Unknown","Other/Unknown","Negative/normal; within normal limits",0.808,0.192,"LOW"
21,"2","Other/Unknown","Other/Unknown","Negative/normal; within normal limits",0.7984,0.2016,"LOW"
22,"2","Other/Unknown","Other/Unknown","Negative/normal; within normal limits",0.7902,0.2098,"LOW"
23,"2","Other/Unknown","Other/Unknown","Negative/normal; within normal limits",0.7742,0.2258,"LOW"
24,"2","Other/Unknown","Other/Unknown","Negative/normal; within normal limits",0.7824,0.2176,"LOW"
25,"2","Other/Unknown","Other/Unknown","Negative/normal; within normal limits",0.784,0.216,"LOW"
26,"2","Other/Unknown","Other/Unknown","Negative/normal; within normal limits",0.7591,0.2409,"LOW"
27,"2","Other/Unknown","Other/Unknown","Negative/normal; within normal limits",0.7018,0.2982,"LOW"
28,"2","Other/Unknown","Other/Unknown","Negative/normal; within normal limits",0.703,0.297,"LOW"
29,"2","Other/Unknown","Other/Unknown","Negative/normal; within normal limits",0.7749,0.2251,"LOW"
30,"2","Other/Unknown","Other/Unknown","Negative/normal; within normal limits",0.8329,0.1671,"LOW"
31,"2","Other/Unknown","Other/Unknown","Negative/normal; within normal limits",0.8124,0.1876,"LOW"
32,"2","Other/Unknown","Other/Unknown","Negative/normal; within normal limits",0.8007,0.1993,"LOW"
33,"2","Other/Unknown","Other/Unknown","Negative/normal; within normal limits",0.7888,0.2112,"LOW"
34,"2","Other/Unknown","Other/Unknown","Negative/normal; within normal limits",0.8453,0.1547,"LOW"
35,"2","Other/Unknown","Other/Unknown","Negative/normal; within normal limits",0.8369,0.1631,"LOW"
36,"2","Other/Unknown","Other/Unknown","Negative/normal; within normal limits",0.8593,0.1407,"LOW"
37,"2","Other/Unknown","Other/Unknown","Negative/normal; within normal limits",0.8606,0.1394,"LOW"
38,"2","Other/Unknown","Other/Unknown","Negative/normal; within normal limits",0.8607,0.1393,"LOW"
39,"2","Other/Unknown","Other/Unknown","Negative/normal; within normal limits",0.8477,0.1523,"LOW"
40,"2","Other/Unknown","Other/Unknown","Negative/normal; within normal limits",0.8448,0.1552,"LOW"
41,"2","Other/Unknown","Other/Unknown","Negative/normal; within normal limits",0.8495,0.1505,"LOW"
42,"2","Other/Unknown","Other/Unknown","Negative/normal; within normal limits",0.8456,0.1544,"LOW"
43,"2","Other/Unknown","Other/Unknown","Negative/normal; within normal limits",0.8547,0.1453,"LOW"
44,"2","Other/Unknown","Other/Unknown","Negative/normal; within normal limits",0.8524,0.1476,"LOW"
45,"2","Other/Unknown","Other/Unknown","Negative/normal; within normal limits",0.8586,0.1414,"LOW"
46,"2","Other/Unknown","Other/Unknown","Negative/normal; within normal limits",0.8496,0.1504,"LOW"
47,"2","Other/Unknown","Other/Unknown","Negative/normal; within normal limits",0.8522,0.1478,"LOW"
48,"2","Other/Unknown","Other/Unknown","Negative/normal; within normal limits",0.8524,0.1476,"LOW"
49,"2","Other/Unknown","Other/Unknown","Negative/normal; within normal limits",0.8549,0.1451,"LOW"
50,"2","Other/Unknown","Other/Unknown","Negative/normal; within normal limits",0.8623,0.1377,"LOW"
51,"2","Other/Unknown","Other/Unknown","Negative/normal; within normal limits",0.8685,0.1315,"LOW"
52,"2","Other/Unknown","Other/Unknown","Negative/normal; within normal limits",0.8568,0.1432,"LOW"
53,"2","Other/Unknown","Other/Unknown","Negative/normal; within normal limits",0.8529,0.1471,"LOW"
54,"2","Other/Unknown","Other/Unknown","Negative/normal; within normal limits",0.8616,0.1384,"LOW"
55,"2","Other/Unknown","Other/Unknown","Negative/normal; within normal limits",0.86,0.14,"LOW"
56,"2","Other/Unknown","Other/Unknown","Negative/normal; within normal limits",0.8538,0.1462,"LOW"
57,"2","Other/Unknown","Other/Unknown","Negative/normal; within normal limits",0.8555,0.1445,"LOW"
58,"2","Other/Unknown","Other/Unknown","Negative/normal; within normal limits",0.8678,0.1322,"LOW"
59,"2","Other/Unknown","Other/Unknown","Negative/normal; within normal limits",0.8669,0.1331,"LOW"
60,"2","Other/Unknown","Other/Unknown","Negative/normal; within normal limits",0.8631,0.1369,"LOW"
61,"2","Other/Unknown","Other/Unknown","Negative/normal; within normal limits",0.8626,0.1374,"LOW"
62,"2","Other/Unknown","Other/Unknown","Negative/normal; within normal limits",0.8672,0.1328,"LOW"
63,"2","Other/Unknown","Other/Unknown","Negative/normal; within normal limits",0.8556,0.1444,"LOW"
64,"2","Other/Unknown","Other/Unknown","Negative/normal; within normal limits",0.8648,0.1352,"LOW"
65,"2","Other/Unknown","Other/Unknown","Negative/normal; within normal limits",0.8567,0.1433,"LOW"
66,"2","Other/Unknown","Other/Unknown","Negative/normal; within normal limits",0.8596,0.1404,"LOW"
67,"2","Other/Unknown","Other/Unknown","Negative/normal; within normal limits",0.8686,0.1314,"LOW"
68,"2","Other/Unknown","Other/Unknown","Negative/normal; within normal limits",0.8717,0.1283,"LOW"
69,"2","Other/Unknown","Other/Unknown","Negative/normal; within normal limits",0.8574,0.1426,"LOW"
70,"2","Other/Unknown","Other/Unknown","Negative/normal; within normal limits",0.8662,0.1338,"LOW"
71,"2","Other/Unknown","Other/Unknown","Negative/normal; within normal limits",0.8661,0.1339,"LOW"
72,"2","Other/Unknown","Other/Unknown","Negative/normal; within normal limits",0.8649,0.1351,"LOW"
73,"2","Other/Unknown","Other/Unknown","Negative/normal; within normal limits",0.8722,0.1278,"LOW"
74,"2","Other/Unknown","Other/Unknown","Negative/normal; within normal limits",0.8629,0.1371,"LOW"
75,"2","Other/Unknown","Other/Unknown","Negative/normal; within normal limits",0.8703,0.1297,"LOW"
76,"2","Other/Unknown","Other/Unknown","Negative/normal; within normal limits",0.8795,0.1205,"LOW"
77,"2","Other/Unknown","Other/Unknown","Negative/normal; within normal limits",0.8765,0.1235,"LOW"
78,"2","Other/Unknown","Other/Unknown","Negative/normal; within normal limits",0.8682,0.1318,"LOW"
79,"2","Other/Unknown","Other/Unknown","Negative/normal; within normal limits",0.8684,0.1316,"LOW"
80,"2","Other/Unknown","Other/Unknown","Negative/normal; within normal limits",0.8712,0.1288,"LOW"
81,"2","Other/Unknown","Other/Unknown","Negative/normal; within normal limits",0.8651,0.1349,"LOW"
82,"2","Other/Unknown","Other/Unknown","Negative/normal; within normal limits",0.8729,0.1271,"LOW"
83,"2","Other/Unknown","Other/Unknown","Negative/normal; within normal limits",0.8704,0.1296,"LOW"
84,"2","Other/Unknown","Other/Unknown","Negative/normal; within normal limits",0.8698,0.1302,"LOW"
85,"2","Other/Unknown","Other/Unknown","Negative/normal; within normal limits",0.8706,0.1294,"LOW"
86,"2","Other/Unknown","Other/Unknown","Negative/normal; within normal limits",0.876,0.124,"LOW"
87,"2","Other/Unknown","Other/Unknown","Negative/normal; within normal limits",0.8395,0.1605,"LOW"
88,"2","Other/Unknown","Other/Unknown","Negative/normal; within normal limits",0.8688,0.1312,"LOW"
89,"2","Other/Unknown","Other/Unknown","Negative/normal; within normal limits",0.8402,0.1598,"LOW"
90,"2","Other/Unknown","Other/Unknown","Negative/normal; within normal limits",0.8825,0.1175,"LOW"
91,"2","Other/Unknown","Other/Unknown","Negative/normal; within normal limits",0.8825,0.1175,"LOW"
92,"2","Other/Unknown","Other/Unknown","Negative/normal; within normal limits",0.8825,0.1175,"LOW"
93,"2","Other/Unknown","Other/Unknown","Negative/normal; within normal limits",0.8825,0.1175,"LOW"
94,"2","Other/Unknown","Other/Unknown","Negative/normal; within normal limits",0.8825,0.1175,"LOW"
95,"2","Other/Unknown","Other/Unknown","Negative/normal; within normal limits",0.8825,0.1175,"LOW"
96,"2","Other/Unknown","Other/Unknown","Negative/normal; within normal limits",0.8825,0.1175,"LOW"
97,"2","Other/Unknown","Other/Unknown","Negative/normal; within normal limits",0.8825,0.1175,"LOW"
98,"2","Other/Unknown","Other/Unknown","Negative/normal; within normal limits",0.8825,0.1175,"LOW"
99,"2","Other/Unknown","Other/Unknown","Negative/normal; within normal limits",0.8825,0.1175,"LOW"
0,"1","N0","T1","Negative/normal; within normal limits",0.9516,0.0484,"LOW"
1,"1","N0","T1","Negative/normal; within normal limits",0.9516,0.0484,"LOW"
2,"1","N0","T1","Negative/normal; within normal limits",0.9504,0.0496,"LOW"
3,"1","N0","T1","Negative/normal; within normal limits",0.9503,0.0497,"LOW"
4,"1","N0","T1","Negative/normal; within normal limits",0.9503,0.0497,"LOW"
5,"1","N0","T1","Negative/normal; within normal limits",0.9502,0.0498,"LOW"
6,"1","N0","T1","Negative/normal; within normal limits",0.9502,0.0498,"LOW"
7,"1","N0","T1","Negative/normal; within normal limits",0.9502,0.0498,"LOW"
8,"1","N0","T1","Negative/normal; within normal limits",0.9502,0.0498,"LOW"
9,"1","N0","T1","Negative/normal; within normal limits",0.9502,0.0498,"LOW"
10,"1","N0","T1","Negative/normal; within normal limits",0.9501,0.0499,"LOW"
11,"1","N0","T1","Negative/normal; within normal limits",0.9501,0.0499,"LOW"
12,"1","N0","T1","Negative/normal; within normal limits",0.9501,0.0499,"LOW"
13,"1","N0","T1","Negative/normal; within normal limits",0.9501,0.0499,"LOW"
14,"1","N0","T1","Negative/normal; within normal limits",0.9501,0.0499,"LOW"
15,"1","N0","T1","Negative/normal; within normal limits",0.9501,0.0499,"LOW"
16,"1","N0","T1","Negative/normal; within normal limits",0.95,0.05,"LOW"
17,"1","N0","T1","Negative/normal; within normal limits",0.95,0.05,"LOW"
18,"1","N0","T1","Negative/normal; within normal limits",0.9499,0.0501,"LOW"
19,"1","N0","T1","Negative/normal; within normal limits",0.9498,0.0502,"LOW"
20,"1","N0","T1","Negative/normal; within normal limits",0.9496,0.0504,"LOW"
21,"1","N0","T1","Negative/normal; within normal limits",0.9492,0.0508,"LOW"
22,"1","N0","T1","Negative/normal; within normal limits",0.9456,0.0544,"LOW"
23,"1","N0","T1","Negative/normal; within normal limits",0.9417,0.0583,"LOW"
24,"1","N0","T1","Negative/normal; within normal limits",0.9397,0.0603,"LOW"
25,"1","N0","T1","Negative/normal; within normal limits",0.9008,0.0992,"LOW"
26,"1","N0","T1","Negative/normal; within normal limits",0.9444,0.0556,"LOW"
27,"1","N0","T1","Negative/normal; within normal limits",0.9667,0.0333,"LOW"
28,"1","N0","T1","Negative/normal; within normal limits",0.9728,0.0272,"LOW"
29,"1","N0","T1","Negative/normal; within normal limits",0.9752,0.0248,"LOW"
30,"1","N0","T1","Negative/normal; within normal limits",0.9762,0.0238,"LOW"
31,"1","N0","T1","Negative/normal; within normal limits",0.9775,0.0225,"LOW"
32,"1","N0","T1","Negative/normal; within normal limits",0.979,0.021,"LOW"
33,"1","N0","T1","Negative/normal; within normal limits",0.9787,0.0213,"LOW"
34,"1","N0","T1","Negative/normal; within normal limits",0.9775,0.0225,"LOW"
35,"1","N0","T1","Negative/normal; within normal limits",0.9761,0.0239,"LOW"
36,"1","N0","T1","Negative/normal; within normal limits",0.966,0.034,"LOW"
37,"1","N0","T1","Negative/normal; within normal limits",0.975,0.025,"LOW"
38,"1","N0","T1","Negative/normal; within normal limits",0.9753,0.0247,"LOW"
39,"1","N0","T1","Negative/normal; within normal limits",0.967,0.033,"LOW"
40,"1","N0","T1","Negative/normal; within normal limits",0.9771,0.0229,"LOW"
41,"1","N0","T1","Negative/normal; within normal limits",0.9733,0.0267,"LOW"
42,"1","N0","T1","Negative/normal; within normal limits",0.9815,0.0185,"LOW"
43,"1","N0","T1","Negative/normal; within normal limits",0.9825,0.0175,"LOW"
44,"1","N0","T1","Negative/normal; within normal limits",0.9836,0.0164,"LOW"
45,"1","N0","T1","Negative/normal; within normal limits",0.9848,0.0152,"LOW"
46,"1","N0","T1","Negative/normal; within normal limits",0.9851,0.0149,"LOW"
47,"1","N0","T1","Negative/normal; within normal limits",0.9852,0.0148,"LOW"
48,"1","N0","T1","Negative/normal; within normal limits",0.9856,0.0144,"LOW"
49,"1","N0","T1","Negative/normal; within normal limits",0.9856,0.0144,"LOW"
50,"1","N0","T1","Negative/normal; within normal limits",0.9844,0.0156,"LOW"
51,"1","N0","T1","Negative/normal; within normal limits",0.984,0.016,"LOW"
52,"1","N0","T1","Negative/normal; within normal limits",0.9842,0.0158,"LOW"
53,"1","N0","T1","Negative/normal; within normal limits",0.9837,0.0163,"LOW"
54,"1","N0","T1","Negative/normal; within normal limits",0.9816,0.0184,"LOW"
55,"1","N0","T1","Negative/normal; within normal limits",0.9808,0.0192,"LOW"
56,"1","N0","T1","Negative/normal; within normal limits",0.9807,0.0193,"LOW"
57,"1","N0","T1","Negative/normal; within normal limits",0.9798,0.0202,"LOW"
58,"1","N0","T1","Negative/normal; within normal limits",0.9766,0.0234,"LOW"
59,"1","N0","T1","Negative/normal; within normal limits",0.9773,0.0227,"LOW"
60,"1","N0","T1","Negative/normal; within normal limits",0.9785,0.0215,"LOW"
61,"1","N0","T1","Negative/normal; within normal limits",0.9778,0.0222,"LOW"
62,"1","N0","T1","Negative/normal; within normal limits",0.9772,0.0228,"LOW"
63,"1","N0","T1","Negative/normal; within normal limits",0.9792,0.0208,"LOW"
64,"1","N0","T1","Negative/normal; within normal limits",0.9792,0.0208,"LOW"
65,"1","N0","T1","Negative/normal; within normal limits",0.9767,0.0233,"LOW"
66,"1","N0","T1","Negative/normal; within normal limits",0.9796,0.0204,"LOW"
67,"1","N0","T1","Negative/normal; within normal limits",0.9804,0.0196,"LOW"
68,"1","N0","T1","Negative/normal; within normal limits",0.9782,0.0218,"LOW"
69,"1","N0","T1","Negative/normal; within normal limits",0.9791,0.0209,"LOW"
70,"1","N0","T1","Negative/normal; within normal limits",0.9783,0.0217,"LOW"
71,"1","N0","T1","Negative/normal; within normal limits",0.9789,0.0211,"LOW"
72,"1","N0","T1","Negative/normal; within normal limits",0.9781,0.0219,"LOW"
73,"1","N0","T1","Negative/normal; within normal limits",0.9823,0.0177,"LOW"
74,"1","N0","T1","Negative/normal; within normal limits",0.9833,0.0167,"LOW"
75,"1","N0","T1","Negative/normal; within normal limits",0.9836,0.0164,"LOW"
76,"1","N0","T1","Negative/normal; within normal limits",0.9834,0.0166,"LOW"
77,"1","N0","T1","Negative/normal; within normal limits",0.9833,0.0167,"LOW"
78,"1","N0","T1","Negative/normal; within normal limits",0.98,0.02,"LOW"
79,"1","N0","T1","Negative/normal; within normal limits",0.982,0.018,"LOW"
80,"1","N0","T1","Negative/normal; within normal limits",0.9784,0.0216,"LOW"
81,"1","N0","T1","Negative/normal; within normal limits",0.9812,0.0188,"LOW"
82,"1","N0","T1","Negative/normal; within normal limits",0.9787,0.0213,"LOW"
83,"1","N0","T1","Negative/normal; within normal limits",0.9813,0.0187,"LOW"
84,"1","N0","T1","Negative/normal; within normal limits",0.9805,0.0195,"LOW"
85,"1","N0","T1","Negative/normal; within normal limits",0.9771,0.0229,"LOW"
86,"1","N0","T1","Negative/normal; within normal limits",0.9785,0.0215,"LOW"
87,"1","N0","T1","Negative/normal; within normal limits",0.9761,0.0239,"LOW"
88,"1","N0","T1","Negative/normal; within normal limits",0.9584,0.0416,"LOW"
89,"1","N0","T1","Negative/normal; within normal limits",0.9611,0.0389,"LOW"
90,"1","N0","T1","Negative/normal; within normal limits",0.9585,0.0415,"LOW"
91,"1","N0","T1","Negative/normal; within normal limits",0.9585,0.0415,"LOW"
92,"1","N0","T1","Negative/normal; within normal limits",0.9585,0.0415,"LOW"
93,"1","N0","T1","Negative/normal; within normal limits",0.9585,0.0415,"LOW"
94,"1","N0","T1","Negative/normal; within normal limits",0.9585,0.0415,"LOW"
95,"1","N0","T1","Negative/normal; within normal limits",0.9585,0.0415,"LOW"
96,"1","N0","T1","Negative/normal; within normal limits",0.9585,0.0415,"LOW"
97,"1","N0","T1","Negative/normal; within normal limits",0.9585,0.0415,"LOW"
98,"1","N0","T1","Negative/normal; within normal limits",0.9585,0.0415,"LOW"
99,"1","N0","T1","Negative/normal; within normal limits",0.9585,0.0415,"LOW"
0,"2","N0","T1","Negative/normal; within normal limits",0.9264,0.0736,"LOW"
1,"2","N0","T1","Negative/normal; within normal limits",0.9264,0.0736,"LOW"
2,"2","N0","T1","Negative/normal; within normal limits",0.9263,0.0737,"LOW"
3,"2","N0","T1","Negative/normal; within normal limits",0.9261,0.0739,"LOW"
4,"2","N0","T1","Negative/normal; within normal limits",0.926,0.074,"LOW"
5,"2","N0","T1","Negative/normal; within normal limits",0.9246,0.0754,"LOW"
6,"2","N0","T1","Negative/normal; within normal limits",0.9246,0.0754,"LOW"
7,"2","N0","T1","Negative/normal; within normal limits",0.9246,0.0754,"LOW"
8,"2","N0","T1","Negative/normal; within normal limits",0.9245,0.0755,"LOW"
9,"2","N0","T1","Negative/normal; within normal limits",0.9245,0.0755,"LOW"
10,"2","N0","T1","Negative/normal; within normal limits",0.9235,0.0765,"LOW"
11,"2","N0","T1","Negative/normal; within normal limits",0.9234,0.0766,"LOW"
12,"2","N0","T1","Negative/normal; within normal limits",0.9234,0.0766,"LOW"
13,"2","N0","T1","Negative/normal; within normal limits",0.9234,0.0766,"LOW"
14,"2","N0","T1","Negative/normal; within normal limits",0.9234,0.0766,"LOW"
15,"2","N0","T1","Negative/normal; within normal limits",0.9234,0.0766,"LOW"
16,"2","N0","T1","Negative/normal; within normal limits",0.9233,0.0767,"LOW"
17,"2","N0","T1","Negative/normal; within normal limits",0.9232,0.0768,"LOW"
18,"2","N0","T1","Negative/normal; within normal limits",0.9227,0.0773,"LOW"
19,"2","N0","T1","Negative/normal; within normal limits",0.9226,0.0774,"LOW"
20,"2","N0","T1","Negative/normal; within normal limits",0.9225,0.0775,"LOW"
21,"2","N0","T1","Negative/normal; within normal limits",0.9205,0.0795,"LOW"
22,"2","N0","T1","Negative/normal; within normal limits",0.901,0.099,"LOW"
23,"2","N0","T1","Negative/normal; within normal limits",0.8865,0.1135,"LOW"
24,"2","N0","T1","Negative/normal; within normal limits",0.8838,0.1162,"LOW"
25,"2","N0","T1","Negative/normal; within normal limits",0.7877,0.2123,"LOW"
26,"2","N0","T1","Negative/normal; within normal limits",0.8665,0.1335,"LOW"
27,"2","N0","T1","Negative/normal; within normal limits",0.9311,0.0689,"LOW"
28,"2","N0","T1","Negative/normal; within normal limits",0.9632,0.0368,"LOW"
29,"2","N0","T1","Negative/normal; within normal limits",0.9722,0.0278,"LOW"
30,"2","N0","T1","Negative/normal; within normal limits",0.9762,0.0238,"LOW"
31,"2","N0","T1","Negative/normal; within normal limits",0.9789,0.0211,"LOW"
32,"2","N0","T1","Negative/normal; within normal limits",0.9807,0.0193,"LOW"
33,"2","N0","T1","Negative/normal; within normal limits",0.9818,0.0182,"LOW"
34,"2","N0","T1","Negative/normal; within normal limits",0.9837,0.0163,"LOW"
35,"2","N0","T1","Negative/normal; within normal limits",0.984,0.016,"LOW"
36,"2","N0","T1","Negative/normal; within normal limits",0.9848,0.0152,"LOW"
37,"2","N0","T1","Negative/normal; within normal limits",0.9855,0.0145,"LOW"
38,"2","N0","T1","Negative/normal; within normal limits",0.986,0.014,"LOW"
39,"2","N0","T1","Negative/normal; within normal limits",0.9861,0.0139,"LOW"
40,"2","N0","T1","Negative/normal; within normal limits",0.9864,0.0136,"LOW"
41,"2","N0","T1","Negative/normal; within normal limits",0.9867,0.0133,"LOW"
42,"2","N0","T1","Negative/normal; within normal limits",0.9865,0.0135,"LOW"
43,"2","N0","T1","Negative/normal; within normal limits",0.9852,0.0148,"LOW"
44,"2","N0","T1","Negative/normal; within normal limits",0.9802,0.0198,"LOW"
45,"2","N0","T1","Negative/normal; within normal limits",0.9867,0.0133,"LOW"
46,"2","N0","T1","Negative/normal; within normal limits",0.987,0.013,"LOW"
47,"2","N0","T1","Negative/normal; within normal limits",0.9871,0.0129,"LOW"
48,"2","N0","T1","Negative/normal; within normal limits",0.9872,0.0128,"LOW"
49,"2","N0","T1","Negative/normal; within normal limits",0.987,0.013,"LOW"
50,"2","N0","T1","Negative/normal; within normal limits",0.9864,0.0136,"LOW"
51,"2","N0","T1","Negative/normal; within normal limits",0.9849,0.0151,"LOW"
52,"2","N0","T1","Negative/normal; within normal limits",0.9841,0.0159,"LOW"
53,"2","N0","T1","Negative/normal; within normal limits",0.9858,0.0142,"LOW"
54,"2","N0","T1","Negative/normal; within normal limits",0.9857,0.0143,"LOW"
55,"2","N0","T1","Negative/normal; within normal limits",0.9853,0.0147,"LOW"
56,"2","N0","T1","Negative/normal; within normal limits",0.9848,0.0152,"LOW"
57,"2","N0","T1","Negative/normal; within normal limits",0.9837,0.0163,"LOW"
58,"2","N0","T1","Negative/normal; within normal limits",0.9798,0.0202,"LOW"
59,"2","N0","T1","Negative/normal; within normal limits",0.9778,0.0222,"LOW"
60,"2","N0","T1","Negative/normal; within normal limits",0.9787,0.0213,"LOW"
61,"2","N0","T1","Negative/normal; within normal limits",0.9773,0.0227,"LOW"
62,"2","N0","T1","Negative/normal; within normal limits",0.9794,0.0206,"LOW"
63,"2","N0","T1","Negative/normal; within normal limits",0.981,0.019,"LOW"
64,"2","N0","T1","Negative/normal; within normal limits",0.9804,0.0196,"LOW"
65,"2","N0","T1","Negative/normal; within normal limits",0.9763,0.0237,"LOW"
66,"2","N0","T1","Negative/normal; within normal limits",0.9777,0.0223,"LOW"
67,"2","N0","T1","Negative/normal; within normal limits",0.9717,0.0283,"LOW"
68,"2","N0","T1","Negative/normal; within normal limits",0.9714,0.0286,"LOW"
69,"2","N0","T1","Negative/normal; within normal limits",0.9729,0.0271,"LOW"
70,"2","N0","T1","Negative/normal; within normal limits",0.9782,0.0218,"LOW"
71,"2","N0","T1","Negative/normal; within normal limits",0.9806,0.0194,"LOW"
72,"2","N0","T1","Negative/normal; within normal limits",0.9814,0.0186,"LOW"
73,"2","N0","T1","Negative/normal; within normal limits",0.9819,0.0181,"LOW"
74,"2","N0","T1","Negative/normal; within normal limits",0.9802,0.0198,"LOW"
75,"2","N0","T1","Negative/normal; within normal limits",0.981,0.019,"LOW"
76,"2","N0","T1","Negative/normal; within normal limits",0.9799,0.0201,"LOW"
77,"2","N0","T1","Negative/normal; within normal limits",0.9818,0.0182,"LOW"
78,"2","N0","T1","Negative/normal; within normal limits",0.9821,0.0179,"LOW"
79,"2","N0","T1","Negative/normal; within normal limits",0.9822,0.0178,"LOW"
80,"2","N0","T1","Negative/normal; within normal limits",0.979,0.021,"LOW"
81,"2","N0","T1","Negative/normal; within normal limits",0.9779,0.0221,"LOW"
82,"2","N0","T1","Negative/normal; within normal limits",0.9785,0.0215,"LOW"
83,"2","N0","T1","Negative/normal; within normal limits",0.9819,0.0181,"LOW"
84,"2","N0","T1","Negative/normal; within normal limits",0.9833,0.0167,"LOW"
85,"2","N0","T1","Negative/normal; within normal limits",0.9837,0.0163,"LOW"
86,"2","N0","T1","Negative/normal; within normal limits",0.9841,0.0159,"LOW"
87,"2","N0","T1","Negative/normal; within normal limits",0.9833,0.0167,"LOW"
88,"2","N0","T1","Negative/normal; within normal limits",0.9731,0.0269,"LOW"
89,"2","N0","T1","Negative/normal; within normal limits",0.984,0.016,"LOW"
90,"2","N0","T1","Negative/normal; within normal limits",0.9844,0.0156,"LOW"
91,"2","N0","T1","Negative/normal; within normal limits",0.9844,0.0156,"LOW"
92,"2","N0","T1","Negative/normal; within normal limits",0.9844,0.0156,"LOW"
93,"2","N0","T1","Negative/normal; within normal limits",0.9844,0.0156,"LOW"
94,"2","N0","T1","Negative/normal; within normal limits",0.9844,0.0156,"LOW"
95,"2","N0","T1","Negative/normal; within normal limits",0.9844,0.0156,"LOW"
96,"2","N0","T1","Negative/normal; within normal limits",0.9844,0.0156,"LOW"
97,"2","N0","T1","Negative/normal; within normal limits",0.9844,0.0156,"LOW"
98,"2","N0","T1","Negative/normal; within normal limits",0.9844,0.0156,"LOW"
99,"2","N0","T1","Negative/normal; within normal limits",0.9844,0.0156,"LOW"
0,"1","N1","T1","Negative/normal; within normal limits",0.913,0.087,"LOW"
1,"1","N1","T1","Negative/normal; within normal limits",0.913,0.087,"LOW"
2,"1","N1","T1","Negative/normal; within normal limits",0.913,0.087,"LOW"
3,"1","N1","T1","Negative/normal; within normal limits",0.913,0.087,"LOW"
4,"1","N1","T1","Negative/normal; within normal limits",0.9128,0.0872,"LOW"
5,"1","N1","T1","Negative/normal; within normal limits",0.9128,0.0872,"LOW"
6,"1","N1","T1","Negative/normal; within normal limits",0.9128,0.0872,"LOW"
7,"1","N1","T1","Negative/normal; within normal limits",0.9128,0.0872,"LOW"
8,"1","N1","T1","Negative/normal; within normal limits",0.9128,0.0872,"LOW"
9,"1","N1","T1","Negative/normal; within normal limits",0.9128,0.0872,"LOW"
10,"1","N1","T1","Negative/normal; within normal limits",0.9128,0.0872,"LOW"
11,"1","N1","T1","Negative/normal; within normal limits",0.9128,0.0872,"LOW"
12,"1","N1","T1","Negative/normal; within normal limits",0.9128,0.0872,"LOW"
13,"1","N1","T1","Negative/normal; within normal limits",0.9128,0.0872,"LOW"
14,"1","N1","T1","Negative/normal; within normal limits",0.9128,0.0872,"LOW"
15,"1","N1","T1","Negative/normal; within normal limits",0.9128,0.0872,"LOW"
16,"1","N1","T1","Negative/normal; within normal limits",0.9128,0.0872,"LOW"
17,"1","N1","T1","Negative/normal; within normal limits",0.9128,0.0872,"LOW"
18,"1","N1","T1","Negative/normal; within normal limits",0.9128,0.0872,"LOW"
19,"1","N1","T1","Negative/normal; within normal limits",0.9128,0.0872,"LOW"
20,"1","N1","T1","Negative/normal; within normal limits",0.9128,0.0872,"LOW"
21,"1","N1","T1","Negative/normal; within normal limits",0.9128,0.0872,"LOW"
22,"1","N1","T1","Negative/normal; within normal limits",0.9126,0.0874,"LOW"
23,"1","N1","T1","Negative/normal; within normal limits",0.9121,0.0879,"LOW"
24,"1","N1","T1","Negative/normal; within normal limits",0.914,0.086,"LOW"
25,"1","N1","T1","Negative/normal; within normal limits",0.914,0.086,"LOW"
26,"1","N1","T1","Negative/normal; within normal limits",0.9147,0.0853,"LOW"
27,"1","N1","T1","Negative/normal; within normal limits",0.9118,0.0882,"LOW"
28,"1","N1","T1","Negative/normal; within normal limits",0.9087,0.0913,"LOW"
29,"1","N1","T1","Negative/normal; within normal limits",0.9054,0.0946,"LOW"
30,"1","N1","T1","Negative/normal; within normal limits",0.9009,0.0991,"LOW"
31,"1","N1","T1","Negative/normal; within normal limits",0.8946,0.1054,"LOW"
32,"1","N1","T1","Negative/normal; within normal limits",0.8888,0.1112,"LOW"
33,"1","N1","T1","Negative/normal; within normal limits",0.889,0.111,"LOW"
34,"1","N1","T1","Negative/normal; within normal limits",0.8876,0.1124,"LOW"
35,"1","N1","T1","Negative/normal; within normal limits",0.8793,0.1207,"LOW"
36,"1","N1","T1","Negative/normal; within normal limits",0.8691,0.1309,"LOW"
37,"1","N1","T1","Negative/normal; within normal limits",0.8538,0.1462,"LOW"
38,"1","N1","T1","Negative/normal; within normal limits",0.8188,0.1812,"LOW"
39,"1","N1","T1","Negative/normal; within normal limits",0.8432,0.1568,"LOW"
40,"1","N1","T1","Negative/normal; within normal limits",0.8064,0.1936,"LOW"
41,"1","N1","T1","Negative/normal; within normal limits",0.8412,0.1588,"LOW"
42,"1","N1","T1","Negative/normal; within normal limits",0.8349,0.1651,"LOW"
43,"1","N1","T1","Negative/normal; within normal limits",0.856,0.144,"LOW"
44,"1","N1","T1","Negative/normal; within normal limits",0.8663,0.1337,"LOW"
45,"1","N1","T1","Negative/normal; within normal limits",0.8692,0.1308,"LOW"
46,"1","N1","T1","Negative/normal; within normal limits",0.8713,0.1287,"LOW"
47,"1","N1","T1","Negative/normal; within normal limits",0.8686,0.1314,"LOW"
48,"1","N1","T1","Negative/normal; within normal limits",0.8616,0.1384,"LOW"
49,"1","N1","T1","Negative/normal; within normal limits",0.8245,0.1755,"LOW"
50,"1","N1","T1","Negative/normal; within normal limits",0.8207,0.1793,"LOW"
51,"1","N1","T1","Negative/normal; within normal limits",0.862,0.138,"LOW"
52,"1","N1","T1","Negative/normal; within normal limits",0.8687,0.1313,"LOW"
53,"1","N1","T1","Negative/normal; within normal limits",0.8455,0.1545,"LOW"
54,"1","N1","T1","Negative/normal; within normal limits",0.8552,0.1448,"LOW"
55,"1","N1","T1","Negative/normal; within normal limits",0.8433,0.1567,"LOW"
56,"1","N1","T1","Negative/normal; within normal limits",0.8648,0.1352,"LOW"
57,"1","N1","T1","Negative/normal; within normal limits",0.8711,0.1289,"LOW"
58,"1","N1","T1","Negative/normal; within normal limits",0.874,0.126,"LOW"
59,"1","N1","T1","Negative/normal; within normal limits",0.8638,0.1362,"LOW"
60,"1","N1","T1","Negative/normal; within normal limits",0.8666,0.1334,"LOW"
61,"1","N1","T1","Negative/normal; within normal limits",0.8395,0.1605,"LOW"
62,"1","N1","T1","Negative/normal; within normal limits",0.8614,0.1386,"LOW"
63,"1","N1","T1","Negative/normal; within normal limits",0.872,0.128,"LOW"
64,"1","N1","T1","Negative/normal; within normal limits",0.8638,0.1362,"LOW"
65,"1","N1","T1","Negative/normal; within normal limits",0.8402,0.1598,"LOW"
66,"1","N1","T1","Negative/normal; within normal limits",0.8611,0.1389,"LOW"
67,"1","N1","T1","Negative/normal; within normal limits",0.8669,0.1331,"LOW"
68,"1","N1","T1","Negative/normal; within normal limits",0.8781,0.1219,"LOW"
69,"1","N1","T1","Negative/normal; within normal limits",0.8854,0.1146,"LOW"
70,"1","N1","T1","Negative/normal; within normal limits",0.8894,0.1106,"LOW"
71,"1","N1","T1","Negative/normal; within normal limits",0.8945,0.1055,"LOW"
72,"1","N1","T1","Negative/normal; within normal limits",0.8973,0.1027,"LOW"
73,"1","N1","T1","Negative/normal; within normal limits",0.8971,0.1029,"LOW"
74,"1","N1","T1","Negative/normal; within normal limits",0.8967,0.1033,"LOW"
75,"1","N1","T1","Negative/normal; within normal limits",0.886,0.114,"LOW"
76,"1","N1","T1","Negative/normal; within normal limits",0.8681,0.1319,"LOW"
77,"1","N1","T1","Negative/normal; within normal limits",0.8951,0.1049,"LOW"
78,"1","N1","T1","Negative/normal; within normal limits",0.8997,0.1003,"LOW"
79,"1","N1","T1","Negative/normal; within normal limits",0.9011,0.0989,"LOW"
80,"1","N1","T1","Negative/normal; within normal limits",0.8978,0.1022,"LOW"
81,"1","N1","T1","Negative/normal; within normal limits",0.8842,0.1158,"LOW"
82,"1","N1","T1","Negative/normal; within normal limits",0.8629,0.1371,"LOW"
83,"1","N1","T1","Negative/normal; within normal limits",0.8149,0.1851,"LOW"
84,"1","N1","T1","Negative/normal; within normal limits",0.855,0.145,"LOW"
85,"1","N1","T1","Negative/normal; within normal limits",0.8735,0.1265,"LOW"
86,"1","N1","T1","Negative/normal; within normal limits",0.871,0.129,"LOW"
87,"1","N1","T1","Negative/normal; within normal limits",0.872,0.128,"LOW"
88,"1","N1","T1","Negative/normal; within normal limits",0.8722,0.1278,"LOW"
89,"1","N1","T1","Negative/normal; within normal limits",0.8768,0.1232,"LOW"
90,"1","N1","T1","Negative/normal; within normal limits",0.8748,0.1252,"LOW"
91,"1","N1","T1","Negative/normal; within normal limits",0.8748,0.1252,"LOW"
92,"1","N1","T1","Negative/normal; within normal limits",0.8748,0.1252,"LOW"
93,"1","N1","T1","Negative/normal; within normal limits",0.8748,0.1252,"LOW"
94,"1","N1","T1","Negative/normal; within normal limits",0.8748,0.1252,"LOW"
95,"1","N1","T1","Negative/normal; within normal limits",0.8748,0.1252,"LOW"
96,"1","N1","T1","Negative/normal; within normal limits",0.8748,0.1252,"LOW"
97,"1","N1","T1","Negative/normal; within normal limits",0.8748,0.1252,"LOW"
98,"1","N1","T1","Negative/normal; within normal limits",0.8748,0.1252,"LOW"
99,"1","N1","T1","Negative/normal; within normal limits",0.8748,0.1252,"LOW"
0,"2","N1","T1","Negative/normal; within normal limits",0.871,0.129,"LOW"
1,"2","N1","T1","Negative/normal; within normal limits",0.871,0.129,"LOW"
2,"2","N1","T1","Negative/normal; within normal limits",0.871,0.129,"LOW"
3,"2","N1","T1","Negative/normal; within normal limits",0.871,0.129,"LOW"
4,"2","N1","T1","Negative/normal; within normal limits",0.8708,0.1292,"LOW"
5,"2","N1","T1","Negative/normal; within normal limits",0.8708,0.1292,"LOW"
6,"2","N1","T1","Negative/normal; within normal limits",0.8708,0.1292,"LOW"
7,"2","N1","T1","Negative/normal; within normal limits",0.8708,0.1292,"LOW"
8,"2","N1","T1","Negative/normal; within normal limits",0.8708,0.1292,"LOW"
9,"2","N1","T1","Negative/normal; within normal limits",0.8708,0.1292,"LOW"
10,"2","N1","T1","Negative/normal; within normal limits",0.8708,0.1292,"LOW"
11,"2","N1","T1","Negative/normal; within normal limits",0.8708,0.1292,"LOW"
12,"2","N1","T1","Negative/normal; within normal limits",0.8708,0.1292,"LOW"
13,"2","N1","T1","Negative/normal; within normal limits",0.8708,0.1292,"LOW"
14,"2","N1","T1","Negative/normal; within normal limits",0.8708,0.1292,"LOW"
15,"2","N1","T1","Negative/normal; within normal limits",0.8708,0.1292,"LOW"
16,"2","N1","T1","Negative/normal; within normal limits",0.8708,0.1292,"LOW"
17,"2","N1","T1","Negative/normal; within normal limits",0.8708,0.1292,"LOW"
18,"2","N1","T1","Negative/normal; within normal limits",0.8708,0.1292,"LOW"
19,"2","N1","T1","Negative/normal; within normal limits",0.8708,0.1292,"LOW"
20,"2","N1","T1","Negative/normal; within normal limits",0.8708,0.1292,"LOW"
21,"2","N1","T1","Negative/normal; within normal limits",0.8708,0.1292,"LOW"
22,"2","N1","T1","Negative/normal; within normal limits",0.8708,0.1292,"LOW"
23,"2","N1","T1","Negative/normal; within normal limits",0.8687,0.1313,"LOW"
24,"2","N1","T1","Negative/normal; within normal limits",0.8707,0.1293,"LOW"
25,"2","N1","T1","Negative/normal; within normal limits",0.8687,0.1313,"LOW"
26,"2","N1","T1","Negative/normal; within normal limits",0.8707,0.1293,"LOW"
27,"2","N1","T1","Negative/normal; within normal limits",0.8727,0.1273,"LOW"
28,"2","N1","T1","Negative/normal; within normal limits",0.8682,0.1318,"LOW"
29,"2","N1","T1","Negative/normal; within normal limits",0.8637,0.1363,"LOW"
30,"2","N1","T1","Negative/normal; within normal limits",0.8617,0.1383,"LOW"
31,"2","N1","T1","Negative/normal; within normal limits",0.8453,0.1547,"LOW"
32,"2","N1","T1","Negative/normal; within normal limits",0.8147,0.1853,"LOW"
33,"2","N1","T1","Negative/normal; within normal limits",0.8772,0.1228,"LOW"
34,"2","N1","T1","Negative/normal; within normal limits",0.8772,0.1228,"LOW"
35,"2","N1","T1","Negative/normal; within normal limits",0.8777,0.1223,"LOW"
36,"2","N1","T1","Negative/normal; within normal limits",0.8789,0.1211,"LOW"
37,"2","N1","T1","Negative/normal; within normal limits",0.8746,0.1254,"LOW"
38,"2","N1","T1","Negative/normal; within normal limits",0.8765,0.1235,"LOW"
39,"2","N1","T1","Negative/normal; within normal limits",0.8733,0.1267,"LOW"
40,"2","N1","T1","Negative/normal; within normal limits",0.8283,0.1717,"LOW"
41,"2","N1","T1","Negative/normal; within normal limits",0.8529,0.1471,"LOW"
42,"2","N1","T1","Negative/normal; within normal limits",0.8806,0.1194,"LOW"
43,"2","N1","T1","Negative/normal; within normal limits",0.8889,0.1111,"LOW"
44,"2","N1","T1","Negative/normal; within normal limits",0.8907,0.1093,"LOW"
45,"2","N1","T1","Negative/normal; within normal limits",0.8916,0.1084,"LOW"
46,"2","N1","T1","Negative/normal; within normal limits",0.8901,0.1099,"LOW"
47,"2","N1","T1","Negative/normal; within normal limits",0.8844,0.1156,"LOW"
48,"2","N1","T1","Negative/normal; within normal limits",0.8622,0.1378,"LOW"
49,"2","N1","T1","Negative/normal; within normal limits",0.8681,0.1319,"LOW"
50,"2","N1","T1","Negative/normal; within normal limits",0.8932,0.1068,"LOW"
51,"2","N1","T1","Negative/normal; within normal limits",0.8979,0.1021,"LOW"
52,"2","N1","T1","Negative/normal; within normal limits",0.8996,0.1004,"LOW"
53,"2","N1","T1","Negative/normal; within normal limits",0.8898,0.1102,"LOW"
54,"2","N1","T1","Negative/normal; within normal limits",0.8977,0.1023,"LOW"
55,"2","N1","T1","Negative/normal; within normal limits",0.8986,0.1014,"LOW"
56,"2","N1","T1","Negative/normal; within normal limits",0.887,0.113,"LOW"
57,"2","N1","T1","Negative/normal; within normal limits",0.8982,0.1018,"LOW"
58,"2","N1","T1","Negative/normal; within normal limits",0.8985,0.1015,"LOW"
59,"2","N1","T1","Negative/normal; within normal limits",0.8825,0.1175,"LOW"
60,"2","N1","T1","Negative/normal; within normal limits",0.8923,0.1077,"LOW"
61,"2","N1","T1","Negative/normal; within normal limits",0.8734,0.1266,"LOW"
62,"2","N1","T1","Negative/normal; within normal limits",0.896,0.104,"LOW"
63,"2","N1","T1","Negative/normal; within normal limits",0.8984,0.1016,"LOW"
64,"2","N1","T1","Negative/normal; within normal limits",0.8991,0.1009,"LOW"
65,"2","N1","T1","Negative/normal; within normal limits",0.8985,0.1015,"LOW"
66,"2","N1","T1","Negative/normal; within normal limits",0.8959,0.1041,"LOW"
67,"2","N1","T1","Negative/normal; within normal limits",0.8915,0.1085,"LOW"
68,"2","N1","T1","Negative/normal; within normal limits",0.8717,0.1283,"LOW"
69,"2","N1","T1","Negative/normal; within normal limits",0.8414,0.1586,"LOW"
70,"2","N1","T1","Negative/normal; within normal limits",0.8753,0.1247,"LOW"
71,"2","N1","T1","Negative/normal; within normal limits",0.8853,0.1147,"LOW"
72,"2","N1","T1","Negative/normal; within normal limits",0.8896,0.1104,"LOW"
73,"2","N1","T1","Negative/normal; within normal limits",0.8824,0.1176,"LOW"
74,"2","N1","T1","Negative/normal; within normal limits",0.861,0.139,"LOW"
75,"2","N1","T1","Negative/normal; within normal limits",0.8611,0.1389,"LOW"
76,"2","N1","T1","Negative/normal; within normal limits",0.8811,0.1189,"LOW"
77,"2","N1","T1","Negative/normal; within normal limits",0.8876,0.1124,"LOW"
78,"2","N1","T1","Negative/normal; within normal limits",0.8893,0.1107,"LOW"
79,"2","N1","T1","Negative/normal; within normal limits",0.8903,0.1097,"LOW"
80,"2","N1","T1","Negative/normal; within normal limits",0.8819,0.1181,"LOW"
81,"2","N1","T1","Negative/normal; within normal limits",0.8717,0.1283,"LOW"
82,"2","N1","T1","Negative/normal; within normal limits",0.8635,0.1365,"LOW"
83,"2","N1","T1","Negative/normal; within normal limits",0.8094,0.1906,"LOW"
84,"2","N1","T1","Negative/normal; within normal limits",0.864,0.136,"LOW"
85,"2","N1","T1","Negative/normal; within normal limits",0.8945,0.1055,"LOW"
86,"2","N1","T1","Negative/normal; within normal limits",0.9022,0.0978,"LOW"
87,"2","N1","T1","Negative/normal; within normal limits",0.9042,0.0958,"LOW"
88,"2","N1","T1","Negative/normal; within normal limits",0.9043,0.0957,"LOW"
89,"2","N1","T1","Negative/normal; within normal limits",0.9048,0.0952,"LOW"
90,"2","N1","T1","Negative/normal; within normal limits",0.9047,0.0953,"LOW"
91,"2","N1","T1","Negative/normal; within normal limits",0.9047,0.0953,"LOW"
92,"2","N1","T1","Negative/normal; within normal limits",0.9047,0.0953,"LOW"
93,"2","N1","T1","Negative/normal; within normal limits",0.9047,0.0953,"LOW"
94,"2","N1","T1","Negative/normal; within normal limits",0.9047,0.0953,"LOW"
95,"2","N1","T1","Negative/normal; within normal limits",0.9047,0.0953,"LOW"
96,"2","N1","T1","Negative/normal; within normal limits",0.9047,0.0953,"LOW"
97,"2","N1","T1","Negative/normal; within normal limits",0.9047,0.0953,"LOW"
98,"2","N1","T1","Negative/normal; within normal limits",0.9047,0.0953,"LOW"
99,"2","N1","T1","Negative/normal; within normal limits",0.9047,0.0953,"LOW"
0,"1","N2","T1","Negative/normal; within normal limits",0.8957,0.1043,"LOW"
1,"1","N2","T1","Negative/normal; within normal limits",0.8957,0.1043,"LOW"
2,"1","N2","T1","Negative/normal; within normal limits",0.8957,0.1043,"LOW"
3,"1","N2","T1","Negative/normal; within normal limits",0.8957,0.1043,"LOW"
4,"1","N2","T1","Negative/normal; within normal limits",0.8957,0.1043,"LOW"
5,"1","N2","T1","Negative/normal; within normal limits",0.8957,0.1043,"LOW"
6,"1","N2","T1","Negative/normal; within normal limits",0.8957,0.1043,"LOW"
7,"1","N2","T1","Negative/normal; within normal limits",0.8957,0.1043,"LOW"
8,"1","N2","T1","Negative/normal; within normal limits",0.8957,0.1043,"LOW"
9,"1","N2","T1","Negative/normal; within normal limits",0.8957,0.1043,"LOW"
10,"1","N2","T1","Negative/normal; within normal limits",0.8957,0.1043,"LOW"
11,"1","N2","T1","Negative/normal; within normal limits",0.8957,0.1043,"LOW"
12,"1","N2","T1","Negative/normal; within normal limits",0.8957,0.1043,"LOW"
13,"1","N2","T1","Negative/normal; within normal limits",0.8957,0.1043,"LOW"
14,"1","N2","T1","Negative/normal; within normal limits",0.8957,0.1043,"LOW"
15,"1","N2","T1","Negative/normal; within normal limits",0.8957,0.1043,"LOW"
16,"1","N2","T1","Negative/normal; within normal limits",0.8957,0.1043,"LOW"
17,"1","N2","T1","Negative/normal; within normal limits",0.8957,0.1043,"LOW"
18,"1","N2","T1","Negative/normal; within normal limits",0.8957,0.1043,"LOW"
19,"1","N2","T1","Negative/normal; within normal limits",0.8956,0.1044,"LOW"
20,"1","N2","T1","Negative/normal; within normal limits",0.8956,0.1044,"LOW"
21,"1","N2","T1","Negative/normal; within normal limits",0.8956,0.1044,"LOW"
22,"1","N2","T1","Negative/normal; within normal limits",0.9036,0.0964,"LOW"
23,"1","N2","T1","Negative/normal; within normal limits",0.9088,0.0912,"LOW"
24,"1","N2","T1","Negative/normal; within normal limits",0.9127,0.0873,"LOW"
25,"1","N2","T1","Negative/normal; within normal limits",0.9095,0.0905,"LOW"
26,"1","N2","T1","Negative/normal; within normal limits",0.9058,0.0942,"LOW"
27,"1","N2","T1","Negative/normal; within normal limits",0.906,0.094,"LOW"
28,"1","N2","T1","Negative/normal; within normal limits",0.9076,0.0924,"LOW"
29,"1","N2","T1","Negative/normal; within normal limits",0.9064,0.0936,"LOW"
30,"1","N2","T1","Negative/normal; within normal limits",0.9037,0.0963,"LOW"
31,"1","N2","T1","Negative/normal; within normal limits",0.9049,0.0951,"LOW"
32,"1","N2","T1","Negative/normal; within normal limits",0.8991,0.1009,"LOW"
33,"1","N2","T1","Negative/normal; within normal limits",0.888,0.112,"LOW"
34,"1","N2","T1","Negative/normal; within normal limits",0.8876,0.1124,"LOW"
35,"1","N2","T1","Negative/normal; within normal limits",0.8814,0.1186,"LOW"
36,"1","N2","T1","Negative/normal; within normal limits",0.8791,0.1209,"LOW"
37,"1","N2","T1","Negative/normal; within normal limits",0.8779,0.1221,"LOW"
38,"1","N2","T1","Negative/normal; within normal limits",0.8802,0.1198,"LOW"
39,"1","N2","T1","Negative/normal; within normal limits",0.8893,0.1107,"LOW"
40,"1","N2","T1","Negative/normal; within normal limits",0.8893,0.1107,"LOW"
41,"1","N2","T1","Negative/normal; within normal limits",0.8864,0.1136,"LOW"
42,"1","N2","T1","Negative/normal; within normal limits",0.8808,0.1192,"LOW"
43,"1","N2","T1","Negative/normal; within normal limits",0.8755,0.1245,"LOW"
44,"1","N2","T1","Negative/normal; within normal limits",0.8703,0.1297,"LOW"
45,"1","N2","T1","Negative/normal; within normal limits",0.8669,0.1331,"LOW"
46,"1","N2","T1","Negative/normal; within normal limits",0.8626,0.1374,"LOW"
47,"1","N2","T1","Negative/normal; within normal limits",0.8511,0.1489,"LOW"
48,"1","N2","T1","Negative/normal; within normal limits",0.8308,0.1692,"LOW"
49,"1","N2","T1","Negative/normal; within normal limits",0.7579,0.2421,"LOW"
50,"1","N2","T1","Negative/normal; within normal limits",0.8092,0.1908,"LOW"
51,"1","N2","T1","Negative/normal; within normal limits",0.8033,0.1967,"LOW"
52,"1","N2","T1","Negative/normal; within normal limits",0.8055,0.1945,"LOW"
53,"1","N2","T1","Negative/normal; within normal limits",0.8094,0.1906,"LOW"
54,"1","N2","T1","Negative/normal; within normal limits",0.8108,0.1892,"LOW"
55,"1","N2","T1","Negative/normal; within normal limits",0.8205,0.1795,"LOW"
56,"1","N2","T1","Negative/normal; within normal limits",0.8185,0.1815,"LOW"
57,"1","N2","T1","Negative/normal; within normal limits",0.8276,0.1724,"LOW"
58,"1","N2","T1","Negative/normal; within normal limits",0.8305,0.1695,"LOW"
59,"1","N2","T1","Negative/normal; within normal limits",0.8348,0.1652,"LOW"
60,"1","N2","T1","Negative/normal; within normal limits",0.8322,0.1678,"LOW"
61,"1","N2","T1","Negative/normal; within normal limits",0.8272,0.1728,"LOW"
62,"1","N2","T1","Negative/normal; within normal limits",0.8228,0.1772,"LOW"
63,"1","N2","T1","Negative/normal; within normal limits",0.8192,0.1808,"LOW"
64,"1","N2","T1","Negative/normal; within normal limits",0.8156,0.1844,"LOW"
65,"1","N2","T1","Negative/normal; within normal limits",0.8173,0.1827,"LOW"
66,"1","N2","T1","Negative/normal; within normal limits",0.8101,0.1899,"LOW"
67,"1","N2","T1","Negative/normal; within normal limits",0.8118,0.1882,"LOW"
68,"1","N2","T1","Negative/normal; within normal limits",0.8058,0.1942,"LOW"
69,"1","N2","T1","Negative/normal; within normal limits",0.7904,0.2096,"LOW"
70,"1","N2","T1","Negative/normal; within normal limits",0.7487,0.2513,"LOW"
71,"1","N2","T1","Negative/normal; within normal limits",0.7223,0.2777,"LOW"
72,"1","N2","T1","Negative/normal; within normal limits",0.6846,0.3154,"LOW"
73,"1","N2","T1","Negative/normal; within normal limits",0.6307,0.3693,"LOW"
74,"1","N2","T1","Negative/normal; within normal limits",0.6313,0.3687,"LOW"
75,"1","N2","T1","Negative/normal; within normal limits",0.6353,0.3647,"LOW"
76,"1","N2","T1","Negative/normal; within normal limits",0.6431,0.3569,"LOW"
77,"1","N2","T1","Negative/normal; within normal limits",0.6513,0.3487,"LOW"
78,"1","N2","T1","Negative/normal; within normal limits",0.6648,0.3352,"LOW"
79,"1","N2","T1","Negative/normal; within normal limits",0.669,0.331,"LOW"
80,"1","N2","T1","Negative/normal; within normal limits",0.6787,0.3213,"LOW"
81,"1","N2","T1","Negative/normal; within normal limits",0.6726,0.3274,"LOW"
82,"1","N2","T1","Negative/normal; within normal limits",0.638,0.362,"LOW"
83,"1","N2","T1","Negative/normal; within normal limits",0.617,0.383,"LOW"
84,"1","N2","T1","Negative/normal; within normal limits",0.5818,0.4182,"LOW"
85,"1","N2","T1","Negative/normal; within normal limits",0.6187,0.3813,"LOW"
86,"1","N2","T1","Negative/normal; within normal limits",0.6422,0.3578,"LOW"
87,"1","N2","T1","Negative/normal; within normal limits",0.6701,0.3299,"LOW"
88,"1","N2","T1","Negative/normal; within normal limits",0.7028,0.2972,"LOW"
89,"1","N2","T1","Negative/normal; within normal limits",0.6931,0.3069,"LOW"
90,"1","N2","T1","Negative/normal; within normal limits",0.6783,0.3217,"LOW"
91,"1","N2","T1","Negative/normal; within normal limits",0.6783,0.3217,"LOW"
92,"1","N2","T1","Negative/normal; within normal limits",0.6783,0.3217,"LOW"
93,"1","N2","T1","Negative/normal; within normal limits",0.6783,0.3217,"LOW"
94,"1","N2","T1","Negative/normal; within normal limits",0.6783,0.3217,"LOW"
95,"1","N2","T1","Negative/normal; within normal limits",0.6783,0.3217,"LOW"
96,"1","N2","T1","Negative/normal; within normal limits",0.6783,0.3217,"LOW"
97,"1","N2","T1","Negative/normal; within normal limits",0.6783,0.3217,"LOW"
98,"1","N2","T1","Negative/normal; within normal limits",0.6783,0.3217,"LOW"
99,"1","N2","T1","Negative/normal; within normal limits",0.6783,0.3217,"LOW"
0,"2","N2","T1","Negative/normal; within normal limits",0.9066,0.0934,"LOW"
1,"2","N2","T1","Negative/normal; within normal limits",0.9066,0.0934,"LOW"
2,"2","N2","T1","Negative/normal; within normal limits",0.9066,0.0934,"LOW"
3,"2","N2","T1","Negative/normal; within normal limits",0.9066,0.0934,"LOW"
4,"2","N2","T1","Negative/normal; within normal limits",0.9066,0.0934,"LOW"
5,"2","N2","T1","Negative/normal; within normal limits",0.9066,0.0934,"LOW"
6,"2","N2","T1","Negative/normal; within normal limits",0.9066,0.0934,"LOW"
7,"2","N2","T1","Negative/normal; within normal limits",0.9066,0.0934,"LOW"
8,"2","N2","T1","Negative/normal; within normal limits",0.9066,0.0934,"LOW"
9,"2","N2","T1","Negative/normal; within normal limits",0.9066,0.0934,"LOW"
10,"2","N2","T1","Negative/normal; within normal limits",0.9066,0.0934,"LOW"
11,"2","N2","T1","Negative/normal; within normal limits",0.9066,0.0934,"LOW"
12,"2","N2","T1","Negative/normal; within normal limits",0.9066,0.0934,"LOW"
13,"2","N2","T1","Negative/normal; within normal limits",0.9066,0.0934,"LOW"
14,"2","N2","T1","Negative/normal; within normal limits",0.9066,0.0934,"LOW"
15,"2","N2","T1","Negative/normal; within normal limits",0.9066,0.0934,"LOW"
16,"2","N2","T1","Negative/normal; within normal limits",0.9066,0.0934,"LOW"
17,"2","N2","T1","Negative/normal; within normal limits",0.9066,0.0934,"LOW"
18,"2","N2","T1","Negative/normal; within normal limits",0.9066,0.0934,"LOW"
19,"2","N2","T1","Negative/normal; within normal limits",0.9066,0.0934,"LOW"
20,"2","N2","T1","Negative/normal; within normal limits",0.9066,0.0934,"LOW"
21,"2","N2","T1","Negative/normal; within normal limits",0.902,0.098,"LOW"
22,"2","N2","T1","Negative/normal; within normal limits",0.9014,0.0986,"LOW"
23,"2","N2","T1","Negative/normal; within normal limits",0.9036,0.0964,"LOW"
24,"2","N2","T1","Negative/normal; within normal limits",0.9082,0.0918,"LOW"
25,"2","N2","T1","Negative/normal; within normal limits",0.9056,0.0944,"LOW"
26,"2","N2","T1","Negative/normal; within normal limits",0.9009,0.0991,"LOW"
27,"2","N2","T1","Negative/normal; within normal limits",0.9061,0.0939,"LOW"
28,"2","N2","T1","Negative/normal; within normal limits",0.906,0.094,"LOW"
29,"2","N2","T1","Negative/normal; within normal limits",0.9073,0.0927,"LOW"
30,"2","N2","T1","Negative/normal; within normal limits",0.9101,0.0899,"LOW"
31,"2","N2","T1","Negative/normal; within normal limits",0.912,0.088,"LOW"
32,"2","N2","T1","Negative/normal; within normal limits",0.9149,0.0851,"LOW"
33,"2","N2","T1","Negative/normal; within normal limits",0.8983,0.1017,"LOW"
34,"2","N2","T1","Negative/normal; within normal limits",0.8981,0.1019,"LOW"
35,"2","N2","T1","Negative/normal; within normal limits",0.8952,0.1048,"LOW"
36,"2","N2","T1","Negative/normal; within normal limits",0.8967,0.1033,"LOW"
37,"2","N2","T1","Negative/normal; within normal limits",0.8956,0.1044,"LOW"
38,"2","N2","T1","Negative/normal; within normal limits",0.902,0.098,"LOW"
39,"2","N2","T1","Negative/normal; within normal limits",0.9128,0.0872,"LOW"
40,"2","N2","T1","Negative/normal; within normal limits",0.9143,0.0857,"LOW"
41,"2","N2","T1","Negative/normal; within normal limits",0.917,0.083,"LOW"
42,"2","N2","T1","Negative/normal; within normal limits",0.9169,0.0831,"LOW"
43,"2","N2","T1","Negative/normal; within normal limits",0.9172,0.0828,"LOW"
44,"2","N2","T1","Negative/normal; within normal limits",0.9118,0.0882,"LOW"
45,"2","N2","T1","Negative/normal; within normal limits",0.9069,0.0931,"LOW"
46,"2","N2","T1","Negative/normal; within normal limits",0.905,0.095,"LOW"
47,"2","N2","T1","Negative/normal; within normal limits",0.9007,0.0993,"LOW"
48,"2","N2","T1","Negative/normal; within normal limits",0.8971,0.1029,"LOW"
49,"2","N2","T1","Negative/normal; within normal limits",0.8793,0.1207,"LOW"
50,"2","N2","T1","Negative/normal; within normal limits",0.8844,0.1156,"LOW"
51,"2","N2","T1","Negative/normal; within normal limits",0.8747,0.1253,"LOW"
52,"2","N2","T1","Negative/normal; within normal limits",0.8746,0.1254,"LOW"
53,"2","N2","T1","Negative/normal; within normal limits",0.8786,0.1214,"LOW"
54,"2","N2","T1","Negative/normal; within normal limits",0.8787,0.1213,"LOW"
55,"2","N2","T1","Negative/normal; within normal limits",0.8804,0.1196,"LOW"
56,"2","N2","T1","Negative/normal; within normal limits",0.8813,0.1187,"LOW"
57,"2","N2","T1","Negative/normal; within normal limits",0.8842,0.1158,"LOW"
58,"2","N2","T1","Negative/normal; within normal limits",0.8823,0.1177,"LOW"
59,"2","N2","T1","Negative/normal; within normal limits",0.8817,0.1183,"LOW"
60,"2","N2","T1","Negative/normal; within normal limits",0.8829,0.1171,"LOW"
61,"2","N2","T1","Negative/normal; within normal limits",0.8817,0.1183,"LOW"
62,"2","N2","T1","Negative/normal; within normal limits",0.8824,0.1176,"LOW"
63,"2","N2","T1","Negative/normal; within normal limits",0.8757,0.1243,"LOW"
64,"2","N2","T1","Negative/normal; within normal limits",0.8684,0.1316,"LOW"
65,"2","N2","T1","Negative/normal; within normal limits",0.8639,0.1361,"LOW"
66,"2","N2","T1","Negative/normal; within normal limits",0.8357,0.1643,"LOW"
67,"2","N2","T1","Negative/normal; within normal limits",0.8254,0.1746,"LOW"
68,"2","N2","T1","Negative/normal; within normal limits",0.8148,0.1852,"LOW"
69,"2","N2","T1","Negative/normal; within normal limits",0.8055,0.1945,"LOW"
70,"2","N2","T1","Negative/normal; within normal limits",0.775,0.225,"LOW"
71,"2","N2","T1","Negative/normal; within normal limits",0.7576,0.2424,"LOW"
72,"2","N2","T1","Negative/normal; within normal limits",0.7399,0.2601,"LOW"
73,"2","N2","T1","Negative/normal; within normal limits",0.709,0.291,"LOW"
74,"2","N2","T1","Negative/normal; within normal limits",0.687,0.313,"LOW"
75,"2","N2","T1","Negative/normal; within normal limits",0.6729,0.3271,"LOW"
76,"2","N2","T1","Negative/normal; within normal limits",0.676,0.324,"LOW"
77,"2","N2","T1","Negative/normal; within normal limits",0.6726,0.3274,"LOW"
78,"2","N2","T1","Negative/normal; within normal limits",0.6762,0.3238,"LOW"
79,"2","N2","T1","Negative/normal; within normal limits",0.6806,0.3194,"LOW"
80,"2","N2","T1","Negative/normal; within normal limits",0.6799,0.3201,"LOW"
81,"2","N2","T1","Negative/normal; within normal limits",0.6757,0.3243,"LOW"
82,"2","N2","T1","Negative/normal; within normal limits",0.655,0.345,"LOW"
83,"2","N2","T1","Negative/normal; within normal limits",0.6498,0.3502,"LOW"
84,"2","N2","T1","Negative/normal; within normal limits",0.628,0.372,"LOW"
85,"2","N2","T1","Negative/normal; within normal limits",0.6556,0.3444,"LOW"
86,"2","N2","T1","Negative/normal; within normal limits",0.6679,0.3321,"LOW"
87,"2","N2","T1","Negative/normal; within normal limits",0.6796,0.3204,"LOW"
88,"2","N2","T1","Negative/normal; within normal limits",0.6942,0.3058,"LOW"
89,"2","N2","T1","Negative/normal; within normal limits",0.687,0.313,"LOW"
90,"2","N2","T1","Negative/normal; within normal limits",0.6824,0.3176,"LOW"
91,"2","N2","T1","Negative/normal; within normal limits",0.6824,0.3176,"LOW"
92,"2","N2","T1","Negative/normal; within normal limits",0.6824,0.3176,"LOW"
93,"2","N2","T1","Negative/normal; within normal limits",0.6824,0.3176,"LOW"
94,"2","N2","T1","Negative/normal; within normal limits",0.6824,0.3176,"LOW"
95,"2","N2","T1","Negative/normal; within normal limits",0.6824,0.3176,"LOW"
96,"2","N2","T1","Negative/normal; within normal limits",0.6824,0.3176,"LOW"
97,"2","N2","T1","Negative/normal; within normal limits",0.6824,0.3176,"LOW"
98,"2","N2","T1","Negative/normal; within normal limits",0.6824,0.3176,"LOW"
99,"2","N2","T1","Negative/normal; within normal limits",0.6824,0.3176,"LOW"
0,"1","Other/Unknown","T1","Negative/normal; within normal limits",0.8788,0.1212,"LOW"
1,"1","Other/Unknown","T1","Negative/normal; within normal limits",0.8788,0.1212,"LOW"
2,"1","Other/Unknown","T1","Negative/normal; within normal limits",0.8788,0.1212,"LOW"
3,"1","Other/Unknown","T1","Negative/normal; within normal limits",0.8788,0.1212,"LOW"
4,"1","Other/Unknown","T1","Negative/normal; within normal limits",0.8788,0.1212,"LOW"
5,"1","Other/Unknown","T1","Negative/normal; within normal limits",0.8788,0.1212,"LOW"
6,"1","Other/Unknown","T1","Negative/normal; within normal limits",0.8788,0.1212,"LOW"
7,"1","Other/Unknown","T1","Negative/normal; within normal limits",0.8788,0.1212,"LOW"
8,"1","Other/Unknown","T1","Negative/normal; within normal limits",0.8788,0.1212,"LOW"
9,"1","Other/Unknown","T1","Negative/normal; within normal limits",0.8788,0.1212,"LOW"
10,"1","Other/Unknown","T1","Negative/normal; within normal limits",0.8788,0.1212,"LOW"
11,"1","Other/Unknown","T1","Negative/normal; within normal limits",0.8788,0.1212,"LOW"
12,"1","Other/Unknown","T1","Negative/normal; within normal limits",0.8788,0.1212,"LOW"
13,"1","Other/Unknown","T1","Negative/normal; within normal limits",0.8788,0.1212,"LOW"
14,"1","Other/Unknown","T1","Negative/normal; within normal limits",0.8788,0.1212,"LOW"
15,"1","Other/Unknown","T1","Negative/normal; within normal limits",0.8788,0.1212,"LOW"
16,"1","Other/Unknown","T1","Negative/normal; within normal limits",0.8788,0.1212,"LOW"
17,"1","Other/Unknown","T1","Negative/normal; within normal limits",0.8788,0.1212,"LOW"
18,"1","Other/Unknown","T1","Negative/normal; within normal limits",0.8788,0.1212,"LOW"
19,"1","Other/Unknown","T1","Negative/normal; within normal limits",0.8788,0.1212,"LOW"
20,"1","Other/Unknown","T1","Negative/normal; within normal limits",0.8788,0.1212,"LOW"
21,"1","Other/Unknown","T1","Negative/normal; within normal limits",0.8768,0.1232,"LOW"
22,"1","Other/Unknown","T1","Negative/normal; within normal limits",0.8768,0.1232,"LOW"
23,"1","Other/Unknown","T1","Negative/normal; within normal limits",0.8763,0.1237,"LOW"
24,"1","Other/Unknown","T1","Negative/normal; within normal limits",0.8861,0.1139,"LOW"
25,"1","Other/Unknown","T1","Negative/normal; within normal limits",0.8839,0.1161,"LOW"
26,"1","Other/Unknown","T1","Negative/normal; within normal limits",0.8928,0.1072,"LOW"
27,"1","Other/Unknown","T1","Negative/normal; within normal limits",0.8992,0.1008,"LOW"
28,"1","Other/Unknown","T1","Negative/normal; within normal limits",0.9028,0.0972,"LOW"
29,"1","Other/Unknown","T1","Negative/normal; within normal limits",0.8988,0.1012,"LOW"
30,"1","Other/Unknown","T1","Negative/normal; within normal limits",0.9022,0.0978,"LOW"
31,"1","Other/Unknown","T1","Negative/normal; within normal limits",0.8956,0.1044,"LOW"
32,"1","Other/Unknown","T1","Negative/normal; within normal limits",0.8875,0.1125,"LOW"
33,"1","Other/Unknown","T1","Negative/normal; within normal limits",0.879,0.121,"LOW"
34,"1","Other/Unknown","T1","Negative/normal; within normal limits",0.8704,0.1296,"LOW"
35,"1","Other/Unknown","T1","Negative/normal; within normal limits",0.8712,0.1288,"LOW"
36,"1","Other/Unknown","T1","Negative/normal; within normal limits",0.8729,0.1271,"LOW"
37,"1","Other/Unknown","T1","Negative/normal; within normal limits",0.8698,0.1302,"LOW"
38,"1","Other/Unknown","T1","Negative/normal; within normal limits",0.861,0.139,"LOW"
39,"1","Other/Unknown","T1","Negative/normal; within normal limits",0.8541,0.1459,"LOW"
40,"1","Other/Unknown","T1","Negative/normal; within normal limits",0.869,0.131,"LOW"
41,"1","Other/Unknown","T1","Negative/normal; within normal limits",0.8997,0.1003,"LOW"
42,"1","Other/Unknown","T1","Negative/normal; within normal limits",0.8809,0.1191,"LOW"
43,"1","Other/Unknown","T1","Negative/normal; within normal limits",0.7909,0.2091,"LOW"
44,"1","Other/Unknown","T1","Negative/normal; within normal limits",0.84,0.16,"LOW"
45,"1","Other/Unknown","T1","Negative/normal; within normal limits",0.8941,0.1059,"LOW"
46,"1","Other/Unknown","T1","Negative/normal; within normal limits",0.9039,0.0961,"LOW"
47,"1","Other/Unknown","T1","Negative/normal; within normal limits",0.9212,0.0788,"LOW"
48,"1","Other/Unknown","T1","Negative/normal; within normal limits",0.9223,0.0777,"LOW"
49,"1","Other/Unknown","T1","Negative/normal; within normal limits",0.9345,0.0655,"LOW"
50,"1","Other/Unknown","T1","Negative/normal; within normal limits",0.9433,0.0567,"LOW"
51,"1","Other/Unknown","T1","Negative/normal; within normal limits",0.9484,0.0516,"LOW"
52,"1","Other/Unknown","T1","Negative/normal; within normal limits",0.9497,0.0503,"LOW"
53,"1","Other/Unknown","T1","Negative/normal; within normal limits",0.9483,0.0517,"LOW"
54,"1","Other/Unknown","T1","Negative/normal; within normal limits",0.9481,0.0519,"LOW"
55,"1","Other/Unknown","T1","Negative/normal; within normal limits",0.9483,0.0517,"LOW"
56,"1","Other/Unknown","T1","Negative/normal; within normal limits",0.9502,0.0498,"LOW"
57,"1","Other/Unknown","T1","Negative/normal; within normal limits",0.9501,0.0499,"LOW"
58,"1","Other/Unknown","T1","Negative/normal; within normal limits",0.9503,0.0497,"LOW"
59,"1","Other/Unknown","T1","Negative/normal; within normal limits",0.9492,0.0508,"LOW"
60,"1","Other/Unknown","T1","Negative/normal; within normal limits",0.946,0.054,"LOW"
61,"1","Other/Unknown","T1","Negative/normal; within normal limits",0.9439,0.0561,"LOW"
62,"1","Other/Unknown","T1","Negative/normal; within normal limits",0.9391,0.0609,"LOW"
63,"1","Other/Unknown","T1","Negative/normal; within normal limits",0.931,0.069,"LOW"
64,"1","Other/Unknown","T1","Negative/normal; within normal limits",0.9167,0.0833,"LOW"
65,"1","Other/Unknown","T1","Negative/normal; within normal limits",0.8861,0.1139,"LOW"
66,"1","Other/Unknown","T1","Negative/normal; within normal limits",0.8556,0.1444,"LOW"
67,"1","Other/Unknown","T1","Negative/normal; within normal limits",0.9047,0.0953,"LOW"
68,"1","Other/Unknown","T1","Negative/normal; within normal limits",0.9134,0.0866,"LOW"
69,"1","Other/Unknown","T1","Negative/normal; within normal limits",0.9148,0.0852,"LOW"
70,"1","Other/Unknown","T1","Negative/normal; within normal limits",0.9165,0.0835,"LOW"
71,"1","Other/Unknown","T1","Negative/normal; within normal limits",0.9161,0.0839,"LOW"
72,"1","Other/Unknown","T1","Negative/normal; within normal limits",0.9042,0.0958,"LOW"
73,"1","Other/Unknown","T1","Negative/normal; within normal limits",0.8942,0.1058,"LOW"
74,"1","Other/Unknown","T1","Negative/normal; within normal limits",0.8618,0.1382,"LOW"
75,"1","Other/Unknown","T1","Negative/normal; within normal limits",0.8949,0.1051,"LOW"
76,"1","Other/Unknown","T1","Negative/normal; within normal limits",0.9074,0.0926,"LOW"
77,"1","Other/Unknown","T1","Negative/normal; within normal limits",0.9105,0.0895,"LOW"
78,"1","Other/Unknown","T1","Negative/normal; within normal limits",0.9078,0.0922,"LOW"
79,"1","Other/Unknown","T1","Negative/normal; within normal limits",0.8785,0.1215,"LOW"
80,"1","Other/Unknown","T1","Negative/normal; within normal limits",0.8617,0.1383,"LOW"
81,"1","Other/Unknown","T1","Negative/normal; within normal limits",0.8278,0.1722,"LOW"
82,"1","Other/Unknown","T1","Negative/normal; within normal limits",0.838,0.162,"LOW"
83,"1","Other/Unknown","T1","Negative/normal; within normal limits",0.7433,0.2567,"LOW"
84,"1","Other/Unknown","T1","Negative/normal; within normal limits",0.7743,0.2257,"LOW"
85,"1","Other/Unknown","T1","Negative/normal; within normal limits",0.803,0.197,"LOW"
86,"1","Other/Unknown","T1","Negative/normal; within normal limits",0.8367,0.1633,"LOW"
87,"1","Other/Unknown","T1","Negative/normal; within normal limits",0.853,0.147,"LOW"
88,"1","Other/Unknown","T1","Negative/normal; within normal limits",0.8683,0.1317,"LOW"
89,"1","Other/Unknown","T1","Negative/normal; within normal limits",0.8976,0.1024,"LOW"
90,"1","Other/Unknown","T1","Negative/normal; within normal limits",0.9126,0.0874,"LOW"
91,"1","Other/Unknown","T1","Negative/normal; within normal limits",0.9126,0.0874,"LOW"
92,"1","Other/Unknown","T1","Negative/normal; within normal limits",0.9126,0.0874,"LOW"
93,"1","Other/Unknown","T1","Negative/normal; within normal limits",0.9126,0.0874,"LOW"
94,"1","Other/Unknown","T1","Negative/normal; within normal limits",0.9126,0.0874,"LOW"
95,"1","Other/Unknown","T1","Negative/normal; within normal limits",0.9126,0.0874,"LOW"
96,"1","Other/Unknown","T1","Negative/normal; within normal limits",0.9126,0.0874,"LOW"
97,"1","Other/Unknown","T1","Negative/normal; within normal limits",0.9126,0.0874,"LOW"
98,"1","Other/Unknown","T1","Negative/normal; within normal limits",0.9126,0.0874,"LOW"
99,"1","Other/Unknown","T1","Negative/normal; within normal limits",0.9126,0.0874,"LOW"
0,"2","Other/Unknown","T1","Negative/normal; within normal limits",0.7752,0.2248,"LOW"
1,"2","Other/Unknown","T1","Negative/normal; within normal limits",0.7752,0.2248,"LOW"
2,"2","Other/Unknown","T1","Negative/normal; within normal limits",0.7752,0.2248,"LOW"
3,"2","Other/Unknown","T1","Negative/normal; within normal limits",0.7752,0.2248,"LOW"
4,"2","Other/Unknown","T1","Negative/normal; within normal limits",0.7752,0.2248,"LOW"
5,"2","Other/Unknown","T1","Negative/normal; within normal limits",0.7752,0.2248,"LOW"
6,"2","Other/Unknown","T1","Negative/normal; within normal limits",0.7752,0.2248,"LOW"
7,"2","Other/Unknown","T1","Negative/normal; within normal limits",0.7752,0.2248,"LOW"
8,"2","Other/Unknown","T1","Negative/normal; within normal limits",0.7752,0.2248,"LOW"
9,"2","Other/Unknown","T1","Negative/normal; within normal limits",0.7752,0.2248,"LOW"
10,"2","Other/Unknown","T1","Negative/normal; within normal limits",0.7752,0.2248,"LOW"
11,"2","Other/Unknown","T1","Negative/normal; within normal limits",0.7752,0.2248,"LOW"
12,"2","Other/Unknown","T1","Negative/normal; within normal limits",0.7752,0.2248,"LOW"
13,"2","Other/Unknown","T1","Negative/normal; within normal limits",0.7752,0.2248,"LOW"
14,"2","Other/Unknown","T1","Negative/normal; within normal limits",0.7752,0.2248,"LOW"
15,"2","Other/Unknown","T1","Negative/normal; within normal limits",0.7752,0.2248,"LOW"
16,"2","Other/Unknown","T1","Negative/normal; within normal limits",0.7752,0.2248,"LOW"
17,"2","Other/Unknown","T1","Negative/normal; within normal limits",0.7752,0.2248,"LOW"
18,"2","Other/Unknown","T1","Negative/normal; within normal limits",0.7752,0.2248,"LOW"
19,"2","Other/Unknown","T1","Negative/normal; within normal limits",0.7752,0.2248,"LOW"
20,"2","Other/Unknown","T1","Negative/normal; within normal limits",0.7746,0.2254,"LOW"
21,"2","Other/Unknown","T1","Negative/normal; within normal limits",0.7726,0.2274,"LOW"
22,"2","Other/Unknown","T1","Negative/normal; within normal limits",0.7726,0.2274,"LOW"
23,"2","Other/Unknown","T1","Negative/normal; within normal limits",0.7706,0.2294,"LOW"
24,"2","Other/Unknown","T1","Negative/normal; within normal limits",0.7723,0.2277,"LOW"
25,"2","Other/Unknown","T1","Negative/normal; within normal limits",0.7669,0.2331,"LOW"
26,"2","Other/Unknown","T1","Negative/normal; within normal limits",0.7688,0.2312,"LOW"
27,"2","Other/Unknown","T1","Negative/normal; within normal limits",0.7641,0.2359,"LOW"
28,"2","Other/Unknown","T1","Negative/normal; within normal limits",0.763,0.237,"LOW"
29,"2","Other/Unknown","T1","Negative/normal; within normal limits",0.7641,0.2359,"LOW"
30,"2","Other/Unknown","T1","Negative/normal; within normal limits",0.7772,0.2228,"LOW"
31,"2","Other/Unknown","T1","Negative/normal; within normal limits",0.769,0.231,"LOW"
32,"2","Other/Unknown","T1","Negative/normal; within normal limits",0.7542,0.2458,"LOW"
33,"2","Other/Unknown","T1","Negative/normal; within normal limits",0.7516,0.2484,"LOW"
34,"2","Other/Unknown","T1","Negative/normal; within normal limits",0.7456,0.2544,"LOW"
35,"2","Other/Unknown","T1","Negative/normal; within normal limits",0.7443,0.2557,"LOW"
36,"2","Other/Unknown","T1","Negative/normal; within normal limits",0.7482,0.2518,"LOW"
37,"2","Other/Unknown","T1","Negative/normal; within normal limits",0.7449,0.2551,"LOW"
38,"2","Other/Unknown","T1","Negative/normal; within normal limits",0.7434,0.2566,"LOW"
39,"2","Other/Unknown","T1","Negative/normal; within normal limits",0.7353,0.2647,"LOW"
40,"2","Other/Unknown","T1","Negative/normal; within normal limits",0.7851,0.2149,"LOW"
41,"2","Other/Unknown","T1","Negative/normal; within normal limits",0.8494,0.1506,"LOW"
42,"2","Other/Unknown","T1","Negative/normal; within normal limits",0.8894,0.1106,"LOW"
43,"2","Other/Unknown","T1","Negative/normal; within normal limits",0.8958,0.1042,"LOW"
44,"2","Other/Unknown","T1","Negative/normal; within normal limits",0.9242,0.0758,"LOW"
45,"2","Other/Unknown","T1","Negative/normal; within normal limits",0.9445,0.0555,"LOW"
46,"2","Other/Unknown","T1","Negative/normal; within normal limits",0.9518,0.0482,"LOW"
47,"2","Other/Unknown","T1","Negative/normal; within normal limits",0.9606,0.0394,"LOW"
48,"2","Other/Unknown","T1","Negative/normal; within normal limits",0.9635,0.0365,"LOW"
49,"2","Other/Unknown","T1","Negative/normal; within normal limits",0.9648,0.0352,"LOW"
50,"2","Other/Unknown","T1","Negative/normal; within normal limits",0.9694,0.0306,"LOW"
51,"2","Other/Unknown","T1","Negative/normal; within normal limits",0.9711,0.0289,"LOW"
52,"2","Other/Unknown","T1","Negative/normal; within normal limits",0.9712,0.0288,"LOW"
53,"2","Other/Unknown","T1","Negative/normal; within normal limits",0.9706,0.0294,"LOW"
54,"2","Other/Unknown","T1","Negative/normal; within normal limits",0.9715,0.0285,"LOW"
55,"2","Other/Unknown","T1","Negative/normal; within normal limits",0.9717,0.0283,"LOW"
56,"2","Other/Unknown","T1","Negative/normal; within normal limits",0.9717,0.0283,"LOW"
57,"2","Other/Unknown","T1","Negative/normal; within normal limits",0.9721,0.0279,"LOW"
58,"2","Other/Unknown","T1","Negative/normal; within normal limits",0.9718,0.0282,"LOW"
59,"2","Other/Unknown","T1","Negative/normal; within normal limits",0.9719,0.0281,"LOW"
60,"2","Other/Unknown","T1","Negative/normal; within normal limits",0.9707,0.0293,"LOW"
61,"2","Other/Unknown","T1","Negative/normal; within normal limits",0.9708,0.0292,"LOW"
62,"2","Other/Unknown","T1","Negative/normal; within normal limits",0.9713,0.0287,"LOW"
63,"2","Other/Unknown","T1","Negative/normal; within normal limits",0.9714,0.0286,"LOW"
64,"2","Other/Unknown","T1","Negative/normal; within normal limits",0.9717,0.0283,"LOW"
65,"2","Other/Unknown","T1","Negative/normal; within normal limits",0.9701,0.0299,"LOW"
66,"2","Other/Unknown","T1","Negative/normal; within normal limits",0.9683,0.0317,"LOW"
67,"2","Other/Unknown","T1","Negative/normal; within normal limits",0.967,0.033,"LOW"
68,"2","Other/Unknown","T1","Negative/normal; within normal limits",0.9696,0.0304,"LOW"
69,"2","Other/Unknown","T1","Negative/normal; within normal limits",0.9686,0.0314,"LOW"
70,"2","Other/Unknown","T1","Negative/normal; within normal limits",0.9687,0.0313,"LOW"
71,"2","Other/Unknown","T1","Negative/normal; within normal limits",0.9685,0.0315,"LOW"
72,"2","Other/Unknown","T1","Negative/normal; within normal limits",0.9654,0.0346,"LOW"
73,"2","Other/Unknown","T1","Negative/normal; within normal limits",0.9603,0.0397,"LOW"
74,"2","Other/Unknown","T1","Negative/normal; within normal limits",0.9446,0.0554,"LOW"
75,"2","Other/Unknown","T1","Negative/normal; within normal limits",0.9548,0.0452,"LOW"
76,"2","Other/Unknown","T1","Negative/normal; within normal limits",0.9547,0.0453,"LOW"
77,"2","Other/Unknown","T1","Negative/normal; within normal limits",0.9451,0.0549,"LOW"
78,"2","Other/Unknown","T1","Negative/normal; within normal limits",0.9409,0.0591,"LOW"
79,"2","Other/Unknown","T1","Negative/normal; within normal limits",0.9112,0.0888,"LOW"
80,"2","Other/Unknown","T1","Negative/normal; within normal limits",0.8933,0.1067,"LOW"
81,"2","Other/Unknown","T1","Negative/normal; within normal limits",0.7843,0.2157,"LOW"
82,"2","Other/Unknown","T1","Negative/normal; within normal limits",0.8608,0.1392,"LOW"
83,"2","Other/Unknown","T1","Negative/normal; within normal limits",0.8595,0.1405,"LOW"
84,"2","Other/Unknown","T1","Negative/normal; within normal limits",0.8726,0.1274,"LOW"
85,"2","Other/Unknown","T1","Negative/normal; within normal limits",0.8879,0.1121,"LOW"
86,"2","Other/Unknown","T1","Negative/normal; within normal limits",0.9081,0.0919,"LOW"
87,"2","Other/Unknown","T1","Negative/normal; within normal limits",0.9045,0.0955,"LOW"
88,"2","Other/Unknown","T1","Negative/normal; within normal limits",0.9122,0.0878,"LOW"
89,"2","Other/Unknown","T1","Negative/normal; within normal limits",0.918,0.082,"LOW"
90,"2","Other/Unknown","T1","Negative/normal; within normal limits",0.919,0.081,"LOW"
91,"2","Other/Unknown","T1","Negative/normal; within normal limits",0.919,0.081,"LOW"
92,"2","Other/Unknown","T1","Negative/normal; within normal limits",0.919,0.081,"LOW"
93,"2","Other/Unknown","T1","Negative/normal; within normal limits",0.919,0.081,"LOW"
94,"2","Other/Unknown","T1","Negative/normal; within normal limits",0.919,0.081,"LOW"
95,"2","Other/Unknown","T1","Negative/normal; within normal limits",0.919,0.081,"LOW"
96,"2","Other/Unknown","T1","Negative/normal; within normal limits",0.919,0.081,"LOW"
97,"2","Other/Unknown","T1","Negative/normal; within normal limits",0.919,0.081,"LOW"
98,"2","Other/Unknown","T1","Negative/normal; within normal limits",0.919,0.081,"LOW"
99,"2","Other/Unknown","T1","Negative/normal; within normal limits",0.919,0.081,"LOW"
0,"1","N0","T2","Negative/normal; within normal limits",0.9882,0.0118,"LOW"
1,"1","N0","T2","Negative/normal; within normal limits",0.9882,0.0118,"LOW"
2,"1","N0","T2","Negative/normal; within normal limits",0.9882,0.0118,"LOW"
3,"1","N0","T2","Negative/normal; within normal limits",0.9882,0.0118,"LOW"
4,"1","N0","T2","Negative/normal; within normal limits",0.9882,0.0118,"LOW"
5,"1","N0","T2","Negative/normal; within normal limits",0.9882,0.0118,"LOW"
6,"1","N0","T2","Negative/normal; within normal limits",0.9882,0.0118,"LOW"
7,"1","N0","T2","Negative/normal; within normal limits",0.9882,0.0118,"LOW"
8,"1","N0","T2","Negative/normal; within normal limits",0.9882,0.0118,"LOW"
9,"1","N0","T2","Negative/normal; within normal limits",0.9882,0.0118,"LOW"
10,"1","N0","T2","Negative/normal; within normal limits",0.9882,0.0118,"LOW"
11,"1","N0","T2","Negative/normal; within normal limits",0.9882,0.0118,"LOW"
12,"1","N0","T2","Negative/normal; within normal limits",0.9882,0.0118,"LOW"
13,"1","N0","T2","Negative/normal; within normal limits",0.9882,0.0118,"LOW"
14,"1","N0","T2","Negative/normal; within normal limits",0.9882,0.0118,"LOW"
15,"1","N0","T2","Negative/normal; within normal limits",0.9882,0.0118,"LOW"
16,"1","N0","T2","Negative/normal; within normal limits",0.9882,0.0118,"LOW"
17,"1","N0","T2","Negative/normal; within normal limits",0.9882,0.0118,"LOW"
18,"1","N0","T2","Negative/normal; within normal limits",0.9882,0.0118,"LOW"
19,"1","N0","T2","Negative/normal; within normal limits",0.9879,0.0121,"LOW"
20,"1","N0","T2","Negative/normal; within normal limits",0.9877,0.0123,"LOW"
21,"1","N0","T2","Negative/normal; within normal limits",0.9876,0.0124,"LOW"
22,"1","N0","T2","Negative/normal; within normal limits",0.9875,0.0125,"LOW"
23,"1","N0","T2","Negative/normal; within normal limits",0.9869,0.0131,"LOW"
24,"1","N0","T2","Negative/normal; within normal limits",0.9865,0.0135,"LOW"
25,"1","N0","T2","Negative/normal; within normal limits",0.9861,0.0139,"LOW"
26,"1","N0","T2","Negative/normal; within normal limits",0.9853,0.0147,"LOW"
27,"1","N0","T2","Negative/normal; within normal limits",0.985,0.015,"LOW"
28,"1","N0","T2","Negative/normal; within normal limits",0.9844,0.0156,"LOW"
29,"1","N0","T2","Negative/normal; within normal limits",0.9836,0.0164,"LOW"
30,"1","N0","T2","Negative/normal; within normal limits",0.982,0.018,"LOW"
31,"1","N0","T2","Negative/normal; within normal limits",0.9802,0.0198,"LOW"
32,"1","N0","T2","Negative/normal; within normal limits",0.9789,0.0211,"LOW"
33,"1","N0","T2","Negative/normal; within normal limits",0.9587,0.0413,"LOW"
34,"1","N0","T2","Negative/normal; within normal limits",0.9771,0.0229,"LOW"
35,"1","N0","T2","Negative/normal; within normal limits",0.9789,0.0211,"LOW"
36,"1","N0","T2","Negative/normal; within normal limits",0.9647,0.0353,"LOW"
37,"1","N0","T2","Negative/normal; within normal limits",0.9798,0.0202,"LOW"
38,"1","N0","T2","Negative/normal; within normal limits",0.9825,0.0175,"LOW"
39,"1","N0","T2","Negative/normal; within normal limits",0.984,0.016,"LOW"
40,"1","N0","T2","Negative/normal; within normal limits",0.9848,0.0152,"LOW"
41,"1","N0","T2","Negative/normal; within normal limits",0.9853,0.0147,"LOW"
42,"1","N0","T2","Negative/normal; within normal limits",0.9858,0.0142,"LOW"
43,"1","N0","T2","Negative/normal; within normal limits",0.9859,0.0141,"LOW"
44,"1","N0","T2","Negative/normal; within normal limits",0.9859,0.0141,"LOW"
45,"1","N0","T2","Negative/normal; within normal limits",0.9853,0.0147,"LOW"
46,"1","N0","T2","Negative/normal; within normal limits",0.9843,0.0157,"LOW"
47,"1","N0","T2","Negative/normal; within normal limits",0.9794,0.0206,"LOW"
48,"1","N0","T2","Negative/normal; within normal limits",0.9786,0.0214,"LOW"
49,"1","N0","T2","Negative/normal; within normal limits",0.9821,0.0179,"LOW"
50,"1","N0","T2","Negative/normal; within normal limits",0.9847,0.0153,"LOW"
51,"1","N0","T2","Negative/normal; within normal limits",0.985,0.015,"LOW"
52,"1","N0","T2","Negative/normal; within normal limits",0.985,0.015,"LOW"
53,"1","N0","T2","Negative/normal; within normal limits",0.9834,0.0166,"LOW"
54,"1","N0","T2","Negative/normal; within normal limits",0.9826,0.0174,"LOW"
55,"1","N0","T2","Negative/normal; within normal limits",0.9853,0.0147,"LOW"
56,"1","N0","T2","Negative/normal; within normal limits",0.9854,0.0146,"LOW"
57,"1","N0","T2","Negative/normal; within normal limits",0.9837,0.0163,"LOW"
58,"1","N0","T2","Negative/normal; within normal limits",0.9829,0.0171,"LOW"
59,"1","N0","T2","Negative/normal; within normal limits",0.9844,0.0156,"LOW"
60,"1","N0","T2","Negative/normal; within normal limits",0.9853,0.0147,"LOW"
61,"1","N0","T2","Negative/normal; within normal limits",0.9855,0.0145,"LOW"
62,"1","N0","T2","Negative/normal; within normal limits",0.9842,0.0158,"LOW"
63,"1","N0","T2","Negative/normal; within normal limits",0.9836,0.0164,"LOW"
64,"1","N0","T2","Negative/normal; within normal limits",0.9845,0.0155,"LOW"
65,"1","N0","T2","Negative/normal; within normal limits",0.9847,0.0153,"LOW"
66,"1","N0","T2","Negative/normal; within normal limits",0.9848,0.0152,"LOW"
67,"1","N0","T2","Negative/normal; within normal limits",0.9855,0.0145,"LOW"
68,"1","N0","T2","Negative/normal; within normal limits",0.9847,0.0153,"LOW"
69,"1","N0","T2","Negative/normal; within normal limits",0.9856,0.0144,"LOW"
70,"1","N0","T2","Negative/normal; within normal limits",0.9839,0.0161,"LOW"
71,"1","N0","T2","Negative/normal; within normal limits",0.9853,0.0147,"LOW"
72,"1","N0","T2","Negative/normal; within normal limits",0.9837,0.0163,"LOW"
73,"1","N0","T2","Negative/normal; within normal limits",0.9856,0.0144,"LOW"
74,"1","N0","T2","Negative/normal; within normal limits",0.9842,0.0158,"LOW"
75,"1","N0","T2","Negative/normal; within normal limits",0.9862,0.0138,"LOW"
76,"1","N0","T2","Negative/normal; within normal limits",0.987,0.013,"LOW"
77,"1","N0","T2","Negative/normal; within normal limits",0.9872,0.0128,"LOW"
78,"1","N0","T2","Negative/normal; within normal limits",0.9871,0.0129,"LOW"
79,"1","N0","T2","Negative/normal; within normal limits",0.9871,0.0129,"LOW"
80,"1","N0","T2","Negative/normal; within normal limits",0.9857,0.0143,"LOW"
81,"1","N0","T2","Negative/normal; within normal limits",0.9868,0.0132,"LOW"
82,"1","N0","T2","Negative/normal; within normal limits",0.9846,0.0154,"LOW"
83,"1","N0","T2","Negative/normal; within normal limits",0.9871,0.0129,"LOW"
84,"1","N0","T2","Negative/normal; within normal limits",0.9872,0.0128,"LOW"
85,"1","N0","T2","Negative/normal; within normal limits",0.9862,0.0138,"LOW"
86,"1","N0","T2","Negative/normal; within normal limits",0.9809,0.0191,"LOW"
87,"1","N0","T2","Negative/normal; within normal limits",0.9867,0.0133,"LOW"
88,"1","N0","T2","Negative/normal; within normal limits",0.9869,0.0131,"LOW"
89,"1","N0","T2","Negative/normal; within normal limits",0.9868,0.0132,"LOW"
90,"1","N0","T2","Negative/normal; within normal limits",0.9819,0.0181,"LOW"
91,"1","N0","T2","Negative/normal; within normal limits",0.9819,0.0181,"LOW"
92,"1","N0","T2","Negative/normal; within normal limits",0.9819,0.0181,"LOW"
93,"1","N0","T2","Negative/normal; within normal limits",0.9819,0.0181,"LOW"
94,"1","N0","T2","Negative/normal; within normal limits",0.9819,0.0181,"LOW"
95,"1","N0","T2","Negative/normal; within normal limits",0.9819,0.0181,"LOW"
96,"1","N0","T2","Negative/normal; within normal limits",0.9819,0.0181,"LOW"
97,"1","N0","T2","Negative/normal; within normal limits",0.9819,0.0181,"LOW"
98,"1","N0","T2","Negative/normal; within normal limits",0.9819,0.0181,"LOW"
99,"1","N0","T2","Negative/normal; within normal limits",0.9819,0.0181,"LOW"
0,"2","N0","T2","Negative/normal; within normal limits",0.9894,0.0106,"LOW"
1,"2","N0","T2","Negative/normal; within normal limits",0.9894,0.0106,"LOW"
2,"2","N0","T2","Negative/normal; within normal limits",0.9894,0.0106,"LOW"
3,"2","N0","T2","Negative/normal; within normal limits",0.9894,0.0106,"LOW"
4,"2","N0","T2","Negative/normal; within normal limits",0.9894,0.0106,"LOW"
5,"2","N0","T2","Negative/normal; within normal limits",0.9894,0.0106,"LOW"
6,"2","N0","T2","Negative/normal; within normal limits",0.9894,0.0106,"LOW"
7,"2","N0","T2","Negative/normal; within normal limits",0.9894,0.0106,"LOW"
8,"2","N0","T2","Negative/normal; within normal limits",0.9894,0.0106,"LOW"
9,"2","N0","T2","Negative/normal; within normal limits",0.9894,0.0106,"LOW"
10,"2","N0","T2","Negative/normal; within normal limits",0.9894,0.0106,"LOW"
11,"2","N0","T2","Negative/normal; within normal limits",0.9894,0.0106,"LOW"
12,"2","N0","T2","Negative/normal; within normal limits",0.9894,0.0106,"LOW"
13,"2","N0","T2","Negative/normal; within normal limits",0.9894,0.0106,"LOW"
14,"2","N0","T2","Negative/normal; within normal limits",0.9894,0.0106,"LOW"
15,"2","N0","T2","Negative/normal; within normal limits",0.9894,0.0106,"LOW"
16,"2","N0","T2","Negative/normal; within normal limits",0.9894,0.0106,"LOW"
17,"2","N0","T2","Negative/normal; within normal limits",0.9894,0.0106,"LOW"
18,"2","N0","T2","Negative/normal; within normal limits",0.9894,0.0106,"LOW"
19,"2","N0","T2","Negative/normal; within normal limits",0.9894,0.0106,"LOW"
20,"2","N0","T2","Negative/normal; within normal limits",0.9894,0.0106,"LOW"
21,"2","N0","T2","Negative/normal; within normal limits",0.9893,0.0107,"LOW"
22,"2","N0","T2","Negative/normal; within normal limits",0.9893,0.0107,"LOW"
23,"2","N0","T2","Negative/normal; within normal limits",0.9891,0.0109,"LOW"
24,"2","N0","T2","Negative/normal; within normal limits",0.9888,0.0112,"LOW"
25,"2","N0","T2","Negative/normal; within normal limits",0.9887,0.0113,"LOW"
26,"2","N0","T2","Negative/normal; within normal limits",0.9876,0.0124,"LOW"
27,"2","N0","T2","Negative/normal; within normal limits",0.9883,0.0117,"LOW"
28,"2","N0","T2","Negative/normal; within normal limits",0.9889,0.0111,"LOW"
29,"2","N0","T2","Negative/normal; within normal limits",0.9886,0.0114,"LOW"
30,"2","N0","T2","Negative/normal; within normal limits",0.989,0.011,"LOW"
31,"2","N0","T2","Negative/normal; within normal limits",0.989,0.011,"LOW"
32,"2","N0","T2","Negative/normal; within normal limits",0.9887,0.0113,"LOW"
33,"2","N0","T2","Negative/normal; within normal limits",0.9883,0.0117,"LOW"
34,"2","N0","T2","Negative/normal; within normal limits",0.9881,0.0119,"LOW"
35,"2","N0","T2","Negative/normal; within normal limits",0.988,0.012,"LOW"
36,"2","N0","T2","Negative/normal; within normal limits",0.9875,0.0125,"LOW"
37,"2","N0","T2","Negative/normal; within normal limits",0.9872,0.0128,"LOW"
38,"2","N0","T2","Negative/normal; within normal limits",0.9871,0.0129,"LOW"
39,"2","N0","T2","Negative/normal; within normal limits",0.9867,0.0133,"LOW"
40,"2","N0","T2","Negative/normal; within normal limits",0.986,0.014,"LOW"
41,"2","N0","T2","Negative/normal; within normal limits",0.9854,0.0146,"LOW"
42,"2","N0","T2","Negative/normal; within normal limits",0.983,0.017,"LOW"
43,"2","N0","T2","Negative/normal; within normal limits",0.9788,0.0212,"LOW"
44,"2","N0","T2","Negative/normal; within normal limits",0.9832,0.0168,"LOW"
45,"2","N0","T2","Negative/normal; within normal limits",0.9827,0.0173,"LOW"
46,"2","N0","T2","Negative/normal; within normal limits",0.9797,0.0203,"LOW"
47,"2","N0","T2","Negative/normal; within normal limits",0.9818,0.0182,"LOW"
48,"2","N0","T2","Negative/normal; within normal limits",0.9771,0.0229,"LOW"
49,"2","N0","T2","Negative/normal; within normal limits",0.9831,0.0169,"LOW"
50,"2","N0","T2","Negative/normal; within normal limits",0.9838,0.0162,"LOW"
51,"2","N0","T2","Negative/normal; within normal limits",0.983,0.017,"LOW"
52,"2","N0","T2","Negative/normal; within normal limits",0.9843,0.0157,"LOW"
53,"2","N0","T2","Negative/normal; within normal limits",0.9839,0.0161,"LOW"
54,"2","N0","T2","Negative/normal; within normal limits",0.9812,0.0188,"LOW"
55,"2","N0","T2","Negative/normal; within normal limits",0.9809,0.0191,"LOW"
56,"2","N0","T2","Negative/normal; within normal limits",0.9838,0.0162,"LOW"
57,"2","N0","T2","Negative/normal; within normal limits",0.9836,0.0164,"LOW"
58,"2","N0","T2","Negative/normal; within normal limits",0.9813,0.0187,"LOW"
59,"2","N0","T2","Negative/normal; within normal limits",0.9828,0.0172,"LOW"
60,"2","N0","T2","Negative/normal; within normal limits",0.9843,0.0157,"LOW"
61,"2","N0","T2","Negative/normal; within normal limits",0.9834,0.0166,"LOW"
62,"2","N0","T2","Negative/normal; within normal limits",0.9848,0.0152,"LOW"
63,"2","N0","T2","Negative/normal; within normal limits",0.9846,0.0154,"LOW"
64,"2","N0","T2","Negative/normal; within normal limits",0.9843,0.0157,"LOW"
65,"2","N0","T2","Negative/normal; within normal limits",0.9825,0.0175,"LOW"
66,"2","N0","T2","Negative/normal; within normal limits",0.9842,0.0158,"LOW"
67,"2","N0","T2","Negative/normal; within normal limits",0.9844,0.0156,"LOW"
68,"2","N0","T2","Negative/normal; within normal limits",0.9841,0.0159,"LOW"
69,"2","N0","T2","Negative/normal; within normal limits",0.9836,0.0164,"LOW"
70,"2","N0","T2","Negative/normal; within normal limits",0.9821,0.0179,"LOW"
71,"2","N0","T2","Negative/normal; within normal limits",0.9776,0.0224,"LOW"
72,"2","N0","T2","Negative/normal; within normal limits",0.9812,0.0188,"LOW"
73,"2","N0","T2","Negative/normal; within normal limits",0.9794,0.0206,"LOW"
74,"2","N0","T2","Negative/normal; within normal limits",0.9792,0.0208,"LOW"
75,"2","N0","T2","Negative/normal; within normal limits",0.9795,0.0205,"LOW"
76,"2","N0","T2","Negative/normal; within normal limits",0.9822,0.0178,"LOW"
77,"2","N0","T2","Negative/normal; within normal limits",0.9826,0.0174,"LOW"
78,"2","N0","T2","Negative/normal; within normal limits",0.9797,0.0203,"LOW"
79,"2","N0","T2","Negative/normal; within normal limits",0.982,0.018,"LOW"
80,"2","N0","T2","Negative/normal; within normal limits",0.9814,0.0186,"LOW"
81,"2","N0","T2","Negative/normal; within normal limits",0.9745,0.0255,"LOW"
82,"2","N0","T2","Negative/normal; within normal limits",0.9813,0.0187,"LOW"
83,"2","N0","T2","Negative/normal; within normal limits",0.9815,0.0185,"LOW"
84,"2","N0","T2","Negative/normal; within normal limits",0.9811,0.0189,"LOW"
85,"2","N0","T2","Negative/normal; within normal limits",0.9711,0.0289,"LOW"
86,"2","N0","T2","Negative/normal; within normal limits",0.9788,0.0212,"LOW"
87,"2","N0","T2","Negative/normal; within normal limits",0.9799,0.0201,"LOW"
88,"2","N0","T2","Negative/normal; within normal limits",0.9701,0.0299,"LOW"
89,"2","N0","T2","Negative/normal; within normal limits",0.9829,0.0171,"LOW"
90,"2","N0","T2","Negative/normal; within normal limits",0.9848,0.0152,"LOW"
91,"2","N0","T2","Negative/normal; within normal limits",0.9848,0.0152,"LOW"
92,"2","N0","T2","Negative/normal; within normal limits",0.9848,0.0152,"LOW"
93,"2","N0","T2","Negative/normal; within normal limits",0.9848,0.0152,"LOW"
94,"2","N0","T2","Negative/normal; within normal limits",0.9848,0.0152,"LOW"
95,"2","N0","T2","Negative/normal; within normal limits",0.9848,0.0152,"LOW"
96,"2","N0","T2","Negative/normal; within normal limits",0.9848,0.0152,"LOW"
97,"2","N0","T2","Negative/normal; within normal limits",0.9848,0.0152,"LOW"
98,"2","N0","T2","Negative/normal; within normal limits",0.9848,0.0152,"LOW"
99,"2","N0","T2","Negative/normal; within normal limits",0.9848,0.0152,"LOW"
0,"1","N1","T2","Negative/normal; within normal limits",0.9637,0.0363,"LOW"
1,"1","N1","T2","Negative/normal; within normal limits",0.9637,0.0363,"LOW"
2,"1","N1","T2","Negative/normal; within normal limits",0.9637,0.0363,"LOW"
3,"1","N1","T2","Negative/normal; within normal limits",0.9637,0.0363,"LOW"
4,"1","N1","T2","Negative/normal; within normal limits",0.9637,0.0363,"LOW"
5,"1","N1","T2","Negative/normal; within normal limits",0.9637,0.0363,"LOW"
6,"1","N1","T2","Negative/normal; within normal limits",0.9637,0.0363,"LOW"
7,"1","N1","T2","Negative/normal; within normal limits",0.9637,0.0363,"LOW"
8,"1","N1","T2","Negative/normal; within normal limits",0.9637,0.0363,"LOW"
9,"1","N1","T2","Negative/normal; within normal limits",0.9637,0.0363,"LOW"
10,"1","N1","T2","Negative/normal; within normal limits",0.9637,0.0363,"LOW"
11,"1","N1","T2","Negative/normal; within normal limits",0.9637,0.0363,"LOW"
12,"1","N1","T2","Negative/normal; within normal limits",0.9637,0.0363,"LOW"
13,"1","N1","T2","Negative/normal; within normal limits",0.9637,0.0363,"LOW"
14,"1","N1","T2","Negative/normal; within normal limits",0.9637,0.0363,"LOW"
15,"1","N1","T2","Negative/normal; within normal limits",0.9637,0.0363,"LOW"
16,"1","N1","T2","Negative/normal; within normal limits",0.9637,0.0363,"LOW"
17,"1","N1","T2","Negative/normal; within normal limits",0.9637,0.0363,"LOW"
18,"1","N1","T2","Negative/normal; within normal limits",0.9637,0.0363,"LOW"
19,"1","N1","T2","Negative/normal; within normal limits",0.9636,0.0364,"LOW"
20,"1","N1","T2","Negative/normal; within normal limits",0.9635,0.0365,"LOW"
21,"1","N1","T2","Negative/normal; within normal limits",0.9635,0.0365,"LOW"
22,"1","N1","T2","Negative/normal; within normal limits",0.9634,0.0366,"LOW"
23,"1","N1","T2","Negative/normal; within normal limits",0.9624,0.0376,"LOW"
24,"1","N1","T2","Negative/normal; within normal limits",0.9593,0.0407,"LOW"
25,"1","N1","T2","Negative/normal; within normal limits",0.9589,0.0411,"LOW"
26,"1","N1","T2","Negative/normal; within normal limits",0.956,0.044,"LOW"
27,"1","N1","T2","Negative/normal; within normal limits",0.9552,0.0448,"LOW"
28,"1","N1","T2","Negative/normal; within normal limits",0.9557,0.0443,"LOW"
29,"1","N1","T2","Negative/normal; within normal limits",0.9553,0.0447,"LOW"
30,"1","N1","T2","Negative/normal; within normal limits",0.9525,0.0475,"LOW"
31,"1","N1","T2","Negative/normal; within normal limits",0.9456,0.0544,"LOW"
32,"1","N1","T2","Negative/normal; within normal limits",0.9011,0.0989,"LOW"
33,"1","N1","T2","Negative/normal; within normal limits",0.9193,0.0807,"LOW"
34,"1","N1","T2","Negative/normal; within normal limits",0.9234,0.0766,"LOW"
35,"1","N1","T2","Negative/normal; within normal limits",0.9275,0.0725,"LOW"
36,"1","N1","T2","Negative/normal; within normal limits",0.8886,0.1114,"LOW"
37,"1","N1","T2","Negative/normal; within normal limits",0.944,0.056,"LOW"
38,"1","N1","T2","Negative/normal; within normal limits",0.9545,0.0455,"LOW"
39,"1","N1","T2","Negative/normal; within normal limits",0.9583,0.0417,"LOW"
40,"1","N1","T2","Negative/normal; within normal limits",0.9532,0.0468,"LOW"
41,"1","N1","T2","Negative/normal; within normal limits",0.9644,0.0356,"LOW"
42,"1","N1","T2","Negative/normal; within normal limits",0.9671,0.0329,"LOW"
43,"1","N1","T2","Negative/normal; within normal limits",0.9693,0.0307,"LOW"
44,"1","N1","T2","Negative/normal; within normal limits",0.9688,0.0312,"LOW"
45,"1","N1","T2","Negative/normal; within normal limits",0.9641,0.0359,"LOW"
46,"1","N1","T2","Negative/normal; within normal limits",0.97,0.03,"LOW"
47,"1","N1","T2","Negative/normal; within normal limits",0.967,0.033,"LOW"
48,"1","N1","T2","Negative/normal; within normal limits",0.9736,0.0264,"LOW"
49,"1","N1","T2","Negative/normal; within normal limits",0.9737,0.0263,"LOW"
50,"1","N1","T2","Negative/normal; within normal limits",0.9714,0.0286,"LOW"
51,"1","N1","T2","Negative/normal; within normal limits",0.9685,0.0315,"LOW"
52,"1","N1","T2","Negative/normal; within normal limits",0.9737,0.0263,"LOW"
53,"1","N1","T2","Negative/normal; within normal limits",0.9681,0.0319,"LOW"
54,"1","N1","T2","Negative/normal; within normal limits",0.9758,0.0242,"LOW"
55,"1","N1","T2","Negative/normal; within normal limits",0.9768,0.0232,"LOW"
56,"1","N1","T2","Negative/normal; within normal limits",0.977,0.023,"LOW"
57,"1","N1","T2","Negative/normal; within normal limits",0.9768,0.0232,"LOW"
58,"1","N1","T2","Negative/normal; within normal limits",0.9759,0.0241,"LOW"
59,"1","N1","T2","Negative/normal; within normal limits",0.9733,0.0267,"LOW"
60,"1","N1","T2","Negative/normal; within normal limits",0.9711,0.0289,"LOW"
61,"1","N1","T2","Negative/normal; within normal limits",0.9737,0.0263,"LOW"
62,"1","N1","T2","Negative/normal; within normal limits",0.9715,0.0285,"LOW"
63,"1","N1","T2","Negative/normal; within normal limits",0.9752,0.0248,"LOW"
64,"1","N1","T2","Negative/normal; within normal limits",0.976,0.024,"LOW"
65,"1","N1","T2","Negative/normal; within normal limits",0.975,0.025,"LOW"
66,"1","N1","T2","Negative/normal; within normal limits",0.9736,0.0264,"LOW"
67,"1","N1","T2","Negative/normal; within normal limits",0.9721,0.0279,"LOW"
68,"1","N1","T2","Negative/normal; within normal limits",0.9763,0.0237,"LOW"
69,"1","N1","T2","Negative/normal; within normal limits",0.9772,0.0228,"LOW"
70,"1","N1","T2","Negative/normal; within normal limits",0.9777,0.0223,"LOW"
71,"1","N1","T2","Negative/normal; within normal limits",0.9778,0.0222,"LOW"
72,"1","N1","T2","Negative/normal; within normal limits",0.9778,0.0222,"LOW"
73,"1","N1","T2","Negative/normal; within normal limits",0.9775,0.0225,"LOW"
74,"1","N1","T2","Negative/normal; within normal limits",0.9759,0.0241,"LOW"
75,"1","N1","T2","Negative/normal; within normal limits",0.9703,0.0297,"LOW"
76,"1","N1","T2","Negative/normal; within normal limits",0.9738,0.0262,"LOW"
77,"1","N1","T2","Negative/normal; within normal limits",0.9738,0.0262,"LOW"
78,"1","N1","T2","Negative/normal; within normal limits",0.9727,0.0273,"LOW"
79,"1","N1","T2","Negative/normal; within normal limits",0.9579,0.0421,"LOW"
80,"1","N1","T2","Negative/normal; within normal limits",0.9682,0.0318,"LOW"
81,"1","N1","T2","Negative/normal; within normal limits",0.969,0.031,"LOW"
82,"1","N1","T2","Negative/normal; within normal limits",0.9533,0.0467,"LOW"
83,"1","N1","T2","Negative/normal; within normal limits",0.9729,0.0271,"LOW"
84,"1","N1","T2","Negative/normal; within normal limits",0.9755,0.0245,"LOW"
85,"1","N1","T2","Negative/normal; within normal limits",0.9767,0.0233,"LOW"
86,"1","N1","T2","Negative/normal; within normal limits",0.9771,0.0229,"LOW"
87,"1","N1","T2","Negative/normal; within normal limits",0.9786,0.0214,"LOW"
88,"1","N1","T2","Negative/normal; within normal limits",0.9796,0.0204,"LOW"
89,"1","N1","T2","Negative/normal; within normal limits",0.9798,0.0202,"LOW"
90,"1","N1","T2","Negative/normal; within normal limits",0.9801,0.0199,"LOW"
91,"1","N1","T2","Negative/normal; within normal limits",0.9801,0.0199,"LOW"
92,"1","N1","T2","Negative/normal; within normal limits",0.9801,0.0199,"LOW"
93,"1","N1","T2","Negative/normal; within normal limits",0.9801,0.0199,"LOW"
94,"1","N1","T2","Negative/normal; within normal limits",0.9801,0.0199,"LOW"
95,"1","N1","T2","Negative/normal; within normal limits",0.9801,0.0199,"LOW"
96,"1","N1","T2","Negative/normal; within normal limits",0.9801,0.0199,"LOW"
97,"1","N1","T2","Negative/normal; within normal limits",0.9801,0.0199,"LOW"
98,"1","N1","T2","Negative/normal; within normal limits",0.9801,0.0199,"LOW"
99,"1","N1","T2","Negative/normal; within normal limits",0.9801,0.0199,"LOW"
0,"2","N1","T2","Negative/normal; within normal limits",0.9691,0.0309,"LOW"
1,"2","N1","T2","Negative/normal; within normal limits",0.9691,0.0309,"LOW"
2,"2","N1","T2","Negative/normal; within normal limits",0.9691,0.0309,"LOW"
3,"2","N1","T2","Negative/normal; within normal limits",0.9691,0.0309,"LOW"
4,"2","N1","T2","Negative/normal; within normal limits",0.9691,0.0309,"LOW"
5,"2","N1","T2","Negative/normal; within normal limits",0.9691,0.0309,"LOW"
6,"2","N1","T2","Negative/normal; within normal limits",0.9691,0.0309,"LOW"
7,"2","N1","T2","Negative/normal; within normal limits",0.9691,0.0309,"LOW"
8,"2","N1","T2","Negative/normal; within normal limits",0.9691,0.0309,"LOW"
9,"2","N1","T2","Negative/normal; within normal limits",0.9691,0.0309,"LOW"
10,"2","N1","T2","Negative/normal; within normal limits",0.9691,0.0309,"LOW"
11,"2","N1","T2","Negative/normal; within normal limits",0.9691,0.0309,"LOW"
12,"2","N1","T2","Negative/normal; within normal limits",0.9691,0.0309,"LOW"
13,"2","N1","T2","Negative/normal; within normal limits",0.9691,0.0309,"LOW"
14,"2","N1","T2","Negative/normal; within normal limits",0.9691,0.0309,"LOW"
15,"2","N1","T2","Negative/normal; within normal limits",0.9691,0.0309,"LOW"
16,"2","N1","T2","Negative/normal; within normal limits",0.9691,0.0309,"LOW"
17,"2","N1","T2","Negative/normal; within normal limits",0.9691,0.0309,"LOW"
18,"2","N1","T2","Negative/normal; within normal limits",0.9691,0.0309,"LOW"
19,"2","N1","T2","Negative/normal; within normal limits",0.9691,0.0309,"LOW"
20,"2","N1","T2","Negative/normal; within normal limits",0.9691,0.0309,"LOW"
21,"2","N1","T2","Negative/normal; within normal limits",0.9691,0.0309,"LOW"
22,"2","N1","T2","Negative/normal; within normal limits",0.969,0.031,"LOW"
23,"2","N1","T2","Negative/normal; within normal limits",0.9675,0.0325,"LOW"
24,"2","N1","T2","Negative/normal; within normal limits",0.9661,0.0339,"LOW"
25,"2","N1","T2","Negative/normal; within normal limits",0.9624,0.0376,"LOW"
26,"2","N1","T2","Negative/normal; within normal limits",0.9604,0.0396,"LOW"
27,"2","N1","T2","Negative/normal; within normal limits",0.9572,0.0428,"LOW"
28,"2","N1","T2","Negative/normal; within normal limits",0.9456,0.0544,"LOW"
29,"2","N1","T2","Negative/normal; within normal limits",0.9327,0.0673,"LOW"
30,"2","N1","T2","Negative/normal; within normal limits",0.8834,0.1166,"LOW"
31,"2","N1","T2","Negative/normal; within normal limits",0.9462,0.0538,"LOW"
32,"2","N1","T2","Negative/normal; within normal limits",0.9533,0.0467,"LOW"
33,"2","N1","T2","Negative/normal; within normal limits",0.9647,0.0353,"LOW"
34,"2","N1","T2","Negative/normal; within normal limits",0.9683,0.0317,"LOW"
35,"2","N1","T2","Negative/normal; within normal limits",0.9687,0.0313,"LOW"
36,"2","N1","T2","Negative/normal; within normal limits",0.9672,0.0328,"LOW"
37,"2","N1","T2","Negative/normal; within normal limits",0.9693,0.0307,"LOW"
38,"2","N1","T2","Negative/normal; within normal limits",0.9696,0.0304,"LOW"
39,"2","N1","T2","Negative/normal; within normal limits",0.9694,0.0306,"LOW"
40,"2","N1","T2","Negative/normal; within normal limits",0.9675,0.0325,"LOW"
41,"2","N1","T2","Negative/normal; within normal limits",0.966,0.034,"LOW"
42,"2","N1","T2","Negative/normal; within normal limits",0.9489,0.0511,"LOW"
43,"2","N1","T2","Negative/normal; within normal limits",0.9639,0.0361,"LOW"
44,"2","N1","T2","Negative/normal; within normal limits",0.9684,0.0316,"LOW"
45,"2","N1","T2","Negative/normal; within normal limits",0.9682,0.0318,"LOW"
46,"2","N1","T2","Negative/normal; within normal limits",0.9628,0.0372,"LOW"
47,"2","N1","T2","Negative/normal; within normal limits",0.9638,0.0362,"LOW"
48,"2","N1","T2","Negative/normal; within normal limits",0.9707,0.0293,"LOW"
49,"2","N1","T2","Negative/normal; within normal limits",0.9718,0.0282,"LOW"
50,"2","N1","T2","Negative/normal; within normal limits",0.9695,0.0305,"LOW"
51,"2","N1","T2","Negative/normal; within normal limits",0.9732,0.0268,"LOW"
52,"2","N1","T2","Negative/normal; within normal limits",0.9728,0.0272,"LOW"
53,"2","N1","T2","Negative/normal; within normal limits",0.9696,0.0304,"LOW"
54,"2","N1","T2","Negative/normal; within normal limits",0.9733,0.0267,"LOW"
55,"2","N1","T2","Negative/normal; within normal limits",0.9732,0.0268,"LOW"
56,"2","N1","T2","Negative/normal; within normal limits",0.9728,0.0272,"LOW"
57,"2","N1","T2","Negative/normal; within normal limits",0.9719,0.0281,"LOW"
58,"2","N1","T2","Negative/normal; within normal limits",0.9681,0.0319,"LOW"
59,"2","N1","T2","Negative/normal; within normal limits",0.9704,0.0296,"LOW"
60,"2","N1","T2","Negative/normal; within normal limits",0.9678,0.0322,"LOW"
61,"2","N1","T2","Negative/normal; within normal limits",0.9683,0.0317,"LOW"
62,"2","N1","T2","Negative/normal; within normal limits",0.9708,0.0292,"LOW"
63,"2","N1","T2","Negative/normal; within normal limits",0.972,0.028,"LOW"
64,"2","N1","T2","Negative/normal; within normal limits",0.9712,0.0288,"LOW"
65,"2","N1","T2","Negative/normal; within normal limits",0.9667,0.0333,"LOW"
66,"2","N1","T2","Negative/normal; within normal limits",0.9649,0.0351,"LOW"
67,"2","N1","T2","Negative/normal; within normal limits",0.9633,0.0367,"LOW"
68,"2","N1","T2","Negative/normal; within normal limits",0.9716,0.0284,"LOW"
69,"2","N1","T2","Negative/normal; within normal limits",0.9733,0.0267,"LOW"
70,"2","N1","T2","Negative/normal; within normal limits",0.9736,0.0264,"LOW"
71,"2","N1","T2","Negative/normal; within normal limits",0.9736,0.0264,"LOW"
72,"2","N1","T2","Negative/normal; within normal limits",0.9738,0.0262,"LOW"
73,"2","N1","T2","Negative/normal; within normal limits",0.9738,0.0262,"LOW"
74,"2","N1","T2","Negative/normal; within normal limits",0.9723,0.0277,"LOW"
75,"2","N1","T2","Negative/normal; within normal limits",0.9555,0.0445,"LOW"
76,"2","N1","T2","Negative/normal; within normal limits",0.9693,0.0307,"LOW"
77,"2","N1","T2","Negative/normal; within normal limits",0.9691,0.0309,"LOW"
78,"2","N1","T2","Negative/normal; within normal limits",0.9691,0.0309,"LOW"
79,"2","N1","T2","Negative/normal; within normal limits",0.9581,0.0419,"LOW"
80,"2","N1","T2","Negative/normal; within normal limits",0.9713,0.0287,"LOW"
81,"2","N1","T2","Negative/normal; within normal limits",0.973,0.027,"LOW"
82,"2","N1","T2","Negative/normal; within normal limits",0.9747,0.0253,"LOW"
83,"2","N1","T2","Negative/normal; within normal limits",0.9761,0.0239,"LOW"
84,"2","N1","T2","Negative/normal; within normal limits",0.9769,0.0231,"LOW"
85,"2","N1","T2","Negative/normal; within normal limits",0.9782,0.0218,"LOW"
86,"2","N1","T2","Negative/normal; within normal limits",0.9791,0.0209,"LOW"
87,"2","N1","T2","Negative/normal; within normal limits",0.9799,0.0201,"LOW"
88,"2","N1","T2","Negative/normal; within normal limits",0.9803,0.0197,"LOW"
89,"2","N1","T2","Negative/normal; within normal limits",0.9812,0.0188,"LOW"
90,"2","N1","T2","Negative/normal; within normal limits",0.9817,0.0183,"LOW"
91,"2","N1","T2","Negative/normal; within normal limits",0.9817,0.0183,"LOW"
92,"2","N1","T2","Negative/normal; within normal limits",0.9817,0.0183,"LOW"
93,"2","N1","T2","Negative/normal; within normal limits",0.9817,0.0183,"LOW"
94,"2","N1","T2","Negative/normal; within normal limits",0.9817,0.0183,"LOW"
95,"2","N1","T2","Negative/normal; within normal limits",0.9817,0.0183,"LOW"
96,"2","N1","T2","Negative/normal; within normal limits",0.9817,0.0183,"LOW"
97,"2","N1","T2","Negative/normal; within normal limits",0.9817,0.0183,"LOW"
98,"2","N1","T2","Negative/normal; within normal limits",0.9817,0.0183,"LOW"
99,"2","N1","T2","Negative/normal; within normal limits",0.9817,0.0183,"LOW"
0,"1","N2","T2","Negative/normal; within normal limits",0.9761,0.0239,"LOW"
1,"1","N2","T2","Negative/normal; within normal limits",0.9761,0.0239,"LOW"
2,"1","N2","T2","Negative/normal; within normal limits",0.9761,0.0239,"LOW"
3,"1","N2","T2","Negative/normal; within normal limits",0.9761,0.0239,"LOW"
4,"1","N2","T2","Negative/normal; within normal limits",0.9761,0.0239,"LOW"
5,"1","N2","T2","Negative/normal; within normal limits",0.9761,0.0239,"LOW"
6,"1","N2","T2","Negative/normal; within normal limits",0.9761,0.0239,"LOW"
7,"1","N2","T2","Negative/normal; within normal limits",0.9761,0.0239,"LOW"
8,"1","N2","T2","Negative/normal; within normal limits",0.9761,0.0239,"LOW"
9,"1","N2","T2","Negative/normal; within normal limits",0.9761,0.0239,"LOW"
10,"1","N2","T2","Negative/normal; within normal limits",0.9761,0.0239,"LOW"
11,"1","N2","T2","Negative/normal; within normal limits",0.9761,0.0239,"LOW"
12,"1","N2","T2","Negative/normal; within normal limits",0.9761,0.0239,"LOW"
13,"1","N2","T2","Negative/normal; within normal limits",0.9761,0.0239,"LOW"
14,"1","N2","T2","Negative/normal; within normal limits",0.9761,0.0239,"LOW"
15,"1","N2","T2","Negative/normal; within normal limits",0.9761,0.0239,"LOW"
16,"1","N2","T2","Negative/normal; within normal limits",0.9761,0.0239,"LOW"
17,"1","N2","T2","Negative/normal; within normal limits",0.9761,0.0239,"LOW"
18,"1","N2","T2","Negative/normal; within normal limits",0.9761,0.0239,"LOW"
19,"1","N2","T2","Negative/normal; within normal limits",0.9761,0.0239,"LOW"
20,"1","N2","T2","Negative/normal; within normal limits",0.9761,0.0239,"LOW"
21,"1","N2","T2","Negative/normal; within normal limits",0.9741,0.0259,"LOW"
22,"1","N2","T2","Negative/normal; within normal limits",0.9741,0.0259,"LOW"
23,"1","N2","T2","Negative/normal; within normal limits",0.974,0.026,"LOW"
24,"1","N2","T2","Negative/normal; within normal limits",0.976,0.024,"LOW"
25,"1","N2","T2","Negative/normal; within normal limits",0.976,0.024,"LOW"
26,"1","N2","T2","Negative/normal; within normal limits",0.973,0.027,"LOW"
27,"1","N2","T2","Negative/normal; within normal limits",0.9725,0.0275,"LOW"
28,"1","N2","T2","Negative/normal; within normal limits",0.9743,0.0257,"LOW"
29,"1","N2","T2","Negative/normal; within normal limits",0.9733,0.0267,"LOW"
30,"1","N2","T2","Negative/normal; within normal limits",0.9726,0.0274,"LOW"
31,"1","N2","T2","Negative/normal; within normal limits",0.9723,0.0277,"LOW"
32,"1","N2","T2","Negative/normal; within normal limits",0.9708,0.0292,"LOW"
33,"1","N2","T2","Negative/normal; within normal limits",0.9695,0.0305,"LOW"
34,"1","N2","T2","Negative/normal; within normal limits",0.9675,0.0325,"LOW"
35,"1","N2","T2","Negative/normal; within normal limits",0.9666,0.0334,"LOW"
36,"1","N2","T2","Negative/normal; within normal limits",0.9646,0.0354,"LOW"
37,"1","N2","T2","Negative/normal; within normal limits",0.9565,0.0435,"LOW"
38,"1","N2","T2","Negative/normal; within normal limits",0.951,0.049,"LOW"
39,"1","N2","T2","Negative/normal; within normal limits",0.95,0.05,"LOW"
40,"1","N2","T2","Negative/normal; within normal limits",0.9426,0.0574,"LOW"
41,"1","N2","T2","Negative/normal; within normal limits",0.9148,0.0852,"LOW"
42,"1","N2","T2","Negative/normal; within normal limits",0.9424,0.0576,"LOW"
43,"1","N2","T2","Negative/normal; within normal limits",0.9598,0.0402,"LOW"
44,"1","N2","T2","Negative/normal; within normal limits",0.9625,0.0375,"LOW"
45,"1","N2","T2","Negative/normal; within normal limits",0.9646,0.0354,"LOW"
46,"1","N2","T2","Negative/normal; within normal limits",0.9664,0.0336,"LOW"
47,"1","N2","T2","Negative/normal; within normal limits",0.9661,0.0339,"LOW"
48,"1","N2","T2","Negative/normal; within normal limits",0.9625,0.0375,"LOW"
49,"1","N2","T2","Negative/normal; within normal limits",0.9573,0.0427,"LOW"
50,"1","N2","T2","Negative/normal; within normal limits",0.9655,0.0345,"LOW"
51,"1","N2","T2","Negative/normal; within normal limits",0.9678,0.0322,"LOW"
52,"1","N2","T2","Negative/normal; within normal limits",0.9691,0.0309,"LOW"
53,"1","N2","T2","Negative/normal; within normal limits",0.9719,0.0281,"LOW"
54,"1","N2","T2","Negative/normal; within normal limits",0.9736,0.0264,"LOW"
55,"1","N2","T2","Negative/normal; within normal limits",0.9745,0.0255,"LOW"
56,"1","N2","T2","Negative/normal; within normal limits",0.9752,0.0248,"LOW"
57,"1","N2","T2","Negative/normal; within normal limits",0.9754,0.0246,"LOW"
58,"1","N2","T2","Negative/normal; within normal limits",0.9759,0.0241,"LOW"
59,"1","N2","T2","Negative/normal; within normal limits",0.9762,0.0238,"LOW"
60,"1","N2","T2","Negative/normal; within normal limits",0.9761,0.0239,"LOW"
61,"1","N2","T2","Negative/normal; within normal limits",0.976,0.024,"LOW"
62,"1","N2","T2","Negative/normal; within normal limits",0.9765,0.0235,"LOW"
63,"1","N2","T2","Negative/normal; within normal limits",0.9765,0.0235,"LOW"
64,"1","N2","T2","Negative/normal; within normal limits",0.9759,0.0241,"LOW"
65,"1","N2","T2","Negative/normal; within normal limits",0.9758,0.0242,"LOW"
66,"1","N2","T2","Negative/normal; within normal limits",0.9757,0.0243,"LOW"
67,"1","N2","T2","Negative/normal; within normal limits",0.9754,0.0246,"LOW"
68,"1","N2","T2","Negative/normal; within normal limits",0.9747,0.0253,"LOW"
69,"1","N2","T2","Negative/normal; within normal limits",0.9719,0.0281,"LOW"
70,"1","N2","T2","Negative/normal; within normal limits",0.9635,0.0365,"LOW"
71,"1","N2","T2","Negative/normal; within normal limits",0.9734,0.0266,"LOW"
72,"1","N2","T2","Negative/normal; within normal limits",0.9771,0.0229,"LOW"
73,"1","N2","T2","Negative/normal; within normal limits",0.9785,0.0215,"LOW"
74,"1","N2","T2","Negative/normal; within normal limits",0.9791,0.0209,"LOW"
75,"1","N2","T2","Negative/normal; within normal limits",0.9799,0.0201,"LOW"
76,"1","N2","T2","Negative/normal; within normal limits",0.9812,0.0188,"LOW"
77,"1","N2","T2","Negative/normal; within normal limits",0.982,0.018,"LOW"
78,"1","N2","T2","Negative/normal; within normal limits",0.9827,0.0173,"LOW"
79,"1","N2","T2","Negative/normal; within normal limits",0.983,0.017,"LOW"
80,"1","N2","T2","Negative/normal; within normal limits",0.9838,0.0162,"LOW"
81,"1","N2","T2","Negative/normal; within normal limits",0.9847,0.0153,"LOW"
82,"1","N2","T2","Negative/normal; within normal limits",0.985,0.015,"LOW"
83,"1","N2","T2","Negative/normal; within normal limits",0.9855,0.0145,"LOW"
84,"1","N2","T2","Negative/normal; within normal limits",0.9859,0.0141,"LOW"
85,"1","N2","T2","Negative/normal; within normal limits",0.9849,0.0151,"LOW"
86,"1","N2","T2","Negative/normal; within normal limits",0.9817,0.0183,"LOW"
87,"1","N2","T2","Negative/normal; within normal limits",0.9823,0.0177,"LOW"
88,"1","N2","T2","Negative/normal; within normal limits",0.9824,0.0176,"LOW"
89,"1","N2","T2","Negative/normal; within normal limits",0.9805,0.0195,"LOW"
90,"1","N2","T2","Negative/normal; within normal limits",0.9804,0.0196,"LOW"
91,"1","N2","T2","Negative/normal; within normal limits",0.9804,0.0196,"LOW"
92,"1","N2","T2","Negative/normal; within normal limits",0.9804,0.0196,"LOW"
93,"1","N2","T2","Negative/normal; within normal limits",0.9804,0.0196,"LOW"
94,"1","N2","T2","Negative/normal; within normal limits",0.9804,0.0196,"LOW"
95,"1","N2","T2","Negative/normal; within normal limits",0.9804,0.0196,"LOW"
96,"1","N2","T2","Negative/normal; within normal limits",0.9804,0.0196,"LOW"
97,"1","N2","T2","Negative/normal; within normal limits",0.9804,0.0196,"LOW"
98,"1","N2","T2","Negative/normal; within normal limits",0.9804,0.0196,"LOW"
99,"1","N2","T2","Negative/normal; within normal limits",0.9804,0.0196,"LOW"
0,"2","N2","T2","Negative/normal; within normal limits",0.9665,0.0335,"LOW"
1,"2","N2","T2","Negative/normal; within normal limits",0.9665,0.0335,"LOW"
2,"2","N2","T2","Negative/normal; within normal limits",0.9665,0.0335,"LOW"
3,"2","N2","T2","Negative/normal; within normal limits",0.9665,0.0335,"LOW"
4,"2","N2","T2","Negative/normal; within normal limits",0.9665,0.0335,"LOW"
5,"2","N2","T2","Negative/normal; within normal limits",0.9665,0.0335,"LOW"
6,"2","N2","T2","Negative/normal; within normal limits",0.9665,0.0335,"LOW"
7,"2","N2","T2","Negative/normal; within normal limits",0.9665,0.0335,"LOW"
8,"2","N2","T2","Negative/normal; within normal limits",0.9665,0.0335,"LOW"
9,"2","N2","T2","Negative/normal; within normal limits",0.9665,0.0335,"LOW"
10,"2","N2","T2","Negative/normal; within normal limits",0.9665,0.0335,"LOW"
11,"2","N2","T2","Negative/normal; within normal limits",0.9665,0.0335,"LOW"
12,"2","N2","T2","Negative/normal; within normal limits",0.9665,0.0335,"LOW"
13,"2","N2","T2","Negative/normal; within normal limits",0.9665,0.0335,"LOW"
14,"2","N2","T2","Negative/normal; within normal limits",0.9665,0.0335,"LOW"
15,"2","N2","T2","Negative/normal; within normal limits",0.9665,0.0335,"LOW"
16,"2","N2","T2","Negative/normal; within normal limits",0.9665,0.0335,"LOW"
17,"2","N2","T2","Negative/normal; within normal limits",0.9665,0.0335,"LOW"
18,"2","N2","T2","Negative/normal; within normal limits",0.9665,0.0335,"LOW"
19,"2","N2","T2","Negative/normal; within normal limits",0.9665,0.0335,"LOW"
20,"2","N2","T2","Negative/normal; within normal limits",0.9665,0.0335,"LOW"
21,"2","N2","T2","Negative/normal; within normal limits",0.9645,0.0355,"LOW"
22,"2","N2","T2","Negative/normal; within normal limits",0.9645,0.0355,"LOW"
23,"2","N2","T2","Negative/normal; within normal limits",0.9645,0.0355,"LOW"
24,"2","N2","T2","Negative/normal; within normal limits",0.9665,0.0335,"LOW"
25,"2","N2","T2","Negative/normal; within normal limits",0.9665,0.0335,"LOW"
26,"2","N2","T2","Negative/normal; within normal limits",0.9635,0.0365,"LOW"
27,"2","N2","T2","Negative/normal; within normal limits",0.9633,0.0367,"LOW"
28,"2","N2","T2","Negative/normal; within normal limits",0.9656,0.0344,"LOW"
29,"2","N2","T2","Negative/normal; within normal limits",0.965,0.035,"LOW"
30,"2","N2","T2","Negative/normal; within normal limits",0.9643,0.0357,"LOW"
31,"2","N2","T2","Negative/normal; within normal limits",0.9639,0.0361,"LOW"
32,"2","N2","T2","Negative/normal; within normal limits",0.9642,0.0358,"LOW"
33,"2","N2","T2","Negative/normal; within normal limits",0.9588,0.0412,"LOW"
34,"2","N2","T2","Negative/normal; within normal limits",0.9536,0.0464,"LOW"
35,"2","N2","T2","Negative/normal; within normal limits",0.9479,0.0521,"LOW"
36,"2","N2","T2","Negative/normal; within normal limits",0.9417,0.0583,"LOW"
37,"2","N2","T2","Negative/normal; within normal limits",0.894,0.106,"LOW"
38,"2","N2","T2","Negative/normal; within normal limits",0.865,0.135,"LOW"
39,"2","N2","T2","Negative/normal; within normal limits",0.9481,0.0519,"LOW"
40,"2","N2","T2","Negative/normal; within normal limits",0.9504,0.0496,"LOW"
41,"2","N2","T2","Negative/normal; within normal limits",0.9443,0.0557,"LOW"
42,"2","N2","T2","Negative/normal; within normal limits",0.9583,0.0417,"LOW"
43,"2","N2","T2","Negative/normal; within normal limits",0.9679,0.0321,"LOW"
44,"2","N2","T2","Negative/normal; within normal limits",0.9699,0.0301,"LOW"
45,"2","N2","T2","Negative/normal; within normal limits",0.9715,0.0285,"LOW"
46,"2","N2","T2","Negative/normal; within normal limits",0.9721,0.0279,"LOW"
47,"2","N2","T2","Negative/normal; within normal limits",0.9725,0.0275,"LOW"
48,"2","N2","T2","Negative/normal; within normal limits",0.9726,0.0274,"LOW"
49,"2","N2","T2","Negative/normal; within normal limits",0.9709,0.0291,"LOW"
50,"2","N2","T2","Negative/normal; within normal limits",0.9715,0.0285,"LOW"
51,"2","N2","T2","Negative/normal; within normal limits",0.97,0.03,"LOW"
52,"2","N2","T2","Negative/normal; within normal limits",0.9555,0.0445,"LOW"
53,"2","N2","T2","Negative/normal; within normal limits",0.9689,0.0311,"LOW"
54,"2","N2","T2","Negative/normal; within normal limits",0.9734,0.0266,"LOW"
55,"2","N2","T2","Negative/normal; within normal limits",0.9761,0.0239,"LOW"
56,"2","N2","T2","Negative/normal; within normal limits",0.9769,0.0231,"LOW"
57,"2","N2","T2","Negative/normal; within normal limits",0.9781,0.0219,"LOW"
58,"2","N2","T2","Negative/normal; within normal limits",0.9793,0.0207,"LOW"
59,"2","N2","T2","Negative/normal; within normal limits",0.9803,0.0197,"LOW"
60,"2","N2","T2","Negative/normal; within normal limits",0.981,0.019,"LOW"
61,"2","N2","T2","Negative/normal; within normal limits",0.9816,0.0184,"LOW"
62,"2","N2","T2","Negative/normal; within normal limits",0.982,0.018,"LOW"
63,"2","N2","T2","Negative/normal; within normal limits",0.9826,0.0174,"LOW"
64,"2","N2","T2","Negative/normal; within normal limits",0.9829,0.0171,"LOW"
65,"2","N2","T2","Negative/normal; within normal limits",0.9831,0.0169,"LOW"
66,"2","N2","T2","Negative/normal; within normal limits",0.9833,0.0167,"LOW"
67,"2","N2","T2","Negative/normal; within normal limits",0.9836,0.0164,"LOW"
68,"2","N2","T2","Negative/normal; within normal limits",0.9837,0.0163,"LOW"
69,"2","N2","T2","Negative/normal; within normal limits",0.9838,0.0162,"LOW"
70,"2","N2","T2","Negative/normal; within normal limits",0.9837,0.0163,"LOW"
71,"2","N2","T2","Negative/normal; within normal limits",0.984,0.016,"LOW"
72,"2","N2","T2","Negative/normal; within normal limits",0.9837,0.0163,"LOW"
73,"2","N2","T2","Negative/normal; within normal limits",0.9838,0.0162,"LOW"
74,"2","N2","T2","Negative/normal; within normal limits",0.985,0.015,"LOW"
75,"2","N2","T2","Negative/normal; within normal limits",0.9854,0.0146,"LOW"
76,"2","N2","T2","Negative/normal; within normal limits",0.9861,0.0139,"LOW"
77,"2","N2","T2","Negative/normal; within normal limits",0.9866,0.0134,"LOW"
78,"2","N2","T2","Negative/normal; within normal limits",0.9872,0.0128,"LOW"
79,"2","N2","T2","Negative/normal; within normal limits",0.9876,0.0124,"LOW"
80,"2","N2","T2","Negative/normal; within normal limits",0.9878,0.0122,"LOW"
81,"2","N2","T2","Negative/normal; within normal limits",0.9879,0.0121,"LOW"
82,"2","N2","T2","Negative/normal; within normal limits",0.988,0.012,"LOW"
83,"2","N2","T2","Negative/normal; within normal limits",0.9875,0.0125,"LOW"
84,"2","N2","T2","Negative/normal; within normal limits",0.9882,0.0118,"LOW"
85,"2","N2","T2","Negative/normal; within normal limits",0.9882,0.0118,"LOW"
86,"2","N2","T2","Negative/normal; within normal limits",0.9864,0.0136,"LOW"
87,"2","N2","T2","Negative/normal; within normal limits",0.9853,0.0147,"LOW"
88,"2","N2","T2","Negative/normal; within normal limits",0.9853,0.0147,"LOW"
89,"2","N2","T2","Negative/normal; within normal limits",0.9876,0.0124,"LOW"
90,"2","N2","T2","Negative/normal; within normal limits",0.9878,0.0122,"LOW"
91,"2","N2","T2","Negative/normal; within normal limits",0.9878,0.0122,"LOW"
92,"2","N2","T2","Negative/normal; within normal limits",0.9878,0.0122,"LOW"
93,"2","N2","T2","Negative/normal; within normal limits",0.9878,0.0122,"LOW"
94,"2","N2","T2","Negative/normal; within normal limits",0.9878,0.0122,"LOW"
95,"2","N2","T2","Negative/normal; within normal limits",0.9878,0.0122,"LOW"
96,"2","N2","T2","Negative/normal; within normal limits",0.9878,0.0122,"LOW"
97,"2","N2","T2","Negative/normal; within normal limits",0.9878,0.0122,"LOW"
98,"2","N2","T2","Negative/normal; within normal limits",0.9878,0.0122,"LOW"
99,"2","N2","T2","Negative/normal; within normal limits",0.9878,0.0122,"LOW"
0,"1","Other/Unknown","T2","Negative/normal; within normal limits",0.77,0.23,"LOW"
1,"1","Other/Unknown","T2","Negative/normal; within normal limits",0.77,0.23,"LOW"
2,"1","Other/Unknown","T2","Negative/normal; within normal limits",0.77,0.23,"LOW"
3,"1","Other/Unknown","T2","Negative/normal; within normal limits",0.77,0.23,"LOW"
4,"1","Other/Unknown","T2","Negative/normal; within normal limits",0.77,0.23,"LOW"
5,"1","Other/Unknown","T2","Negative/normal; within normal limits",0.77,0.23,"LOW"
6,"1","Other/Unknown","T2","Negative/normal; within normal limits",0.77,0.23,"LOW"
7,"1","Other/Unknown","T2","Negative/normal; within normal limits",0.77,0.23,"LOW"
8,"1","Other/Unknown","T2","Negative/normal; within normal limits",0.77,0.23,"LOW"
9,"1","Other/Unknown","T2","Negative/normal; within normal limits",0.77,0.23,"LOW"
10,"1","Other/Unknown","T2","Negative/normal; within normal limits",0.77,0.23,"LOW"
11,"1","Other/Unknown","T2","Negative/normal; within normal limits",0.77,0.23,"LOW"
12,"1","Other/Unknown","T2","Negative/normal; within normal limits",0.77,0.23,"LOW"
13,"1","Other/Unknown","T2","Negative/normal; within normal limits",0.77,0.23,"LOW"
14,"1","Other/Unknown","T2","Negative/normal; within normal limits",0.77,0.23,"LOW"
15,"1","Other/Unknown","T2","Negative/normal; within normal limits",0.77,0.23,"LOW"
16,"1","Other/Unknown","T2","Negative/normal; within normal limits",0.77,0.23,"LOW"
17,"1","Other/Unknown","T2","Negative/normal; within normal limits",0.77,0.23,"LOW"
18,"1","Other/Unknown","T2","Negative/normal; within normal limits",0.77,0.23,"LOW"
19,"1","Other/Unknown","T2","Negative/normal; within normal limits",0.7698,0.2302,"LOW"
20,"1","Other/Unknown","T2","Negative/normal; within normal limits",0.7658,0.2342,"LOW"
21,"1","Other/Unknown","T2","Negative/normal; within normal limits",0.7614,0.2386,"LOW"
22,"1","Other/Unknown","T2","Negative/normal; within normal limits",0.7614,0.2386,"LOW"
23,"1","Other/Unknown","T2","Negative/normal; within normal limits",0.7594,0.2406,"LOW"
24,"1","Other/Unknown","T2","Negative/normal; within normal limits",0.7706,0.2294,"LOW"
25,"1","Other/Unknown","T2","Negative/normal; within normal limits",0.7797,0.2203,"LOW"
26,"1","Other/Unknown","T2","Negative/normal; within normal limits",0.7886,0.2114,"LOW"
27,"1","Other/Unknown","T2","Negative/normal; within normal limits",0.8024,0.1976,"LOW"
28,"1","Other/Unknown","T2","Negative/normal; within normal limits",0.8047,0.1953,"LOW"
29,"1","Other/Unknown","T2","Negative/normal; within normal limits",0.7584,0.2416,"LOW"
30,"1","Other/Unknown","T2","Negative/normal; within normal limits",0.7468,0.2532,"LOW"
31,"1","Other/Unknown","T2","Negative/normal; within normal limits",0.7342,0.2658,"LOW"
32,"1","Other/Unknown","T2","Negative/normal; within normal limits",0.7239,0.2761,"LOW"
33,"1","Other/Unknown","T2","Negative/normal; within normal limits",0.7033,0.2967,"LOW"
34,"1","Other/Unknown","T2","Negative/normal; within normal limits",0.6897,0.3103,"LOW"
35,"1","Other/Unknown","T2","Negative/normal; within normal limits",0.7781,0.2219,"LOW"
36,"1","Other/Unknown","T2","Negative/normal; within normal limits",0.8488,0.1512,"LOW"
37,"1","Other/Unknown","T2","Negative/normal; within normal limits",0.8805,0.1195,"LOW"
38,"1","Other/Unknown","T2","Negative/normal; within normal limits",0.882,0.118,"LOW"
39,"1","Other/Unknown","T2","Negative/normal; within normal limits",0.8989,0.1011,"LOW"
40,"1","Other/Unknown","T2","Negative/normal; within normal limits",0.9097,0.0903,"LOW"
41,"1","Other/Unknown","T2","Negative/normal; within normal limits",0.9136,0.0864,"LOW"
42,"1","Other/Unknown","T2","Negative/normal; within normal limits",0.9188,0.0812,"LOW"
43,"1","Other/Unknown","T2","Negative/normal; within normal limits",0.9222,0.0778,"LOW"
44,"1","Other/Unknown","T2","Negative/normal; within normal limits",0.9304,0.0696,"LOW"
45,"1","Other/Unknown","T2","Negative/normal; within normal limits",0.9318,0.0682,"LOW"
46,"1","Other/Unknown","T2","Negative/normal; within normal limits",0.932,0.068,"LOW"
47,"1","Other/Unknown","T2","Negative/normal; within normal limits",0.9303,0.0697,"LOW"
48,"1","Other/Unknown","T2","Negative/normal; within normal limits",0.9287,0.0713,"LOW"
49,"1","Other/Unknown","T2","Negative/normal; within normal limits",0.9296,0.0704,"LOW"
50,"1","Other/Unknown","T2","Negative/normal; within normal limits",0.9272,0.0728,"LOW"
51,"1","Other/Unknown","T2","Negative/normal; within normal limits",0.9208,0.0792,"LOW"
52,"1","Other/Unknown","T2","Negative/normal; within normal limits",0.9085,0.0915,"LOW"
53,"1","Other/Unknown","T2","Negative/normal; within normal limits",0.9012,0.0988,"LOW"
54,"1","Other/Unknown","T2","Negative/normal; within normal limits",0.8653,0.1347,"LOW"
55,"1","Other/Unknown","T2","Negative/normal; within normal limits",0.8956,0.1044,"LOW"
56,"1","Other/Unknown","T2","Negative/normal; within normal limits",0.9085,0.0915,"LOW"
57,"1","Other/Unknown","T2","Negative/normal; within normal limits",0.9143,0.0857,"LOW"
58,"1","Other/Unknown","T2","Negative/normal; within normal limits",0.9157,0.0843,"LOW"
59,"1","Other/Unknown","T2","Negative/normal; within normal limits",0.9109,0.0891,"LOW"
60,"1","Other/Unknown","T2","Negative/normal; within normal limits",0.8622,0.1378,"LOW"
61,"1","Other/Unknown","T2","Negative/normal; within normal limits",0.9095,0.0905,"LOW"
62,"1","Other/Unknown","T2","Negative/normal; within normal limits",0.9252,0.0748,"LOW"
63,"1","Other/Unknown","T2","Negative/normal; within normal limits",0.9281,0.0719,"LOW"
64,"1","Other/Unknown","T2","Negative/normal; within normal limits",0.9356,0.0644,"LOW"
65,"1","Other/Unknown","T2","Negative/normal; within normal limits",0.9404,0.0596,"LOW"
66,"1","Other/Unknown","T2","Negative/normal; within normal limits",0.9431,0.0569,"LOW"
67,"1","Other/Unknown","T2","Negative/normal; within normal limits",0.9427,0.0573,"LOW"
68,"1","Other/Unknown","T2","Negative/normal; within normal limits",0.9409,0.0591,"LOW"
69,"1","Other/Unknown","T2","Negative/normal; within normal limits",0.9405,0.0595,"LOW"
70,"1","Other/Unknown","T2","Negative/normal; within normal limits",0.9396,0.0604,"LOW"
71,"1","Other/Unknown","T2","Negative/normal; within normal limits",0.9335,0.0665,"LOW"
72,"1","Other/Unknown","T2","Negative/normal; within normal limits",0.9272,0.0728,"LOW"
73,"1","Other/Unknown","T2","Negative/normal; within normal limits",0.9054,0.0946,"LOW"
74,"1","Other/Unknown","T2","Negative/normal; within normal limits",0.874,0.126,"LOW"
75,"1","Other/Unknown","T2","Negative/normal; within normal limits",0.9161,0.0839,"LOW"
76,"1","Other/Unknown","T2","Negative/normal; within normal limits",0.9149,0.0851,"LOW"
77,"1","Other/Unknown","T2","Negative/normal; within normal limits",0.9191,0.0809,"LOW"
78,"1","Other/Unknown","T2","Negative/normal; within normal limits",0.9198,0.0802,"LOW"
79,"1","Other/Unknown","T2","Negative/normal; within normal limits",0.8935,0.1065,"LOW"
80,"1","Other/Unknown","T2","Negative/normal; within normal limits",0.8563,0.1437,"LOW"
81,"1","Other/Unknown","T2","Negative/normal; within normal limits",0.8297,0.1703,"LOW"
82,"1","Other/Unknown","T2","Negative/normal; within normal limits",0.8736,0.1264,"LOW"
83,"1","Other/Unknown","T2","Negative/normal; within normal limits",0.8928,0.1072,"LOW"
84,"1","Other/Unknown","T2","Negative/normal; within normal limits",0.912,0.088,"LOW"
85,"1","Other/Unknown","T2","Negative/normal; within normal limits",0.921,0.079,"LOW"
86,"1","Other/Unknown","T2","Negative/normal; within normal limits",0.922,0.078,"LOW"
87,"1","Other/Unknown","T2","Negative/normal; within normal limits",0.929,0.071,"LOW"
88,"1","Other/Unknown","T2","Negative/normal; within normal limits",0.9395,0.0605,"LOW"
89,"1","Other/Unknown","T2","Negative/normal; within normal limits",0.9481,0.0519,"LOW"
90,"1","Other/Unknown","T2","Negative/normal; within normal limits",0.952,0.048,"LOW"
91,"1","Other/Unknown","T2","Negative/normal; within normal limits",0.952,0.048,"LOW"
92,"1","Other/Unknown","T2","Negative/normal; within normal limits",0.952,0.048,"LOW"
93,"1","Other/Unknown","T2","Negative/normal; within normal limits",0.952,0.048,"LOW"
94,"1","Other/Unknown","T2","Negative/normal; within normal limits",0.952,0.048,"LOW"
95,"1","Other/Unknown","T2","Negative/normal; within normal limits",0.952,0.048,"LOW"
96,"1","Other/Unknown","T2","Negative/normal; within normal limits",0.952,0.048,"LOW"
97,"1","Other/Unknown","T2","Negative/normal; within normal limits",0.952,0.048,"LOW"
98,"1","Other/Unknown","T2","Negative/normal; within normal limits",0.952,0.048,"LOW"
99,"1","Other/Unknown","T2","Negative/normal; within normal limits",0.952,0.048,"LOW"
0,"2","Other/Unknown","T2","Negative/normal; within normal limits",0.4976,0.5024,"HIGH"
1,"2","Other/Unknown","T2","Negative/normal; within normal limits",0.4976,0.5024,"HIGH"
2,"2","Other/Unknown","T2","Negative/normal; within normal limits",0.4976,0.5024,"HIGH"
3,"2","Other/Unknown","T2","Negative/normal; within normal limits",0.4976,0.5024,"HIGH"
4,"2","Other/Unknown","T2","Negative/normal; within normal limits",0.4976,0.5024,"HIGH"
5,"2","Other/Unknown","T2","Negative/normal; within normal limits",0.4976,0.5024,"HIGH"
6,"2","Other/Unknown","T2","Negative/normal; within normal limits",0.4976,0.5024,"HIGH"
7,"2","Other/Unknown","T2","Negative/normal; within normal limits",0.4976,0.5024,"HIGH"
8,"2","Other/Unknown","T2","Negative/normal; within normal limits",0.4956,0.5044,"HIGH"
9,"2","Other/Unknown","T2","Negative/normal; within normal limits",0.4956,0.5044,"HIGH"
10,"2","Other/Unknown","T2","Negative/normal; within normal limits",0.4956,0.5044,"HIGH"
11,"2","Other/Unknown","T2","Negative/normal; within normal limits",0.4956,0.5044,"HIGH"
12,"2","Other/Unknown","T2","Negative/normal; within normal limits",0.4956,0.5044,"HIGH"
13,"2","Other/Unknown","T2","Negative/normal; within normal limits",0.4956,0.5044,"HIGH"
14,"2","Other/Unknown","T2","Negative/normal; within normal limits",0.4956,0.5044,"HIGH"
15,"2","Other/Unknown","T2","Negative/normal; within normal limits",0.4956,0.5044,"HIGH"
16,"2","Other/Unknown","T2","Negative/normal; within normal limits",0.4956,0.5044,"HIGH"
17,"2","Other/Unknown","T2","Negative/normal; within normal limits",0.4956,0.5044,"HIGH"
18,"2","Other/Unknown","T2","Negative/normal; within normal limits",0.4956,0.5044,"HIGH"
19,"2","Other/Unknown","T2","Negative/normal; within normal limits",0.4956,0.5044,"HIGH"
20,"2","Other/Unknown","T2","Negative/normal; within normal limits",0.4904,0.5096,"HIGH"
21,"2","Other/Unknown","T2","Negative/normal; within normal limits",0.4867,0.5133,"HIGH"
22,"2","Other/Unknown","T2","Negative/normal; within normal limits",0.4845,0.5155,"HIGH"
23,"2","Other/Unknown","T2","Negative/normal; within normal limits",0.4785,0.5215,"HIGH"
24,"2","Other/Unknown","T2","Negative/normal; within normal limits",0.4801,0.5199,"HIGH"
25,"2","Other/Unknown","T2","Negative/normal; within normal limits",0.4816,0.5184,"HIGH"
26,"2","Other/Unknown","T2","Negative/normal; within normal limits",0.4722,0.5278,"HIGH"
27,"2","Other/Unknown","T2","Negative/normal; within normal limits",0.4606,0.5394,"HIGH"
28,"2","Other/Unknown","T2","Negative/normal; within normal limits",0.4567,0.5433,"HIGH"
29,"2","Other/Unknown","T2","Negative/normal; within normal limits",0.4303,0.5697,"HIGH"
30,"2","Other/Unknown","T2","Negative/normal; within normal limits",0.444,0.556,"HIGH"
31,"2","Other/Unknown","T2","Negative/normal; within normal limits",0.4537,0.5463,"HIGH"
32,"2","Other/Unknown","T2","Negative/normal; within normal limits",0.463,0.537,"HIGH"
33,"2","Other/Unknown","T2","Negative/normal; within normal limits",0.4695,0.5305,"HIGH"
34,"2","Other/Unknown","T2","Negative/normal; within normal limits",0.4802,0.5198,"HIGH"
35,"2","Other/Unknown","T2","Negative/normal; within normal limits",0.5044,0.4956,"LOW"
36,"2","Other/Unknown","T2","Negative/normal; within normal limits",0.519,0.481,"LOW"
37,"2","Other/Unknown","T2","Negative/normal; within normal limits",0.5761,0.4239,"LOW"
38,"2","Other/Unknown","T2","Negative/normal; within normal limits",0.6113,0.3887,"LOW"
39,"2","Other/Unknown","T2","Negative/normal; within normal limits",0.6493,0.3507,"LOW"
40,"2","Other/Unknown","T2","Negative/normal; within normal limits",0.6775,0.3225,"LOW"
41,"2","Other/Unknown","T2","Negative/normal; within normal limits",0.7214,0.2786,"LOW"
42,"2","Other/Unknown","T2","Negative/normal; within normal limits",0.7532,0.2468,"LOW"
43,"2","Other/Unknown","T2","Negative/normal; within normal limits",0.7918,0.2082,"LOW"
44,"2","Other/Unknown","T2","Negative/normal; within normal limits",0.8404,0.1596,"LOW"
45,"2","Other/Unknown","T2","Negative/normal; within normal limits",0.8798,0.1202,"LOW"
46,"2","Other/Unknown","T2","Negative/normal; within normal limits",0.9035,0.0965,"LOW"
47,"2","Other/Unknown","T2","Negative/normal; within normal limits",0.9081,0.0919,"LOW"
48,"2","Other/Unknown","T2","Negative/normal; within normal limits",0.9127,0.0873,"LOW"
49,"2","Other/Unknown","T2","Negative/normal; within normal limits",0.9293,0.0707,"LOW"
50,"2","Other/Unknown","T2","Negative/normal; within normal limits",0.9291,0.0709,"LOW"
51,"2","Other/Unknown","T2","Negative/normal; within normal limits",0.9266,0.0734,"LOW"
52,"2","Other/Unknown","T2","Negative/normal; within normal limits",0.9247,0.0753,"LOW"
53,"2","Other/Unknown","T2","Negative/normal; within normal limits",0.9186,0.0814,"LOW"
54,"2","Other/Unknown","T2","Negative/normal; within normal limits",0.9106,0.0894,"LOW"
55,"2","Other/Unknown","T2","Negative/normal; within normal limits",0.9032,0.0968,"LOW"
56,"2","Other/Unknown","T2","Negative/normal; within normal limits",0.8895,0.1105,"LOW"
57,"2","Other/Unknown","T2","Negative/normal; within normal limits",0.8536,0.1464,"LOW"
58,"2","Other/Unknown","T2","Negative/normal; within normal limits",0.8196,0.1804,"LOW"
59,"2","Other/Unknown","T2","Negative/normal; within normal limits",0.875,0.125,"LOW"
60,"2","Other/Unknown","T2","Negative/normal; within normal limits",0.9219,0.0781,"LOW"
61,"2","Other/Unknown","T2","Negative/normal; within normal limits",0.9295,0.0705,"LOW"
62,"2","Other/Unknown","T2","Negative/normal; within normal limits",0.9351,0.0649,"LOW"
63,"2","Other/Unknown","T2","Negative/normal; within normal limits",0.9443,0.0557,"LOW"
64,"2","Other/Unknown","T2","Negative/normal; within normal limits",0.9465,0.0535,"LOW"
65,"2","Other/Unknown","T2","Negative/normal; within normal limits",0.9499,0.0501,"LOW"
66,"2","Other/Unknown","T2","Negative/normal; within normal limits",0.9525,0.0475,"LOW"
67,"2","Other/Unknown","T2","Negative/normal; within normal limits",0.9554,0.0446,"LOW"
68,"2","Other/Unknown","T2","Negative/normal; within normal limits",0.9587,0.0413,"LOW"
69,"2","Other/Unknown","T2","Negative/normal; within normal limits",0.9604,0.0396,"LOW"
70,"2","Other/Unknown","T2","Negative/normal; within normal limits",0.9604,0.0396,"LOW"
71,"2","Other/Unknown","T2","Negative/normal; within normal limits",0.9613,0.0387,"LOW"
72,"2","Other/Unknown","T2","Negative/normal; within normal limits",0.9645,0.0355,"LOW"
73,"2","Other/Unknown","T2","Negative/normal; within normal limits",0.9659,0.0341,"LOW"
74,"2","Other/Unknown","T2","Negative/normal; within normal limits",0.9637,0.0363,"LOW"
75,"2","Other/Unknown","T2","Negative/normal; within normal limits",0.9677,0.0323,"LOW"
76,"2","Other/Unknown","T2","Negative/normal; within normal limits",0.9687,0.0313,"LOW"
77,"2","Other/Unknown","T2","Negative/normal; within normal limits",0.9673,0.0327,"LOW"
78,"2","Other/Unknown","T2","Negative/normal; within normal limits",0.9693,0.0307,"LOW"
79,"2","Other/Unknown","T2","Negative/normal; within normal limits",0.9595,0.0405,"LOW"
80,"2","Other/Unknown","T2","Negative/normal; within normal limits",0.9457,0.0543,"LOW"
81,"2","Other/Unknown","T2","Negative/normal; within normal limits",0.9416,0.0584,"LOW"
82,"2","Other/Unknown","T2","Negative/normal; within normal limits",0.9573,0.0427,"LOW"
83,"2","Other/Unknown","T2","Negative/normal; within normal limits",0.9634,0.0366,"LOW"
84,"2","Other/Unknown","T2","Negative/normal; within normal limits",0.9689,0.0311,"LOW"
85,"2","Other/Unknown","T2","Negative/normal; within normal limits",0.9691,0.0309,"LOW"
86,"2","Other/Unknown","T2","Negative/normal; within normal limits",0.9708,0.0292,"LOW"
87,"2","Other/Unknown","T2","Negative/normal; within normal limits",0.9681,0.0319,"LOW"
88,"2","Other/Unknown","T2","Negative/normal; within normal limits",0.9716,0.0284,"LOW"
89,"2","Other/Unknown","T2","Negative/normal; within normal limits",0.9702,0.0298,"LOW"
90,"2","Other/Unknown","T2","Negative/normal; within normal limits",0.973,0.027,"LOW"
91,"2","Other/Unknown","T2","Negative/normal; within normal limits",0.973,0.027,"LOW"
92,"2","Other/Unknown","T2","Negative/normal; within normal limits",0.973,0.027,"LOW"
93,"2","Other/Unknown","T2","Negative/normal; within normal limits",0.973,0.027,"LOW"
94,"2","Other/Unknown","T2","Negative/normal; within normal limits",0.973,0.027,"LOW"
95,"2","Other/Unknown","T2","Negative/normal; within normal limits",0.973,0.027,"LOW"
96,"2","Other/Unknown","T2","Negative/normal; within normal limits",0.973,0.027,"LOW"
97,"2","Other/Unknown","T2","Negative/normal; within normal limits",0.973,0.027,"LOW"
98,"2","Other/Unknown","T2","Negative/normal; within normal limits",0.973,0.027,"LOW"
99,"2","Other/Unknown","T2","Negative/normal; within normal limits",0.973,0.027,"LOW"
0,"1","N0","T3","Negative/normal; within normal limits",0.9791,0.0209,"LOW"
1,"1","N0","T3","Negative/normal; within normal limits",0.979,0.021,"LOW"
2,"1","N0","T3","Negative/normal; within normal limits",0.9789,0.0211,"LOW"
3,"1","N0","T3","Negative/normal; within normal limits",0.9788,0.0212,"LOW"
4,"1","N0","T3","Negative/normal; within normal limits",0.9784,0.0216,"LOW"
5,"1","N0","T3","Negative/normal; within normal limits",0.9784,0.0216,"LOW"
6,"1","N0","T3","Negative/normal; within normal limits",0.9782,0.0218,"LOW"
7,"1","N0","T3","Negative/normal; within normal limits",0.9781,0.0219,"LOW"
8,"1","N0","T3","Negative/normal; within normal limits",0.9779,0.0221,"LOW"
9,"1","N0","T3","Negative/normal; within normal limits",0.9777,0.0223,"LOW"
10,"1","N0","T3","Negative/normal; within normal limits",0.9775,0.0225,"LOW"
11,"1","N0","T3","Negative/normal; within normal limits",0.9775,0.0225,"LOW"
12,"1","N0","T3","Negative/normal; within normal limits",0.9771,0.0229,"LOW"
13,"1","N0","T3","Negative/normal; within normal limits",0.9771,0.0229,"LOW"
14,"1","N0","T3","Negative/normal; within normal limits",0.977,0.023,"LOW"
15,"1","N0","T3","Negative/normal; within normal limits",0.977,0.023,"LOW"
16,"1","N0","T3","Negative/normal; within normal limits",0.9768,0.0232,"LOW"
17,"1","N0","T3","Negative/normal; within normal limits",0.9764,0.0236,"LOW"
18,"1","N0","T3","Negative/normal; within normal limits",0.9763,0.0237,"LOW"
19,"1","N0","T3","Negative/normal; within normal limits",0.9758,0.0242,"LOW"
20,"1","N0","T3","Negative/normal; within normal limits",0.9755,0.0245,"LOW"
21,"1","N0","T3","Negative/normal; within normal limits",0.975,0.025,"LOW"
22,"1","N0","T3","Negative/normal; within normal limits",0.9745,0.0255,"LOW"
23,"1","N0","T3","Negative/normal; within normal limits",0.974,0.026,"LOW"
24,"1","N0","T3","Negative/normal; within normal limits",0.9733,0.0267,"LOW"
25,"1","N0","T3","Negative/normal; within normal limits",0.9727,0.0273,"LOW"
26,"1","N0","T3","Negative/normal; within normal limits",0.9719,0.0281,"LOW"
27,"1","N0","T3","Negative/normal; within normal limits",0.9714,0.0286,"LOW"
28,"1","N0","T3","Negative/normal; within normal limits",0.9704,0.0296,"LOW"
29,"1","N0","T3","Negative/normal; within normal limits",0.969,0.031,"LOW"
30,"1","N0","T3","Negative/normal; within normal limits",0.9691,0.0309,"LOW"
31,"1","N0","T3","Negative/normal; within normal limits",0.968,0.032,"LOW"
32,"1","N0","T3","Negative/normal; within normal limits",0.9642,0.0358,"LOW"
33,"1","N0","T3","Negative/normal; within normal limits",0.9527,0.0473,"LOW"
34,"1","N0","T3","Negative/normal; within normal limits",0.9616,0.0384,"LOW"
35,"1","N0","T3","Negative/normal; within normal limits",0.9667,0.0333,"LOW"
36,"1","N0","T3","Negative/normal; within normal limits",0.9668,0.0332,"LOW"
37,"1","N0","T3","Negative/normal; within normal limits",0.9639,0.0361,"LOW"
38,"1","N0","T3","Negative/normal; within normal limits",0.9672,0.0328,"LOW"
39,"1","N0","T3","Negative/normal; within normal limits",0.9678,0.0322,"LOW"
40,"1","N0","T3","Negative/normal; within normal limits",0.9674,0.0326,"LOW"
41,"1","N0","T3","Negative/normal; within normal limits",0.9658,0.0342,"LOW"
42,"1","N0","T3","Negative/normal; within normal limits",0.9666,0.0334,"LOW"
43,"1","N0","T3","Negative/normal; within normal limits",0.965,0.035,"LOW"
44,"1","N0","T3","Negative/normal; within normal limits",0.9641,0.0359,"LOW"
45,"1","N0","T3","Negative/normal; within normal limits",0.9663,0.0337,"LOW"
46,"1","N0","T3","Negative/normal; within normal limits",0.9654,0.0346,"LOW"
47,"1","N0","T3","Negative/normal; within normal limits",0.965,0.035,"LOW"
48,"1","N0","T3","Negative/normal; within normal limits",0.9638,0.0362,"LOW"
49,"1","N0","T3","Negative/normal; within normal limits",0.9629,0.0371,"LOW"
50,"1","N0","T3","Negative/normal; within normal limits",0.962,0.038,"LOW"
51,"1","N0","T3","Negative/normal; within normal limits",0.9619,0.0381,"LOW"
52,"1","N0","T3","Negative/normal; within normal limits",0.9613,0.0387,"LOW"
53,"1","N0","T3","Negative/normal; within normal limits",0.9608,0.0392,"LOW"
54,"1","N0","T3","Negative/normal; within normal limits",0.9623,0.0377,"LOW"
55,"1","N0","T3","Negative/normal; within normal limits",0.9622,0.0378,"LOW"
56,"1","N0","T3","Negative/normal; within normal limits",0.9619,0.0381,"LOW"
57,"1","N0","T3","Negative/normal; within normal limits",0.9625,0.0375,"LOW"
58,"1","N0","T3","Negative/normal; within normal limits",0.9627,0.0373,"LOW"
59,"1","N0","T3","Negative/normal; within normal limits",0.9613,0.0387,"LOW"
60,"1","N0","T3","Negative/normal; within normal limits",0.9627,0.0373,"LOW"
61,"1","N0","T3","Negative/normal; within normal limits",0.9634,0.0366,"LOW"
62,"1","N0","T3","Negative/normal; within normal limits",0.9635,0.0365,"LOW"
63,"1","N0","T3","Negative/normal; within normal limits",0.9639,0.0361,"LOW"
64,"1","N0","T3","Negative/normal; within normal limits",0.9638,0.0362,"LOW"
65,"1","N0","T3","Negative/normal; within normal limits",0.964,0.036,"LOW"
66,"1","N0","T3","Negative/normal; within normal limits",0.9646,0.0354,"LOW"
67,"1","N0","T3","Negative/normal; within normal limits",0.9641,0.0359,"LOW"
68,"1","N0","T3","Negative/normal; within normal limits",0.9658,0.0342,"LOW"
69,"1","N0","T3","Negative/normal; within normal limits",0.9663,0.0337,"LOW"
70,"1","N0","T3","Negative/normal; within normal limits",0.965,0.035,"LOW"
71,"1","N0","T3","Negative/normal; within normal limits",0.9657,0.0343,"LOW"
72,"1","N0","T3","Negative/normal; within normal limits",0.9666,0.0334,"LOW"
73,"1","N0","T3","Negative/normal; within normal limits",0.9649,0.0351,"LOW"
74,"1","N0","T3","Negative/normal; within normal limits",0.9658,0.0342,"LOW"
75,"1","N0","T3","Negative/normal; within normal limits",0.9663,0.0337,"LOW"
76,"1","N0","T3","Negative/normal; within normal limits",0.9672,0.0328,"LOW"
77,"1","N0","T3","Negative/normal; within normal limits",0.968,0.032,"LOW"
78,"1","N0","T3","Negative/normal; within normal limits",0.9678,0.0322,"LOW"
79,"1","N0","T3","Negative/normal; within normal limits",0.9689,0.0311,"LOW"
80,"1","N0","T3","Negative/normal; within normal limits",0.9686,0.0314,"LOW"
81,"1","N0","T3","Negative/normal; within normal limits",0.969,0.031,"LOW"
82,"1","N0","T3","Negative/normal; within normal limits",0.9707,0.0293,"LOW"
83,"1","N0","T3","Negative/normal; within normal limits",0.9698,0.0302,"LOW"
84,"1","N0","T3","Negative/normal; within normal limits",0.9699,0.0301,"LOW"
85,"1","N0","T3","Negative/normal; within normal limits",0.967,0.033,"LOW"
86,"1","N0","T3","Negative/normal; within normal limits",0.9619,0.0381,"LOW"
87,"1","N0","T3","Negative/normal; within normal limits",0.9595,0.0405,"LOW"
88,"1","N0","T3","Negative/normal; within normal limits",0.966,0.034,"LOW"
89,"1","N0","T3","Negative/normal; within normal limits",0.9645,0.0355,"LOW"
90,"1","N0","T3","Negative/normal; within normal limits",0.9688,0.0312,"LOW"
91,"1","N0","T3","Negative/normal; within normal limits",0.9688,0.0312,"LOW"
92,"1","N0","T3","Negative/normal; within normal limits",0.9688,0.0312,"LOW"
93,"1","N0","T3","Negative/normal; within normal limits",0.9688,0.0312,"LOW"
94,"1","N0","T3","Negative/normal; within normal limits",0.9688,0.0312,"LOW"
95,"1","N0","T3","Negative/normal; within normal limits",0.9688,0.0312,"LOW"
96,"1","N0","T3","Negative/normal; within normal limits",0.9688,0.0312,"LOW"
97,"1","N0","T3","Negative/normal; within normal limits",0.9688,0.0312,"LOW"
98,"1","N0","T3","Negative/normal; within normal limits",0.9688,0.0312,"LOW"
99,"1","N0","T3","Negative/normal; within normal limits",0.9688,0.0312,"LOW"
0,"2","N0","T3","Negative/normal; within normal limits",0.9737,0.0263,"LOW"
1,"2","N0","T3","Negative/normal; within normal limits",0.9736,0.0264,"LOW"
2,"2","N0","T3","Negative/normal; within normal limits",0.9736,0.0264,"LOW"
3,"2","N0","T3","Negative/normal; within normal limits",0.9736,0.0264,"LOW"
4,"2","N0","T3","Negative/normal; within normal limits",0.9735,0.0265,"LOW"
5,"2","N0","T3","Negative/normal; within normal limits",0.9734,0.0266,"LOW"
6,"2","N0","T3","Negative/normal; within normal limits",0.9733,0.0267,"LOW"
7,"2","N0","T3","Negative/normal; within normal limits",0.9732,0.0268,"LOW"
8,"2","N0","T3","Negative/normal; within normal limits",0.973,0.027,"LOW"
9,"2","N0","T3","Negative/normal; within normal limits",0.973,0.027,"LOW"
10,"2","N0","T3","Negative/normal; within normal limits",0.9728,0.0272,"LOW"
11,"2","N0","T3","Negative/normal; within normal limits",0.9728,0.0272,"LOW"
12,"2","N0","T3","Negative/normal; within normal limits",0.9727,0.0273,"LOW"
13,"2","N0","T3","Negative/normal; within normal limits",0.9726,0.0274,"LOW"
14,"2","N0","T3","Negative/normal; within normal limits",0.9726,0.0274,"LOW"
15,"2","N0","T3","Negative/normal; within normal limits",0.9726,0.0274,"LOW"
16,"2","N0","T3","Negative/normal; within normal limits",0.9725,0.0275,"LOW"
17,"2","N0","T3","Negative/normal; within normal limits",0.9722,0.0278,"LOW"
18,"2","N0","T3","Negative/normal; within normal limits",0.9721,0.0279,"LOW"
19,"2","N0","T3","Negative/normal; within normal limits",0.9716,0.0284,"LOW"
20,"2","N0","T3","Negative/normal; within normal limits",0.9712,0.0288,"LOW"
21,"2","N0","T3","Negative/normal; within normal limits",0.9701,0.0299,"LOW"
22,"2","N0","T3","Negative/normal; within normal limits",0.9691,0.0309,"LOW"
23,"2","N0","T3","Negative/normal; within normal limits",0.9683,0.0317,"LOW"
24,"2","N0","T3","Negative/normal; within normal limits",0.9677,0.0323,"LOW"
25,"2","N0","T3","Negative/normal; within normal limits",0.9655,0.0345,"LOW"
26,"2","N0","T3","Negative/normal; within normal limits",0.9615,0.0385,"LOW"
27,"2","N0","T3","Negative/normal; within normal limits",0.9582,0.0418,"LOW"
28,"2","N0","T3","Negative/normal; within normal limits",0.9402,0.0598,"LOW"
29,"2","N0","T3","Negative/normal; within normal limits",0.9304,0.0696,"LOW"
30,"2","N0","T3","Negative/normal; within normal limits",0.9597,0.0403,"LOW"
31,"2","N0","T3","Negative/normal; within normal limits",0.962,0.038,"LOW"
32,"2","N0","T3","Negative/normal; within normal limits",0.9635,0.0365,"LOW"
33,"2","N0","T3","Negative/normal; within normal limits",0.9577,0.0423,"LOW"
34,"2","N0","T3","Negative/normal; within normal limits",0.9677,0.0323,"LOW"
35,"2","N0","T3","Negative/normal; within normal limits",0.9695,0.0305,"LOW"
36,"2","N0","T3","Negative/normal; within normal limits",0.9708,0.0292,"LOW"
37,"2","N0","T3","Negative/normal; within normal limits",0.9708,0.0292,"LOW"
38,"2","N0","T3","Negative/normal; within normal limits",0.9711,0.0289,"LOW"
39,"2","N0","T3","Negative/normal; within normal limits",0.9707,0.0293,"LOW"
40,"2","N0","T3","Negative/normal; within normal limits",0.9697,0.0303,"LOW"
41,"2","N0","T3","Negative/normal; within normal limits",0.9675,0.0325,"LOW"
42,"2","N0","T3","Negative/normal; within normal limits",0.9692,0.0308,"LOW"
43,"2","N0","T3","Negative/normal; within normal limits",0.9672,0.0328,"LOW"
44,"2","N0","T3","Negative/normal; within normal limits",0.9648,0.0352,"LOW"
45,"2","N0","T3","Negative/normal; within normal limits",0.9701,0.0299,"LOW"
46,"2","N0","T3","Negative/normal; within normal limits",0.9702,0.0298,"LOW"
47,"2","N0","T3","Negative/normal; within normal limits",0.9698,0.0302,"LOW"
48,"2","N0","T3","Negative/normal; within normal limits",0.9698,0.0302,"LOW"
49,"2","N0","T3","Negative/normal; within normal limits",0.969,0.031,"LOW"
50,"2","N0","T3","Negative/normal; within normal limits",0.9664,0.0336,"LOW"
51,"2","N0","T3","Negative/normal; within normal limits",0.9685,0.0315,"LOW"
52,"2","N0","T3","Negative/normal; within normal limits",0.9673,0.0327,"LOW"
53,"2","N0","T3","Negative/normal; within normal limits",0.9691,0.0309,"LOW"
54,"2","N0","T3","Negative/normal; within normal limits",0.9695,0.0305,"LOW"
55,"2","N0","T3","Negative/normal; within normal limits",0.97,0.03,"LOW"
56,"2","N0","T3","Negative/normal; within normal limits",0.97,0.03,"LOW"
57,"2","N0","T3","Negative/normal; within normal limits",0.9707,0.0293,"LOW"
58,"2","N0","T3","Negative/normal; within normal limits",0.9697,0.0303,"LOW"
59,"2","N0","T3","Negative/normal; within normal limits",0.9691,0.0309,"LOW"
60,"2","N0","T3","Negative/normal; within normal limits",0.9697,0.0303,"LOW"
61,"2","N0","T3","Negative/normal; within normal limits",0.9709,0.0291,"LOW"
62,"2","N0","T3","Negative/normal; within normal limits",0.9701,0.0299,"LOW"
63,"2","N0","T3","Negative/normal; within normal limits",0.9693,0.0307,"LOW"
64,"2","N0","T3","Negative/normal; within normal limits",0.9693,0.0307,"LOW"
65,"2","N0","T3","Negative/normal; within normal limits",0.9678,0.0322,"LOW"
66,"2","N0","T3","Negative/normal; within normal limits",0.9662,0.0338,"LOW"
67,"2","N0","T3","Negative/normal; within normal limits",0.9668,0.0332,"LOW"
68,"2","N0","T3","Negative/normal; within normal limits",0.9681,0.0319,"LOW"
69,"2","N0","T3","Negative/normal; within normal limits",0.9673,0.0327,"LOW"
70,"2","N0","T3","Negative/normal; within normal limits",0.9615,0.0385,"LOW"
71,"2","N0","T3","Negative/normal; within normal limits",0.965,0.035,"LOW"
72,"2","N0","T3","Negative/normal; within normal limits",0.9658,0.0342,"LOW"
73,"2","N0","T3","Negative/normal; within normal limits",0.9642,0.0358,"LOW"
74,"2","N0","T3","Negative/normal; within normal limits",0.9663,0.0337,"LOW"
75,"2","N0","T3","Negative/normal; within normal limits",0.9669,0.0331,"LOW"
76,"2","N0","T3","Negative/normal; within normal limits",0.9678,0.0322,"LOW"
77,"2","N0","T3","Negative/normal; within normal limits",0.9675,0.0325,"LOW"
78,"2","N0","T3","Negative/normal; within normal limits",0.9668,0.0332,"LOW"
79,"2","N0","T3","Negative/normal; within normal limits",0.967,0.033,"LOW"
80,"2","N0","T3","Negative/normal; within normal limits",0.9657,0.0343,"LOW"
81,"2","N0","T3","Negative/normal; within normal limits",0.9649,0.0351,"LOW"
82,"2","N0","T3","Negative/normal; within normal limits",0.9655,0.0345,"LOW"
83,"2","N0","T3","Negative/normal; within normal limits",0.9653,0.0347,"LOW"
84,"2","N0","T3","Negative/normal; within normal limits",0.967,0.033,"LOW"
85,"2","N0","T3","Negative/normal; within normal limits",0.9667,0.0333,"LOW"
86,"2","N0","T3","Negative/normal; within normal limits",0.9659,0.0341,"LOW"
87,"2","N0","T3","Negative/normal; within normal limits",0.9637,0.0363,"LOW"
88,"2","N0","T3","Negative/normal; within normal limits",0.972,0.028,"LOW"
89,"2","N0","T3","Negative/normal; within normal limits",0.9747,0.0253,"LOW"
90,"2","N0","T3","Negative/normal; within normal limits",0.976,0.024,"LOW"
91,"2","N0","T3","Negative/normal; within normal limits",0.976,0.024,"LOW"
92,"2","N0","T3","Negative/normal; within normal limits",0.976,0.024,"LOW"
93,"2","N0","T3","Negative/normal; within normal limits",0.976,0.024,"LOW"
94,"2","N0","T3","Negative/normal; within normal limits",0.976,0.024,"LOW"
95,"2","N0","T3","Negative/normal; within normal limits",0.976,0.024,"LOW"
96,"2","N0","T3","Negative/normal; within normal limits",0.976,0.024,"LOW"
97,"2","N0","T3","Negative/normal; within normal limits",0.976,0.024,"LOW"
98,"2","N0","T3","Negative/normal; within normal limits",0.976,0.024,"LOW"
99,"2","N0","T3","Negative/normal; within normal limits",0.976,0.024,"LOW"
0,"1","N1","T3","Negative/normal; within normal limits",0.9437,0.0563,"LOW"
1,"1","N1","T3","Negative/normal; within normal limits",0.9437,0.0563,"LOW"
2,"1","N1","T3","Negative/normal; within normal limits",0.9437,0.0563,"LOW"
3,"1","N1","T3","Negative/normal; within normal limits",0.9437,0.0563,"LOW"
4,"1","N1","T3","Negative/normal; within normal limits",0.9437,0.0563,"LOW"
5,"1","N1","T3","Negative/normal; within normal limits",0.9437,0.0563,"LOW"
6,"1","N1","T3","Negative/normal; within normal limits",0.9437,0.0563,"LOW"
7,"1","N1","T3","Negative/normal; within normal limits",0.9437,0.0563,"LOW"
8,"1","N1","T3","Negative/normal; within normal limits",0.9437,0.0563,"LOW"
9,"1","N1","T3","Negative/normal; within normal limits",0.9437,0.0563,"LOW"
10,"1","N1","T3","Negative/normal; within normal limits",0.9437,0.0563,"LOW"
11,"1","N1","T3","Negative/normal; within normal limits",0.9437,0.0563,"LOW"
12,"1","N1","T3","Negative/normal; within normal limits",0.9437,0.0563,"LOW"
13,"1","N1","T3","Negative/normal; within normal limits",0.9437,0.0563,"LOW"
14,"1","N1","T3","Negative/normal; within normal limits",0.9437,0.0563,"LOW"
15,"1","N1","T3","Negative/normal; within normal limits",0.9437,0.0563,"LOW"
16,"1","N1","T3","Negative/normal; within normal limits",0.9437,0.0563,"LOW"
17,"1","N1","T3","Negative/normal; within normal limits",0.9437,0.0563,"LOW"
18,"1","N1","T3","Negative/normal; within normal limits",0.9437,0.0563,"LOW"
19,"1","N1","T3","Negative/normal; within normal limits",0.9429,0.0571,"LOW"
20,"1","N1","T3","Negative/normal; within normal limits",0.9404,0.0596,"LOW"
21,"1","N1","T3","Negative/normal; within normal limits",0.937,0.063,"LOW"
22,"1","N1","T3","Negative/normal; within normal limits",0.9335,0.0665,"LOW"
23,"1","N1","T3","Negative/normal; within normal limits",0.9266,0.0734,"LOW"
24,"1","N1","T3","Negative/normal; within normal limits",0.8744,0.1256,"LOW"
25,"1","N1","T3","Negative/normal; within normal limits",0.9233,0.0767,"LOW"
26,"1","N1","T3","Negative/normal; within normal limits",0.9237,0.0763,"LOW"
27,"1","N1","T3","Negative/normal; within normal limits",0.901,0.099,"LOW"
28,"1","N1","T3","Negative/normal; within normal limits",0.9207,0.0793,"LOW"
29,"1","N1","T3","Negative/normal; within normal limits",0.9204,0.0796,"LOW"
30,"1","N1","T3","Negative/normal; within normal limits",0.919,0.081,"LOW"
31,"1","N1","T3","Negative/normal; within normal limits",0.897,0.103,"LOW"
32,"1","N1","T3","Negative/normal; within normal limits",0.9001,0.0999,"LOW"
33,"1","N1","T3","Negative/normal; within normal limits",0.9128,0.0872,"LOW"
34,"1","N1","T3","Negative/normal; within normal limits",0.9273,0.0727,"LOW"
35,"1","N1","T3","Negative/normal; within normal limits",0.9283,0.0717,"LOW"
36,"1","N1","T3","Negative/normal; within normal limits",0.9255,0.0745,"LOW"
37,"1","N1","T3","Negative/normal; within normal limits",0.9262,0.0738,"LOW"
38,"1","N1","T3","Negative/normal; within normal limits",0.9268,0.0732,"LOW"
39,"1","N1","T3","Negative/normal; within normal limits",0.9238,0.0762,"LOW"
40,"1","N1","T3","Negative/normal; within normal limits",0.9178,0.0822,"LOW"
41,"1","N1","T3","Negative/normal; within normal limits",0.9221,0.0779,"LOW"
42,"1","N1","T3","Negative/normal; within normal limits",0.9222,0.0778,"LOW"
43,"1","N1","T3","Negative/normal; within normal limits",0.9221,0.0779,"LOW"
44,"1","N1","T3","Negative/normal; within normal limits",0.9229,0.0771,"LOW"
45,"1","N1","T3","Negative/normal; within normal limits",0.9274,0.0726,"LOW"
46,"1","N1","T3","Negative/normal; within normal limits",0.925,0.075,"LOW"
47,"1","N1","T3","Negative/normal; within normal limits",0.9239,0.0761,"LOW"
48,"1","N1","T3","Negative/normal; within normal limits",0.9246,0.0754,"LOW"
49,"1","N1","T3","Negative/normal; within normal limits",0.9245,0.0755,"LOW"
50,"1","N1","T3","Negative/normal; within normal limits",0.9227,0.0773,"LOW"
51,"1","N1","T3","Negative/normal; within normal limits",0.9256,0.0744,"LOW"
52,"1","N1","T3","Negative/normal; within normal limits",0.9259,0.0741,"LOW"
53,"1","N1","T3","Negative/normal; within normal limits",0.9287,0.0713,"LOW"
54,"1","N1","T3","Negative/normal; within normal limits",0.9307,0.0693,"LOW"
55,"1","N1","T3","Negative/normal; within normal limits",0.9297,0.0703,"LOW"
56,"1","N1","T3","Negative/normal; within normal limits",0.9267,0.0733,"LOW"
57,"1","N1","T3","Negative/normal; within normal limits",0.9294,0.0706,"LOW"
58,"1","N1","T3","Negative/normal; within normal limits",0.9276,0.0724,"LOW"
59,"1","N1","T3","Negative/normal; within normal limits",0.9291,0.0709,"LOW"
60,"1","N1","T3","Negative/normal; within normal limits",0.9299,0.0701,"LOW"
61,"1","N1","T3","Negative/normal; within normal limits",0.9295,0.0705,"LOW"
62,"1","N1","T3","Negative/normal; within normal limits",0.9304,0.0696,"LOW"
63,"1","N1","T3","Negative/normal; within normal limits",0.9312,0.0688,"LOW"
64,"1","N1","T3","Negative/normal; within normal limits",0.9318,0.0682,"LOW"
65,"1","N1","T3","Negative/normal; within normal limits",0.9319,0.0681,"LOW"
66,"1","N1","T3","Negative/normal; within normal limits",0.9372,0.0628,"LOW"
67,"1","N1","T3","Negative/normal; within normal limits",0.9373,0.0627,"LOW"
68,"1","N1","T3","Negative/normal; within normal limits",0.9333,0.0667,"LOW"
69,"1","N1","T3","Negative/normal; within normal limits",0.9326,0.0674,"LOW"
70,"1","N1","T3","Negative/normal; within normal limits",0.9306,0.0694,"LOW"
71,"1","N1","T3","Negative/normal; within normal limits",0.9302,0.0698,"LOW"
72,"1","N1","T3","Negative/normal; within normal limits",0.9322,0.0678,"LOW"
73,"1","N1","T3","Negative/normal; within normal limits",0.9317,0.0683,"LOW"
74,"1","N1","T3","Negative/normal; within normal limits",0.932,0.068,"LOW"
75,"1","N1","T3","Negative/normal; within normal limits",0.9268,0.0732,"LOW"
76,"1","N1","T3","Negative/normal; within normal limits",0.9306,0.0694,"LOW"
77,"1","N1","T3","Negative/normal; within normal limits",0.9301,0.0699,"LOW"
78,"1","N1","T3","Negative/normal; within normal limits",0.9299,0.0701,"LOW"
79,"1","N1","T3","Negative/normal; within normal limits",0.927,0.073,"LOW"
80,"1","N1","T3","Negative/normal; within normal limits",0.9308,0.0692,"LOW"
81,"1","N1","T3","Negative/normal; within normal limits",0.938,0.062,"LOW"
82,"1","N1","T3","Negative/normal; within normal limits",0.9389,0.0611,"LOW"
83,"1","N1","T3","Negative/normal; within normal limits",0.9314,0.0686,"LOW"
84,"1","N1","T3","Negative/normal; within normal limits",0.9305,0.0695,"LOW"
85,"1","N1","T3","Negative/normal; within normal limits",0.9329,0.0671,"LOW"
86,"1","N1","T3","Negative/normal; within normal limits",0.9348,0.0652,"LOW"
87,"1","N1","T3","Negative/normal; within normal limits",0.9374,0.0626,"LOW"
88,"1","N1","T3","Negative/normal; within normal limits",0.9231,0.0769,"LOW"
89,"1","N1","T3","Negative/normal; within normal limits",0.9311,0.0689,"LOW"
90,"1","N1","T3","Negative/normal; within normal limits",0.8965,0.1035,"LOW"
91,"1","N1","T3","Negative/normal; within normal limits",0.8965,0.1035,"LOW"
92,"1","N1","T3","Negative/normal; within normal limits",0.8965,0.1035,"LOW"
93,"1","N1","T3","Negative/normal; within normal limits",0.8965,0.1035,"LOW"
94,"1","N1","T3","Negative/normal; within normal limits",0.8965,0.1035,"LOW"
95,"1","N1","T3","Negative/normal; within normal limits",0.8965,0.1035,"LOW"
96,"1","N1","T3","Negative/normal; within normal limits",0.8965,0.1035,"LOW"
97,"1","N1","T3","Negative/normal; within normal limits",0.8965,0.1035,"LOW"
98,"1","N1","T3","Negative/normal; within normal limits",0.8965,0.1035,"LOW"
99,"1","N1","T3","Negative/normal; within normal limits",0.8965,0.1035,"LOW"
0,"2","N1","T3","Negative/normal; within normal limits",0.9549,0.0451,"LOW"
1,"2","N1","T3","Negative/normal; within normal limits",0.9549,0.0451,"LOW"
2,"2","N1","T3","Negative/normal; within normal limits",0.9549,0.0451,"LOW"
3,"2","N1","T3","Negative/normal; within normal limits",0.9549,0.0451,"LOW"
4,"2","N1","T3","Negative/normal; within normal limits",0.9549,0.0451,"LOW"
5,"2","N1","T3","Negative/normal; within normal limits",0.9549,0.0451,"LOW"
6,"2","N1","T3","Negative/normal; within normal limits",0.9549,0.0451,"LOW"
7,"2","N1","T3","Negative/normal; within normal limits",0.9549,0.0451,"LOW"
8,"2","N1","T3","Negative/normal; within normal limits",0.9549,0.0451,"LOW"
9,"2","N1","T3","Negative/normal; within normal limits",0.9549,0.0451,"LOW"
10,"2","N1","T3","Negative/normal; within normal limits",0.9549,0.0451,"LOW"
11,"2","N1","T3","Negative/normal; within normal limits",0.9549,0.0451,"LOW"
12,"2","N1","T3","Negative/normal; within normal limits",0.9549,0.0451,"LOW"
13,"2","N1","T3","Negative/normal; within normal limits",0.9549,0.0451,"LOW"
14,"2","N1","T3","Negative/normal; within normal limits",0.9549,0.0451,"LOW"
15,"2","N1","T3","Negative/normal; within normal limits",0.9549,0.0451,"LOW"
16,"2","N1","T3","Negative/normal; within normal limits",0.9549,0.0451,"LOW"
17,"2","N1","T3","Negative/normal; within normal limits",0.9549,0.0451,"LOW"
18,"2","N1","T3","Negative/normal; within normal limits",0.9549,0.0451,"LOW"
19,"2","N1","T3","Negative/normal; within normal limits",0.9545,0.0455,"LOW"
20,"2","N1","T3","Negative/normal; within normal limits",0.954,0.046,"LOW"
21,"2","N1","T3","Negative/normal; within normal limits",0.9533,0.0467,"LOW"
22,"2","N1","T3","Negative/normal; within normal limits",0.952,0.048,"LOW"
23,"2","N1","T3","Negative/normal; within normal limits",0.9503,0.0497,"LOW"
24,"2","N1","T3","Negative/normal; within normal limits",0.946,0.054,"LOW"
25,"2","N1","T3","Negative/normal; within normal limits",0.9473,0.0527,"LOW"
26,"2","N1","T3","Negative/normal; within normal limits",0.9455,0.0545,"LOW"
27,"2","N1","T3","Negative/normal; within normal limits",0.9431,0.0569,"LOW"
28,"2","N1","T3","Negative/normal; within normal limits",0.9421,0.0579,"LOW"
29,"2","N1","T3","Negative/normal; within normal limits",0.9387,0.0613,"LOW"
30,"2","N1","T3","Negative/normal; within normal limits",0.9359,0.0641,"LOW"
31,"2","N1","T3","Negative/normal; within normal limits",0.932,0.068,"LOW"
32,"2","N1","T3","Negative/normal; within normal limits",0.922,0.078,"LOW"
33,"2","N1","T3","Negative/normal; within normal limits",0.9275,0.0725,"LOW"
34,"2","N1","T3","Negative/normal; within normal limits",0.9219,0.0781,"LOW"
35,"2","N1","T3","Negative/normal; within normal limits",0.9095,0.0905,"LOW"
36,"2","N1","T3","Negative/normal; within normal limits",0.9036,0.0964,"LOW"
37,"2","N1","T3","Negative/normal; within normal limits",0.904,0.096,"LOW"
38,"2","N1","T3","Negative/normal; within normal limits",0.9059,0.0941,"LOW"
39,"2","N1","T3","Negative/normal; within normal limits",0.9102,0.0898,"LOW"
40,"2","N1","T3","Negative/normal; within normal limits",0.9058,0.0942,"LOW"
41,"2","N1","T3","Negative/normal; within normal limits",0.9174,0.0826,"LOW"
42,"2","N1","T3","Negative/normal; within normal limits",0.9265,0.0735,"LOW"
43,"2","N1","T3","Negative/normal; within normal limits",0.9274,0.0726,"LOW"
44,"2","N1","T3","Negative/normal; within normal limits",0.9198,0.0802,"LOW"
45,"2","N1","T3","Negative/normal; within normal limits",0.926,0.074,"LOW"
46,"2","N1","T3","Negative/normal; within normal limits",0.9262,0.0738,"LOW"
47,"2","N1","T3","Negative/normal; within normal limits",0.9241,0.0759,"LOW"
48,"2","N1","T3","Negative/normal; within normal limits",0.9262,0.0738,"LOW"
49,"2","N1","T3","Negative/normal; within normal limits",0.9266,0.0734,"LOW"
50,"2","N1","T3","Negative/normal; within normal limits",0.93,0.07,"LOW"
51,"2","N1","T3","Negative/normal; within normal limits",0.9314,0.0686,"LOW"
52,"2","N1","T3","Negative/normal; within normal limits",0.9253,0.0747,"LOW"
53,"2","N1","T3","Negative/normal; within normal limits",0.9293,0.0707,"LOW"
54,"2","N1","T3","Negative/normal; within normal limits",0.9301,0.0699,"LOW"
55,"2","N1","T3","Negative/normal; within normal limits",0.928,0.072,"LOW"
56,"2","N1","T3","Negative/normal; within normal limits",0.931,0.069,"LOW"
57,"2","N1","T3","Negative/normal; within normal limits",0.9326,0.0674,"LOW"
58,"2","N1","T3","Negative/normal; within normal limits",0.9305,0.0695,"LOW"
59,"2","N1","T3","Negative/normal; within normal limits",0.9345,0.0655,"LOW"
60,"2","N1","T3","Negative/normal; within normal limits",0.9339,0.0661,"LOW"
61,"2","N1","T3","Negative/normal; within normal limits",0.9346,0.0654,"LOW"
62,"2","N1","T3","Negative/normal; within normal limits",0.933,0.067,"LOW"
63,"2","N1","T3","Negative/normal; within normal limits",0.9353,0.0647,"LOW"
64,"2","N1","T3","Negative/normal; within normal limits",0.9345,0.0655,"LOW"
65,"2","N1","T3","Negative/normal; within normal limits",0.9332,0.0668,"LOW"
66,"2","N1","T3","Negative/normal; within normal limits",0.9321,0.0679,"LOW"
67,"2","N1","T3","Negative/normal; within normal limits",0.9282,0.0718,"LOW"
68,"2","N1","T3","Negative/normal; within normal limits",0.9319,0.0681,"LOW"
69,"2","N1","T3","Negative/normal; within normal limits",0.9364,0.0636,"LOW"
70,"2","N1","T3","Negative/normal; within normal limits",0.938,0.062,"LOW"
71,"2","N1","T3","Negative/normal; within normal limits",0.9343,0.0657,"LOW"
72,"2","N1","T3","Negative/normal; within normal limits",0.9331,0.0669,"LOW"
73,"2","N1","T3","Negative/normal; within normal limits",0.9299,0.0701,"LOW"
74,"2","N1","T3","Negative/normal; within normal limits",0.9332,0.0668,"LOW"
75,"2","N1","T3","Negative/normal; within normal limits",0.9342,0.0658,"LOW"
76,"2","N1","T3","Negative/normal; within normal limits",0.9372,0.0628,"LOW"
77,"2","N1","T3","Negative/normal; within normal limits",0.9318,0.0682,"LOW"
78,"2","N1","T3","Negative/normal; within normal limits",0.9347,0.0653,"LOW"
79,"2","N1","T3","Negative/normal; within normal limits",0.9353,0.0647,"LOW"
80,"2","N1","T3","Negative/normal; within normal limits",0.9354,0.0646,"LOW"
81,"2","N1","T3","Negative/normal; within normal limits",0.9276,0.0724,"LOW"
82,"2","N1","T3","Negative/normal; within normal limits",0.9326,0.0674,"LOW"
83,"2","N1","T3","Negative/normal; within normal limits",0.9239,0.0761,"LOW"
84,"2","N1","T3","Negative/normal; within normal limits",0.9349,0.0651,"LOW"
85,"2","N1","T3","Negative/normal; within normal limits",0.9331,0.0669,"LOW"
86,"2","N1","T3","Negative/normal; within normal limits",0.9393,0.0607,"LOW"
87,"2","N1","T3","Negative/normal; within normal limits",0.9325,0.0675,"LOW"
88,"2","N1","T3","Negative/normal; within normal limits",0.9289,0.0711,"LOW"
89,"2","N1","T3","Negative/normal; within normal limits",0.9384,0.0616,"LOW"
90,"2","N1","T3","Negative/normal; within normal limits",0.9266,0.0734,"LOW"
91,"2","N1","T3","Negative/normal; within normal limits",0.9266,0.0734,"LOW"
92,"2","N1","T3","Negative/normal; within normal limits",0.9266,0.0734,"LOW"
93,"2","N1","T3","Negative/normal; within normal limits",0.9266,0.0734,"LOW"
94,"2","N1","T3","Negative/normal; within normal limits",0.9266,0.0734,"LOW"
95,"2","N1","T3","Negative/normal; within normal limits",0.9266,0.0734,"LOW"
96,"2","N1","T3","Negative/normal; within normal limits",0.9266,0.0734,"LOW"
97,"2","N1","T3","Negative/normal; within normal limits",0.9266,0.0734,"LOW"
98,"2","N1","T3","Negative/normal; within normal limits",0.9266,0.0734,"LOW"
99,"2","N1","T3","Negative/normal; within normal limits",0.9266,0.0734,"LOW"
0,"1","N2","T3","Negative/normal; within normal limits",0.6672,0.3328,"LOW"
1,"1","N2","T3","Negative/normal; within normal limits",0.6672,0.3328,"LOW"
2,"1","N2","T3","Negative/normal; within normal limits",0.6672,0.3328,"LOW"
3,"1","N2","T3","Negative/normal; within normal limits",0.6672,0.3328,"LOW"
4,"1","N2","T3","Negative/normal; within normal limits",0.6672,0.3328,"LOW"
5,"1","N2","T3","Negative/normal; within normal limits",0.6672,0.3328,"LOW"
6,"1","N2","T3","Negative/normal; within normal limits",0.6672,0.3328,"LOW"
7,"1","N2","T3","Negative/normal; within normal limits",0.6672,0.3328,"LOW"
8,"1","N2","T3","Negative/normal; within normal limits",0.6672,0.3328,"LOW"
9,"1","N2","T3","Negative/normal; within normal limits",0.6672,0.3328,"LOW"
10,"1","N2","T3","Negative/normal; within normal limits",0.6672,0.3328,"LOW"
11,"1","N2","T3","Negative/normal; within normal limits",0.6672,0.3328,"LOW"
12,"1","N2","T3","Negative/normal; within normal limits",0.6672,0.3328,"LOW"
13,"1","N2","T3","Negative/normal; within normal limits",0.6672,0.3328,"LOW"
14,"1","N2","T3","Negative/normal; within normal limits",0.6672,0.3328,"LOW"
15,"1","N2","T3","Negative/normal; within normal limits",0.6672,0.3328,"LOW"
16,"1","N2","T3","Negative/normal; within normal limits",0.6672,0.3328,"LOW"
17,"1","N2","T3","Negative/normal; within normal limits",0.6672,0.3328,"LOW"
18,"1","N2","T3","Negative/normal; within normal limits",0.6668,0.3332,"LOW"
19,"1","N2","T3","Negative/normal; within normal limits",0.6661,0.3339,"LOW"
20,"1","N2","T3","Negative/normal; within normal limits",0.6636,0.3364,"LOW"
21,"1","N2","T3","Negative/normal; within normal limits",0.684,0.316,"LOW"
22,"1","N2","T3","Negative/normal; within normal limits",0.7614,0.2386,"LOW"
23,"1","N2","T3","Negative/normal; within normal limits",0.847,0.153,"LOW"
24,"1","N2","T3","Negative/normal; within normal limits",0.8598,0.1402,"LOW"
25,"1","N2","T3","Negative/normal; within normal limits",0.8624,0.1376,"LOW"
26,"1","N2","T3","Negative/normal; within normal limits",0.8587,0.1413,"LOW"
27,"1","N2","T3","Negative/normal; within normal limits",0.8587,0.1413,"LOW"
28,"1","N2","T3","Negative/normal; within normal limits",0.8572,0.1428,"LOW"
29,"1","N2","T3","Negative/normal; within normal limits",0.856,0.144,"LOW"
30,"1","N2","T3","Negative/normal; within normal limits",0.8466,0.1534,"LOW"
31,"1","N2","T3","Negative/normal; within normal limits",0.8162,0.1838,"LOW"
32,"1","N2","T3","Negative/normal; within normal limits",0.7986,0.2014,"LOW"
33,"1","N2","T3","Negative/normal; within normal limits",0.8303,0.1697,"LOW"
34,"1","N2","T3","Negative/normal; within normal limits",0.8227,0.1773,"LOW"
35,"1","N2","T3","Negative/normal; within normal limits",0.829,0.171,"LOW"
36,"1","N2","T3","Negative/normal; within normal limits",0.8147,0.1853,"LOW"
37,"1","N2","T3","Negative/normal; within normal limits",0.8021,0.1979,"LOW"
38,"1","N2","T3","Negative/normal; within normal limits",0.8291,0.1709,"LOW"
39,"1","N2","T3","Negative/normal; within normal limits",0.8474,0.1526,"LOW"
40,"1","N2","T3","Negative/normal; within normal limits",0.8429,0.1571,"LOW"
41,"1","N2","T3","Negative/normal; within normal limits",0.8417,0.1583,"LOW"
42,"1","N2","T3","Negative/normal; within normal limits",0.8454,0.1546,"LOW"
43,"1","N2","T3","Negative/normal; within normal limits",0.8361,0.1639,"LOW"
44,"1","N2","T3","Negative/normal; within normal limits",0.8481,0.1519,"LOW"
45,"1","N2","T3","Negative/normal; within normal limits",0.8388,0.1612,"LOW"
46,"1","N2","T3","Negative/normal; within normal limits",0.8362,0.1638,"LOW"
47,"1","N2","T3","Negative/normal; within normal limits",0.8406,0.1594,"LOW"
48,"1","N2","T3","Negative/normal; within normal limits",0.8533,0.1467,"LOW"
49,"1","N2","T3","Negative/normal; within normal limits",0.8452,0.1548,"LOW"
50,"1","N2","T3","Negative/normal; within normal limits",0.8496,0.1504,"LOW"
51,"1","N2","T3","Negative/normal; within normal limits",0.8455,0.1545,"LOW"
52,"1","N2","T3","Negative/normal; within normal limits",0.8468,0.1532,"LOW"
53,"1","N2","T3","Negative/normal; within normal limits",0.8423,0.1577,"LOW"
54,"1","N2","T3","Negative/normal; within normal limits",0.8414,0.1586,"LOW"
55,"1","N2","T3","Negative/normal; within normal limits",0.8412,0.1588,"LOW"
56,"1","N2","T3","Negative/normal; within normal limits",0.8307,0.1693,"LOW"
57,"1","N2","T3","Negative/normal; within normal limits",0.8495,0.1505,"LOW"
58,"1","N2","T3","Negative/normal; within normal limits",0.8417,0.1583,"LOW"
59,"1","N2","T3","Negative/normal; within normal limits",0.8499,0.1501,"LOW"
60,"1","N2","T3","Negative/normal; within normal limits",0.8538,0.1462,"LOW"
61,"1","N2","T3","Negative/normal; within normal limits",0.8552,0.1448,"LOW"
62,"1","N2","T3","Negative/normal; within normal limits",0.8578,0.1422,"LOW"
63,"1","N2","T3","Negative/normal; within normal limits",0.8555,0.1445,"LOW"
64,"1","N2","T3","Negative/normal; within normal limits",0.8541,0.1459,"LOW"
65,"1","N2","T3","Negative/normal; within normal limits",0.8526,0.1474,"LOW"
66,"1","N2","T3","Negative/normal; within normal limits",0.8556,0.1444,"LOW"
67,"1","N2","T3","Negative/normal; within normal limits",0.857,0.143,"LOW"
68,"1","N2","T3","Negative/normal; within normal limits",0.8498,0.1502,"LOW"
69,"1","N2","T3","Negative/normal; within normal limits",0.8445,0.1555,"LOW"
70,"1","N2","T3","Negative/normal; within normal limits",0.8462,0.1538,"LOW"
71,"1","N2","T3","Negative/normal; within normal limits",0.8472,0.1528,"LOW"
72,"1","N2","T3","Negative/normal; within normal limits",0.8501,0.1499,"LOW"
73,"1","N2","T3","Negative/normal; within normal limits",0.8443,0.1557,"LOW"
74,"1","N2","T3","Negative/normal; within normal limits",0.846,0.154,"LOW"
75,"1","N2","T3","Negative/normal; within normal limits",0.8296,0.1704,"LOW"
76,"1","N2","T3","Negative/normal; within normal limits",0.8348,0.1652,"LOW"
77,"1","N2","T3","Negative/normal; within normal limits",0.8314,0.1686,"LOW"
78,"1","N2","T3","Negative/normal; within normal limits",0.8408,0.1592,"LOW"
79,"1","N2","T3","Negative/normal; within normal limits",0.8517,0.1483,"LOW"
80,"1","N2","T3","Negative/normal; within normal limits",0.8698,0.1302,"LOW"
81,"1","N2","T3","Negative/normal; within normal limits",0.8753,0.1247,"LOW"
82,"1","N2","T3","Negative/normal; within normal limits",0.8796,0.1204,"LOW"
83,"1","N2","T3","Negative/normal; within normal limits",0.8843,0.1157,"LOW"
84,"1","N2","T3","Negative/normal; within normal limits",0.8871,0.1129,"LOW"
85,"1","N2","T3","Negative/normal; within normal limits",0.8863,0.1137,"LOW"
86,"1","N2","T3","Negative/normal; within normal limits",0.8849,0.1151,"LOW"
87,"1","N2","T3","Negative/normal; within normal limits",0.877,0.123,"LOW"
88,"1","N2","T3","Negative/normal; within normal limits",0.8372,0.1628,"LOW"
89,"1","N2","T3","Negative/normal; within normal limits",0.7761,0.2239,"LOW"
90,"1","N2","T3","Negative/normal; within normal limits",0.8041,0.1959,"LOW"
91,"1","N2","T3","Negative/normal; within normal limits",0.8041,0.1959,"LOW"
92,"1","N2","T3","Negative/normal; within normal limits",0.8041,0.1959,"LOW"
93,"1","N2","T3","Negative/normal; within normal limits",0.8041,0.1959,"LOW"
94,"1","N2","T3","Negative/normal; within normal limits",0.8041,0.1959,"LOW"
95,"1","N2","T3","Negative/normal; within normal limits",0.8041,0.1959,"LOW"
96,"1","N2","T3","Negative/normal; within normal limits",0.8041,0.1959,"LOW"
97,"1","N2","T3","Negative/normal; within normal limits",0.8041,0.1959,"LOW"
98,"1","N2","T3","Negative/normal; within normal limits",0.8041,0.1959,"LOW"
99,"1","N2","T3","Negative/normal; within normal limits",0.8041,0.1959,"LOW"
0,"2","N2","T3","Negative/normal; within normal limits",0.7958,0.2042,"LOW"
1,"2","N2","T3","Negative/normal; within normal limits",0.7958,0.2042,"LOW"
2,"2","N2","T3","Negative/normal; within normal limits",0.7958,0.2042,"LOW"
3,"2","N2","T3","Negative/normal; within normal limits",0.7958,0.2042,"LOW"
4,"2","N2","T3","Negative/normal; within normal limits",0.7958,0.2042,"LOW"
5,"2","N2","T3","Negative/normal; within normal limits",0.7958,0.2042,"LOW"
6,"2","N2","T3","Negative/normal; within normal limits",0.7958,0.2042,"LOW"
7,"2","N2","T3","Negative/normal; within normal limits",0.7958,0.2042,"LOW"
8,"2","N2","T3","Negative/normal; within normal limits",0.7958,0.2042,"LOW"
9,"2","N2","T3","Negative/normal; within normal limits",0.7958,0.2042,"LOW"
10,"2","N2","T3","Negative/normal; within normal limits",0.7958,0.2042,"LOW"
11,"2","N2","T3","Negative/normal; within normal limits",0.7958,0.2042,"LOW"
12,"2","N2","T3","Negative/normal; within normal limits",0.7958,0.2042,"LOW"
13,"2","N2","T3","Negative/normal; within normal limits",0.7958,0.2042,"LOW"
14,"2","N2","T3","Negative/normal; within normal limits",0.7958,0.2042,"LOW"
15,"2","N2","T3","Negative/normal; within normal limits",0.7958,0.2042,"LOW"
16,"2","N2","T3","Negative/normal; within normal limits",0.7958,0.2042,"LOW"
17,"2","N2","T3","Negative/normal; within normal limits",0.7958,0.2042,"LOW"
18,"2","N2","T3","Negative/normal; within normal limits",0.7954,0.2046,"LOW"
19,"2","N2","T3","Negative/normal; within normal limits",0.7954,0.2046,"LOW"
20,"2","N2","T3","Negative/normal; within normal limits",0.7954,0.2046,"LOW"
21,"2","N2","T3","Negative/normal; within normal limits",0.7772,0.2228,"LOW"
22,"2","N2","T3","Negative/normal; within normal limits",0.7796,0.2204,"LOW"
23,"2","N2","T3","Negative/normal; within normal limits",0.7842,0.2158,"LOW"
24,"2","N2","T3","Negative/normal; within normal limits",0.8356,0.1644,"LOW"
25,"2","N2","T3","Negative/normal; within normal limits",0.8339,0.1661,"LOW"
26,"2","N2","T3","Negative/normal; within normal limits",0.7759,0.2241,"LOW"
27,"2","N2","T3","Negative/normal; within normal limits",0.8267,0.1733,"LOW"
28,"2","N2","T3","Negative/normal; within normal limits",0.7942,0.2058,"LOW"
29,"2","N2","T3","Negative/normal; within normal limits",0.8306,0.1694,"LOW"
30,"2","N2","T3","Negative/normal; within normal limits",0.8364,0.1636,"LOW"
31,"2","N2","T3","Negative/normal; within normal limits",0.8424,0.1576,"LOW"
32,"2","N2","T3","Negative/normal; within normal limits",0.8442,0.1558,"LOW"
33,"2","N2","T3","Negative/normal; within normal limits",0.8595,0.1405,"LOW"
34,"2","N2","T3","Negative/normal; within normal limits",0.8481,0.1519,"LOW"
35,"2","N2","T3","Negative/normal; within normal limits",0.8456,0.1544,"LOW"
36,"2","N2","T3","Negative/normal; within normal limits",0.862,0.138,"LOW"
37,"2","N2","T3","Negative/normal; within normal limits",0.8635,0.1365,"LOW"
38,"2","N2","T3","Negative/normal; within normal limits",0.8642,0.1358,"LOW"
39,"2","N2","T3","Negative/normal; within normal limits",0.8443,0.1557,"LOW"
40,"2","N2","T3","Negative/normal; within normal limits",0.8634,0.1366,"LOW"
41,"2","N2","T3","Negative/normal; within normal limits",0.8571,0.1429,"LOW"
42,"2","N2","T3","Negative/normal; within normal limits",0.8647,0.1353,"LOW"
43,"2","N2","T3","Negative/normal; within normal limits",0.8637,0.1363,"LOW"
44,"2","N2","T3","Negative/normal; within normal limits",0.8494,0.1506,"LOW"
45,"2","N2","T3","Negative/normal; within normal limits",0.8362,0.1638,"LOW"
46,"2","N2","T3","Negative/normal; within normal limits",0.8323,0.1677,"LOW"
47,"2","N2","T3","Negative/normal; within normal limits",0.8389,0.1611,"LOW"
48,"2","N2","T3","Negative/normal; within normal limits",0.8554,0.1446,"LOW"
49,"2","N2","T3","Negative/normal; within normal limits",0.8457,0.1543,"LOW"
50,"2","N2","T3","Negative/normal; within normal limits",0.8549,0.1451,"LOW"
51,"2","N2","T3","Negative/normal; within normal limits",0.8479,0.1521,"LOW"
52,"2","N2","T3","Negative/normal; within normal limits",0.847,0.153,"LOW"
53,"2","N2","T3","Negative/normal; within normal limits",0.8628,0.1372,"LOW"
54,"2","N2","T3","Negative/normal; within normal limits",0.8603,0.1397,"LOW"
55,"2","N2","T3","Negative/normal; within normal limits",0.8691,0.1309,"LOW"
56,"2","N2","T3","Negative/normal; within normal limits",0.8688,0.1312,"LOW"
57,"2","N2","T3","Negative/normal; within normal limits",0.8631,0.1369,"LOW"
58,"2","N2","T3","Negative/normal; within normal limits",0.8561,0.1439,"LOW"
59,"2","N2","T3","Negative/normal; within normal limits",0.8574,0.1426,"LOW"
60,"2","N2","T3","Negative/normal; within normal limits",0.8585,0.1415,"LOW"
61,"2","N2","T3","Negative/normal; within normal limits",0.8634,0.1366,"LOW"
62,"2","N2","T3","Negative/normal; within normal limits",0.8621,0.1379,"LOW"
63,"2","N2","T3","Negative/normal; within normal limits",0.8557,0.1443,"LOW"
64,"2","N2","T3","Negative/normal; within normal limits",0.8539,0.1461,"LOW"
65,"2","N2","T3","Negative/normal; within normal limits",0.8579,0.1421,"LOW"
66,"2","N2","T3","Negative/normal; within normal limits",0.8658,0.1342,"LOW"
67,"2","N2","T3","Negative/normal; within normal limits",0.8704,0.1296,"LOW"
68,"2","N2","T3","Negative/normal; within normal limits",0.8682,0.1318,"LOW"
69,"2","N2","T3","Negative/normal; within normal limits",0.8695,0.1305,"LOW"
70,"2","N2","T3","Negative/normal; within normal limits",0.8721,0.1279,"LOW"
71,"2","N2","T3","Negative/normal; within normal limits",0.8547,0.1453,"LOW"
72,"2","N2","T3","Negative/normal; within normal limits",0.8585,0.1415,"LOW"
73,"2","N2","T3","Negative/normal; within normal limits",0.8599,0.1401,"LOW"
74,"2","N2","T3","Negative/normal; within normal limits",0.8577,0.1423,"LOW"
75,"2","N2","T3","Negative/normal; within normal limits",0.8585,0.1415,"LOW"
76,"2","N2","T3","Negative/normal; within normal limits",0.8548,0.1452,"LOW"
77,"2","N2","T3","Negative/normal; within normal limits",0.828,0.172,"LOW"
78,"2","N2","T3","Negative/normal; within normal limits",0.8442,0.1558,"LOW"
79,"2","N2","T3","Negative/normal; within normal limits",0.8604,0.1396,"LOW"
80,"2","N2","T3","Negative/normal; within normal limits",0.8656,0.1344,"LOW"
81,"2","N2","T3","Negative/normal; within normal limits",0.8565,0.1435,"LOW"
82,"2","N2","T3","Negative/normal; within normal limits",0.8612,0.1388,"LOW"
83,"2","N2","T3","Negative/normal; within normal limits",0.8457,0.1543,"LOW"
84,"2","N2","T3","Negative/normal; within normal limits",0.8617,0.1383,"LOW"
85,"2","N2","T3","Negative/normal; within normal limits",0.8635,0.1365,"LOW"
86,"2","N2","T3","Negative/normal; within normal limits",0.8419,0.1581,"LOW"
87,"2","N2","T3","Negative/normal; within normal limits",0.8297,0.1703,"LOW"
88,"2","N2","T3","Negative/normal; within normal limits",0.8653,0.1347,"LOW"
89,"2","N2","T3","Negative/normal; within normal limits",0.8742,0.1258,"LOW"
90,"2","N2","T3","Negative/normal; within normal limits",0.879,0.121,"LOW"
91,"2","N2","T3","Negative/normal; within normal limits",0.879,0.121,"LOW"
92,"2","N2","T3","Negative/normal; within normal limits",0.879,0.121,"LOW"
93,"2","N2","T3","Negative/normal; within normal limits",0.879,0.121,"LOW"
94,"2","N2","T3","Negative/normal; within normal limits",0.879,0.121,"LOW"
95,"2","N2","T3","Negative/normal; within normal limits",0.879,0.121,"LOW"
96,"2","N2","T3","Negative/normal; within normal limits",0.879,0.121,"LOW"
97,"2","N2","T3","Negative/normal; within normal limits",0.879,0.121,"LOW"
98,"2","N2","T3","Negative/normal; within normal limits",0.879,0.121,"LOW"
99,"2","N2","T3","Negative/normal; within normal limits",0.879,0.121,"LOW"
0,"1","Other/Unknown","T3","Negative/normal; within normal limits",0.8439,0.1561,"LOW"
1,"1","Other/Unknown","T3","Negative/normal; within normal limits",0.8439,0.1561,"LOW"
2,"1","Other/Unknown","T3","Negative/normal; within normal limits",0.8439,0.1561,"LOW"
3,"1","Other/Unknown","T3","Negative/normal; within normal limits",0.8439,0.1561,"LOW"
4,"1","Other/Unknown","T3","Negative/normal; within normal limits",0.8439,0.1561,"LOW"
5,"1","Other/Unknown","T3","Negative/normal; within normal limits",0.8439,0.1561,"LOW"
6,"1","Other/Unknown","T3","Negative/normal; within normal limits",0.8439,0.1561,"LOW"
7,"1","Other/Unknown","T3","Negative/normal; within normal limits",0.8439,0.1561,"LOW"
8,"1","Other/Unknown","T3","Negative/normal; within normal limits",0.8433,0.1567,"LOW"
9,"1","Other/Unknown","T3","Negative/normal; within normal limits",0.8433,0.1567,"LOW"
10,"1","Other/Unknown","T3","Negative/normal; within normal limits",0.8433,0.1567,"LOW"
11,"1","Other/Unknown","T3","Negative/normal; within normal limits",0.8433,0.1567,"LOW"
12,"1","Other/Unknown","T3","Negative/normal; within normal limits",0.8433,0.1567,"LOW"
13,"1","Other/Unknown","T3","Negative/normal; within normal limits",0.8433,0.1567,"LOW"
14,"1","Other/Unknown","T3","Negative/normal; within normal limits",0.8433,0.1567,"LOW"
15,"1","Other/Unknown","T3","Negative/normal; within normal limits",0.8433,0.1567,"LOW"
16,"1","Other/Unknown","T3","Negative/normal; within normal limits",0.8433,0.1567,"LOW"
17,"1","Other/Unknown","T3","Negative/normal; within normal limits",0.8433,0.1567,"LOW"
18,"1","Other/Unknown","T3","Negative/normal; within normal limits",0.8433,0.1567,"LOW"
19,"1","Other/Unknown","T3","Negative/normal; within normal limits",0.8433,0.1567,"LOW"
20,"1","Other/Unknown","T3","Negative/normal; within normal limits",0.8393,0.1607,"LOW"
21,"1","Other/Unknown","T3","Negative/normal; within normal limits",0.835,0.165,"LOW"
22,"1","Other/Unknown","T3","Negative/normal; within normal limits",0.835,0.165,"LOW"
23,"1","Other/Unknown","T3","Negative/normal; within normal limits",0.833,0.167,"LOW"
24,"1","Other/Unknown","T3","Negative/normal; within normal limits",0.8426,0.1574,"LOW"
25,"1","Other/Unknown","T3","Negative/normal; within normal limits",0.8515,0.1485,"LOW"
26,"1","Other/Unknown","T3","Negative/normal; within normal limits",0.8604,0.1396,"LOW"
27,"1","Other/Unknown","T3","Negative/normal; within normal limits",0.8757,0.1243,"LOW"
28,"1","Other/Unknown","T3","Negative/normal; within normal limits",0.8686,0.1314,"LOW"
29,"1","Other/Unknown","T3","Negative/normal; within normal limits",0.8631,0.1369,"LOW"
30,"1","Other/Unknown","T3","Negative/normal; within normal limits",0.8621,0.1379,"LOW"
31,"1","Other/Unknown","T3","Negative/normal; within normal limits",0.8364,0.1636,"LOW"
32,"1","Other/Unknown","T3","Negative/normal; within normal limits",0.8279,0.1721,"LOW"
33,"1","Other/Unknown","T3","Negative/normal; within normal limits",0.8307,0.1693,"LOW"
34,"1","Other/Unknown","T3","Negative/normal; within normal limits",0.8248,0.1752,"LOW"
35,"1","Other/Unknown","T3","Negative/normal; within normal limits",0.8193,0.1807,"LOW"
36,"1","Other/Unknown","T3","Negative/normal; within normal limits",0.8187,0.1813,"LOW"
37,"1","Other/Unknown","T3","Negative/normal; within normal limits",0.8152,0.1848,"LOW"
38,"1","Other/Unknown","T3","Negative/normal; within normal limits",0.753,0.247,"LOW"
39,"1","Other/Unknown","T3","Negative/normal; within normal limits",0.836,0.164,"LOW"
40,"1","Other/Unknown","T3","Negative/normal; within normal limits",0.8522,0.1478,"LOW"
41,"1","Other/Unknown","T3","Negative/normal; within normal limits",0.8539,0.1461,"LOW"
42,"1","Other/Unknown","T3","Negative/normal; within normal limits",0.8522,0.1478,"LOW"
43,"1","Other/Unknown","T3","Negative/normal; within normal limits",0.844,0.156,"LOW"
44,"1","Other/Unknown","T3","Negative/normal; within normal limits",0.8362,0.1638,"LOW"
45,"1","Other/Unknown","T3","Negative/normal; within normal limits",0.8376,0.1624,"LOW"
46,"1","Other/Unknown","T3","Negative/normal; within normal limits",0.8195,0.1805,"LOW"
47,"1","Other/Unknown","T3","Negative/normal; within normal limits",0.7886,0.2114,"LOW"
48,"1","Other/Unknown","T3","Negative/normal; within normal limits",0.7793,0.2207,"LOW"
49,"1","Other/Unknown","T3","Negative/normal; within normal limits",0.8106,0.1894,"LOW"
50,"1","Other/Unknown","T3","Negative/normal; within normal limits",0.8176,0.1824,"LOW"
51,"1","Other/Unknown","T3","Negative/normal; within normal limits",0.7642,0.2358,"LOW"
52,"1","Other/Unknown","T3","Negative/normal; within normal limits",0.8137,0.1863,"LOW"
53,"1","Other/Unknown","T3","Negative/normal; within normal limits",0.8105,0.1895,"LOW"
54,"1","Other/Unknown","T3","Negative/normal; within normal limits",0.8084,0.1916,"LOW"
55,"1","Other/Unknown","T3","Negative/normal; within normal limits",0.8255,0.1745,"LOW"
56,"1","Other/Unknown","T3","Negative/normal; within normal limits",0.8179,0.1821,"LOW"
57,"1","Other/Unknown","T3","Negative/normal; within normal limits",0.8068,0.1932,"LOW"
58,"1","Other/Unknown","T3","Negative/normal; within normal limits",0.8355,0.1645,"LOW"
59,"1","Other/Unknown","T3","Negative/normal; within normal limits",0.8436,0.1564,"LOW"
60,"1","Other/Unknown","T3","Negative/normal; within normal limits",0.8465,0.1535,"LOW"
61,"1","Other/Unknown","T3","Negative/normal; within normal limits",0.8483,0.1517,"LOW"
62,"1","Other/Unknown","T3","Negative/normal; within normal limits",0.844,0.156,"LOW"
63,"1","Other/Unknown","T3","Negative/normal; within normal limits",0.8288,0.1712,"LOW"
64,"1","Other/Unknown","T3","Negative/normal; within normal limits",0.8218,0.1782,"LOW"
65,"1","Other/Unknown","T3","Negative/normal; within normal limits",0.8152,0.1848,"LOW"
66,"1","Other/Unknown","T3","Negative/normal; within normal limits",0.8344,0.1656,"LOW"
67,"1","Other/Unknown","T3","Negative/normal; within normal limits",0.8176,0.1824,"LOW"
68,"1","Other/Unknown","T3","Negative/normal; within normal limits",0.8253,0.1747,"LOW"
69,"1","Other/Unknown","T3","Negative/normal; within normal limits",0.8464,0.1536,"LOW"
70,"1","Other/Unknown","T3","Negative/normal; within normal limits",0.846,0.154,"LOW"
71,"1","Other/Unknown","T3","Negative/normal; within normal limits",0.8584,0.1416,"LOW"
72,"1","Other/Unknown","T3","Negative/normal; within normal limits",0.8618,0.1382,"LOW"
73,"1","Other/Unknown","T3","Negative/normal; within normal limits",0.8522,0.1478,"LOW"
74,"1","Other/Unknown","T3","Negative/normal; within normal limits",0.8772,0.1228,"LOW"
75,"1","Other/Unknown","T3","Negative/normal; within normal limits",0.8839,0.1161,"LOW"
76,"1","Other/Unknown","T3","Negative/normal; within normal limits",0.89,0.11,"LOW"
77,"1","Other/Unknown","T3","Negative/normal; within normal limits",0.8947,0.1053,"LOW"
78,"1","Other/Unknown","T3","Negative/normal; within normal limits",0.8968,0.1032,"LOW"
79,"1","Other/Unknown","T3","Negative/normal; within normal limits",0.9005,0.0995,"LOW"
80,"1","Other/Unknown","T3","Negative/normal; within normal limits",0.9029,0.0971,"LOW"
81,"1","Other/Unknown","T3","Negative/normal; within normal limits",0.9053,0.0947,"LOW"
82,"1","Other/Unknown","T3","Negative/normal; within normal limits",0.9065,0.0935,"LOW"
83,"1","Other/Unknown","T3","Negative/normal; within normal limits",0.9058,0.0942,"LOW"
84,"1","Other/Unknown","T3","Negative/normal; within normal limits",0.9103,0.0897,"LOW"
85,"1","Other/Unknown","T3","Negative/normal; within normal limits",0.9108,0.0892,"LOW"
86,"1","Other/Unknown","T3","Negative/normal; within normal limits",0.909,0.091,"LOW"
87,"1","Other/Unknown","T3","Negative/normal; within normal limits",0.9061,0.0939,"LOW"
88,"1","Other/Unknown","T3","Negative/normal; within normal limits",0.8786,0.1214,"LOW"
89,"1","Other/Unknown","T3","Negative/normal; within normal limits",0.8942,0.1058,"LOW"
90,"1","Other/Unknown","T3","Negative/normal; within normal limits",0.8031,0.1969,"LOW"
91,"1","Other/Unknown","T3","Negative/normal; within normal limits",0.8031,0.1969,"LOW"
92,"1","Other/Unknown","T3","Negative/normal; within normal limits",0.8031,0.1969,"LOW"
93,"1","Other/Unknown","T3","Negative/normal; within normal limits",0.8031,0.1969,"LOW"
94,"1","Other/Unknown","T3","Negative/normal; within normal limits",0.8031,0.1969,"LOW"
95,"1","Other/Unknown","T3","Negative/normal; within normal limits",0.8031,0.1969,"LOW"
96,"1","Other/Unknown","T3","Negative/normal; within normal limits",0.8031,0.1969,"LOW"
97,"1","Other/Unknown","T3","Negative/normal; within normal limits",0.8031,0.1969,"LOW"
98,"1","Other/Unknown","T3","Negative/normal; within normal limits",0.8031,0.1969,"LOW"
99,"1","Other/Unknown","T3","Negative/normal; within normal limits",0.8031,0.1969,"LOW"
0,"2","Other/Unknown","T3","Negative/normal; within normal limits",0.7409,0.2591,"LOW"
1,"2","Other/Unknown","T3","Negative/normal; within normal limits",0.7409,0.2591,"LOW"
2,"2","Other/Unknown","T3","Negative/normal; within normal limits",0.7409,0.2591,"LOW"
3,"2","Other/Unknown","T3","Negative/normal; within normal limits",0.7409,0.2591,"LOW"
4,"2","Other/Unknown","T3","Negative/normal; within normal limits",0.7409,0.2591,"LOW"
5,"2","Other/Unknown","T3","Negative/normal; within normal limits",0.7409,0.2591,"LOW"
6,"2","Other/Unknown","T3","Negative/normal; within normal limits",0.7409,0.2591,"LOW"
7,"2","Other/Unknown","T3","Negative/normal; within normal limits",0.7409,0.2591,"LOW"
8,"2","Other/Unknown","T3","Negative/normal; within normal limits",0.7406,0.2594,"LOW"
9,"2","Other/Unknown","T3","Negative/normal; within normal limits",0.7406,0.2594,"LOW"
10,"2","Other/Unknown","T3","Negative/normal; within normal limits",0.7406,0.2594,"LOW"
11,"2","Other/Unknown","T3","Negative/normal; within normal limits",0.7406,0.2594,"LOW"
12,"2","Other/Unknown","T3","Negative/normal; within normal limits",0.7406,0.2594,"LOW"
13,"2","Other/Unknown","T3","Negative/normal; within normal limits",0.7406,0.2594,"LOW"
14,"2","Other/Unknown","T3","Negative/normal; within normal limits",0.7406,0.2594,"LOW"
15,"2","Other/Unknown","T3","Negative/normal; within normal limits",0.7406,0.2594,"LOW"
16,"2","Other/Unknown","T3","Negative/normal; within normal limits",0.7406,0.2594,"LOW"
17,"2","Other/Unknown","T3","Negative/normal; within normal limits",0.7406,0.2594,"LOW"
18,"2","Other/Unknown","T3","Negative/normal; within normal limits",0.7406,0.2594,"LOW"
19,"2","Other/Unknown","T3","Negative/normal; within normal limits",0.7406,0.2594,"LOW"
20,"2","Other/Unknown","T3","Negative/normal; within normal limits",0.7364,0.2636,"LOW"
21,"2","Other/Unknown","T3","Negative/normal; within normal limits",0.7335,0.2665,"LOW"
22,"2","Other/Unknown","T3","Negative/normal; within normal limits",0.7335,0.2665,"LOW"
23,"2","Other/Unknown","T3","Negative/normal; within normal limits",0.7313,0.2687,"LOW"
24,"2","Other/Unknown","T3","Negative/normal; within normal limits",0.735,0.265,"LOW"
25,"2","Other/Unknown","T3","Negative/normal; within normal limits",0.7402,0.2598,"LOW"
26,"2","Other/Unknown","T3","Negative/normal; within normal limits",0.7412,0.2588,"LOW"
27,"2","Other/Unknown","T3","Negative/normal; within normal limits",0.733,0.267,"LOW"
28,"2","Other/Unknown","T3","Negative/normal; within normal limits",0.7286,0.2714,"LOW"
29,"2","Other/Unknown","T3","Negative/normal; within normal limits",0.7398,0.2602,"LOW"
30,"2","Other/Unknown","T3","Negative/normal; within normal limits",0.7473,0.2527,"LOW"
31,"2","Other/Unknown","T3","Negative/normal; within normal limits",0.6988,0.3012,"LOW"
32,"2","Other/Unknown","T3","Negative/normal; within normal limits",0.6515,0.3485,"LOW"
33,"2","Other/Unknown","T3","Negative/normal; within normal limits",0.6883,0.3117,"LOW"
34,"2","Other/Unknown","T3","Negative/normal; within normal limits",0.7222,0.2778,"LOW"
35,"2","Other/Unknown","T3","Negative/normal; within normal limits",0.7659,0.2341,"LOW"
36,"2","Other/Unknown","T3","Negative/normal; within normal limits",0.7687,0.2313,"LOW"
37,"2","Other/Unknown","T3","Negative/normal; within normal limits",0.7741,0.2259,"LOW"
38,"2","Other/Unknown","T3","Negative/normal; within normal limits",0.7703,0.2297,"LOW"
39,"2","Other/Unknown","T3","Negative/normal; within normal limits",0.7903,0.2097,"LOW"
40,"2","Other/Unknown","T3","Negative/normal; within normal limits",0.7887,0.2113,"LOW"
41,"2","Other/Unknown","T3","Negative/normal; within normal limits",0.779,0.221,"LOW"
42,"2","Other/Unknown","T3","Negative/normal; within normal limits",0.7679,0.2321,"LOW"
43,"2","Other/Unknown","T3","Negative/normal; within normal limits",0.7083,0.2917,"LOW"
44,"2","Other/Unknown","T3","Negative/normal; within normal limits",0.7272,0.2728,"LOW"
45,"2","Other/Unknown","T3","Negative/normal; within normal limits",0.7183,0.2817,"LOW"
46,"2","Other/Unknown","T3","Negative/normal; within normal limits",0.7,0.3,"LOW"
47,"2","Other/Unknown","T3","Negative/normal; within normal limits",0.7726,0.2274,"LOW"
48,"2","Other/Unknown","T3","Negative/normal; within normal limits",0.784,0.216,"LOW"
49,"2","Other/Unknown","T3","Negative/normal; within normal limits",0.8034,0.1966,"LOW"
50,"2","Other/Unknown","T3","Negative/normal; within normal limits",0.8153,0.1847,"LOW"
51,"2","Other/Unknown","T3","Negative/normal; within normal limits",0.8051,0.1949,"LOW"
52,"2","Other/Unknown","T3","Negative/normal; within normal limits",0.8023,0.1977,"LOW"
53,"2","Other/Unknown","T3","Negative/normal; within normal limits",0.7801,0.2199,"LOW"
54,"2","Other/Unknown","T3","Negative/normal; within normal limits",0.7849,0.2151,"LOW"
55,"2","Other/Unknown","T3","Negative/normal; within normal limits",0.7907,0.2093,"LOW"
56,"2","Other/Unknown","T3","Negative/normal; within normal limits",0.7931,0.2069,"LOW"
57,"2","Other/Unknown","T3","Negative/normal; within normal limits",0.8094,0.1906,"LOW"
58,"2","Other/Unknown","T3","Negative/normal; within normal limits",0.7677,0.2323,"LOW"
59,"2","Other/Unknown","T3","Negative/normal; within normal limits",0.8126,0.1874,"LOW"
60,"2","Other/Unknown","T3","Negative/normal; within normal limits",0.8156,0.1844,"LOW"
61,"2","Other/Unknown","T3","Negative/normal; within normal limits",0.8152,0.1848,"LOW"
62,"2","Other/Unknown","T3","Negative/normal; within normal limits",0.8151,0.1849,"LOW"
63,"2","Other/Unknown","T3","Negative/normal; within normal limits",0.8068,0.1932,"LOW"
64,"2","Other/Unknown","T3","Negative/normal; within normal limits",0.8055,0.1945,"LOW"
65,"2","Other/Unknown","T3","Negative/normal; within normal limits",0.8022,0.1978,"LOW"
66,"2","Other/Unknown","T3","Negative/normal; within normal limits",0.8187,0.1813,"LOW"
67,"2","Other/Unknown","T3","Negative/normal; within normal limits",0.8121,0.1879,"LOW"
68,"2","Other/Unknown","T3","Negative/normal; within normal limits",0.7727,0.2273,"LOW"
69,"2","Other/Unknown","T3","Negative/normal; within normal limits",0.7791,0.2209,"LOW"
70,"2","Other/Unknown","T3","Negative/normal; within normal limits",0.7517,0.2483,"LOW"
71,"2","Other/Unknown","T3","Negative/normal; within normal limits",0.7529,0.2471,"LOW"
72,"2","Other/Unknown","T3","Negative/normal; within normal limits",0.8199,0.1801,"LOW"
73,"2","Other/Unknown","T3","Negative/normal; within normal limits",0.8397,0.1603,"LOW"
74,"2","Other/Unknown","T3","Negative/normal; within normal limits",0.8508,0.1492,"LOW"
75,"2","Other/Unknown","T3","Negative/normal; within normal limits",0.8539,0.1461,"LOW"
76,"2","Other/Unknown","T3","Negative/normal; within normal limits",0.8577,0.1423,"LOW"
77,"2","Other/Unknown","T3","Negative/normal; within normal limits",0.8614,0.1386,"LOW"
78,"2","Other/Unknown","T3","Negative/normal; within normal limits",0.8627,0.1373,"LOW"
79,"2","Other/Unknown","T3","Negative/normal; within normal limits",0.8607,0.1393,"LOW"
80,"2","Other/Unknown","T3","Negative/normal; within normal limits",0.8572,0.1428,"LOW"
81,"2","Other/Unknown","T3","Negative/normal; within normal limits",0.8555,0.1445,"LOW"
82,"2","Other/Unknown","T3","Negative/normal; within normal limits",0.8565,0.1435,"LOW"
83,"2","Other/Unknown","T3","Negative/normal; within normal limits",0.8524,0.1476,"LOW"
84,"2","Other/Unknown","T3","Negative/normal; within normal limits",0.8522,0.1478,"LOW"
85,"2","Other/Unknown","T3","Negative/normal; within normal limits",0.8481,0.1519,"LOW"
86,"2","Other/Unknown","T3","Negative/normal; within normal limits",0.831,0.169,"LOW"
87,"2","Other/Unknown","T3","Negative/normal; within normal limits",0.7664,0.2336,"LOW"
88,"2","Other/Unknown","T3","Negative/normal; within normal limits",0.6971,0.3029,"LOW"
89,"2","Other/Unknown","T3","Negative/normal; within normal limits",0.7644,0.2356,"LOW"
90,"2","Other/Unknown","T3","Negative/normal; within normal limits",0.5611,0.4389,"LOW"
91,"2","Other/Unknown","T3","Negative/normal; within normal limits",0.5611,0.4389,"LOW"
92,"2","Other/Unknown","T3","Negative/normal; within normal limits",0.5611,0.4389,"LOW"
93,"2","Other/Unknown","T3","Negative/normal; within normal limits",0.5611,0.4389,"LOW"
94,"2","Other/Unknown","T3","Negative/normal; within normal limits",0.5611,0.4389,"LOW"
95,"2","Other/Unknown","T3","Negative/normal; within normal limits",0.5611,0.4389,"LOW"
96,"2","Other/Unknown","T3","Negative/normal; within normal limits",0.5611,0.4389,"LOW"
97,"2","Other/Unknown","T3","Negative/normal; within normal limits",0.5611,0.4389,"LOW"
98,"2","Other/Unknown","T3","Negative/normal; within normal limits",0.5611,0.4389,"LOW"
99,"2","Other/Unknown","T3","Negative/normal; within normal limits",0.5611,0.4389,"LOW"
0,"1","N0","T4","Negative/normal; within normal limits",0.717,0.283,"LOW"
1,"1","N0","T4","Negative/normal; within normal limits",0.717,0.283,"LOW"
2,"1","N0","T4","Negative/normal; within normal limits",0.717,0.283,"LOW"
3,"1","N0","T4","Negative/normal; within normal limits",0.717,0.283,"LOW"
4,"1","N0","T4","Negative/normal; within normal limits",0.717,0.283,"LOW"
5,"1","N0","T4","Negative/normal; within normal limits",0.717,0.283,"LOW"
6,"1","N0","T4","Negative/normal; within normal limits",0.717,0.283,"LOW"
7,"1","N0","T4","Negative/normal; within normal limits",0.717,0.283,"LOW"
8,"1","N0","T4","Negative/normal; within normal limits",0.717,0.283,"LOW"
9,"1","N0","T4","Negative/normal; within normal limits",0.717,0.283,"LOW"
10,"1","N0","T4","Negative/normal; within normal limits",0.717,0.283,"LOW"
11,"1","N0","T4","Negative/normal; within normal limits",0.717,0.283,"LOW"
12,"1","N0","T4","Negative/normal; within normal limits",0.717,0.283,"LOW"
13,"1","N0","T4","Negative/normal; within normal limits",0.717,0.283,"LOW"
14,"1","N0","T4","Negative/normal; within normal limits",0.717,0.283,"LOW"
15,"1","N0","T4","Negative/normal; within normal limits",0.717,0.283,"LOW"
16,"1","N0","T4","Negative/normal; within normal limits",0.717,0.283,"LOW"
17,"1","N0","T4","Negative/normal; within normal limits",0.717,0.283,"LOW"
18,"1","N0","T4","Negative/normal; within normal limits",0.7417,0.2583,"LOW"
19,"1","N0","T4","Negative/normal; within normal limits",0.7477,0.2523,"LOW"
20,"1","N0","T4","Negative/normal; within normal limits",0.7549,0.2451,"LOW"
21,"1","N0","T4","Negative/normal; within normal limits",0.7672,0.2328,"LOW"
22,"1","N0","T4","Negative/normal; within normal limits",0.7718,0.2282,"LOW"
23,"1","N0","T4","Negative/normal; within normal limits",0.7773,0.2227,"LOW"
24,"1","N0","T4","Negative/normal; within normal limits",0.8031,0.1969,"LOW"
25,"1","N0","T4","Negative/normal; within normal limits",0.7422,0.2578,"LOW"
26,"1","N0","T4","Negative/normal; within normal limits",0.8157,0.1843,"LOW"
27,"1","N0","T4","Negative/normal; within normal limits",0.8193,0.1807,"LOW"
28,"1","N0","T4","Negative/normal; within normal limits",0.8233,0.1767,"LOW"
29,"1","N0","T4","Negative/normal; within normal limits",0.8309,0.1691,"LOW"
30,"1","N0","T4","Negative/normal; within normal limits",0.8194,0.1806,"LOW"
31,"1","N0","T4","Negative/normal; within normal limits",0.8077,0.1923,"LOW"
32,"1","N0","T4","Negative/normal; within normal limits",0.8181,0.1819,"LOW"
33,"1","N0","T4","Negative/normal; within normal limits",0.8247,0.1753,"LOW"
34,"1","N0","T4","Negative/normal; within normal limits",0.8303,0.1697,"LOW"
35,"1","N0","T4","Negative/normal; within normal limits",0.8297,0.1703,"LOW"
36,"1","N0","T4","Negative/normal; within normal limits",0.8034,0.1966,"LOW"
37,"1","N0","T4","Negative/normal; within normal limits",0.7154,0.2846,"LOW"
38,"1","N0","T4","Negative/normal; within normal limits",0.7497,0.2503,"LOW"
39,"1","N0","T4","Negative/normal; within normal limits",0.7421,0.2579,"LOW"
40,"1","N0","T4","Negative/normal; within normal limits",0.7795,0.2205,"LOW"
41,"1","N0","T4","Negative/normal; within normal limits",0.8268,0.1732,"LOW"
42,"1","N0","T4","Negative/normal; within normal limits",0.823,0.177,"LOW"
43,"1","N0","T4","Negative/normal; within normal limits",0.8413,0.1587,"LOW"
44,"1","N0","T4","Negative/normal; within normal limits",0.8343,0.1657,"LOW"
45,"1","N0","T4","Negative/normal; within normal limits",0.8519,0.1481,"LOW"
46,"1","N0","T4","Negative/normal; within normal limits",0.8546,0.1454,"LOW"
47,"1","N0","T4","Negative/normal; within normal limits",0.8726,0.1274,"LOW"
48,"1","N0","T4","Negative/normal; within normal limits",0.8791,0.1209,"LOW"
49,"1","N0","T4","Negative/normal; within normal limits",0.8724,0.1276,"LOW"
50,"1","N0","T4","Negative/normal; within normal limits",0.8598,0.1402,"LOW"
51,"1","N0","T4","Negative/normal; within normal limits",0.8736,0.1264,"LOW"
52,"1","N0","T4","Negative/normal; within normal limits",0.8785,0.1215,"LOW"
53,"1","N0","T4","Negative/normal; within normal limits",0.8762,0.1238,"LOW"
54,"1","N0","T4","Negative/normal; within normal limits",0.8564,0.1436,"LOW"
55,"1","N0","T4","Negative/normal; within normal limits",0.8563,0.1437,"LOW"
56,"1","N0","T4","Negative/normal; within normal limits",0.873,0.127,"LOW"
57,"1","N0","T4","Negative/normal; within normal limits",0.8628,0.1372,"LOW"
58,"1","N0","T4","Negative/normal; within normal limits",0.8771,0.1229,"LOW"
59,"1","N0","T4","Negative/normal; within normal limits",0.8732,0.1268,"LOW"
60,"1","N0","T4","Negative/normal; within normal limits",0.8722,0.1278,"LOW"
61,"1","N0","T4","Negative/normal; within normal limits",0.8811,0.1189,"LOW"
62,"1","N0","T4","Negative/normal; within normal limits",0.8674,0.1326,"LOW"
63,"1","N0","T4","Negative/normal; within normal limits",0.8747,0.1253,"LOW"
64,"1","N0","T4","Negative/normal; within normal limits",0.876,0.124,"LOW"
65,"1","N0","T4","Negative/normal; within normal limits",0.8656,0.1344,"LOW"
66,"1","N0","T4","Negative/normal; within normal limits",0.8677,0.1323,"LOW"
67,"1","N0","T4","Negative/normal; within normal limits",0.8612,0.1388,"LOW"
68,"1","N0","T4","Negative/normal; within normal limits",0.8636,0.1364,"LOW"
69,"1","N0","T4","Negative/normal; within normal limits",0.8636,0.1364,"LOW"
70,"1","N0","T4","Negative/normal; within normal limits",0.858,0.142,"LOW"
71,"1","N0","T4","Negative/normal; within normal limits",0.8645,0.1355,"LOW"
72,"1","N0","T4","Negative/normal; within normal limits",0.8699,0.1301,"LOW"
73,"1","N0","T4","Negative/normal; within normal limits",0.8667,0.1333,"LOW"
74,"1","N0","T4","Negative/normal; within normal limits",0.8839,0.1161,"LOW"
75,"1","N0","T4","Negative/normal; within normal limits",0.876,0.124,"LOW"
76,"1","N0","T4","Negative/normal; within normal limits",0.8881,0.1119,"LOW"
77,"1","N0","T4","Negative/normal; within normal limits",0.8912,0.1088,"LOW"
78,"1","N0","T4","Negative/normal; within normal limits",0.8837,0.1163,"LOW"
79,"1","N0","T4","Negative/normal; within normal limits",0.886,0.114,"LOW"
80,"1","N0","T4","Negative/normal; within normal limits",0.8937,0.1063,"LOW"
81,"1","N0","T4","Negative/normal; within normal limits",0.8861,0.1139,"LOW"
82,"1","N0","T4","Negative/normal; within normal limits",0.8923,0.1077,"LOW"
83,"1","N0","T4","Negative/normal; within normal limits",0.8718,0.1282,"LOW"
84,"1","N0","T4","Negative/normal; within normal limits",0.8948,0.1052,"LOW"
85,"1","N0","T4","Negative/normal; within normal limits",0.8965,0.1035,"LOW"
86,"1","N0","T4","Negative/normal; within normal limits",0.8753,0.1247,"LOW"
87,"1","N0","T4","Negative/normal; within normal limits",0.8973,0.1027,"LOW"
88,"1","N0","T4","Negative/normal; within normal limits",0.8895,0.1105,"LOW"
89,"1","N0","T4","Negative/normal; within normal limits",0.8598,0.1402,"LOW"
90,"1","N0","T4","Negative/normal; within normal limits",0.9084,0.0916,"LOW"
91,"1","N0","T4","Negative/normal; within normal limits",0.9084,0.0916,"LOW"
92,"1","N0","T4","Negative/normal; within normal limits",0.9084,0.0916,"LOW"
93,"1","N0","T4","Negative/normal; within normal limits",0.9084,0.0916,"LOW"
94,"1","N0","T4","Negative/normal; within normal limits",0.9084,0.0916,"LOW"
95,"1","N0","T4","Negative/normal; within normal limits",0.9084,0.0916,"LOW"
96,"1","N0","T4","Negative/normal; within normal limits",0.9084,0.0916,"LOW"
97,"1","N0","T4","Negative/normal; within normal limits",0.9084,0.0916,"LOW"
98,"1","N0","T4","Negative/normal; within normal limits",0.9084,0.0916,"LOW"
99,"1","N0","T4","Negative/normal; within normal limits",0.9084,0.0916,"LOW"
0,"2","N0","T4","Negative/normal; within normal limits",0.5141,0.4859,"LOW"
1,"2","N0","T4","Negative/normal; within normal limits",0.5141,0.4859,"LOW"
2,"2","N0","T4","Negative/normal; within normal limits",0.5141,0.4859,"LOW"
3,"2","N0","T4","Negative/normal; within normal limits",0.5141,0.4859,"LOW"
4,"2","N0","T4","Negative/normal; within normal limits",0.5141,0.4859,"LOW"
5,"2","N0","T4","Negative/normal; within normal limits",0.5141,0.4859,"LOW"
6,"2","N0","T4","Negative/normal; within normal limits",0.5141,0.4859,"LOW"
7,"2","N0","T4","Negative/normal; within normal limits",0.5141,0.4859,"LOW"
8,"2","N0","T4","Negative/normal; within normal limits",0.5141,0.4859,"LOW"
9,"2","N0","T4","Negative/normal; within normal limits",0.5141,0.4859,"LOW"
10,"2","N0","T4","Negative/normal; within normal limits",0.5141,0.4859,"LOW"
11,"2","N0","T4","Negative/normal; within normal limits",0.5141,0.4859,"LOW"
12,"2","N0","T4","Negative/normal; within normal limits",0.5141,0.4859,"LOW"
13,"2","N0","T4","Negative/normal; within normal limits",0.5141,0.4859,"LOW"
14,"2","N0","T4","Negative/normal; within normal limits",0.5141,0.4859,"LOW"
15,"2","N0","T4","Negative/normal; within normal limits",0.5141,0.4859,"LOW"
16,"2","N0","T4","Negative/normal; within normal limits",0.5141,0.4859,"LOW"
17,"2","N0","T4","Negative/normal; within normal limits",0.5141,0.4859,"LOW"
18,"2","N0","T4","Negative/normal; within normal limits",0.5382,0.4618,"LOW"
19,"2","N0","T4","Negative/normal; within normal limits",0.5503,0.4497,"LOW"
20,"2","N0","T4","Negative/normal; within normal limits",0.5713,0.4287,"LOW"
21,"2","N0","T4","Negative/normal; within normal limits",0.5919,0.4081,"LOW"
22,"2","N0","T4","Negative/normal; within normal limits",0.6071,0.3929,"LOW"
23,"2","N0","T4","Negative/normal; within normal limits",0.612,0.388,"LOW"
24,"2","N0","T4","Negative/normal; within normal limits",0.6501,0.3499,"LOW"
25,"2","N0","T4","Negative/normal; within normal limits",0.6485,0.3515,"LOW"
26,"2","N0","T4","Negative/normal; within normal limits",0.7735,0.2265,"LOW"
27,"2","N0","T4","Negative/normal; within normal limits",0.7628,0.2372,"LOW"
28,"2","N0","T4","Negative/normal; within normal limits",0.7129,0.2871,"LOW"
29,"2","N0","T4","Negative/normal; within normal limits",0.781,0.219,"LOW"
30,"2","N0","T4","Negative/normal; within normal limits",0.6921,0.3079,"LOW"
31,"2","N0","T4","Negative/normal; within normal limits",0.6863,0.3137,"LOW"
32,"2","N0","T4","Negative/normal; within normal limits",0.7518,0.2482,"LOW"
33,"2","N0","T4","Negative/normal; within normal limits",0.7436,0.2564,"LOW"
34,"2","N0","T4","Negative/normal; within normal limits",0.7449,0.2551,"LOW"
35,"2","N0","T4","Negative/normal; within normal limits",0.7266,0.2734,"LOW"
36,"2","N0","T4","Negative/normal; within normal limits",0.7043,0.2957,"LOW"
37,"2","N0","T4","Negative/normal; within normal limits",0.7931,0.2069,"LOW"
38,"2","N0","T4","Negative/normal; within normal limits",0.7559,0.2441,"LOW"
39,"2","N0","T4","Negative/normal; within normal limits",0.7439,0.2561,"LOW"
40,"2","N0","T4","Negative/normal; within normal limits",0.792,0.208,"LOW"
41,"2","N0","T4","Negative/normal; within normal limits",0.8178,0.1822,"LOW"
42,"2","N0","T4","Negative/normal; within normal limits",0.85,0.15,"LOW"
43,"2","N0","T4","Negative/normal; within normal limits",0.8648,0.1352,"LOW"
44,"2","N0","T4","Negative/normal; within normal limits",0.8718,0.1282,"LOW"
45,"2","N0","T4","Negative/normal; within normal limits",0.8811,0.1189,"LOW"
46,"2","N0","T4","Negative/normal; within normal limits",0.8877,0.1123,"LOW"
47,"2","N0","T4","Negative/normal; within normal limits",0.8944,0.1056,"LOW"
48,"2","N0","T4","Negative/normal; within normal limits",0.898,0.102,"LOW"
49,"2","N0","T4","Negative/normal; within normal limits",0.8993,0.1007,"LOW"
50,"2","N0","T4","Negative/normal; within normal limits",0.8944,0.1056,"LOW"
51,"2","N0","T4","Negative/normal; within normal limits",0.8938,0.1062,"LOW"
52,"2","N0","T4","Negative/normal; within normal limits",0.8805,0.1195,"LOW"
53,"2","N0","T4","Negative/normal; within normal limits",0.8886,0.1114,"LOW"
54,"2","N0","T4","Negative/normal; within normal limits",0.8855,0.1145,"LOW"
55,"2","N0","T4","Negative/normal; within normal limits",0.8842,0.1158,"LOW"
56,"2","N0","T4","Negative/normal; within normal limits",0.8746,0.1254,"LOW"
57,"2","N0","T4","Negative/normal; within normal limits",0.8791,0.1209,"LOW"
58,"2","N0","T4","Negative/normal; within normal limits",0.8792,0.1208,"LOW"
59,"2","N0","T4","Negative/normal; within normal limits",0.8836,0.1164,"LOW"
60,"2","N0","T4","Negative/normal; within normal limits",0.8669,0.1331,"LOW"
61,"2","N0","T4","Negative/normal; within normal limits",0.8797,0.1203,"LOW"
62,"2","N0","T4","Negative/normal; within normal limits",0.8811,0.1189,"LOW"
63,"2","N0","T4","Negative/normal; within normal limits",0.8724,0.1276,"LOW"
64,"2","N0","T4","Negative/normal; within normal limits",0.8692,0.1308,"LOW"
65,"2","N0","T4","Negative/normal; within normal limits",0.8609,0.1391,"LOW"
66,"2","N0","T4","Negative/normal; within normal limits",0.8595,0.1405,"LOW"
67,"2","N0","T4","Negative/normal; within normal limits",0.8374,0.1626,"LOW"
68,"2","N0","T4","Negative/normal; within normal limits",0.8746,0.1254,"LOW"
69,"2","N0","T4","Negative/normal; within normal limits",0.8702,0.1298,"LOW"
70,"2","N0","T4","Negative/normal; within normal limits",0.8726,0.1274,"LOW"
71,"2","N0","T4","Negative/normal; within normal limits",0.8737,0.1263,"LOW"
72,"2","N0","T4","Negative/normal; within normal limits",0.879,0.121,"LOW"
73,"2","N0","T4","Negative/normal; within normal limits",0.8686,0.1314,"LOW"
74,"2","N0","T4","Negative/normal; within normal limits",0.884,0.116,"LOW"
75,"2","N0","T4","Negative/normal; within normal limits",0.8854,0.1146,"LOW"
76,"2","N0","T4","Negative/normal; within normal limits",0.881,0.119,"LOW"
77,"2","N0","T4","Negative/normal; within normal limits",0.8785,0.1215,"LOW"
78,"2","N0","T4","Negative/normal; within normal limits",0.8777,0.1223,"LOW"
79,"2","N0","T4","Negative/normal; within normal limits",0.871,0.129,"LOW"
80,"2","N0","T4","Negative/normal; within normal limits",0.8794,0.1206,"LOW"
81,"2","N0","T4","Negative/normal; within normal limits",0.8715,0.1285,"LOW"
82,"2","N0","T4","Negative/normal; within normal limits",0.8783,0.1217,"LOW"
83,"2","N0","T4","Negative/normal; within normal limits",0.8951,0.1049,"LOW"
84,"2","N0","T4","Negative/normal; within normal limits",0.9032,0.0968,"LOW"
85,"2","N0","T4","Negative/normal; within normal limits",0.9062,0.0938,"LOW"
86,"2","N0","T4","Negative/normal; within normal limits",0.9079,0.0921,"LOW"
87,"2","N0","T4","Negative/normal; within normal limits",0.9063,0.0937,"LOW"
88,"2","N0","T4","Negative/normal; within normal limits",0.8879,0.1121,"LOW"
89,"2","N0","T4","Negative/normal; within normal limits",0.8952,0.1048,"LOW"
90,"2","N0","T4","Negative/normal; within normal limits",0.9193,0.0807,"LOW"
91,"2","N0","T4","Negative/normal; within normal limits",0.9193,0.0807,"LOW"
92,"2","N0","T4","Negative/normal; within normal limits",0.9193,0.0807,"LOW"
93,"2","N0","T4","Negative/normal; within normal limits",0.9193,0.0807,"LOW"
94,"2","N0","T4","Negative/normal; within normal limits",0.9193,0.0807,"LOW"
95,"2","N0","T4","Negative/normal; within normal limits",0.9193,0.0807,"LOW"
96,"2","N0","T4","Negative/normal; within normal limits",0.9193,0.0807,"LOW"
97,"2","N0","T4","Negative/normal; within normal limits",0.9193,0.0807,"LOW"
98,"2","N0","T4","Negative/normal; within normal limits",0.9193,0.0807,"LOW"
99,"2","N0","T4","Negative/normal; within normal limits",0.9193,0.0807,"LOW"
0,"1","N1","T4","Negative/normal; within normal limits",0.6731,0.3269,"LOW"
1,"1","N1","T4","Negative/normal; within normal limits",0.6731,0.3269,"LOW"
2,"1","N1","T4","Negative/normal; within normal limits",0.6731,0.3269,"LOW"
3,"1","N1","T4","Negative/normal; within normal limits",0.6731,0.3269,"LOW"
4,"1","N1","T4","Negative/normal; within normal limits",0.6731,0.3269,"LOW"
5,"1","N1","T4","Negative/normal; within normal limits",0.6731,0.3269,"LOW"
6,"1","N1","T4","Negative/normal; within normal limits",0.6731,0.3269,"LOW"
7,"1","N1","T4","Negative/normal; within normal limits",0.6731,0.3269,"LOW"
8,"1","N1","T4","Negative/normal; within normal limits",0.6731,0.3269,"LOW"
9,"1","N1","T4","Negative/normal; within normal limits",0.6731,0.3269,"LOW"
10,"1","N1","T4","Negative/normal; within normal limits",0.6731,0.3269,"LOW"
11,"1","N1","T4","Negative/normal; within normal limits",0.6731,0.3269,"LOW"
12,"1","N1","T4","Negative/normal; within normal limits",0.6731,0.3269,"LOW"
13,"1","N1","T4","Negative/normal; within normal limits",0.6731,0.3269,"LOW"
14,"1","N1","T4","Negative/normal; within normal limits",0.6731,0.3269,"LOW"
15,"1","N1","T4","Negative/normal; within normal limits",0.6731,0.3269,"LOW"
16,"1","N1","T4","Negative/normal; within normal limits",0.6731,0.3269,"LOW"
17,"1","N1","T4","Negative/normal; within normal limits",0.6731,0.3269,"LOW"
18,"1","N1","T4","Negative/normal; within normal limits",0.6767,0.3233,"LOW"
19,"1","N1","T4","Negative/normal; within normal limits",0.6741,0.3259,"LOW"
20,"1","N1","T4","Negative/normal; within normal limits",0.6778,0.3222,"LOW"
21,"1","N1","T4","Negative/normal; within normal limits",0.6828,0.3172,"LOW"
22,"1","N1","T4","Negative/normal; within normal limits",0.6874,0.3126,"LOW"
23,"1","N1","T4","Negative/normal; within normal limits",0.6874,0.3126,"LOW"
24,"1","N1","T4","Negative/normal; within normal limits",0.6953,0.3047,"LOW"
25,"1","N1","T4","Negative/normal; within normal limits",0.6936,0.3064,"LOW"
26,"1","N1","T4","Negative/normal; within normal limits",0.6937,0.3063,"LOW"
27,"1","N1","T4","Negative/normal; within normal limits",0.7783,0.2217,"LOW"
28,"1","N1","T4","Negative/normal; within normal limits",0.8064,0.1936,"LOW"
29,"1","N1","T4","Negative/normal; within normal limits",0.816,0.184,"LOW"
30,"1","N1","T4","Negative/normal; within normal limits",0.8201,0.1799,"LOW"
31,"1","N1","T4","Negative/normal; within normal limits",0.7973,0.2027,"LOW"
32,"1","N1","T4","Negative/normal; within normal limits",0.7634,0.2366,"LOW"
33,"1","N1","T4","Negative/normal; within normal limits",0.8203,0.1797,"LOW"
34,"1","N1","T4","Negative/normal; within normal limits",0.8251,0.1749,"LOW"
35,"1","N1","T4","Negative/normal; within normal limits",0.8261,0.1739,"LOW"
36,"1","N1","T4","Negative/normal; within normal limits",0.8148,0.1852,"LOW"
37,"1","N1","T4","Negative/normal; within normal limits",0.8264,0.1736,"LOW"
38,"1","N1","T4","Negative/normal; within normal limits",0.8122,0.1878,"LOW"
39,"1","N1","T4","Negative/normal; within normal limits",0.7601,0.2399,"LOW"
40,"1","N1","T4","Negative/normal; within normal limits",0.7855,0.2145,"LOW"
41,"1","N1","T4","Negative/normal; within normal limits",0.7983,0.2017,"LOW"
42,"1","N1","T4","Negative/normal; within normal limits",0.811,0.189,"LOW"
43,"1","N1","T4","Negative/normal; within normal limits",0.7928,0.2072,"LOW"
44,"1","N1","T4","Negative/normal; within normal limits",0.7884,0.2116,"LOW"
45,"1","N1","T4","Negative/normal; within normal limits",0.8041,0.1959,"LOW"
46,"1","N1","T4","Negative/normal; within normal limits",0.7885,0.2115,"LOW"
47,"1","N1","T4","Negative/normal; within normal limits",0.7972,0.2028,"LOW"
48,"1","N1","T4","Negative/normal; within normal limits",0.7979,0.2021,"LOW"
49,"1","N1","T4","Negative/normal; within normal limits",0.7987,0.2013,"LOW"
50,"1","N1","T4","Negative/normal; within normal limits",0.7931,0.2069,"LOW"
51,"1","N1","T4","Negative/normal; within normal limits",0.7988,0.2012,"LOW"
52,"1","N1","T4","Negative/normal; within normal limits",0.7867,0.2133,"LOW"
53,"1","N1","T4","Negative/normal; within normal limits",0.7878,0.2122,"LOW"
54,"1","N1","T4","Negative/normal; within normal limits",0.7721,0.2279,"LOW"
55,"1","N1","T4","Negative/normal; within normal limits",0.7843,0.2157,"LOW"
56,"1","N1","T4","Negative/normal; within normal limits",0.7879,0.2121,"LOW"
57,"1","N1","T4","Negative/normal; within normal limits",0.7915,0.2085,"LOW"
58,"1","N1","T4","Negative/normal; within normal limits",0.7911,0.2089,"LOW"
59,"1","N1","T4","Negative/normal; within normal limits",0.789,0.211,"LOW"
60,"1","N1","T4","Negative/normal; within normal limits",0.791,0.209,"LOW"
61,"1","N1","T4","Negative/normal; within normal limits",0.7943,0.2057,"LOW"
62,"1","N1","T4","Negative/normal; within normal limits",0.8091,0.1909,"LOW"
63,"1","N1","T4","Negative/normal; within normal limits",0.8202,0.1798,"LOW"
64,"1","N1","T4","Negative/normal; within normal limits",0.824,0.176,"LOW"
65,"1","N1","T4","Negative/normal; within normal limits",0.8239,0.1761,"LOW"
66,"1","N1","T4","Negative/normal; within normal limits",0.8224,0.1776,"LOW"
67,"1","N1","T4","Negative/normal; within normal limits",0.8342,0.1658,"LOW"
68,"1","N1","T4","Negative/normal; within normal limits",0.826,0.174,"LOW"
69,"1","N1","T4","Negative/normal; within normal limits",0.8239,0.1761,"LOW"
70,"1","N1","T4","Negative/normal; within normal limits",0.8295,0.1705,"LOW"
71,"1","N1","T4","Negative/normal; within normal limits",0.8122,0.1878,"LOW"
72,"1","N1","T4","Negative/normal; within normal limits",0.7995,0.2005,"LOW"
73,"1","N1","T4","Negative/normal; within normal limits",0.7709,0.2291,"LOW"
74,"1","N1","T4","Negative/normal; within normal limits",0.8123,0.1877,"LOW"
75,"1","N1","T4","Negative/normal; within normal limits",0.8127,0.1873,"LOW"
76,"1","N1","T4","Negative/normal; within normal limits",0.802,0.198,"LOW"
77,"1","N1","T4","Negative/normal; within normal limits",0.8215,0.1785,"LOW"
78,"1","N1","T4","Negative/normal; within normal limits",0.8188,0.1812,"LOW"
79,"1","N1","T4","Negative/normal; within normal limits",0.8275,0.1725,"LOW"
80,"1","N1","T4","Negative/normal; within normal limits",0.8113,0.1887,"LOW"
81,"1","N1","T4","Negative/normal; within normal limits",0.8128,0.1872,"LOW"
82,"1","N1","T4","Negative/normal; within normal limits",0.8027,0.1973,"LOW"
83,"1","N1","T4","Negative/normal; within normal limits",0.8204,0.1796,"LOW"
84,"1","N1","T4","Negative/normal; within normal limits",0.8235,0.1765,"LOW"
85,"1","N1","T4","Negative/normal; within normal limits",0.7989,0.2011,"LOW"
86,"1","N1","T4","Negative/normal; within normal limits",0.817,0.183,"LOW"
87,"1","N1","T4","Negative/normal; within normal limits",0.7937,0.2063,"LOW"
88,"1","N1","T4","Negative/normal; within normal limits",0.8249,0.1751,"LOW"
89,"1","N1","T4","Negative/normal; within normal limits",0.8141,0.1859,"LOW"
90,"1","N1","T4","Negative/normal; within normal limits",0.7428,0.2572,"LOW"
91,"1","N1","T4","Negative/normal; within normal limits",0.7428,0.2572,"LOW"
92,"1","N1","T4","Negative/normal; within normal limits",0.7428,0.2572,"LOW"
93,"1","N1","T4","Negative/normal; within normal limits",0.7428,0.2572,"LOW"
94,"1","N1","T4","Negative/normal; within normal limits",0.7428,0.2572,"LOW"
95,"1","N1","T4","Negative/normal; within normal limits",0.7428,0.2572,"LOW"
96,"1","N1","T4","Negative/normal; within normal limits",0.7428,0.2572,"LOW"
97,"1","N1","T4","Negative/normal; within normal limits",0.7428,0.2572,"LOW"
98,"1","N1","T4","Negative/normal; within normal limits",0.7428,0.2572,"LOW"
99,"1","N1","T4","Negative/normal; within normal limits",0.7428,0.2572,"LOW"
0,"2","N1","T4","Negative/normal; within normal limits",0.7334,0.2666,"LOW"
1,"2","N1","T4","Negative/normal; within normal limits",0.7334,0.2666,"LOW"
2,"2","N1","T4","Negative/normal; within normal limits",0.7334,0.2666,"LOW"
3,"2","N1","T4","Negative/normal; within normal limits",0.7334,0.2666,"LOW"
4,"2","N1","T4","Negative/normal; within normal limits",0.7334,0.2666,"LOW"
5,"2","N1","T4","Negative/normal; within normal limits",0.7334,0.2666,"LOW"
6,"2","N1","T4","Negative/normal; within normal limits",0.7334,0.2666,"LOW"
7,"2","N1","T4","Negative/normal; within normal limits",0.7334,0.2666,"LOW"
8,"2","N1","T4","Negative/normal; within normal limits",0.7334,0.2666,"LOW"
9,"2","N1","T4","Negative/normal; within normal limits",0.7334,0.2666,"LOW"
10,"2","N1","T4","Negative/normal; within normal limits",0.7334,0.2666,"LOW"
11,"2","N1","T4","Negative/normal; within normal limits",0.7334,0.2666,"LOW"
12,"2","N1","T4","Negative/normal; within normal limits",0.7334,0.2666,"LOW"
13,"2","N1","T4","Negative/normal; within normal limits",0.7334,0.2666,"LOW"
14,"2","N1","T4","Negative/normal; within normal limits",0.7334,0.2666,"LOW"
15,"2","N1","T4","Negative/normal; within normal limits",0.7334,0.2666,"LOW"
16,"2","N1","T4","Negative/normal; within normal limits",0.7334,0.2666,"LOW"
17,"2","N1","T4","Negative/normal; within normal limits",0.7334,0.2666,"LOW"
18,"2","N1","T4","Negative/normal; within normal limits",0.7404,0.2596,"LOW"
19,"2","N1","T4","Negative/normal; within normal limits",0.7418,0.2582,"LOW"
20,"2","N1","T4","Negative/normal; within normal limits",0.7458,0.2542,"LOW"
21,"2","N1","T4","Negative/normal; within normal limits",0.7518,0.2482,"LOW"
22,"2","N1","T4","Negative/normal; within normal limits",0.7606,0.2394,"LOW"
23,"2","N1","T4","Negative/normal; within normal limits",0.7616,0.2384,"LOW"
24,"2","N1","T4","Negative/normal; within normal limits",0.7697,0.2303,"LOW"
25,"2","N1","T4","Negative/normal; within normal limits",0.77,0.23,"LOW"
26,"2","N1","T4","Negative/normal; within normal limits",0.7864,0.2136,"LOW"
27,"2","N1","T4","Negative/normal; within normal limits",0.7386,0.2614,"LOW"
28,"2","N1","T4","Negative/normal; within normal limits",0.7644,0.2356,"LOW"
29,"2","N1","T4","Negative/normal; within normal limits",0.7872,0.2128,"LOW"
30,"2","N1","T4","Negative/normal; within normal limits",0.7943,0.2057,"LOW"
31,"2","N1","T4","Negative/normal; within normal limits",0.8058,0.1942,"LOW"
32,"2","N1","T4","Negative/normal; within normal limits",0.8029,0.1971,"LOW"
33,"2","N1","T4","Negative/normal; within normal limits",0.7701,0.2299,"LOW"
34,"2","N1","T4","Negative/normal; within normal limits",0.8121,0.1879,"LOW"
35,"2","N1","T4","Negative/normal; within normal limits",0.7833,0.2167,"LOW"
36,"2","N1","T4","Negative/normal; within normal limits",0.8013,0.1987,"LOW"
37,"2","N1","T4","Negative/normal; within normal limits",0.813,0.187,"LOW"
38,"2","N1","T4","Negative/normal; within normal limits",0.7903,0.2097,"LOW"
39,"2","N1","T4","Negative/normal; within normal limits",0.8103,0.1897,"LOW"
40,"2","N1","T4","Negative/normal; within normal limits",0.7963,0.2037,"LOW"
41,"2","N1","T4","Negative/normal; within normal limits",0.808,0.192,"LOW"
42,"2","N1","T4","Negative/normal; within normal limits",0.8185,0.1815,"LOW"
43,"2","N1","T4","Negative/normal; within normal limits",0.7916,0.2084,"LOW"
44,"2","N1","T4","Negative/normal; within normal limits",0.805,0.195,"LOW"
45,"2","N1","T4","Negative/normal; within normal limits",0.8148,0.1852,"LOW"
46,"2","N1","T4","Negative/normal; within normal limits",0.8058,0.1942,"LOW"
47,"2","N1","T4","Negative/normal; within normal limits",0.8026,0.1974,"LOW"
48,"2","N1","T4","Negative/normal; within normal limits",0.8106,0.1894,"LOW"
49,"2","N1","T4","Negative/normal; within normal limits",0.8219,0.1781,"LOW"
50,"2","N1","T4","Negative/normal; within normal limits",0.8115,0.1885,"LOW"
51,"2","N1","T4","Negative/normal; within normal limits",0.8107,0.1893,"LOW"
52,"2","N1","T4","Negative/normal; within normal limits",0.8085,0.1915,"LOW"
53,"2","N1","T4","Negative/normal; within normal limits",0.8059,0.1941,"LOW"
54,"2","N1","T4","Negative/normal; within normal limits",0.8071,0.1929,"LOW"
55,"2","N1","T4","Negative/normal; within normal limits",0.805,0.195,"LOW"
56,"2","N1","T4","Negative/normal; within normal limits",0.8186,0.1814,"LOW"
57,"2","N1","T4","Negative/normal; within normal limits",0.8171,0.1829,"LOW"
58,"2","N1","T4","Negative/normal; within normal limits",0.814,0.186,"LOW"
59,"2","N1","T4","Negative/normal; within normal limits",0.8105,0.1895,"LOW"
60,"2","N1","T4","Negative/normal; within normal limits",0.8044,0.1956,"LOW"
61,"2","N1","T4","Negative/normal; within normal limits",0.8052,0.1948,"LOW"
62,"2","N1","T4","Negative/normal; within normal limits",0.8098,0.1902,"LOW"
63,"2","N1","T4","Negative/normal; within normal limits",0.8107,0.1893,"LOW"
64,"2","N1","T4","Negative/normal; within normal limits",0.8088,0.1912,"LOW"
65,"2","N1","T4","Negative/normal; within normal limits",0.8155,0.1845,"LOW"
66,"2","N1","T4","Negative/normal; within normal limits",0.799,0.201,"LOW"
67,"2","N1","T4","Negative/normal; within normal limits",0.8091,0.1909,"LOW"
68,"2","N1","T4","Negative/normal; within normal limits",0.7933,0.2067,"LOW"
69,"2","N1","T4","Negative/normal; within normal limits",0.7891,0.2109,"LOW"
70,"2","N1","T4","Negative/normal; within normal limits",0.7918,0.2082,"LOW"
71,"2","N1","T4","Negative/normal; within normal limits",0.7877,0.2123,"LOW"
72,"2","N1","T4","Negative/normal; within normal limits",0.7707,0.2293,"LOW"
73,"2","N1","T4","Negative/normal; within normal limits",0.7748,0.2252,"LOW"
74,"2","N1","T4","Negative/normal; within normal limits",0.7674,0.2326,"LOW"
75,"2","N1","T4","Negative/normal; within normal limits",0.7877,0.2123,"LOW"
76,"2","N1","T4","Negative/normal; within normal limits",0.7947,0.2053,"LOW"
77,"2","N1","T4","Negative/normal; within normal limits",0.791,0.209,"LOW"
78,"2","N1","T4","Negative/normal; within normal limits",0.785,0.215,"LOW"
79,"2","N1","T4","Negative/normal; within normal limits",0.7859,0.2141,"LOW"
80,"2","N1","T4","Negative/normal; within normal limits",0.7876,0.2124,"LOW"
81,"2","N1","T4","Negative/normal; within normal limits",0.798,0.202,"LOW"
82,"2","N1","T4","Negative/normal; within normal limits",0.7662,0.2338,"LOW"
83,"2","N1","T4","Negative/normal; within normal limits",0.7556,0.2444,"LOW"
84,"2","N1","T4","Negative/normal; within normal limits",0.7842,0.2158,"LOW"
85,"2","N1","T4","Negative/normal; within normal limits",0.8197,0.1803,"LOW"
86,"2","N1","T4","Negative/normal; within normal limits",0.8321,0.1679,"LOW"
87,"2","N1","T4","Negative/normal; within normal limits",0.8351,0.1649,"LOW"
88,"2","N1","T4","Negative/normal; within normal limits",0.8452,0.1548,"LOW"
89,"2","N1","T4","Negative/normal; within normal limits",0.8495,0.1505,"LOW"
90,"2","N1","T4","Negative/normal; within normal limits",0.8515,0.1485,"LOW"
91,"2","N1","T4","Negative/normal; within normal limits",0.8515,0.1485,"LOW"
92,"2","N1","T4","Negative/normal; within normal limits",0.8515,0.1485,"LOW"
93,"2","N1","T4","Negative/normal; within normal limits",0.8515,0.1485,"LOW"
94,"2","N1","T4","Negative/normal; within normal limits",0.8515,0.1485,"LOW"
95,"2","N1","T4","Negative/normal; within normal limits",0.8515,0.1485,"LOW"
96,"2","N1","T4","Negative/normal; within normal limits",0.8515,0.1485,"LOW"
97,"2","N1","T4","Negative/normal; within normal limits",0.8515,0.1485,"LOW"
98,"2","N1","T4","Negative/normal; within normal limits",0.8515,0.1485,"LOW"
99,"2","N1","T4","Negative/normal; within normal limits",0.8515,0.1485,"LOW"
0,"1","N2","T4","Negative/normal; within normal limits",0.8188,0.1812,"LOW"
1,"1","N2","T4","Negative/normal; within normal limits",0.8188,0.1812,"LOW"
2,"1","N2","T4","Negative/normal; within normal limits",0.8188,0.1812,"LOW"
3,"1","N2","T4","Negative/normal; within normal limits",0.8188,0.1812,"LOW"
4,"1","N2","T4","Negative/normal; within normal limits",0.8188,0.1812,"LOW"
5,"1","N2","T4","Negative/normal; within normal limits",0.8188,0.1812,"LOW"
6,"1","N2","T4","Negative/normal; within normal limits",0.8188,0.1812,"LOW"
7,"1","N2","T4","Negative/normal; within normal limits",0.8188,0.1812,"LOW"
8,"1","N2","T4","Negative/normal; within normal limits",0.8188,0.1812,"LOW"
9,"1","N2","T4","Negative/normal; within normal limits",0.8188,0.1812,"LOW"
10,"1","N2","T4","Negative/normal; within normal limits",0.8188,0.1812,"LOW"
11,"1","N2","T4","Negative/normal; within normal limits",0.8188,0.1812,"LOW"
12,"1","N2","T4","Negative/normal; within normal limits",0.8188,0.1812,"LOW"
13,"1","N2","T4","Negative/normal; within normal limits",0.8188,0.1812,"LOW"
14,"1","N2","T4","Negative/normal; within normal limits",0.8188,0.1812,"LOW"
15,"1","N2","T4","Negative/normal; within normal limits",0.8188,0.1812,"LOW"
16,"1","N2","T4","Negative/normal; within normal limits",0.8188,0.1812,"LOW"
17,"1","N2","T4","Negative/normal; within normal limits",0.8188,0.1812,"LOW"
18,"1","N2","T4","Negative/normal; within normal limits",0.8345,0.1655,"LOW"
19,"1","N2","T4","Negative/normal; within normal limits",0.8238,0.1762,"LOW"
20,"1","N2","T4","Negative/normal; within normal limits",0.8127,0.1873,"LOW"
21,"1","N2","T4","Negative/normal; within normal limits",0.7766,0.2234,"LOW"
22,"1","N2","T4","Negative/normal; within normal limits",0.7554,0.2446,"LOW"
23,"1","N2","T4","Negative/normal; within normal limits",0.7291,0.2709,"LOW"
24,"1","N2","T4","Negative/normal; within normal limits",0.7995,0.2005,"LOW"
25,"1","N2","T4","Negative/normal; within normal limits",0.7892,0.2108,"LOW"
26,"1","N2","T4","Negative/normal; within normal limits",0.7725,0.2275,"LOW"
27,"1","N2","T4","Negative/normal; within normal limits",0.7724,0.2276,"LOW"
28,"1","N2","T4","Negative/normal; within normal limits",0.7845,0.2155,"LOW"
29,"1","N2","T4","Negative/normal; within normal limits",0.7911,0.2089,"LOW"
30,"1","N2","T4","Negative/normal; within normal limits",0.7985,0.2015,"LOW"
31,"1","N2","T4","Negative/normal; within normal limits",0.7842,0.2158,"LOW"
32,"1","N2","T4","Negative/normal; within normal limits",0.7484,0.2516,"LOW"
33,"1","N2","T4","Negative/normal; within normal limits",0.7222,0.2778,"LOW"
34,"1","N2","T4","Negative/normal; within normal limits",0.7567,0.2433,"LOW"
35,"1","N2","T4","Negative/normal; within normal limits",0.7336,0.2664,"LOW"
36,"1","N2","T4","Negative/normal; within normal limits",0.7845,0.2155,"LOW"
37,"1","N2","T4","Negative/normal; within normal limits",0.815,0.185,"LOW"
38,"1","N2","T4","Negative/normal; within normal limits",0.8163,0.1837,"LOW"
39,"1","N2","T4","Negative/normal; within normal limits",0.8204,0.1796,"LOW"
40,"1","N2","T4","Negative/normal; within normal limits",0.8081,0.1919,"LOW"
41,"1","N2","T4","Negative/normal; within normal limits",0.8111,0.1889,"LOW"
42,"1","N2","T4","Negative/normal; within normal limits",0.7942,0.2058,"LOW"
43,"1","N2","T4","Negative/normal; within normal limits",0.7791,0.2209,"LOW"
44,"1","N2","T4","Negative/normal; within normal limits",0.7965,0.2035,"LOW"
45,"1","N2","T4","Negative/normal; within normal limits",0.8099,0.1901,"LOW"
46,"1","N2","T4","Negative/normal; within normal limits",0.8035,0.1965,"LOW"
47,"1","N2","T4","Negative/normal; within normal limits",0.801,0.199,"LOW"
48,"1","N2","T4","Negative/normal; within normal limits",0.7958,0.2042,"LOW"
49,"1","N2","T4","Negative/normal; within normal limits",0.8004,0.1996,"LOW"
50,"1","N2","T4","Negative/normal; within normal limits",0.8034,0.1966,"LOW"
51,"1","N2","T4","Negative/normal; within normal limits",0.8072,0.1928,"LOW"
52,"1","N2","T4","Negative/normal; within normal limits",0.7928,0.2072,"LOW"
53,"1","N2","T4","Negative/normal; within normal limits",0.8087,0.1913,"LOW"
54,"1","N2","T4","Negative/normal; within normal limits",0.7938,0.2062,"LOW"
55,"1","N2","T4","Negative/normal; within normal limits",0.8037,0.1963,"LOW"
56,"1","N2","T4","Negative/normal; within normal limits",0.7915,0.2085,"LOW"
57,"1","N2","T4","Negative/normal; within normal limits",0.8052,0.1948,"LOW"
58,"1","N2","T4","Negative/normal; within normal limits",0.7974,0.2026,"LOW"
59,"1","N2","T4","Negative/normal; within normal limits",0.7831,0.2169,"LOW"
60,"1","N2","T4","Negative/normal; within normal limits",0.7753,0.2247,"LOW"
61,"1","N2","T4","Negative/normal; within normal limits",0.783,0.217,"LOW"
62,"1","N2","T4","Negative/normal; within normal limits",0.784,0.216,"LOW"
63,"1","N2","T4","Negative/normal; within normal limits",0.7699,0.2301,"LOW"
64,"1","N2","T4","Negative/normal; within normal limits",0.7876,0.2124,"LOW"
65,"1","N2","T4","Negative/normal; within normal limits",0.769,0.231,"LOW"
66,"1","N2","T4","Negative/normal; within normal limits",0.7919,0.2081,"LOW"
67,"1","N2","T4","Negative/normal; within normal limits",0.8021,0.1979,"LOW"
68,"1","N2","T4","Negative/normal; within normal limits",0.8076,0.1924,"LOW"
69,"1","N2","T4","Negative/normal; within normal limits",0.8022,0.1978,"LOW"
70,"1","N2","T4","Negative/normal; within normal limits",0.7759,0.2241,"LOW"
71,"1","N2","T4","Negative/normal; within normal limits",0.7732,0.2268,"LOW"
72,"1","N2","T4","Negative/normal; within normal limits",0.7894,0.2106,"LOW"
73,"1","N2","T4","Negative/normal; within normal limits",0.7777,0.2223,"LOW"
74,"1","N2","T4","Negative/normal; within normal limits",0.7837,0.2163,"LOW"
75,"1","N2","T4","Negative/normal; within normal limits",0.7822,0.2178,"LOW"
76,"1","N2","T4","Negative/normal; within normal limits",0.8118,0.1882,"LOW"
77,"1","N2","T4","Negative/normal; within normal limits",0.814,0.186,"LOW"
78,"1","N2","T4","Negative/normal; within normal limits",0.8183,0.1817,"LOW"
79,"1","N2","T4","Negative/normal; within normal limits",0.8152,0.1848,"LOW"
80,"1","N2","T4","Negative/normal; within normal limits",0.7972,0.2028,"LOW"
81,"1","N2","T4","Negative/normal; within normal limits",0.7801,0.2199,"LOW"
82,"1","N2","T4","Negative/normal; within normal limits",0.7646,0.2354,"LOW"
83,"1","N2","T4","Negative/normal; within normal limits",0.7744,0.2256,"LOW"
84,"1","N2","T4","Negative/normal; within normal limits",0.753,0.247,"LOW"
85,"1","N2","T4","Negative/normal; within normal limits",0.7373,0.2627,"LOW"
86,"1","N2","T4","Negative/normal; within normal limits",0.7117,0.2883,"LOW"
87,"1","N2","T4","Negative/normal; within normal limits",0.6823,0.3177,"LOW"
88,"1","N2","T4","Negative/normal; within normal limits",0.6482,0.3518,"LOW"
89,"1","N2","T4","Negative/normal; within normal limits",0.5844,0.4156,"LOW"
90,"1","N2","T4","Negative/normal; within normal limits",0.5403,0.4597,"LOW"
91,"1","N2","T4","Negative/normal; within normal limits",0.5403,0.4597,"LOW"
92,"1","N2","T4","Negative/normal; within normal limits",0.5403,0.4597,"LOW"
93,"1","N2","T4","Negative/normal; within normal limits",0.5403,0.4597,"LOW"
94,"1","N2","T4","Negative/normal; within normal limits",0.5403,0.4597,"LOW"
95,"1","N2","T4","Negative/normal; within normal limits",0.5403,0.4597,"LOW"
96,"1","N2","T4","Negative/normal; within normal limits",0.5403,0.4597,"LOW"
97,"1","N2","T4","Negative/normal; within normal limits",0.5403,0.4597,"LOW"
98,"1","N2","T4","Negative/normal; within normal limits",0.5403,0.4597,"LOW"
99,"1","N2","T4","Negative/normal; within normal limits",0.5403,0.4597,"LOW"
0,"2","N2","T4","Negative/normal; within normal limits",0.7973,0.2027,"LOW"
1,"2","N2","T4","Negative/normal; within normal limits",0.7973,0.2027,"LOW"
2,"2","N2","T4","Negative/normal; within normal limits",0.7973,0.2027,"LOW"
3,"2","N2","T4","Negative/normal; within normal limits",0.7973,0.2027,"LOW"
4,"2","N2","T4","Negative/normal; within normal limits",0.7973,0.2027,"LOW"
5,"2","N2","T4","Negative/normal; within normal limits",0.7973,0.2027,"LOW"
6,"2","N2","T4","Negative/normal; within normal limits",0.7973,0.2027,"LOW"
7,"2","N2","T4","Negative/normal; within normal limits",0.7973,0.2027,"LOW"
8,"2","N2","T4","Negative/normal; within normal limits",0.7973,0.2027,"LOW"
9,"2","N2","T4","Negative/normal; within normal limits",0.7973,0.2027,"LOW"
10,"2","N2","T4","Negative/normal; within normal limits",0.7973,0.2027,"LOW"
11,"2","N2","T4","Negative/normal; within normal limits",0.7973,0.2027,"LOW"
12,"2","N2","T4","Negative/normal; within normal limits",0.7973,0.2027,"LOW"
13,"2","N2","T4","Negative/normal; within normal limits",0.7973,0.2027,"LOW"
14,"2","N2","T4","Negative/normal; within normal limits",0.7973,0.2027,"LOW"
15,"2","N2","T4","Negative/normal; within normal limits",0.7973,0.2027,"LOW"
16,"2","N2","T4","Negative/normal; within normal limits",0.7973,0.2027,"LOW"
17,"2","N2","T4","Negative/normal; within normal limits",0.7973,0.2027,"LOW"
18,"2","N2","T4","Negative/normal; within normal limits",0.8128,0.1872,"LOW"
19,"2","N2","T4","Negative/normal; within normal limits",0.8031,0.1969,"LOW"
20,"2","N2","T4","Negative/normal; within normal limits",0.7955,0.2045,"LOW"
21,"2","N2","T4","Negative/normal; within normal limits",0.7794,0.2206,"LOW"
22,"2","N2","T4","Negative/normal; within normal limits",0.7706,0.2294,"LOW"
23,"2","N2","T4","Negative/normal; within normal limits",0.7552,0.2448,"LOW"
24,"2","N2","T4","Negative/normal; within normal limits",0.7722,0.2278,"LOW"
25,"2","N2","T4","Negative/normal; within normal limits",0.7627,0.2373,"LOW"
26,"2","N2","T4","Negative/normal; within normal limits",0.7126,0.2874,"LOW"
27,"2","N2","T4","Negative/normal; within normal limits",0.6829,0.3171,"LOW"
28,"2","N2","T4","Negative/normal; within normal limits",0.6927,0.3073,"LOW"
29,"2","N2","T4","Negative/normal; within normal limits",0.7088,0.2912,"LOW"
30,"2","N2","T4","Negative/normal; within normal limits",0.7176,0.2824,"LOW"
31,"2","N2","T4","Negative/normal; within normal limits",0.7994,0.2006,"LOW"
32,"2","N2","T4","Negative/normal; within normal limits",0.8249,0.1751,"LOW"
33,"2","N2","T4","Negative/normal; within normal limits",0.8257,0.1743,"LOW"
34,"2","N2","T4","Negative/normal; within normal limits",0.8289,0.1711,"LOW"
35,"2","N2","T4","Negative/normal; within normal limits",0.8166,0.1834,"LOW"
36,"2","N2","T4","Negative/normal; within normal limits",0.8205,0.1795,"LOW"
37,"2","N2","T4","Negative/normal; within normal limits",0.8312,0.1688,"LOW"
38,"2","N2","T4","Negative/normal; within normal limits",0.8279,0.1721,"LOW"
39,"2","N2","T4","Negative/normal; within normal limits",0.8261,0.1739,"LOW"
40,"2","N2","T4","Negative/normal; within normal limits",0.8207,0.1793,"LOW"
41,"2","N2","T4","Negative/normal; within normal limits",0.8145,0.1855,"LOW"
42,"2","N2","T4","Negative/normal; within normal limits",0.8058,0.1942,"LOW"
43,"2","N2","T4","Negative/normal; within normal limits",0.7965,0.2035,"LOW"
44,"2","N2","T4","Negative/normal; within normal limits",0.7879,0.2121,"LOW"
45,"2","N2","T4","Negative/normal; within normal limits",0.7635,0.2365,"LOW"
46,"2","N2","T4","Negative/normal; within normal limits",0.7457,0.2543,"LOW"
47,"2","N2","T4","Negative/normal; within normal limits",0.7301,0.2699,"LOW"
48,"2","N2","T4","Negative/normal; within normal limits",0.7493,0.2507,"LOW"
49,"2","N2","T4","Negative/normal; within normal limits",0.7479,0.2521,"LOW"
50,"2","N2","T4","Negative/normal; within normal limits",0.753,0.247,"LOW"
51,"2","N2","T4","Negative/normal; within normal limits",0.7422,0.2578,"LOW"
52,"2","N2","T4","Negative/normal; within normal limits",0.7432,0.2568,"LOW"
53,"2","N2","T4","Negative/normal; within normal limits",0.7369,0.2631,"LOW"
54,"2","N2","T4","Negative/normal; within normal limits",0.74,0.26,"LOW"
55,"2","N2","T4","Negative/normal; within normal limits",0.7668,0.2332,"LOW"
56,"2","N2","T4","Negative/normal; within normal limits",0.7481,0.2519,"LOW"
57,"2","N2","T4","Negative/normal; within normal limits",0.7486,0.2514,"LOW"
58,"2","N2","T4","Negative/normal; within normal limits",0.7831,0.2169,"LOW"
59,"2","N2","T4","Negative/normal; within normal limits",0.7815,0.2185,"LOW"
60,"2","N2","T4","Negative/normal; within normal limits",0.7793,0.2207,"LOW"
61,"2","N2","T4","Negative/normal; within normal limits",0.7571,0.2429,"LOW"
62,"2","N2","T4","Negative/normal; within normal limits",0.7649,0.2351,"LOW"
63,"2","N2","T4","Negative/normal; within normal limits",0.7689,0.2311,"LOW"
64,"2","N2","T4","Negative/normal; within normal limits",0.7801,0.2199,"LOW"
65,"2","N2","T4","Negative/normal; within normal limits",0.7675,0.2325,"LOW"
66,"2","N2","T4","Negative/normal; within normal limits",0.7761,0.2239,"LOW"
67,"2","N2","T4","Negative/normal; within normal limits",0.7713,0.2287,"LOW"
68,"2","N2","T4","Negative/normal; within normal limits",0.7836,0.2164,"LOW"
69,"2","N2","T4","Negative/normal; within normal limits",0.7856,0.2144,"LOW"
70,"2","N2","T4","Negative/normal; within normal limits",0.7622,0.2378,"LOW"
71,"2","N2","T4","Negative/normal; within normal limits",0.7673,0.2327,"LOW"
72,"2","N2","T4","Negative/normal; within normal limits",0.7885,0.2115,"LOW"
73,"2","N2","T4","Negative/normal; within normal limits",0.7883,0.2117,"LOW"
74,"2","N2","T4","Negative/normal; within normal limits",0.7904,0.2096,"LOW"
75,"2","N2","T4","Negative/normal; within normal limits",0.7859,0.2141,"LOW"
76,"2","N2","T4","Negative/normal; within normal limits",0.7556,0.2444,"LOW"
77,"2","N2","T4","Negative/normal; within normal limits",0.7342,0.2658,"LOW"
78,"2","N2","T4","Negative/normal; within normal limits",0.7805,0.2195,"LOW"
79,"2","N2","T4","Negative/normal; within normal limits",0.7887,0.2113,"LOW"
80,"2","N2","T4","Negative/normal; within normal limits",0.7928,0.2072,"LOW"
81,"2","N2","T4","Negative/normal; within normal limits",0.7713,0.2287,"LOW"
82,"2","N2","T4","Negative/normal; within normal limits",0.7967,0.2033,"LOW"
83,"2","N2","T4","Negative/normal; within normal limits",0.8124,0.1876,"LOW"
84,"2","N2","T4","Negative/normal; within normal limits",0.8194,0.1806,"LOW"
85,"2","N2","T4","Negative/normal; within normal limits",0.8213,0.1787,"LOW"
86,"2","N2","T4","Negative/normal; within normal limits",0.8224,0.1776,"LOW"
87,"2","N2","T4","Negative/normal; within normal limits",0.8224,0.1776,"LOW"
88,"2","N2","T4","Negative/normal; within normal limits",0.8129,0.1871,"LOW"
89,"2","N2","T4","Negative/normal; within normal limits",0.6882,0.3118,"LOW"
90,"2","N2","T4","Negative/normal; within normal limits",0.6768,0.3232,"LOW"
91,"2","N2","T4","Negative/normal; within normal limits",0.6768,0.3232,"LOW"
92,"2","N2","T4","Negative/normal; within normal limits",0.6768,0.3232,"LOW"
93,"2","N2","T4","Negative/normal; within normal limits",0.6768,0.3232,"LOW"
94,"2","N2","T4","Negative/normal; within normal limits",0.6768,0.3232,"LOW"
95,"2","N2","T4","Negative/normal; within normal limits",0.6768,0.3232,"LOW"
96,"2","N2","T4","Negative/normal; within normal limits",0.6768,0.3232,"LOW"
97,"2","N2","T4","Negative/normal; within normal limits",0.6768,0.3232,"LOW"
98,"2","N2","T4","Negative/normal; within normal limits",0.6768,0.3232,"LOW"
99,"2","N2","T4","Negative/normal; within normal limits",0.6768,0.3232,"LOW"
0,"1","Other/Unknown","T4","Negative/normal; within normal limits",0.7778,0.2222,"LOW"
1,"1","Other/Unknown","T4","Negative/normal; within normal limits",0.7778,0.2222,"LOW"
2,"1","Other/Unknown","T4","Negative/normal; within normal limits",0.7778,0.2222,"LOW"
3,"1","Other/Unknown","T4","Negative/normal; within normal limits",0.7778,0.2222,"LOW"
4,"1","Other/Unknown","T4","Negative/normal; within normal limits",0.7778,0.2222,"LOW"
5,"1","Other/Unknown","T4","Negative/normal; within normal limits",0.7778,0.2222,"LOW"
6,"1","Other/Unknown","T4","Negative/normal; within normal limits",0.7778,0.2222,"LOW"
7,"1","Other/Unknown","T4","Negative/normal; within normal limits",0.7778,0.2222,"LOW"
8,"1","Other/Unknown","T4","Negative/normal; within normal limits",0.7778,0.2222,"LOW"
9,"1","Other/Unknown","T4","Negative/normal; within normal limits",0.7778,0.2222,"LOW"
10,"1","Other/Unknown","T4","Negative/normal; within normal limits",0.7778,0.2222,"LOW"
11,"1","Other/Unknown","T4","Negative/normal; within normal limits",0.7778,0.2222,"LOW"
12,"1","Other/Unknown","T4","Negative/normal; within normal limits",0.7778,0.2222,"LOW"
13,"1","Other/Unknown","T4","Negative/normal; within normal limits",0.7778,0.2222,"LOW"
14,"1","Other/Unknown","T4","Negative/normal; within normal limits",0.7778,0.2222,"LOW"
15,"1","Other/Unknown","T4","Negative/normal; within normal limits",0.7778,0.2222,"LOW"
16,"1","Other/Unknown","T4","Negative/normal; within normal limits",0.7778,0.2222,"LOW"
17,"1","Other/Unknown","T4","Negative/normal; within normal limits",0.7778,0.2222,"LOW"
18,"1","Other/Unknown","T4","Negative/normal; within normal limits",0.7912,0.2088,"LOW"
19,"1","Other/Unknown","T4","Negative/normal; within normal limits",0.7909,0.2091,"LOW"
20,"1","Other/Unknown","T4","Negative/normal; within normal limits",0.7909,0.2091,"LOW"
21,"1","Other/Unknown","T4","Negative/normal; within normal limits",0.7929,0.2071,"LOW"
22,"1","Other/Unknown","T4","Negative/normal; within normal limits",0.7935,0.2065,"LOW"
23,"1","Other/Unknown","T4","Negative/normal; within normal limits",0.7935,0.2065,"LOW"
24,"1","Other/Unknown","T4","Negative/normal; within normal limits",0.7963,0.2037,"LOW"
25,"1","Other/Unknown","T4","Negative/normal; within normal limits",0.7893,0.2107,"LOW"
26,"1","Other/Unknown","T4","Negative/normal; within normal limits",0.7995,0.2005,"LOW"
27,"1","Other/Unknown","T4","Negative/normal; within normal limits",0.8019,0.1981,"LOW"
28,"1","Other/Unknown","T4","Negative/normal; within normal limits",0.8055,0.1945,"LOW"
29,"1","Other/Unknown","T4","Negative/normal; within normal limits",0.8053,0.1947,"LOW"
30,"1","Other/Unknown","T4","Negative/normal; within normal limits",0.81,0.19,"LOW"
31,"1","Other/Unknown","T4","Negative/normal; within normal limits",0.8121,0.1879,"LOW"
32,"1","Other/Unknown","T4","Negative/normal; within normal limits",0.8122,0.1878,"LOW"
33,"1","Other/Unknown","T4","Negative/normal; within normal limits",0.8121,0.1879,"LOW"
34,"1","Other/Unknown","T4","Negative/normal; within normal limits",0.813,0.187,"LOW"
35,"1","Other/Unknown","T4","Negative/normal; within normal limits",0.8102,0.1898,"LOW"
36,"1","Other/Unknown","T4","Negative/normal; within normal limits",0.8081,0.1919,"LOW"
37,"1","Other/Unknown","T4","Negative/normal; within normal limits",0.7962,0.2038,"LOW"
38,"1","Other/Unknown","T4","Negative/normal; within normal limits",0.7921,0.2079,"LOW"
39,"1","Other/Unknown","T4","Negative/normal; within normal limits",0.7862,0.2138,"LOW"
40,"1","Other/Unknown","T4","Negative/normal; within normal limits",0.7795,0.2205,"LOW"
41,"1","Other/Unknown","T4","Negative/normal; within normal limits",0.7659,0.2341,"LOW"
42,"1","Other/Unknown","T4","Negative/normal; within normal limits",0.7672,0.2328,"LOW"
43,"1","Other/Unknown","T4","Negative/normal; within normal limits",0.7739,0.2261,"LOW"
44,"1","Other/Unknown","T4","Negative/normal; within normal limits",0.7883,0.2117,"LOW"
45,"1","Other/Unknown","T4","Negative/normal; within normal limits",0.787,0.213,"LOW"
46,"1","Other/Unknown","T4","Negative/normal; within normal limits",0.7851,0.2149,"LOW"
47,"1","Other/Unknown","T4","Negative/normal; within normal limits",0.7999,0.2001,"LOW"
48,"1","Other/Unknown","T4","Negative/normal; within normal limits",0.7933,0.2067,"LOW"
49,"1","Other/Unknown","T4","Negative/normal; within normal limits",0.7863,0.2137,"LOW"
50,"1","Other/Unknown","T4","Negative/normal; within normal limits",0.7749,0.2251,"LOW"
51,"1","Other/Unknown","T4","Negative/normal; within normal limits",0.7664,0.2336,"LOW"
52,"1","Other/Unknown","T4","Negative/normal; within normal limits",0.741,0.259,"LOW"
53,"1","Other/Unknown","T4","Negative/normal; within normal limits",0.7349,0.2651,"LOW"
54,"1","Other/Unknown","T4","Negative/normal; within normal limits",0.6782,0.3218,"LOW"
55,"1","Other/Unknown","T4","Negative/normal; within normal limits",0.6538,0.3462,"LOW"
56,"1","Other/Unknown","T4","Negative/normal; within normal limits",0.6399,0.3601,"LOW"
57,"1","Other/Unknown","T4","Negative/normal; within normal limits",0.6458,0.3542,"LOW"
58,"1","Other/Unknown","T4","Negative/normal; within normal limits",0.6493,0.3507,"LOW"
59,"1","Other/Unknown","T4","Negative/normal; within normal limits",0.6737,0.3263,"LOW"
60,"1","Other/Unknown","T4","Negative/normal; within normal limits",0.6186,0.3814,"LOW"
61,"1","Other/Unknown","T4","Negative/normal; within normal limits",0.6204,0.3796,"LOW"
62,"1","Other/Unknown","T4","Negative/normal; within normal limits",0.6252,0.3748,"LOW"
63,"1","Other/Unknown","T4","Negative/normal; within normal limits",0.6895,0.3105,"LOW"
64,"1","Other/Unknown","T4","Negative/normal; within normal limits",0.6876,0.3124,"LOW"
65,"1","Other/Unknown","T4","Negative/normal; within normal limits",0.6555,0.3445,"LOW"
66,"1","Other/Unknown","T4","Negative/normal; within normal limits",0.6563,0.3437,"LOW"
67,"1","Other/Unknown","T4","Negative/normal; within normal limits",0.6632,0.3368,"LOW"
68,"1","Other/Unknown","T4","Negative/normal; within normal limits",0.6647,0.3353,"LOW"
69,"1","Other/Unknown","T4","Negative/normal; within normal limits",0.6489,0.3511,"LOW"
70,"1","Other/Unknown","T4","Negative/normal; within normal limits",0.6173,0.3827,"LOW"
71,"1","Other/Unknown","T4","Negative/normal; within normal limits",0.592,0.408,"LOW"
72,"1","Other/Unknown","T4","Negative/normal; within normal limits",0.5704,0.4296,"LOW"
73,"1","Other/Unknown","T4","Negative/normal; within normal limits",0.5486,0.4514,"LOW"
74,"1","Other/Unknown","T4","Negative/normal; within normal limits",0.5587,0.4413,"LOW"
75,"1","Other/Unknown","T4","Negative/normal; within normal limits",0.6116,0.3884,"LOW"
76,"1","Other/Unknown","T4","Negative/normal; within normal limits",0.5925,0.4075,"LOW"
77,"1","Other/Unknown","T4","Negative/normal; within normal limits",0.5582,0.4418,"LOW"
78,"1","Other/Unknown","T4","Negative/normal; within normal limits",0.6123,0.3877,"LOW"
79,"1","Other/Unknown","T4","Negative/normal; within normal limits",0.5694,0.4306,"LOW"
80,"1","Other/Unknown","T4","Negative/normal; within normal limits",0.6257,0.3743,"LOW"
81,"1","Other/Unknown","T4","Negative/normal; within normal limits",0.6748,0.3252,"LOW"
82,"1","Other/Unknown","T4","Negative/normal; within normal limits",0.6911,0.3089,"LOW"
83,"1","Other/Unknown","T4","Negative/normal; within normal limits",0.7097,0.2903,"LOW"
84,"1","Other/Unknown","T4","Negative/normal; within normal limits",0.7274,0.2726,"LOW"
85,"1","Other/Unknown","T4","Negative/normal; within normal limits",0.7265,0.2735,"LOW"
86,"1","Other/Unknown","T4","Negative/normal; within normal limits",0.731,0.269,"LOW"
87,"1","Other/Unknown","T4","Negative/normal; within normal limits",0.7345,0.2655,"LOW"
88,"1","Other/Unknown","T4","Negative/normal; within normal limits",0.7396,0.2604,"LOW"
89,"1","Other/Unknown","T4","Negative/normal; within normal limits",0.7381,0.2619,"LOW"
90,"1","Other/Unknown","T4","Negative/normal; within normal limits",0.7473,0.2527,"LOW"
91,"1","Other/Unknown","T4","Negative/normal; within normal limits",0.7473,0.2527,"LOW"
92,"1","Other/Unknown","T4","Negative/normal; within normal limits",0.7473,0.2527,"LOW"
93,"1","Other/Unknown","T4","Negative/normal; within normal limits",0.7473,0.2527,"LOW"
94,"1","Other/Unknown","T4","Negative/normal; within normal limits",0.7473,0.2527,"LOW"
95,"1","Other/Unknown","T4","Negative/normal; within normal limits",0.7473,0.2527,"LOW"
96,"1","Other/Unknown","T4","Negative/normal; within normal limits",0.7473,0.2527,"LOW"
97,"1","Other/Unknown","T4","Negative/normal; within normal limits",0.7473,0.2527,"LOW"
98,"1","Other/Unknown","T4","Negative/normal; within normal limits",0.7473,0.2527,"LOW"
99,"1","Other/Unknown","T4","Negative/normal; within normal limits",0.7473,0.2527,"LOW"
0,"2","Other/Unknown","T4","Negative/normal; within normal limits",0.7345,0.2655,"LOW"
1,"2","Other/Unknown","T4","Negative/normal; within normal limits",0.7345,0.2655,"LOW"
2,"2","Other/Unknown","T4","Negative/normal; within normal limits",0.7345,0.2655,"LOW"
3,"2","Other/Unknown","T4","Negative/normal; within normal limits",0.7345,0.2655,"LOW"
4,"2","Other/Unknown","T4","Negative/normal; within normal limits",0.7345,0.2655,"LOW"
5,"2","Other/Unknown","T4","Negative/normal; within normal limits",0.7345,0.2655,"LOW"
6,"2","Other/Unknown","T4","Negative/normal; within normal limits",0.7345,0.2655,"LOW"
7,"2","Other/Unknown","T4","Negative/normal; within normal limits",0.7345,0.2655,"LOW"
8,"2","Other/Unknown","T4","Negative/normal; within normal limits",0.7345,0.2655,"LOW"
9,"2","Other/Unknown","T4","Negative/normal; within normal limits",0.7345,0.2655,"LOW"
10,"2","Other/Unknown","T4","Negative/normal; within normal limits",0.7345,0.2655,"LOW"
11,"2","Other/Unknown","T4","Negative/normal; within normal limits",0.7345,0.2655,"LOW"
12,"2","Other/Unknown","T4","Negative/normal; within normal limits",0.7345,0.2655,"LOW"
13,"2","Other/Unknown","T4","Negative/normal; within normal limits",0.7345,0.2655,"LOW"
14,"2","Other/Unknown","T4","Negative/normal; within normal limits",0.7345,0.2655,"LOW"
15,"2","Other/Unknown","T4","Negative/normal; within normal limits",0.7345,0.2655,"LOW"
16,"2","Other/Unknown","T4","Negative/normal; within normal limits",0.7345,0.2655,"LOW"
17,"2","Other/Unknown","T4","Negative/normal; within normal limits",0.7345,0.2655,"LOW"
18,"2","Other/Unknown","T4","Negative/normal; within normal limits",0.7482,0.2518,"LOW"
19,"2","Other/Unknown","T4","Negative/normal; within normal limits",0.7479,0.2521,"LOW"
20,"2","Other/Unknown","T4","Negative/normal; within normal limits",0.7479,0.2521,"LOW"
21,"2","Other/Unknown","T4","Negative/normal; within normal limits",0.7537,0.2463,"LOW"
22,"2","Other/Unknown","T4","Negative/normal; within normal limits",0.7548,0.2452,"LOW"
23,"2","Other/Unknown","T4","Negative/normal; within normal limits",0.7562,0.2438,"LOW"
24,"2","Other/Unknown","T4","Negative/normal; within normal limits",0.7601,0.2399,"LOW"
25,"2","Other/Unknown","T4","Negative/normal; within normal limits",0.7563,0.2437,"LOW"
26,"2","Other/Unknown","T4","Negative/normal; within normal limits",0.7662,0.2338,"LOW"
27,"2","Other/Unknown","T4","Negative/normal; within normal limits",0.7642,0.2358,"LOW"
28,"2","Other/Unknown","T4","Negative/normal; within normal limits",0.769,0.231,"LOW"
29,"2","Other/Unknown","T4","Negative/normal; within normal limits",0.7714,0.2286,"LOW"
30,"2","Other/Unknown","T4","Negative/normal; within normal limits",0.7714,0.2286,"LOW"
31,"2","Other/Unknown","T4","Negative/normal; within normal limits",0.7621,0.2379,"LOW"
32,"2","Other/Unknown","T4","Negative/normal; within normal limits",0.7553,0.2447,"LOW"
33,"2","Other/Unknown","T4","Negative/normal; within normal limits",0.7576,0.2424,"LOW"
34,"2","Other/Unknown","T4","Negative/normal; within normal limits",0.7568,0.2432,"LOW"
35,"2","Other/Unknown","T4","Negative/normal; within normal limits",0.7442,0.2558,"LOW"
36,"2","Other/Unknown","T4","Negative/normal; within normal limits",0.7381,0.2619,"LOW"
37,"2","Other/Unknown","T4","Negative/normal; within normal limits",0.7149,0.2851,"LOW"
38,"2","Other/Unknown","T4","Negative/normal; within normal limits",0.6972,0.3028,"LOW"
39,"2","Other/Unknown","T4","Negative/normal; within normal limits",0.6791,0.3209,"LOW"
40,"2","Other/Unknown","T4","Negative/normal; within normal limits",0.661,0.339,"LOW"
41,"2","Other/Unknown","T4","Negative/normal; within normal limits",0.5999,0.4001,"LOW"
42,"2","Other/Unknown","T4","Negative/normal; within normal limits",0.6044,0.3956,"LOW"
43,"2","Other/Unknown","T4","Negative/normal; within normal limits",0.6168,0.3832,"LOW"
44,"2","Other/Unknown","T4","Negative/normal; within normal limits",0.6673,0.3327,"LOW"
45,"2","Other/Unknown","T4","Negative/normal; within normal limits",0.651,0.349,"LOW"
46,"2","Other/Unknown","T4","Negative/normal; within normal limits",0.62,0.38,"LOW"
47,"2","Other/Unknown","T4","Negative/normal; within normal limits",0.6559,0.3441,"LOW"
48,"2","Other/Unknown","T4","Negative/normal; within normal limits",0.6683,0.3317,"LOW"
49,"2","Other/Unknown","T4","Negative/normal; within normal limits",0.6558,0.3442,"LOW"
50,"2","Other/Unknown","T4","Negative/normal; within normal limits",0.6518,0.3482,"LOW"
51,"2","Other/Unknown","T4","Negative/normal; within normal limits",0.637,0.363,"LOW"
52,"2","Other/Unknown","T4","Negative/normal; within normal limits",0.5893,0.4107,"LOW"
53,"2","Other/Unknown","T4","Negative/normal; within normal limits",0.5842,0.4158,"LOW"
54,"2","Other/Unknown","T4","Negative/normal; within normal limits",0.5598,0.4402,"LOW"
55,"2","Other/Unknown","T4","Negative/normal; within normal limits",0.5728,0.4272,"LOW"
56,"2","Other/Unknown","T4","Negative/normal; within normal limits",0.5746,0.4254,"LOW"
57,"2","Other/Unknown","T4","Negative/normal; within normal limits",0.6311,0.3689,"LOW"
58,"2","Other/Unknown","T4","Negative/normal; within normal limits",0.6836,0.3164,"LOW"
59,"2","Other/Unknown","T4","Negative/normal; within normal limits",0.7227,0.2773,"LOW"
60,"2","Other/Unknown","T4","Negative/normal; within normal limits",0.72,0.28,"LOW"
61,"2","Other/Unknown","T4","Negative/normal; within normal limits",0.719,0.281,"LOW"
62,"2","Other/Unknown","T4","Negative/normal; within normal limits",0.6849,0.3151,"LOW"
63,"2","Other/Unknown","T4","Negative/normal; within normal limits",0.6525,0.3475,"LOW"
64,"2","Other/Unknown","T4","Negative/normal; within normal limits",0.7293,0.2707,"LOW"
65,"2","Other/Unknown","T4","Negative/normal; within normal limits",0.7401,0.2599,"LOW"
66,"2","Other/Unknown","T4","Negative/normal; within normal limits",0.7489,0.2511,"LOW"
67,"2","Other/Unknown","T4","Negative/normal; within normal limits",0.7577,0.2423,"LOW"
68,"2","Other/Unknown","T4","Negative/normal; within normal limits",0.7543,0.2457,"LOW"
69,"2","Other/Unknown","T4","Negative/normal; within normal limits",0.7379,0.2621,"LOW"
70,"2","Other/Unknown","T4","Negative/normal; within normal limits",0.7227,0.2773,"LOW"
71,"2","Other/Unknown","T4","Negative/normal; within normal limits",0.6778,0.3222,"LOW"
72,"2","Other/Unknown","T4","Negative/normal; within normal limits",0.7175,0.2825,"LOW"
73,"2","Other/Unknown","T4","Negative/normal; within normal limits",0.7085,0.2915,"LOW"
74,"2","Other/Unknown","T4","Negative/normal; within normal limits",0.703,0.297,"LOW"
75,"2","Other/Unknown","T4","Negative/normal; within normal limits",0.7088,0.2912,"LOW"
76,"2","Other/Unknown","T4","Negative/normal; within normal limits",0.6825,0.3175,"LOW"
77,"2","Other/Unknown","T4","Negative/normal; within normal limits",0.6421,0.3579,"LOW"
78,"2","Other/Unknown","T4","Negative/normal; within normal limits",0.6786,0.3214,"LOW"
79,"2","Other/Unknown","T4","Negative/normal; within normal limits",0.6993,0.3007,"LOW"
80,"2","Other/Unknown","T4","Negative/normal; within normal limits",0.7364,0.2636,"LOW"
81,"2","Other/Unknown","T4","Negative/normal; within normal limits",0.7738,0.2262,"LOW"
82,"2","Other/Unknown","T4","Negative/normal; within normal limits",0.7836,0.2164,"LOW"
83,"2","Other/Unknown","T4","Negative/normal; within normal limits",0.7928,0.2072,"LOW"
84,"2","Other/Unknown","T4","Negative/normal; within normal limits",0.8035,0.1965,"LOW"
85,"2","Other/Unknown","T4","Negative/normal; within normal limits",0.8109,0.1891,"LOW"
86,"2","Other/Unknown","T4","Negative/normal; within normal limits",0.8134,0.1866,"LOW"
87,"2","Other/Unknown","T4","Negative/normal; within normal limits",0.8238,0.1762,"LOW"
88,"2","Other/Unknown","T4","Negative/normal; within normal limits",0.8247,0.1753,"LOW"
89,"2","Other/Unknown","T4","Negative/normal; within normal limits",0.8277,0.1723,"LOW"
90,"2","Other/Unknown","T4","Negative/normal; within normal limits",0.8355,0.1645,"LOW"
91,"2","Other/Unknown","T4","Negative/normal; within normal limits",0.8355,0.1645,"LOW"
92,"2","Other/Unknown","T4","Negative/normal; within normal limits",0.8355,0.1645,"LOW"
93,"2","Other/Unknown","T4","Negative/normal; within normal limits",0.8355,0.1645,"LOW"
94,"2","Other/Unknown","T4","Negative/normal; within normal limits",0.8355,0.1645,"LOW"
95,"2","Other/Unknown","T4","Negative/normal; within normal limits",0.8355,0.1645,"LOW"
96,"2","Other/Unknown","T4","Negative/normal; within normal limits",0.8355,0.1645,"LOW"
97,"2","Other/Unknown","T4","Negative/normal; within normal limits",0.8355,0.1645,"LOW"
98,"2","Other/Unknown","T4","Negative/normal; within normal limits",0.8355,0.1645,"LOW"
99,"2","Other/Unknown","T4","Negative/normal; within normal limits",0.8355,0.1645,"LOW"
0,"1","N0","T0","Other/Unknown",0.9749,0.0251,"LOW"
1,"1","N0","T0","Other/Unknown",0.9749,0.0251,"LOW"
2,"1","N0","T0","Other/Unknown",0.9749,0.0251,"LOW"
3,"1","N0","T0","Other/Unknown",0.9749,0.0251,"LOW"
4,"1","N0","T0","Other/Unknown",0.9749,0.0251,"LOW"
5,"1","N0","T0","Other/Unknown",0.9749,0.0251,"LOW"
6,"1","N0","T0","Other/Unknown",0.9749,0.0251,"LOW"
7,"1","N0","T0","Other/Unknown",0.9749,0.0251,"LOW"
8,"1","N0","T0","Other/Unknown",0.9749,0.0251,"LOW"
9,"1","N0","T0","Other/Unknown",0.9749,0.0251,"LOW"
10,"1","N0","T0","Other/Unknown",0.9749,0.0251,"LOW"
11,"1","N0","T0","Other/Unknown",0.9749,0.0251,"LOW"
12,"1","N0","T0","Other/Unknown",0.9749,0.0251,"LOW"
13,"1","N0","T0","Other/Unknown",0.9749,0.0251,"LOW"
14,"1","N0","T0","Other/Unknown",0.9748,0.0252,"LOW"
15,"1","N0","T0","Other/Unknown",0.9748,0.0252,"LOW"
16,"1","N0","T0","Other/Unknown",0.9747,0.0253,"LOW"
17,"1","N0","T0","Other/Unknown",0.9745,0.0255,"LOW"
18,"1","N0","T0","Other/Unknown",0.9742,0.0258,"LOW"
19,"1","N0","T0","Other/Unknown",0.9732,0.0268,"LOW"
20,"1","N0","T0","Other/Unknown",0.9742,0.0258,"LOW"
21,"1","N0","T0","Other/Unknown",0.9743,0.0257,"LOW"
22,"1","N0","T0","Other/Unknown",0.9737,0.0263,"LOW"
23,"1","N0","T0","Other/Unknown",0.9733,0.0267,"LOW"
24,"1","N0","T0","Other/Unknown",0.973,0.027,"LOW"
25,"1","N0","T0","Other/Unknown",0.9687,0.0313,"LOW"
26,"1","N0","T0","Other/Unknown",0.9639,0.0361,"LOW"
27,"1","N0","T0","Other/Unknown",0.97,0.03,"LOW"
28,"1","N0","T0","Other/Unknown",0.9708,0.0292,"LOW"
29,"1","N0","T0","Other/Unknown",0.9704,0.0296,"LOW"
30,"1","N0","T0","Other/Unknown",0.9701,0.0299,"LOW"
31,"1","N0","T0","Other/Unknown",0.9707,0.0293,"LOW"
32,"1","N0","T0","Other/Unknown",0.9699,0.0301,"LOW"
33,"1","N0","T0","Other/Unknown",0.9661,0.0339,"LOW"
34,"1","N0","T0","Other/Unknown",0.9666,0.0334,"LOW"
35,"1","N0","T0","Other/Unknown",0.9681,0.0319,"LOW"
36,"1","N0","T0","Other/Unknown",0.9639,0.0361,"LOW"
37,"1","N0","T0","Other/Unknown",0.9686,0.0314,"LOW"
38,"1","N0","T0","Other/Unknown",0.9672,0.0328,"LOW"
39,"1","N0","T0","Other/Unknown",0.9679,0.0321,"LOW"
40,"1","N0","T0","Other/Unknown",0.9663,0.0337,"LOW"
41,"1","N0","T0","Other/Unknown",0.9647,0.0353,"LOW"
42,"1","N0","T0","Other/Unknown",0.9634,0.0366,"LOW"
43,"1","N0","T0","Other/Unknown",0.9629,0.0371,"LOW"
44,"1","N0","T0","Other/Unknown",0.9612,0.0388,"LOW"
45,"1","N0","T0","Other/Unknown",0.9603,0.0397,"LOW"
46,"1","N0","T0","Other/Unknown",0.9574,0.0426,"LOW"
47,"1","N0","T0","Other/Unknown",0.9558,0.0442,"LOW"
48,"1","N0","T0","Other/Unknown",0.9544,0.0456,"LOW"
49,"1","N0","T0","Other/Unknown",0.9557,0.0443,"LOW"
50,"1","N0","T0","Other/Unknown",0.9529,0.0471,"LOW"
51,"1","N0","T0","Other/Unknown",0.9453,0.0547,"LOW"
52,"1","N0","T0","Other/Unknown",0.9266,0.0734,"LOW"
53,"1","N0","T0","Other/Unknown",0.9437,0.0563,"LOW"
54,"1","N0","T0","Other/Unknown",0.9482,0.0518,"LOW"
55,"1","N0","T0","Other/Unknown",0.9497,0.0503,"LOW"
56,"1","N0","T0","Other/Unknown",0.9488,0.0512,"LOW"
57,"1","N0","T0","Other/Unknown",0.946,0.054,"LOW"
58,"1","N0","T0","Other/Unknown",0.9411,0.0589,"LOW"
59,"1","N0","T0","Other/Unknown",0.9162,0.0838,"LOW"
60,"1","N0","T0","Other/Unknown",0.9268,0.0732,"LOW"
61,"1","N0","T0","Other/Unknown",0.9163,0.0837,"LOW"
62,"1","N0","T0","Other/Unknown",0.9389,0.0611,"LOW"
63,"1","N0","T0","Other/Unknown",0.9397,0.0603,"LOW"
64,"1","N0","T0","Other/Unknown",0.9393,0.0607,"LOW"
65,"1","N0","T0","Other/Unknown",0.9311,0.0689,"LOW"
66,"1","N0","T0","Other/Unknown",0.9409,0.0591,"LOW"
67,"1","N0","T0","Other/Unknown",0.9497,0.0503,"LOW"
68,"1","N0","T0","Other/Unknown",0.9548,0.0452,"LOW"
69,"1","N0","T0","Other/Unknown",0.9582,0.0418,"LOW"
70,"1","N0","T0","Other/Unknown",0.9614,0.0386,"LOW"
71,"1","N0","T0","Other/Unknown",0.963,0.037,"LOW"
72,"1","N0","T0","Other/Unknown",0.9644,0.0356,"LOW"
73,"1","N0","T0","Other/Unknown",0.9655,0.0345,"LOW"
74,"1","N0","T0","Other/Unknown",0.967,0.033,"LOW"
75,"1","N0","T0","Other/Unknown",0.9682,0.0318,"LOW"
76,"1","N0","T0","Other/Unknown",0.9694,0.0306,"LOW"
77,"1","N0","T0","Other/Unknown",0.9698,0.0302,"LOW"
78,"1","N0","T0","Other/Unknown",0.9707,0.0293,"LOW"
79,"1","N0","T0","Other/Unknown",0.9704,0.0296,"LOW"
80,"1","N0","T0","Other/Unknown",0.9709,0.0291,"LOW"
81,"1","N0","T0","Other/Unknown",0.9719,0.0281,"LOW"
82,"1","N0","T0","Other/Unknown",0.9731,0.0269,"LOW"
83,"1","N0","T0","Other/Unknown",0.9735,0.0265,"LOW"
84,"1","N0","T0","Other/Unknown",0.9738,0.0262,"LOW"
85,"1","N0","T0","Other/Unknown",0.9744,0.0256,"LOW"
86,"1","N0","T0","Other/Unknown",0.975,0.025,"LOW"
87,"1","N0","T0","Other/Unknown",0.9758,0.0242,"LOW"
88,"1","N0","T0","Other/Unknown",0.9709,0.0291,"LOW"
89,"1","N0","T0","Other/Unknown",0.974,0.026,"LOW"
90,"1","N0","T0","Other/Unknown",0.9717,0.0283,"LOW"
91,"1","N0","T0","Other/Unknown",0.9717,0.0283,"LOW"
92,"1","N0","T0","Other/Unknown",0.9717,0.0283,"LOW"
93,"1","N0","T0","Other/Unknown",0.9717,0.0283,"LOW"
94,"1","N0","T0","Other/Unknown",0.9717,0.0283,"LOW"
95,"1","N0","T0","Other/Unknown",0.9717,0.0283,"LOW"
96,"1","N0","T0","Other/Unknown",0.9717,0.0283,"LOW"
97,"1","N0","T0","Other/Unknown",0.9717,0.0283,"LOW"
98,"1","N0","T0","Other/Unknown",0.9717,0.0283,"LOW"
99,"1","N0","T0","Other/Unknown",0.9717,0.0283,"LOW"
0,"2","N0","T0","Other/Unknown",0.9758,0.0242,"LOW"
1,"2","N0","T0","Other/Unknown",0.9758,0.0242,"LOW"
2,"2","N0","T0","Other/Unknown",0.9758,0.0242,"LOW"
3,"2","N0","T0","Other/Unknown",0.9758,0.0242,"LOW"
4,"2","N0","T0","Other/Unknown",0.9758,0.0242,"LOW"
5,"2","N0","T0","Other/Unknown",0.9758,0.0242,"LOW"
6,"2","N0","T0","Other/Unknown",0.9758,0.0242,"LOW"
7,"2","N0","T0","Other/Unknown",0.9758,0.0242,"LOW"
8,"2","N0","T0","Other/Unknown",0.9757,0.0243,"LOW"
9,"2","N0","T0","Other/Unknown",0.9757,0.0243,"LOW"
10,"2","N0","T0","Other/Unknown",0.9757,0.0243,"LOW"
11,"2","N0","T0","Other/Unknown",0.9757,0.0243,"LOW"
12,"2","N0","T0","Other/Unknown",0.9757,0.0243,"LOW"
13,"2","N0","T0","Other/Unknown",0.9757,0.0243,"LOW"
14,"2","N0","T0","Other/Unknown",0.9756,0.0244,"LOW"
15,"2","N0","T0","Other/Unknown",0.9753,0.0247,"LOW"
16,"2","N0","T0","Other/Unknown",0.9753,0.0247,"LOW"
17,"2","N0","T0","Other/Unknown",0.9732,0.0268,"LOW"
18,"2","N0","T0","Other/Unknown",0.9689,0.0311,"LOW"
19,"2","N0","T0","Other/Unknown",0.9637,0.0363,"LOW"
20,"2","N0","T0","Other/Unknown",0.9692,0.0308,"LOW"
21,"2","N0","T0","Other/Unknown",0.9758,0.0242,"LOW"
22,"2","N0","T0","Other/Unknown",0.9754,0.0246,"LOW"
23,"2","N0","T0","Other/Unknown",0.9721,0.0279,"LOW"
24,"2","N0","T0","Other/Unknown",0.9722,0.0278,"LOW"
25,"2","N0","T0","Other/Unknown",0.9677,0.0323,"LOW"
26,"2","N0","T0","Other/Unknown",0.9641,0.0359,"LOW"
27,"2","N0","T0","Other/Unknown",0.9678,0.0322,"LOW"
28,"2","N0","T0","Other/Unknown",0.9749,0.0251,"LOW"
29,"2","N0","T0","Other/Unknown",0.9788,0.0212,"LOW"
30,"2","N0","T0","Other/Unknown",0.9791,0.0209,"LOW"
31,"2","N0","T0","Other/Unknown",0.9777,0.0223,"LOW"
32,"2","N0","T0","Other/Unknown",0.9784,0.0216,"LOW"
33,"2","N0","T0","Other/Unknown",0.9799,0.0201,"LOW"
34,"2","N0","T0","Other/Unknown",0.9795,0.0205,"LOW"
35,"2","N0","T0","Other/Unknown",0.9797,0.0203,"LOW"
36,"2","N0","T0","Other/Unknown",0.9792,0.0208,"LOW"
37,"2","N0","T0","Other/Unknown",0.9791,0.0209,"LOW"
38,"2","N0","T0","Other/Unknown",0.9786,0.0214,"LOW"
39,"2","N0","T0","Other/Unknown",0.9774,0.0226,"LOW"
40,"2","N0","T0","Other/Unknown",0.9776,0.0224,"LOW"
41,"2","N0","T0","Other/Unknown",0.9774,0.0226,"LOW"
42,"2","N0","T0","Other/Unknown",0.977,0.023,"LOW"
43,"2","N0","T0","Other/Unknown",0.9767,0.0233,"LOW"
44,"2","N0","T0","Other/Unknown",0.9765,0.0235,"LOW"
45,"2","N0","T0","Other/Unknown",0.9762,0.0238,"LOW"
46,"2","N0","T0","Other/Unknown",0.9762,0.0238,"LOW"
47,"2","N0","T0","Other/Unknown",0.9756,0.0244,"LOW"
48,"2","N0","T0","Other/Unknown",0.9752,0.0248,"LOW"
49,"2","N0","T0","Other/Unknown",0.9754,0.0246,"LOW"
50,"2","N0","T0","Other/Unknown",0.9748,0.0252,"LOW"
51,"2","N0","T0","Other/Unknown",0.9739,0.0261,"LOW"
52,"2","N0","T0","Other/Unknown",0.9732,0.0268,"LOW"
53,"2","N0","T0","Other/Unknown",0.9735,0.0265,"LOW"
54,"2","N0","T0","Other/Unknown",0.9718,0.0282,"LOW"
55,"2","N0","T0","Other/Unknown",0.971,0.029,"LOW"
56,"2","N0","T0","Other/Unknown",0.969,0.031,"LOW"
57,"2","N0","T0","Other/Unknown",0.9665,0.0335,"LOW"
58,"2","N0","T0","Other/Unknown",0.9647,0.0353,"LOW"
59,"2","N0","T0","Other/Unknown",0.9584,0.0416,"LOW"
60,"2","N0","T0","Other/Unknown",0.9397,0.0603,"LOW"
61,"2","N0","T0","Other/Unknown",0.9539,0.0461,"LOW"
62,"2","N0","T0","Other/Unknown",0.9598,0.0402,"LOW"
63,"2","N0","T0","Other/Unknown",0.9561,0.0439,"LOW"
64,"2","N0","T0","Other/Unknown",0.9561,0.0439,"LOW"
65,"2","N0","T0","Other/Unknown",0.955,0.045,"LOW"
66,"2","N0","T0","Other/Unknown",0.9541,0.0459,"LOW"
67,"2","N0","T0","Other/Unknown",0.9481,0.0519,"LOW"
68,"2","N0","T0","Other/Unknown",0.9077,0.0923,"LOW"
69,"2","N0","T0","Other/Unknown",0.9309,0.0691,"LOW"
70,"2","N0","T0","Other/Unknown",0.9372,0.0628,"LOW"
71,"2","N0","T0","Other/Unknown",0.9361,0.0639,"LOW"
72,"2","N0","T0","Other/Unknown",0.9167,0.0833,"LOW"
73,"2","N0","T0","Other/Unknown",0.9479,0.0521,"LOW"
74,"2","N0","T0","Other/Unknown",0.955,0.045,"LOW"
75,"2","N0","T0","Other/Unknown",0.9579,0.0421,"LOW"
76,"2","N0","T0","Other/Unknown",0.96,0.04,"LOW"
77,"2","N0","T0","Other/Unknown",0.9645,0.0355,"LOW"
78,"2","N0","T0","Other/Unknown",0.967,0.033,"LOW"
79,"2","N0","T0","Other/Unknown",0.9679,0.0321,"LOW"
80,"2","N0","T0","Other/Unknown",0.9693,0.0307,"LOW"
81,"2","N0","T0","Other/Unknown",0.9707,0.0293,"LOW"
82,"2","N0","T0","Other/Unknown",0.971,0.029,"LOW"
83,"2","N0","T0","Other/Unknown",0.9712,0.0288,"LOW"
84,"2","N0","T0","Other/Unknown",0.9732,0.0268,"LOW"
85,"2","N0","T0","Other/Unknown",0.9734,0.0266,"LOW"
86,"2","N0","T0","Other/Unknown",0.9738,0.0262,"LOW"
87,"2","N0","T0","Other/Unknown",0.9735,0.0265,"LOW"
88,"2","N0","T0","Other/Unknown",0.974,0.026,"LOW"
89,"2","N0","T0","Other/Unknown",0.9769,0.0231,"LOW"
90,"2","N0","T0","Other/Unknown",0.9753,0.0247,"LOW"
91,"2","N0","T0","Other/Unknown",0.9753,0.0247,"LOW"
92,"2","N0","T0","Other/Unknown",0.9753,0.0247,"LOW"
93,"2","N0","T0","Other/Unknown",0.9753,0.0247,"LOW"
94,"2","N0","T0","Other/Unknown",0.9753,0.0247,"LOW"
95,"2","N0","T0","Other/Unknown",0.9753,0.0247,"LOW"
96,"2","N0","T0","Other/Unknown",0.9753,0.0247,"LOW"
97,"2","N0","T0","Other/Unknown",0.9753,0.0247,"LOW"
98,"2","N0","T0","Other/Unknown",0.9753,0.0247,"LOW"
99,"2","N0","T0","Other/Unknown",0.9753,0.0247,"LOW"
0,"1","N1","T0","Other/Unknown",0.8695,0.1305,"LOW"
1,"1","N1","T0","Other/Unknown",0.8695,0.1305,"LOW"
2,"1","N1","T0","Other/Unknown",0.8695,0.1305,"LOW"
3,"1","N1","T0","Other/Unknown",0.8695,0.1305,"LOW"
4,"1","N1","T0","Other/Unknown",0.8695,0.1305,"LOW"
5,"1","N1","T0","Other/Unknown",0.8695,0.1305,"LOW"
6,"1","N1","T0","Other/Unknown",0.8695,0.1305,"LOW"
7,"1","N1","T0","Other/Unknown",0.8695,0.1305,"LOW"
8,"1","N1","T0","Other/Unknown",0.8695,0.1305,"LOW"
9,"1","N1","T0","Other/Unknown",0.8695,0.1305,"LOW"
10,"1","N1","T0","Other/Unknown",0.8695,0.1305,"LOW"
11,"1","N1","T0","Other/Unknown",0.8695,0.1305,"LOW"
12,"1","N1","T0","Other/Unknown",0.8695,0.1305,"LOW"
13,"1","N1","T0","Other/Unknown",0.8695,0.1305,"LOW"
14,"1","N1","T0","Other/Unknown",0.8695,0.1305,"LOW"
15,"1","N1","T0","Other/Unknown",0.8695,0.1305,"LOW"
16,"1","N1","T0","Other/Unknown",0.8695,0.1305,"LOW"
17,"1","N1","T0","Other/Unknown",0.8695,0.1305,"LOW"
18,"1","N1","T0","Other/Unknown",0.8695,0.1305,"LOW"
19,"1","N1","T0","Other/Unknown",0.867,0.133,"LOW"
20,"1","N1","T0","Other/Unknown",0.8632,0.1368,"LOW"
21,"1","N1","T0","Other/Unknown",0.8801,0.1199,"LOW"
22,"1","N1","T0","Other/Unknown",0.8891,0.1109,"LOW"
23,"1","N1","T0","Other/Unknown",0.8897,0.1103,"LOW"
24,"1","N1","T0","Other/Unknown",0.8931,0.1069,"LOW"
25,"1","N1","T0","Other/Unknown",0.8896,0.1104,"LOW"
26,"1","N1","T0","Other/Unknown",0.8837,0.1163,"LOW"
27,"1","N1","T0","Other/Unknown",0.8814,0.1186,"LOW"
28,"1","N1","T0","Other/Unknown",0.8946,0.1054,"LOW"
29,"1","N1","T0","Other/Unknown",0.909,0.091,"LOW"
30,"1","N1","T0","Other/Unknown",0.9095,0.0905,"LOW"
31,"1","N1","T0","Other/Unknown",0.9077,0.0923,"LOW"
32,"1","N1","T0","Other/Unknown",0.8962,0.1038,"LOW"
33,"1","N1","T0","Other/Unknown",0.9188,0.0812,"LOW"
34,"1","N1","T0","Other/Unknown",0.9181,0.0819,"LOW"
35,"1","N1","T0","Other/Unknown",0.9237,0.0763,"LOW"
36,"1","N1","T0","Other/Unknown",0.9328,0.0672,"LOW"
37,"1","N1","T0","Other/Unknown",0.9364,0.0636,"LOW"
38,"1","N1","T0","Other/Unknown",0.9373,0.0627,"LOW"
39,"1","N1","T0","Other/Unknown",0.934,0.066,"LOW"
40,"1","N1","T0","Other/Unknown",0.9356,0.0644,"LOW"
41,"1","N1","T0","Other/Unknown",0.9369,0.0631,"LOW"
42,"1","N1","T0","Other/Unknown",0.9239,0.0761,"LOW"
43,"1","N1","T0","Other/Unknown",0.931,0.069,"LOW"
44,"1","N1","T0","Other/Unknown",0.9357,0.0643,"LOW"
45,"1","N1","T0","Other/Unknown",0.942,0.058,"LOW"
46,"1","N1","T0","Other/Unknown",0.94,0.06,"LOW"
47,"1","N1","T0","Other/Unknown",0.9426,0.0574,"LOW"
48,"1","N1","T0","Other/Unknown",0.9487,0.0513,"LOW"
49,"1","N1","T0","Other/Unknown",0.9496,0.0504,"LOW"
50,"1","N1","T0","Other/Unknown",0.9506,0.0494,"LOW"
51,"1","N1","T0","Other/Unknown",0.9529,0.0471,"LOW"
52,"1","N1","T0","Other/Unknown",0.95,0.05,"LOW"
53,"1","N1","T0","Other/Unknown",0.954,0.046,"LOW"
54,"1","N1","T0","Other/Unknown",0.9581,0.0419,"LOW"
55,"1","N1","T0","Other/Unknown",0.9544,0.0456,"LOW"
56,"1","N1","T0","Other/Unknown",0.9532,0.0468,"LOW"
57,"1","N1","T0","Other/Unknown",0.9555,0.0445,"LOW"
58,"1","N1","T0","Other/Unknown",0.9582,0.0418,"LOW"
59,"1","N1","T0","Other/Unknown",0.9593,0.0407,"LOW"
60,"1","N1","T0","Other/Unknown",0.9576,0.0424,"LOW"
61,"1","N1","T0","Other/Unknown",0.9568,0.0432,"LOW"
62,"1","N1","T0","Other/Unknown",0.9599,0.0401,"LOW"
63,"1","N1","T0","Other/Unknown",0.9597,0.0403,"LOW"
64,"1","N1","T0","Other/Unknown",0.9609,0.0391,"LOW"
65,"1","N1","T0","Other/Unknown",0.9597,0.0403,"LOW"
66,"1","N1","T0","Other/Unknown",0.9584,0.0416,"LOW"
67,"1","N1","T0","Other/Unknown",0.959,0.041,"LOW"
68,"1","N1","T0","Other/Unknown",0.9596,0.0404,"LOW"
69,"1","N1","T0","Other/Unknown",0.9562,0.0438,"LOW"
70,"1","N1","T0","Other/Unknown",0.9507,0.0493,"LOW"
71,"1","N1","T0","Other/Unknown",0.9559,0.0441,"LOW"
72,"1","N1","T0","Other/Unknown",0.9577,0.0423,"LOW"
73,"1","N1","T0","Other/Unknown",0.9539,0.0461,"LOW"
74,"1","N1","T0","Other/Unknown",0.9579,0.0421,"LOW"
75,"1","N1","T0","Other/Unknown",0.9574,0.0426,"LOW"
76,"1","N1","T0","Other/Unknown",0.9592,0.0408,"LOW"
77,"1","N1","T0","Other/Unknown",0.9595,0.0405,"LOW"
78,"1","N1","T0","Other/Unknown",0.9591,0.0409,"LOW"
79,"1","N1","T0","Other/Unknown",0.9567,0.0433,"LOW"
80,"1","N1","T0","Other/Unknown",0.9579,0.0421,"LOW"
81,"1","N1","T0","Other/Unknown",0.949,0.051,"LOW"
82,"1","N1","T0","Other/Unknown",0.956,0.044,"LOW"
83,"1","N1","T0","Other/Unknown",0.9578,0.0422,"LOW"
84,"1","N1","T0","Other/Unknown",0.9573,0.0427,"LOW"
85,"1","N1","T0","Other/Unknown",0.9519,0.0481,"LOW"
86,"1","N1","T0","Other/Unknown",0.9433,0.0567,"LOW"
87,"1","N1","T0","Other/Unknown",0.9472,0.0528,"LOW"
88,"1","N1","T0","Other/Unknown",0.9469,0.0531,"LOW"
89,"1","N1","T0","Other/Unknown",0.9442,0.0558,"LOW"
90,"1","N1","T0","Other/Unknown",0.9302,0.0698,"LOW"
91,"1","N1","T0","Other/Unknown",0.9302,0.0698,"LOW"
92,"1","N1","T0","Other/Unknown",0.9302,0.0698,"LOW"
93,"1","N1","T0","Other/Unknown",0.9302,0.0698,"LOW"
94,"1","N1","T0","Other/Unknown",0.9302,0.0698,"LOW"
95,"1","N1","T0","Other/Unknown",0.9302,0.0698,"LOW"
96,"1","N1","T0","Other/Unknown",0.9302,0.0698,"LOW"
97,"1","N1","T0","Other/Unknown",0.9302,0.0698,"LOW"
98,"1","N1","T0","Other/Unknown",0.9302,0.0698,"LOW"
99,"1","N1","T0","Other/Unknown",0.9302,0.0698,"LOW"
0,"2","N1","T0","Other/Unknown",0.9389,0.0611,"LOW"
1,"2","N1","T0","Other/Unknown",0.9389,0.0611,"LOW"
2,"2","N1","T0","Other/Unknown",0.9389,0.0611,"LOW"
3,"2","N1","T0","Other/Unknown",0.9389,0.0611,"LOW"
4,"2","N1","T0","Other/Unknown",0.9389,0.0611,"LOW"
5,"2","N1","T0","Other/Unknown",0.9389,0.0611,"LOW"
6,"2","N1","T0","Other/Unknown",0.9389,0.0611,"LOW"
7,"2","N1","T0","Other/Unknown",0.9389,0.0611,"LOW"
8,"2","N1","T0","Other/Unknown",0.9389,0.0611,"LOW"
9,"2","N1","T0","Other/Unknown",0.9389,0.0611,"LOW"
10,"2","N1","T0","Other/Unknown",0.9389,0.0611,"LOW"
11,"2","N1","T0","Other/Unknown",0.9389,0.0611,"LOW"
12,"2","N1","T0","Other/Unknown",0.9389,0.0611,"LOW"
13,"2","N1","T0","Other/Unknown",0.9389,0.0611,"LOW"
14,"2","N1","T0","Other/Unknown",0.9389,0.0611,"LOW"
15,"2","N1","T0","Other/Unknown",0.9389,0.0611,"LOW"
16,"2","N1","T0","Other/Unknown",0.9389,0.0611,"LOW"
17,"2","N1","T0","Other/Unknown",0.9389,0.0611,"LOW"
18,"2","N1","T0","Other/Unknown",0.9389,0.0611,"LOW"
19,"2","N1","T0","Other/Unknown",0.9365,0.0635,"LOW"
20,"2","N1","T0","Other/Unknown",0.9337,0.0663,"LOW"
21,"2","N1","T0","Other/Unknown",0.9439,0.0561,"LOW"
22,"2","N1","T0","Other/Unknown",0.9457,0.0543,"LOW"
23,"2","N1","T0","Other/Unknown",0.9457,0.0543,"LOW"
24,"2","N1","T0","Other/Unknown",0.9444,0.0556,"LOW"
25,"2","N1","T0","Other/Unknown",0.9427,0.0573,"LOW"
26,"2","N1","T0","Other/Unknown",0.944,0.056,"LOW"
27,"2","N1","T0","Other/Unknown",0.9399,0.0601,"LOW"
28,"2","N1","T0","Other/Unknown",0.9354,0.0646,"LOW"
29,"2","N1","T0","Other/Unknown",0.9233,0.0767,"LOW"
30,"2","N1","T0","Other/Unknown",0.9271,0.0729,"LOW"
31,"2","N1","T0","Other/Unknown",0.9258,0.0742,"LOW"
32,"2","N1","T0","Other/Unknown",0.9238,0.0762,"LOW"
33,"2","N1","T0","Other/Unknown",0.9253,0.0747,"LOW"
34,"2","N1","T0","Other/Unknown",0.929,0.071,"LOW"
35,"2","N1","T0","Other/Unknown",0.9255,0.0745,"LOW"
36,"2","N1","T0","Other/Unknown",0.9263,0.0737,"LOW"
37,"2","N1","T0","Other/Unknown",0.9114,0.0886,"LOW"
38,"2","N1","T0","Other/Unknown",0.9132,0.0868,"LOW"
39,"2","N1","T0","Other/Unknown",0.9081,0.0919,"LOW"
40,"2","N1","T0","Other/Unknown",0.9268,0.0732,"LOW"
41,"2","N1","T0","Other/Unknown",0.9262,0.0738,"LOW"
42,"2","N1","T0","Other/Unknown",0.9297,0.0703,"LOW"
43,"2","N1","T0","Other/Unknown",0.9336,0.0664,"LOW"
44,"2","N1","T0","Other/Unknown",0.9344,0.0656,"LOW"
45,"2","N1","T0","Other/Unknown",0.936,0.064,"LOW"
46,"2","N1","T0","Other/Unknown",0.9376,0.0624,"LOW"
47,"2","N1","T0","Other/Unknown",0.9389,0.0611,"LOW"
48,"2","N1","T0","Other/Unknown",0.9378,0.0622,"LOW"
49,"2","N1","T0","Other/Unknown",0.9377,0.0623,"LOW"
50,"2","N1","T0","Other/Unknown",0.9374,0.0626,"LOW"
51,"2","N1","T0","Other/Unknown",0.9427,0.0573,"LOW"
52,"2","N1","T0","Other/Unknown",0.9406,0.0594,"LOW"
53,"2","N1","T0","Other/Unknown",0.9414,0.0586,"LOW"
54,"2","N1","T0","Other/Unknown",0.9435,0.0565,"LOW"
55,"2","N1","T0","Other/Unknown",0.9408,0.0592,"LOW"
56,"2","N1","T0","Other/Unknown",0.9466,0.0534,"LOW"
57,"2","N1","T0","Other/Unknown",0.9453,0.0547,"LOW"
58,"2","N1","T0","Other/Unknown",0.9495,0.0505,"LOW"
59,"2","N1","T0","Other/Unknown",0.9523,0.0477,"LOW"
60,"2","N1","T0","Other/Unknown",0.9514,0.0486,"LOW"
61,"2","N1","T0","Other/Unknown",0.9512,0.0488,"LOW"
62,"2","N1","T0","Other/Unknown",0.9513,0.0487,"LOW"
63,"2","N1","T0","Other/Unknown",0.9544,0.0456,"LOW"
64,"2","N1","T0","Other/Unknown",0.9565,0.0435,"LOW"
65,"2","N1","T0","Other/Unknown",0.954,0.046,"LOW"
66,"2","N1","T0","Other/Unknown",0.9557,0.0443,"LOW"
67,"2","N1","T0","Other/Unknown",0.9554,0.0446,"LOW"
68,"2","N1","T0","Other/Unknown",0.9555,0.0445,"LOW"
69,"2","N1","T0","Other/Unknown",0.9594,0.0406,"LOW"
70,"2","N1","T0","Other/Unknown",0.9564,0.0436,"LOW"
71,"2","N1","T0","Other/Unknown",0.949,0.051,"LOW"
72,"2","N1","T0","Other/Unknown",0.9555,0.0445,"LOW"
73,"2","N1","T0","Other/Unknown",0.9553,0.0447,"LOW"
74,"2","N1","T0","Other/Unknown",0.9598,0.0402,"LOW"
75,"2","N1","T0","Other/Unknown",0.9614,0.0386,"LOW"
76,"2","N1","T0","Other/Unknown",0.9633,0.0367,"LOW"
77,"2","N1","T0","Other/Unknown",0.9642,0.0358,"LOW"
78,"2","N1","T0","Other/Unknown",0.9631,0.0369,"LOW"
79,"2","N1","T0","Other/Unknown",0.9609,0.0391,"LOW"
80,"2","N1","T0","Other/Unknown",0.9592,0.0408,"LOW"
81,"2","N1","T0","Other/Unknown",0.9605,0.0395,"LOW"
82,"2","N1","T0","Other/Unknown",0.9544,0.0456,"LOW"
83,"2","N1","T0","Other/Unknown",0.9584,0.0416,"LOW"
84,"2","N1","T0","Other/Unknown",0.9546,0.0454,"LOW"
85,"2","N1","T0","Other/Unknown",0.9477,0.0523,"LOW"
86,"2","N1","T0","Other/Unknown",0.9527,0.0473,"LOW"
87,"2","N1","T0","Other/Unknown",0.9552,0.0448,"LOW"
88,"2","N1","T0","Other/Unknown",0.9554,0.0446,"LOW"
89,"2","N1","T0","Other/Unknown",0.9524,0.0476,"LOW"
90,"2","N1","T0","Other/Unknown",0.9525,0.0475,"LOW"
91,"2","N1","T0","Other/Unknown",0.9525,0.0475,"LOW"
92,"2","N1","T0","Other/Unknown",0.9525,0.0475,"LOW"
93,"2","N1","T0","Other/Unknown",0.9525,0.0475,"LOW"
94,"2","N1","T0","Other/Unknown",0.9525,0.0475,"LOW"
95,"2","N1","T0","Other/Unknown",0.9525,0.0475,"LOW"
96,"2","N1","T0","Other/Unknown",0.9525,0.0475,"LOW"
97,"2","N1","T0","Other/Unknown",0.9525,0.0475,"LOW"
98,"2","N1","T0","Other/Unknown",0.9525,0.0475,"LOW"
99,"2","N1","T0","Other/Unknown",0.9525,0.0475,"LOW"
0,"1","N2","T0","Other/Unknown",0.6605,0.3395,"LOW"
1,"1","N2","T0","Other/Unknown",0.6605,0.3395,"LOW"
2,"1","N2","T0","Other/Unknown",0.6605,0.3395,"LOW"
3,"1","N2","T0","Other/Unknown",0.6605,0.3395,"LOW"
4,"1","N2","T0","Other/Unknown",0.6605,0.3395,"LOW"
5,"1","N2","T0","Other/Unknown",0.6605,0.3395,"LOW"
6,"1","N2","T0","Other/Unknown",0.6605,0.3395,"LOW"
7,"1","N2","T0","Other/Unknown",0.6605,0.3395,"LOW"
8,"1","N2","T0","Other/Unknown",0.6605,0.3395,"LOW"
9,"1","N2","T0","Other/Unknown",0.6605,0.3395,"LOW"
10,"1","N2","T0","Other/Unknown",0.6605,0.3395,"LOW"
11,"1","N2","T0","Other/Unknown",0.6605,0.3395,"LOW"
12,"1","N2","T0","Other/Unknown",0.6605,0.3395,"LOW"
13,"1","N2","T0","Other/Unknown",0.6605,0.3395,"LOW"
14,"1","N2","T0","Other/Unknown",0.6605,0.3395,"LOW"
15,"1","N2","T0","Other/Unknown",0.6605,0.3395,"LOW"
16,"1","N2","T0","Other/Unknown",0.6605,0.3395,"LOW"
17,"1","N2","T0","Other/Unknown",0.6605,0.3395,"LOW"
18,"1","N2","T0","Other/Unknown",0.6593,0.3407,"LOW"
19,"1","N2","T0","Other/Unknown",0.6593,0.3407,"LOW"
20,"1","N2","T0","Other/Unknown",0.66,0.34,"LOW"
21,"1","N2","T0","Other/Unknown",0.6632,0.3368,"LOW"
22,"1","N2","T0","Other/Unknown",0.6617,0.3383,"LOW"
23,"1","N2","T0","Other/Unknown",0.6597,0.3403,"LOW"
24,"1","N2","T0","Other/Unknown",0.6576,0.3424,"LOW"
25,"1","N2","T0","Other/Unknown",0.6496,0.3504,"LOW"
26,"1","N2","T0","Other/Unknown",0.6316,0.3684,"LOW"
27,"1","N2","T0","Other/Unknown",0.637,0.363,"LOW"
28,"1","N2","T0","Other/Unknown",0.6337,0.3663,"LOW"
29,"1","N2","T0","Other/Unknown",0.6483,0.3517,"LOW"
30,"1","N2","T0","Other/Unknown",0.6462,0.3538,"LOW"
31,"1","N2","T0","Other/Unknown",0.6367,0.3633,"LOW"
32,"1","N2","T0","Other/Unknown",0.6268,0.3732,"LOW"
33,"1","N2","T0","Other/Unknown",0.6303,0.3697,"LOW"
34,"1","N2","T0","Other/Unknown",0.6244,0.3756,"LOW"
35,"1","N2","T0","Other/Unknown",0.6291,0.3709,"LOW"
36,"1","N2","T0","Other/Unknown",0.6386,0.3614,"LOW"
37,"1","N2","T0","Other/Unknown",0.6327,0.3673,"LOW"
38,"1","N2","T0","Other/Unknown",0.638,0.362,"LOW"
39,"1","N2","T0","Other/Unknown",0.6304,0.3696,"LOW"
40,"1","N2","T0","Other/Unknown",0.6324,0.3676,"LOW"
41,"1","N2","T0","Other/Unknown",0.6319,0.3681,"LOW"
42,"1","N2","T0","Other/Unknown",0.6314,0.3686,"LOW"
43,"1","N2","T0","Other/Unknown",0.6285,0.3715,"LOW"
44,"1","N2","T0","Other/Unknown",0.6226,0.3774,"LOW"
45,"1","N2","T0","Other/Unknown",0.6155,0.3845,"LOW"
46,"1","N2","T0","Other/Unknown",0.6079,0.3921,"LOW"
47,"1","N2","T0","Other/Unknown",0.5881,0.4119,"LOW"
48,"1","N2","T0","Other/Unknown",0.5726,0.4274,"LOW"
49,"1","N2","T0","Other/Unknown",0.5546,0.4454,"LOW"
50,"1","N2","T0","Other/Unknown",0.5594,0.4406,"LOW"
51,"1","N2","T0","Other/Unknown",0.5382,0.4618,"LOW"
52,"1","N2","T0","Other/Unknown",0.5508,0.4492,"LOW"
53,"1","N2","T0","Other/Unknown",0.5554,0.4446,"LOW"
54,"1","N2","T0","Other/Unknown",0.5672,0.4328,"LOW"
55,"1","N2","T0","Other/Unknown",0.5786,0.4214,"LOW"
56,"1","N2","T0","Other/Unknown",0.5871,0.4129,"LOW"
57,"1","N2","T0","Other/Unknown",0.5904,0.4096,"LOW"
58,"1","N2","T0","Other/Unknown",0.5989,0.4011,"LOW"
59,"1","N2","T0","Other/Unknown",0.6237,0.3763,"LOW"
60,"1","N2","T0","Other/Unknown",0.6295,0.3705,"LOW"
61,"1","N2","T0","Other/Unknown",0.6316,0.3684,"LOW"
62,"1","N2","T0","Other/Unknown",0.6263,0.3737,"LOW"
63,"1","N2","T0","Other/Unknown",0.6145,0.3855,"LOW"
64,"1","N2","T0","Other/Unknown",0.636,0.364,"LOW"
65,"1","N2","T0","Other/Unknown",0.6434,0.3566,"LOW"
66,"1","N2","T0","Other/Unknown",0.6358,0.3642,"LOW"
67,"1","N2","T0","Other/Unknown",0.6438,0.3562,"LOW"
68,"1","N2","T0","Other/Unknown",0.6602,0.3398,"LOW"
69,"1","N2","T0","Other/Unknown",0.6654,0.3346,"LOW"
70,"1","N2","T0","Other/Unknown",0.6731,0.3269,"LOW"
71,"1","N2","T0","Other/Unknown",0.6699,0.3301,"LOW"
72,"1","N2","T0","Other/Unknown",0.6814,0.3186,"LOW"
73,"1","N2","T0","Other/Unknown",0.6961,0.3039,"LOW"
74,"1","N2","T0","Other/Unknown",0.7026,0.2974,"LOW"
75,"1","N2","T0","Other/Unknown",0.6959,0.3041,"LOW"
76,"1","N2","T0","Other/Unknown",0.7013,0.2987,"LOW"
77,"1","N2","T0","Other/Unknown",0.7116,0.2884,"LOW"
78,"1","N2","T0","Other/Unknown",0.718,0.282,"LOW"
79,"1","N2","T0","Other/Unknown",0.7179,0.2821,"LOW"
80,"1","N2","T0","Other/Unknown",0.711,0.289,"LOW"
81,"1","N2","T0","Other/Unknown",0.6951,0.3049,"LOW"
82,"1","N2","T0","Other/Unknown",0.6856,0.3144,"LOW"
83,"1","N2","T0","Other/Unknown",0.6822,0.3178,"LOW"
84,"1","N2","T0","Other/Unknown",0.6775,0.3225,"LOW"
85,"1","N2","T0","Other/Unknown",0.6669,0.3331,"LOW"
86,"1","N2","T0","Other/Unknown",0.6568,0.3432,"LOW"
87,"1","N2","T0","Other/Unknown",0.6426,0.3574,"LOW"
88,"1","N2","T0","Other/Unknown",0.6582,0.3418,"LOW"
89,"1","N2","T0","Other/Unknown",0.6524,0.3476,"LOW"
90,"1","N2","T0","Other/Unknown",0.6246,0.3754,"LOW"
91,"1","N2","T0","Other/Unknown",0.6246,0.3754,"LOW"
92,"1","N2","T0","Other/Unknown",0.6246,0.3754,"LOW"
93,"1","N2","T0","Other/Unknown",0.6246,0.3754,"LOW"
94,"1","N2","T0","Other/Unknown",0.6246,0.3754,"LOW"
95,"1","N2","T0","Other/Unknown",0.6246,0.3754,"LOW"
96,"1","N2","T0","Other/Unknown",0.6246,0.3754,"LOW"
97,"1","N2","T0","Other/Unknown",0.6246,0.3754,"LOW"
98,"1","N2","T0","Other/Unknown",0.6246,0.3754,"LOW"
99,"1","N2","T0","Other/Unknown",0.6246,0.3754,"LOW"
0,"2","N2","T0","Other/Unknown",0.4949,0.5051,"HIGH"
1,"2","N2","T0","Other/Unknown",0.4949,0.5051,"HIGH"
2,"2","N2","T0","Other/Unknown",0.4949,0.5051,"HIGH"
3,"2","N2","T0","Other/Unknown",0.4949,0.5051,"HIGH"
4,"2","N2","T0","Other/Unknown",0.4949,0.5051,"HIGH"
5,"2","N2","T0","Other/Unknown",0.4949,0.5051,"HIGH"
6,"2","N2","T0","Other/Unknown",0.4949,0.5051,"HIGH"
7,"2","N2","T0","Other/Unknown",0.4949,0.5051,"HIGH"
8,"2","N2","T0","Other/Unknown",0.4949,0.5051,"HIGH"
9,"2","N2","T0","Other/Unknown",0.4949,0.5051,"HIGH"
10,"2","N2","T0","Other/Unknown",0.4949,0.5051,"HIGH"
11,"2","N2","T0","Other/Unknown",0.4949,0.5051,"HIGH"
12,"2","N2","T0","Other/Unknown",0.4949,0.5051,"HIGH"
13,"2","N2","T0","Other/Unknown",0.4949,0.5051,"HIGH"
14,"2","N2","T0","Other/Unknown",0.4949,0.5051,"HIGH"
15,"2","N2","T0","Other/Unknown",0.4949,0.5051,"HIGH"
16,"2","N2","T0","Other/Unknown",0.4949,0.5051,"HIGH"
17,"2","N2","T0","Other/Unknown",0.4949,0.5051,"HIGH"
18,"2","N2","T0","Other/Unknown",0.4949,0.5051,"HIGH"
19,"2","N2","T0","Other/Unknown",0.4949,0.5051,"HIGH"
20,"2","N2","T0","Other/Unknown",0.4949,0.5051,"HIGH"
21,"2","N2","T0","Other/Unknown",0.4969,0.5031,"HIGH"
22,"2","N2","T0","Other/Unknown",0.4908,0.5092,"HIGH"
23,"2","N2","T0","Other/Unknown",0.4881,0.5119,"HIGH"
24,"2","N2","T0","Other/Unknown",0.487,0.513,"HIGH"
25,"2","N2","T0","Other/Unknown",0.4876,0.5124,"HIGH"
26,"2","N2","T0","Other/Unknown",0.4851,0.5149,"HIGH"
27,"2","N2","T0","Other/Unknown",0.4778,0.5222,"HIGH"
28,"2","N2","T0","Other/Unknown",0.4706,0.5294,"HIGH"
29,"2","N2","T0","Other/Unknown",0.4766,0.5234,"HIGH"
30,"2","N2","T0","Other/Unknown",0.4724,0.5276,"HIGH"
31,"2","N2","T0","Other/Unknown",0.4679,0.5321,"HIGH"
32,"2","N2","T0","Other/Unknown",0.4597,0.5403,"HIGH"
33,"2","N2","T0","Other/Unknown",0.4574,0.5426,"HIGH"
34,"2","N2","T0","Other/Unknown",0.4586,0.5414,"HIGH"
35,"2","N2","T0","Other/Unknown",0.4547,0.5453,"HIGH"
36,"2","N2","T0","Other/Unknown",0.4564,0.5436,"HIGH"
37,"2","N2","T0","Other/Unknown",0.4597,0.5403,"HIGH"
38,"2","N2","T0","Other/Unknown",0.4678,0.5322,"HIGH"
39,"2","N2","T0","Other/Unknown",0.465,0.535,"HIGH"
40,"2","N2","T0","Other/Unknown",0.4697,0.5303,"HIGH"
41,"2","N2","T0","Other/Unknown",0.4677,0.5323,"HIGH"
42,"2","N2","T0","Other/Unknown",0.4652,0.5348,"HIGH"
43,"2","N2","T0","Other/Unknown",0.4735,0.5265,"HIGH"
44,"2","N2","T0","Other/Unknown",0.4532,0.5468,"HIGH"
45,"2","N2","T0","Other/Unknown",0.4528,0.5472,"HIGH"
46,"2","N2","T0","Other/Unknown",0.4483,0.5517,"HIGH"
47,"2","N2","T0","Other/Unknown",0.4485,0.5515,"HIGH"
48,"2","N2","T0","Other/Unknown",0.4451,0.5549,"HIGH"
49,"2","N2","T0","Other/Unknown",0.4255,0.5745,"HIGH"
50,"2","N2","T0","Other/Unknown",0.4506,0.5494,"HIGH"
51,"2","N2","T0","Other/Unknown",0.4451,0.5549,"HIGH"
52,"2","N2","T0","Other/Unknown",0.4631,0.5369,"HIGH"
53,"2","N2","T0","Other/Unknown",0.4742,0.5258,"HIGH"
54,"2","N2","T0","Other/Unknown",0.5006,0.4994,"LOW"
55,"2","N2","T0","Other/Unknown",0.5142,0.4858,"LOW"
56,"2","N2","T0","Other/Unknown",0.5339,0.4661,"LOW"
57,"2","N2","T0","Other/Unknown",0.54,0.46,"LOW"
58,"2","N2","T0","Other/Unknown",0.5595,0.4405,"LOW"
59,"2","N2","T0","Other/Unknown",0.5813,0.4187,"LOW"
60,"2","N2","T0","Other/Unknown",0.591,0.409,"LOW"
61,"2","N2","T0","Other/Unknown",0.6064,0.3936,"LOW"
62,"2","N2","T0","Other/Unknown",0.6028,0.3972,"LOW"
63,"2","N2","T0","Other/Unknown",0.6099,0.3901,"LOW"
64,"2","N2","T0","Other/Unknown",0.616,0.384,"LOW"
65,"2","N2","T0","Other/Unknown",0.6244,0.3756,"LOW"
66,"2","N2","T0","Other/Unknown",0.6301,0.3699,"LOW"
67,"2","N2","T0","Other/Unknown",0.6545,0.3455,"LOW"
68,"2","N2","T0","Other/Unknown",0.6671,0.3329,"LOW"
69,"2","N2","T0","Other/Unknown",0.6771,0.3229,"LOW"
70,"2","N2","T0","Other/Unknown",0.6866,0.3134,"LOW"
71,"2","N2","T0","Other/Unknown",0.6833,0.3167,"LOW"
72,"2","N2","T0","Other/Unknown",0.6965,0.3035,"LOW"
73,"2","N2","T0","Other/Unknown",0.7038,0.2962,"LOW"
74,"2","N2","T0","Other/Unknown",0.7148,0.2852,"LOW"
75,"2","N2","T0","Other/Unknown",0.7192,0.2808,"LOW"
76,"2","N2","T0","Other/Unknown",0.733,0.267,"LOW"
77,"2","N2","T0","Other/Unknown",0.7418,0.2582,"LOW"
78,"2","N2","T0","Other/Unknown",0.7594,0.2406,"LOW"
79,"2","N2","T0","Other/Unknown",0.7685,0.2315,"LOW"
80,"2","N2","T0","Other/Unknown",0.774,0.226,"LOW"
81,"2","N2","T0","Other/Unknown",0.7742,0.2258,"LOW"
82,"2","N2","T0","Other/Unknown",0.7647,0.2353,"LOW"
83,"2","N2","T0","Other/Unknown",0.7606,0.2394,"LOW"
84,"2","N2","T0","Other/Unknown",0.7679,0.2321,"LOW"
85,"2","N2","T0","Other/Unknown",0.7591,0.2409,"LOW"
86,"2","N2","T0","Other/Unknown",0.7627,0.2373,"LOW"
87,"2","N2","T0","Other/Unknown",0.7525,0.2475,"LOW"
88,"2","N2","T0","Other/Unknown",0.755,0.245,"LOW"
89,"2","N2","T0","Other/Unknown",0.7518,0.2482,"LOW"
90,"2","N2","T0","Other/Unknown",0.7368,0.2632,"LOW"
91,"2","N2","T0","Other/Unknown",0.7368,0.2632,"LOW"
92,"2","N2","T0","Other/Unknown",0.7368,0.2632,"LOW"
93,"2","N2","T0","Other/Unknown",0.7368,0.2632,"LOW"
94,"2","N2","T0","Other/Unknown",0.7368,0.2632,"LOW"
95,"2","N2","T0","Other/Unknown",0.7368,0.2632,"LOW"
96,"2","N2","T0","Other/Unknown",0.7368,0.2632,"LOW"
97,"2","N2","T0","Other/Unknown",0.7368,0.2632,"LOW"
98,"2","N2","T0","Other/Unknown",0.7368,0.2632,"LOW"
99,"2","N2","T0","Other/Unknown",0.7368,0.2632,"LOW"
0,"1","Other/Unknown","T0","Other/Unknown",0.9052,0.0948,"LOW"
1,"1","Other/Unknown","T0","Other/Unknown",0.9047,0.0953,"LOW"
2,"1","Other/Unknown","T0","Other/Unknown",0.9028,0.0972,"LOW"
3,"1","Other/Unknown","T0","Other/Unknown",0.9026,0.0974,"LOW"
4,"1","Other/Unknown","T0","Other/Unknown",0.901,0.099,"LOW"
5,"1","Other/Unknown","T0","Other/Unknown",0.901,0.099,"LOW"
6,"1","Other/Unknown","T0","Other/Unknown",0.901,0.099,"LOW"
7,"1","Other/Unknown","T0","Other/Unknown",0.9006,0.0994,"LOW"
8,"1","Other/Unknown","T0","Other/Unknown",0.9006,0.0994,"LOW"
9,"1","Other/Unknown","T0","Other/Unknown",0.9006,0.0994,"LOW"
10,"1","Other/Unknown","T0","Other/Unknown",0.8996,0.1004,"LOW"
11,"1","Other/Unknown","T0","Other/Unknown",0.8996,0.1004,"LOW"
12,"1","Other/Unknown","T0","Other/Unknown",0.8991,0.1009,"LOW"
13,"1","Other/Unknown","T0","Other/Unknown",0.8991,0.1009,"LOW"
14,"1","Other/Unknown","T0","Other/Unknown",0.8986,0.1014,"LOW"
15,"1","Other/Unknown","T0","Other/Unknown",0.8986,0.1014,"LOW"
16,"1","Other/Unknown","T0","Other/Unknown",0.8986,0.1014,"LOW"
17,"1","Other/Unknown","T0","Other/Unknown",0.8986,0.1014,"LOW"
18,"1","Other/Unknown","T0","Other/Unknown",0.8986,0.1014,"LOW"
19,"1","Other/Unknown","T0","Other/Unknown",0.8926,0.1074,"LOW"
20,"1","Other/Unknown","T0","Other/Unknown",0.8999,0.1001,"LOW"
21,"1","Other/Unknown","T0","Other/Unknown",0.9007,0.0993,"LOW"
22,"1","Other/Unknown","T0","Other/Unknown",0.9002,0.0998,"LOW"
23,"1","Other/Unknown","T0","Other/Unknown",0.8989,0.1011,"LOW"
24,"1","Other/Unknown","T0","Other/Unknown",0.8942,0.1058,"LOW"
25,"1","Other/Unknown","T0","Other/Unknown",0.8976,0.1024,"LOW"
26,"1","Other/Unknown","T0","Other/Unknown",0.8977,0.1023,"LOW"
27,"1","Other/Unknown","T0","Other/Unknown",0.895,0.105,"LOW"
28,"1","Other/Unknown","T0","Other/Unknown",0.9006,0.0994,"LOW"
29,"1","Other/Unknown","T0","Other/Unknown",0.8972,0.1028,"LOW"
30,"1","Other/Unknown","T0","Other/Unknown",0.9019,0.0981,"LOW"
31,"1","Other/Unknown","T0","Other/Unknown",0.9024,0.0976,"LOW"
32,"1","Other/Unknown","T0","Other/Unknown",0.9017,0.0983,"LOW"
33,"1","Other/Unknown","T0","Other/Unknown",0.9045,0.0955,"LOW"
34,"1","Other/Unknown","T0","Other/Unknown",0.8996,0.1004,"LOW"
35,"1","Other/Unknown","T0","Other/Unknown",0.8991,0.1009,"LOW"
36,"1","Other/Unknown","T0","Other/Unknown",0.9023,0.0977,"LOW"
37,"1","Other/Unknown","T0","Other/Unknown",0.9034,0.0966,"LOW"
38,"1","Other/Unknown","T0","Other/Unknown",0.8997,0.1003,"LOW"
39,"1","Other/Unknown","T0","Other/Unknown",0.8971,0.1029,"LOW"
40,"1","Other/Unknown","T0","Other/Unknown",0.8981,0.1019,"LOW"
41,"1","Other/Unknown","T0","Other/Unknown",0.9002,0.0998,"LOW"
42,"1","Other/Unknown","T0","Other/Unknown",0.891,0.109,"LOW"
43,"1","Other/Unknown","T0","Other/Unknown",0.8841,0.1159,"LOW"
44,"1","Other/Unknown","T0","Other/Unknown",0.8742,0.1258,"LOW"
45,"1","Other/Unknown","T0","Other/Unknown",0.8743,0.1257,"LOW"
46,"1","Other/Unknown","T0","Other/Unknown",0.8637,0.1363,"LOW"
47,"1","Other/Unknown","T0","Other/Unknown",0.855,0.145,"LOW"
48,"1","Other/Unknown","T0","Other/Unknown",0.844,0.156,"LOW"
49,"1","Other/Unknown","T0","Other/Unknown",0.8414,0.1586,"LOW"
50,"1","Other/Unknown","T0","Other/Unknown",0.8376,0.1624,"LOW"
51,"1","Other/Unknown","T0","Other/Unknown",0.7493,0.2507,"LOW"
52,"1","Other/Unknown","T0","Other/Unknown",0.8413,0.1587,"LOW"
53,"1","Other/Unknown","T0","Other/Unknown",0.8635,0.1365,"LOW"
54,"1","Other/Unknown","T0","Other/Unknown",0.8981,0.1019,"LOW"
55,"1","Other/Unknown","T0","Other/Unknown",0.9083,0.0917,"LOW"
56,"1","Other/Unknown","T0","Other/Unknown",0.9145,0.0855,"LOW"
57,"1","Other/Unknown","T0","Other/Unknown",0.9163,0.0837,"LOW"
58,"1","Other/Unknown","T0","Other/Unknown",0.9151,0.0849,"LOW"
59,"1","Other/Unknown","T0","Other/Unknown",0.9136,0.0864,"LOW"
60,"1","Other/Unknown","T0","Other/Unknown",0.9053,0.0947,"LOW"
61,"1","Other/Unknown","T0","Other/Unknown",0.8956,0.1044,"LOW"
62,"1","Other/Unknown","T0","Other/Unknown",0.91,0.09,"LOW"
63,"1","Other/Unknown","T0","Other/Unknown",0.9133,0.0867,"LOW"
64,"1","Other/Unknown","T0","Other/Unknown",0.9176,0.0824,"LOW"
65,"1","Other/Unknown","T0","Other/Unknown",0.9178,0.0822,"LOW"
66,"1","Other/Unknown","T0","Other/Unknown",0.9175,0.0825,"LOW"
67,"1","Other/Unknown","T0","Other/Unknown",0.9192,0.0808,"LOW"
68,"1","Other/Unknown","T0","Other/Unknown",0.917,0.083,"LOW"
69,"1","Other/Unknown","T0","Other/Unknown",0.9108,0.0892,"LOW"
70,"1","Other/Unknown","T0","Other/Unknown",0.9066,0.0934,"LOW"
71,"1","Other/Unknown","T0","Other/Unknown",0.8965,0.1035,"LOW"
72,"1","Other/Unknown","T0","Other/Unknown",0.8923,0.1077,"LOW"
73,"1","Other/Unknown","T0","Other/Unknown",0.8883,0.1117,"LOW"
74,"1","Other/Unknown","T0","Other/Unknown",0.8844,0.1156,"LOW"
75,"1","Other/Unknown","T0","Other/Unknown",0.8835,0.1165,"LOW"
76,"1","Other/Unknown","T0","Other/Unknown",0.88,0.12,"LOW"
77,"1","Other/Unknown","T0","Other/Unknown",0.8628,0.1372,"LOW"
78,"1","Other/Unknown","T0","Other/Unknown",0.8509,0.1491,"LOW"
79,"1","Other/Unknown","T0","Other/Unknown",0.8353,0.1647,"LOW"
80,"1","Other/Unknown","T0","Other/Unknown",0.824,0.176,"LOW"
81,"1","Other/Unknown","T0","Other/Unknown",0.8104,0.1896,"LOW"
82,"1","Other/Unknown","T0","Other/Unknown",0.7729,0.2271,"LOW"
83,"1","Other/Unknown","T0","Other/Unknown",0.698,0.302,"LOW"
84,"1","Other/Unknown","T0","Other/Unknown",0.7187,0.2813,"LOW"
85,"1","Other/Unknown","T0","Other/Unknown",0.7302,0.2698,"LOW"
86,"1","Other/Unknown","T0","Other/Unknown",0.7451,0.2549,"LOW"
87,"1","Other/Unknown","T0","Other/Unknown",0.7756,0.2244,"LOW"
88,"1","Other/Unknown","T0","Other/Unknown",0.7952,0.2048,"LOW"
89,"1","Other/Unknown","T0","Other/Unknown",0.8108,0.1892,"LOW"
90,"1","Other/Unknown","T0","Other/Unknown",0.8019,0.1981,"LOW"
91,"1","Other/Unknown","T0","Other/Unknown",0.8019,0.1981,"LOW"
92,"1","Other/Unknown","T0","Other/Unknown",0.8019,0.1981,"LOW"
93,"1","Other/Unknown","T0","Other/Unknown",0.8019,0.1981,"LOW"
94,"1","Other/Unknown","T0","Other/Unknown",0.8019,0.1981,"LOW"
95,"1","Other/Unknown","T0","Other/Unknown",0.8019,0.1981,"LOW"
96,"1","Other/Unknown","T0","Other/Unknown",0.8019,0.1981,"LOW"
97,"1","Other/Unknown","T0","Other/Unknown",0.8019,0.1981,"LOW"
98,"1","Other/Unknown","T0","Other/Unknown",0.8019,0.1981,"LOW"
99,"1","Other/Unknown","T0","Other/Unknown",0.8019,0.1981,"LOW"
0,"2","Other/Unknown","T0","Other/Unknown",0.9684,0.0316,"LOW"
1,"2","Other/Unknown","T0","Other/Unknown",0.9684,0.0316,"LOW"
2,"2","Other/Unknown","T0","Other/Unknown",0.9684,0.0316,"LOW"
3,"2","Other/Unknown","T0","Other/Unknown",0.9684,0.0316,"LOW"
4,"2","Other/Unknown","T0","Other/Unknown",0.968,0.032,"LOW"
5,"2","Other/Unknown","T0","Other/Unknown",0.968,0.032,"LOW"
6,"2","Other/Unknown","T0","Other/Unknown",0.968,0.032,"LOW"
7,"2","Other/Unknown","T0","Other/Unknown",0.968,0.032,"LOW"
8,"2","Other/Unknown","T0","Other/Unknown",0.968,0.032,"LOW"
9,"2","Other/Unknown","T0","Other/Unknown",0.968,0.032,"LOW"
10,"2","Other/Unknown","T0","Other/Unknown",0.968,0.032,"LOW"
11,"2","Other/Unknown","T0","Other/Unknown",0.968,0.032,"LOW"
12,"2","Other/Unknown","T0","Other/Unknown",0.968,0.032,"LOW"
13,"2","Other/Unknown","T0","Other/Unknown",0.968,0.032,"LOW"
14,"2","Other/Unknown","T0","Other/Unknown",0.968,0.032,"LOW"
15,"2","Other/Unknown","T0","Other/Unknown",0.968,0.032,"LOW"
16,"2","Other/Unknown","T0","Other/Unknown",0.968,0.032,"LOW"
17,"2","Other/Unknown","T0","Other/Unknown",0.968,0.032,"LOW"
18,"2","Other/Unknown","T0","Other/Unknown",0.968,0.032,"LOW"
19,"2","Other/Unknown","T0","Other/Unknown",0.9667,0.0333,"LOW"
20,"2","Other/Unknown","T0","Other/Unknown",0.9642,0.0358,"LOW"
21,"2","Other/Unknown","T0","Other/Unknown",0.962,0.038,"LOW"
22,"2","Other/Unknown","T0","Other/Unknown",0.9607,0.0393,"LOW"
23,"2","Other/Unknown","T0","Other/Unknown",0.9635,0.0365,"LOW"
24,"2","Other/Unknown","T0","Other/Unknown",0.964,0.036,"LOW"
25,"2","Other/Unknown","T0","Other/Unknown",0.9618,0.0382,"LOW"
26,"2","Other/Unknown","T0","Other/Unknown",0.9491,0.0509,"LOW"
27,"2","Other/Unknown","T0","Other/Unknown",0.9594,0.0406,"LOW"
28,"2","Other/Unknown","T0","Other/Unknown",0.956,0.044,"LOW"
29,"2","Other/Unknown","T0","Other/Unknown",0.9639,0.0361,"LOW"
30,"2","Other/Unknown","T0","Other/Unknown",0.9632,0.0368,"LOW"
31,"2","Other/Unknown","T0","Other/Unknown",0.9603,0.0397,"LOW"
32,"2","Other/Unknown","T0","Other/Unknown",0.965,0.035,"LOW"
33,"2","Other/Unknown","T0","Other/Unknown",0.9669,0.0331,"LOW"
34,"2","Other/Unknown","T0","Other/Unknown",0.9689,0.0311,"LOW"
35,"2","Other/Unknown","T0","Other/Unknown",0.9694,0.0306,"LOW"
36,"2","Other/Unknown","T0","Other/Unknown",0.9691,0.0309,"LOW"
37,"2","Other/Unknown","T0","Other/Unknown",0.9693,0.0307,"LOW"
38,"2","Other/Unknown","T0","Other/Unknown",0.9679,0.0321,"LOW"
39,"2","Other/Unknown","T0","Other/Unknown",0.9676,0.0324,"LOW"
40,"2","Other/Unknown","T0","Other/Unknown",0.9675,0.0325,"LOW"
41,"2","Other/Unknown","T0","Other/Unknown",0.9654,0.0346,"LOW"
42,"2","Other/Unknown","T0","Other/Unknown",0.9634,0.0366,"LOW"
43,"2","Other/Unknown","T0","Other/Unknown",0.9612,0.0388,"LOW"
44,"2","Other/Unknown","T0","Other/Unknown",0.9607,0.0393,"LOW"
45,"2","Other/Unknown","T0","Other/Unknown",0.9637,0.0363,"LOW"
46,"2","Other/Unknown","T0","Other/Unknown",0.9583,0.0417,"LOW"
47,"2","Other/Unknown","T0","Other/Unknown",0.956,0.044,"LOW"
48,"2","Other/Unknown","T0","Other/Unknown",0.9541,0.0459,"LOW"
49,"2","Other/Unknown","T0","Other/Unknown",0.952,0.048,"LOW"
50,"2","Other/Unknown","T0","Other/Unknown",0.9491,0.0509,"LOW"
51,"2","Other/Unknown","T0","Other/Unknown",0.9382,0.0618,"LOW"
52,"2","Other/Unknown","T0","Other/Unknown",0.9563,0.0437,"LOW"
53,"2","Other/Unknown","T0","Other/Unknown",0.9611,0.0389,"LOW"
54,"2","Other/Unknown","T0","Other/Unknown",0.962,0.038,"LOW"
55,"2","Other/Unknown","T0","Other/Unknown",0.9633,0.0367,"LOW"
56,"2","Other/Unknown","T0","Other/Unknown",0.9554,0.0446,"LOW"
57,"2","Other/Unknown","T0","Other/Unknown",0.9599,0.0401,"LOW"
58,"2","Other/Unknown","T0","Other/Unknown",0.9619,0.0381,"LOW"
59,"2","Other/Unknown","T0","Other/Unknown",0.9593,0.0407,"LOW"
60,"2","Other/Unknown","T0","Other/Unknown",0.957,0.043,"LOW"
61,"2","Other/Unknown","T0","Other/Unknown",0.9549,0.0451,"LOW"
62,"2","Other/Unknown","T0","Other/Unknown",0.9562,0.0438,"LOW"
63,"2","Other/Unknown","T0","Other/Unknown",0.9547,0.0453,"LOW"
64,"2","Other/Unknown","T0","Other/Unknown",0.9453,0.0547,"LOW"
65,"2","Other/Unknown","T0","Other/Unknown",0.942,0.058,"LOW"
66,"2","Other/Unknown","T0","Other/Unknown",0.9594,0.0406,"LOW"
67,"2","Other/Unknown","T0","Other/Unknown",0.96,0.04,"LOW"
68,"2","Other/Unknown","T0","Other/Unknown",0.9606,0.0394,"LOW"
69,"2","Other/Unknown","T0","Other/Unknown",0.9571,0.0429,"LOW"
70,"2","Other/Unknown","T0","Other/Unknown",0.9595,0.0405,"LOW"
71,"2","Other/Unknown","T0","Other/Unknown",0.9604,0.0396,"LOW"
72,"2","Other/Unknown","T0","Other/Unknown",0.9593,0.0407,"LOW"
73,"2","Other/Unknown","T0","Other/Unknown",0.957,0.043,"LOW"
74,"2","Other/Unknown","T0","Other/Unknown",0.9597,0.0403,"LOW"
75,"2","Other/Unknown","T0","Other/Unknown",0.9601,0.0399,"LOW"
76,"2","Other/Unknown","T0","Other/Unknown",0.9581,0.0419,"LOW"
77,"2","Other/Unknown","T0","Other/Unknown",0.9538,0.0462,"LOW"
78,"2","Other/Unknown","T0","Other/Unknown",0.948,0.052,"LOW"
79,"2","Other/Unknown","T0","Other/Unknown",0.9453,0.0547,"LOW"
80,"2","Other/Unknown","T0","Other/Unknown",0.9251,0.0749,"LOW"
81,"2","Other/Unknown","T0","Other/Unknown",0.9198,0.0802,"LOW"
82,"2","Other/Unknown","T0","Other/Unknown",0.9258,0.0742,"LOW"
83,"2","Other/Unknown","T0","Other/Unknown",0.9018,0.0982,"LOW"
84,"2","Other/Unknown","T0","Other/Unknown",0.9062,0.0938,"LOW"
85,"2","Other/Unknown","T0","Other/Unknown",0.9109,0.0891,"LOW"
86,"2","Other/Unknown","T0","Other/Unknown",0.9175,0.0825,"LOW"
87,"2","Other/Unknown","T0","Other/Unknown",0.9213,0.0787,"LOW"
88,"2","Other/Unknown","T0","Other/Unknown",0.931,0.069,"LOW"
89,"2","Other/Unknown","T0","Other/Unknown",0.9333,0.0667,"LOW"
90,"2","Other/Unknown","T0","Other/Unknown",0.9392,0.0608,"LOW"
91,"2","Other/Unknown","T0","Other/Unknown",0.9392,0.0608,"LOW"
92,"2","Other/Unknown","T0","Other/Unknown",0.9392,0.0608,"LOW"
93,"2","Other/Unknown","T0","Other/Unknown",0.9392,0.0608,"LOW"
94,"2","Other/Unknown","T0","Other/Unknown",0.9392,0.0608,"LOW"
95,"2","Other/Unknown","T0","Other/Unknown",0.9392,0.0608,"LOW"
96,"2","Other/Unknown","T0","Other/Unknown",0.9392,0.0608,"LOW"
97,"2","Other/Unknown","T0","Other/Unknown",0.9392,0.0608,"LOW"
98,"2","Other/Unknown","T0","Other/Unknown",0.9392,0.0608,"LOW"
99,"2","Other/Unknown","T0","Other/Unknown",0.9392,0.0608,"LOW"
0,"1","N0","Other/Unknown","Other/Unknown",0.9552,0.0448,"LOW"
1,"1","N0","Other/Unknown","Other/Unknown",0.9552,0.0448,"LOW"
2,"1","N0","Other/Unknown","Other/Unknown",0.9552,0.0448,"LOW"
3,"1","N0","Other/Unknown","Other/Unknown",0.9552,0.0448,"LOW"
4,"1","N0","Other/Unknown","Other/Unknown",0.9552,0.0448,"LOW"
5,"1","N0","Other/Unknown","Other/Unknown",0.9552,0.0448,"LOW"
6,"1","N0","Other/Unknown","Other/Unknown",0.9552,0.0448,"LOW"
7,"1","N0","Other/Unknown","Other/Unknown",0.9552,0.0448,"LOW"
8,"1","N0","Other/Unknown","Other/Unknown",0.9552,0.0448,"LOW"
9,"1","N0","Other/Unknown","Other/Unknown",0.9552,0.0448,"LOW"
10,"1","N0","Other/Unknown","Other/Unknown",0.9552,0.0448,"LOW"
11,"1","N0","Other/Unknown","Other/Unknown",0.9552,0.0448,"LOW"
12,"1","N0","Other/Unknown","Other/Unknown",0.9552,0.0448,"LOW"
13,"1","N0","Other/Unknown","Other/Unknown",0.955,0.045,"LOW"
14,"1","N0","Other/Unknown","Other/Unknown",0.9546,0.0454,"LOW"
15,"1","N0","Other/Unknown","Other/Unknown",0.9546,0.0454,"LOW"
16,"1","N0","Other/Unknown","Other/Unknown",0.9545,0.0455,"LOW"
17,"1","N0","Other/Unknown","Other/Unknown",0.9533,0.0467,"LOW"
18,"1","N0","Other/Unknown","Other/Unknown",0.95,0.05,"LOW"
19,"1","N0","Other/Unknown","Other/Unknown",0.9452,0.0548,"LOW"
20,"1","N0","Other/Unknown","Other/Unknown",0.9483,0.0517,"LOW"
21,"1","N0","Other/Unknown","Other/Unknown",0.9471,0.0529,"LOW"
22,"1","N0","Other/Unknown","Other/Unknown",0.9462,0.0538,"LOW"
23,"1","N0","Other/Unknown","Other/Unknown",0.9446,0.0554,"LOW"
24,"1","N0","Other/Unknown","Other/Unknown",0.9409,0.0591,"LOW"
25,"1","N0","Other/Unknown","Other/Unknown",0.9352,0.0648,"LOW"
26,"1","N0","Other/Unknown","Other/Unknown",0.9225,0.0775,"LOW"
27,"1","N0","Other/Unknown","Other/Unknown",0.9207,0.0793,"LOW"
28,"1","N0","Other/Unknown","Other/Unknown",0.9217,0.0783,"LOW"
29,"1","N0","Other/Unknown","Other/Unknown",0.9236,0.0764,"LOW"
30,"1","N0","Other/Unknown","Other/Unknown",0.932,0.068,"LOW"
31,"1","N0","Other/Unknown","Other/Unknown",0.9306,0.0694,"LOW"
32,"1","N0","Other/Unknown","Other/Unknown",0.9306,0.0694,"LOW"
33,"1","N0","Other/Unknown","Other/Unknown",0.929,0.071,"LOW"
34,"1","N0","Other/Unknown","Other/Unknown",0.9316,0.0684,"LOW"
35,"1","N0","Other/Unknown","Other/Unknown",0.9284,0.0716,"LOW"
36,"1","N0","Other/Unknown","Other/Unknown",0.9262,0.0738,"LOW"
37,"1","N0","Other/Unknown","Other/Unknown",0.9202,0.0798,"LOW"
38,"1","N0","Other/Unknown","Other/Unknown",0.9203,0.0797,"LOW"
39,"1","N0","Other/Unknown","Other/Unknown",0.9202,0.0798,"LOW"
40,"1","N0","Other/Unknown","Other/Unknown",0.925,0.075,"LOW"
41,"1","N0","Other/Unknown","Other/Unknown",0.9234,0.0766,"LOW"
42,"1","N0","Other/Unknown","Other/Unknown",0.9257,0.0743,"LOW"
43,"1","N0","Other/Unknown","Other/Unknown",0.9256,0.0744,"LOW"
44,"1","N0","Other/Unknown","Other/Unknown",0.9238,0.0762,"LOW"
45,"1","N0","Other/Unknown","Other/Unknown",0.9267,0.0733,"LOW"
46,"1","N0","Other/Unknown","Other/Unknown",0.9237,0.0763,"LOW"
47,"1","N0","Other/Unknown","Other/Unknown",0.9249,0.0751,"LOW"
48,"1","N0","Other/Unknown","Other/Unknown",0.9289,0.0711,"LOW"
49,"1","N0","Other/Unknown","Other/Unknown",0.9295,0.0705,"LOW"
50,"1","N0","Other/Unknown","Other/Unknown",0.9339,0.0661,"LOW"
51,"1","N0","Other/Unknown","Other/Unknown",0.9339,0.0661,"LOW"
52,"1","N0","Other/Unknown","Other/Unknown",0.9315,0.0685,"LOW"
53,"1","N0","Other/Unknown","Other/Unknown",0.9301,0.0699,"LOW"
54,"1","N0","Other/Unknown","Other/Unknown",0.9302,0.0698,"LOW"
55,"1","N0","Other/Unknown","Other/Unknown",0.9314,0.0686,"LOW"
56,"1","N0","Other/Unknown","Other/Unknown",0.9321,0.0679,"LOW"
57,"1","N0","Other/Unknown","Other/Unknown",0.929,0.071,"LOW"
58,"1","N0","Other/Unknown","Other/Unknown",0.9301,0.0699,"LOW"
59,"1","N0","Other/Unknown","Other/Unknown",0.9275,0.0725,"LOW"
60,"1","N0","Other/Unknown","Other/Unknown",0.9283,0.0717,"LOW"
61,"1","N0","Other/Unknown","Other/Unknown",0.9236,0.0764,"LOW"
62,"1","N0","Other/Unknown","Other/Unknown",0.9267,0.0733,"LOW"
63,"1","N0","Other/Unknown","Other/Unknown",0.9266,0.0734,"LOW"
64,"1","N0","Other/Unknown","Other/Unknown",0.928,0.072,"LOW"
65,"1","N0","Other/Unknown","Other/Unknown",0.9282,0.0718,"LOW"
66,"1","N0","Other/Unknown","Other/Unknown",0.9277,0.0723,"LOW"
67,"1","N0","Other/Unknown","Other/Unknown",0.9285,0.0715,"LOW"
68,"1","N0","Other/Unknown","Other/Unknown",0.9287,0.0713,"LOW"
69,"1","N0","Other/Unknown","Other/Unknown",0.9284,0.0716,"LOW"
70,"1","N0","Other/Unknown","Other/Unknown",0.9286,0.0714,"LOW"
71,"1","N0","Other/Unknown","Other/Unknown",0.9274,0.0726,"LOW"
72,"1","N0","Other/Unknown","Other/Unknown",0.9288,0.0712,"LOW"
73,"1","N0","Other/Unknown","Other/Unknown",0.9268,0.0732,"LOW"
74,"1","N0","Other/Unknown","Other/Unknown",0.9267,0.0733,"LOW"
75,"1","N0","Other/Unknown","Other/Unknown",0.9291,0.0709,"LOW"
76,"1","N0","Other/Unknown","Other/Unknown",0.9263,0.0737,"LOW"
77,"1","N0","Other/Unknown","Other/Unknown",0.9257,0.0743,"LOW"
78,"1","N0","Other/Unknown","Other/Unknown",0.9266,0.0734,"LOW"
79,"1","N0","Other/Unknown","Other/Unknown",0.9275,0.0725,"LOW"
80,"1","N0","Other/Unknown","Other/Unknown",0.9271,0.0729,"LOW"
81,"1","N0","Other/Unknown","Other/Unknown",0.9244,0.0756,"LOW"
82,"1","N0","Other/Unknown","Other/Unknown",0.928,0.072,"LOW"
83,"1","N0","Other/Unknown","Other/Unknown",0.9294,0.0706,"LOW"
84,"1","N0","Other/Unknown","Other/Unknown",0.9257,0.0743,"LOW"
85,"1","N0","Other/Unknown","Other/Unknown",0.9288,0.0712,"LOW"
86,"1","N0","Other/Unknown","Other/Unknown",0.9315,0.0685,"LOW"
87,"1","N0","Other/Unknown","Other/Unknown",0.9279,0.0721,"LOW"
88,"1","N0","Other/Unknown","Other/Unknown",0.9222,0.0778,"LOW"
89,"1","N0","Other/Unknown","Other/Unknown",0.9324,0.0676,"LOW"
90,"1","N0","Other/Unknown","Other/Unknown",0.9239,0.0761,"LOW"
91,"1","N0","Other/Unknown","Other/Unknown",0.9239,0.0761,"LOW"
92,"1","N0","Other/Unknown","Other/Unknown",0.9239,0.0761,"LOW"
93,"1","N0","Other/Unknown","Other/Unknown",0.9239,0.0761,"LOW"
94,"1","N0","Other/Unknown","Other/Unknown",0.9239,0.0761,"LOW"
95,"1","N0","Other/Unknown","Other/Unknown",0.9239,0.0761,"LOW"
96,"1","N0","Other/Unknown","Other/Unknown",0.9239,0.0761,"LOW"
97,"1","N0","Other/Unknown","Other/Unknown",0.9239,0.0761,"LOW"
98,"1","N0","Other/Unknown","Other/Unknown",0.9239,0.0761,"LOW"
99,"1","N0","Other/Unknown","Other/Unknown",0.9239,0.0761,"LOW"
0,"2","N0","Other/Unknown","Other/Unknown",0.9526,0.0474,"LOW"
1,"2","N0","Other/Unknown","Other/Unknown",0.9526,0.0474,"LOW"
2,"2","N0","Other/Unknown","Other/Unknown",0.9526,0.0474,"LOW"
3,"2","N0","Other/Unknown","Other/Unknown",0.9526,0.0474,"LOW"
4,"2","N0","Other/Unknown","Other/Unknown",0.9526,0.0474,"LOW"
5,"2","N0","Other/Unknown","Other/Unknown",0.9526,0.0474,"LOW"
6,"2","N0","Other/Unknown","Other/Unknown",0.9526,0.0474,"LOW"
7,"2","N0","Other/Unknown","Other/Unknown",0.9526,0.0474,"LOW"
8,"2","N0","Other/Unknown","Other/Unknown",0.9526,0.0474,"LOW"
9,"2","N0","Other/Unknown","Other/Unknown",0.9526,0.0474,"LOW"
10,"2","N0","Other/Unknown","Other/Unknown",0.9526,0.0474,"LOW"
11,"2","N0","Other/Unknown","Other/Unknown",0.9526,0.0474,"LOW"
12,"2","N0","Other/Unknown","Other/Unknown",0.9525,0.0475,"LOW"
13,"2","N0","Other/Unknown","Other/Unknown",0.9524,0.0476,"LOW"
14,"2","N0","Other/Unknown","Other/Unknown",0.9508,0.0492,"LOW"
15,"2","N0","Other/Unknown","Other/Unknown",0.95,0.05,"LOW"
16,"2","N0","Other/Unknown","Other/Unknown",0.9475,0.0525,"LOW"
17,"2","N0","Other/Unknown","Other/Unknown",0.943,0.057,"LOW"
18,"2","N0","Other/Unknown","Other/Unknown",0.8972,0.1028,"LOW"
19,"2","N0","Other/Unknown","Other/Unknown",0.8592,0.1408,"LOW"
20,"2","N0","Other/Unknown","Other/Unknown",0.9204,0.0796,"LOW"
21,"2","N0","Other/Unknown","Other/Unknown",0.9473,0.0527,"LOW"
22,"2","N0","Other/Unknown","Other/Unknown",0.948,0.052,"LOW"
23,"2","N0","Other/Unknown","Other/Unknown",0.9475,0.0525,"LOW"
24,"2","N0","Other/Unknown","Other/Unknown",0.9441,0.0559,"LOW"
25,"2","N0","Other/Unknown","Other/Unknown",0.9355,0.0645,"LOW"
26,"2","N0","Other/Unknown","Other/Unknown",0.9406,0.0594,"LOW"
27,"2","N0","Other/Unknown","Other/Unknown",0.9297,0.0703,"LOW"
28,"2","N0","Other/Unknown","Other/Unknown",0.9414,0.0586,"LOW"
29,"2","N0","Other/Unknown","Other/Unknown",0.9398,0.0602,"LOW"
30,"2","N0","Other/Unknown","Other/Unknown",0.9451,0.0549,"LOW"
31,"2","N0","Other/Unknown","Other/Unknown",0.9446,0.0554,"LOW"
32,"2","N0","Other/Unknown","Other/Unknown",0.9401,0.0599,"LOW"
33,"2","N0","Other/Unknown","Other/Unknown",0.9393,0.0607,"LOW"
34,"2","N0","Other/Unknown","Other/Unknown",0.9296,0.0704,"LOW"
35,"2","N0","Other/Unknown","Other/Unknown",0.9332,0.0668,"LOW"
36,"2","N0","Other/Unknown","Other/Unknown",0.932,0.068,"LOW"
37,"2","N0","Other/Unknown","Other/Unknown",0.9385,0.0615,"LOW"
38,"2","N0","Other/Unknown","Other/Unknown",0.9331,0.0669,"LOW"
39,"2","N0","Other/Unknown","Other/Unknown",0.9413,0.0587,"LOW"
40,"2","N0","Other/Unknown","Other/Unknown",0.9449,0.0551,"LOW"
41,"2","N0","Other/Unknown","Other/Unknown",0.9452,0.0548,"LOW"
42,"2","N0","Other/Unknown","Other/Unknown",0.9444,0.0556,"LOW"
43,"2","N0","Other/Unknown","Other/Unknown",0.9443,0.0557,"LOW"
44,"2","N0","Other/Unknown","Other/Unknown",0.9429,0.0571,"LOW"
45,"2","N0","Other/Unknown","Other/Unknown",0.945,0.055,"LOW"
46,"2","N0","Other/Unknown","Other/Unknown",0.9459,0.0541,"LOW"
47,"2","N0","Other/Unknown","Other/Unknown",0.9445,0.0555,"LOW"
48,"2","N0","Other/Unknown","Other/Unknown",0.9428,0.0572,"LOW"
49,"2","N0","Other/Unknown","Other/Unknown",0.9432,0.0568,"LOW"
50,"2","N0","Other/Unknown","Other/Unknown",0.9479,0.0521,"LOW"
51,"2","N0","Other/Unknown","Other/Unknown",0.9465,0.0535,"LOW"
52,"2","N0","Other/Unknown","Other/Unknown",0.9464,0.0536,"LOW"
53,"2","N0","Other/Unknown","Other/Unknown",0.9449,0.0551,"LOW"
54,"2","N0","Other/Unknown","Other/Unknown",0.9467,0.0533,"LOW"
55,"2","N0","Other/Unknown","Other/Unknown",0.9457,0.0543,"LOW"
56,"2","N0","Other/Unknown","Other/Unknown",0.9447,0.0553,"LOW"
57,"2","N0","Other/Unknown","Other/Unknown",0.9442,0.0558,"LOW"
58,"2","N0","Other/Unknown","Other/Unknown",0.9426,0.0574,"LOW"
59,"2","N0","Other/Unknown","Other/Unknown",0.9446,0.0554,"LOW"
60,"2","N0","Other/Unknown","Other/Unknown",0.9429,0.0571,"LOW"
61,"2","N0","Other/Unknown","Other/Unknown",0.9439,0.0561,"LOW"
62,"2","N0","Other/Unknown","Other/Unknown",0.9417,0.0583,"LOW"
63,"2","N0","Other/Unknown","Other/Unknown",0.9399,0.0601,"LOW"
64,"2","N0","Other/Unknown","Other/Unknown",0.9377,0.0623,"LOW"
65,"2","N0","Other/Unknown","Other/Unknown",0.937,0.063,"LOW"
66,"2","N0","Other/Unknown","Other/Unknown",0.9364,0.0636,"LOW"
67,"2","N0","Other/Unknown","Other/Unknown",0.9374,0.0626,"LOW"
68,"2","N0","Other/Unknown","Other/Unknown",0.9347,0.0653,"LOW"
69,"2","N0","Other/Unknown","Other/Unknown",0.9373,0.0627,"LOW"
70,"2","N0","Other/Unknown","Other/Unknown",0.9362,0.0638,"LOW"
71,"2","N0","Other/Unknown","Other/Unknown",0.9384,0.0616,"LOW"
72,"2","N0","Other/Unknown","Other/Unknown",0.9348,0.0652,"LOW"
73,"2","N0","Other/Unknown","Other/Unknown",0.9355,0.0645,"LOW"
74,"2","N0","Other/Unknown","Other/Unknown",0.9306,0.0694,"LOW"
75,"2","N0","Other/Unknown","Other/Unknown",0.9333,0.0667,"LOW"
76,"2","N0","Other/Unknown","Other/Unknown",0.934,0.066,"LOW"
77,"2","N0","Other/Unknown","Other/Unknown",0.9312,0.0688,"LOW"
78,"2","N0","Other/Unknown","Other/Unknown",0.933,0.067,"LOW"
79,"2","N0","Other/Unknown","Other/Unknown",0.9274,0.0726,"LOW"
80,"2","N0","Other/Unknown","Other/Unknown",0.9254,0.0746,"LOW"
81,"2","N0","Other/Unknown","Other/Unknown",0.9314,0.0686,"LOW"
82,"2","N0","Other/Unknown","Other/Unknown",0.9312,0.0688,"LOW"
83,"2","N0","Other/Unknown","Other/Unknown",0.9229,0.0771,"LOW"
84,"2","N0","Other/Unknown","Other/Unknown",0.9294,0.0706,"LOW"
85,"2","N0","Other/Unknown","Other/Unknown",0.9259,0.0741,"LOW"
86,"2","N0","Other/Unknown","Other/Unknown",0.9282,0.0718,"LOW"
87,"2","N0","Other/Unknown","Other/Unknown",0.9175,0.0825,"LOW"
88,"2","N0","Other/Unknown","Other/Unknown",0.9226,0.0774,"LOW"
89,"2","N0","Other/Unknown","Other/Unknown",0.9269,0.0731,"LOW"
90,"2","N0","Other/Unknown","Other/Unknown",0.9254,0.0746,"LOW"
91,"2","N0","Other/Unknown","Other/Unknown",0.9254,0.0746,"LOW"
92,"2","N0","Other/Unknown","Other/Unknown",0.9254,0.0746,"LOW"
93,"2","N0","Other/Unknown","Other/Unknown",0.9254,0.0746,"LOW"
94,"2","N0","Other/Unknown","Other/Unknown",0.9254,0.0746,"LOW"
95,"2","N0","Other/Unknown","Other/Unknown",0.9254,0.0746,"LOW"
96,"2","N0","Other/Unknown","Other/Unknown",0.9254,0.0746,"LOW"
97,"2","N0","Other/Unknown","Other/Unknown",0.9254,0.0746,"LOW"
98,"2","N0","Other/Unknown","Other/Unknown",0.9254,0.0746,"LOW"
99,"2","N0","Other/Unknown","Other/Unknown",0.9254,0.0746,"LOW"
0,"1","N1","Other/Unknown","Other/Unknown",0.508,0.492,"LOW"
1,"1","N1","Other/Unknown","Other/Unknown",0.508,0.492,"LOW"
2,"1","N1","Other/Unknown","Other/Unknown",0.508,0.492,"LOW"
3,"1","N1","Other/Unknown","Other/Unknown",0.508,0.492,"LOW"
4,"1","N1","Other/Unknown","Other/Unknown",0.508,0.492,"LOW"
5,"1","N1","Other/Unknown","Other/Unknown",0.508,0.492,"LOW"
6,"1","N1","Other/Unknown","Other/Unknown",0.508,0.492,"LOW"
7,"1","N1","Other/Unknown","Other/Unknown",0.508,0.492,"LOW"
8,"1","N1","Other/Unknown","Other/Unknown",0.508,0.492,"LOW"
9,"1","N1","Other/Unknown","Other/Unknown",0.508,0.492,"LOW"
10,"1","N1","Other/Unknown","Other/Unknown",0.508,0.492,"LOW"
11,"1","N1","Other/Unknown","Other/Unknown",0.508,0.492,"LOW"
12,"1","N1","Other/Unknown","Other/Unknown",0.508,0.492,"LOW"
13,"1","N1","Other/Unknown","Other/Unknown",0.508,0.492,"LOW"
14,"1","N1","Other/Unknown","Other/Unknown",0.508,0.492,"LOW"
15,"1","N1","Other/Unknown","Other/Unknown",0.508,0.492,"LOW"
16,"1","N1","Other/Unknown","Other/Unknown",0.508,0.492,"LOW"
17,"1","N1","Other/Unknown","Other/Unknown",0.508,0.492,"LOW"
18,"1","N1","Other/Unknown","Other/Unknown",0.508,0.492,"LOW"
19,"1","N1","Other/Unknown","Other/Unknown",0.508,0.492,"LOW"
20,"1","N1","Other/Unknown","Other/Unknown",0.508,0.492,"LOW"
21,"1","N1","Other/Unknown","Other/Unknown",0.508,0.492,"LOW"
22,"1","N1","Other/Unknown","Other/Unknown",0.508,0.492,"LOW"
23,"1","N1","Other/Unknown","Other/Unknown",0.5058,0.4942,"LOW"
24,"1","N1","Other/Unknown","Other/Unknown",0.5035,0.4965,"LOW"
25,"1","N1","Other/Unknown","Other/Unknown",0.5003,0.4997,"LOW"
26,"1","N1","Other/Unknown","Other/Unknown",0.5031,0.4969,"LOW"
27,"1","N1","Other/Unknown","Other/Unknown",0.5031,0.4969,"LOW"
28,"1","N1","Other/Unknown","Other/Unknown",0.5013,0.4987,"LOW"
29,"1","N1","Other/Unknown","Other/Unknown",0.4439,0.5561,"HIGH"
30,"1","N1","Other/Unknown","Other/Unknown",0.4594,0.5406,"HIGH"
31,"1","N1","Other/Unknown","Other/Unknown",0.4714,0.5286,"HIGH"
32,"1","N1","Other/Unknown","Other/Unknown",0.4111,0.5889,"HIGH"
33,"1","N1","Other/Unknown","Other/Unknown",0.4722,0.5278,"HIGH"
34,"1","N1","Other/Unknown","Other/Unknown",0.4554,0.5446,"HIGH"
35,"1","N1","Other/Unknown","Other/Unknown",0.4341,0.5659,"HIGH"
36,"1","N1","Other/Unknown","Other/Unknown",0.4048,0.5952,"HIGH"
37,"1","N1","Other/Unknown","Other/Unknown",0.4188,0.5812,"HIGH"
38,"1","N1","Other/Unknown","Other/Unknown",0.4314,0.5686,"HIGH"
39,"1","N1","Other/Unknown","Other/Unknown",0.4386,0.5614,"HIGH"
40,"1","N1","Other/Unknown","Other/Unknown",0.4249,0.5751,"HIGH"
41,"1","N1","Other/Unknown","Other/Unknown",0.4518,0.5482,"HIGH"
42,"1","N1","Other/Unknown","Other/Unknown",0.4395,0.5605,"HIGH"
43,"1","N1","Other/Unknown","Other/Unknown",0.4247,0.5753,"HIGH"
44,"1","N1","Other/Unknown","Other/Unknown",0.4235,0.5765,"HIGH"
45,"1","N1","Other/Unknown","Other/Unknown",0.4332,0.5668,"HIGH"
46,"1","N1","Other/Unknown","Other/Unknown",0.4309,0.5691,"HIGH"
47,"1","N1","Other/Unknown","Other/Unknown",0.4388,0.5612,"HIGH"
48,"1","N1","Other/Unknown","Other/Unknown",0.4329,0.5671,"HIGH"
49,"1","N1","Other/Unknown","Other/Unknown",0.4309,0.5691,"HIGH"
50,"1","N1","Other/Unknown","Other/Unknown",0.4338,0.5662,"HIGH"
51,"1","N1","Other/Unknown","Other/Unknown",0.436,0.564,"HIGH"
52,"1","N1","Other/Unknown","Other/Unknown",0.4321,0.5679,"HIGH"
53,"1","N1","Other/Unknown","Other/Unknown",0.4265,0.5735,"HIGH"
54,"1","N1","Other/Unknown","Other/Unknown",0.4293,0.5707,"HIGH"
55,"1","N1","Other/Unknown","Other/Unknown",0.432,0.568,"HIGH"
56,"1","N1","Other/Unknown","Other/Unknown",0.4358,0.5642,"HIGH"
57,"1","N1","Other/Unknown","Other/Unknown",0.4547,0.5453,"HIGH"
58,"1","N1","Other/Unknown","Other/Unknown",0.4496,0.5504,"HIGH"
59,"1","N1","Other/Unknown","Other/Unknown",0.4599,0.5401,"HIGH"
60,"1","N1","Other/Unknown","Other/Unknown",0.45,0.55,"HIGH"
61,"1","N1","Other/Unknown","Other/Unknown",0.4528,0.5472,"HIGH"
62,"1","N1","Other/Unknown","Other/Unknown",0.4532,0.5468,"HIGH"
63,"1","N1","Other/Unknown","Other/Unknown",0.4468,0.5532,"HIGH"
64,"1","N1","Other/Unknown","Other/Unknown",0.4442,0.5558,"HIGH"
65,"1","N1","Other/Unknown","Other/Unknown",0.4517,0.5483,"HIGH"
66,"1","N1","Other/Unknown","Other/Unknown",0.4517,0.5483,"HIGH"
67,"1","N1","Other/Unknown","Other/Unknown",0.4638,0.5362,"HIGH"
68,"1","N1","Other/Unknown","Other/Unknown",0.4566,0.5434,"HIGH"
69,"1","N1","Other/Unknown","Other/Unknown",0.4545,0.5455,"HIGH"
70,"1","N1","Other/Unknown","Other/Unknown",0.4535,0.5465,"HIGH"
71,"1","N1","Other/Unknown","Other/Unknown",0.4558,0.5442,"HIGH"
72,"1","N1","Other/Unknown","Other/Unknown",0.4487,0.5513,"HIGH"
73,"1","N1","Other/Unknown","Other/Unknown",0.4624,0.5376,"HIGH"
74,"1","N1","Other/Unknown","Other/Unknown",0.4586,0.5414,"HIGH"
75,"1","N1","Other/Unknown","Other/Unknown",0.4502,0.5498,"HIGH"
76,"1","N1","Other/Unknown","Other/Unknown",0.44,0.56,"HIGH"
77,"1","N1","Other/Unknown","Other/Unknown",0.4443,0.5557,"HIGH"
78,"1","N1","Other/Unknown","Other/Unknown",0.4323,0.5677,"HIGH"
79,"1","N1","Other/Unknown","Other/Unknown",0.4496,0.5504,"HIGH"
80,"1","N1","Other/Unknown","Other/Unknown",0.4287,0.5713,"HIGH"
81,"1","N1","Other/Unknown","Other/Unknown",0.4456,0.5544,"HIGH"
82,"1","N1","Other/Unknown","Other/Unknown",0.4183,0.5817,"HIGH"
83,"1","N1","Other/Unknown","Other/Unknown",0.4168,0.5832,"HIGH"
84,"1","N1","Other/Unknown","Other/Unknown",0.4428,0.5572,"HIGH"
85,"1","N1","Other/Unknown","Other/Unknown",0.4307,0.5693,"HIGH"
86,"1","N1","Other/Unknown","Other/Unknown",0.4767,0.5233,"HIGH"
87,"1","N1","Other/Unknown","Other/Unknown",0.4618,0.5382,"HIGH"
88,"1","N1","Other/Unknown","Other/Unknown",0.4029,0.5971,"HIGH"
89,"1","N1","Other/Unknown","Other/Unknown",0.4253,0.5747,"HIGH"
90,"1","N1","Other/Unknown","Other/Unknown",0.3981,0.6019,"HIGH"
91,"1","N1","Other/Unknown","Other/Unknown",0.3981,0.6019,"HIGH"
92,"1","N1","Other/Unknown","Other/Unknown",0.3981,0.6019,"HIGH"
93,"1","N1","Other/Unknown","Other/Unknown",0.3981,0.6019,"HIGH"
94,"1","N1","Other/Unknown","Other/Unknown",0.3981,0.6019,"HIGH"
95,"1","N1","Other/Unknown","Other/Unknown",0.3981,0.6019,"HIGH"
96,"1","N1","Other/Unknown","Other/Unknown",0.3981,0.6019,"HIGH"
97,"1","N1","Other/Unknown","Other/Unknown",0.3981,0.6019,"HIGH"
98,"1","N1","Other/Unknown","Other/Unknown",0.3981,0.6019,"HIGH"
99,"1","N1","Other/Unknown","Other/Unknown",0.3981,0.6019,"HIGH"
0,"2","N1","Other/Unknown","Other/Unknown",0.6445,0.3555,"LOW"
1,"2","N1","Other/Unknown","Other/Unknown",0.6445,0.3555,"LOW"
2,"2","N1","Other/Unknown","Other/Unknown",0.6445,0.3555,"LOW"
3,"2","N1","Other/Unknown","Other/Unknown",0.6445,0.3555,"LOW"
4,"2","N1","Other/Unknown","Other/Unknown",0.6445,0.3555,"LOW"
5,"2","N1","Other/Unknown","Other/Unknown",0.6445,0.3555,"LOW"
6,"2","N1","Other/Unknown","Other/Unknown",0.6445,0.3555,"LOW"
7,"2","N1","Other/Unknown","Other/Unknown",0.6445,0.3555,"LOW"
8,"2","N1","Other/Unknown","Other/Unknown",0.6445,0.3555,"LOW"
9,"2","N1","Other/Unknown","Other/Unknown",0.6445,0.3555,"LOW"
10,"2","N1","Other/Unknown","Other/Unknown",0.6445,0.3555,"LOW"
11,"2","N1","Other/Unknown","Other/Unknown",0.6445,0.3555,"LOW"
12,"2","N1","Other/Unknown","Other/Unknown",0.6442,0.3558,"LOW"
13,"2","N1","Other/Unknown","Other/Unknown",0.6442,0.3558,"LOW"
14,"2","N1","Other/Unknown","Other/Unknown",0.6442,0.3558,"LOW"
15,"2","N1","Other/Unknown","Other/Unknown",0.6442,0.3558,"LOW"
16,"2","N1","Other/Unknown","Other/Unknown",0.6442,0.3558,"LOW"
17,"2","N1","Other/Unknown","Other/Unknown",0.6442,0.3558,"LOW"
18,"2","N1","Other/Unknown","Other/Unknown",0.6442,0.3558,"LOW"
19,"2","N1","Other/Unknown","Other/Unknown",0.6442,0.3558,"LOW"
20,"2","N1","Other/Unknown","Other/Unknown",0.6442,0.3558,"LOW"
21,"2","N1","Other/Unknown","Other/Unknown",0.6442,0.3558,"LOW"
22,"2","N1","Other/Unknown","Other/Unknown",0.6442,0.3558,"LOW"
23,"2","N1","Other/Unknown","Other/Unknown",0.6299,0.3701,"LOW"
24,"2","N1","Other/Unknown","Other/Unknown",0.6179,0.3821,"LOW"
25,"2","N1","Other/Unknown","Other/Unknown",0.6027,0.3973,"LOW"
26,"2","N1","Other/Unknown","Other/Unknown",0.6334,0.3666,"LOW"
27,"2","N1","Other/Unknown","Other/Unknown",0.6261,0.3739,"LOW"
28,"2","N1","Other/Unknown","Other/Unknown",0.6126,0.3874,"LOW"
29,"2","N1","Other/Unknown","Other/Unknown",0.6006,0.3994,"LOW"
30,"2","N1","Other/Unknown","Other/Unknown",0.5974,0.4026,"LOW"
31,"2","N1","Other/Unknown","Other/Unknown",0.5698,0.4302,"LOW"
32,"2","N1","Other/Unknown","Other/Unknown",0.5712,0.4288,"LOW"
33,"2","N1","Other/Unknown","Other/Unknown",0.5839,0.4161,"LOW"
34,"2","N1","Other/Unknown","Other/Unknown",0.5673,0.4327,"LOW"
35,"2","N1","Other/Unknown","Other/Unknown",0.5496,0.4504,"LOW"
36,"2","N1","Other/Unknown","Other/Unknown",0.5316,0.4684,"LOW"
37,"2","N1","Other/Unknown","Other/Unknown",0.5544,0.4456,"LOW"
38,"2","N1","Other/Unknown","Other/Unknown",0.5707,0.4293,"LOW"
39,"2","N1","Other/Unknown","Other/Unknown",0.5555,0.4445,"LOW"
40,"2","N1","Other/Unknown","Other/Unknown",0.5214,0.4786,"LOW"
41,"2","N1","Other/Unknown","Other/Unknown",0.5381,0.4619,"LOW"
42,"2","N1","Other/Unknown","Other/Unknown",0.5277,0.4723,"LOW"
43,"2","N1","Other/Unknown","Other/Unknown",0.5398,0.4602,"LOW"
44,"2","N1","Other/Unknown","Other/Unknown",0.5673,0.4327,"LOW"
45,"2","N1","Other/Unknown","Other/Unknown",0.5668,0.4332,"LOW"
46,"2","N1","Other/Unknown","Other/Unknown",0.5607,0.4393,"LOW"
47,"2","N1","Other/Unknown","Other/Unknown",0.5362,0.4638,"LOW"
48,"2","N1","Other/Unknown","Other/Unknown",0.5231,0.4769,"LOW"
49,"2","N1","Other/Unknown","Other/Unknown",0.5307,0.4693,"LOW"
50,"2","N1","Other/Unknown","Other/Unknown",0.5331,0.4669,"LOW"
51,"2","N1","Other/Unknown","Other/Unknown",0.5448,0.4552,"LOW"
52,"2","N1","Other/Unknown","Other/Unknown",0.54,0.46,"LOW"
53,"2","N1","Other/Unknown","Other/Unknown",0.5288,0.4712,"LOW"
54,"2","N1","Other/Unknown","Other/Unknown",0.5319,0.4681,"LOW"
55,"2","N1","Other/Unknown","Other/Unknown",0.5322,0.4678,"LOW"
56,"2","N1","Other/Unknown","Other/Unknown",0.539,0.461,"LOW"
57,"2","N1","Other/Unknown","Other/Unknown",0.5387,0.4613,"LOW"
58,"2","N1","Other/Unknown","Other/Unknown",0.5409,0.4591,"LOW"
59,"2","N1","Other/Unknown","Other/Unknown",0.5426,0.4574,"LOW"
60,"2","N1","Other/Unknown","Other/Unknown",0.5296,0.4704,"LOW"
61,"2","N1","Other/Unknown","Other/Unknown",0.5026,0.4974,"LOW"
62,"2","N1","Other/Unknown","Other/Unknown",0.5187,0.4813,"LOW"
63,"2","N1","Other/Unknown","Other/Unknown",0.5347,0.4653,"LOW"
64,"2","N1","Other/Unknown","Other/Unknown",0.5204,0.4796,"LOW"
65,"2","N1","Other/Unknown","Other/Unknown",0.5253,0.4747,"LOW"
66,"2","N1","Other/Unknown","Other/Unknown",0.5312,0.4688,"LOW"
67,"2","N1","Other/Unknown","Other/Unknown",0.5329,0.4671,"LOW"
68,"2","N1","Other/Unknown","Other/Unknown",0.5387,0.4613,"LOW"
69,"2","N1","Other/Unknown","Other/Unknown",0.5307,0.4693,"LOW"
70,"2","N1","Other/Unknown","Other/Unknown",0.5439,0.4561,"LOW"
71,"2","N1","Other/Unknown","Other/Unknown",0.5447,0.4553,"LOW"
72,"2","N1","Other/Unknown","Other/Unknown",0.5459,0.4541,"LOW"
73,"2","N1","Other/Unknown","Other/Unknown",0.5392,0.4608,"LOW"
74,"2","N1","Other/Unknown","Other/Unknown",0.5377,0.4623,"LOW"
75,"2","N1","Other/Unknown","Other/Unknown",0.5443,0.4557,"LOW"
76,"2","N1","Other/Unknown","Other/Unknown",0.553,0.447,"LOW"
77,"2","N1","Other/Unknown","Other/Unknown",0.5473,0.4527,"LOW"
78,"2","N1","Other/Unknown","Other/Unknown",0.5699,0.4301,"LOW"
79,"2","N1","Other/Unknown","Other/Unknown",0.5274,0.4726,"LOW"
80,"2","N1","Other/Unknown","Other/Unknown",0.5394,0.4606,"LOW"
81,"2","N1","Other/Unknown","Other/Unknown",0.5333,0.4667,"LOW"
82,"2","N1","Other/Unknown","Other/Unknown",0.5325,0.4675,"LOW"
83,"2","N1","Other/Unknown","Other/Unknown",0.5318,0.4682,"LOW"
84,"2","N1","Other/Unknown","Other/Unknown",0.5477,0.4523,"LOW"
85,"2","N1","Other/Unknown","Other/Unknown",0.5098,0.4902,"LOW"
86,"2","N1","Other/Unknown","Other/Unknown",0.547,0.453,"LOW"
87,"2","N1","Other/Unknown","Other/Unknown",0.4997,0.5003,"HIGH"
88,"2","N1","Other/Unknown","Other/Unknown",0.4922,0.5078,"HIGH"
89,"2","N1","Other/Unknown","Other/Unknown",0.5572,0.4428,"LOW"
90,"2","N1","Other/Unknown","Other/Unknown",0.5309,0.4691,"LOW"
91,"2","N1","Other/Unknown","Other/Unknown",0.5309,0.4691,"LOW"
92,"2","N1","Other/Unknown","Other/Unknown",0.5309,0.4691,"LOW"
93,"2","N1","Other/Unknown","Other/Unknown",0.5309,0.4691,"LOW"
94,"2","N1","Other/Unknown","Other/Unknown",0.5309,0.4691,"LOW"
95,"2","N1","Other/Unknown","Other/Unknown",0.5309,0.4691,"LOW"
96,"2","N1","Other/Unknown","Other/Unknown",0.5309,0.4691,"LOW"
97,"2","N1","Other/Unknown","Other/Unknown",0.5309,0.4691,"LOW"
98,"2","N1","Other/Unknown","Other/Unknown",0.5309,0.4691,"LOW"
99,"2","N1","Other/Unknown","Other/Unknown",0.5309,0.4691,"LOW"
0,"1","N2","Other/Unknown","Other/Unknown",0.6522,0.3478,"LOW"
1,"1","N2","Other/Unknown","Other/Unknown",0.6522,0.3478,"LOW"
2,"1","N2","Other/Unknown","Other/Unknown",0.6522,0.3478,"LOW"
3,"1","N2","Other/Unknown","Other/Unknown",0.6522,0.3478,"LOW"
4,"1","N2","Other/Unknown","Other/Unknown",0.6522,0.3478,"LOW"
5,"1","N2","Other/Unknown","Other/Unknown",0.6522,0.3478,"LOW"
6,"1","N2","Other/Unknown","Other/Unknown",0.6522,0.3478,"LOW"
7,"1","N2","Other/Unknown","Other/Unknown",0.6522,0.3478,"LOW"
8,"1","N2","Other/Unknown","Other/Unknown",0.6522,0.3478,"LOW"
9,"1","N2","Other/Unknown","Other/Unknown",0.6522,0.3478,"LOW"
10,"1","N2","Other/Unknown","Other/Unknown",0.6522,0.3478,"LOW"
11,"1","N2","Other/Unknown","Other/Unknown",0.6522,0.3478,"LOW"
12,"1","N2","Other/Unknown","Other/Unknown",0.6522,0.3478,"LOW"
13,"1","N2","Other/Unknown","Other/Unknown",0.6511,0.3489,"LOW"
14,"1","N2","Other/Unknown","Other/Unknown",0.6511,0.3489,"LOW"
15,"1","N2","Other/Unknown","Other/Unknown",0.6511,0.3489,"LOW"
16,"1","N2","Other/Unknown","Other/Unknown",0.6511,0.3489,"LOW"
17,"1","N2","Other/Unknown","Other/Unknown",0.6511,0.3489,"LOW"
18,"1","N2","Other/Unknown","Other/Unknown",0.6511,0.3489,"LOW"
19,"1","N2","Other/Unknown","Other/Unknown",0.6508,0.3492,"LOW"
20,"1","N2","Other/Unknown","Other/Unknown",0.6508,0.3492,"LOW"
21,"1","N2","Other/Unknown","Other/Unknown",0.6508,0.3492,"LOW"
22,"1","N2","Other/Unknown","Other/Unknown",0.6508,0.3492,"LOW"
23,"1","N2","Other/Unknown","Other/Unknown",0.6507,0.3493,"LOW"
24,"1","N2","Other/Unknown","Other/Unknown",0.6495,0.3505,"LOW"
25,"1","N2","Other/Unknown","Other/Unknown",0.6645,0.3355,"LOW"
26,"1","N2","Other/Unknown","Other/Unknown",0.664,0.336,"LOW"
27,"1","N2","Other/Unknown","Other/Unknown",0.6644,0.3356,"LOW"
28,"1","N2","Other/Unknown","Other/Unknown",0.6626,0.3374,"LOW"
29,"1","N2","Other/Unknown","Other/Unknown",0.6474,0.3526,"LOW"
30,"1","N2","Other/Unknown","Other/Unknown",0.6358,0.3642,"LOW"
31,"1","N2","Other/Unknown","Other/Unknown",0.605,0.395,"LOW"
32,"1","N2","Other/Unknown","Other/Unknown",0.5568,0.4432,"LOW"
33,"1","N2","Other/Unknown","Other/Unknown",0.5429,0.4571,"LOW"
34,"1","N2","Other/Unknown","Other/Unknown",0.5195,0.4805,"LOW"
35,"1","N2","Other/Unknown","Other/Unknown",0.5287,0.4713,"LOW"
36,"1","N2","Other/Unknown","Other/Unknown",0.5407,0.4593,"LOW"
37,"1","N2","Other/Unknown","Other/Unknown",0.5183,0.4817,"LOW"
38,"1","N2","Other/Unknown","Other/Unknown",0.4998,0.5002,"HIGH"
39,"1","N2","Other/Unknown","Other/Unknown",0.4592,0.5408,"HIGH"
40,"1","N2","Other/Unknown","Other/Unknown",0.4457,0.5543,"HIGH"
41,"1","N2","Other/Unknown","Other/Unknown",0.4533,0.5467,"HIGH"
42,"1","N2","Other/Unknown","Other/Unknown",0.4919,0.5081,"HIGH"
43,"1","N2","Other/Unknown","Other/Unknown",0.4879,0.5121,"HIGH"
44,"1","N2","Other/Unknown","Other/Unknown",0.4482,0.5518,"HIGH"
45,"1","N2","Other/Unknown","Other/Unknown",0.4501,0.5499,"HIGH"
46,"1","N2","Other/Unknown","Other/Unknown",0.4532,0.5468,"HIGH"
47,"1","N2","Other/Unknown","Other/Unknown",0.4204,0.5796,"HIGH"
48,"1","N2","Other/Unknown","Other/Unknown",0.4072,0.5928,"HIGH"
49,"1","N2","Other/Unknown","Other/Unknown",0.3814,0.6186,"HIGH"
50,"1","N2","Other/Unknown","Other/Unknown",0.3884,0.6116,"HIGH"
51,"1","N2","Other/Unknown","Other/Unknown",0.4103,0.5897,"HIGH"
52,"1","N2","Other/Unknown","Other/Unknown",0.4402,0.5598,"HIGH"
53,"1","N2","Other/Unknown","Other/Unknown",0.4393,0.5607,"HIGH"
54,"1","N2","Other/Unknown","Other/Unknown",0.4466,0.5534,"HIGH"
55,"1","N2","Other/Unknown","Other/Unknown",0.4396,0.5604,"HIGH"
56,"1","N2","Other/Unknown","Other/Unknown",0.4711,0.5289,"HIGH"
57,"1","N2","Other/Unknown","Other/Unknown",0.4259,0.5741,"HIGH"
58,"1","N2","Other/Unknown","Other/Unknown",0.4356,0.5644,"HIGH"
59,"1","N2","Other/Unknown","Other/Unknown",0.4542,0.5458,"HIGH"
60,"1","N2","Other/Unknown","Other/Unknown",0.4269,0.5731,"HIGH"
61,"1","N2","Other/Unknown","Other/Unknown",0.4224,0.5776,"HIGH"
62,"1","N2","Other/Unknown","Other/Unknown",0.4303,0.5697,"HIGH"
63,"1","N2","Other/Unknown","Other/Unknown",0.4162,0.5838,"HIGH"
64,"1","N2","Other/Unknown","Other/Unknown",0.4411,0.5589,"HIGH"
65,"1","N2","Other/Unknown","Other/Unknown",0.4265,0.5735,"HIGH"
66,"1","N2","Other/Unknown","Other/Unknown",0.3918,0.6082,"HIGH"
67,"1","N2","Other/Unknown","Other/Unknown",0.3967,0.6033,"HIGH"
68,"1","N2","Other/Unknown","Other/Unknown",0.4145,0.5855,"HIGH"
69,"1","N2","Other/Unknown","Other/Unknown",0.3744,0.6256,"HIGH"
70,"1","N2","Other/Unknown","Other/Unknown",0.3713,0.6287,"HIGH"
71,"1","N2","Other/Unknown","Other/Unknown",0.4129,0.5871,"HIGH"
72,"1","N2","Other/Unknown","Other/Unknown",0.4292,0.5708,"HIGH"
73,"1","N2","Other/Unknown","Other/Unknown",0.4045,0.5955,"HIGH"
74,"1","N2","Other/Unknown","Other/Unknown",0.3636,0.6364,"HIGH"
75,"1","N2","Other/Unknown","Other/Unknown",0.3814,0.6186,"HIGH"
76,"1","N2","Other/Unknown","Other/Unknown",0.3591,0.6409,"HIGH"
77,"1","N2","Other/Unknown","Other/Unknown",0.3908,0.6092,"HIGH"
78,"1","N2","Other/Unknown","Other/Unknown",0.3633,0.6367,"HIGH"
79,"1","N2","Other/Unknown","Other/Unknown",0.3302,0.6698,"HIGH"
80,"1","N2","Other/Unknown","Other/Unknown",0.3417,0.6583,"HIGH"
81,"1","N2","Other/Unknown","Other/Unknown",0.3678,0.6322,"HIGH"
82,"1","N2","Other/Unknown","Other/Unknown",0.3928,0.6072,"HIGH"
83,"1","N2","Other/Unknown","Other/Unknown",0.3675,0.6325,"HIGH"
84,"1","N2","Other/Unknown","Other/Unknown",0.324,0.676,"HIGH"
85,"1","N2","Other/Unknown","Other/Unknown",0.3066,0.6934,"HIGH"
86,"1","N2","Other/Unknown","Other/Unknown",0.3205,0.6795,"HIGH"
87,"1","N2","Other/Unknown","Other/Unknown",0.3565,0.6435,"HIGH"
88,"1","N2","Other/Unknown","Other/Unknown",0.3872,0.6128,"HIGH"
89,"1","N2","Other/Unknown","Other/Unknown",0.4173,0.5827,"HIGH"
90,"1","N2","Other/Unknown","Other/Unknown",0.3157,0.6843,"HIGH"
91,"1","N2","Other/Unknown","Other/Unknown",0.3157,0.6843,"HIGH"
92,"1","N2","Other/Unknown","Other/Unknown",0.3157,0.6843,"HIGH"
93,"1","N2","Other/Unknown","Other/Unknown",0.3157,0.6843,"HIGH"
94,"1","N2","Other/Unknown","Other/Unknown",0.3157,0.6843,"HIGH"
95,"1","N2","Other/Unknown","Other/Unknown",0.3157,0.6843,"HIGH"
96,"1","N2","Other/Unknown","Other/Unknown",0.3157,0.6843,"HIGH"
97,"1","N2","Other/Unknown","Other/Unknown",0.3157,0.6843,"HIGH"
98,"1","N2","Other/Unknown","Other/Unknown",0.3157,0.6843,"HIGH"
99,"1","N2","Other/Unknown","Other/Unknown",0.3157,0.6843,"HIGH"
0,"2","N2","Other/Unknown","Other/Unknown",0.3109,0.6891,"HIGH"
1,"2","N2","Other/Unknown","Other/Unknown",0.3109,0.6891,"HIGH"
2,"2","N2","Other/Unknown","Other/Unknown",0.3109,0.6891,"HIGH"
3,"2","N2","Other/Unknown","Other/Unknown",0.3109,0.6891,"HIGH"
4,"2","N2","Other/Unknown","Other/Unknown",0.3109,0.6891,"HIGH"
5,"2","N2","Other/Unknown","Other/Unknown",0.3109,0.6891,"HIGH"
6,"2","N2","Other/Unknown","Other/Unknown",0.3109,0.6891,"HIGH"
7,"2","N2","Other/Unknown","Other/Unknown",0.3109,0.6891,"HIGH"
8,"2","N2","Other/Unknown","Other/Unknown",0.3109,0.6891,"HIGH"
9,"2","N2","Other/Unknown","Other/Unknown",0.3109,0.6891,"HIGH"
10,"2","N2","Other/Unknown","Other/Unknown",0.3109,0.6891,"HIGH"
11,"2","N2","Other/Unknown","Other/Unknown",0.3109,0.6891,"HIGH"
12,"2","N2","Other/Unknown","Other/Unknown",0.3109,0.6891,"HIGH"
13,"2","N2","Other/Unknown","Other/Unknown",0.3089,0.6911,"HIGH"
14,"2","N2","Other/Unknown","Other/Unknown",0.3089,0.6911,"HIGH"
15,"2","N2","Other/Unknown","Other/Unknown",0.3089,0.6911,"HIGH"
16,"2","N2","Other/Unknown","Other/Unknown",0.3089,0.6911,"HIGH"
17,"2","N2","Other/Unknown","Other/Unknown",0.3089,0.6911,"HIGH"
18,"2","N2","Other/Unknown","Other/Unknown",0.3089,0.6911,"HIGH"
19,"2","N2","Other/Unknown","Other/Unknown",0.3077,0.6923,"HIGH"
20,"2","N2","Other/Unknown","Other/Unknown",0.3077,0.6923,"HIGH"
21,"2","N2","Other/Unknown","Other/Unknown",0.3077,0.6923,"HIGH"
22,"2","N2","Other/Unknown","Other/Unknown",0.3077,0.6923,"HIGH"
23,"2","N2","Other/Unknown","Other/Unknown",0.3077,0.6923,"HIGH"
24,"2","N2","Other/Unknown","Other/Unknown",0.3077,0.6923,"HIGH"
25,"2","N2","Other/Unknown","Other/Unknown",0.3288,0.6712,"HIGH"
26,"2","N2","Other/Unknown","Other/Unknown",0.3366,0.6634,"HIGH"
27,"2","N2","Other/Unknown","Other/Unknown",0.3445,0.6555,"HIGH"
28,"2","N2","Other/Unknown","Other/Unknown",0.3489,0.6511,"HIGH"
29,"2","N2","Other/Unknown","Other/Unknown",0.3453,0.6547,"HIGH"
30,"2","N2","Other/Unknown","Other/Unknown",0.3434,0.6566,"HIGH"
31,"2","N2","Other/Unknown","Other/Unknown",0.3426,0.6574,"HIGH"
32,"2","N2","Other/Unknown","Other/Unknown",0.3245,0.6755,"HIGH"
33,"2","N2","Other/Unknown","Other/Unknown",0.3322,0.6678,"HIGH"
34,"2","N2","Other/Unknown","Other/Unknown",0.3432,0.6568,"HIGH"
35,"2","N2","Other/Unknown","Other/Unknown",0.3563,0.6437,"HIGH"
36,"2","N2","Other/Unknown","Other/Unknown",0.3793,0.6207,"HIGH"
37,"2","N2","Other/Unknown","Other/Unknown",0.3864,0.6136,"HIGH"
38,"2","N2","Other/Unknown","Other/Unknown",0.4552,0.5448,"HIGH"
39,"2","N2","Other/Unknown","Other/Unknown",0.4162,0.5838,"HIGH"
40,"2","N2","Other/Unknown","Other/Unknown",0.4584,0.5416,"HIGH"
41,"2","N2","Other/Unknown","Other/Unknown",0.4478,0.5522,"HIGH"
42,"2","N2","Other/Unknown","Other/Unknown",0.4419,0.5581,"HIGH"
43,"2","N2","Other/Unknown","Other/Unknown",0.4352,0.5648,"HIGH"
44,"2","N2","Other/Unknown","Other/Unknown",0.4102,0.5898,"HIGH"
45,"2","N2","Other/Unknown","Other/Unknown",0.383,0.617,"HIGH"
46,"2","N2","Other/Unknown","Other/Unknown",0.3823,0.6177,"HIGH"
47,"2","N2","Other/Unknown","Other/Unknown",0.4389,0.5611,"HIGH"
48,"2","N2","Other/Unknown","Other/Unknown",0.4907,0.5093,"HIGH"
49,"2","N2","Other/Unknown","Other/Unknown",0.4777,0.5223,"HIGH"
50,"2","N2","Other/Unknown","Other/Unknown",0.4851,0.5149,"HIGH"
51,"2","N2","Other/Unknown","Other/Unknown",0.4467,0.5533,"HIGH"
52,"2","N2","Other/Unknown","Other/Unknown",0.4682,0.5318,"HIGH"
53,"2","N2","Other/Unknown","Other/Unknown",0.4831,0.5169,"HIGH"
54,"2","N2","Other/Unknown","Other/Unknown",0.5041,0.4959,"LOW"
55,"2","N2","Other/Unknown","Other/Unknown",0.4724,0.5276,"HIGH"
56,"2","N2","Other/Unknown","Other/Unknown",0.4455,0.5545,"HIGH"
57,"2","N2","Other/Unknown","Other/Unknown",0.4213,0.5787,"HIGH"
58,"2","N2","Other/Unknown","Other/Unknown",0.3935,0.6065,"HIGH"
59,"2","N2","Other/Unknown","Other/Unknown",0.3898,0.6102,"HIGH"
60,"2","N2","Other/Unknown","Other/Unknown",0.4182,0.5818,"HIGH"
61,"2","N2","Other/Unknown","Other/Unknown",0.4148,0.5852,"HIGH"
62,"2","N2","Other/Unknown","Other/Unknown",0.4076,0.5924,"HIGH"
63,"2","N2","Other/Unknown","Other/Unknown",0.4172,0.5828,"HIGH"
64,"2","N2","Other/Unknown","Other/Unknown",0.4042,0.5958,"HIGH"
65,"2","N2","Other/Unknown","Other/Unknown",0.395,0.605,"HIGH"
66,"2","N2","Other/Unknown","Other/Unknown",0.3944,0.6056,"HIGH"
67,"2","N2","Other/Unknown","Other/Unknown",0.4087,0.5913,"HIGH"
68,"2","N2","Other/Unknown","Other/Unknown",0.3894,0.6106,"HIGH"
69,"2","N2","Other/Unknown","Other/Unknown",0.4085,0.5915,"HIGH"
70,"2","N2","Other/Unknown","Other/Unknown",0.366,0.634,"HIGH"
71,"2","N2","Other/Unknown","Other/Unknown",0.3791,0.6209,"HIGH"
72,"2","N2","Other/Unknown","Other/Unknown",0.3322,0.6678,"HIGH"
73,"2","N2","Other/Unknown","Other/Unknown",0.3166,0.6834,"HIGH"
74,"2","N2","Other/Unknown","Other/Unknown",0.3015,0.6985,"HIGH"
75,"2","N2","Other/Unknown","Other/Unknown",0.2978,0.7022,"HIGH"
76,"2","N2","Other/Unknown","Other/Unknown",0.2994,0.7006,"HIGH"
77,"2","N2","Other/Unknown","Other/Unknown",0.2973,0.7027,"HIGH"
78,"2","N2","Other/Unknown","Other/Unknown",0.3082,0.6918,"HIGH"
79,"2","N2","Other/Unknown","Other/Unknown",0.297,0.703,"HIGH"
80,"2","N2","Other/Unknown","Other/Unknown",0.2936,0.7064,"HIGH"
81,"2","N2","Other/Unknown","Other/Unknown",0.2927,0.7073,"HIGH"
82,"2","N2","Other/Unknown","Other/Unknown",0.3209,0.6791,"HIGH"
83,"2","N2","Other/Unknown","Other/Unknown",0.3468,0.6532,"HIGH"
84,"2","N2","Other/Unknown","Other/Unknown",0.3757,0.6243,"HIGH"
85,"2","N2","Other/Unknown","Other/Unknown",0.347,0.653,"HIGH"
86,"2","N2","Other/Unknown","Other/Unknown",0.3319,0.6681,"HIGH"
87,"2","N2","Other/Unknown","Other/Unknown",0.3485,0.6515,"HIGH"
88,"2","N2","Other/Unknown","Other/Unknown",0.3664,0.6336,"HIGH"
89,"2","N2","Other/Unknown","Other/Unknown",0.3879,0.6121,"HIGH"
90,"2","N2","Other/Unknown","Other/Unknown",0.3927,0.6073,"HIGH"
91,"2","N2","Other/Unknown","Other/Unknown",0.3927,0.6073,"HIGH"
92,"2","N2","Other/Unknown","Other/Unknown",0.3927,0.6073,"HIGH"
93,"2","N2","Other/Unknown","Other/Unknown",0.3927,0.6073,"HIGH"
94,"2","N2","Other/Unknown","Other/Unknown",0.3927,0.6073,"HIGH"
95,"2","N2","Other/Unknown","Other/Unknown",0.3927,0.6073,"HIGH"
96,"2","N2","Other/Unknown","Other/Unknown",0.3927,0.6073,"HIGH"
97,"2","N2","Other/Unknown","Other/Unknown",0.3927,0.6073,"HIGH"
98,"2","N2","Other/Unknown","Other/Unknown",0.3927,0.6073,"HIGH"
99,"2","N2","Other/Unknown","Other/Unknown",0.3927,0.6073,"HIGH"
0,"1","Other/Unknown","Other/Unknown","Other/Unknown",0.8687,0.1313,"LOW"
1,"1","Other/Unknown","Other/Unknown","Other/Unknown",0.864,0.136,"LOW"
2,"1","Other/Unknown","Other/Unknown","Other/Unknown",0.8587,0.1413,"LOW"
3,"1","Other/Unknown","Other/Unknown","Other/Unknown",0.8568,0.1432,"LOW"
4,"1","Other/Unknown","Other/Unknown","Other/Unknown",0.8507,0.1493,"LOW"
5,"1","Other/Unknown","Other/Unknown","Other/Unknown",0.8485,0.1515,"LOW"
6,"1","Other/Unknown","Other/Unknown","Other/Unknown",0.8435,0.1565,"LOW"
7,"1","Other/Unknown","Other/Unknown","Other/Unknown",0.8385,0.1615,"LOW"
8,"1","Other/Unknown","Other/Unknown","Other/Unknown",0.8349,0.1651,"LOW"
9,"1","Other/Unknown","Other/Unknown","Other/Unknown",0.8341,0.1659,"LOW"
10,"1","Other/Unknown","Other/Unknown","Other/Unknown",0.8305,0.1695,"LOW"
11,"1","Other/Unknown","Other/Unknown","Other/Unknown",0.8293,0.1707,"LOW"
12,"1","Other/Unknown","Other/Unknown","Other/Unknown",0.827,0.173,"LOW"
13,"1","Other/Unknown","Other/Unknown","Other/Unknown",0.8257,0.1743,"LOW"
14,"1","Other/Unknown","Other/Unknown","Other/Unknown",0.8235,0.1765,"LOW"
15,"1","Other/Unknown","Other/Unknown","Other/Unknown",0.8167,0.1833,"LOW"
16,"1","Other/Unknown","Other/Unknown","Other/Unknown",0.813,0.187,"LOW"
17,"1","Other/Unknown","Other/Unknown","Other/Unknown",0.8097,0.1903,"LOW"
18,"1","Other/Unknown","Other/Unknown","Other/Unknown",0.8072,0.1928,"LOW"
19,"1","Other/Unknown","Other/Unknown","Other/Unknown",0.7642,0.2358,"LOW"
20,"1","Other/Unknown","Other/Unknown","Other/Unknown",0.8195,0.1805,"LOW"
21,"1","Other/Unknown","Other/Unknown","Other/Unknown",0.8273,0.1727,"LOW"
22,"1","Other/Unknown","Other/Unknown","Other/Unknown",0.8294,0.1706,"LOW"
23,"1","Other/Unknown","Other/Unknown","Other/Unknown",0.8204,0.1796,"LOW"
24,"1","Other/Unknown","Other/Unknown","Other/Unknown",0.7947,0.2053,"LOW"
25,"1","Other/Unknown","Other/Unknown","Other/Unknown",0.8123,0.1877,"LOW"
26,"1","Other/Unknown","Other/Unknown","Other/Unknown",0.8081,0.1919,"LOW"
27,"1","Other/Unknown","Other/Unknown","Other/Unknown",0.7979,0.2021,"LOW"
28,"1","Other/Unknown","Other/Unknown","Other/Unknown",0.8129,0.1871,"LOW"
29,"1","Other/Unknown","Other/Unknown","Other/Unknown",0.8073,0.1927,"LOW"
30,"1","Other/Unknown","Other/Unknown","Other/Unknown",0.8196,0.1804,"LOW"
31,"1","Other/Unknown","Other/Unknown","Other/Unknown",0.8215,0.1785,"LOW"
32,"1","Other/Unknown","Other/Unknown","Other/Unknown",0.8204,0.1796,"LOW"
33,"1","Other/Unknown","Other/Unknown","Other/Unknown",0.8261,0.1739,"LOW"
34,"1","Other/Unknown","Other/Unknown","Other/Unknown",0.8169,0.1831,"LOW"
35,"1","Other/Unknown","Other/Unknown","Other/Unknown",0.8248,0.1752,"LOW"
36,"1","Other/Unknown","Other/Unknown","Other/Unknown",0.8158,0.1842,"LOW"
37,"1","Other/Unknown","Other/Unknown","Other/Unknown",0.8143,0.1857,"LOW"
38,"1","Other/Unknown","Other/Unknown","Other/Unknown",0.8134,0.1866,"LOW"
39,"1","Other/Unknown","Other/Unknown","Other/Unknown",0.8064,0.1936,"LOW"
40,"1","Other/Unknown","Other/Unknown","Other/Unknown",0.8101,0.1899,"LOW"
41,"1","Other/Unknown","Other/Unknown","Other/Unknown",0.8165,0.1835,"LOW"
42,"1","Other/Unknown","Other/Unknown","Other/Unknown",0.8169,0.1831,"LOW"
43,"1","Other/Unknown","Other/Unknown","Other/Unknown",0.8102,0.1898,"LOW"
44,"1","Other/Unknown","Other/Unknown","Other/Unknown",0.8128,0.1872,"LOW"
45,"1","Other/Unknown","Other/Unknown","Other/Unknown",0.8095,0.1905,"LOW"
46,"1","Other/Unknown","Other/Unknown","Other/Unknown",0.812,0.188,"LOW"
47,"1","Other/Unknown","Other/Unknown","Other/Unknown",0.8057,0.1943,"LOW"
48,"1","Other/Unknown","Other/Unknown","Other/Unknown",0.807,0.193,"LOW"
49,"1","Other/Unknown","Other/Unknown","Other/Unknown",0.8109,0.1891,"LOW"
50,"1","Other/Unknown","Other/Unknown","Other/Unknown",0.8152,0.1848,"LOW"
51,"1","Other/Unknown","Other/Unknown","Other/Unknown",0.8135,0.1865,"LOW"
52,"1","Other/Unknown","Other/Unknown","Other/Unknown",0.8123,0.1877,"LOW"
53,"1","Other/Unknown","Other/Unknown","Other/Unknown",0.81,0.19,"LOW"
54,"1","Other/Unknown","Other/Unknown","Other/Unknown",0.8076,0.1924,"LOW"
55,"1","Other/Unknown","Other/Unknown","Other/Unknown",0.8067,0.1933,"LOW"
56,"1","Other/Unknown","Other/Unknown","Other/Unknown",0.8063,0.1937,"LOW"
57,"1","Other/Unknown","Other/Unknown","Other/Unknown",0.8067,0.1933,"LOW"
58,"1","Other/Unknown","Other/Unknown","Other/Unknown",0.8052,0.1948,"LOW"
59,"1","Other/Unknown","Other/Unknown","Other/Unknown",0.8075,0.1925,"LOW"
60,"1","Other/Unknown","Other/Unknown","Other/Unknown",0.8095,0.1905,"LOW"
61,"1","Other/Unknown","Other/Unknown","Other/Unknown",0.8096,0.1904,"LOW"
62,"1","Other/Unknown","Other/Unknown","Other/Unknown",0.8061,0.1939,"LOW"
63,"1","Other/Unknown","Other/Unknown","Other/Unknown",0.8069,0.1931,"LOW"
64,"1","Other/Unknown","Other/Unknown","Other/Unknown",0.8062,0.1938,"LOW"
65,"1","Other/Unknown","Other/Unknown","Other/Unknown",0.8073,0.1927,"LOW"
66,"1","Other/Unknown","Other/Unknown","Other/Unknown",0.807,0.193,"LOW"
67,"1","Other/Unknown","Other/Unknown","Other/Unknown",0.8093,0.1907,"LOW"
68,"1","Other/Unknown","Other/Unknown","Other/Unknown",0.8056,0.1944,"LOW"
69,"1","Other/Unknown","Other/Unknown","Other/Unknown",0.806,0.194,"LOW"
70,"1","Other/Unknown","Other/Unknown","Other/Unknown",0.8064,0.1936,"LOW"
71,"1","Other/Unknown","Other/Unknown","Other/Unknown",0.8071,0.1929,"LOW"
72,"1","Other/Unknown","Other/Unknown","Other/Unknown",0.8002,0.1998,"LOW"
73,"1","Other/Unknown","Other/Unknown","Other/Unknown",0.7932,0.2068,"LOW"
74,"1","Other/Unknown","Other/Unknown","Other/Unknown",0.7979,0.2021,"LOW"
75,"1","Other/Unknown","Other/Unknown","Other/Unknown",0.8033,0.1967,"LOW"
76,"1","Other/Unknown","Other/Unknown","Other/Unknown",0.8001,0.1999,"LOW"
77,"1","Other/Unknown","Other/Unknown","Other/Unknown",0.7991,0.2009,"LOW"
78,"1","Other/Unknown","Other/Unknown","Other/Unknown",0.8036,0.1964,"LOW"
79,"1","Other/Unknown","Other/Unknown","Other/Unknown",0.7928,0.2072,"LOW"
80,"1","Other/Unknown","Other/Unknown","Other/Unknown",0.7987,0.2013,"LOW"
81,"1","Other/Unknown","Other/Unknown","Other/Unknown",0.8047,0.1953,"LOW"
82,"1","Other/Unknown","Other/Unknown","Other/Unknown",0.7988,0.2012,"LOW"
83,"1","Other/Unknown","Other/Unknown","Other/Unknown",0.7986,0.2014,"LOW"
84,"1","Other/Unknown","Other/Unknown","Other/Unknown",0.8023,0.1977,"LOW"
85,"1","Other/Unknown","Other/Unknown","Other/Unknown",0.8,0.2,"LOW"
86,"1","Other/Unknown","Other/Unknown","Other/Unknown",0.8133,0.1867,"LOW"
87,"1","Other/Unknown","Other/Unknown","Other/Unknown",0.8136,0.1864,"LOW"
88,"1","Other/Unknown","Other/Unknown","Other/Unknown",0.8162,0.1838,"LOW"
89,"1","Other/Unknown","Other/Unknown","Other/Unknown",0.803,0.197,"LOW"
90,"1","Other/Unknown","Other/Unknown","Other/Unknown",0.8042,0.1958,"LOW"
91,"1","Other/Unknown","Other/Unknown","Other/Unknown",0.8042,0.1958,"LOW"
92,"1","Other/Unknown","Other/Unknown","Other/Unknown",0.8042,0.1958,"LOW"
93,"1","Other/Unknown","Other/Unknown","Other/Unknown",0.8042,0.1958,"LOW"
94,"1","Other/Unknown","Other/Unknown","Other/Unknown",0.8042,0.1958,"LOW"
95,"1","Other/Unknown","Other/Unknown","Other/Unknown",0.8042,0.1958,"LOW"
96,"1","Other/Unknown","Other/Unknown","Other/Unknown",0.8042,0.1958,"LOW"
97,"1","Other/Unknown","Other/Unknown","Other/Unknown",0.8042,0.1958,"LOW"
98,"1","Other/Unknown","Other/Unknown","Other/Unknown",0.8042,0.1958,"LOW"
99,"1","Other/Unknown","Other/Unknown","Other/Unknown",0.8042,0.1958,"LOW"
0,"2","Other/Unknown","Other/Unknown","Other/Unknown",0.8863,0.1137,"LOW"
1,"2","Other/Unknown","Other/Unknown","Other/Unknown",0.885,0.115,"LOW"
2,"2","Other/Unknown","Other/Unknown","Other/Unknown",0.8842,0.1158,"LOW"
3,"2","Other/Unknown","Other/Unknown","Other/Unknown",0.8838,0.1162,"LOW"
4,"2","Other/Unknown","Other/Unknown","Other/Unknown",0.883,0.117,"LOW"
5,"2","Other/Unknown","Other/Unknown","Other/Unknown",0.8827,0.1173,"LOW"
6,"2","Other/Unknown","Other/Unknown","Other/Unknown",0.882,0.118,"LOW"
7,"2","Other/Unknown","Other/Unknown","Other/Unknown",0.8818,0.1182,"LOW"
8,"2","Other/Unknown","Other/Unknown","Other/Unknown",0.8811,0.1189,"LOW"
9,"2","Other/Unknown","Other/Unknown","Other/Unknown",0.8803,0.1197,"LOW"
10,"2","Other/Unknown","Other/Unknown","Other/Unknown",0.8797,0.1203,"LOW"
11,"2","Other/Unknown","Other/Unknown","Other/Unknown",0.8793,0.1207,"LOW"
12,"2","Other/Unknown","Other/Unknown","Other/Unknown",0.8787,0.1213,"LOW"
13,"2","Other/Unknown","Other/Unknown","Other/Unknown",0.8784,0.1216,"LOW"
14,"2","Other/Unknown","Other/Unknown","Other/Unknown",0.8781,0.1219,"LOW"
15,"2","Other/Unknown","Other/Unknown","Other/Unknown",0.8775,0.1225,"LOW"
16,"2","Other/Unknown","Other/Unknown","Other/Unknown",0.8765,0.1235,"LOW"
17,"2","Other/Unknown","Other/Unknown","Other/Unknown",0.8765,0.1235,"LOW"
18,"2","Other/Unknown","Other/Unknown","Other/Unknown",0.8754,0.1246,"LOW"
19,"2","Other/Unknown","Other/Unknown","Other/Unknown",0.8569,0.1431,"LOW"
20,"2","Other/Unknown","Other/Unknown","Other/Unknown",0.8504,0.1496,"LOW"
21,"2","Other/Unknown","Other/Unknown","Other/Unknown",0.8303,0.1697,"LOW"
22,"2","Other/Unknown","Other/Unknown","Other/Unknown",0.8315,0.1685,"LOW"
23,"2","Other/Unknown","Other/Unknown","Other/Unknown",0.8441,0.1559,"LOW"
24,"2","Other/Unknown","Other/Unknown","Other/Unknown",0.84,0.16,"LOW"
25,"2","Other/Unknown","Other/Unknown","Other/Unknown",0.8327,0.1673,"LOW"
26,"2","Other/Unknown","Other/Unknown","Other/Unknown",0.7951,0.2049,"LOW"
27,"2","Other/Unknown","Other/Unknown","Other/Unknown",0.8009,0.1991,"LOW"
28,"2","Other/Unknown","Other/Unknown","Other/Unknown",0.7945,0.2055,"LOW"
29,"2","Other/Unknown","Other/Unknown","Other/Unknown",0.8262,0.1738,"LOW"
30,"2","Other/Unknown","Other/Unknown","Other/Unknown",0.8207,0.1793,"LOW"
31,"2","Other/Unknown","Other/Unknown","Other/Unknown",0.808,0.192,"LOW"
32,"2","Other/Unknown","Other/Unknown","Other/Unknown",0.8246,0.1754,"LOW"
33,"2","Other/Unknown","Other/Unknown","Other/Unknown",0.8296,0.1704,"LOW"
34,"2","Other/Unknown","Other/Unknown","Other/Unknown",0.8405,0.1595,"LOW"
35,"2","Other/Unknown","Other/Unknown","Other/Unknown",0.8394,0.1606,"LOW"
36,"2","Other/Unknown","Other/Unknown","Other/Unknown",0.8278,0.1722,"LOW"
37,"2","Other/Unknown","Other/Unknown","Other/Unknown",0.8306,0.1694,"LOW"
38,"2","Other/Unknown","Other/Unknown","Other/Unknown",0.8183,0.1817,"LOW"
39,"2","Other/Unknown","Other/Unknown","Other/Unknown",0.8267,0.1733,"LOW"
40,"2","Other/Unknown","Other/Unknown","Other/Unknown",0.8342,0.1658,"LOW"
41,"2","Other/Unknown","Other/Unknown","Other/Unknown",0.8274,0.1726,"LOW"
42,"2","Other/Unknown","Other/Unknown","Other/Unknown",0.8286,0.1714,"LOW"
43,"2","Other/Unknown","Other/Unknown","Other/Unknown",0.8254,0.1746,"LOW"
44,"2","Other/Unknown","Other/Unknown","Other/Unknown",0.8267,0.1733,"LOW"
45,"2","Other/Unknown","Other/Unknown","Other/Unknown",0.8335,0.1665,"LOW"
46,"2","Other/Unknown","Other/Unknown","Other/Unknown",0.828,0.172,"LOW"
47,"2","Other/Unknown","Other/Unknown","Other/Unknown",0.8296,0.1704,"LOW"
48,"2","Other/Unknown","Other/Unknown","Other/Unknown",0.8258,0.1742,"LOW"
49,"2","Other/Unknown","Other/Unknown","Other/Unknown",0.832,0.168,"LOW"
50,"2","Other/Unknown","Other/Unknown","Other/Unknown",0.8375,0.1625,"LOW"
51,"2","Other/Unknown","Other/Unknown","Other/Unknown",0.8385,0.1615,"LOW"
52,"2","Other/Unknown","Other/Unknown","Other/Unknown",0.8359,0.1641,"LOW"
53,"2","Other/Unknown","Other/Unknown","Other/Unknown",0.8348,0.1652,"LOW"
54,"2","Other/Unknown","Other/Unknown","Other/Unknown",0.8341,0.1659,"LOW"
55,"2","Other/Unknown","Other/Unknown","Other/Unknown",0.8355,0.1645,"LOW"
56,"2","Other/Unknown","Other/Unknown","Other/Unknown",0.8317,0.1683,"LOW"
57,"2","Other/Unknown","Other/Unknown","Other/Unknown",0.8279,0.1721,"LOW"
58,"2","Other/Unknown","Other/Unknown","Other/Unknown",0.8299,0.1701,"LOW"
59,"2","Other/Unknown","Other/Unknown","Other/Unknown",0.8304,0.1696,"LOW"
60,"2","Other/Unknown","Other/Unknown","Other/Unknown",0.8266,0.1734,"LOW"
61,"2","Other/Unknown","Other/Unknown","Other/Unknown",0.8284,0.1716,"LOW"
62,"2","Other/Unknown","Other/Unknown","Other/Unknown",0.8227,0.1773,"LOW"
63,"2","Other/Unknown","Other/Unknown","Other/Unknown",0.8239,0.1761,"LOW"
64,"2","Other/Unknown","Other/Unknown","Other/Unknown",0.8256,0.1744,"LOW"
65,"2","Other/Unknown","Other/Unknown","Other/Unknown",0.8231,0.1769,"LOW"
66,"2","Other/Unknown","Other/Unknown","Other/Unknown",0.824,0.176,"LOW"
67,"2","Other/Unknown","Other/Unknown","Other/Unknown",0.8259,0.1741,"LOW"
68,"2","Other/Unknown","Other/Unknown","Other/Unknown",0.8275,0.1725,"LOW"
69,"2","Other/Unknown","Other/Unknown","Other/Unknown",0.8205,0.1795,"LOW"
70,"2","Other/Unknown","Other/Unknown","Other/Unknown",0.8246,0.1754,"LOW"
71,"2","Other/Unknown","Other/Unknown","Other/Unknown",0.8173,0.1827,"LOW"
72,"2","Other/Unknown","Other/Unknown","Other/Unknown",0.8072,0.1928,"LOW"
73,"2","Other/Unknown","Other/Unknown","Other/Unknown",0.8114,0.1886,"LOW"
74,"2","Other/Unknown","Other/Unknown","Other/Unknown",0.8158,0.1842,"LOW"
75,"2","Other/Unknown","Other/Unknown","Other/Unknown",0.8208,0.1792,"LOW"
76,"2","Other/Unknown","Other/Unknown","Other/Unknown",0.8195,0.1805,"LOW"
77,"2","Other/Unknown","Other/Unknown","Other/Unknown",0.8137,0.1863,"LOW"
78,"2","Other/Unknown","Other/Unknown","Other/Unknown",0.8227,0.1773,"LOW"
79,"2","Other/Unknown","Other/Unknown","Other/Unknown",0.8167,0.1833,"LOW"
80,"2","Other/Unknown","Other/Unknown","Other/Unknown",0.811,0.189,"LOW"
81,"2","Other/Unknown","Other/Unknown","Other/Unknown",0.8075,0.1925,"LOW"
82,"2","Other/Unknown","Other/Unknown","Other/Unknown",0.8134,0.1866,"LOW"
83,"2","Other/Unknown","Other/Unknown","Other/Unknown",0.8098,0.1902,"LOW"
84,"2","Other/Unknown","Other/Unknown","Other/Unknown",0.8108,0.1892,"LOW"
85,"2","Other/Unknown","Other/Unknown","Other/Unknown",0.8084,0.1916,"LOW"
86,"2","Other/Unknown","Other/Unknown","Other/Unknown",0.7997,0.2003,"LOW"
87,"2","Other/Unknown","Other/Unknown","Other/Unknown",0.8048,0.1952,"LOW"
88,"2","Other/Unknown","Other/Unknown","Other/Unknown",0.8028,0.1972,"LOW"
89,"2","Other/Unknown","Other/Unknown","Other/Unknown",0.7977,0.2023,"LOW"
90,"2","Other/Unknown","Other/Unknown","Other/Unknown",0.7966,0.2034,"LOW"
91,"2","Other/Unknown","Other/Unknown","Other/Unknown",0.7966,0.2034,"LOW"
92,"2","Other/Unknown","Other/Unknown","Other/Unknown",0.7966,0.2034,"LOW"
93,"2","Other/Unknown","Other/Unknown","Other/Unknown",0.7966,0.2034,"LOW"
94,"2","Other/Unknown","Other/Unknown","Other/Unknown",0.7966,0.2034,"LOW"
95,"2","Other/Unknown","Other/Unknown","Other/Unknown",0.7966,0.2034,"LOW"
96,"2","Other/Unknown","Other/Unknown","Other/Unknown",0.7966,0.2034,"LOW"
97,"2","Other/Unknown","Other/Unknown","Other/Unknown",0.7966,0.2034,"LOW"
98,"2","Other/Unknown","Other/Unknown","Other/Unknown",0.7966,0.2034,"LOW"
99,"2","Other/Unknown","Other/Unknown","Other/Unknown",0.7966,0.2034,"LOW"
0,"1","N0","T1","Other/Unknown",0.9867,0.0133,"LOW"
1,"1","N0","T1","Other/Unknown",0.9867,0.0133,"LOW"
2,"1","N0","T1","Other/Unknown",0.9867,0.0133,"LOW"
3,"1","N0","T1","Other/Unknown",0.9866,0.0134,"LOW"
4,"1","N0","T1","Other/Unknown",0.9865,0.0135,"LOW"
5,"1","N0","T1","Other/Unknown",0.9864,0.0136,"LOW"
6,"1","N0","T1","Other/Unknown",0.9863,0.0137,"LOW"
7,"1","N0","T1","Other/Unknown",0.9863,0.0137,"LOW"
8,"1","N0","T1","Other/Unknown",0.9862,0.0138,"LOW"
9,"1","N0","T1","Other/Unknown",0.9861,0.0139,"LOW"
10,"1","N0","T1","Other/Unknown",0.9861,0.0139,"LOW"
11,"1","N0","T1","Other/Unknown",0.986,0.014,"LOW"
12,"1","N0","T1","Other/Unknown",0.9859,0.0141,"LOW"
13,"1","N0","T1","Other/Unknown",0.9859,0.0141,"LOW"
14,"1","N0","T1","Other/Unknown",0.9859,0.0141,"LOW"
15,"1","N0","T1","Other/Unknown",0.9858,0.0142,"LOW"
16,"1","N0","T1","Other/Unknown",0.9856,0.0144,"LOW"
17,"1","N0","T1","Other/Unknown",0.9854,0.0146,"LOW"
18,"1","N0","T1","Other/Unknown",0.9852,0.0148,"LOW"
19,"1","N0","T1","Other/Unknown",0.9849,0.0151,"LOW"
20,"1","N0","T1","Other/Unknown",0.9844,0.0156,"LOW"
21,"1","N0","T1","Other/Unknown",0.9836,0.0164,"LOW"
22,"1","N0","T1","Other/Unknown",0.983,0.017,"LOW"
23,"1","N0","T1","Other/Unknown",0.9824,0.0176,"LOW"
24,"1","N0","T1","Other/Unknown",0.9809,0.0191,"LOW"
25,"1","N0","T1","Other/Unknown",0.9796,0.0204,"LOW"
26,"1","N0","T1","Other/Unknown",0.9729,0.0271,"LOW"
27,"1","N0","T1","Other/Unknown",0.9789,0.0211,"LOW"
28,"1","N0","T1","Other/Unknown",0.9788,0.0212,"LOW"
29,"1","N0","T1","Other/Unknown",0.9752,0.0248,"LOW"
30,"1","N0","T1","Other/Unknown",0.9795,0.0205,"LOW"
31,"1","N0","T1","Other/Unknown",0.9813,0.0187,"LOW"
32,"1","N0","T1","Other/Unknown",0.9823,0.0177,"LOW"
33,"1","N0","T1","Other/Unknown",0.9825,0.0175,"LOW"
34,"1","N0","T1","Other/Unknown",0.9823,0.0177,"LOW"
35,"1","N0","T1","Other/Unknown",0.9821,0.0179,"LOW"
36,"1","N0","T1","Other/Unknown",0.9816,0.0184,"LOW"
37,"1","N0","T1","Other/Unknown",0.981,0.019,"LOW"
38,"1","N0","T1","Other/Unknown",0.9802,0.0198,"LOW"
39,"1","N0","T1","Other/Unknown",0.9779,0.0221,"LOW"
40,"1","N0","T1","Other/Unknown",0.9787,0.0213,"LOW"
41,"1","N0","T1","Other/Unknown",0.9775,0.0225,"LOW"
42,"1","N0","T1","Other/Unknown",0.9777,0.0223,"LOW"
43,"1","N0","T1","Other/Unknown",0.9781,0.0219,"LOW"
44,"1","N0","T1","Other/Unknown",0.9793,0.0207,"LOW"
45,"1","N0","T1","Other/Unknown",0.9786,0.0214,"LOW"
46,"1","N0","T1","Other/Unknown",0.9791,0.0209,"LOW"
47,"1","N0","T1","Other/Unknown",0.9782,0.0218,"LOW"
48,"1","N0","T1","Other/Unknown",0.9798,0.0202,"LOW"
49,"1","N0","T1","Other/Unknown",0.9787,0.0213,"LOW"
50,"1","N0","T1","Other/Unknown",0.9802,0.0198,"LOW"
51,"1","N0","T1","Other/Unknown",0.9807,0.0193,"LOW"
52,"1","N0","T1","Other/Unknown",0.9792,0.0208,"LOW"
53,"1","N0","T1","Other/Unknown",0.9778,0.0222,"LOW"
54,"1","N0","T1","Other/Unknown",0.9769,0.0231,"LOW"
55,"1","N0","T1","Other/Unknown",0.978,0.022,"LOW"
56,"1","N0","T1","Other/Unknown",0.9779,0.0221,"LOW"
57,"1","N0","T1","Other/Unknown",0.978,0.022,"LOW"
58,"1","N0","T1","Other/Unknown",0.9774,0.0226,"LOW"
59,"1","N0","T1","Other/Unknown",0.9768,0.0232,"LOW"
60,"1","N0","T1","Other/Unknown",0.9763,0.0237,"LOW"
61,"1","N0","T1","Other/Unknown",0.9773,0.0227,"LOW"
62,"1","N0","T1","Other/Unknown",0.9776,0.0224,"LOW"
63,"1","N0","T1","Other/Unknown",0.9766,0.0234,"LOW"
64,"1","N0","T1","Other/Unknown",0.9772,0.0228,"LOW"
65,"1","N0","T1","Other/Unknown",0.977,0.023,"LOW"
66,"1","N0","T1","Other/Unknown",0.9773,0.0227,"LOW"
67,"1","N0","T1","Other/Unknown",0.9775,0.0225,"LOW"
68,"1","N0","T1","Other/Unknown",0.9781,0.0219,"LOW"
69,"1","N0","T1","Other/Unknown",0.9765,0.0235,"LOW"
70,"1","N0","T1","Other/Unknown",0.9774,0.0226,"LOW"
71,"1","N0","T1","Other/Unknown",0.9769,0.0231,"LOW"
72,"1","N0","T1","Other/Unknown",0.9772,0.0228,"LOW"
73,"1","N0","T1","Other/Unknown",0.9715,0.0285,"LOW"
74,"1","N0","T1","Other/Unknown",0.9719,0.0281,"LOW"
75,"1","N0","T1","Other/Unknown",0.9743,0.0257,"LOW"
76,"1","N0","T1","Other/Unknown",0.9749,0.0251,"LOW"
77,"1","N0","T1","Other/Unknown",0.9738,0.0262,"LOW"
78,"1","N0","T1","Other/Unknown",0.972,0.028,"LOW"
79,"1","N0","T1","Other/Unknown",0.9729,0.0271,"LOW"
80,"1","N0","T1","Other/Unknown",0.9714,0.0286,"LOW"
81,"1","N0","T1","Other/Unknown",0.9715,0.0285,"LOW"
82,"1","N0","T1","Other/Unknown",0.9759,0.0241,"LOW"
83,"1","N0","T1","Other/Unknown",0.9763,0.0237,"LOW"
84,"1","N0","T1","Other/Unknown",0.9693,0.0307,"LOW"
85,"1","N0","T1","Other/Unknown",0.9743,0.0257,"LOW"
86,"1","N0","T1","Other/Unknown",0.9774,0.0226,"LOW"
87,"1","N0","T1","Other/Unknown",0.9778,0.0222,"LOW"
88,"1","N0","T1","Other/Unknown",0.9739,0.0261,"LOW"
89,"1","N0","T1","Other/Unknown",0.9766,0.0234,"LOW"
90,"1","N0","T1","Other/Unknown",0.9654,0.0346,"LOW"
91,"1","N0","T1","Other/Unknown",0.9654,0.0346,"LOW"
92,"1","N0","T1","Other/Unknown",0.9654,0.0346,"LOW"
93,"1","N0","T1","Other/Unknown",0.9654,0.0346,"LOW"
94,"1","N0","T1","Other/Unknown",0.9654,0.0346,"LOW"
95,"1","N0","T1","Other/Unknown",0.9654,0.0346,"LOW"
96,"1","N0","T1","Other/Unknown",0.9654,0.0346,"LOW"
97,"1","N0","T1","Other/Unknown",0.9654,0.0346,"LOW"
98,"1","N0","T1","Other/Unknown",0.9654,0.0346,"LOW"
99,"1","N0","T1","Other/Unknown",0.9654,0.0346,"LOW"
0,"2","N0","T1","Other/Unknown",0.9882,0.0118,"LOW"
1,"2","N0","T1","Other/Unknown",0.9881,0.0119,"LOW"
2,"2","N0","T1","Other/Unknown",0.9879,0.0121,"LOW"
3,"2","N0","T1","Other/Unknown",0.9877,0.0123,"LOW"
4,"2","N0","T1","Other/Unknown",0.9876,0.0124,"LOW"
5,"2","N0","T1","Other/Unknown",0.9873,0.0127,"LOW"
6,"2","N0","T1","Other/Unknown",0.9871,0.0129,"LOW"
7,"2","N0","T1","Other/Unknown",0.9869,0.0131,"LOW"
8,"2","N0","T1","Other/Unknown",0.9867,0.0133,"LOW"
9,"2","N0","T1","Other/Unknown",0.9866,0.0134,"LOW"
10,"2","N0","T1","Other/Unknown",0.9865,0.0135,"LOW"
11,"2","N0","T1","Other/Unknown",0.9864,0.0136,"LOW"
12,"2","N0","T1","Other/Unknown",0.9863,0.0137,"LOW"
13,"2","N0","T1","Other/Unknown",0.9863,0.0137,"LOW"
14,"2","N0","T1","Other/Unknown",0.9863,0.0137,"LOW"
15,"2","N0","T1","Other/Unknown",0.9861,0.0139,"LOW"
16,"2","N0","T1","Other/Unknown",0.9858,0.0142,"LOW"
17,"2","N0","T1","Other/Unknown",0.9856,0.0144,"LOW"
18,"2","N0","T1","Other/Unknown",0.985,0.015,"LOW"
19,"2","N0","T1","Other/Unknown",0.9847,0.0153,"LOW"
20,"2","N0","T1","Other/Unknown",0.9844,0.0156,"LOW"
21,"2","N0","T1","Other/Unknown",0.9836,0.0164,"LOW"
22,"2","N0","T1","Other/Unknown",0.983,0.017,"LOW"
23,"2","N0","T1","Other/Unknown",0.9757,0.0243,"LOW"
24,"2","N0","T1","Other/Unknown",0.9824,0.0176,"LOW"
25,"2","N0","T1","Other/Unknown",0.9839,0.0161,"LOW"
26,"2","N0","T1","Other/Unknown",0.9839,0.0161,"LOW"
27,"2","N0","T1","Other/Unknown",0.9843,0.0157,"LOW"
28,"2","N0","T1","Other/Unknown",0.9843,0.0157,"LOW"
29,"2","N0","T1","Other/Unknown",0.9842,0.0158,"LOW"
30,"2","N0","T1","Other/Unknown",0.9842,0.0158,"LOW"
31,"2","N0","T1","Other/Unknown",0.9808,0.0192,"LOW"
32,"2","N0","T1","Other/Unknown",0.9839,0.0161,"LOW"
33,"2","N0","T1","Other/Unknown",0.984,0.016,"LOW"
34,"2","N0","T1","Other/Unknown",0.9839,0.0161,"LOW"
35,"2","N0","T1","Other/Unknown",0.9833,0.0167,"LOW"
36,"2","N0","T1","Other/Unknown",0.9814,0.0186,"LOW"
37,"2","N0","T1","Other/Unknown",0.9829,0.0171,"LOW"
38,"2","N0","T1","Other/Unknown",0.9824,0.0176,"LOW"
39,"2","N0","T1","Other/Unknown",0.9801,0.0199,"LOW"
40,"2","N0","T1","Other/Unknown",0.9814,0.0186,"LOW"
41,"2","N0","T1","Other/Unknown",0.9817,0.0183,"LOW"
42,"2","N0","T1","Other/Unknown",0.9837,0.0163,"LOW"
43,"2","N0","T1","Other/Unknown",0.9842,0.0158,"LOW"
44,"2","N0","T1","Other/Unknown",0.9842,0.0158,"LOW"
45,"2","N0","T1","Other/Unknown",0.9842,0.0158,"LOW"
46,"2","N0","T1","Other/Unknown",0.984,0.016,"LOW"
47,"2","N0","T1","Other/Unknown",0.9832,0.0168,"LOW"
48,"2","N0","T1","Other/Unknown",0.9838,0.0162,"LOW"
49,"2","N0","T1","Other/Unknown",0.9827,0.0173,"LOW"
50,"2","N0","T1","Other/Unknown",0.9833,0.0167,"LOW"
51,"2","N0","T1","Other/Unknown",0.9822,0.0178,"LOW"
52,"2","N0","T1","Other/Unknown",0.9819,0.0181,"LOW"
53,"2","N0","T1","Other/Unknown",0.9818,0.0182,"LOW"
54,"2","N0","T1","Other/Unknown",0.9817,0.0183,"LOW"
55,"2","N0","T1","Other/Unknown",0.981,0.019,"LOW"
56,"2","N0","T1","Other/Unknown",0.9795,0.0205,"LOW"
57,"2","N0","T1","Other/Unknown",0.9801,0.0199,"LOW"
58,"2","N0","T1","Other/Unknown",0.9788,0.0212,"LOW"
59,"2","N0","T1","Other/Unknown",0.9781,0.0219,"LOW"
60,"2","N0","T1","Other/Unknown",0.9762,0.0238,"LOW"
61,"2","N0","T1","Other/Unknown",0.9741,0.0259,"LOW"
62,"2","N0","T1","Other/Unknown",0.9762,0.0238,"LOW"
63,"2","N0","T1","Other/Unknown",0.9749,0.0251,"LOW"
64,"2","N0","T1","Other/Unknown",0.9765,0.0235,"LOW"
65,"2","N0","T1","Other/Unknown",0.9758,0.0242,"LOW"
66,"2","N0","T1","Other/Unknown",0.9772,0.0228,"LOW"
67,"2","N0","T1","Other/Unknown",0.9761,0.0239,"LOW"
68,"2","N0","T1","Other/Unknown",0.9727,0.0273,"LOW"
69,"2","N0","T1","Other/Unknown",0.9733,0.0267,"LOW"
70,"2","N0","T1","Other/Unknown",0.9723,0.0277,"LOW"
71,"2","N0","T1","Other/Unknown",0.9717,0.0283,"LOW"
72,"2","N0","T1","Other/Unknown",0.9708,0.0292,"LOW"
73,"2","N0","T1","Other/Unknown",0.9655,0.0345,"LOW"
74,"2","N0","T1","Other/Unknown",0.9709,0.0291,"LOW"
75,"2","N0","T1","Other/Unknown",0.9742,0.0258,"LOW"
76,"2","N0","T1","Other/Unknown",0.9722,0.0278,"LOW"
77,"2","N0","T1","Other/Unknown",0.9725,0.0275,"LOW"
78,"2","N0","T1","Other/Unknown",0.9709,0.0291,"LOW"
79,"2","N0","T1","Other/Unknown",0.9675,0.0325,"LOW"
80,"2","N0","T1","Other/Unknown",0.9669,0.0331,"LOW"
81,"2","N0","T1","Other/Unknown",0.9696,0.0304,"LOW"
82,"2","N0","T1","Other/Unknown",0.9697,0.0303,"LOW"
83,"2","N0","T1","Other/Unknown",0.9645,0.0355,"LOW"
84,"2","N0","T1","Other/Unknown",0.9694,0.0306,"LOW"
85,"2","N0","T1","Other/Unknown",0.9701,0.0299,"LOW"
86,"2","N0","T1","Other/Unknown",0.9666,0.0334,"LOW"
87,"2","N0","T1","Other/Unknown",0.9701,0.0299,"LOW"
88,"2","N0","T1","Other/Unknown",0.9703,0.0297,"LOW"
89,"2","N0","T1","Other/Unknown",0.9741,0.0259,"LOW"
90,"2","N0","T1","Other/Unknown",0.9675,0.0325,"LOW"
91,"2","N0","T1","Other/Unknown",0.9675,0.0325,"LOW"
92,"2","N0","T1","Other/Unknown",0.9675,0.0325,"LOW"
93,"2","N0","T1","Other/Unknown",0.9675,0.0325,"LOW"
94,"2","N0","T1","Other/Unknown",0.9675,0.0325,"LOW"
95,"2","N0","T1","Other/Unknown",0.9675,0.0325,"LOW"
96,"2","N0","T1","Other/Unknown",0.9675,0.0325,"LOW"
97,"2","N0","T1","Other/Unknown",0.9675,0.0325,"LOW"
98,"2","N0","T1","Other/Unknown",0.9675,0.0325,"LOW"
99,"2","N0","T1","Other/Unknown",0.9675,0.0325,"LOW"
0,"1","N1","T1","Other/Unknown",0.7704,0.2296,"LOW"
1,"1","N1","T1","Other/Unknown",0.7704,0.2296,"LOW"
2,"1","N1","T1","Other/Unknown",0.7704,0.2296,"LOW"
3,"1","N1","T1","Other/Unknown",0.7704,0.2296,"LOW"
4,"1","N1","T1","Other/Unknown",0.7698,0.2302,"LOW"
5,"1","N1","T1","Other/Unknown",0.7698,0.2302,"LOW"
6,"1","N1","T1","Other/Unknown",0.7698,0.2302,"LOW"
7,"1","N1","T1","Other/Unknown",0.7698,0.2302,"LOW"
8,"1","N1","T1","Other/Unknown",0.7698,0.2302,"LOW"
9,"1","N1","T1","Other/Unknown",0.7698,0.2302,"LOW"
10,"1","N1","T1","Other/Unknown",0.7698,0.2302,"LOW"
11,"1","N1","T1","Other/Unknown",0.7698,0.2302,"LOW"
12,"1","N1","T1","Other/Unknown",0.7698,0.2302,"LOW"
13,"1","N1","T1","Other/Unknown",0.7698,0.2302,"LOW"
14,"1","N1","T1","Other/Unknown",0.7698,0.2302,"LOW"
15,"1","N1","T1","Other/Unknown",0.7698,0.2302,"LOW"
16,"1","N1","T1","Other/Unknown",0.7698,0.2302,"LOW"
17,"1","N1","T1","Other/Unknown",0.7698,0.2302,"LOW"
18,"1","N1","T1","Other/Unknown",0.7698,0.2302,"LOW"
19,"1","N1","T1","Other/Unknown",0.7698,0.2302,"LOW"
20,"1","N1","T1","Other/Unknown",0.7698,0.2302,"LOW"
21,"1","N1","T1","Other/Unknown",0.7698,0.2302,"LOW"
22,"1","N1","T1","Other/Unknown",0.7692,0.2308,"LOW"
23,"1","N1","T1","Other/Unknown",0.7691,0.2309,"LOW"
24,"1","N1","T1","Other/Unknown",0.7691,0.2309,"LOW"
25,"1","N1","T1","Other/Unknown",0.7671,0.2329,"LOW"
26,"1","N1","T1","Other/Unknown",0.7651,0.2349,"LOW"
27,"1","N1","T1","Other/Unknown",0.763,0.237,"LOW"
28,"1","N1","T1","Other/Unknown",0.7597,0.2403,"LOW"
29,"1","N1","T1","Other/Unknown",0.7579,0.2421,"LOW"
30,"1","N1","T1","Other/Unknown",0.7572,0.2428,"LOW"
31,"1","N1","T1","Other/Unknown",0.7418,0.2582,"LOW"
32,"1","N1","T1","Other/Unknown",0.7128,0.2872,"LOW"
33,"1","N1","T1","Other/Unknown",0.6581,0.3419,"LOW"
34,"1","N1","T1","Other/Unknown",0.6681,0.3319,"LOW"
35,"1","N1","T1","Other/Unknown",0.6811,0.3189,"LOW"
36,"1","N1","T1","Other/Unknown",0.7214,0.2786,"LOW"
37,"1","N1","T1","Other/Unknown",0.7481,0.2519,"LOW"
38,"1","N1","T1","Other/Unknown",0.7535,0.2465,"LOW"
39,"1","N1","T1","Other/Unknown",0.7441,0.2559,"LOW"
40,"1","N1","T1","Other/Unknown",0.7359,0.2641,"LOW"
41,"1","N1","T1","Other/Unknown",0.7162,0.2838,"LOW"
42,"1","N1","T1","Other/Unknown",0.6583,0.3417,"LOW"
43,"1","N1","T1","Other/Unknown",0.6807,0.3193,"LOW"
44,"1","N1","T1","Other/Unknown",0.7167,0.2833,"LOW"
45,"1","N1","T1","Other/Unknown",0.7265,0.2735,"LOW"
46,"1","N1","T1","Other/Unknown",0.7165,0.2835,"LOW"
47,"1","N1","T1","Other/Unknown",0.6907,0.3093,"LOW"
48,"1","N1","T1","Other/Unknown",0.7042,0.2958,"LOW"
49,"1","N1","T1","Other/Unknown",0.6921,0.3079,"LOW"
50,"1","N1","T1","Other/Unknown",0.7192,0.2808,"LOW"
51,"1","N1","T1","Other/Unknown",0.7123,0.2877,"LOW"
52,"1","N1","T1","Other/Unknown",0.7252,0.2748,"LOW"
53,"1","N1","T1","Other/Unknown",0.6966,0.3034,"LOW"
54,"1","N1","T1","Other/Unknown",0.7182,0.2818,"LOW"
55,"1","N1","T1","Other/Unknown",0.7017,0.2983,"LOW"
56,"1","N1","T1","Other/Unknown",0.7004,0.2996,"LOW"
57,"1","N1","T1","Other/Unknown",0.6965,0.3035,"LOW"
58,"1","N1","T1","Other/Unknown",0.7039,0.2961,"LOW"
59,"1","N1","T1","Other/Unknown",0.7137,0.2863,"LOW"
60,"1","N1","T1","Other/Unknown",0.7042,0.2958,"LOW"
61,"1","N1","T1","Other/Unknown",0.7151,0.2849,"LOW"
62,"1","N1","T1","Other/Unknown",0.7188,0.2812,"LOW"
63,"1","N1","T1","Other/Unknown",0.6916,0.3084,"LOW"
64,"1","N1","T1","Other/Unknown",0.6757,0.3243,"LOW"
65,"1","N1","T1","Other/Unknown",0.6956,0.3044,"LOW"
66,"1","N1","T1","Other/Unknown",0.7013,0.2987,"LOW"
67,"1","N1","T1","Other/Unknown",0.728,0.272,"LOW"
68,"1","N1","T1","Other/Unknown",0.7255,0.2745,"LOW"
69,"1","N1","T1","Other/Unknown",0.7105,0.2895,"LOW"
70,"1","N1","T1","Other/Unknown",0.6962,0.3038,"LOW"
71,"1","N1","T1","Other/Unknown",0.7287,0.2713,"LOW"
72,"1","N1","T1","Other/Unknown",0.7331,0.2669,"LOW"
73,"1","N1","T1","Other/Unknown",0.7115,0.2885,"LOW"
74,"1","N1","T1","Other/Unknown",0.7296,0.2704,"LOW"
75,"1","N1","T1","Other/Unknown",0.7004,0.2996,"LOW"
76,"1","N1","T1","Other/Unknown",0.7165,0.2835,"LOW"
77,"1","N1","T1","Other/Unknown",0.7157,0.2843,"LOW"
78,"1","N1","T1","Other/Unknown",0.6838,0.3162,"LOW"
79,"1","N1","T1","Other/Unknown",0.673,0.327,"LOW"
80,"1","N1","T1","Other/Unknown",0.6965,0.3035,"LOW"
81,"1","N1","T1","Other/Unknown",0.7046,0.2954,"LOW"
82,"1","N1","T1","Other/Unknown",0.6873,0.3127,"LOW"
83,"1","N1","T1","Other/Unknown",0.7262,0.2738,"LOW"
84,"1","N1","T1","Other/Unknown",0.7245,0.2755,"LOW"
85,"1","N1","T1","Other/Unknown",0.6693,0.3307,"LOW"
86,"1","N1","T1","Other/Unknown",0.6162,0.3838,"LOW"
87,"1","N1","T1","Other/Unknown",0.6507,0.3493,"LOW"
88,"1","N1","T1","Other/Unknown",0.671,0.329,"LOW"
89,"1","N1","T1","Other/Unknown",0.6933,0.3067,"LOW"
90,"1","N1","T1","Other/Unknown",0.7082,0.2918,"LOW"
91,"1","N1","T1","Other/Unknown",0.7082,0.2918,"LOW"
92,"1","N1","T1","Other/Unknown",0.7082,0.2918,"LOW"
93,"1","N1","T1","Other/Unknown",0.7082,0.2918,"LOW"
94,"1","N1","T1","Other/Unknown",0.7082,0.2918,"LOW"
95,"1","N1","T1","Other/Unknown",0.7082,0.2918,"LOW"
96,"1","N1","T1","Other/Unknown",0.7082,0.2918,"LOW"
97,"1","N1","T1","Other/Unknown",0.7082,0.2918,"LOW"
98,"1","N1","T1","Other/Unknown",0.7082,0.2918,"LOW"
99,"1","N1","T1","Other/Unknown",0.7082,0.2918,"LOW"
0,"2","N1","T1","Other/Unknown",0.8186,0.1814,"LOW"
1,"2","N1","T1","Other/Unknown",0.8186,0.1814,"LOW"
2,"2","N1","T1","Other/Unknown",0.8186,0.1814,"LOW"
3,"2","N1","T1","Other/Unknown",0.8186,0.1814,"LOW"
4,"2","N1","T1","Other/Unknown",0.818,0.182,"LOW"
5,"2","N1","T1","Other/Unknown",0.818,0.182,"LOW"
6,"2","N1","T1","Other/Unknown",0.818,0.182,"LOW"
7,"2","N1","T1","Other/Unknown",0.818,0.182,"LOW"
8,"2","N1","T1","Other/Unknown",0.818,0.182,"LOW"
9,"2","N1","T1","Other/Unknown",0.818,0.182,"LOW"
10,"2","N1","T1","Other/Unknown",0.818,0.182,"LOW"
11,"2","N1","T1","Other/Unknown",0.818,0.182,"LOW"
12,"2","N1","T1","Other/Unknown",0.818,0.182,"LOW"
13,"2","N1","T1","Other/Unknown",0.818,0.182,"LOW"
14,"2","N1","T1","Other/Unknown",0.818,0.182,"LOW"
15,"2","N1","T1","Other/Unknown",0.818,0.182,"LOW"
16,"2","N1","T1","Other/Unknown",0.818,0.182,"LOW"
17,"2","N1","T1","Other/Unknown",0.818,0.182,"LOW"
18,"2","N1","T1","Other/Unknown",0.818,0.182,"LOW"
19,"2","N1","T1","Other/Unknown",0.818,0.182,"LOW"
20,"2","N1","T1","Other/Unknown",0.818,0.182,"LOW"
21,"2","N1","T1","Other/Unknown",0.818,0.182,"LOW"
22,"2","N1","T1","Other/Unknown",0.8174,0.1826,"LOW"
23,"2","N1","T1","Other/Unknown",0.8171,0.1829,"LOW"
24,"2","N1","T1","Other/Unknown",0.8171,0.1829,"LOW"
25,"2","N1","T1","Other/Unknown",0.8107,0.1893,"LOW"
26,"2","N1","T1","Other/Unknown",0.804,0.196,"LOW"
27,"2","N1","T1","Other/Unknown",0.7977,0.2023,"LOW"
28,"2","N1","T1","Other/Unknown",0.7918,0.2082,"LOW"
29,"2","N1","T1","Other/Unknown",0.7805,0.2195,"LOW"
30,"2","N1","T1","Other/Unknown",0.7772,0.2228,"LOW"
31,"2","N1","T1","Other/Unknown",0.7658,0.2342,"LOW"
32,"2","N1","T1","Other/Unknown",0.6905,0.3095,"LOW"
33,"2","N1","T1","Other/Unknown",0.6982,0.3018,"LOW"
34,"2","N1","T1","Other/Unknown",0.7149,0.2851,"LOW"
35,"2","N1","T1","Other/Unknown",0.7425,0.2575,"LOW"
36,"2","N1","T1","Other/Unknown",0.7441,0.2559,"LOW"
37,"2","N1","T1","Other/Unknown",0.738,0.262,"LOW"
38,"2","N1","T1","Other/Unknown",0.7326,0.2674,"LOW"
39,"2","N1","T1","Other/Unknown",0.7262,0.2738,"LOW"
40,"2","N1","T1","Other/Unknown",0.7459,0.2541,"LOW"
41,"2","N1","T1","Other/Unknown",0.7307,0.2693,"LOW"
42,"2","N1","T1","Other/Unknown",0.7293,0.2707,"LOW"
43,"2","N1","T1","Other/Unknown",0.7449,0.2551,"LOW"
44,"2","N1","T1","Other/Unknown",0.7646,0.2354,"LOW"
45,"2","N1","T1","Other/Unknown",0.7542,0.2458,"LOW"
46,"2","N1","T1","Other/Unknown",0.737,0.263,"LOW"
47,"2","N1","T1","Other/Unknown",0.7529,0.2471,"LOW"
48,"2","N1","T1","Other/Unknown",0.7344,0.2656,"LOW"
49,"2","N1","T1","Other/Unknown",0.7505,0.2495,"LOW"
50,"2","N1","T1","Other/Unknown",0.748,0.252,"LOW"
51,"2","N1","T1","Other/Unknown",0.7446,0.2554,"LOW"
52,"2","N1","T1","Other/Unknown",0.7508,0.2492,"LOW"
53,"2","N1","T1","Other/Unknown",0.7624,0.2376,"LOW"
54,"2","N1","T1","Other/Unknown",0.7751,0.2249,"LOW"
55,"2","N1","T1","Other/Unknown",0.7764,0.2236,"LOW"
56,"2","N1","T1","Other/Unknown",0.7741,0.2259,"LOW"
57,"2","N1","T1","Other/Unknown",0.7642,0.2358,"LOW"
58,"2","N1","T1","Other/Unknown",0.7738,0.2262,"LOW"
59,"2","N1","T1","Other/Unknown",0.7774,0.2226,"LOW"
60,"2","N1","T1","Other/Unknown",0.767,0.233,"LOW"
61,"2","N1","T1","Other/Unknown",0.7861,0.2139,"LOW"
62,"2","N1","T1","Other/Unknown",0.7813,0.2187,"LOW"
63,"2","N1","T1","Other/Unknown",0.7962,0.2038,"LOW"
64,"2","N1","T1","Other/Unknown",0.7963,0.2037,"LOW"
65,"2","N1","T1","Other/Unknown",0.7846,0.2154,"LOW"
66,"2","N1","T1","Other/Unknown",0.7879,0.2121,"LOW"
67,"2","N1","T1","Other/Unknown",0.7854,0.2146,"LOW"
68,"2","N1","T1","Other/Unknown",0.7804,0.2196,"LOW"
69,"2","N1","T1","Other/Unknown",0.7519,0.2481,"LOW"
70,"2","N1","T1","Other/Unknown",0.7642,0.2358,"LOW"
71,"2","N1","T1","Other/Unknown",0.7477,0.2523,"LOW"
72,"2","N1","T1","Other/Unknown",0.7395,0.2605,"LOW"
73,"2","N1","T1","Other/Unknown",0.7326,0.2674,"LOW"
74,"2","N1","T1","Other/Unknown",0.7458,0.2542,"LOW"
75,"2","N1","T1","Other/Unknown",0.7581,0.2419,"LOW"
76,"2","N1","T1","Other/Unknown",0.739,0.261,"LOW"
77,"2","N1","T1","Other/Unknown",0.7493,0.2507,"LOW"
78,"2","N1","T1","Other/Unknown",0.7611,0.2389,"LOW"
79,"2","N1","T1","Other/Unknown",0.7527,0.2473,"LOW"
80,"2","N1","T1","Other/Unknown",0.7392,0.2608,"LOW"
81,"2","N1","T1","Other/Unknown",0.7751,0.2249,"LOW"
82,"2","N1","T1","Other/Unknown",0.7768,0.2232,"LOW"
83,"2","N1","T1","Other/Unknown",0.7837,0.2163,"LOW"
84,"2","N1","T1","Other/Unknown",0.7907,0.2093,"LOW"
85,"2","N1","T1","Other/Unknown",0.7827,0.2173,"LOW"
86,"2","N1","T1","Other/Unknown",0.771,0.229,"LOW"
87,"2","N1","T1","Other/Unknown",0.7897,0.2103,"LOW"
88,"2","N1","T1","Other/Unknown",0.7628,0.2372,"LOW"
89,"2","N1","T1","Other/Unknown",0.753,0.247,"LOW"
90,"2","N1","T1","Other/Unknown",0.7488,0.2512,"LOW"
91,"2","N1","T1","Other/Unknown",0.7488,0.2512,"LOW"
92,"2","N1","T1","Other/Unknown",0.7488,0.2512,"LOW"
93,"2","N1","T1","Other/Unknown",0.7488,0.2512,"LOW"
94,"2","N1","T1","Other/Unknown",0.7488,0.2512,"LOW"
95,"2","N1","T1","Other/Unknown",0.7488,0.2512,"LOW"
96,"2","N1","T1","Other/Unknown",0.7488,0.2512,"LOW"
97,"2","N1","T1","Other/Unknown",0.7488,0.2512,"LOW"
98,"2","N1","T1","Other/Unknown",0.7488,0.2512,"LOW"
99,"2","N1","T1","Other/Unknown",0.7488,0.2512,"LOW"
0,"1","N2","T1","Other/Unknown",0.7126,0.2874,"LOW"
1,"1","N2","T1","Other/Unknown",0.7126,0.2874,"LOW"
2,"1","N2","T1","Other/Unknown",0.7126,0.2874,"LOW"
3,"1","N2","T1","Other/Unknown",0.7119,0.2881,"LOW"
4,"1","N2","T1","Other/Unknown",0.7119,0.2881,"LOW"
5,"1","N2","T1","Other/Unknown",0.7119,0.2881,"LOW"
6,"1","N2","T1","Other/Unknown",0.7119,0.2881,"LOW"
7,"1","N2","T1","Other/Unknown",0.7119,0.2881,"LOW"
8,"1","N2","T1","Other/Unknown",0.7119,0.2881,"LOW"
9,"1","N2","T1","Other/Unknown",0.7119,0.2881,"LOW"
10,"1","N2","T1","Other/Unknown",0.7119,0.2881,"LOW"
11,"1","N2","T1","Other/Unknown",0.7119,0.2881,"LOW"
12,"1","N2","T1","Other/Unknown",0.7119,0.2881,"LOW"
13,"1","N2","T1","Other/Unknown",0.7119,0.2881,"LOW"
14,"1","N2","T1","Other/Unknown",0.7119,0.2881,"LOW"
15,"1","N2","T1","Other/Unknown",0.7119,0.2881,"LOW"
16,"1","N2","T1","Other/Unknown",0.7119,0.2881,"LOW"
17,"1","N2","T1","Other/Unknown",0.7118,0.2882,"LOW"
18,"1","N2","T1","Other/Unknown",0.7113,0.2887,"LOW"
19,"1","N2","T1","Other/Unknown",0.7112,0.2888,"LOW"
20,"1","N2","T1","Other/Unknown",0.7112,0.2888,"LOW"
21,"1","N2","T1","Other/Unknown",0.7112,0.2888,"LOW"
22,"1","N2","T1","Other/Unknown",0.7112,0.2888,"LOW"
23,"1","N2","T1","Other/Unknown",0.7114,0.2886,"LOW"
24,"1","N2","T1","Other/Unknown",0.7127,0.2873,"LOW"
25,"1","N2","T1","Other/Unknown",0.7127,0.2873,"LOW"
26,"1","N2","T1","Other/Unknown",0.7065,0.2935,"LOW"
27,"1","N2","T1","Other/Unknown",0.7028,0.2972,"LOW"
28,"1","N2","T1","Other/Unknown",0.7028,0.2972,"LOW"
29,"1","N2","T1","Other/Unknown",0.7024,0.2976,"LOW"
30,"1","N2","T1","Other/Unknown",0.7025,0.2975,"LOW"
31,"1","N2","T1","Other/Unknown",0.7023,0.2977,"LOW"
32,"1","N2","T1","Other/Unknown",0.7011,0.2989,"LOW"
33,"1","N2","T1","Other/Unknown",0.6905,0.3095,"LOW"
34,"1","N2","T1","Other/Unknown",0.7117,0.2883,"LOW"
35,"1","N2","T1","Other/Unknown",0.7335,0.2665,"LOW"
36,"1","N2","T1","Other/Unknown",0.7312,0.2688,"LOW"
37,"1","N2","T1","Other/Unknown",0.7346,0.2654,"LOW"
38,"1","N2","T1","Other/Unknown",0.7297,0.2703,"LOW"
39,"1","N2","T1","Other/Unknown",0.7315,0.2685,"LOW"
40,"1","N2","T1","Other/Unknown",0.7343,0.2657,"LOW"
41,"1","N2","T1","Other/Unknown",0.7342,0.2658,"LOW"
42,"1","N2","T1","Other/Unknown",0.7362,0.2638,"LOW"
43,"1","N2","T1","Other/Unknown",0.7269,0.2731,"LOW"
44,"1","N2","T1","Other/Unknown",0.7036,0.2964,"LOW"
45,"1","N2","T1","Other/Unknown",0.686,0.314,"LOW"
46,"1","N2","T1","Other/Unknown",0.6699,0.3301,"LOW"
47,"1","N2","T1","Other/Unknown",0.6119,0.3881,"LOW"
48,"1","N2","T1","Other/Unknown",0.5806,0.4194,"LOW"
49,"1","N2","T1","Other/Unknown",0.5015,0.4985,"LOW"
50,"1","N2","T1","Other/Unknown",0.5273,0.4727,"LOW"
51,"1","N2","T1","Other/Unknown",0.4698,0.5302,"HIGH"
52,"1","N2","T1","Other/Unknown",0.463,0.537,"HIGH"
53,"1","N2","T1","Other/Unknown",0.4569,0.5431,"HIGH"
54,"1","N2","T1","Other/Unknown",0.4677,0.5323,"HIGH"
55,"1","N2","T1","Other/Unknown",0.4881,0.5119,"HIGH"
56,"1","N2","T1","Other/Unknown",0.4981,0.5019,"HIGH"
57,"1","N2","T1","Other/Unknown",0.5161,0.4839,"LOW"
58,"1","N2","T1","Other/Unknown",0.5173,0.4827,"LOW"
59,"1","N2","T1","Other/Unknown",0.5642,0.4358,"LOW"
60,"1","N2","T1","Other/Unknown",0.6044,0.3956,"LOW"
61,"1","N2","T1","Other/Unknown",0.5855,0.4145,"LOW"
62,"1","N2","T1","Other/Unknown",0.5693,0.4307,"LOW"
63,"1","N2","T1","Other/Unknown",0.5617,0.4383,"LOW"
64,"1","N2","T1","Other/Unknown",0.6146,0.3854,"LOW"
65,"1","N2","T1","Other/Unknown",0.6106,0.3894,"LOW"
66,"1","N2","T1","Other/Unknown",0.5991,0.4009,"LOW"
67,"1","N2","T1","Other/Unknown",0.6309,0.3691,"LOW"
68,"1","N2","T1","Other/Unknown",0.6445,0.3555,"LOW"
69,"1","N2","T1","Other/Unknown",0.6583,0.3417,"LOW"
70,"1","N2","T1","Other/Unknown",0.681,0.319,"LOW"
71,"1","N2","T1","Other/Unknown",0.6926,0.3074,"LOW"
72,"1","N2","T1","Other/Unknown",0.7113,0.2887,"LOW"
73,"1","N2","T1","Other/Unknown",0.731,0.269,"LOW"
74,"1","N2","T1","Other/Unknown",0.742,0.258,"LOW"
75,"1","N2","T1","Other/Unknown",0.7342,0.2658,"LOW"
76,"1","N2","T1","Other/Unknown",0.7339,0.2661,"LOW"
77,"1","N2","T1","Other/Unknown",0.7282,0.2718,"LOW"
78,"1","N2","T1","Other/Unknown",0.7199,0.2801,"LOW"
79,"1","N2","T1","Other/Unknown",0.7,0.3,"LOW"
80,"1","N2","T1","Other/Unknown",0.6284,0.3716,"LOW"
81,"1","N2","T1","Other/Unknown",0.5327,0.4673,"LOW"
82,"1","N2","T1","Other/Unknown",0.5195,0.4805,"LOW"
83,"1","N2","T1","Other/Unknown",0.5072,0.4928,"LOW"
84,"1","N2","T1","Other/Unknown",0.4909,0.5091,"HIGH"
85,"1","N2","T1","Other/Unknown",0.4833,0.5167,"HIGH"
86,"1","N2","T1","Other/Unknown",0.4722,0.5278,"HIGH"
87,"1","N2","T1","Other/Unknown",0.4694,0.5306,"HIGH"
88,"1","N2","T1","Other/Unknown",0.4698,0.5302,"HIGH"
89,"1","N2","T1","Other/Unknown",0.4456,0.5544,"HIGH"
90,"1","N2","T1","Other/Unknown",0.4148,0.5852,"HIGH"
91,"1","N2","T1","Other/Unknown",0.4148,0.5852,"HIGH"
92,"1","N2","T1","Other/Unknown",0.4148,0.5852,"HIGH"
93,"1","N2","T1","Other/Unknown",0.4148,0.5852,"HIGH"
94,"1","N2","T1","Other/Unknown",0.4148,0.5852,"HIGH"
95,"1","N2","T1","Other/Unknown",0.4148,0.5852,"HIGH"
96,"1","N2","T1","Other/Unknown",0.4148,0.5852,"HIGH"
97,"1","N2","T1","Other/Unknown",0.4148,0.5852,"HIGH"
98,"1","N2","T1","Other/Unknown",0.4148,0.5852,"HIGH"
99,"1","N2","T1","Other/Unknown",0.4148,0.5852,"HIGH"
0,"2","N2","T1","Other/Unknown",0.529,0.471,"LOW"
1,"2","N2","T1","Other/Unknown",0.529,0.471,"LOW"
2,"2","N2","T1","Other/Unknown",0.529,0.471,"LOW"
3,"2","N2","T1","Other/Unknown",0.529,0.471,"LOW"
4,"2","N2","T1","Other/Unknown",0.529,0.471,"LOW"
5,"2","N2","T1","Other/Unknown",0.529,0.471,"LOW"
6,"2","N2","T1","Other/Unknown",0.529,0.471,"LOW"
7,"2","N2","T1","Other/Unknown",0.529,0.471,"LOW"
8,"2","N2","T1","Other/Unknown",0.529,0.471,"LOW"
9,"2","N2","T1","Other/Unknown",0.529,0.471,"LOW"
10,"2","N2","T1","Other/Unknown",0.529,0.471,"LOW"
11,"2","N2","T1","Other/Unknown",0.529,0.471,"LOW"
12,"2","N2","T1","Other/Unknown",0.529,0.471,"LOW"
13,"2","N2","T1","Other/Unknown",0.529,0.471,"LOW"
14,"2","N2","T1","Other/Unknown",0.529,0.471,"LOW"
15,"2","N2","T1","Other/Unknown",0.529,0.471,"LOW"
16,"2","N2","T1","Other/Unknown",0.529,0.471,"LOW"
17,"2","N2","T1","Other/Unknown",0.5289,0.4711,"LOW"
18,"2","N2","T1","Other/Unknown",0.5289,0.4711,"LOW"
19,"2","N2","T1","Other/Unknown",0.5269,0.4731,"LOW"
20,"2","N2","T1","Other/Unknown",0.5269,0.4731,"LOW"
21,"2","N2","T1","Other/Unknown",0.5269,0.4731,"LOW"
22,"2","N2","T1","Other/Unknown",0.5229,0.4771,"LOW"
23,"2","N2","T1","Other/Unknown",0.5215,0.4785,"LOW"
24,"2","N2","T1","Other/Unknown",0.5217,0.4783,"LOW"
25,"2","N2","T1","Other/Unknown",0.5217,0.4783,"LOW"
26,"2","N2","T1","Other/Unknown",0.5172,0.4828,"LOW"
27,"2","N2","T1","Other/Unknown",0.5108,0.4892,"LOW"
28,"2","N2","T1","Other/Unknown",0.5108,0.4892,"LOW"
29,"2","N2","T1","Other/Unknown",0.5071,0.4929,"LOW"
30,"2","N2","T1","Other/Unknown",0.5071,0.4929,"LOW"
31,"2","N2","T1","Other/Unknown",0.5071,0.4929,"LOW"
32,"2","N2","T1","Other/Unknown",0.5071,0.4929,"LOW"
33,"2","N2","T1","Other/Unknown",0.4909,0.5091,"HIGH"
34,"2","N2","T1","Other/Unknown",0.5231,0.4769,"LOW"
35,"2","N2","T1","Other/Unknown",0.5541,0.4459,"LOW"
36,"2","N2","T1","Other/Unknown",0.5673,0.4327,"LOW"
37,"2","N2","T1","Other/Unknown",0.5852,0.4148,"LOW"
38,"2","N2","T1","Other/Unknown",0.6029,0.3971,"LOW"
39,"2","N2","T1","Other/Unknown",0.6234,0.3766,"LOW"
40,"2","N2","T1","Other/Unknown",0.6415,0.3585,"LOW"
41,"2","N2","T1","Other/Unknown",0.6636,0.3364,"LOW"
42,"2","N2","T1","Other/Unknown",0.6804,0.3196,"LOW"
43,"2","N2","T1","Other/Unknown",0.6879,0.3121,"LOW"
44,"2","N2","T1","Other/Unknown",0.6841,0.3159,"LOW"
45,"2","N2","T1","Other/Unknown",0.6913,0.3087,"LOW"
46,"2","N2","T1","Other/Unknown",0.7099,0.2901,"LOW"
47,"2","N2","T1","Other/Unknown",0.7147,0.2853,"LOW"
48,"2","N2","T1","Other/Unknown",0.7295,0.2705,"LOW"
49,"2","N2","T1","Other/Unknown",0.6871,0.3129,"LOW"
50,"2","N2","T1","Other/Unknown",0.6965,0.3035,"LOW"
51,"2","N2","T1","Other/Unknown",0.6239,0.3761,"LOW"
52,"2","N2","T1","Other/Unknown",0.655,0.345,"LOW"
53,"2","N2","T1","Other/Unknown",0.6854,0.3146,"LOW"
54,"2","N2","T1","Other/Unknown",0.7156,0.2844,"LOW"
55,"2","N2","T1","Other/Unknown",0.7544,0.2456,"LOW"
56,"2","N2","T1","Other/Unknown",0.7806,0.2194,"LOW"
57,"2","N2","T1","Other/Unknown",0.8133,0.1867,"LOW"
58,"2","N2","T1","Other/Unknown",0.8135,0.1865,"LOW"
59,"2","N2","T1","Other/Unknown",0.823,0.177,"LOW"
60,"2","N2","T1","Other/Unknown",0.8285,0.1715,"LOW"
61,"2","N2","T1","Other/Unknown",0.814,0.186,"LOW"
62,"2","N2","T1","Other/Unknown",0.8037,0.1963,"LOW"
63,"2","N2","T1","Other/Unknown",0.7808,0.2192,"LOW"
64,"2","N2","T1","Other/Unknown",0.7563,0.2437,"LOW"
65,"2","N2","T1","Other/Unknown",0.7025,0.2975,"LOW"
66,"2","N2","T1","Other/Unknown",0.6576,0.3424,"LOW"
67,"2","N2","T1","Other/Unknown",0.7352,0.2648,"LOW"
68,"2","N2","T1","Other/Unknown",0.8036,0.1964,"LOW"
69,"2","N2","T1","Other/Unknown",0.8048,0.1952,"LOW"
70,"2","N2","T1","Other/Unknown",0.8055,0.1945,"LOW"
71,"2","N2","T1","Other/Unknown",0.803,0.197,"LOW"
72,"2","N2","T1","Other/Unknown",0.8017,0.1983,"LOW"
73,"2","N2","T1","Other/Unknown",0.8012,0.1988,"LOW"
74,"2","N2","T1","Other/Unknown",0.7971,0.2029,"LOW"
75,"2","N2","T1","Other/Unknown",0.7871,0.2129,"LOW"
76,"2","N2","T1","Other/Unknown",0.7943,0.2057,"LOW"
77,"2","N2","T1","Other/Unknown",0.7916,0.2084,"LOW"
78,"2","N2","T1","Other/Unknown",0.7873,0.2127,"LOW"
79,"2","N2","T1","Other/Unknown",0.7831,0.2169,"LOW"
80,"2","N2","T1","Other/Unknown",0.7591,0.2409,"LOW"
81,"2","N2","T1","Other/Unknown",0.7231,0.2769,"LOW"
82,"2","N2","T1","Other/Unknown",0.7084,0.2916,"LOW"
83,"2","N2","T1","Other/Unknown",0.7004,0.2996,"LOW"
84,"2","N2","T1","Other/Unknown",0.6904,0.3096,"LOW"
85,"2","N2","T1","Other/Unknown",0.6865,0.3135,"LOW"
86,"2","N2","T1","Other/Unknown",0.6818,0.3182,"LOW"
87,"2","N2","T1","Other/Unknown",0.6808,0.3192,"LOW"
88,"2","N2","T1","Other/Unknown",0.6767,0.3233,"LOW"
89,"2","N2","T1","Other/Unknown",0.6623,0.3377,"LOW"
90,"2","N2","T1","Other/Unknown",0.6437,0.3563,"LOW"
91,"2","N2","T1","Other/Unknown",0.6437,0.3563,"LOW"
92,"2","N2","T1","Other/Unknown",0.6437,0.3563,"LOW"
93,"2","N2","T1","Other/Unknown",0.6437,0.3563,"LOW"
94,"2","N2","T1","Other/Unknown",0.6437,0.3563,"LOW"
95,"2","N2","T1","Other/Unknown",0.6437,0.3563,"LOW"
96,"2","N2","T1","Other/Unknown",0.6437,0.3563,"LOW"
97,"2","N2","T1","Other/Unknown",0.6437,0.3563,"LOW"
98,"2","N2","T1","Other/Unknown",0.6437,0.3563,"LOW"
99,"2","N2","T1","Other/Unknown",0.6437,0.3563,"LOW"
0,"1","Other/Unknown","T1","Other/Unknown",0.9601,0.0399,"LOW"
1,"1","Other/Unknown","T1","Other/Unknown",0.9601,0.0399,"LOW"
2,"1","Other/Unknown","T1","Other/Unknown",0.9601,0.0399,"LOW"
3,"1","Other/Unknown","T1","Other/Unknown",0.9601,0.0399,"LOW"
4,"1","Other/Unknown","T1","Other/Unknown",0.9601,0.0399,"LOW"
5,"1","Other/Unknown","T1","Other/Unknown",0.9601,0.0399,"LOW"
6,"1","Other/Unknown","T1","Other/Unknown",0.9601,0.0399,"LOW"
7,"1","Other/Unknown","T1","Other/Unknown",0.9601,0.0399,"LOW"
8,"1","Other/Unknown","T1","Other/Unknown",0.9601,0.0399,"LOW"
9,"1","Other/Unknown","T1","Other/Unknown",0.9601,0.0399,"LOW"
10,"1","Other/Unknown","T1","Other/Unknown",0.9599,0.0401,"LOW"
11,"1","Other/Unknown","T1","Other/Unknown",0.9599,0.0401,"LOW"
12,"1","Other/Unknown","T1","Other/Unknown",0.9599,0.0401,"LOW"
13,"1","Other/Unknown","T1","Other/Unknown",0.9599,0.0401,"LOW"
14,"1","Other/Unknown","T1","Other/Unknown",0.9599,0.0401,"LOW"
15,"1","Other/Unknown","T1","Other/Unknown",0.9599,0.0401,"LOW"
16,"1","Other/Unknown","T1","Other/Unknown",0.9597,0.0403,"LOW"
17,"1","Other/Unknown","T1","Other/Unknown",0.9597,0.0403,"LOW"
18,"1","Other/Unknown","T1","Other/Unknown",0.9597,0.0403,"LOW"
19,"1","Other/Unknown","T1","Other/Unknown",0.9597,0.0403,"LOW"
20,"1","Other/Unknown","T1","Other/Unknown",0.9595,0.0405,"LOW"
21,"1","Other/Unknown","T1","Other/Unknown",0.9595,0.0405,"LOW"
22,"1","Other/Unknown","T1","Other/Unknown",0.9595,0.0405,"LOW"
23,"1","Other/Unknown","T1","Other/Unknown",0.9585,0.0415,"LOW"
24,"1","Other/Unknown","T1","Other/Unknown",0.9583,0.0417,"LOW"
25,"1","Other/Unknown","T1","Other/Unknown",0.9583,0.0417,"LOW"
26,"1","Other/Unknown","T1","Other/Unknown",0.9577,0.0423,"LOW"
27,"1","Other/Unknown","T1","Other/Unknown",0.9571,0.0429,"LOW"
28,"1","Other/Unknown","T1","Other/Unknown",0.9563,0.0437,"LOW"
29,"1","Other/Unknown","T1","Other/Unknown",0.9555,0.0445,"LOW"
30,"1","Other/Unknown","T1","Other/Unknown",0.9551,0.0449,"LOW"
31,"1","Other/Unknown","T1","Other/Unknown",0.9527,0.0473,"LOW"
32,"1","Other/Unknown","T1","Other/Unknown",0.9516,0.0484,"LOW"
33,"1","Other/Unknown","T1","Other/Unknown",0.9503,0.0497,"LOW"
34,"1","Other/Unknown","T1","Other/Unknown",0.9477,0.0523,"LOW"
35,"1","Other/Unknown","T1","Other/Unknown",0.9441,0.0559,"LOW"
36,"1","Other/Unknown","T1","Other/Unknown",0.9428,0.0572,"LOW"
37,"1","Other/Unknown","T1","Other/Unknown",0.9413,0.0587,"LOW"
38,"1","Other/Unknown","T1","Other/Unknown",0.9402,0.0598,"LOW"
39,"1","Other/Unknown","T1","Other/Unknown",0.9353,0.0647,"LOW"
40,"1","Other/Unknown","T1","Other/Unknown",0.9305,0.0695,"LOW"
41,"1","Other/Unknown","T1","Other/Unknown",0.9239,0.0761,"LOW"
42,"1","Other/Unknown","T1","Other/Unknown",0.9092,0.0908,"LOW"
43,"1","Other/Unknown","T1","Other/Unknown",0.8908,0.1092,"LOW"
44,"1","Other/Unknown","T1","Other/Unknown",0.8575,0.1425,"LOW"
45,"1","Other/Unknown","T1","Other/Unknown",0.9102,0.0898,"LOW"
46,"1","Other/Unknown","T1","Other/Unknown",0.9137,0.0863,"LOW"
47,"1","Other/Unknown","T1","Other/Unknown",0.9045,0.0955,"LOW"
48,"1","Other/Unknown","T1","Other/Unknown",0.8577,0.1423,"LOW"
49,"1","Other/Unknown","T1","Other/Unknown",0.9223,0.0777,"LOW"
50,"1","Other/Unknown","T1","Other/Unknown",0.936,0.064,"LOW"
51,"1","Other/Unknown","T1","Other/Unknown",0.9331,0.0669,"LOW"
52,"1","Other/Unknown","T1","Other/Unknown",0.9405,0.0595,"LOW"
53,"1","Other/Unknown","T1","Other/Unknown",0.9427,0.0573,"LOW"
54,"1","Other/Unknown","T1","Other/Unknown",0.9419,0.0581,"LOW"
55,"1","Other/Unknown","T1","Other/Unknown",0.932,0.068,"LOW"
56,"1","Other/Unknown","T1","Other/Unknown",0.9436,0.0564,"LOW"
57,"1","Other/Unknown","T1","Other/Unknown",0.945,0.055,"LOW"
58,"1","Other/Unknown","T1","Other/Unknown",0.9455,0.0545,"LOW"
59,"1","Other/Unknown","T1","Other/Unknown",0.9446,0.0554,"LOW"
60,"1","Other/Unknown","T1","Other/Unknown",0.9425,0.0575,"LOW"
61,"1","Other/Unknown","T1","Other/Unknown",0.9331,0.0669,"LOW"
62,"1","Other/Unknown","T1","Other/Unknown",0.9348,0.0652,"LOW"
63,"1","Other/Unknown","T1","Other/Unknown",0.9415,0.0585,"LOW"
64,"1","Other/Unknown","T1","Other/Unknown",0.9422,0.0578,"LOW"
65,"1","Other/Unknown","T1","Other/Unknown",0.9436,0.0564,"LOW"
66,"1","Other/Unknown","T1","Other/Unknown",0.9421,0.0579,"LOW"
67,"1","Other/Unknown","T1","Other/Unknown",0.936,0.064,"LOW"
68,"1","Other/Unknown","T1","Other/Unknown",0.9397,0.0603,"LOW"
69,"1","Other/Unknown","T1","Other/Unknown",0.9388,0.0612,"LOW"
70,"1","Other/Unknown","T1","Other/Unknown",0.9244,0.0756,"LOW"
71,"1","Other/Unknown","T1","Other/Unknown",0.9236,0.0764,"LOW"
72,"1","Other/Unknown","T1","Other/Unknown",0.9187,0.0813,"LOW"
73,"1","Other/Unknown","T1","Other/Unknown",0.9101,0.0899,"LOW"
74,"1","Other/Unknown","T1","Other/Unknown",0.9346,0.0654,"LOW"
75,"1","Other/Unknown","T1","Other/Unknown",0.9432,0.0568,"LOW"
76,"1","Other/Unknown","T1","Other/Unknown",0.9478,0.0522,"LOW"
77,"1","Other/Unknown","T1","Other/Unknown",0.9481,0.0519,"LOW"
78,"1","Other/Unknown","T1","Other/Unknown",0.9514,0.0486,"LOW"
79,"1","Other/Unknown","T1","Other/Unknown",0.9519,0.0481,"LOW"
80,"1","Other/Unknown","T1","Other/Unknown",0.9522,0.0478,"LOW"
81,"1","Other/Unknown","T1","Other/Unknown",0.9529,0.0471,"LOW"
82,"1","Other/Unknown","T1","Other/Unknown",0.9516,0.0484,"LOW"
83,"1","Other/Unknown","T1","Other/Unknown",0.9516,0.0484,"LOW"
84,"1","Other/Unknown","T1","Other/Unknown",0.9471,0.0529,"LOW"
85,"1","Other/Unknown","T1","Other/Unknown",0.9428,0.0572,"LOW"
86,"1","Other/Unknown","T1","Other/Unknown",0.9384,0.0616,"LOW"
87,"1","Other/Unknown","T1","Other/Unknown",0.9284,0.0716,"LOW"
88,"1","Other/Unknown","T1","Other/Unknown",0.8491,0.1509,"LOW"
89,"1","Other/Unknown","T1","Other/Unknown",0.9024,0.0976,"LOW"
90,"1","Other/Unknown","T1","Other/Unknown",0.9446,0.0554,"LOW"
91,"1","Other/Unknown","T1","Other/Unknown",0.9446,0.0554,"LOW"
92,"1","Other/Unknown","T1","Other/Unknown",0.9446,0.0554,"LOW"
93,"1","Other/Unknown","T1","Other/Unknown",0.9446,0.0554,"LOW"
94,"1","Other/Unknown","T1","Other/Unknown",0.9446,0.0554,"LOW"
95,"1","Other/Unknown","T1","Other/Unknown",0.9446,0.0554,"LOW"
96,"1","Other/Unknown","T1","Other/Unknown",0.9446,0.0554,"LOW"
97,"1","Other/Unknown","T1","Other/Unknown",0.9446,0.0554,"LOW"
98,"1","Other/Unknown","T1","Other/Unknown",0.9446,0.0554,"LOW"
99,"1","Other/Unknown","T1","Other/Unknown",0.9446,0.0554,"LOW"
0,"2","Other/Unknown","T1","Other/Unknown",0.9721,0.0279,"LOW"
1,"2","Other/Unknown","T1","Other/Unknown",0.9721,0.0279,"LOW"
2,"2","Other/Unknown","T1","Other/Unknown",0.9721,0.0279,"LOW"
3,"2","Other/Unknown","T1","Other/Unknown",0.972,0.028,"LOW"
4,"2","Other/Unknown","T1","Other/Unknown",0.972,0.028,"LOW"
5,"2","Other/Unknown","T1","Other/Unknown",0.972,0.028,"LOW"
6,"2","Other/Unknown","T1","Other/Unknown",0.972,0.028,"LOW"
7,"2","Other/Unknown","T1","Other/Unknown",0.972,0.028,"LOW"
8,"2","Other/Unknown","T1","Other/Unknown",0.972,0.028,"LOW"
9,"2","Other/Unknown","T1","Other/Unknown",0.972,0.028,"LOW"
10,"2","Other/Unknown","T1","Other/Unknown",0.972,0.028,"LOW"
11,"2","Other/Unknown","T1","Other/Unknown",0.972,0.028,"LOW"
12,"2","Other/Unknown","T1","Other/Unknown",0.972,0.028,"LOW"
13,"2","Other/Unknown","T1","Other/Unknown",0.972,0.028,"LOW"
14,"2","Other/Unknown","T1","Other/Unknown",0.972,0.028,"LOW"
15,"2","Other/Unknown","T1","Other/Unknown",0.972,0.028,"LOW"
16,"2","Other/Unknown","T1","Other/Unknown",0.972,0.028,"LOW"
17,"2","Other/Unknown","T1","Other/Unknown",0.972,0.028,"LOW"
18,"2","Other/Unknown","T1","Other/Unknown",0.972,0.028,"LOW"
19,"2","Other/Unknown","T1","Other/Unknown",0.972,0.028,"LOW"
20,"2","Other/Unknown","T1","Other/Unknown",0.9718,0.0282,"LOW"
21,"2","Other/Unknown","T1","Other/Unknown",0.9718,0.0282,"LOW"
22,"2","Other/Unknown","T1","Other/Unknown",0.9718,0.0282,"LOW"
23,"2","Other/Unknown","T1","Other/Unknown",0.9716,0.0284,"LOW"
24,"2","Other/Unknown","T1","Other/Unknown",0.9712,0.0288,"LOW"
25,"2","Other/Unknown","T1","Other/Unknown",0.9712,0.0288,"LOW"
26,"2","Other/Unknown","T1","Other/Unknown",0.9711,0.0289,"LOW"
27,"2","Other/Unknown","T1","Other/Unknown",0.9707,0.0293,"LOW"
28,"2","Other/Unknown","T1","Other/Unknown",0.9703,0.0297,"LOW"
29,"2","Other/Unknown","T1","Other/Unknown",0.9701,0.0299,"LOW"
30,"2","Other/Unknown","T1","Other/Unknown",0.9697,0.0303,"LOW"
31,"2","Other/Unknown","T1","Other/Unknown",0.9691,0.0309,"LOW"
32,"2","Other/Unknown","T1","Other/Unknown",0.9683,0.0317,"LOW"
33,"2","Other/Unknown","T1","Other/Unknown",0.9681,0.0319,"LOW"
34,"2","Other/Unknown","T1","Other/Unknown",0.9677,0.0323,"LOW"
35,"2","Other/Unknown","T1","Other/Unknown",0.9669,0.0331,"LOW"
36,"2","Other/Unknown","T1","Other/Unknown",0.9661,0.0339,"LOW"
37,"2","Other/Unknown","T1","Other/Unknown",0.9659,0.0341,"LOW"
38,"2","Other/Unknown","T1","Other/Unknown",0.965,0.035,"LOW"
39,"2","Other/Unknown","T1","Other/Unknown",0.9645,0.0355,"LOW"
40,"2","Other/Unknown","T1","Other/Unknown",0.9642,0.0358,"LOW"
41,"2","Other/Unknown","T1","Other/Unknown",0.963,0.037,"LOW"
42,"2","Other/Unknown","T1","Other/Unknown",0.962,0.038,"LOW"
43,"2","Other/Unknown","T1","Other/Unknown",0.9615,0.0385,"LOW"
44,"2","Other/Unknown","T1","Other/Unknown",0.9567,0.0433,"LOW"
45,"2","Other/Unknown","T1","Other/Unknown",0.9598,0.0402,"LOW"
46,"2","Other/Unknown","T1","Other/Unknown",0.958,0.042,"LOW"
47,"2","Other/Unknown","T1","Other/Unknown",0.9567,0.0433,"LOW"
48,"2","Other/Unknown","T1","Other/Unknown",0.9567,0.0433,"LOW"
49,"2","Other/Unknown","T1","Other/Unknown",0.9557,0.0443,"LOW"
50,"2","Other/Unknown","T1","Other/Unknown",0.9544,0.0456,"LOW"
51,"2","Other/Unknown","T1","Other/Unknown",0.9531,0.0469,"LOW"
52,"2","Other/Unknown","T1","Other/Unknown",0.95,0.05,"LOW"
53,"2","Other/Unknown","T1","Other/Unknown",0.931,0.069,"LOW"
54,"2","Other/Unknown","T1","Other/Unknown",0.9428,0.0572,"LOW"
55,"2","Other/Unknown","T1","Other/Unknown",0.9403,0.0597,"LOW"
56,"2","Other/Unknown","T1","Other/Unknown",0.9367,0.0633,"LOW"
57,"2","Other/Unknown","T1","Other/Unknown",0.9324,0.0676,"LOW"
58,"2","Other/Unknown","T1","Other/Unknown",0.9161,0.0839,"LOW"
59,"2","Other/Unknown","T1","Other/Unknown",0.9203,0.0797,"LOW"
60,"2","Other/Unknown","T1","Other/Unknown",0.9048,0.0952,"LOW"
61,"2","Other/Unknown","T1","Other/Unknown",0.9173,0.0827,"LOW"
62,"2","Other/Unknown","T1","Other/Unknown",0.9125,0.0875,"LOW"
63,"2","Other/Unknown","T1","Other/Unknown",0.8916,0.1084,"LOW"
64,"2","Other/Unknown","T1","Other/Unknown",0.8968,0.1032,"LOW"
65,"2","Other/Unknown","T1","Other/Unknown",0.8953,0.1047,"LOW"
66,"2","Other/Unknown","T1","Other/Unknown",0.91,0.09,"LOW"
67,"2","Other/Unknown","T1","Other/Unknown",0.8878,0.1122,"LOW"
68,"2","Other/Unknown","T1","Other/Unknown",0.9146,0.0854,"LOW"
69,"2","Other/Unknown","T1","Other/Unknown",0.9032,0.0968,"LOW"
70,"2","Other/Unknown","T1","Other/Unknown",0.9043,0.0957,"LOW"
71,"2","Other/Unknown","T1","Other/Unknown",0.9171,0.0829,"LOW"
72,"2","Other/Unknown","T1","Other/Unknown",0.9213,0.0787,"LOW"
73,"2","Other/Unknown","T1","Other/Unknown",0.9237,0.0763,"LOW"
74,"2","Other/Unknown","T1","Other/Unknown",0.9274,0.0726,"LOW"
75,"2","Other/Unknown","T1","Other/Unknown",0.9291,0.0709,"LOW"
76,"2","Other/Unknown","T1","Other/Unknown",0.9217,0.0783,"LOW"
77,"2","Other/Unknown","T1","Other/Unknown",0.8939,0.1061,"LOW"
78,"2","Other/Unknown","T1","Other/Unknown",0.9175,0.0825,"LOW"
79,"2","Other/Unknown","T1","Other/Unknown",0.9265,0.0735,"LOW"
80,"2","Other/Unknown","T1","Other/Unknown",0.9267,0.0733,"LOW"
81,"2","Other/Unknown","T1","Other/Unknown",0.9262,0.0738,"LOW"
82,"2","Other/Unknown","T1","Other/Unknown",0.9237,0.0763,"LOW"
83,"2","Other/Unknown","T1","Other/Unknown",0.9121,0.0879,"LOW"
84,"2","Other/Unknown","T1","Other/Unknown",0.8509,0.1491,"LOW"
85,"2","Other/Unknown","T1","Other/Unknown",0.8784,0.1216,"LOW"
86,"2","Other/Unknown","T1","Other/Unknown",0.9003,0.0997,"LOW"
87,"2","Other/Unknown","T1","Other/Unknown",0.8743,0.1257,"LOW"
88,"2","Other/Unknown","T1","Other/Unknown",0.9169,0.0831,"LOW"
89,"2","Other/Unknown","T1","Other/Unknown",0.9268,0.0732,"LOW"
90,"2","Other/Unknown","T1","Other/Unknown",0.9369,0.0631,"LOW"
91,"2","Other/Unknown","T1","Other/Unknown",0.9369,0.0631,"LOW"
92,"2","Other/Unknown","T1","Other/Unknown",0.9369,0.0631,"LOW"
93,"2","Other/Unknown","T1","Other/Unknown",0.9369,0.0631,"LOW"
94,"2","Other/Unknown","T1","Other/Unknown",0.9369,0.0631,"LOW"
95,"2","Other/Unknown","T1","Other/Unknown",0.9369,0.0631,"LOW"
96,"2","Other/Unknown","T1","Other/Unknown",0.9369,0.0631,"LOW"
97,"2","Other/Unknown","T1","Other/Unknown",0.9369,0.0631,"LOW"
98,"2","Other/Unknown","T1","Other/Unknown",0.9369,0.0631,"LOW"
99,"2","Other/Unknown","T1","Other/Unknown",0.9369,0.0631,"LOW"
0,"1","N0","T2","Other/Unknown",0.9566,0.0434,"LOW"
1,"1","N0","T2","Other/Unknown",0.9566,0.0434,"LOW"
2,"1","N0","T2","Other/Unknown",0.9566,0.0434,"LOW"
3,"1","N0","T2","Other/Unknown",0.9566,0.0434,"LOW"
4,"1","N0","T2","Other/Unknown",0.9566,0.0434,"LOW"
5,"1","N0","T2","Other/Unknown",0.9566,0.0434,"LOW"
6,"1","N0","T2","Other/Unknown",0.9566,0.0434,"LOW"
7,"1","N0","T2","Other/Unknown",0.9566,0.0434,"LOW"
8,"1","N0","T2","Other/Unknown",0.9566,0.0434,"LOW"
9,"1","N0","T2","Other/Unknown",0.9566,0.0434,"LOW"
10,"1","N0","T2","Other/Unknown",0.9566,0.0434,"LOW"
11,"1","N0","T2","Other/Unknown",0.9566,0.0434,"LOW"
12,"1","N0","T2","Other/Unknown",0.9566,0.0434,"LOW"
13,"1","N0","T2","Other/Unknown",0.9566,0.0434,"LOW"
14,"1","N0","T2","Other/Unknown",0.9566,0.0434,"LOW"
15,"1","N0","T2","Other/Unknown",0.9566,0.0434,"LOW"
16,"1","N0","T2","Other/Unknown",0.9566,0.0434,"LOW"
17,"1","N0","T2","Other/Unknown",0.9566,0.0434,"LOW"
18,"1","N0","T2","Other/Unknown",0.9566,0.0434,"LOW"
19,"1","N0","T2","Other/Unknown",0.9566,0.0434,"LOW"
20,"1","N0","T2","Other/Unknown",0.9566,0.0434,"LOW"
21,"1","N0","T2","Other/Unknown",0.9565,0.0435,"LOW"
22,"1","N0","T2","Other/Unknown",0.9565,0.0435,"LOW"
23,"1","N0","T2","Other/Unknown",0.9561,0.0439,"LOW"
24,"1","N0","T2","Other/Unknown",0.954,0.046,"LOW"
25,"1","N0","T2","Other/Unknown",0.9515,0.0485,"LOW"
26,"1","N0","T2","Other/Unknown",0.951,0.049,"LOW"
27,"1","N0","T2","Other/Unknown",0.9549,0.0451,"LOW"
28,"1","N0","T2","Other/Unknown",0.9627,0.0373,"LOW"
29,"1","N0","T2","Other/Unknown",0.9635,0.0365,"LOW"
30,"1","N0","T2","Other/Unknown",0.9622,0.0378,"LOW"
31,"1","N0","T2","Other/Unknown",0.9589,0.0411,"LOW"
32,"1","N0","T2","Other/Unknown",0.9519,0.0481,"LOW"
33,"1","N0","T2","Other/Unknown",0.9398,0.0602,"LOW"
34,"1","N0","T2","Other/Unknown",0.8917,0.1083,"LOW"
35,"1","N0","T2","Other/Unknown",0.9401,0.0599,"LOW"
36,"1","N0","T2","Other/Unknown",0.9225,0.0775,"LOW"
37,"1","N0","T2","Other/Unknown",0.9541,0.0459,"LOW"
38,"1","N0","T2","Other/Unknown",0.9486,0.0514,"LOW"
39,"1","N0","T2","Other/Unknown",0.9568,0.0432,"LOW"
40,"1","N0","T2","Other/Unknown",0.96,0.04,"LOW"
41,"1","N0","T2","Other/Unknown",0.9614,0.0386,"LOW"
42,"1","N0","T2","Other/Unknown",0.962,0.038,"LOW"
43,"1","N0","T2","Other/Unknown",0.9619,0.0381,"LOW"
44,"1","N0","T2","Other/Unknown",0.9605,0.0395,"LOW"
45,"1","N0","T2","Other/Unknown",0.9557,0.0443,"LOW"
46,"1","N0","T2","Other/Unknown",0.9602,0.0398,"LOW"
47,"1","N0","T2","Other/Unknown",0.9604,0.0396,"LOW"
48,"1","N0","T2","Other/Unknown",0.9615,0.0385,"LOW"
49,"1","N0","T2","Other/Unknown",0.963,0.037,"LOW"
50,"1","N0","T2","Other/Unknown",0.9614,0.0386,"LOW"
51,"1","N0","T2","Other/Unknown",0.96,0.04,"LOW"
52,"1","N0","T2","Other/Unknown",0.9589,0.0411,"LOW"
53,"1","N0","T2","Other/Unknown",0.9588,0.0412,"LOW"
54,"1","N0","T2","Other/Unknown",0.9596,0.0404,"LOW"
55,"1","N0","T2","Other/Unknown",0.9605,0.0395,"LOW"
56,"1","N0","T2","Other/Unknown",0.9617,0.0383,"LOW"
57,"1","N0","T2","Other/Unknown",0.9605,0.0395,"LOW"
58,"1","N0","T2","Other/Unknown",0.9598,0.0402,"LOW"
59,"1","N0","T2","Other/Unknown",0.9579,0.0421,"LOW"
60,"1","N0","T2","Other/Unknown",0.9572,0.0428,"LOW"
61,"1","N0","T2","Other/Unknown",0.9571,0.0429,"LOW"
62,"1","N0","T2","Other/Unknown",0.9593,0.0407,"LOW"
63,"1","N0","T2","Other/Unknown",0.9608,0.0392,"LOW"
64,"1","N0","T2","Other/Unknown",0.9626,0.0374,"LOW"
65,"1","N0","T2","Other/Unknown",0.9601,0.0399,"LOW"
66,"1","N0","T2","Other/Unknown",0.9605,0.0395,"LOW"
67,"1","N0","T2","Other/Unknown",0.9597,0.0403,"LOW"
68,"1","N0","T2","Other/Unknown",0.9607,0.0393,"LOW"
69,"1","N0","T2","Other/Unknown",0.9578,0.0422,"LOW"
70,"1","N0","T2","Other/Unknown",0.961,0.039,"LOW"
71,"1","N0","T2","Other/Unknown",0.965,0.035,"LOW"
72,"1","N0","T2","Other/Unknown",0.9648,0.0352,"LOW"
73,"1","N0","T2","Other/Unknown",0.9645,0.0355,"LOW"
74,"1","N0","T2","Other/Unknown",0.9637,0.0363,"LOW"
75,"1","N0","T2","Other/Unknown",0.9643,0.0357,"LOW"
76,"1","N0","T2","Other/Unknown",0.9645,0.0355,"LOW"
77,"1","N0","T2","Other/Unknown",0.9649,0.0351,"LOW"
78,"1","N0","T2","Other/Unknown",0.9646,0.0354,"LOW"
79,"1","N0","T2","Other/Unknown",0.9603,0.0397,"LOW"
80,"1","N0","T2","Other/Unknown",0.9595,0.0405,"LOW"
81,"1","N0","T2","Other/Unknown",0.9576,0.0424,"LOW"
82,"1","N0","T2","Other/Unknown",0.9645,0.0355,"LOW"
83,"1","N0","T2","Other/Unknown",0.9682,0.0318,"LOW"
84,"1","N0","T2","Other/Unknown",0.9696,0.0304,"LOW"
85,"1","N0","T2","Other/Unknown",0.97,0.03,"LOW"
86,"1","N0","T2","Other/Unknown",0.9706,0.0294,"LOW"
87,"1","N0","T2","Other/Unknown",0.9657,0.0343,"LOW"
88,"1","N0","T2","Other/Unknown",0.9639,0.0361,"LOW"
89,"1","N0","T2","Other/Unknown",0.9715,0.0285,"LOW"
90,"1","N0","T2","Other/Unknown",0.9738,0.0262,"LOW"
91,"1","N0","T2","Other/Unknown",0.9738,0.0262,"LOW"
92,"1","N0","T2","Other/Unknown",0.9738,0.0262,"LOW"
93,"1","N0","T2","Other/Unknown",0.9738,0.0262,"LOW"
94,"1","N0","T2","Other/Unknown",0.9738,0.0262,"LOW"
95,"1","N0","T2","Other/Unknown",0.9738,0.0262,"LOW"
96,"1","N0","T2","Other/Unknown",0.9738,0.0262,"LOW"
97,"1","N0","T2","Other/Unknown",0.9738,0.0262,"LOW"
98,"1","N0","T2","Other/Unknown",0.9738,0.0262,"LOW"
99,"1","N0","T2","Other/Unknown",0.9738,0.0262,"LOW"
0,"2","N0","T2","Other/Unknown",0.9441,0.0559,"LOW"
1,"2","N0","T2","Other/Unknown",0.9441,0.0559,"LOW"
2,"2","N0","T2","Other/Unknown",0.9441,0.0559,"LOW"
3,"2","N0","T2","Other/Unknown",0.9441,0.0559,"LOW"
4,"2","N0","T2","Other/Unknown",0.9441,0.0559,"LOW"
5,"2","N0","T2","Other/Unknown",0.9441,0.0559,"LOW"
6,"2","N0","T2","Other/Unknown",0.9441,0.0559,"LOW"
7,"2","N0","T2","Other/Unknown",0.9441,0.0559,"LOW"
8,"2","N0","T2","Other/Unknown",0.9441,0.0559,"LOW"
9,"2","N0","T2","Other/Unknown",0.9441,0.0559,"LOW"
10,"2","N0","T2","Other/Unknown",0.9441,0.0559,"LOW"
11,"2","N0","T2","Other/Unknown",0.9441,0.0559,"LOW"
12,"2","N0","T2","Other/Unknown",0.9441,0.0559,"LOW"
13,"2","N0","T2","Other/Unknown",0.9441,0.0559,"LOW"
14,"2","N0","T2","Other/Unknown",0.944,0.056,"LOW"
15,"2","N0","T2","Other/Unknown",0.944,0.056,"LOW"
16,"2","N0","T2","Other/Unknown",0.944,0.056,"LOW"
17,"2","N0","T2","Other/Unknown",0.942,0.058,"LOW"
18,"2","N0","T2","Other/Unknown",0.942,0.058,"LOW"
19,"2","N0","T2","Other/Unknown",0.942,0.058,"LOW"
20,"2","N0","T2","Other/Unknown",0.942,0.058,"LOW"
21,"2","N0","T2","Other/Unknown",0.9439,0.0561,"LOW"
22,"2","N0","T2","Other/Unknown",0.9439,0.0561,"LOW"
23,"2","N0","T2","Other/Unknown",0.9325,0.0675,"LOW"
24,"2","N0","T2","Other/Unknown",0.9258,0.0742,"LOW"
25,"2","N0","T2","Other/Unknown",0.9164,0.0836,"LOW"
26,"2","N0","T2","Other/Unknown",0.9049,0.0951,"LOW"
27,"2","N0","T2","Other/Unknown",0.9304,0.0696,"LOW"
28,"2","N0","T2","Other/Unknown",0.9555,0.0445,"LOW"
29,"2","N0","T2","Other/Unknown",0.9675,0.0325,"LOW"
30,"2","N0","T2","Other/Unknown",0.9707,0.0293,"LOW"
31,"2","N0","T2","Other/Unknown",0.9736,0.0264,"LOW"
32,"2","N0","T2","Other/Unknown",0.9754,0.0246,"LOW"
33,"2","N0","T2","Other/Unknown",0.9769,0.0231,"LOW"
34,"2","N0","T2","Other/Unknown",0.9763,0.0237,"LOW"
35,"2","N0","T2","Other/Unknown",0.9766,0.0234,"LOW"
36,"2","N0","T2","Other/Unknown",0.9762,0.0238,"LOW"
37,"2","N0","T2","Other/Unknown",0.9749,0.0251,"LOW"
38,"2","N0","T2","Other/Unknown",0.9743,0.0257,"LOW"
39,"2","N0","T2","Other/Unknown",0.9676,0.0324,"LOW"
40,"2","N0","T2","Other/Unknown",0.9734,0.0266,"LOW"
41,"2","N0","T2","Other/Unknown",0.9707,0.0293,"LOW"
42,"2","N0","T2","Other/Unknown",0.974,0.026,"LOW"
43,"2","N0","T2","Other/Unknown",0.9753,0.0247,"LOW"
44,"2","N0","T2","Other/Unknown",0.9755,0.0245,"LOW"
45,"2","N0","T2","Other/Unknown",0.9756,0.0244,"LOW"
46,"2","N0","T2","Other/Unknown",0.975,0.025,"LOW"
47,"2","N0","T2","Other/Unknown",0.9724,0.0276,"LOW"
48,"2","N0","T2","Other/Unknown",0.9725,0.0275,"LOW"
49,"2","N0","T2","Other/Unknown",0.9667,0.0333,"LOW"
50,"2","N0","T2","Other/Unknown",0.9718,0.0282,"LOW"
51,"2","N0","T2","Other/Unknown",0.9738,0.0262,"LOW"
52,"2","N0","T2","Other/Unknown",0.9733,0.0267,"LOW"
53,"2","N0","T2","Other/Unknown",0.9739,0.0261,"LOW"
54,"2","N0","T2","Other/Unknown",0.9748,0.0252,"LOW"
55,"2","N0","T2","Other/Unknown",0.975,0.025,"LOW"
56,"2","N0","T2","Other/Unknown",0.9755,0.0245,"LOW"
57,"2","N0","T2","Other/Unknown",0.9778,0.0222,"LOW"
58,"2","N0","T2","Other/Unknown",0.9778,0.0222,"LOW"
59,"2","N0","T2","Other/Unknown",0.9778,0.0222,"LOW"
60,"2","N0","T2","Other/Unknown",0.9775,0.0225,"LOW"
61,"2","N0","T2","Other/Unknown",0.9762,0.0238,"LOW"
62,"2","N0","T2","Other/Unknown",0.9751,0.0249,"LOW"
63,"2","N0","T2","Other/Unknown",0.9773,0.0227,"LOW"
64,"2","N0","T2","Other/Unknown",0.9775,0.0225,"LOW"
65,"2","N0","T2","Other/Unknown",0.9752,0.0248,"LOW"
66,"2","N0","T2","Other/Unknown",0.9743,0.0257,"LOW"
67,"2","N0","T2","Other/Unknown",0.9769,0.0231,"LOW"
68,"2","N0","T2","Other/Unknown",0.976,0.024,"LOW"
69,"2","N0","T2","Other/Unknown",0.975,0.025,"LOW"
70,"2","N0","T2","Other/Unknown",0.9753,0.0247,"LOW"
71,"2","N0","T2","Other/Unknown",0.9774,0.0226,"LOW"
72,"2","N0","T2","Other/Unknown",0.9755,0.0245,"LOW"
73,"2","N0","T2","Other/Unknown",0.977,0.023,"LOW"
74,"2","N0","T2","Other/Unknown",0.9785,0.0215,"LOW"
75,"2","N0","T2","Other/Unknown",0.9783,0.0217,"LOW"
76,"2","N0","T2","Other/Unknown",0.9765,0.0235,"LOW"
77,"2","N0","T2","Other/Unknown",0.9779,0.0221,"LOW"
78,"2","N0","T2","Other/Unknown",0.9778,0.0222,"LOW"
79,"2","N0","T2","Other/Unknown",0.9722,0.0278,"LOW"
80,"2","N0","T2","Other/Unknown",0.9737,0.0263,"LOW"
81,"2","N0","T2","Other/Unknown",0.9742,0.0258,"LOW"
82,"2","N0","T2","Other/Unknown",0.9749,0.0251,"LOW"
83,"2","N0","T2","Other/Unknown",0.9768,0.0232,"LOW"
84,"2","N0","T2","Other/Unknown",0.9772,0.0228,"LOW"
85,"2","N0","T2","Other/Unknown",0.9743,0.0257,"LOW"
86,"2","N0","T2","Other/Unknown",0.975,0.025,"LOW"
87,"2","N0","T2","Other/Unknown",0.9637,0.0363,"LOW"
88,"2","N0","T2","Other/Unknown",0.9685,0.0315,"LOW"
89,"2","N0","T2","Other/Unknown",0.9764,0.0236,"LOW"
90,"2","N0","T2","Other/Unknown",0.9767,0.0233,"LOW"
91,"2","N0","T2","Other/Unknown",0.9767,0.0233,"LOW"
92,"2","N0","T2","Other/Unknown",0.9767,0.0233,"LOW"
93,"2","N0","T2","Other/Unknown",0.9767,0.0233,"LOW"
94,"2","N0","T2","Other/Unknown",0.9767,0.0233,"LOW"
95,"2","N0","T2","Other/Unknown",0.9767,0.0233,"LOW"
96,"2","N0","T2","Other/Unknown",0.9767,0.0233,"LOW"
97,"2","N0","T2","Other/Unknown",0.9767,0.0233,"LOW"
98,"2","N0","T2","Other/Unknown",0.9767,0.0233,"LOW"
99,"2","N0","T2","Other/Unknown",0.9767,0.0233,"LOW"
0,"1","N1","T2","Other/Unknown",0.8359,0.1641,"LOW"
1,"1","N1","T2","Other/Unknown",0.8359,0.1641,"LOW"
2,"1","N1","T2","Other/Unknown",0.8359,0.1641,"LOW"
3,"1","N1","T2","Other/Unknown",0.8359,0.1641,"LOW"
4,"1","N1","T2","Other/Unknown",0.8359,0.1641,"LOW"
5,"1","N1","T2","Other/Unknown",0.8359,0.1641,"LOW"
6,"1","N1","T2","Other/Unknown",0.8359,0.1641,"LOW"
7,"1","N1","T2","Other/Unknown",0.8359,0.1641,"LOW"
8,"1","N1","T2","Other/Unknown",0.8359,0.1641,"LOW"
9,"1","N1","T2","Other/Unknown",0.8359,0.1641,"LOW"
10,"1","N1","T2","Other/Unknown",0.8359,0.1641,"LOW"
11,"1","N1","T2","Other/Unknown",0.8359,0.1641,"LOW"
12,"1","N1","T2","Other/Unknown",0.8359,0.1641,"LOW"
13,"1","N1","T2","Other/Unknown",0.8359,0.1641,"LOW"
14,"1","N1","T2","Other/Unknown",0.8359,0.1641,"LOW"
15,"1","N1","T2","Other/Unknown",0.8359,0.1641,"LOW"
16,"1","N1","T2","Other/Unknown",0.8359,0.1641,"LOW"
17,"1","N1","T2","Other/Unknown",0.8359,0.1641,"LOW"
18,"1","N1","T2","Other/Unknown",0.8359,0.1641,"LOW"
19,"1","N1","T2","Other/Unknown",0.8353,0.1647,"LOW"
20,"1","N1","T2","Other/Unknown",0.8322,0.1678,"LOW"
21,"1","N1","T2","Other/Unknown",0.835,0.165,"LOW"
22,"1","N1","T2","Other/Unknown",0.8363,0.1637,"LOW"
23,"1","N1","T2","Other/Unknown",0.8376,0.1624,"LOW"
24,"1","N1","T2","Other/Unknown",0.832,0.168,"LOW"
25,"1","N1","T2","Other/Unknown",0.8298,0.1702,"LOW"
26,"1","N1","T2","Other/Unknown",0.7969,0.2031,"LOW"
27,"1","N1","T2","Other/Unknown",0.7606,0.2394,"LOW"
28,"1","N1","T2","Other/Unknown",0.7899,0.2101,"LOW"
29,"1","N1","T2","Other/Unknown",0.8304,0.1696,"LOW"
30,"1","N1","T2","Other/Unknown",0.8235,0.1765,"LOW"
31,"1","N1","T2","Other/Unknown",0.8274,0.1726,"LOW"
32,"1","N1","T2","Other/Unknown",0.8004,0.1996,"LOW"
33,"1","N1","T2","Other/Unknown",0.8742,0.1258,"LOW"
34,"1","N1","T2","Other/Unknown",0.891,0.109,"LOW"
35,"1","N1","T2","Other/Unknown",0.8964,0.1036,"LOW"
36,"1","N1","T2","Other/Unknown",0.8976,0.1024,"LOW"
37,"1","N1","T2","Other/Unknown",0.8995,0.1005,"LOW"
38,"1","N1","T2","Other/Unknown",0.8987,0.1013,"LOW"
39,"1","N1","T2","Other/Unknown",0.8926,0.1074,"LOW"
40,"1","N1","T2","Other/Unknown",0.8902,0.1098,"LOW"
41,"1","N1","T2","Other/Unknown",0.8885,0.1115,"LOW"
42,"1","N1","T2","Other/Unknown",0.8735,0.1265,"LOW"
43,"1","N1","T2","Other/Unknown",0.8781,0.1219,"LOW"
44,"1","N1","T2","Other/Unknown",0.8845,0.1155,"LOW"
45,"1","N1","T2","Other/Unknown",0.8903,0.1097,"LOW"
46,"1","N1","T2","Other/Unknown",0.88,0.12,"LOW"
47,"1","N1","T2","Other/Unknown",0.8842,0.1158,"LOW"
48,"1","N1","T2","Other/Unknown",0.8944,0.1056,"LOW"
49,"1","N1","T2","Other/Unknown",0.8934,0.1066,"LOW"
50,"1","N1","T2","Other/Unknown",0.8811,0.1189,"LOW"
51,"1","N1","T2","Other/Unknown",0.886,0.114,"LOW"
52,"1","N1","T2","Other/Unknown",0.8757,0.1243,"LOW"
53,"1","N1","T2","Other/Unknown",0.8829,0.1171,"LOW"
54,"1","N1","T2","Other/Unknown",0.8903,0.1097,"LOW"
55,"1","N1","T2","Other/Unknown",0.8823,0.1177,"LOW"
56,"1","N1","T2","Other/Unknown",0.8761,0.1239,"LOW"
57,"1","N1","T2","Other/Unknown",0.8879,0.1121,"LOW"
58,"1","N1","T2","Other/Unknown",0.8962,0.1038,"LOW"
59,"1","N1","T2","Other/Unknown",0.8985,0.1015,"LOW"
60,"1","N1","T2","Other/Unknown",0.8955,0.1045,"LOW"
61,"1","N1","T2","Other/Unknown",0.8813,0.1187,"LOW"
62,"1","N1","T2","Other/Unknown",0.8892,0.1108,"LOW"
63,"1","N1","T2","Other/Unknown",0.8842,0.1158,"LOW"
64,"1","N1","T2","Other/Unknown",0.8917,0.1083,"LOW"
65,"1","N1","T2","Other/Unknown",0.8893,0.1107,"LOW"
66,"1","N1","T2","Other/Unknown",0.8933,0.1067,"LOW"
67,"1","N1","T2","Other/Unknown",0.9004,0.0996,"LOW"
68,"1","N1","T2","Other/Unknown",0.9018,0.0982,"LOW"
69,"1","N1","T2","Other/Unknown",0.8924,0.1076,"LOW"
70,"1","N1","T2","Other/Unknown",0.888,0.112,"LOW"
71,"1","N1","T2","Other/Unknown",0.9033,0.0967,"LOW"
72,"1","N1","T2","Other/Unknown",0.9072,0.0928,"LOW"
73,"1","N1","T2","Other/Unknown",0.8985,0.1015,"LOW"
74,"1","N1","T2","Other/Unknown",0.9031,0.0969,"LOW"
75,"1","N1","T2","Other/Unknown",0.9012,0.0988,"LOW"
76,"1","N1","T2","Other/Unknown",0.9122,0.0878,"LOW"
77,"1","N1","T2","Other/Unknown",0.914,0.086,"LOW"
78,"1","N1","T2","Other/Unknown",0.9138,0.0862,"LOW"
79,"1","N1","T2","Other/Unknown",0.9083,0.0917,"LOW"
80,"1","N1","T2","Other/Unknown",0.9113,0.0887,"LOW"
81,"1","N1","T2","Other/Unknown",0.8877,0.1123,"LOW"
82,"1","N1","T2","Other/Unknown",0.9135,0.0865,"LOW"
83,"1","N1","T2","Other/Unknown",0.9158,0.0842,"LOW"
84,"1","N1","T2","Other/Unknown",0.9157,0.0843,"LOW"
85,"1","N1","T2","Other/Unknown",0.9146,0.0854,"LOW"
86,"1","N1","T2","Other/Unknown",0.902,0.098,"LOW"
87,"1","N1","T2","Other/Unknown",0.9186,0.0814,"LOW"
88,"1","N1","T2","Other/Unknown",0.9216,0.0784,"LOW"
89,"1","N1","T2","Other/Unknown",0.9126,0.0874,"LOW"
90,"1","N1","T2","Other/Unknown",0.8925,0.1075,"LOW"
91,"1","N1","T2","Other/Unknown",0.8925,0.1075,"LOW"
92,"1","N1","T2","Other/Unknown",0.8925,0.1075,"LOW"
93,"1","N1","T2","Other/Unknown",0.8925,0.1075,"LOW"
94,"1","N1","T2","Other/Unknown",0.8925,0.1075,"LOW"
95,"1","N1","T2","Other/Unknown",0.8925,0.1075,"LOW"
96,"1","N1","T2","Other/Unknown",0.8925,0.1075,"LOW"
97,"1","N1","T2","Other/Unknown",0.8925,0.1075,"LOW"
98,"1","N1","T2","Other/Unknown",0.8925,0.1075,"LOW"
99,"1","N1","T2","Other/Unknown",0.8925,0.1075,"LOW"
0,"2","N1","T2","Other/Unknown",0.9415,0.0585,"LOW"
1,"2","N1","T2","Other/Unknown",0.9415,0.0585,"LOW"
2,"2","N1","T2","Other/Unknown",0.9415,0.0585,"LOW"
3,"2","N1","T2","Other/Unknown",0.9415,0.0585,"LOW"
4,"2","N1","T2","Other/Unknown",0.9415,0.0585,"LOW"
5,"2","N1","T2","Other/Unknown",0.9415,0.0585,"LOW"
6,"2","N1","T2","Other/Unknown",0.9415,0.0585,"LOW"
7,"2","N1","T2","Other/Unknown",0.9415,0.0585,"LOW"
8,"2","N1","T2","Other/Unknown",0.9415,0.0585,"LOW"
9,"2","N1","T2","Other/Unknown",0.9415,0.0585,"LOW"
10,"2","N1","T2","Other/Unknown",0.9415,0.0585,"LOW"
11,"2","N1","T2","Other/Unknown",0.9415,0.0585,"LOW"
12,"2","N1","T2","Other/Unknown",0.9415,0.0585,"LOW"
13,"2","N1","T2","Other/Unknown",0.9415,0.0585,"LOW"
14,"2","N1","T2","Other/Unknown",0.9415,0.0585,"LOW"
15,"2","N1","T2","Other/Unknown",0.9415,0.0585,"LOW"
16,"2","N1","T2","Other/Unknown",0.9415,0.0585,"LOW"
17,"2","N1","T2","Other/Unknown",0.9415,0.0585,"LOW"
18,"2","N1","T2","Other/Unknown",0.9415,0.0585,"LOW"
19,"2","N1","T2","Other/Unknown",0.9409,0.0591,"LOW"
20,"2","N1","T2","Other/Unknown",0.9398,0.0602,"LOW"
21,"2","N1","T2","Other/Unknown",0.9398,0.0602,"LOW"
22,"2","N1","T2","Other/Unknown",0.939,0.061,"LOW"
23,"2","N1","T2","Other/Unknown",0.9387,0.0613,"LOW"
24,"2","N1","T2","Other/Unknown",0.9361,0.0639,"LOW"
25,"2","N1","T2","Other/Unknown",0.9344,0.0656,"LOW"
26,"2","N1","T2","Other/Unknown",0.9333,0.0667,"LOW"
27,"2","N1","T2","Other/Unknown",0.9255,0.0745,"LOW"
28,"2","N1","T2","Other/Unknown",0.9235,0.0765,"LOW"
29,"2","N1","T2","Other/Unknown",0.9245,0.0755,"LOW"
30,"2","N1","T2","Other/Unknown",0.926,0.074,"LOW"
31,"2","N1","T2","Other/Unknown",0.921,0.079,"LOW"
32,"2","N1","T2","Other/Unknown",0.9127,0.0873,"LOW"
33,"2","N1","T2","Other/Unknown",0.9129,0.0871,"LOW"
34,"2","N1","T2","Other/Unknown",0.9091,0.0909,"LOW"
35,"2","N1","T2","Other/Unknown",0.9024,0.0976,"LOW"
36,"2","N1","T2","Other/Unknown",0.8949,0.1051,"LOW"
37,"2","N1","T2","Other/Unknown",0.8685,0.1315,"LOW"
38,"2","N1","T2","Other/Unknown",0.8622,0.1378,"LOW"
39,"2","N1","T2","Other/Unknown",0.8638,0.1362,"LOW"
40,"2","N1","T2","Other/Unknown",0.8997,0.1003,"LOW"
41,"2","N1","T2","Other/Unknown",0.903,0.097,"LOW"
42,"2","N1","T2","Other/Unknown",0.9108,0.0892,"LOW"
43,"2","N1","T2","Other/Unknown",0.9148,0.0852,"LOW"
44,"2","N1","T2","Other/Unknown",0.9168,0.0832,"LOW"
45,"2","N1","T2","Other/Unknown",0.9177,0.0823,"LOW"
46,"2","N1","T2","Other/Unknown",0.9165,0.0835,"LOW"
47,"2","N1","T2","Other/Unknown",0.9168,0.0832,"LOW"
48,"2","N1","T2","Other/Unknown",0.9134,0.0866,"LOW"
49,"2","N1","T2","Other/Unknown",0.9082,0.0918,"LOW"
50,"2","N1","T2","Other/Unknown",0.9017,0.0983,"LOW"
51,"2","N1","T2","Other/Unknown",0.9043,0.0957,"LOW"
52,"2","N1","T2","Other/Unknown",0.902,0.098,"LOW"
53,"2","N1","T2","Other/Unknown",0.9003,0.0997,"LOW"
54,"2","N1","T2","Other/Unknown",0.9033,0.0967,"LOW"
55,"2","N1","T2","Other/Unknown",0.9007,0.0993,"LOW"
56,"2","N1","T2","Other/Unknown",0.9082,0.0918,"LOW"
57,"2","N1","T2","Other/Unknown",0.9098,0.0902,"LOW"
58,"2","N1","T2","Other/Unknown",0.9158,0.0842,"LOW"
59,"2","N1","T2","Other/Unknown",0.9165,0.0835,"LOW"
60,"2","N1","T2","Other/Unknown",0.9133,0.0867,"LOW"
61,"2","N1","T2","Other/Unknown",0.9183,0.0817,"LOW"
62,"2","N1","T2","Other/Unknown",0.9133,0.0867,"LOW"
63,"2","N1","T2","Other/Unknown",0.9153,0.0847,"LOW"
64,"2","N1","T2","Other/Unknown",0.916,0.084,"LOW"
65,"2","N1","T2","Other/Unknown",0.9082,0.0918,"LOW"
66,"2","N1","T2","Other/Unknown",0.9054,0.0946,"LOW"
67,"2","N1","T2","Other/Unknown",0.8907,0.1093,"LOW"
68,"2","N1","T2","Other/Unknown",0.8964,0.1036,"LOW"
69,"2","N1","T2","Other/Unknown",0.9112,0.0888,"LOW"
70,"2","N1","T2","Other/Unknown",0.9069,0.0931,"LOW"
71,"2","N1","T2","Other/Unknown",0.8926,0.1074,"LOW"
72,"2","N1","T2","Other/Unknown",0.9151,0.0849,"LOW"
73,"2","N1","T2","Other/Unknown",0.9056,0.0944,"LOW"
74,"2","N1","T2","Other/Unknown",0.9229,0.0771,"LOW"
75,"2","N1","T2","Other/Unknown",0.9251,0.0749,"LOW"
76,"2","N1","T2","Other/Unknown",0.9289,0.0711,"LOW"
77,"2","N1","T2","Other/Unknown",0.9312,0.0688,"LOW"
78,"2","N1","T2","Other/Unknown",0.9329,0.0671,"LOW"
79,"2","N1","T2","Other/Unknown",0.9332,0.0668,"LOW"
80,"2","N1","T2","Other/Unknown",0.9321,0.0679,"LOW"
81,"2","N1","T2","Other/Unknown",0.9273,0.0727,"LOW"
82,"2","N1","T2","Other/Unknown",0.9179,0.0821,"LOW"
83,"2","N1","T2","Other/Unknown",0.9282,0.0718,"LOW"
84,"2","N1","T2","Other/Unknown",0.925,0.075,"LOW"
85,"2","N1","T2","Other/Unknown",0.9068,0.0932,"LOW"
86,"2","N1","T2","Other/Unknown",0.9236,0.0764,"LOW"
87,"2","N1","T2","Other/Unknown",0.9312,0.0688,"LOW"
88,"2","N1","T2","Other/Unknown",0.9373,0.0627,"LOW"
89,"2","N1","T2","Other/Unknown",0.9395,0.0605,"LOW"
90,"2","N1","T2","Other/Unknown",0.9406,0.0594,"LOW"
91,"2","N1","T2","Other/Unknown",0.9406,0.0594,"LOW"
92,"2","N1","T2","Other/Unknown",0.9406,0.0594,"LOW"
93,"2","N1","T2","Other/Unknown",0.9406,0.0594,"LOW"
94,"2","N1","T2","Other/Unknown",0.9406,0.0594,"LOW"
95,"2","N1","T2","Other/Unknown",0.9406,0.0594,"LOW"
96,"2","N1","T2","Other/Unknown",0.9406,0.0594,"LOW"
97,"2","N1","T2","Other/Unknown",0.9406,0.0594,"LOW"
98,"2","N1","T2","Other/Unknown",0.9406,0.0594,"LOW"
99,"2","N1","T2","Other/Unknown",0.9406,0.0594,"LOW"
0,"1","N2","T2","Other/Unknown",0.943,0.057,"LOW"
1,"1","N2","T2","Other/Unknown",0.943,0.057,"LOW"
2,"1","N2","T2","Other/Unknown",0.943,0.057,"LOW"
3,"1","N2","T2","Other/Unknown",0.943,0.057,"LOW"
4,"1","N2","T2","Other/Unknown",0.943,0.057,"LOW"
5,"1","N2","T2","Other/Unknown",0.943,0.057,"LOW"
6,"1","N2","T2","Other/Unknown",0.943,0.057,"LOW"
7,"1","N2","T2","Other/Unknown",0.943,0.057,"LOW"
8,"1","N2","T2","Other/Unknown",0.943,0.057,"LOW"
9,"1","N2","T2","Other/Unknown",0.943,0.057,"LOW"
10,"1","N2","T2","Other/Unknown",0.943,0.057,"LOW"
11,"1","N2","T2","Other/Unknown",0.943,0.057,"LOW"
12,"1","N2","T2","Other/Unknown",0.943,0.057,"LOW"
13,"1","N2","T2","Other/Unknown",0.943,0.057,"LOW"
14,"1","N2","T2","Other/Unknown",0.943,0.057,"LOW"
15,"1","N2","T2","Other/Unknown",0.943,0.057,"LOW"
16,"1","N2","T2","Other/Unknown",0.943,0.057,"LOW"
17,"1","N2","T2","Other/Unknown",0.943,0.057,"LOW"
18,"1","N2","T2","Other/Unknown",0.943,0.057,"LOW"
19,"1","N2","T2","Other/Unknown",0.943,0.057,"LOW"
20,"1","N2","T2","Other/Unknown",0.943,0.057,"LOW"
21,"1","N2","T2","Other/Unknown",0.943,0.057,"LOW"
22,"1","N2","T2","Other/Unknown",0.943,0.057,"LOW"
23,"1","N2","T2","Other/Unknown",0.943,0.057,"LOW"
24,"1","N2","T2","Other/Unknown",0.943,0.057,"LOW"
25,"1","N2","T2","Other/Unknown",0.943,0.057,"LOW"
26,"1","N2","T2","Other/Unknown",0.9405,0.0595,"LOW"
27,"1","N2","T2","Other/Unknown",0.9419,0.0581,"LOW"
28,"1","N2","T2","Other/Unknown",0.9419,0.0581,"LOW"
29,"1","N2","T2","Other/Unknown",0.9432,0.0568,"LOW"
30,"1","N2","T2","Other/Unknown",0.9432,0.0568,"LOW"
31,"1","N2","T2","Other/Unknown",0.942,0.058,"LOW"
32,"1","N2","T2","Other/Unknown",0.9393,0.0607,"LOW"
33,"1","N2","T2","Other/Unknown",0.9419,0.0581,"LOW"
34,"1","N2","T2","Other/Unknown",0.9393,0.0607,"LOW"
35,"1","N2","T2","Other/Unknown",0.9406,0.0594,"LOW"
36,"1","N2","T2","Other/Unknown",0.9389,0.0611,"LOW"
37,"1","N2","T2","Other/Unknown",0.9388,0.0612,"LOW"
38,"1","N2","T2","Other/Unknown",0.9372,0.0628,"LOW"
39,"1","N2","T2","Other/Unknown",0.9355,0.0645,"LOW"
40,"1","N2","T2","Other/Unknown",0.9329,0.0671,"LOW"
41,"1","N2","T2","Other/Unknown",0.9317,0.0683,"LOW"
42,"1","N2","T2","Other/Unknown",0.9293,0.0707,"LOW"
43,"1","N2","T2","Other/Unknown",0.9283,0.0717,"LOW"
44,"1","N2","T2","Other/Unknown",0.9244,0.0756,"LOW"
45,"1","N2","T2","Other/Unknown",0.9225,0.0775,"LOW"
46,"1","N2","T2","Other/Unknown",0.9195,0.0805,"LOW"
47,"1","N2","T2","Other/Unknown",0.9164,0.0836,"LOW"
48,"1","N2","T2","Other/Unknown",0.9122,0.0878,"LOW"
49,"1","N2","T2","Other/Unknown",0.9032,0.0968,"LOW"
50,"1","N2","T2","Other/Unknown",0.876,0.124,"LOW"
51,"1","N2","T2","Other/Unknown",0.8447,0.1553,"LOW"
52,"1","N2","T2","Other/Unknown",0.8808,0.1192,"LOW"
53,"1","N2","T2","Other/Unknown",0.8984,0.1016,"LOW"
54,"1","N2","T2","Other/Unknown",0.901,0.099,"LOW"
55,"1","N2","T2","Other/Unknown",0.9005,0.0995,"LOW"
56,"1","N2","T2","Other/Unknown",0.8982,0.1018,"LOW"
57,"1","N2","T2","Other/Unknown",0.8954,0.1046,"LOW"
58,"1","N2","T2","Other/Unknown",0.8661,0.1339,"LOW"
59,"1","N2","T2","Other/Unknown",0.8771,0.1229,"LOW"
60,"1","N2","T2","Other/Unknown",0.8843,0.1157,"LOW"
61,"1","N2","T2","Other/Unknown",0.8807,0.1193,"LOW"
62,"1","N2","T2","Other/Unknown",0.8695,0.1305,"LOW"
63,"1","N2","T2","Other/Unknown",0.8644,0.1356,"LOW"
64,"1","N2","T2","Other/Unknown",0.8369,0.1631,"LOW"
65,"1","N2","T2","Other/Unknown",0.8582,0.1418,"LOW"
66,"1","N2","T2","Other/Unknown",0.8485,0.1515,"LOW"
67,"1","N2","T2","Other/Unknown",0.8224,0.1776,"LOW"
68,"1","N2","T2","Other/Unknown",0.8422,0.1578,"LOW"
69,"1","N2","T2","Other/Unknown",0.8431,0.1569,"LOW"
70,"1","N2","T2","Other/Unknown",0.8233,0.1767,"LOW"
71,"1","N2","T2","Other/Unknown",0.7464,0.2536,"LOW"
72,"1","N2","T2","Other/Unknown",0.791,0.209,"LOW"
73,"1","N2","T2","Other/Unknown",0.8131,0.1869,"LOW"
74,"1","N2","T2","Other/Unknown",0.8208,0.1792,"LOW"
75,"1","N2","T2","Other/Unknown",0.7923,0.2077,"LOW"
76,"1","N2","T2","Other/Unknown",0.8097,0.1903,"LOW"
77,"1","N2","T2","Other/Unknown",0.8211,0.1789,"LOW"
78,"1","N2","T2","Other/Unknown",0.8369,0.1631,"LOW"
79,"1","N2","T2","Other/Unknown",0.8557,0.1443,"LOW"
80,"1","N2","T2","Other/Unknown",0.8615,0.1385,"LOW"
81,"1","N2","T2","Other/Unknown",0.8643,0.1357,"LOW"
82,"1","N2","T2","Other/Unknown",0.8646,0.1354,"LOW"
83,"1","N2","T2","Other/Unknown",0.86,0.14,"LOW"
84,"1","N2","T2","Other/Unknown",0.8542,0.1458,"LOW"
85,"1","N2","T2","Other/Unknown",0.8236,0.1764,"LOW"
86,"1","N2","T2","Other/Unknown",0.8062,0.1938,"LOW"
87,"1","N2","T2","Other/Unknown",0.7457,0.2543,"LOW"
88,"1","N2","T2","Other/Unknown",0.8121,0.1879,"LOW"
89,"1","N2","T2","Other/Unknown",0.8132,0.1868,"LOW"
90,"1","N2","T2","Other/Unknown",0.8148,0.1852,"LOW"
91,"1","N2","T2","Other/Unknown",0.8148,0.1852,"LOW"
92,"1","N2","T2","Other/Unknown",0.8148,0.1852,"LOW"
93,"1","N2","T2","Other/Unknown",0.8148,0.1852,"LOW"
94,"1","N2","T2","Other/Unknown",0.8148,0.1852,"LOW"
95,"1","N2","T2","Other/Unknown",0.8148,0.1852,"LOW"
96,"1","N2","T2","Other/Unknown",0.8148,0.1852,"LOW"
97,"1","N2","T2","Other/Unknown",0.8148,0.1852,"LOW"
98,"1","N2","T2","Other/Unknown",0.8148,0.1852,"LOW"
99,"1","N2","T2","Other/Unknown",0.8148,0.1852,"LOW"
0,"2","N2","T2","Other/Unknown",0.9541,0.0459,"LOW"
1,"2","N2","T2","Other/Unknown",0.9541,0.0459,"LOW"
2,"2","N2","T2","Other/Unknown",0.9541,0.0459,"LOW"
3,"2","N2","T2","Other/Unknown",0.9541,0.0459,"LOW"
4,"2","N2","T2","Other/Unknown",0.9541,0.0459,"LOW"
5,"2","N2","T2","Other/Unknown",0.9541,0.0459,"LOW"
6,"2","N2","T2","Other/Unknown",0.9541,0.0459,"LOW"
7,"2","N2","T2","Other/Unknown",0.9541,0.0459,"LOW"
8,"2","N2","T2","Other/Unknown",0.9541,0.0459,"LOW"
9,"2","N2","T2","Other/Unknown",0.9541,0.0459,"LOW"
10,"2","N2","T2","Other/Unknown",0.9541,0.0459,"LOW"
11,"2","N2","T2","Other/Unknown",0.9541,0.0459,"LOW"
12,"2","N2","T2","Other/Unknown",0.9541,0.0459,"LOW"
13,"2","N2","T2","Other/Unknown",0.9541,0.0459,"LOW"
14,"2","N2","T2","Other/Unknown",0.9541,0.0459,"LOW"
15,"2","N2","T2","Other/Unknown",0.9541,0.0459,"LOW"
16,"2","N2","T2","Other/Unknown",0.9541,0.0459,"LOW"
17,"2","N2","T2","Other/Unknown",0.9541,0.0459,"LOW"
18,"2","N2","T2","Other/Unknown",0.9541,0.0459,"LOW"
19,"2","N2","T2","Other/Unknown",0.9541,0.0459,"LOW"
20,"2","N2","T2","Other/Unknown",0.9541,0.0459,"LOW"
21,"2","N2","T2","Other/Unknown",0.9541,0.0459,"LOW"
22,"2","N2","T2","Other/Unknown",0.9541,0.0459,"LOW"
23,"2","N2","T2","Other/Unknown",0.9541,0.0459,"LOW"
24,"2","N2","T2","Other/Unknown",0.9541,0.0459,"LOW"
25,"2","N2","T2","Other/Unknown",0.9541,0.0459,"LOW"
26,"2","N2","T2","Other/Unknown",0.9535,0.0465,"LOW"
27,"2","N2","T2","Other/Unknown",0.9523,0.0477,"LOW"
28,"2","N2","T2","Other/Unknown",0.9522,0.0478,"LOW"
29,"2","N2","T2","Other/Unknown",0.9534,0.0466,"LOW"
30,"2","N2","T2","Other/Unknown",0.9525,0.0475,"LOW"
31,"2","N2","T2","Other/Unknown",0.951,0.049,"LOW"
32,"2","N2","T2","Other/Unknown",0.95,0.05,"LOW"
33,"2","N2","T2","Other/Unknown",0.9481,0.0519,"LOW"
34,"2","N2","T2","Other/Unknown",0.9471,0.0529,"LOW"
35,"2","N2","T2","Other/Unknown",0.946,0.054,"LOW"
36,"2","N2","T2","Other/Unknown",0.9434,0.0566,"LOW"
37,"2","N2","T2","Other/Unknown",0.9418,0.0582,"LOW"
38,"2","N2","T2","Other/Unknown",0.936,0.064,"LOW"
39,"2","N2","T2","Other/Unknown",0.9363,0.0637,"LOW"
40,"2","N2","T2","Other/Unknown",0.9344,0.0656,"LOW"
41,"2","N2","T2","Other/Unknown",0.935,0.065,"LOW"
42,"2","N2","T2","Other/Unknown",0.9322,0.0678,"LOW"
43,"2","N2","T2","Other/Unknown",0.9271,0.0729,"LOW"
44,"2","N2","T2","Other/Unknown",0.8916,0.1084,"LOW"
45,"2","N2","T2","Other/Unknown",0.9174,0.0826,"LOW"
46,"2","N2","T2","Other/Unknown",0.9252,0.0748,"LOW"
47,"2","N2","T2","Other/Unknown",0.9259,0.0741,"LOW"
48,"2","N2","T2","Other/Unknown",0.9248,0.0752,"LOW"
49,"2","N2","T2","Other/Unknown",0.9249,0.0751,"LOW"
50,"2","N2","T2","Other/Unknown",0.9268,0.0732,"LOW"
51,"2","N2","T2","Other/Unknown",0.9253,0.0747,"LOW"
52,"2","N2","T2","Other/Unknown",0.9243,0.0757,"LOW"
53,"2","N2","T2","Other/Unknown",0.9225,0.0775,"LOW"
54,"2","N2","T2","Other/Unknown",0.9192,0.0808,"LOW"
55,"2","N2","T2","Other/Unknown",0.914,0.086,"LOW"
56,"2","N2","T2","Other/Unknown",0.8988,0.1012,"LOW"
57,"2","N2","T2","Other/Unknown",0.9049,0.0951,"LOW"
58,"2","N2","T2","Other/Unknown",0.8818,0.1182,"LOW"
59,"2","N2","T2","Other/Unknown",0.8898,0.1102,"LOW"
60,"2","N2","T2","Other/Unknown",0.9013,0.0987,"LOW"
61,"2","N2","T2","Other/Unknown",0.8987,0.1013,"LOW"
62,"2","N2","T2","Other/Unknown",0.8627,0.1373,"LOW"
63,"2","N2","T2","Other/Unknown",0.8987,0.1013,"LOW"
64,"2","N2","T2","Other/Unknown",0.9059,0.0941,"LOW"
65,"2","N2","T2","Other/Unknown",0.9066,0.0934,"LOW"
66,"2","N2","T2","Other/Unknown",0.9042,0.0958,"LOW"
67,"2","N2","T2","Other/Unknown",0.9052,0.0948,"LOW"
68,"2","N2","T2","Other/Unknown",0.901,0.099,"LOW"
69,"2","N2","T2","Other/Unknown",0.8982,0.1018,"LOW"
70,"2","N2","T2","Other/Unknown",0.8879,0.1121,"LOW"
71,"2","N2","T2","Other/Unknown",0.8461,0.1539,"LOW"
72,"2","N2","T2","Other/Unknown",0.8623,0.1377,"LOW"
73,"2","N2","T2","Other/Unknown",0.8184,0.1816,"LOW"
74,"2","N2","T2","Other/Unknown",0.8536,0.1464,"LOW"
75,"2","N2","T2","Other/Unknown",0.886,0.114,"LOW"
76,"2","N2","T2","Other/Unknown",0.9006,0.0994,"LOW"
77,"2","N2","T2","Other/Unknown",0.9069,0.0931,"LOW"
78,"2","N2","T2","Other/Unknown",0.913,0.087,"LOW"
79,"2","N2","T2","Other/Unknown",0.9179,0.0821,"LOW"
80,"2","N2","T2","Other/Unknown",0.9215,0.0785,"LOW"
81,"2","N2","T2","Other/Unknown",0.9251,0.0749,"LOW"
82,"2","N2","T2","Other/Unknown",0.9278,0.0722,"LOW"
83,"2","N2","T2","Other/Unknown",0.928,0.072,"LOW"
84,"2","N2","T2","Other/Unknown",0.9309,0.0691,"LOW"
85,"2","N2","T2","Other/Unknown",0.9341,0.0659,"LOW"
86,"2","N2","T2","Other/Unknown",0.9371,0.0629,"LOW"
87,"2","N2","T2","Other/Unknown",0.9313,0.0687,"LOW"
88,"2","N2","T2","Other/Unknown",0.9353,0.0647,"LOW"
89,"2","N2","T2","Other/Unknown",0.9347,0.0653,"LOW"
90,"2","N2","T2","Other/Unknown",0.9357,0.0643,"LOW"
91,"2","N2","T2","Other/Unknown",0.9357,0.0643,"LOW"
92,"2","N2","T2","Other/Unknown",0.9357,0.0643,"LOW"
93,"2","N2","T2","Other/Unknown",0.9357,0.0643,"LOW"
94,"2","N2","T2","Other/Unknown",0.9357,0.0643,"LOW"
95,"2","N2","T2","Other/Unknown",0.9357,0.0643,"LOW"
96,"2","N2","T2","Other/Unknown",0.9357,0.0643,"LOW"
97,"2","N2","T2","Other/Unknown",0.9357,0.0643,"LOW"
98,"2","N2","T2","Other/Unknown",0.9357,0.0643,"LOW"
99,"2","N2","T2","Other/Unknown",0.9357,0.0643,"LOW"
0,"1","Other/Unknown","T2","Other/Unknown",0.9396,0.0604,"LOW"
1,"1","Other/Unknown","T2","Other/Unknown",0.9396,0.0604,"LOW"
2,"1","Other/Unknown","T2","Other/Unknown",0.9394,0.0606,"LOW"
3,"1","Other/Unknown","T2","Other/Unknown",0.9394,0.0606,"LOW"
4,"1","Other/Unknown","T2","Other/Unknown",0.9394,0.0606,"LOW"
5,"1","Other/Unknown","T2","Other/Unknown",0.9394,0.0606,"LOW"
6,"1","Other/Unknown","T2","Other/Unknown",0.9394,0.0606,"LOW"
7,"1","Other/Unknown","T2","Other/Unknown",0.9392,0.0608,"LOW"
8,"1","Other/Unknown","T2","Other/Unknown",0.9392,0.0608,"LOW"
9,"1","Other/Unknown","T2","Other/Unknown",0.9392,0.0608,"LOW"
10,"1","Other/Unknown","T2","Other/Unknown",0.9391,0.0609,"LOW"
11,"1","Other/Unknown","T2","Other/Unknown",0.9391,0.0609,"LOW"
12,"1","Other/Unknown","T2","Other/Unknown",0.9391,0.0609,"LOW"
13,"1","Other/Unknown","T2","Other/Unknown",0.9386,0.0614,"LOW"
14,"1","Other/Unknown","T2","Other/Unknown",0.9386,0.0614,"LOW"
15,"1","Other/Unknown","T2","Other/Unknown",0.9386,0.0614,"LOW"
16,"1","Other/Unknown","T2","Other/Unknown",0.9386,0.0614,"LOW"
17,"1","Other/Unknown","T2","Other/Unknown",0.9386,0.0614,"LOW"
18,"1","Other/Unknown","T2","Other/Unknown",0.9386,0.0614,"LOW"
19,"1","Other/Unknown","T2","Other/Unknown",0.9346,0.0654,"LOW"
20,"1","Other/Unknown","T2","Other/Unknown",0.9383,0.0617,"LOW"
21,"1","Other/Unknown","T2","Other/Unknown",0.9391,0.0609,"LOW"
22,"1","Other/Unknown","T2","Other/Unknown",0.9391,0.0609,"LOW"
23,"1","Other/Unknown","T2","Other/Unknown",0.9389,0.0611,"LOW"
24,"1","Other/Unknown","T2","Other/Unknown",0.9385,0.0615,"LOW"
25,"1","Other/Unknown","T2","Other/Unknown",0.9383,0.0617,"LOW"
26,"1","Other/Unknown","T2","Other/Unknown",0.9381,0.0619,"LOW"
27,"1","Other/Unknown","T2","Other/Unknown",0.9379,0.0621,"LOW"
28,"1","Other/Unknown","T2","Other/Unknown",0.9384,0.0616,"LOW"
29,"1","Other/Unknown","T2","Other/Unknown",0.9381,0.0619,"LOW"
30,"1","Other/Unknown","T2","Other/Unknown",0.9379,0.0621,"LOW"
31,"1","Other/Unknown","T2","Other/Unknown",0.9384,0.0616,"LOW"
32,"1","Other/Unknown","T2","Other/Unknown",0.9343,0.0657,"LOW"
33,"1","Other/Unknown","T2","Other/Unknown",0.9346,0.0654,"LOW"
34,"1","Other/Unknown","T2","Other/Unknown",0.9345,0.0655,"LOW"
35,"1","Other/Unknown","T2","Other/Unknown",0.9362,0.0638,"LOW"
36,"1","Other/Unknown","T2","Other/Unknown",0.9369,0.0631,"LOW"
37,"1","Other/Unknown","T2","Other/Unknown",0.937,0.063,"LOW"
38,"1","Other/Unknown","T2","Other/Unknown",0.9348,0.0652,"LOW"
39,"1","Other/Unknown","T2","Other/Unknown",0.9334,0.0666,"LOW"
40,"1","Other/Unknown","T2","Other/Unknown",0.9314,0.0686,"LOW"
41,"1","Other/Unknown","T2","Other/Unknown",0.9303,0.0697,"LOW"
42,"1","Other/Unknown","T2","Other/Unknown",0.9263,0.0737,"LOW"
43,"1","Other/Unknown","T2","Other/Unknown",0.9241,0.0759,"LOW"
44,"1","Other/Unknown","T2","Other/Unknown",0.922,0.078,"LOW"
45,"1","Other/Unknown","T2","Other/Unknown",0.9166,0.0834,"LOW"
46,"1","Other/Unknown","T2","Other/Unknown",0.9147,0.0853,"LOW"
47,"1","Other/Unknown","T2","Other/Unknown",0.9115,0.0885,"LOW"
48,"1","Other/Unknown","T2","Other/Unknown",0.907,0.093,"LOW"
49,"1","Other/Unknown","T2","Other/Unknown",0.9019,0.0981,"LOW"
50,"1","Other/Unknown","T2","Other/Unknown",0.8778,0.1222,"LOW"
51,"1","Other/Unknown","T2","Other/Unknown",0.8317,0.1683,"LOW"
52,"1","Other/Unknown","T2","Other/Unknown",0.8794,0.1206,"LOW"
53,"1","Other/Unknown","T2","Other/Unknown",0.8673,0.1327,"LOW"
54,"1","Other/Unknown","T2","Other/Unknown",0.8503,0.1497,"LOW"
55,"1","Other/Unknown","T2","Other/Unknown",0.88,0.12,"LOW"
56,"1","Other/Unknown","T2","Other/Unknown",0.8818,0.1182,"LOW"
57,"1","Other/Unknown","T2","Other/Unknown",0.8838,0.1162,"LOW"
58,"1","Other/Unknown","T2","Other/Unknown",0.8914,0.1086,"LOW"
59,"1","Other/Unknown","T2","Other/Unknown",0.8818,0.1182,"LOW"
60,"1","Other/Unknown","T2","Other/Unknown",0.8471,0.1529,"LOW"
61,"1","Other/Unknown","T2","Other/Unknown",0.8128,0.1872,"LOW"
62,"1","Other/Unknown","T2","Other/Unknown",0.8735,0.1265,"LOW"
63,"1","Other/Unknown","T2","Other/Unknown",0.867,0.133,"LOW"
64,"1","Other/Unknown","T2","Other/Unknown",0.8954,0.1046,"LOW"
65,"1","Other/Unknown","T2","Other/Unknown",0.9037,0.0963,"LOW"
66,"1","Other/Unknown","T2","Other/Unknown",0.9148,0.0852,"LOW"
67,"1","Other/Unknown","T2","Other/Unknown",0.9197,0.0803,"LOW"
68,"1","Other/Unknown","T2","Other/Unknown",0.924,0.076,"LOW"
69,"1","Other/Unknown","T2","Other/Unknown",0.928,0.072,"LOW"
70,"1","Other/Unknown","T2","Other/Unknown",0.93,0.07,"LOW"
71,"1","Other/Unknown","T2","Other/Unknown",0.932,0.068,"LOW"
72,"1","Other/Unknown","T2","Other/Unknown",0.9333,0.0667,"LOW"
73,"1","Other/Unknown","T2","Other/Unknown",0.9332,0.0668,"LOW"
74,"1","Other/Unknown","T2","Other/Unknown",0.9347,0.0653,"LOW"
75,"1","Other/Unknown","T2","Other/Unknown",0.9347,0.0653,"LOW"
76,"1","Other/Unknown","T2","Other/Unknown",0.9363,0.0637,"LOW"
77,"1","Other/Unknown","T2","Other/Unknown",0.9359,0.0641,"LOW"
78,"1","Other/Unknown","T2","Other/Unknown",0.9332,0.0668,"LOW"
79,"1","Other/Unknown","T2","Other/Unknown",0.9304,0.0696,"LOW"
80,"1","Other/Unknown","T2","Other/Unknown",0.9273,0.0727,"LOW"
81,"1","Other/Unknown","T2","Other/Unknown",0.9299,0.0701,"LOW"
82,"1","Other/Unknown","T2","Other/Unknown",0.9295,0.0705,"LOW"
83,"1","Other/Unknown","T2","Other/Unknown",0.9236,0.0764,"LOW"
84,"1","Other/Unknown","T2","Other/Unknown",0.9223,0.0777,"LOW"
85,"1","Other/Unknown","T2","Other/Unknown",0.9108,0.0892,"LOW"
86,"1","Other/Unknown","T2","Other/Unknown",0.856,0.144,"LOW"
87,"1","Other/Unknown","T2","Other/Unknown",0.8959,0.1041,"LOW"
88,"1","Other/Unknown","T2","Other/Unknown",0.913,0.087,"LOW"
89,"1","Other/Unknown","T2","Other/Unknown",0.8947,0.1053,"LOW"
90,"1","Other/Unknown","T2","Other/Unknown",0.8636,0.1364,"LOW"
91,"1","Other/Unknown","T2","Other/Unknown",0.8636,0.1364,"LOW"
92,"1","Other/Unknown","T2","Other/Unknown",0.8636,0.1364,"LOW"
93,"1","Other/Unknown","T2","Other/Unknown",0.8636,0.1364,"LOW"
94,"1","Other/Unknown","T2","Other/Unknown",0.8636,0.1364,"LOW"
95,"1","Other/Unknown","T2","Other/Unknown",0.8636,0.1364,"LOW"
96,"1","Other/Unknown","T2","Other/Unknown",0.8636,0.1364,"LOW"
97,"1","Other/Unknown","T2","Other/Unknown",0.8636,0.1364,"LOW"
98,"1","Other/Unknown","T2","Other/Unknown",0.8636,0.1364,"LOW"
99,"1","Other/Unknown","T2","Other/Unknown",0.8636,0.1364,"LOW"
0,"2","Other/Unknown","T2","Other/Unknown",0.9399,0.0601,"LOW"
1,"2","Other/Unknown","T2","Other/Unknown",0.9399,0.0601,"LOW"
2,"2","Other/Unknown","T2","Other/Unknown",0.9399,0.0601,"LOW"
3,"2","Other/Unknown","T2","Other/Unknown",0.9399,0.0601,"LOW"
4,"2","Other/Unknown","T2","Other/Unknown",0.9399,0.0601,"LOW"
5,"2","Other/Unknown","T2","Other/Unknown",0.9399,0.0601,"LOW"
6,"2","Other/Unknown","T2","Other/Unknown",0.9399,0.0601,"LOW"
7,"2","Other/Unknown","T2","Other/Unknown",0.9399,0.0601,"LOW"
8,"2","Other/Unknown","T2","Other/Unknown",0.9399,0.0601,"LOW"
9,"2","Other/Unknown","T2","Other/Unknown",0.9399,0.0601,"LOW"
10,"2","Other/Unknown","T2","Other/Unknown",0.9399,0.0601,"LOW"
11,"2","Other/Unknown","T2","Other/Unknown",0.9399,0.0601,"LOW"
12,"2","Other/Unknown","T2","Other/Unknown",0.9399,0.0601,"LOW"
13,"2","Other/Unknown","T2","Other/Unknown",0.9399,0.0601,"LOW"
14,"2","Other/Unknown","T2","Other/Unknown",0.9399,0.0601,"LOW"
15,"2","Other/Unknown","T2","Other/Unknown",0.9399,0.0601,"LOW"
16,"2","Other/Unknown","T2","Other/Unknown",0.9399,0.0601,"LOW"
17,"2","Other/Unknown","T2","Other/Unknown",0.9399,0.0601,"LOW"
18,"2","Other/Unknown","T2","Other/Unknown",0.9399,0.0601,"LOW"
19,"2","Other/Unknown","T2","Other/Unknown",0.9399,0.0601,"LOW"
20,"2","Other/Unknown","T2","Other/Unknown",0.938,0.062,"LOW"
21,"2","Other/Unknown","T2","Other/Unknown",0.9364,0.0636,"LOW"
22,"2","Other/Unknown","T2","Other/Unknown",0.9342,0.0658,"LOW"
23,"2","Other/Unknown","T2","Other/Unknown",0.9339,0.0661,"LOW"
24,"2","Other/Unknown","T2","Other/Unknown",0.9335,0.0665,"LOW"
25,"2","Other/Unknown","T2","Other/Unknown",0.933,0.067,"LOW"
26,"2","Other/Unknown","T2","Other/Unknown",0.9274,0.0726,"LOW"
27,"2","Other/Unknown","T2","Other/Unknown",0.9284,0.0716,"LOW"
28,"2","Other/Unknown","T2","Other/Unknown",0.9271,0.0729,"LOW"
29,"2","Other/Unknown","T2","Other/Unknown",0.9283,0.0717,"LOW"
30,"2","Other/Unknown","T2","Other/Unknown",0.9255,0.0745,"LOW"
31,"2","Other/Unknown","T2","Other/Unknown",0.9217,0.0783,"LOW"
32,"2","Other/Unknown","T2","Other/Unknown",0.9195,0.0805,"LOW"
33,"2","Other/Unknown","T2","Other/Unknown",0.9179,0.0821,"LOW"
34,"2","Other/Unknown","T2","Other/Unknown",0.918,0.082,"LOW"
35,"2","Other/Unknown","T2","Other/Unknown",0.9163,0.0837,"LOW"
36,"2","Other/Unknown","T2","Other/Unknown",0.9152,0.0848,"LOW"
37,"2","Other/Unknown","T2","Other/Unknown",0.9132,0.0868,"LOW"
38,"2","Other/Unknown","T2","Other/Unknown",0.9097,0.0903,"LOW"
39,"2","Other/Unknown","T2","Other/Unknown",0.9123,0.0877,"LOW"
40,"2","Other/Unknown","T2","Other/Unknown",0.9097,0.0903,"LOW"
41,"2","Other/Unknown","T2","Other/Unknown",0.9058,0.0942,"LOW"
42,"2","Other/Unknown","T2","Other/Unknown",0.9016,0.0984,"LOW"
43,"2","Other/Unknown","T2","Other/Unknown",0.8986,0.1014,"LOW"
44,"2","Other/Unknown","T2","Other/Unknown",0.8974,0.1026,"LOW"
45,"2","Other/Unknown","T2","Other/Unknown",0.8894,0.1106,"LOW"
46,"2","Other/Unknown","T2","Other/Unknown",0.8838,0.1162,"LOW"
47,"2","Other/Unknown","T2","Other/Unknown",0.8798,0.1202,"LOW"
48,"2","Other/Unknown","T2","Other/Unknown",0.8712,0.1288,"LOW"
49,"2","Other/Unknown","T2","Other/Unknown",0.864,0.136,"LOW"
50,"2","Other/Unknown","T2","Other/Unknown",0.8111,0.1889,"LOW"
51,"2","Other/Unknown","T2","Other/Unknown",0.8116,0.1884,"LOW"
52,"2","Other/Unknown","T2","Other/Unknown",0.8264,0.1736,"LOW"
53,"2","Other/Unknown","T2","Other/Unknown",0.8465,0.1535,"LOW"
54,"2","Other/Unknown","T2","Other/Unknown",0.8426,0.1574,"LOW"
55,"2","Other/Unknown","T2","Other/Unknown",0.8413,0.1587,"LOW"
56,"2","Other/Unknown","T2","Other/Unknown",0.7961,0.2039,"LOW"
57,"2","Other/Unknown","T2","Other/Unknown",0.8234,0.1766,"LOW"
58,"2","Other/Unknown","T2","Other/Unknown",0.8532,0.1468,"LOW"
59,"2","Other/Unknown","T2","Other/Unknown",0.8536,0.1464,"LOW"
60,"2","Other/Unknown","T2","Other/Unknown",0.8585,0.1415,"LOW"
61,"2","Other/Unknown","T2","Other/Unknown",0.8204,0.1796,"LOW"
62,"2","Other/Unknown","T2","Other/Unknown",0.8502,0.1498,"LOW"
63,"2","Other/Unknown","T2","Other/Unknown",0.851,0.149,"LOW"
64,"2","Other/Unknown","T2","Other/Unknown",0.7848,0.2152,"LOW"
65,"2","Other/Unknown","T2","Other/Unknown",0.7916,0.2084,"LOW"
66,"2","Other/Unknown","T2","Other/Unknown",0.8604,0.1396,"LOW"
67,"2","Other/Unknown","T2","Other/Unknown",0.8685,0.1315,"LOW"
68,"2","Other/Unknown","T2","Other/Unknown",0.8763,0.1237,"LOW"
69,"2","Other/Unknown","T2","Other/Unknown",0.8805,0.1195,"LOW"
70,"2","Other/Unknown","T2","Other/Unknown",0.8823,0.1177,"LOW"
71,"2","Other/Unknown","T2","Other/Unknown",0.8842,0.1158,"LOW"
72,"2","Other/Unknown","T2","Other/Unknown",0.8848,0.1152,"LOW"
73,"2","Other/Unknown","T2","Other/Unknown",0.8855,0.1145,"LOW"
74,"2","Other/Unknown","T2","Other/Unknown",0.8796,0.1204,"LOW"
75,"2","Other/Unknown","T2","Other/Unknown",0.8783,0.1217,"LOW"
76,"2","Other/Unknown","T2","Other/Unknown",0.8778,0.1222,"LOW"
77,"2","Other/Unknown","T2","Other/Unknown",0.8472,0.1528,"LOW"
78,"2","Other/Unknown","T2","Other/Unknown",0.8257,0.1743,"LOW"
79,"2","Other/Unknown","T2","Other/Unknown",0.7891,0.2109,"LOW"
80,"2","Other/Unknown","T2","Other/Unknown",0.7824,0.2176,"LOW"
81,"2","Other/Unknown","T2","Other/Unknown",0.8124,0.1876,"LOW"
82,"2","Other/Unknown","T2","Other/Unknown",0.8411,0.1589,"LOW"
83,"2","Other/Unknown","T2","Other/Unknown",0.8757,0.1243,"LOW"
84,"2","Other/Unknown","T2","Other/Unknown",0.8905,0.1095,"LOW"
85,"2","Other/Unknown","T2","Other/Unknown",0.8986,0.1014,"LOW"
86,"2","Other/Unknown","T2","Other/Unknown",0.9054,0.0946,"LOW"
87,"2","Other/Unknown","T2","Other/Unknown",0.9107,0.0893,"LOW"
88,"2","Other/Unknown","T2","Other/Unknown",0.915,0.085,"LOW"
89,"2","Other/Unknown","T2","Other/Unknown",0.9135,0.0865,"LOW"
90,"2","Other/Unknown","T2","Other/Unknown",0.916,0.084,"LOW"
91,"2","Other/Unknown","T2","Other/Unknown",0.916,0.084,"LOW"
92,"2","Other/Unknown","T2","Other/Unknown",0.916,0.084,"LOW"
93,"2","Other/Unknown","T2","Other/Unknown",0.916,0.084,"LOW"
94,"2","Other/Unknown","T2","Other/Unknown",0.916,0.084,"LOW"
95,"2","Other/Unknown","T2","Other/Unknown",0.916,0.084,"LOW"
96,"2","Other/Unknown","T2","Other/Unknown",0.916,0.084,"LOW"
97,"2","Other/Unknown","T2","Other/Unknown",0.916,0.084,"LOW"
98,"2","Other/Unknown","T2","Other/Unknown",0.916,0.084,"LOW"
99,"2","Other/Unknown","T2","Other/Unknown",0.916,0.084,"LOW"
0,"1","N0","T3","Other/Unknown",0.9484,0.0516,"LOW"
1,"1","N0","T3","Other/Unknown",0.9484,0.0516,"LOW"
2,"1","N0","T3","Other/Unknown",0.9484,0.0516,"LOW"
3,"1","N0","T3","Other/Unknown",0.9484,0.0516,"LOW"
4,"1","N0","T3","Other/Unknown",0.9484,0.0516,"LOW"
5,"1","N0","T3","Other/Unknown",0.9484,0.0516,"LOW"
6,"1","N0","T3","Other/Unknown",0.9484,0.0516,"LOW"
7,"1","N0","T3","Other/Unknown",0.9484,0.0516,"LOW"
8,"1","N0","T3","Other/Unknown",0.9484,0.0516,"LOW"
9,"1","N0","T3","Other/Unknown",0.9484,0.0516,"LOW"
10,"1","N0","T3","Other/Unknown",0.9484,0.0516,"LOW"
11,"1","N0","T3","Other/Unknown",0.9484,0.0516,"LOW"
12,"1","N0","T3","Other/Unknown",0.9481,0.0519,"LOW"
13,"1","N0","T3","Other/Unknown",0.9481,0.0519,"LOW"
14,"1","N0","T3","Other/Unknown",0.9481,0.0519,"LOW"
15,"1","N0","T3","Other/Unknown",0.9481,0.0519,"LOW"
16,"1","N0","T3","Other/Unknown",0.9477,0.0523,"LOW"
17,"1","N0","T3","Other/Unknown",0.9476,0.0524,"LOW"
18,"1","N0","T3","Other/Unknown",0.9474,0.0526,"LOW"
19,"1","N0","T3","Other/Unknown",0.947,0.053,"LOW"
20,"1","N0","T3","Other/Unknown",0.9456,0.0544,"LOW"
21,"1","N0","T3","Other/Unknown",0.9453,0.0547,"LOW"
22,"1","N0","T3","Other/Unknown",0.9447,0.0553,"LOW"
23,"1","N0","T3","Other/Unknown",0.9415,0.0585,"LOW"
24,"1","N0","T3","Other/Unknown",0.9323,0.0677,"LOW"
25,"1","N0","T3","Other/Unknown",0.9168,0.0832,"LOW"
26,"1","N0","T3","Other/Unknown",0.8859,0.1141,"LOW"
27,"1","N0","T3","Other/Unknown",0.9199,0.0801,"LOW"
28,"1","N0","T3","Other/Unknown",0.9268,0.0732,"LOW"
29,"1","N0","T3","Other/Unknown",0.9266,0.0734,"LOW"
30,"1","N0","T3","Other/Unknown",0.9108,0.0892,"LOW"
31,"1","N0","T3","Other/Unknown",0.9324,0.0676,"LOW"
32,"1","N0","T3","Other/Unknown",0.9394,0.0606,"LOW"
33,"1","N0","T3","Other/Unknown",0.9276,0.0724,"LOW"
34,"1","N0","T3","Other/Unknown",0.9365,0.0635,"LOW"
35,"1","N0","T3","Other/Unknown",0.9415,0.0585,"LOW"
36,"1","N0","T3","Other/Unknown",0.9414,0.0586,"LOW"
37,"1","N0","T3","Other/Unknown",0.9394,0.0606,"LOW"
38,"1","N0","T3","Other/Unknown",0.9348,0.0652,"LOW"
39,"1","N0","T3","Other/Unknown",0.927,0.073,"LOW"
40,"1","N0","T3","Other/Unknown",0.9358,0.0642,"LOW"
41,"1","N0","T3","Other/Unknown",0.9392,0.0608,"LOW"
42,"1","N0","T3","Other/Unknown",0.9361,0.0639,"LOW"
43,"1","N0","T3","Other/Unknown",0.9327,0.0673,"LOW"
44,"1","N0","T3","Other/Unknown",0.9368,0.0632,"LOW"
45,"1","N0","T3","Other/Unknown",0.936,0.064,"LOW"
46,"1","N0","T3","Other/Unknown",0.9351,0.0649,"LOW"
47,"1","N0","T3","Other/Unknown",0.9354,0.0646,"LOW"
48,"1","N0","T3","Other/Unknown",0.9355,0.0645,"LOW"
49,"1","N0","T3","Other/Unknown",0.9338,0.0662,"LOW"
50,"1","N0","T3","Other/Unknown",0.9351,0.0649,"LOW"
51,"1","N0","T3","Other/Unknown",0.9354,0.0646,"LOW"
52,"1","N0","T3","Other/Unknown",0.9355,0.0645,"LOW"
53,"1","N0","T3","Other/Unknown",0.9363,0.0637,"LOW"
54,"1","N0","T3","Other/Unknown",0.9376,0.0624,"LOW"
55,"1","N0","T3","Other/Unknown",0.9368,0.0632,"LOW"
56,"1","N0","T3","Other/Unknown",0.9379,0.0621,"LOW"
57,"1","N0","T3","Other/Unknown",0.9388,0.0612,"LOW"
58,"1","N0","T3","Other/Unknown",0.9379,0.0621,"LOW"
59,"1","N0","T3","Other/Unknown",0.9386,0.0614,"LOW"
60,"1","N0","T3","Other/Unknown",0.938,0.062,"LOW"
61,"1","N0","T3","Other/Unknown",0.9375,0.0625,"LOW"
62,"1","N0","T3","Other/Unknown",0.9362,0.0638,"LOW"
63,"1","N0","T3","Other/Unknown",0.9372,0.0628,"LOW"
64,"1","N0","T3","Other/Unknown",0.9364,0.0636,"LOW"
65,"1","N0","T3","Other/Unknown",0.9375,0.0625,"LOW"
66,"1","N0","T3","Other/Unknown",0.9353,0.0647,"LOW"
67,"1","N0","T3","Other/Unknown",0.9367,0.0633,"LOW"
68,"1","N0","T3","Other/Unknown",0.9386,0.0614,"LOW"
69,"1","N0","T3","Other/Unknown",0.937,0.063,"LOW"
70,"1","N0","T3","Other/Unknown",0.9374,0.0626,"LOW"
71,"1","N0","T3","Other/Unknown",0.9373,0.0627,"LOW"
72,"1","N0","T3","Other/Unknown",0.9369,0.0631,"LOW"
73,"1","N0","T3","Other/Unknown",0.9381,0.0619,"LOW"
74,"1","N0","T3","Other/Unknown",0.9399,0.0601,"LOW"
75,"1","N0","T3","Other/Unknown",0.9378,0.0622,"LOW"
76,"1","N0","T3","Other/Unknown",0.9377,0.0623,"LOW"
77,"1","N0","T3","Other/Unknown",0.9384,0.0616,"LOW"
78,"1","N0","T3","Other/Unknown",0.9359,0.0641,"LOW"
79,"1","N0","T3","Other/Unknown",0.9389,0.0611,"LOW"
80,"1","N0","T3","Other/Unknown",0.9377,0.0623,"LOW"
81,"1","N0","T3","Other/Unknown",0.9357,0.0643,"LOW"
82,"1","N0","T3","Other/Unknown",0.9384,0.0616,"LOW"
83,"1","N0","T3","Other/Unknown",0.9381,0.0619,"LOW"
84,"1","N0","T3","Other/Unknown",0.9409,0.0591,"LOW"
85,"1","N0","T3","Other/Unknown",0.9312,0.0688,"LOW"
86,"1","N0","T3","Other/Unknown",0.9351,0.0649,"LOW"
87,"1","N0","T3","Other/Unknown",0.9379,0.0621,"LOW"
88,"1","N0","T3","Other/Unknown",0.922,0.078,"LOW"
89,"1","N0","T3","Other/Unknown",0.936,0.064,"LOW"
90,"1","N0","T3","Other/Unknown",0.9335,0.0665,"LOW"
91,"1","N0","T3","Other/Unknown",0.9335,0.0665,"LOW"
92,"1","N0","T3","Other/Unknown",0.9335,0.0665,"LOW"
93,"1","N0","T3","Other/Unknown",0.9335,0.0665,"LOW"
94,"1","N0","T3","Other/Unknown",0.9335,0.0665,"LOW"
95,"1","N0","T3","Other/Unknown",0.9335,0.0665,"LOW"
96,"1","N0","T3","Other/Unknown",0.9335,0.0665,"LOW"
97,"1","N0","T3","Other/Unknown",0.9335,0.0665,"LOW"
98,"1","N0","T3","Other/Unknown",0.9335,0.0665,"LOW"
99,"1","N0","T3","Other/Unknown",0.9335,0.0665,"LOW"
0,"2","N0","T3","Other/Unknown",0.9598,0.0402,"LOW"
1,"2","N0","T3","Other/Unknown",0.9598,0.0402,"LOW"
2,"2","N0","T3","Other/Unknown",0.9598,0.0402,"LOW"
3,"2","N0","T3","Other/Unknown",0.9598,0.0402,"LOW"
4,"2","N0","T3","Other/Unknown",0.9598,0.0402,"LOW"
5,"2","N0","T3","Other/Unknown",0.9598,0.0402,"LOW"
6,"2","N0","T3","Other/Unknown",0.9598,0.0402,"LOW"
7,"2","N0","T3","Other/Unknown",0.9598,0.0402,"LOW"
8,"2","N0","T3","Other/Unknown",0.9598,0.0402,"LOW"
9,"2","N0","T3","Other/Unknown",0.9598,0.0402,"LOW"
10,"2","N0","T3","Other/Unknown",0.9598,0.0402,"LOW"
11,"2","N0","T3","Other/Unknown",0.9598,0.0402,"LOW"
12,"2","N0","T3","Other/Unknown",0.9592,0.0408,"LOW"
13,"2","N0","T3","Other/Unknown",0.9592,0.0408,"LOW"
14,"2","N0","T3","Other/Unknown",0.9592,0.0408,"LOW"
15,"2","N0","T3","Other/Unknown",0.9589,0.0411,"LOW"
16,"2","N0","T3","Other/Unknown",0.9588,0.0412,"LOW"
17,"2","N0","T3","Other/Unknown",0.9588,0.0412,"LOW"
18,"2","N0","T3","Other/Unknown",0.956,0.044,"LOW"
19,"2","N0","T3","Other/Unknown",0.9532,0.0468,"LOW"
20,"2","N0","T3","Other/Unknown",0.9534,0.0466,"LOW"
21,"2","N0","T3","Other/Unknown",0.9545,0.0455,"LOW"
22,"2","N0","T3","Other/Unknown",0.9536,0.0464,"LOW"
23,"2","N0","T3","Other/Unknown",0.9513,0.0487,"LOW"
24,"2","N0","T3","Other/Unknown",0.9503,0.0497,"LOW"
25,"2","N0","T3","Other/Unknown",0.9492,0.0508,"LOW"
26,"2","N0","T3","Other/Unknown",0.9428,0.0572,"LOW"
27,"2","N0","T3","Other/Unknown",0.9428,0.0572,"LOW"
28,"2","N0","T3","Other/Unknown",0.9426,0.0574,"LOW"
29,"2","N0","T3","Other/Unknown",0.9388,0.0612,"LOW"
30,"2","N0","T3","Other/Unknown",0.9311,0.0689,"LOW"
31,"2","N0","T3","Other/Unknown",0.8872,0.1128,"LOW"
32,"2","N0","T3","Other/Unknown",0.9216,0.0784,"LOW"
33,"2","N0","T3","Other/Unknown",0.9366,0.0634,"LOW"
34,"2","N0","T3","Other/Unknown",0.9387,0.0613,"LOW"
35,"2","N0","T3","Other/Unknown",0.9381,0.0619,"LOW"
36,"2","N0","T3","Other/Unknown",0.9279,0.0721,"LOW"
37,"2","N0","T3","Other/Unknown",0.937,0.063,"LOW"
38,"2","N0","T3","Other/Unknown",0.9373,0.0627,"LOW"
39,"2","N0","T3","Other/Unknown",0.933,0.067,"LOW"
40,"2","N0","T3","Other/Unknown",0.9247,0.0753,"LOW"
41,"2","N0","T3","Other/Unknown",0.9346,0.0654,"LOW"
42,"2","N0","T3","Other/Unknown",0.9378,0.0622,"LOW"
43,"2","N0","T3","Other/Unknown",0.9403,0.0597,"LOW"
44,"2","N0","T3","Other/Unknown",0.9372,0.0628,"LOW"
45,"2","N0","T3","Other/Unknown",0.9379,0.0621,"LOW"
46,"2","N0","T3","Other/Unknown",0.9433,0.0567,"LOW"
47,"2","N0","T3","Other/Unknown",0.9373,0.0627,"LOW"
48,"2","N0","T3","Other/Unknown",0.9397,0.0603,"LOW"
49,"2","N0","T3","Other/Unknown",0.9405,0.0595,"LOW"
50,"2","N0","T3","Other/Unknown",0.9408,0.0592,"LOW"
51,"2","N0","T3","Other/Unknown",0.94,0.06,"LOW"
52,"2","N0","T3","Other/Unknown",0.938,0.062,"LOW"
53,"2","N0","T3","Other/Unknown",0.9374,0.0626,"LOW"
54,"2","N0","T3","Other/Unknown",0.9352,0.0648,"LOW"
55,"2","N0","T3","Other/Unknown",0.9359,0.0641,"LOW"
56,"2","N0","T3","Other/Unknown",0.9384,0.0616,"LOW"
57,"2","N0","T3","Other/Unknown",0.9386,0.0614,"LOW"
58,"2","N0","T3","Other/Unknown",0.9392,0.0608,"LOW"
59,"2","N0","T3","Other/Unknown",0.9398,0.0602,"LOW"
60,"2","N0","T3","Other/Unknown",0.9429,0.0571,"LOW"
61,"2","N0","T3","Other/Unknown",0.9398,0.0602,"LOW"
62,"2","N0","T3","Other/Unknown",0.9406,0.0594,"LOW"
63,"2","N0","T3","Other/Unknown",0.9423,0.0577,"LOW"
64,"2","N0","T3","Other/Unknown",0.9402,0.0598,"LOW"
65,"2","N0","T3","Other/Unknown",0.9381,0.0619,"LOW"
66,"2","N0","T3","Other/Unknown",0.9397,0.0603,"LOW"
67,"2","N0","T3","Other/Unknown",0.9378,0.0622,"LOW"
68,"2","N0","T3","Other/Unknown",0.9373,0.0627,"LOW"
69,"2","N0","T3","Other/Unknown",0.9393,0.0607,"LOW"
70,"2","N0","T3","Other/Unknown",0.9378,0.0622,"LOW"
71,"2","N0","T3","Other/Unknown",0.9391,0.0609,"LOW"
72,"2","N0","T3","Other/Unknown",0.9379,0.0621,"LOW"
73,"2","N0","T3","Other/Unknown",0.9388,0.0612,"LOW"
74,"2","N0","T3","Other/Unknown",0.941,0.059,"LOW"
75,"2","N0","T3","Other/Unknown",0.9418,0.0582,"LOW"
76,"2","N0","T3","Other/Unknown",0.938,0.062,"LOW"
77,"2","N0","T3","Other/Unknown",0.9428,0.0572,"LOW"
78,"2","N0","T3","Other/Unknown",0.9461,0.0539,"LOW"
79,"2","N0","T3","Other/Unknown",0.9469,0.0531,"LOW"
80,"2","N0","T3","Other/Unknown",0.9426,0.0574,"LOW"
81,"2","N0","T3","Other/Unknown",0.9432,0.0568,"LOW"
82,"2","N0","T3","Other/Unknown",0.9397,0.0603,"LOW"
83,"2","N0","T3","Other/Unknown",0.9352,0.0648,"LOW"
84,"2","N0","T3","Other/Unknown",0.9414,0.0586,"LOW"
85,"2","N0","T3","Other/Unknown",0.9398,0.0602,"LOW"
86,"2","N0","T3","Other/Unknown",0.9383,0.0617,"LOW"
87,"2","N0","T3","Other/Unknown",0.9398,0.0602,"LOW"
88,"2","N0","T3","Other/Unknown",0.9373,0.0627,"LOW"
89,"2","N0","T3","Other/Unknown",0.949,0.051,"LOW"
90,"2","N0","T3","Other/Unknown",0.9432,0.0568,"LOW"
91,"2","N0","T3","Other/Unknown",0.9432,0.0568,"LOW"
92,"2","N0","T3","Other/Unknown",0.9432,0.0568,"LOW"
93,"2","N0","T3","Other/Unknown",0.9432,0.0568,"LOW"
94,"2","N0","T3","Other/Unknown",0.9432,0.0568,"LOW"
95,"2","N0","T3","Other/Unknown",0.9432,0.0568,"LOW"
96,"2","N0","T3","Other/Unknown",0.9432,0.0568,"LOW"
97,"2","N0","T3","Other/Unknown",0.9432,0.0568,"LOW"
98,"2","N0","T3","Other/Unknown",0.9432,0.0568,"LOW"
99,"2","N0","T3","Other/Unknown",0.9432,0.0568,"LOW"
0,"1","N1","T3","Other/Unknown",0.762,0.238,"LOW"
1,"1","N1","T3","Other/Unknown",0.762,0.238,"LOW"
2,"1","N1","T3","Other/Unknown",0.762,0.238,"LOW"
3,"1","N1","T3","Other/Unknown",0.762,0.238,"LOW"
4,"1","N1","T3","Other/Unknown",0.762,0.238,"LOW"
5,"1","N1","T3","Other/Unknown",0.762,0.238,"LOW"
6,"1","N1","T3","Other/Unknown",0.762,0.238,"LOW"
7,"1","N1","T3","Other/Unknown",0.762,0.238,"LOW"
8,"1","N1","T3","Other/Unknown",0.762,0.238,"LOW"
9,"1","N1","T3","Other/Unknown",0.762,0.238,"LOW"
10,"1","N1","T3","Other/Unknown",0.762,0.238,"LOW"
11,"1","N1","T3","Other/Unknown",0.762,0.238,"LOW"
12,"1","N1","T3","Other/Unknown",0.762,0.238,"LOW"
13,"1","N1","T3","Other/Unknown",0.762,0.238,"LOW"
14,"1","N1","T3","Other/Unknown",0.762,0.238,"LOW"
15,"1","N1","T3","Other/Unknown",0.762,0.238,"LOW"
16,"1","N1","T3","Other/Unknown",0.762,0.238,"LOW"
17,"1","N1","T3","Other/Unknown",0.762,0.238,"LOW"
18,"1","N1","T3","Other/Unknown",0.762,0.238,"LOW"
19,"1","N1","T3","Other/Unknown",0.7562,0.2438,"LOW"
20,"1","N1","T3","Other/Unknown",0.7435,0.2565,"LOW"
21,"1","N1","T3","Other/Unknown",0.7784,0.2216,"LOW"
22,"1","N1","T3","Other/Unknown",0.8062,0.1938,"LOW"
23,"1","N1","T3","Other/Unknown",0.7848,0.2152,"LOW"
24,"1","N1","T3","Other/Unknown",0.8061,0.1939,"LOW"
25,"1","N1","T3","Other/Unknown",0.7777,0.2223,"LOW"
26,"1","N1","T3","Other/Unknown",0.7845,0.2155,"LOW"
27,"1","N1","T3","Other/Unknown",0.8085,0.1915,"LOW"
28,"1","N1","T3","Other/Unknown",0.823,0.177,"LOW"
29,"1","N1","T3","Other/Unknown",0.8305,0.1695,"LOW"
30,"1","N1","T3","Other/Unknown",0.8343,0.1657,"LOW"
31,"1","N1","T3","Other/Unknown",0.8311,0.1689,"LOW"
32,"1","N1","T3","Other/Unknown",0.8411,0.1589,"LOW"
33,"1","N1","T3","Other/Unknown",0.8332,0.1668,"LOW"
34,"1","N1","T3","Other/Unknown",0.8309,0.1691,"LOW"
35,"1","N1","T3","Other/Unknown",0.8342,0.1658,"LOW"
36,"1","N1","T3","Other/Unknown",0.8578,0.1422,"LOW"
37,"1","N1","T3","Other/Unknown",0.857,0.143,"LOW"
38,"1","N1","T3","Other/Unknown",0.8651,0.1349,"LOW"
39,"1","N1","T3","Other/Unknown",0.8513,0.1487,"LOW"
40,"1","N1","T3","Other/Unknown",0.8597,0.1403,"LOW"
41,"1","N1","T3","Other/Unknown",0.8682,0.1318,"LOW"
42,"1","N1","T3","Other/Unknown",0.8716,0.1284,"LOW"
43,"1","N1","T3","Other/Unknown",0.8708,0.1292,"LOW"
44,"1","N1","T3","Other/Unknown",0.8704,0.1296,"LOW"
45,"1","N1","T3","Other/Unknown",0.8732,0.1268,"LOW"
46,"1","N1","T3","Other/Unknown",0.8716,0.1284,"LOW"
47,"1","N1","T3","Other/Unknown",0.8695,0.1305,"LOW"
48,"1","N1","T3","Other/Unknown",0.8721,0.1279,"LOW"
49,"1","N1","T3","Other/Unknown",0.8715,0.1285,"LOW"
50,"1","N1","T3","Other/Unknown",0.8747,0.1253,"LOW"
51,"1","N1","T3","Other/Unknown",0.8706,0.1294,"LOW"
52,"1","N1","T3","Other/Unknown",0.8754,0.1246,"LOW"
53,"1","N1","T3","Other/Unknown",0.8732,0.1268,"LOW"
54,"1","N1","T3","Other/Unknown",0.8734,0.1266,"LOW"
55,"1","N1","T3","Other/Unknown",0.8755,0.1245,"LOW"
56,"1","N1","T3","Other/Unknown",0.8746,0.1254,"LOW"
57,"1","N1","T3","Other/Unknown",0.8738,0.1262,"LOW"
58,"1","N1","T3","Other/Unknown",0.8735,0.1265,"LOW"
59,"1","N1","T3","Other/Unknown",0.8673,0.1327,"LOW"
60,"1","N1","T3","Other/Unknown",0.869,0.131,"LOW"
61,"1","N1","T3","Other/Unknown",0.873,0.127,"LOW"
62,"1","N1","T3","Other/Unknown",0.8749,0.1251,"LOW"
63,"1","N1","T3","Other/Unknown",0.8731,0.1269,"LOW"
64,"1","N1","T3","Other/Unknown",0.8731,0.1269,"LOW"
65,"1","N1","T3","Other/Unknown",0.8724,0.1276,"LOW"
66,"1","N1","T3","Other/Unknown",0.8764,0.1236,"LOW"
67,"1","N1","T3","Other/Unknown",0.8751,0.1249,"LOW"
68,"1","N1","T3","Other/Unknown",0.8774,0.1226,"LOW"
69,"1","N1","T3","Other/Unknown",0.875,0.125,"LOW"
70,"1","N1","T3","Other/Unknown",0.8728,0.1272,"LOW"
71,"1","N1","T3","Other/Unknown",0.8727,0.1273,"LOW"
72,"1","N1","T3","Other/Unknown",0.8723,0.1277,"LOW"
73,"1","N1","T3","Other/Unknown",0.8739,0.1261,"LOW"
74,"1","N1","T3","Other/Unknown",0.8768,0.1232,"LOW"
75,"1","N1","T3","Other/Unknown",0.8707,0.1293,"LOW"
76,"1","N1","T3","Other/Unknown",0.8714,0.1286,"LOW"
77,"1","N1","T3","Other/Unknown",0.8779,0.1221,"LOW"
78,"1","N1","T3","Other/Unknown",0.8782,0.1218,"LOW"
79,"1","N1","T3","Other/Unknown",0.8762,0.1238,"LOW"
80,"1","N1","T3","Other/Unknown",0.8778,0.1222,"LOW"
81,"1","N1","T3","Other/Unknown",0.874,0.126,"LOW"
82,"1","N1","T3","Other/Unknown",0.8783,0.1217,"LOW"
83,"1","N1","T3","Other/Unknown",0.8759,0.1241,"LOW"
84,"1","N1","T3","Other/Unknown",0.8778,0.1222,"LOW"
85,"1","N1","T3","Other/Unknown",0.8934,0.1066,"LOW"
86,"1","N1","T3","Other/Unknown",0.8834,0.1166,"LOW"
87,"1","N1","T3","Other/Unknown",0.8821,0.1179,"LOW"
88,"1","N1","T3","Other/Unknown",0.8892,0.1108,"LOW"
89,"1","N1","T3","Other/Unknown",0.8986,0.1014,"LOW"
90,"1","N1","T3","Other/Unknown",0.8804,0.1196,"LOW"
91,"1","N1","T3","Other/Unknown",0.8804,0.1196,"LOW"
92,"1","N1","T3","Other/Unknown",0.8804,0.1196,"LOW"
93,"1","N1","T3","Other/Unknown",0.8804,0.1196,"LOW"
94,"1","N1","T3","Other/Unknown",0.8804,0.1196,"LOW"
95,"1","N1","T3","Other/Unknown",0.8804,0.1196,"LOW"
96,"1","N1","T3","Other/Unknown",0.8804,0.1196,"LOW"
97,"1","N1","T3","Other/Unknown",0.8804,0.1196,"LOW"
98,"1","N1","T3","Other/Unknown",0.8804,0.1196,"LOW"
99,"1","N1","T3","Other/Unknown",0.8804,0.1196,"LOW"
0,"2","N1","T3","Other/Unknown",0.8946,0.1054,"LOW"
1,"2","N1","T3","Other/Unknown",0.8946,0.1054,"LOW"
2,"2","N1","T3","Other/Unknown",0.8946,0.1054,"LOW"
3,"2","N1","T3","Other/Unknown",0.8946,0.1054,"LOW"
4,"2","N1","T3","Other/Unknown",0.8946,0.1054,"LOW"
5,"2","N1","T3","Other/Unknown",0.8946,0.1054,"LOW"
6,"2","N1","T3","Other/Unknown",0.8946,0.1054,"LOW"
7,"2","N1","T3","Other/Unknown",0.8946,0.1054,"LOW"
8,"2","N1","T3","Other/Unknown",0.8946,0.1054,"LOW"
9,"2","N1","T3","Other/Unknown",0.8946,0.1054,"LOW"
10,"2","N1","T3","Other/Unknown",0.8946,0.1054,"LOW"
11,"2","N1","T3","Other/Unknown",0.8946,0.1054,"LOW"
12,"2","N1","T3","Other/Unknown",0.8946,0.1054,"LOW"
13,"2","N1","T3","Other/Unknown",0.8946,0.1054,"LOW"
14,"2","N1","T3","Other/Unknown",0.8946,0.1054,"LOW"
15,"2","N1","T3","Other/Unknown",0.8946,0.1054,"LOW"
16,"2","N1","T3","Other/Unknown",0.8946,0.1054,"LOW"
17,"2","N1","T3","Other/Unknown",0.8946,0.1054,"LOW"
18,"2","N1","T3","Other/Unknown",0.8946,0.1054,"LOW"
19,"2","N1","T3","Other/Unknown",0.8899,0.1101,"LOW"
20,"2","N1","T3","Other/Unknown",0.8809,0.1191,"LOW"
21,"2","N1","T3","Other/Unknown",0.8987,0.1013,"LOW"
22,"2","N1","T3","Other/Unknown",0.8999,0.1001,"LOW"
23,"2","N1","T3","Other/Unknown",0.896,0.104,"LOW"
24,"2","N1","T3","Other/Unknown",0.8946,0.1054,"LOW"
25,"2","N1","T3","Other/Unknown",0.8856,0.1144,"LOW"
26,"2","N1","T3","Other/Unknown",0.8853,0.1147,"LOW"
27,"2","N1","T3","Other/Unknown",0.8798,0.1202,"LOW"
28,"2","N1","T3","Other/Unknown",0.8722,0.1278,"LOW"
29,"2","N1","T3","Other/Unknown",0.8337,0.1663,"LOW"
30,"2","N1","T3","Other/Unknown",0.8421,0.1579,"LOW"
31,"2","N1","T3","Other/Unknown",0.8686,0.1314,"LOW"
32,"2","N1","T3","Other/Unknown",0.8499,0.1501,"LOW"
33,"2","N1","T3","Other/Unknown",0.8493,0.1507,"LOW"
34,"2","N1","T3","Other/Unknown",0.8689,0.1311,"LOW"
35,"2","N1","T3","Other/Unknown",0.8607,0.1393,"LOW"
36,"2","N1","T3","Other/Unknown",0.8653,0.1347,"LOW"
37,"2","N1","T3","Other/Unknown",0.8567,0.1433,"LOW"
38,"2","N1","T3","Other/Unknown",0.8716,0.1284,"LOW"
39,"2","N1","T3","Other/Unknown",0.8497,0.1503,"LOW"
40,"2","N1","T3","Other/Unknown",0.8629,0.1371,"LOW"
41,"2","N1","T3","Other/Unknown",0.8595,0.1405,"LOW"
42,"2","N1","T3","Other/Unknown",0.8656,0.1344,"LOW"
43,"2","N1","T3","Other/Unknown",0.8693,0.1307,"LOW"
44,"2","N1","T3","Other/Unknown",0.866,0.134,"LOW"
45,"2","N1","T3","Other/Unknown",0.8665,0.1335,"LOW"
46,"2","N1","T3","Other/Unknown",0.8624,0.1376,"LOW"
47,"2","N1","T3","Other/Unknown",0.8627,0.1373,"LOW"
48,"2","N1","T3","Other/Unknown",0.8607,0.1393,"LOW"
49,"2","N1","T3","Other/Unknown",0.8648,0.1352,"LOW"
50,"2","N1","T3","Other/Unknown",0.868,0.132,"LOW"
51,"2","N1","T3","Other/Unknown",0.8707,0.1293,"LOW"
52,"2","N1","T3","Other/Unknown",0.8715,0.1285,"LOW"
53,"2","N1","T3","Other/Unknown",0.8682,0.1318,"LOW"
54,"2","N1","T3","Other/Unknown",0.8702,0.1298,"LOW"
55,"2","N1","T3","Other/Unknown",0.8714,0.1286,"LOW"
56,"2","N1","T3","Other/Unknown",0.8713,0.1287,"LOW"
57,"2","N1","T3","Other/Unknown",0.87,0.13,"LOW"
58,"2","N1","T3","Other/Unknown",0.87,0.13,"LOW"
59,"2","N1","T3","Other/Unknown",0.8738,0.1262,"LOW"
60,"2","N1","T3","Other/Unknown",0.8714,0.1286,"LOW"
61,"2","N1","T3","Other/Unknown",0.8722,0.1278,"LOW"
62,"2","N1","T3","Other/Unknown",0.8741,0.1259,"LOW"
63,"2","N1","T3","Other/Unknown",0.8756,0.1244,"LOW"
64,"2","N1","T3","Other/Unknown",0.8731,0.1269,"LOW"
65,"2","N1","T3","Other/Unknown",0.8739,0.1261,"LOW"
66,"2","N1","T3","Other/Unknown",0.8743,0.1257,"LOW"
67,"2","N1","T3","Other/Unknown",0.8761,0.1239,"LOW"
68,"2","N1","T3","Other/Unknown",0.8741,0.1259,"LOW"
69,"2","N1","T3","Other/Unknown",0.87,0.13,"LOW"
70,"2","N1","T3","Other/Unknown",0.8727,0.1273,"LOW"
71,"2","N1","T3","Other/Unknown",0.8727,0.1273,"LOW"
72,"2","N1","T3","Other/Unknown",0.8737,0.1263,"LOW"
73,"2","N1","T3","Other/Unknown",0.8705,0.1295,"LOW"
74,"2","N1","T3","Other/Unknown",0.8814,0.1186,"LOW"
75,"2","N1","T3","Other/Unknown",0.8818,0.1182,"LOW"
76,"2","N1","T3","Other/Unknown",0.8807,0.1193,"LOW"
77,"2","N1","T3","Other/Unknown",0.8804,0.1196,"LOW"
78,"2","N1","T3","Other/Unknown",0.8734,0.1266,"LOW"
79,"2","N1","T3","Other/Unknown",0.8781,0.1219,"LOW"
80,"2","N1","T3","Other/Unknown",0.8788,0.1212,"LOW"
81,"2","N1","T3","Other/Unknown",0.8763,0.1237,"LOW"
82,"2","N1","T3","Other/Unknown",0.8863,0.1137,"LOW"
83,"2","N1","T3","Other/Unknown",0.889,0.111,"LOW"
84,"2","N1","T3","Other/Unknown",0.867,0.133,"LOW"
85,"2","N1","T3","Other/Unknown",0.8829,0.1171,"LOW"
86,"2","N1","T3","Other/Unknown",0.8857,0.1143,"LOW"
87,"2","N1","T3","Other/Unknown",0.8912,0.1088,"LOW"
88,"2","N1","T3","Other/Unknown",0.8954,0.1046,"LOW"
89,"2","N1","T3","Other/Unknown",0.8732,0.1268,"LOW"
90,"2","N1","T3","Other/Unknown",0.873,0.127,"LOW"
91,"2","N1","T3","Other/Unknown",0.873,0.127,"LOW"
92,"2","N1","T3","Other/Unknown",0.873,0.127,"LOW"
93,"2","N1","T3","Other/Unknown",0.873,0.127,"LOW"
94,"2","N1","T3","Other/Unknown",0.873,0.127,"LOW"
95,"2","N1","T3","Other/Unknown",0.873,0.127,"LOW"
96,"2","N1","T3","Other/Unknown",0.873,0.127,"LOW"
97,"2","N1","T3","Other/Unknown",0.873,0.127,"LOW"
98,"2","N1","T3","Other/Unknown",0.873,0.127,"LOW"
99,"2","N1","T3","Other/Unknown",0.873,0.127,"LOW"
0,"1","N2","T3","Other/Unknown",0.8307,0.1693,"LOW"
1,"1","N2","T3","Other/Unknown",0.8307,0.1693,"LOW"
2,"1","N2","T3","Other/Unknown",0.8307,0.1693,"LOW"
3,"1","N2","T3","Other/Unknown",0.8307,0.1693,"LOW"
4,"1","N2","T3","Other/Unknown",0.8307,0.1693,"LOW"
5,"1","N2","T3","Other/Unknown",0.8307,0.1693,"LOW"
6,"1","N2","T3","Other/Unknown",0.8307,0.1693,"LOW"
7,"1","N2","T3","Other/Unknown",0.8307,0.1693,"LOW"
8,"1","N2","T3","Other/Unknown",0.8307,0.1693,"LOW"
9,"1","N2","T3","Other/Unknown",0.8307,0.1693,"LOW"
10,"1","N2","T3","Other/Unknown",0.8307,0.1693,"LOW"
11,"1","N2","T3","Other/Unknown",0.8307,0.1693,"LOW"
12,"1","N2","T3","Other/Unknown",0.8307,0.1693,"LOW"
13,"1","N2","T3","Other/Unknown",0.8307,0.1693,"LOW"
14,"1","N2","T3","Other/Unknown",0.8307,0.1693,"LOW"
15,"1","N2","T3","Other/Unknown",0.8307,0.1693,"LOW"
16,"1","N2","T3","Other/Unknown",0.8307,0.1693,"LOW"
17,"1","N2","T3","Other/Unknown",0.8307,0.1693,"LOW"
18,"1","N2","T3","Other/Unknown",0.8263,0.1737,"LOW"
19,"1","N2","T3","Other/Unknown",0.8208,0.1792,"LOW"
20,"1","N2","T3","Other/Unknown",0.8129,0.1871,"LOW"
21,"1","N2","T3","Other/Unknown",0.8129,0.1871,"LOW"
22,"1","N2","T3","Other/Unknown",0.7956,0.2044,"LOW"
23,"1","N2","T3","Other/Unknown",0.7824,0.2176,"LOW"
24,"1","N2","T3","Other/Unknown",0.7529,0.2471,"LOW"
25,"1","N2","T3","Other/Unknown",0.7097,0.2903,"LOW"
26,"1","N2","T3","Other/Unknown",0.6577,0.3423,"LOW"
27,"1","N2","T3","Other/Unknown",0.7088,0.2912,"LOW"
28,"1","N2","T3","Other/Unknown",0.6896,0.3104,"LOW"
29,"1","N2","T3","Other/Unknown",0.7568,0.2432,"LOW"
30,"1","N2","T3","Other/Unknown",0.7604,0.2396,"LOW"
31,"1","N2","T3","Other/Unknown",0.7473,0.2527,"LOW"
32,"1","N2","T3","Other/Unknown",0.7417,0.2583,"LOW"
33,"1","N2","T3","Other/Unknown",0.7771,0.2229,"LOW"
34,"1","N2","T3","Other/Unknown",0.7675,0.2325,"LOW"
35,"1","N2","T3","Other/Unknown",0.7831,0.2169,"LOW"
36,"1","N2","T3","Other/Unknown",0.7937,0.2063,"LOW"
37,"1","N2","T3","Other/Unknown",0.8044,0.1956,"LOW"
38,"1","N2","T3","Other/Unknown",0.8048,0.1952,"LOW"
39,"1","N2","T3","Other/Unknown",0.7906,0.2094,"LOW"
40,"1","N2","T3","Other/Unknown",0.7979,0.2021,"LOW"
41,"1","N2","T3","Other/Unknown",0.7907,0.2093,"LOW"
42,"1","N2","T3","Other/Unknown",0.7814,0.2186,"LOW"
43,"1","N2","T3","Other/Unknown",0.7901,0.2099,"LOW"
44,"1","N2","T3","Other/Unknown",0.7849,0.2151,"LOW"
45,"1","N2","T3","Other/Unknown",0.7825,0.2175,"LOW"
46,"1","N2","T3","Other/Unknown",0.7775,0.2225,"LOW"
47,"1","N2","T3","Other/Unknown",0.7746,0.2254,"LOW"
48,"1","N2","T3","Other/Unknown",0.7784,0.2216,"LOW"
49,"1","N2","T3","Other/Unknown",0.7742,0.2258,"LOW"
50,"1","N2","T3","Other/Unknown",0.7931,0.2069,"LOW"
51,"1","N2","T3","Other/Unknown",0.789,0.211,"LOW"
52,"1","N2","T3","Other/Unknown",0.7988,0.2012,"LOW"
53,"1","N2","T3","Other/Unknown",0.796,0.204,"LOW"
54,"1","N2","T3","Other/Unknown",0.7968,0.2032,"LOW"
55,"1","N2","T3","Other/Unknown",0.7901,0.2099,"LOW"
56,"1","N2","T3","Other/Unknown",0.7904,0.2096,"LOW"
57,"1","N2","T3","Other/Unknown",0.7863,0.2137,"LOW"
58,"1","N2","T3","Other/Unknown",0.796,0.204,"LOW"
59,"1","N2","T3","Other/Unknown",0.7984,0.2016,"LOW"
60,"1","N2","T3","Other/Unknown",0.7873,0.2127,"LOW"
61,"1","N2","T3","Other/Unknown",0.7962,0.2038,"LOW"
62,"1","N2","T3","Other/Unknown",0.7974,0.2026,"LOW"
63,"1","N2","T3","Other/Unknown",0.7918,0.2082,"LOW"
64,"1","N2","T3","Other/Unknown",0.7939,0.2061,"LOW"
65,"1","N2","T3","Other/Unknown",0.7947,0.2053,"LOW"
66,"1","N2","T3","Other/Unknown",0.7981,0.2019,"LOW"
67,"1","N2","T3","Other/Unknown",0.7985,0.2015,"LOW"
68,"1","N2","T3","Other/Unknown",0.7988,0.2012,"LOW"
69,"1","N2","T3","Other/Unknown",0.802,0.198,"LOW"
70,"1","N2","T3","Other/Unknown",0.7994,0.2006,"LOW"
71,"1","N2","T3","Other/Unknown",0.8072,0.1928,"LOW"
72,"1","N2","T3","Other/Unknown",0.7967,0.2033,"LOW"
73,"1","N2","T3","Other/Unknown",0.7973,0.2027,"LOW"
74,"1","N2","T3","Other/Unknown",0.8076,0.1924,"LOW"
75,"1","N2","T3","Other/Unknown",0.8035,0.1965,"LOW"
76,"1","N2","T3","Other/Unknown",0.7959,0.2041,"LOW"
77,"1","N2","T3","Other/Unknown",0.7979,0.2021,"LOW"
78,"1","N2","T3","Other/Unknown",0.7953,0.2047,"LOW"
79,"1","N2","T3","Other/Unknown",0.79,0.21,"LOW"
80,"1","N2","T3","Other/Unknown",0.7747,0.2253,"LOW"
81,"1","N2","T3","Other/Unknown",0.8,0.2,"LOW"
82,"1","N2","T3","Other/Unknown",0.7897,0.2103,"LOW"
83,"1","N2","T3","Other/Unknown",0.7857,0.2143,"LOW"
84,"1","N2","T3","Other/Unknown",0.8093,0.1907,"LOW"
85,"1","N2","T3","Other/Unknown",0.7927,0.2073,"LOW"
86,"1","N2","T3","Other/Unknown",0.7662,0.2338,"LOW"
87,"1","N2","T3","Other/Unknown",0.7733,0.2267,"LOW"
88,"1","N2","T3","Other/Unknown",0.8114,0.1886,"LOW"
89,"1","N2","T3","Other/Unknown",0.7702,0.2298,"LOW"
90,"1","N2","T3","Other/Unknown",0.7504,0.2496,"LOW"
91,"1","N2","T3","Other/Unknown",0.7504,0.2496,"LOW"
92,"1","N2","T3","Other/Unknown",0.7504,0.2496,"LOW"
93,"1","N2","T3","Other/Unknown",0.7504,0.2496,"LOW"
94,"1","N2","T3","Other/Unknown",0.7504,0.2496,"LOW"
95,"1","N2","T3","Other/Unknown",0.7504,0.2496,"LOW"
96,"1","N2","T3","Other/Unknown",0.7504,0.2496,"LOW"
97,"1","N2","T3","Other/Unknown",0.7504,0.2496,"LOW"
98,"1","N2","T3","Other/Unknown",0.7504,0.2496,"LOW"
99,"1","N2","T3","Other/Unknown",0.7504,0.2496,"LOW"
0,"2","N2","T3","Other/Unknown",0.8798,0.1202,"LOW"
1,"2","N2","T3","Other/Unknown",0.8798,0.1202,"LOW"
2,"2","N2","T3","Other/Unknown",0.8798,0.1202,"LOW"
3,"2","N2","T3","Other/Unknown",0.8798,0.1202,"LOW"
4,"2","N2","T3","Other/Unknown",0.8798,0.1202,"LOW"
5,"2","N2","T3","Other/Unknown",0.8798,0.1202,"LOW"
6,"2","N2","T3","Other/Unknown",0.8798,0.1202,"LOW"
7,"2","N2","T3","Other/Unknown",0.8798,0.1202,"LOW"
8,"2","N2","T3","Other/Unknown",0.8798,0.1202,"LOW"
9,"2","N2","T3","Other/Unknown",0.8798,0.1202,"LOW"
10,"2","N2","T3","Other/Unknown",0.8798,0.1202,"LOW"
11,"2","N2","T3","Other/Unknown",0.8798,0.1202,"LOW"
12,"2","N2","T3","Other/Unknown",0.8798,0.1202,"LOW"
13,"2","N2","T3","Other/Unknown",0.8798,0.1202,"LOW"
14,"2","N2","T3","Other/Unknown",0.8798,0.1202,"LOW"
15,"2","N2","T3","Other/Unknown",0.8798,0.1202,"LOW"
16,"2","N2","T3","Other/Unknown",0.8798,0.1202,"LOW"
17,"2","N2","T3","Other/Unknown",0.8798,0.1202,"LOW"
18,"2","N2","T3","Other/Unknown",0.8789,0.1211,"LOW"
19,"2","N2","T3","Other/Unknown",0.8773,0.1227,"LOW"
20,"2","N2","T3","Other/Unknown",0.877,0.123,"LOW"
21,"2","N2","T3","Other/Unknown",0.8765,0.1235,"LOW"
22,"2","N2","T3","Other/Unknown",0.8731,0.1269,"LOW"
23,"2","N2","T3","Other/Unknown",0.8715,0.1285,"LOW"
24,"2","N2","T3","Other/Unknown",0.8664,0.1336,"LOW"
25,"2","N2","T3","Other/Unknown",0.8558,0.1442,"LOW"
26,"2","N2","T3","Other/Unknown",0.8362,0.1638,"LOW"
27,"2","N2","T3","Other/Unknown",0.8403,0.1597,"LOW"
28,"2","N2","T3","Other/Unknown",0.808,0.192,"LOW"
29,"2","N2","T3","Other/Unknown",0.8455,0.1545,"LOW"
30,"2","N2","T3","Other/Unknown",0.852,0.148,"LOW"
31,"2","N2","T3","Other/Unknown",0.8453,0.1547,"LOW"
32,"2","N2","T3","Other/Unknown",0.8411,0.1589,"LOW"
33,"2","N2","T3","Other/Unknown",0.8425,0.1575,"LOW"
34,"2","N2","T3","Other/Unknown",0.8368,0.1632,"LOW"
35,"2","N2","T3","Other/Unknown",0.834,0.166,"LOW"
36,"2","N2","T3","Other/Unknown",0.8081,0.1919,"LOW"
37,"2","N2","T3","Other/Unknown",0.8157,0.1843,"LOW"
38,"2","N2","T3","Other/Unknown",0.8131,0.1869,"LOW"
39,"2","N2","T3","Other/Unknown",0.8255,0.1745,"LOW"
40,"2","N2","T3","Other/Unknown",0.8076,0.1924,"LOW"
41,"2","N2","T3","Other/Unknown",0.8002,0.1998,"LOW"
42,"2","N2","T3","Other/Unknown",0.7858,0.2142,"LOW"
43,"2","N2","T3","Other/Unknown",0.8184,0.1816,"LOW"
44,"2","N2","T3","Other/Unknown",0.8054,0.1946,"LOW"
45,"2","N2","T3","Other/Unknown",0.8169,0.1831,"LOW"
46,"2","N2","T3","Other/Unknown",0.8127,0.1873,"LOW"
47,"2","N2","T3","Other/Unknown",0.8037,0.1963,"LOW"
48,"2","N2","T3","Other/Unknown",0.8018,0.1982,"LOW"
49,"2","N2","T3","Other/Unknown",0.8038,0.1962,"LOW"
50,"2","N2","T3","Other/Unknown",0.8008,0.1992,"LOW"
51,"2","N2","T3","Other/Unknown",0.803,0.197,"LOW"
52,"2","N2","T3","Other/Unknown",0.8049,0.1951,"LOW"
53,"2","N2","T3","Other/Unknown",0.8123,0.1877,"LOW"
54,"2","N2","T3","Other/Unknown",0.8023,0.1977,"LOW"
55,"2","N2","T3","Other/Unknown",0.7946,0.2054,"LOW"
56,"2","N2","T3","Other/Unknown",0.7941,0.2059,"LOW"
57,"2","N2","T3","Other/Unknown",0.7906,0.2094,"LOW"
58,"2","N2","T3","Other/Unknown",0.8021,0.1979,"LOW"
59,"2","N2","T3","Other/Unknown",0.8101,0.1899,"LOW"
60,"2","N2","T3","Other/Unknown",0.7998,0.2002,"LOW"
61,"2","N2","T3","Other/Unknown",0.7984,0.2016,"LOW"
62,"2","N2","T3","Other/Unknown",0.8003,0.1997,"LOW"
63,"2","N2","T3","Other/Unknown",0.8119,0.1881,"LOW"
64,"2","N2","T3","Other/Unknown",0.7951,0.2049,"LOW"
65,"2","N2","T3","Other/Unknown",0.8061,0.1939,"LOW"
66,"2","N2","T3","Other/Unknown",0.8122,0.1878,"LOW"
67,"2","N2","T3","Other/Unknown",0.7982,0.2018,"LOW"
68,"2","N2","T3","Other/Unknown",0.8096,0.1904,"LOW"
69,"2","N2","T3","Other/Unknown",0.8052,0.1948,"LOW"
70,"2","N2","T3","Other/Unknown",0.8021,0.1979,"LOW"
71,"2","N2","T3","Other/Unknown",0.7981,0.2019,"LOW"
72,"2","N2","T3","Other/Unknown",0.7939,0.2061,"LOW"
73,"2","N2","T3","Other/Unknown",0.8001,0.1999,"LOW"
74,"2","N2","T3","Other/Unknown",0.8068,0.1932,"LOW"
75,"2","N2","T3","Other/Unknown",0.8131,0.1869,"LOW"
76,"2","N2","T3","Other/Unknown",0.8142,0.1858,"LOW"
77,"2","N2","T3","Other/Unknown",0.8091,0.1909,"LOW"
78,"2","N2","T3","Other/Unknown",0.8085,0.1915,"LOW"
79,"2","N2","T3","Other/Unknown",0.8177,0.1823,"LOW"
80,"2","N2","T3","Other/Unknown",0.7852,0.2148,"LOW"
81,"2","N2","T3","Other/Unknown",0.8219,0.1781,"LOW"
82,"2","N2","T3","Other/Unknown",0.8238,0.1762,"LOW"
83,"2","N2","T3","Other/Unknown",0.8031,0.1969,"LOW"
84,"2","N2","T3","Other/Unknown",0.8073,0.1927,"LOW"
85,"2","N2","T3","Other/Unknown",0.8034,0.1966,"LOW"
86,"2","N2","T3","Other/Unknown",0.8196,0.1804,"LOW"
87,"2","N2","T3","Other/Unknown",0.799,0.201,"LOW"
88,"2","N2","T3","Other/Unknown",0.8046,0.1954,"LOW"
89,"2","N2","T3","Other/Unknown",0.8027,0.1973,"LOW"
90,"2","N2","T3","Other/Unknown",0.7401,0.2599,"LOW"
91,"2","N2","T3","Other/Unknown",0.7401,0.2599,"LOW"
92,"2","N2","T3","Other/Unknown",0.7401,0.2599,"LOW"
93,"2","N2","T3","Other/Unknown",0.7401,0.2599,"LOW"
94,"2","N2","T3","Other/Unknown",0.7401,0.2599,"LOW"
95,"2","N2","T3","Other/Unknown",0.7401,0.2599,"LOW"
96,"2","N2","T3","Other/Unknown",0.7401,0.2599,"LOW"
97,"2","N2","T3","Other/Unknown",0.7401,0.2599,"LOW"
98,"2","N2","T3","Other/Unknown",0.7401,0.2599,"LOW"
99,"2","N2","T3","Other/Unknown",0.7401,0.2599,"LOW"
0,"1","Other/Unknown","T3","Other/Unknown",0.7696,0.2304,"LOW"
1,"1","Other/Unknown","T3","Other/Unknown",0.7696,0.2304,"LOW"
2,"1","Other/Unknown","T3","Other/Unknown",0.7689,0.2311,"LOW"
3,"1","Other/Unknown","T3","Other/Unknown",0.7689,0.2311,"LOW"
4,"1","Other/Unknown","T3","Other/Unknown",0.7689,0.2311,"LOW"
5,"1","Other/Unknown","T3","Other/Unknown",0.7689,0.2311,"LOW"
6,"1","Other/Unknown","T3","Other/Unknown",0.7689,0.2311,"LOW"
7,"1","Other/Unknown","T3","Other/Unknown",0.7689,0.2311,"LOW"
8,"1","Other/Unknown","T3","Other/Unknown",0.7689,0.2311,"LOW"
9,"1","Other/Unknown","T3","Other/Unknown",0.7689,0.2311,"LOW"
10,"1","Other/Unknown","T3","Other/Unknown",0.7689,0.2311,"LOW"
11,"1","Other/Unknown","T3","Other/Unknown",0.7689,0.2311,"LOW"
12,"1","Other/Unknown","T3","Other/Unknown",0.7689,0.2311,"LOW"
13,"1","Other/Unknown","T3","Other/Unknown",0.7689,0.2311,"LOW"
14,"1","Other/Unknown","T3","Other/Unknown",0.7689,0.2311,"LOW"
15,"1","Other/Unknown","T3","Other/Unknown",0.7689,0.2311,"LOW"
16,"1","Other/Unknown","T3","Other/Unknown",0.7689,0.2311,"LOW"
17,"1","Other/Unknown","T3","Other/Unknown",0.7689,0.2311,"LOW"
18,"1","Other/Unknown","T3","Other/Unknown",0.7689,0.2311,"LOW"
19,"1","Other/Unknown","T3","Other/Unknown",0.7689,0.2311,"LOW"
20,"1","Other/Unknown","T3","Other/Unknown",0.7689,0.2311,"LOW"
21,"1","Other/Unknown","T3","Other/Unknown",0.7689,0.2311,"LOW"
22,"1","Other/Unknown","T3","Other/Unknown",0.7689,0.2311,"LOW"
23,"1","Other/Unknown","T3","Other/Unknown",0.7688,0.2312,"LOW"
24,"1","Other/Unknown","T3","Other/Unknown",0.764,0.236,"LOW"
25,"1","Other/Unknown","T3","Other/Unknown",0.7575,0.2425,"LOW"
26,"1","Other/Unknown","T3","Other/Unknown",0.7508,0.2492,"LOW"
27,"1","Other/Unknown","T3","Other/Unknown",0.7433,0.2567,"LOW"
28,"1","Other/Unknown","T3","Other/Unknown",0.7315,0.2685,"LOW"
29,"1","Other/Unknown","T3","Other/Unknown",0.7231,0.2769,"LOW"
30,"1","Other/Unknown","T3","Other/Unknown",0.7158,0.2842,"LOW"
31,"1","Other/Unknown","T3","Other/Unknown",0.7066,0.2934,"LOW"
32,"1","Other/Unknown","T3","Other/Unknown",0.695,0.305,"LOW"
33,"1","Other/Unknown","T3","Other/Unknown",0.7466,0.2534,"LOW"
34,"1","Other/Unknown","T3","Other/Unknown",0.7529,0.2471,"LOW"
35,"1","Other/Unknown","T3","Other/Unknown",0.7053,0.2947,"LOW"
36,"1","Other/Unknown","T3","Other/Unknown",0.7448,0.2552,"LOW"
37,"1","Other/Unknown","T3","Other/Unknown",0.7497,0.2503,"LOW"
38,"1","Other/Unknown","T3","Other/Unknown",0.7516,0.2484,"LOW"
39,"1","Other/Unknown","T3","Other/Unknown",0.7529,0.2471,"LOW"
40,"1","Other/Unknown","T3","Other/Unknown",0.7554,0.2446,"LOW"
41,"1","Other/Unknown","T3","Other/Unknown",0.7519,0.2481,"LOW"
42,"1","Other/Unknown","T3","Other/Unknown",0.7464,0.2536,"LOW"
43,"1","Other/Unknown","T3","Other/Unknown",0.7088,0.2912,"LOW"
44,"1","Other/Unknown","T3","Other/Unknown",0.6752,0.3248,"LOW"
45,"1","Other/Unknown","T3","Other/Unknown",0.7288,0.2712,"LOW"
46,"1","Other/Unknown","T3","Other/Unknown",0.7239,0.2761,"LOW"
47,"1","Other/Unknown","T3","Other/Unknown",0.7375,0.2625,"LOW"
48,"1","Other/Unknown","T3","Other/Unknown",0.7339,0.2661,"LOW"
49,"1","Other/Unknown","T3","Other/Unknown",0.7063,0.2937,"LOW"
50,"1","Other/Unknown","T3","Other/Unknown",0.6926,0.3074,"LOW"
51,"1","Other/Unknown","T3","Other/Unknown",0.7011,0.2989,"LOW"
52,"1","Other/Unknown","T3","Other/Unknown",0.712,0.288,"LOW"
53,"1","Other/Unknown","T3","Other/Unknown",0.6854,0.3146,"LOW"
54,"1","Other/Unknown","T3","Other/Unknown",0.6738,0.3262,"LOW"
55,"1","Other/Unknown","T3","Other/Unknown",0.6863,0.3137,"LOW"
56,"1","Other/Unknown","T3","Other/Unknown",0.6961,0.3039,"LOW"
57,"1","Other/Unknown","T3","Other/Unknown",0.7117,0.2883,"LOW"
58,"1","Other/Unknown","T3","Other/Unknown",0.7107,0.2893,"LOW"
59,"1","Other/Unknown","T3","Other/Unknown",0.7112,0.2888,"LOW"
60,"1","Other/Unknown","T3","Other/Unknown",0.7363,0.2637,"LOW"
61,"1","Other/Unknown","T3","Other/Unknown",0.7387,0.2613,"LOW"
62,"1","Other/Unknown","T3","Other/Unknown",0.7146,0.2854,"LOW"
63,"1","Other/Unknown","T3","Other/Unknown",0.7202,0.2798,"LOW"
64,"1","Other/Unknown","T3","Other/Unknown",0.7334,0.2666,"LOW"
65,"1","Other/Unknown","T3","Other/Unknown",0.7303,0.2697,"LOW"
66,"1","Other/Unknown","T3","Other/Unknown",0.7348,0.2652,"LOW"
67,"1","Other/Unknown","T3","Other/Unknown",0.74,0.26,"LOW"
68,"1","Other/Unknown","T3","Other/Unknown",0.7465,0.2535,"LOW"
69,"1","Other/Unknown","T3","Other/Unknown",0.7411,0.2589,"LOW"
70,"1","Other/Unknown","T3","Other/Unknown",0.7433,0.2567,"LOW"
71,"1","Other/Unknown","T3","Other/Unknown",0.727,0.273,"LOW"
72,"1","Other/Unknown","T3","Other/Unknown",0.7133,0.2867,"LOW"
73,"1","Other/Unknown","T3","Other/Unknown",0.7313,0.2687,"LOW"
74,"1","Other/Unknown","T3","Other/Unknown",0.727,0.273,"LOW"
75,"1","Other/Unknown","T3","Other/Unknown",0.7204,0.2796,"LOW"
76,"1","Other/Unknown","T3","Other/Unknown",0.7258,0.2742,"LOW"
77,"1","Other/Unknown","T3","Other/Unknown",0.724,0.276,"LOW"
78,"1","Other/Unknown","T3","Other/Unknown",0.7254,0.2746,"LOW"
79,"1","Other/Unknown","T3","Other/Unknown",0.7209,0.2791,"LOW"
80,"1","Other/Unknown","T3","Other/Unknown",0.6615,0.3385,"LOW"
81,"1","Other/Unknown","T3","Other/Unknown",0.7152,0.2848,"LOW"
82,"1","Other/Unknown","T3","Other/Unknown",0.6994,0.3006,"LOW"
83,"1","Other/Unknown","T3","Other/Unknown",0.6834,0.3166,"LOW"
84,"1","Other/Unknown","T3","Other/Unknown",0.6841,0.3159,"LOW"
85,"1","Other/Unknown","T3","Other/Unknown",0.679,0.321,"LOW"
86,"1","Other/Unknown","T3","Other/Unknown",0.7071,0.2929,"LOW"
87,"1","Other/Unknown","T3","Other/Unknown",0.677,0.323,"LOW"
88,"1","Other/Unknown","T3","Other/Unknown",0.7341,0.2659,"LOW"
89,"1","Other/Unknown","T3","Other/Unknown",0.7201,0.2799,"LOW"
90,"1","Other/Unknown","T3","Other/Unknown",0.6467,0.3533,"LOW"
91,"1","Other/Unknown","T3","Other/Unknown",0.6467,0.3533,"LOW"
92,"1","Other/Unknown","T3","Other/Unknown",0.6467,0.3533,"LOW"
93,"1","Other/Unknown","T3","Other/Unknown",0.6467,0.3533,"LOW"
94,"1","Other/Unknown","T3","Other/Unknown",0.6467,0.3533,"LOW"
95,"1","Other/Unknown","T3","Other/Unknown",0.6467,0.3533,"LOW"
96,"1","Other/Unknown","T3","Other/Unknown",0.6467,0.3533,"LOW"
97,"1","Other/Unknown","T3","Other/Unknown",0.6467,0.3533,"LOW"
98,"1","Other/Unknown","T3","Other/Unknown",0.6467,0.3533,"LOW"
99,"1","Other/Unknown","T3","Other/Unknown",0.6467,0.3533,"LOW"
0,"2","Other/Unknown","T3","Other/Unknown",0.8185,0.1815,"LOW"
1,"2","Other/Unknown","T3","Other/Unknown",0.8185,0.1815,"LOW"
2,"2","Other/Unknown","T3","Other/Unknown",0.8185,0.1815,"LOW"
3,"2","Other/Unknown","T3","Other/Unknown",0.8185,0.1815,"LOW"
4,"2","Other/Unknown","T3","Other/Unknown",0.8185,0.1815,"LOW"
5,"2","Other/Unknown","T3","Other/Unknown",0.8185,0.1815,"LOW"
6,"2","Other/Unknown","T3","Other/Unknown",0.8185,0.1815,"LOW"
7,"2","Other/Unknown","T3","Other/Unknown",0.8185,0.1815,"LOW"
8,"2","Other/Unknown","T3","Other/Unknown",0.8179,0.1821,"LOW"
9,"2","Other/Unknown","T3","Other/Unknown",0.8179,0.1821,"LOW"
10,"2","Other/Unknown","T3","Other/Unknown",0.8179,0.1821,"LOW"
11,"2","Other/Unknown","T3","Other/Unknown",0.8179,0.1821,"LOW"
12,"2","Other/Unknown","T3","Other/Unknown",0.8179,0.1821,"LOW"
13,"2","Other/Unknown","T3","Other/Unknown",0.8179,0.1821,"LOW"
14,"2","Other/Unknown","T3","Other/Unknown",0.8179,0.1821,"LOW"
15,"2","Other/Unknown","T3","Other/Unknown",0.8179,0.1821,"LOW"
16,"2","Other/Unknown","T3","Other/Unknown",0.8179,0.1821,"LOW"
17,"2","Other/Unknown","T3","Other/Unknown",0.8179,0.1821,"LOW"
18,"2","Other/Unknown","T3","Other/Unknown",0.8179,0.1821,"LOW"
19,"2","Other/Unknown","T3","Other/Unknown",0.8179,0.1821,"LOW"
20,"2","Other/Unknown","T3","Other/Unknown",0.817,0.183,"LOW"
21,"2","Other/Unknown","T3","Other/Unknown",0.817,0.183,"LOW"
22,"2","Other/Unknown","T3","Other/Unknown",0.817,0.183,"LOW"
23,"2","Other/Unknown","T3","Other/Unknown",0.8168,0.1832,"LOW"
24,"2","Other/Unknown","T3","Other/Unknown",0.817,0.183,"LOW"
25,"2","Other/Unknown","T3","Other/Unknown",0.8145,0.1855,"LOW"
26,"2","Other/Unknown","T3","Other/Unknown",0.8106,0.1894,"LOW"
27,"2","Other/Unknown","T3","Other/Unknown",0.8106,0.1894,"LOW"
28,"2","Other/Unknown","T3","Other/Unknown",0.8046,0.1954,"LOW"
29,"2","Other/Unknown","T3","Other/Unknown",0.8009,0.1991,"LOW"
30,"2","Other/Unknown","T3","Other/Unknown",0.799,0.201,"LOW"
31,"2","Other/Unknown","T3","Other/Unknown",0.7915,0.2085,"LOW"
32,"2","Other/Unknown","T3","Other/Unknown",0.7901,0.2099,"LOW"
33,"2","Other/Unknown","T3","Other/Unknown",0.8078,0.1922,"LOW"
34,"2","Other/Unknown","T3","Other/Unknown",0.8133,0.1867,"LOW"
35,"2","Other/Unknown","T3","Other/Unknown",0.8089,0.1911,"LOW"
36,"2","Other/Unknown","T3","Other/Unknown",0.8129,0.1871,"LOW"
37,"2","Other/Unknown","T3","Other/Unknown",0.8095,0.1905,"LOW"
38,"2","Other/Unknown","T3","Other/Unknown",0.8004,0.1996,"LOW"
39,"2","Other/Unknown","T3","Other/Unknown",0.7951,0.2049,"LOW"
40,"2","Other/Unknown","T3","Other/Unknown",0.7868,0.2132,"LOW"
41,"2","Other/Unknown","T3","Other/Unknown",0.7786,0.2214,"LOW"
42,"2","Other/Unknown","T3","Other/Unknown",0.7725,0.2275,"LOW"
43,"2","Other/Unknown","T3","Other/Unknown",0.7599,0.2401,"LOW"
44,"2","Other/Unknown","T3","Other/Unknown",0.7279,0.2721,"LOW"
45,"2","Other/Unknown","T3","Other/Unknown",0.7206,0.2794,"LOW"
46,"2","Other/Unknown","T3","Other/Unknown",0.6579,0.3421,"LOW"
47,"2","Other/Unknown","T3","Other/Unknown",0.6552,0.3448,"LOW"
48,"2","Other/Unknown","T3","Other/Unknown",0.6388,0.3612,"LOW"
49,"2","Other/Unknown","T3","Other/Unknown",0.6707,0.3293,"LOW"
50,"2","Other/Unknown","T3","Other/Unknown",0.6575,0.3425,"LOW"
51,"2","Other/Unknown","T3","Other/Unknown",0.6517,0.3483,"LOW"
52,"2","Other/Unknown","T3","Other/Unknown",0.6658,0.3342,"LOW"
53,"2","Other/Unknown","T3","Other/Unknown",0.6705,0.3295,"LOW"
54,"2","Other/Unknown","T3","Other/Unknown",0.6854,0.3146,"LOW"
55,"2","Other/Unknown","T3","Other/Unknown",0.6852,0.3148,"LOW"
56,"2","Other/Unknown","T3","Other/Unknown",0.6698,0.3302,"LOW"
57,"2","Other/Unknown","T3","Other/Unknown",0.7249,0.2751,"LOW"
58,"2","Other/Unknown","T3","Other/Unknown",0.7223,0.2777,"LOW"
59,"2","Other/Unknown","T3","Other/Unknown",0.709,0.291,"LOW"
60,"2","Other/Unknown","T3","Other/Unknown",0.7167,0.2833,"LOW"
61,"2","Other/Unknown","T3","Other/Unknown",0.7334,0.2666,"LOW"
62,"2","Other/Unknown","T3","Other/Unknown",0.7296,0.2704,"LOW"
63,"2","Other/Unknown","T3","Other/Unknown",0.741,0.259,"LOW"
64,"2","Other/Unknown","T3","Other/Unknown",0.7554,0.2446,"LOW"
65,"2","Other/Unknown","T3","Other/Unknown",0.7611,0.2389,"LOW"
66,"2","Other/Unknown","T3","Other/Unknown",0.7603,0.2397,"LOW"
67,"2","Other/Unknown","T3","Other/Unknown",0.7515,0.2485,"LOW"
68,"2","Other/Unknown","T3","Other/Unknown",0.755,0.245,"LOW"
69,"2","Other/Unknown","T3","Other/Unknown",0.7529,0.2471,"LOW"
70,"2","Other/Unknown","T3","Other/Unknown",0.7139,0.2861,"LOW"
71,"2","Other/Unknown","T3","Other/Unknown",0.7134,0.2866,"LOW"
72,"2","Other/Unknown","T3","Other/Unknown",0.6766,0.3234,"LOW"
73,"2","Other/Unknown","T3","Other/Unknown",0.6851,0.3149,"LOW"
74,"2","Other/Unknown","T3","Other/Unknown",0.6755,0.3245,"LOW"
75,"2","Other/Unknown","T3","Other/Unknown",0.72,0.28,"LOW"
76,"2","Other/Unknown","T3","Other/Unknown",0.7237,0.2763,"LOW"
77,"2","Other/Unknown","T3","Other/Unknown",0.6898,0.3102,"LOW"
78,"2","Other/Unknown","T3","Other/Unknown",0.7224,0.2776,"LOW"
79,"2","Other/Unknown","T3","Other/Unknown",0.7433,0.2567,"LOW"
80,"2","Other/Unknown","T3","Other/Unknown",0.7516,0.2484,"LOW"
81,"2","Other/Unknown","T3","Other/Unknown",0.7158,0.2842,"LOW"
82,"2","Other/Unknown","T3","Other/Unknown",0.7303,0.2697,"LOW"
83,"2","Other/Unknown","T3","Other/Unknown",0.7424,0.2576,"LOW"
84,"2","Other/Unknown","T3","Other/Unknown",0.7591,0.2409,"LOW"
85,"2","Other/Unknown","T3","Other/Unknown",0.7122,0.2878,"LOW"
86,"2","Other/Unknown","T3","Other/Unknown",0.7663,0.2337,"LOW"
87,"2","Other/Unknown","T3","Other/Unknown",0.7558,0.2442,"LOW"
88,"2","Other/Unknown","T3","Other/Unknown",0.7513,0.2487,"LOW"
89,"2","Other/Unknown","T3","Other/Unknown",0.6633,0.3367,"LOW"
90,"2","Other/Unknown","T3","Other/Unknown",0.7218,0.2782,"LOW"
91,"2","Other/Unknown","T3","Other/Unknown",0.7218,0.2782,"LOW"
92,"2","Other/Unknown","T3","Other/Unknown",0.7218,0.2782,"LOW"
93,"2","Other/Unknown","T3","Other/Unknown",0.7218,0.2782,"LOW"
94,"2","Other/Unknown","T3","Other/Unknown",0.7218,0.2782,"LOW"
95,"2","Other/Unknown","T3","Other/Unknown",0.7218,0.2782,"LOW"
96,"2","Other/Unknown","T3","Other/Unknown",0.7218,0.2782,"LOW"
97,"2","Other/Unknown","T3","Other/Unknown",0.7218,0.2782,"LOW"
98,"2","Other/Unknown","T3","Other/Unknown",0.7218,0.2782,"LOW"
99,"2","Other/Unknown","T3","Other/Unknown",0.7218,0.2782,"LOW"
0,"1","N0","T4","Other/Unknown",0.8322,0.1678,"LOW"
1,"1","N0","T4","Other/Unknown",0.8322,0.1678,"LOW"
2,"1","N0","T4","Other/Unknown",0.8322,0.1678,"LOW"
3,"1","N0","T4","Other/Unknown",0.8322,0.1678,"LOW"
4,"1","N0","T4","Other/Unknown",0.8322,0.1678,"LOW"
5,"1","N0","T4","Other/Unknown",0.8322,0.1678,"LOW"
6,"1","N0","T4","Other/Unknown",0.8322,0.1678,"LOW"
7,"1","N0","T4","Other/Unknown",0.8322,0.1678,"LOW"
8,"1","N0","T4","Other/Unknown",0.8322,0.1678,"LOW"
9,"1","N0","T4","Other/Unknown",0.8322,0.1678,"LOW"
10,"1","N0","T4","Other/Unknown",0.8322,0.1678,"LOW"
11,"1","N0","T4","Other/Unknown",0.8322,0.1678,"LOW"
12,"1","N0","T4","Other/Unknown",0.8322,0.1678,"LOW"
13,"1","N0","T4","Other/Unknown",0.8322,0.1678,"LOW"
14,"1","N0","T4","Other/Unknown",0.8322,0.1678,"LOW"
15,"1","N0","T4","Other/Unknown",0.8322,0.1678,"LOW"
16,"1","N0","T4","Other/Unknown",0.8322,0.1678,"LOW"
17,"1","N0","T4","Other/Unknown",0.8322,0.1678,"LOW"
18,"1","N0","T4","Other/Unknown",0.8298,0.1702,"LOW"
19,"1","N0","T4","Other/Unknown",0.8275,0.1725,"LOW"
20,"1","N0","T4","Other/Unknown",0.8217,0.1783,"LOW"
21,"1","N0","T4","Other/Unknown",0.8155,0.1845,"LOW"
22,"1","N0","T4","Other/Unknown",0.802,0.198,"LOW"
23,"1","N0","T4","Other/Unknown",0.7957,0.2043,"LOW"
24,"1","N0","T4","Other/Unknown",0.7847,0.2153,"LOW"
25,"1","N0","T4","Other/Unknown",0.7803,0.2197,"LOW"
26,"1","N0","T4","Other/Unknown",0.7747,0.2253,"LOW"
27,"1","N0","T4","Other/Unknown",0.7674,0.2326,"LOW"
28,"1","N0","T4","Other/Unknown",0.7615,0.2385,"LOW"
29,"1","N0","T4","Other/Unknown",0.7751,0.2249,"LOW"
30,"1","N0","T4","Other/Unknown",0.704,0.296,"LOW"
31,"1","N0","T4","Other/Unknown",0.7193,0.2807,"LOW"
32,"1","N0","T4","Other/Unknown",0.7379,0.2621,"LOW"
33,"1","N0","T4","Other/Unknown",0.7425,0.2575,"LOW"
34,"1","N0","T4","Other/Unknown",0.7624,0.2376,"LOW"
35,"1","N0","T4","Other/Unknown",0.7778,0.2222,"LOW"
36,"1","N0","T4","Other/Unknown",0.7713,0.2287,"LOW"
37,"1","N0","T4","Other/Unknown",0.7715,0.2285,"LOW"
38,"1","N0","T4","Other/Unknown",0.7773,0.2227,"LOW"
39,"1","N0","T4","Other/Unknown",0.7612,0.2388,"LOW"
40,"1","N0","T4","Other/Unknown",0.7803,0.2197,"LOW"
41,"1","N0","T4","Other/Unknown",0.7704,0.2296,"LOW"
42,"1","N0","T4","Other/Unknown",0.7668,0.2332,"LOW"
43,"1","N0","T4","Other/Unknown",0.7773,0.2227,"LOW"
44,"1","N0","T4","Other/Unknown",0.7689,0.2311,"LOW"
45,"1","N0","T4","Other/Unknown",0.7655,0.2345,"LOW"
46,"1","N0","T4","Other/Unknown",0.7628,0.2372,"LOW"
47,"1","N0","T4","Other/Unknown",0.7661,0.2339,"LOW"
48,"1","N0","T4","Other/Unknown",0.7673,0.2327,"LOW"
49,"1","N0","T4","Other/Unknown",0.7485,0.2515,"LOW"
50,"1","N0","T4","Other/Unknown",0.756,0.244,"LOW"
51,"1","N0","T4","Other/Unknown",0.748,0.252,"LOW"
52,"1","N0","T4","Other/Unknown",0.7611,0.2389,"LOW"
53,"1","N0","T4","Other/Unknown",0.7572,0.2428,"LOW"
54,"1","N0","T4","Other/Unknown",0.7583,0.2417,"LOW"
55,"1","N0","T4","Other/Unknown",0.7512,0.2488,"LOW"
56,"1","N0","T4","Other/Unknown",0.7576,0.2424,"LOW"
57,"1","N0","T4","Other/Unknown",0.7694,0.2306,"LOW"
58,"1","N0","T4","Other/Unknown",0.7701,0.2299,"LOW"
59,"1","N0","T4","Other/Unknown",0.7677,0.2323,"LOW"
60,"1","N0","T4","Other/Unknown",0.7732,0.2268,"LOW"
61,"1","N0","T4","Other/Unknown",0.7657,0.2343,"LOW"
62,"1","N0","T4","Other/Unknown",0.7743,0.2257,"LOW"
63,"1","N0","T4","Other/Unknown",0.7741,0.2259,"LOW"
64,"1","N0","T4","Other/Unknown",0.7601,0.2399,"LOW"
65,"1","N0","T4","Other/Unknown",0.7618,0.2382,"LOW"
66,"1","N0","T4","Other/Unknown",0.7611,0.2389,"LOW"
67,"1","N0","T4","Other/Unknown",0.7645,0.2355,"LOW"
68,"1","N0","T4","Other/Unknown",0.7669,0.2331,"LOW"
69,"1","N0","T4","Other/Unknown",0.7672,0.2328,"LOW"
70,"1","N0","T4","Other/Unknown",0.7645,0.2355,"LOW"
71,"1","N0","T4","Other/Unknown",0.7674,0.2326,"LOW"
72,"1","N0","T4","Other/Unknown",0.7594,0.2406,"LOW"
73,"1","N0","T4","Other/Unknown",0.7586,0.2414,"LOW"
74,"1","N0","T4","Other/Unknown",0.7457,0.2543,"LOW"
75,"1","N0","T4","Other/Unknown",0.7534,0.2466,"LOW"
76,"1","N0","T4","Other/Unknown",0.7585,0.2415,"LOW"
77,"1","N0","T4","Other/Unknown",0.7542,0.2458,"LOW"
78,"1","N0","T4","Other/Unknown",0.7637,0.2363,"LOW"
79,"1","N0","T4","Other/Unknown",0.7519,0.2481,"LOW"
80,"1","N0","T4","Other/Unknown",0.7573,0.2427,"LOW"
81,"1","N0","T4","Other/Unknown",0.7624,0.2376,"LOW"
82,"1","N0","T4","Other/Unknown",0.7339,0.2661,"LOW"
83,"1","N0","T4","Other/Unknown",0.7508,0.2492,"LOW"
84,"1","N0","T4","Other/Unknown",0.7825,0.2175,"LOW"
85,"1","N0","T4","Other/Unknown",0.7657,0.2343,"LOW"
86,"1","N0","T4","Other/Unknown",0.7758,0.2242,"LOW"
87,"1","N0","T4","Other/Unknown",0.7481,0.2519,"LOW"
88,"1","N0","T4","Other/Unknown",0.7688,0.2312,"LOW"
89,"1","N0","T4","Other/Unknown",0.7867,0.2133,"LOW"
90,"1","N0","T4","Other/Unknown",0.7746,0.2254,"LOW"
91,"1","N0","T4","Other/Unknown",0.7746,0.2254,"LOW"
92,"1","N0","T4","Other/Unknown",0.7746,0.2254,"LOW"
93,"1","N0","T4","Other/Unknown",0.7746,0.2254,"LOW"
94,"1","N0","T4","Other/Unknown",0.7746,0.2254,"LOW"
95,"1","N0","T4","Other/Unknown",0.7746,0.2254,"LOW"
96,"1","N0","T4","Other/Unknown",0.7746,0.2254,"LOW"
97,"1","N0","T4","Other/Unknown",0.7746,0.2254,"LOW"
98,"1","N0","T4","Other/Unknown",0.7746,0.2254,"LOW"
99,"1","N0","T4","Other/Unknown",0.7746,0.2254,"LOW"
0,"2","N0","T4","Other/Unknown",0.6801,0.3199,"LOW"
1,"2","N0","T4","Other/Unknown",0.6801,0.3199,"LOW"
2,"2","N0","T4","Other/Unknown",0.6801,0.3199,"LOW"
3,"2","N0","T4","Other/Unknown",0.6801,0.3199,"LOW"
4,"2","N0","T4","Other/Unknown",0.6801,0.3199,"LOW"
5,"2","N0","T4","Other/Unknown",0.6801,0.3199,"LOW"
6,"2","N0","T4","Other/Unknown",0.6801,0.3199,"LOW"
7,"2","N0","T4","Other/Unknown",0.6801,0.3199,"LOW"
8,"2","N0","T4","Other/Unknown",0.6801,0.3199,"LOW"
9,"2","N0","T4","Other/Unknown",0.6801,0.3199,"LOW"
10,"2","N0","T4","Other/Unknown",0.6801,0.3199,"LOW"
11,"2","N0","T4","Other/Unknown",0.6801,0.3199,"LOW"
12,"2","N0","T4","Other/Unknown",0.6801,0.3199,"LOW"
13,"2","N0","T4","Other/Unknown",0.6801,0.3199,"LOW"
14,"2","N0","T4","Other/Unknown",0.6801,0.3199,"LOW"
15,"2","N0","T4","Other/Unknown",0.6801,0.3199,"LOW"
16,"2","N0","T4","Other/Unknown",0.6801,0.3199,"LOW"
17,"2","N0","T4","Other/Unknown",0.6801,0.3199,"LOW"
18,"2","N0","T4","Other/Unknown",0.6781,0.3219,"LOW"
19,"2","N0","T4","Other/Unknown",0.6781,0.3219,"LOW"
20,"2","N0","T4","Other/Unknown",0.6758,0.3242,"LOW"
21,"2","N0","T4","Other/Unknown",0.6707,0.3293,"LOW"
22,"2","N0","T4","Other/Unknown",0.6624,0.3376,"LOW"
23,"2","N0","T4","Other/Unknown",0.661,0.339,"LOW"
24,"2","N0","T4","Other/Unknown",0.6565,0.3435,"LOW"
25,"2","N0","T4","Other/Unknown",0.6505,0.3495,"LOW"
26,"2","N0","T4","Other/Unknown",0.6472,0.3528,"LOW"
27,"2","N0","T4","Other/Unknown",0.6402,0.3598,"LOW"
28,"2","N0","T4","Other/Unknown",0.6298,0.3702,"LOW"
29,"2","N0","T4","Other/Unknown",0.7092,0.2908,"LOW"
30,"2","N0","T4","Other/Unknown",0.7802,0.2198,"LOW"
31,"2","N0","T4","Other/Unknown",0.7968,0.2032,"LOW"
32,"2","N0","T4","Other/Unknown",0.8032,0.1968,"LOW"
33,"2","N0","T4","Other/Unknown",0.769,0.231,"LOW"
34,"2","N0","T4","Other/Unknown",0.7844,0.2156,"LOW"
35,"2","N0","T4","Other/Unknown",0.8014,0.1986,"LOW"
36,"2","N0","T4","Other/Unknown",0.8091,0.1909,"LOW"
37,"2","N0","T4","Other/Unknown",0.8212,0.1788,"LOW"
38,"2","N0","T4","Other/Unknown",0.7885,0.2115,"LOW"
39,"2","N0","T4","Other/Unknown",0.8127,0.1873,"LOW"
40,"2","N0","T4","Other/Unknown",0.8208,0.1792,"LOW"
41,"2","N0","T4","Other/Unknown",0.8207,0.1793,"LOW"
42,"2","N0","T4","Other/Unknown",0.8006,0.1994,"LOW"
43,"2","N0","T4","Other/Unknown",0.8132,0.1868,"LOW"
44,"2","N0","T4","Other/Unknown",0.8023,0.1977,"LOW"
45,"2","N0","T4","Other/Unknown",0.8068,0.1932,"LOW"
46,"2","N0","T4","Other/Unknown",0.7994,0.2006,"LOW"
47,"2","N0","T4","Other/Unknown",0.8013,0.1987,"LOW"
48,"2","N0","T4","Other/Unknown",0.7795,0.2205,"LOW"
49,"2","N0","T4","Other/Unknown",0.7941,0.2059,"LOW"
50,"2","N0","T4","Other/Unknown",0.7964,0.2036,"LOW"
51,"2","N0","T4","Other/Unknown",0.7946,0.2054,"LOW"
52,"2","N0","T4","Other/Unknown",0.7954,0.2046,"LOW"
53,"2","N0","T4","Other/Unknown",0.7848,0.2152,"LOW"
54,"2","N0","T4","Other/Unknown",0.7941,0.2059,"LOW"
55,"2","N0","T4","Other/Unknown",0.7806,0.2194,"LOW"
56,"2","N0","T4","Other/Unknown",0.7896,0.2104,"LOW"
57,"2","N0","T4","Other/Unknown",0.7858,0.2142,"LOW"
58,"2","N0","T4","Other/Unknown",0.7921,0.2079,"LOW"
59,"2","N0","T4","Other/Unknown",0.7824,0.2176,"LOW"
60,"2","N0","T4","Other/Unknown",0.7863,0.2137,"LOW"
61,"2","N0","T4","Other/Unknown",0.7953,0.2047,"LOW"
62,"2","N0","T4","Other/Unknown",0.7944,0.2056,"LOW"
63,"2","N0","T4","Other/Unknown",0.7913,0.2087,"LOW"
64,"2","N0","T4","Other/Unknown",0.7715,0.2285,"LOW"
65,"2","N0","T4","Other/Unknown",0.7733,0.2267,"LOW"
66,"2","N0","T4","Other/Unknown",0.7907,0.2093,"LOW"
67,"2","N0","T4","Other/Unknown",0.7852,0.2148,"LOW"
68,"2","N0","T4","Other/Unknown",0.7845,0.2155,"LOW"
69,"2","N0","T4","Other/Unknown",0.7866,0.2134,"LOW"
70,"2","N0","T4","Other/Unknown",0.7988,0.2012,"LOW"
71,"2","N0","T4","Other/Unknown",0.8075,0.1925,"LOW"
72,"2","N0","T4","Other/Unknown",0.7967,0.2033,"LOW"
73,"2","N0","T4","Other/Unknown",0.797,0.203,"LOW"
74,"2","N0","T4","Other/Unknown",0.802,0.198,"LOW"
75,"2","N0","T4","Other/Unknown",0.8027,0.1973,"LOW"
76,"2","N0","T4","Other/Unknown",0.8028,0.1972,"LOW"
77,"2","N0","T4","Other/Unknown",0.8081,0.1919,"LOW"
78,"2","N0","T4","Other/Unknown",0.8036,0.1964,"LOW"
79,"2","N0","T4","Other/Unknown",0.8141,0.1859,"LOW"
80,"2","N0","T4","Other/Unknown",0.8113,0.1887,"LOW"
81,"2","N0","T4","Other/Unknown",0.7994,0.2006,"LOW"
82,"2","N0","T4","Other/Unknown",0.7967,0.2033,"LOW"
83,"2","N0","T4","Other/Unknown",0.8153,0.1847,"LOW"
84,"2","N0","T4","Other/Unknown",0.8214,0.1786,"LOW"
85,"2","N0","T4","Other/Unknown",0.8133,0.1867,"LOW"
86,"2","N0","T4","Other/Unknown",0.8216,0.1784,"LOW"
87,"2","N0","T4","Other/Unknown",0.8275,0.1725,"LOW"
88,"2","N0","T4","Other/Unknown",0.8084,0.1916,"LOW"
89,"2","N0","T4","Other/Unknown",0.8179,0.1821,"LOW"
90,"2","N0","T4","Other/Unknown",0.8121,0.1879,"LOW"
91,"2","N0","T4","Other/Unknown",0.8121,0.1879,"LOW"
92,"2","N0","T4","Other/Unknown",0.8121,0.1879,"LOW"
93,"2","N0","T4","Other/Unknown",0.8121,0.1879,"LOW"
94,"2","N0","T4","Other/Unknown",0.8121,0.1879,"LOW"
95,"2","N0","T4","Other/Unknown",0.8121,0.1879,"LOW"
96,"2","N0","T4","Other/Unknown",0.8121,0.1879,"LOW"
97,"2","N0","T4","Other/Unknown",0.8121,0.1879,"LOW"
98,"2","N0","T4","Other/Unknown",0.8121,0.1879,"LOW"
99,"2","N0","T4","Other/Unknown",0.8121,0.1879,"LOW"
0,"1","N1","T4","Other/Unknown",0.7359,0.2641,"LOW"
1,"1","N1","T4","Other/Unknown",0.7359,0.2641,"LOW"
2,"1","N1","T4","Other/Unknown",0.7359,0.2641,"LOW"
3,"1","N1","T4","Other/Unknown",0.7359,0.2641,"LOW"
4,"1","N1","T4","Other/Unknown",0.7359,0.2641,"LOW"
5,"1","N1","T4","Other/Unknown",0.7359,0.2641,"LOW"
6,"1","N1","T4","Other/Unknown",0.7359,0.2641,"LOW"
7,"1","N1","T4","Other/Unknown",0.7359,0.2641,"LOW"
8,"1","N1","T4","Other/Unknown",0.7359,0.2641,"LOW"
9,"1","N1","T4","Other/Unknown",0.7359,0.2641,"LOW"
10,"1","N1","T4","Other/Unknown",0.7359,0.2641,"LOW"
11,"1","N1","T4","Other/Unknown",0.7359,0.2641,"LOW"
12,"1","N1","T4","Other/Unknown",0.7359,0.2641,"LOW"
13,"1","N1","T4","Other/Unknown",0.7359,0.2641,"LOW"
14,"1","N1","T4","Other/Unknown",0.7334,0.2666,"LOW"
15,"1","N1","T4","Other/Unknown",0.7316,0.2684,"LOW"
16,"1","N1","T4","Other/Unknown",0.7302,0.2698,"LOW"
17,"1","N1","T4","Other/Unknown",0.7187,0.2813,"LOW"
18,"1","N1","T4","Other/Unknown",0.7061,0.2939,"LOW"
19,"1","N1","T4","Other/Unknown",0.6998,0.3002,"LOW"
20,"1","N1","T4","Other/Unknown",0.6934,0.3066,"LOW"
21,"1","N1","T4","Other/Unknown",0.6827,0.3173,"LOW"
22,"1","N1","T4","Other/Unknown",0.6696,0.3304,"LOW"
23,"1","N1","T4","Other/Unknown",0.6607,0.3393,"LOW"
24,"1","N1","T4","Other/Unknown",0.6527,0.3473,"LOW"
25,"1","N1","T4","Other/Unknown",0.7074,0.2926,"LOW"
26,"1","N1","T4","Other/Unknown",0.7012,0.2988,"LOW"
27,"1","N1","T4","Other/Unknown",0.6987,0.3013,"LOW"
28,"1","N1","T4","Other/Unknown",0.6922,0.3078,"LOW"
29,"1","N1","T4","Other/Unknown",0.6937,0.3063,"LOW"
30,"1","N1","T4","Other/Unknown",0.6848,0.3152,"LOW"
31,"1","N1","T4","Other/Unknown",0.7136,0.2864,"LOW"
32,"1","N1","T4","Other/Unknown",0.7332,0.2668,"LOW"
33,"1","N1","T4","Other/Unknown",0.7297,0.2703,"LOW"
34,"1","N1","T4","Other/Unknown",0.7245,0.2755,"LOW"
35,"1","N1","T4","Other/Unknown",0.6799,0.3201,"LOW"
36,"1","N1","T4","Other/Unknown",0.713,0.287,"LOW"
37,"1","N1","T4","Other/Unknown",0.7006,0.2994,"LOW"
38,"1","N1","T4","Other/Unknown",0.7095,0.2905,"LOW"
39,"1","N1","T4","Other/Unknown",0.7091,0.2909,"LOW"
40,"1","N1","T4","Other/Unknown",0.7102,0.2898,"LOW"
41,"1","N1","T4","Other/Unknown",0.6853,0.3147,"LOW"
42,"1","N1","T4","Other/Unknown",0.6659,0.3341,"LOW"
43,"1","N1","T4","Other/Unknown",0.7015,0.2985,"LOW"
44,"1","N1","T4","Other/Unknown",0.6908,0.3092,"LOW"
45,"1","N1","T4","Other/Unknown",0.6614,0.3386,"LOW"
46,"1","N1","T4","Other/Unknown",0.673,0.327,"LOW"
47,"1","N1","T4","Other/Unknown",0.689,0.311,"LOW"
48,"1","N1","T4","Other/Unknown",0.6792,0.3208,"LOW"
49,"1","N1","T4","Other/Unknown",0.6836,0.3164,"LOW"
50,"1","N1","T4","Other/Unknown",0.6949,0.3051,"LOW"
51,"1","N1","T4","Other/Unknown",0.6876,0.3124,"LOW"
52,"1","N1","T4","Other/Unknown",0.6877,0.3123,"LOW"
53,"1","N1","T4","Other/Unknown",0.69,0.31,"LOW"
54,"1","N1","T4","Other/Unknown",0.699,0.301,"LOW"
55,"1","N1","T4","Other/Unknown",0.6852,0.3148,"LOW"
56,"1","N1","T4","Other/Unknown",0.6908,0.3092,"LOW"
57,"1","N1","T4","Other/Unknown",0.7022,0.2978,"LOW"
58,"1","N1","T4","Other/Unknown",0.6983,0.3017,"LOW"
59,"1","N1","T4","Other/Unknown",0.7072,0.2928,"LOW"
60,"1","N1","T4","Other/Unknown",0.6904,0.3096,"LOW"
61,"1","N1","T4","Other/Unknown",0.6942,0.3058,"LOW"
62,"1","N1","T4","Other/Unknown",0.7006,0.2994,"LOW"
63,"1","N1","T4","Other/Unknown",0.6867,0.3133,"LOW"
64,"1","N1","T4","Other/Unknown",0.6715,0.3285,"LOW"
65,"1","N1","T4","Other/Unknown",0.69,0.31,"LOW"
66,"1","N1","T4","Other/Unknown",0.6921,0.3079,"LOW"
67,"1","N1","T4","Other/Unknown",0.6932,0.3068,"LOW"
68,"1","N1","T4","Other/Unknown",0.6909,0.3091,"LOW"
69,"1","N1","T4","Other/Unknown",0.6996,0.3004,"LOW"
70,"1","N1","T4","Other/Unknown",0.704,0.296,"LOW"
71,"1","N1","T4","Other/Unknown",0.6933,0.3067,"LOW"
72,"1","N1","T4","Other/Unknown",0.7024,0.2976,"LOW"
73,"1","N1","T4","Other/Unknown",0.7098,0.2902,"LOW"
74,"1","N1","T4","Other/Unknown",0.7014,0.2986,"LOW"
75,"1","N1","T4","Other/Unknown",0.7139,0.2861,"LOW"
76,"1","N1","T4","Other/Unknown",0.7095,0.2905,"LOW"
77,"1","N1","T4","Other/Unknown",0.6874,0.3126,"LOW"
78,"1","N1","T4","Other/Unknown",0.6694,0.3306,"LOW"
79,"1","N1","T4","Other/Unknown",0.6734,0.3266,"LOW"
80,"1","N1","T4","Other/Unknown",0.6814,0.3186,"LOW"
81,"1","N1","T4","Other/Unknown",0.6892,0.3108,"LOW"
82,"1","N1","T4","Other/Unknown",0.6869,0.3131,"LOW"
83,"1","N1","T4","Other/Unknown",0.6916,0.3084,"LOW"
84,"1","N1","T4","Other/Unknown",0.7034,0.2966,"LOW"
85,"1","N1","T4","Other/Unknown",0.6897,0.3103,"LOW"
86,"1","N1","T4","Other/Unknown",0.734,0.266,"LOW"
87,"1","N1","T4","Other/Unknown",0.7138,0.2862,"LOW"
88,"1","N1","T4","Other/Unknown",0.735,0.265,"LOW"
89,"1","N1","T4","Other/Unknown",0.6897,0.3103,"LOW"
90,"1","N1","T4","Other/Unknown",0.6801,0.3199,"LOW"
91,"1","N1","T4","Other/Unknown",0.6801,0.3199,"LOW"
92,"1","N1","T4","Other/Unknown",0.6801,0.3199,"LOW"
93,"1","N1","T4","Other/Unknown",0.6801,0.3199,"LOW"
94,"1","N1","T4","Other/Unknown",0.6801,0.3199,"LOW"
95,"1","N1","T4","Other/Unknown",0.6801,0.3199,"LOW"
96,"1","N1","T4","Other/Unknown",0.6801,0.3199,"LOW"
97,"1","N1","T4","Other/Unknown",0.6801,0.3199,"LOW"
98,"1","N1","T4","Other/Unknown",0.6801,0.3199,"LOW"
99,"1","N1","T4","Other/Unknown",0.6801,0.3199,"LOW"
0,"2","N1","T4","Other/Unknown",0.7873,0.2127,"LOW"
1,"2","N1","T4","Other/Unknown",0.7873,0.2127,"LOW"
2,"2","N1","T4","Other/Unknown",0.7873,0.2127,"LOW"
3,"2","N1","T4","Other/Unknown",0.7873,0.2127,"LOW"
4,"2","N1","T4","Other/Unknown",0.7873,0.2127,"LOW"
5,"2","N1","T4","Other/Unknown",0.7873,0.2127,"LOW"
6,"2","N1","T4","Other/Unknown",0.7873,0.2127,"LOW"
7,"2","N1","T4","Other/Unknown",0.7873,0.2127,"LOW"
8,"2","N1","T4","Other/Unknown",0.7873,0.2127,"LOW"
9,"2","N1","T4","Other/Unknown",0.7873,0.2127,"LOW"
10,"2","N1","T4","Other/Unknown",0.7873,0.2127,"LOW"
11,"2","N1","T4","Other/Unknown",0.7873,0.2127,"LOW"
12,"2","N1","T4","Other/Unknown",0.7873,0.2127,"LOW"
13,"2","N1","T4","Other/Unknown",0.7873,0.2127,"LOW"
14,"2","N1","T4","Other/Unknown",0.7873,0.2127,"LOW"
15,"2","N1","T4","Other/Unknown",0.7873,0.2127,"LOW"
16,"2","N1","T4","Other/Unknown",0.7873,0.2127,"LOW"
17,"2","N1","T4","Other/Unknown",0.7853,0.2147,"LOW"
18,"2","N1","T4","Other/Unknown",0.7835,0.2165,"LOW"
19,"2","N1","T4","Other/Unknown",0.7825,0.2175,"LOW"
20,"2","N1","T4","Other/Unknown",0.7788,0.2212,"LOW"
21,"2","N1","T4","Other/Unknown",0.7741,0.2259,"LOW"
22,"2","N1","T4","Other/Unknown",0.77,0.23,"LOW"
23,"2","N1","T4","Other/Unknown",0.7693,0.2307,"LOW"
24,"2","N1","T4","Other/Unknown",0.7677,0.2323,"LOW"
25,"2","N1","T4","Other/Unknown",0.7826,0.2174,"LOW"
26,"2","N1","T4","Other/Unknown",0.7831,0.2169,"LOW"
27,"2","N1","T4","Other/Unknown",0.7849,0.2151,"LOW"
28,"2","N1","T4","Other/Unknown",0.7862,0.2138,"LOW"
29,"2","N1","T4","Other/Unknown",0.7964,0.2036,"LOW"
30,"2","N1","T4","Other/Unknown",0.7897,0.2103,"LOW"
31,"2","N1","T4","Other/Unknown",0.7908,0.2092,"LOW"
32,"2","N1","T4","Other/Unknown",0.7832,0.2168,"LOW"
33,"2","N1","T4","Other/Unknown",0.7727,0.2273,"LOW"
34,"2","N1","T4","Other/Unknown",0.7698,0.2302,"LOW"
35,"2","N1","T4","Other/Unknown",0.7497,0.2503,"LOW"
36,"2","N1","T4","Other/Unknown",0.7406,0.2594,"LOW"
37,"2","N1","T4","Other/Unknown",0.6973,0.3027,"LOW"
38,"2","N1","T4","Other/Unknown",0.7232,0.2768,"LOW"
39,"2","N1","T4","Other/Unknown",0.6983,0.3017,"LOW"
40,"2","N1","T4","Other/Unknown",0.7011,0.2989,"LOW"
41,"2","N1","T4","Other/Unknown",0.6977,0.3023,"LOW"
42,"2","N1","T4","Other/Unknown",0.7063,0.2937,"LOW"
43,"2","N1","T4","Other/Unknown",0.7203,0.2797,"LOW"
44,"2","N1","T4","Other/Unknown",0.711,0.289,"LOW"
45,"2","N1","T4","Other/Unknown",0.6959,0.3041,"LOW"
46,"2","N1","T4","Other/Unknown",0.6988,0.3012,"LOW"
47,"2","N1","T4","Other/Unknown",0.7045,0.2955,"LOW"
48,"2","N1","T4","Other/Unknown",0.7056,0.2944,"LOW"
49,"2","N1","T4","Other/Unknown",0.7046,0.2954,"LOW"
50,"2","N1","T4","Other/Unknown",0.7197,0.2803,"LOW"
51,"2","N1","T4","Other/Unknown",0.7162,0.2838,"LOW"
52,"2","N1","T4","Other/Unknown",0.7176,0.2824,"LOW"
53,"2","N1","T4","Other/Unknown",0.7273,0.2727,"LOW"
54,"2","N1","T4","Other/Unknown",0.7127,0.2873,"LOW"
55,"2","N1","T4","Other/Unknown",0.6943,0.3057,"LOW"
56,"2","N1","T4","Other/Unknown",0.6767,0.3233,"LOW"
57,"2","N1","T4","Other/Unknown",0.6987,0.3013,"LOW"
58,"2","N1","T4","Other/Unknown",0.6982,0.3018,"LOW"
59,"2","N1","T4","Other/Unknown",0.7117,0.2883,"LOW"
60,"2","N1","T4","Other/Unknown",0.7166,0.2834,"LOW"
61,"2","N1","T4","Other/Unknown",0.7125,0.2875,"LOW"
62,"2","N1","T4","Other/Unknown",0.7092,0.2908,"LOW"
63,"2","N1","T4","Other/Unknown",0.698,0.302,"LOW"
64,"2","N1","T4","Other/Unknown",0.6954,0.3046,"LOW"
65,"2","N1","T4","Other/Unknown",0.6975,0.3025,"LOW"
66,"2","N1","T4","Other/Unknown",0.6901,0.3099,"LOW"
67,"2","N1","T4","Other/Unknown",0.7145,0.2855,"LOW"
68,"2","N1","T4","Other/Unknown",0.7143,0.2857,"LOW"
69,"2","N1","T4","Other/Unknown",0.7057,0.2943,"LOW"
70,"2","N1","T4","Other/Unknown",0.7133,0.2867,"LOW"
71,"2","N1","T4","Other/Unknown",0.7102,0.2898,"LOW"
72,"2","N1","T4","Other/Unknown",0.698,0.302,"LOW"
73,"2","N1","T4","Other/Unknown",0.7092,0.2908,"LOW"
74,"2","N1","T4","Other/Unknown",0.7077,0.2923,"LOW"
75,"2","N1","T4","Other/Unknown",0.7076,0.2924,"LOW"
76,"2","N1","T4","Other/Unknown",0.7141,0.2859,"LOW"
77,"2","N1","T4","Other/Unknown",0.7094,0.2906,"LOW"
78,"2","N1","T4","Other/Unknown",0.6767,0.3233,"LOW"
79,"2","N1","T4","Other/Unknown",0.7061,0.2939,"LOW"
80,"2","N1","T4","Other/Unknown",0.6955,0.3045,"LOW"
81,"2","N1","T4","Other/Unknown",0.6902,0.3098,"LOW"
82,"2","N1","T4","Other/Unknown",0.6669,0.3331,"LOW"
83,"2","N1","T4","Other/Unknown",0.6788,0.3212,"LOW"
84,"2","N1","T4","Other/Unknown",0.6684,0.3316,"LOW"
85,"2","N1","T4","Other/Unknown",0.6553,0.3447,"LOW"
86,"2","N1","T4","Other/Unknown",0.6719,0.3281,"LOW"
87,"2","N1","T4","Other/Unknown",0.6898,0.3102,"LOW"
88,"2","N1","T4","Other/Unknown",0.6646,0.3354,"LOW"
89,"2","N1","T4","Other/Unknown",0.6302,0.3698,"LOW"
90,"2","N1","T4","Other/Unknown",0.68,0.32,"LOW"
91,"2","N1","T4","Other/Unknown",0.68,0.32,"LOW"
92,"2","N1","T4","Other/Unknown",0.68,0.32,"LOW"
93,"2","N1","T4","Other/Unknown",0.68,0.32,"LOW"
94,"2","N1","T4","Other/Unknown",0.68,0.32,"LOW"
95,"2","N1","T4","Other/Unknown",0.68,0.32,"LOW"
96,"2","N1","T4","Other/Unknown",0.68,0.32,"LOW"
97,"2","N1","T4","Other/Unknown",0.68,0.32,"LOW"
98,"2","N1","T4","Other/Unknown",0.68,0.32,"LOW"
99,"2","N1","T4","Other/Unknown",0.68,0.32,"LOW"
0,"1","N2","T4","Other/Unknown",0.5306,0.4694,"LOW"
1,"1","N2","T4","Other/Unknown",0.5306,0.4694,"LOW"
2,"1","N2","T4","Other/Unknown",0.5306,0.4694,"LOW"
3,"1","N2","T4","Other/Unknown",0.5306,0.4694,"LOW"
4,"1","N2","T4","Other/Unknown",0.5306,0.4694,"LOW"
5,"1","N2","T4","Other/Unknown",0.5306,0.4694,"LOW"
6,"1","N2","T4","Other/Unknown",0.5306,0.4694,"LOW"
7,"1","N2","T4","Other/Unknown",0.5306,0.4694,"LOW"
8,"1","N2","T4","Other/Unknown",0.5306,0.4694,"LOW"
9,"1","N2","T4","Other/Unknown",0.5306,0.4694,"LOW"
10,"1","N2","T4","Other/Unknown",0.5306,0.4694,"LOW"
11,"1","N2","T4","Other/Unknown",0.5306,0.4694,"LOW"
12,"1","N2","T4","Other/Unknown",0.5306,0.4694,"LOW"
13,"1","N2","T4","Other/Unknown",0.5306,0.4694,"LOW"
14,"1","N2","T4","Other/Unknown",0.5306,0.4694,"LOW"
15,"1","N2","T4","Other/Unknown",0.5306,0.4694,"LOW"
16,"1","N2","T4","Other/Unknown",0.5306,0.4694,"LOW"
17,"1","N2","T4","Other/Unknown",0.5306,0.4694,"LOW"
18,"1","N2","T4","Other/Unknown",0.5278,0.4722,"LOW"
19,"1","N2","T4","Other/Unknown",0.5245,0.4755,"LOW"
20,"1","N2","T4","Other/Unknown",0.5526,0.4474,"LOW"
21,"1","N2","T4","Other/Unknown",0.5826,0.4174,"LOW"
22,"1","N2","T4","Other/Unknown",0.5995,0.4005,"LOW"
23,"1","N2","T4","Other/Unknown",0.628,0.372,"LOW"
24,"1","N2","T4","Other/Unknown",0.6488,0.3512,"LOW"
25,"1","N2","T4","Other/Unknown",0.6452,0.3548,"LOW"
26,"1","N2","T4","Other/Unknown",0.6224,0.3776,"LOW"
27,"1","N2","T4","Other/Unknown",0.5993,0.4007,"LOW"
28,"1","N2","T4","Other/Unknown",0.5929,0.4071,"LOW"
29,"1","N2","T4","Other/Unknown",0.6709,0.3291,"LOW"
30,"1","N2","T4","Other/Unknown",0.6479,0.3521,"LOW"
31,"1","N2","T4","Other/Unknown",0.6405,0.3595,"LOW"
32,"1","N2","T4","Other/Unknown",0.6322,0.3678,"LOW"
33,"1","N2","T4","Other/Unknown",0.5859,0.4141,"LOW"
34,"1","N2","T4","Other/Unknown",0.5397,0.4603,"LOW"
35,"1","N2","T4","Other/Unknown",0.5392,0.4608,"LOW"
36,"1","N2","T4","Other/Unknown",0.5917,0.4083,"LOW"
37,"1","N2","T4","Other/Unknown",0.5686,0.4314,"LOW"
38,"1","N2","T4","Other/Unknown",0.6392,0.3608,"LOW"
39,"1","N2","T4","Other/Unknown",0.6148,0.3852,"LOW"
40,"1","N2","T4","Other/Unknown",0.6196,0.3804,"LOW"
41,"1","N2","T4","Other/Unknown",0.617,0.383,"LOW"
42,"1","N2","T4","Other/Unknown",0.6085,0.3915,"LOW"
43,"1","N2","T4","Other/Unknown",0.6579,0.3421,"LOW"
44,"1","N2","T4","Other/Unknown",0.6591,0.3409,"LOW"
45,"1","N2","T4","Other/Unknown",0.6594,0.3406,"LOW"
46,"1","N2","T4","Other/Unknown",0.66,0.34,"LOW"
47,"1","N2","T4","Other/Unknown",0.6418,0.3582,"LOW"
48,"1","N2","T4","Other/Unknown",0.6375,0.3625,"LOW"
49,"1","N2","T4","Other/Unknown",0.6459,0.3541,"LOW"
50,"1","N2","T4","Other/Unknown",0.6516,0.3484,"LOW"
51,"1","N2","T4","Other/Unknown",0.6392,0.3608,"LOW"
52,"1","N2","T4","Other/Unknown",0.6463,0.3537,"LOW"
53,"1","N2","T4","Other/Unknown",0.635,0.365,"LOW"
54,"1","N2","T4","Other/Unknown",0.6343,0.3657,"LOW"
55,"1","N2","T4","Other/Unknown",0.6394,0.3606,"LOW"
56,"1","N2","T4","Other/Unknown",0.6318,0.3682,"LOW"
57,"1","N2","T4","Other/Unknown",0.6502,0.3498,"LOW"
58,"1","N2","T4","Other/Unknown",0.6518,0.3482,"LOW"
59,"1","N2","T4","Other/Unknown",0.6472,0.3528,"LOW"
60,"1","N2","T4","Other/Unknown",0.6596,0.3404,"LOW"
61,"1","N2","T4","Other/Unknown",0.6538,0.3462,"LOW"
62,"1","N2","T4","Other/Unknown",0.6444,0.3556,"LOW"
63,"1","N2","T4","Other/Unknown",0.6376,0.3624,"LOW"
64,"1","N2","T4","Other/Unknown",0.6357,0.3643,"LOW"
65,"1","N2","T4","Other/Unknown",0.6446,0.3554,"LOW"
66,"1","N2","T4","Other/Unknown",0.6588,0.3412,"LOW"
67,"1","N2","T4","Other/Unknown",0.6687,0.3313,"LOW"
68,"1","N2","T4","Other/Unknown",0.6534,0.3466,"LOW"
69,"1","N2","T4","Other/Unknown",0.6661,0.3339,"LOW"
70,"1","N2","T4","Other/Unknown",0.6514,0.3486,"LOW"
71,"1","N2","T4","Other/Unknown",0.6499,0.3501,"LOW"
72,"1","N2","T4","Other/Unknown",0.6513,0.3487,"LOW"
73,"1","N2","T4","Other/Unknown",0.674,0.326,"LOW"
74,"1","N2","T4","Other/Unknown",0.669,0.331,"LOW"
75,"1","N2","T4","Other/Unknown",0.6518,0.3482,"LOW"
76,"1","N2","T4","Other/Unknown",0.6232,0.3768,"LOW"
77,"1","N2","T4","Other/Unknown",0.6349,0.3651,"LOW"
78,"1","N2","T4","Other/Unknown",0.6677,0.3323,"LOW"
79,"1","N2","T4","Other/Unknown",0.6795,0.3205,"LOW"
80,"1","N2","T4","Other/Unknown",0.6686,0.3314,"LOW"
81,"1","N2","T4","Other/Unknown",0.6691,0.3309,"LOW"
82,"1","N2","T4","Other/Unknown",0.6287,0.3713,"LOW"
83,"1","N2","T4","Other/Unknown",0.6342,0.3658,"LOW"
84,"1","N2","T4","Other/Unknown",0.6322,0.3678,"LOW"
85,"1","N2","T4","Other/Unknown",0.6625,0.3375,"LOW"
86,"1","N2","T4","Other/Unknown",0.6526,0.3474,"LOW"
87,"1","N2","T4","Other/Unknown",0.5794,0.4206,"LOW"
88,"1","N2","T4","Other/Unknown",0.6008,0.3992,"LOW"
89,"1","N2","T4","Other/Unknown",0.5785,0.4215,"LOW"
90,"1","N2","T4","Other/Unknown",0.5893,0.4107,"LOW"
91,"1","N2","T4","Other/Unknown",0.5893,0.4107,"LOW"
92,"1","N2","T4","Other/Unknown",0.5893,0.4107,"LOW"
93,"1","N2","T4","Other/Unknown",0.5893,0.4107,"LOW"
94,"1","N2","T4","Other/Unknown",0.5893,0.4107,"LOW"
95,"1","N2","T4","Other/Unknown",0.5893,0.4107,"LOW"
96,"1","N2","T4","Other/Unknown",0.5893,0.4107,"LOW"
97,"1","N2","T4","Other/Unknown",0.5893,0.4107,"LOW"
98,"1","N2","T4","Other/Unknown",0.5893,0.4107,"LOW"
99,"1","N2","T4","Other/Unknown",0.5893,0.4107,"LOW"
0,"2","N2","T4","Other/Unknown",0.7059,0.2941,"LOW"
1,"2","N2","T4","Other/Unknown",0.7059,0.2941,"LOW"
2,"2","N2","T4","Other/Unknown",0.7059,0.2941,"LOW"
3,"2","N2","T4","Other/Unknown",0.7059,0.2941,"LOW"
4,"2","N2","T4","Other/Unknown",0.7059,0.2941,"LOW"
5,"2","N2","T4","Other/Unknown",0.7059,0.2941,"LOW"
6,"2","N2","T4","Other/Unknown",0.7059,0.2941,"LOW"
7,"2","N2","T4","Other/Unknown",0.7059,0.2941,"LOW"
8,"2","N2","T4","Other/Unknown",0.7059,0.2941,"LOW"
9,"2","N2","T4","Other/Unknown",0.7059,0.2941,"LOW"
10,"2","N2","T4","Other/Unknown",0.7059,0.2941,"LOW"
11,"2","N2","T4","Other/Unknown",0.7059,0.2941,"LOW"
12,"2","N2","T4","Other/Unknown",0.7059,0.2941,"LOW"
13,"2","N2","T4","Other/Unknown",0.7059,0.2941,"LOW"
14,"2","N2","T4","Other/Unknown",0.7059,0.2941,"LOW"
15,"2","N2","T4","Other/Unknown",0.7059,0.2941,"LOW"
16,"2","N2","T4","Other/Unknown",0.7059,0.2941,"LOW"
17,"2","N2","T4","Other/Unknown",0.7059,0.2941,"LOW"
18,"2","N2","T4","Other/Unknown",0.7059,0.2941,"LOW"
19,"2","N2","T4","Other/Unknown",0.7059,0.2941,"LOW"
20,"2","N2","T4","Other/Unknown",0.7104,0.2896,"LOW"
21,"2","N2","T4","Other/Unknown",0.7273,0.2727,"LOW"
22,"2","N2","T4","Other/Unknown",0.72,0.28,"LOW"
23,"2","N2","T4","Other/Unknown",0.7125,0.2875,"LOW"
24,"2","N2","T4","Other/Unknown",0.7057,0.2943,"LOW"
25,"2","N2","T4","Other/Unknown",0.6968,0.3032,"LOW"
26,"2","N2","T4","Other/Unknown",0.6603,0.3397,"LOW"
27,"2","N2","T4","Other/Unknown",0.6289,0.3711,"LOW"
28,"2","N2","T4","Other/Unknown",0.5929,0.4071,"LOW"
29,"2","N2","T4","Other/Unknown",0.6548,0.3452,"LOW"
30,"2","N2","T4","Other/Unknown",0.6342,0.3658,"LOW"
31,"2","N2","T4","Other/Unknown",0.6192,0.3808,"LOW"
32,"2","N2","T4","Other/Unknown",0.6039,0.3961,"LOW"
33,"2","N2","T4","Other/Unknown",0.5822,0.4178,"LOW"
34,"2","N2","T4","Other/Unknown",0.562,0.438,"LOW"
35,"2","N2","T4","Other/Unknown",0.5677,0.4323,"LOW"
36,"2","N2","T4","Other/Unknown",0.5905,0.4095,"LOW"
37,"2","N2","T4","Other/Unknown",0.5969,0.4031,"LOW"
38,"2","N2","T4","Other/Unknown",0.6493,0.3507,"LOW"
39,"2","N2","T4","Other/Unknown",0.6339,0.3661,"LOW"
40,"2","N2","T4","Other/Unknown",0.6548,0.3452,"LOW"
41,"2","N2","T4","Other/Unknown",0.6324,0.3676,"LOW"
42,"2","N2","T4","Other/Unknown",0.6536,0.3464,"LOW"
43,"2","N2","T4","Other/Unknown",0.6843,0.3157,"LOW"
44,"2","N2","T4","Other/Unknown",0.6393,0.3607,"LOW"
45,"2","N2","T4","Other/Unknown",0.6348,0.3652,"LOW"
46,"2","N2","T4","Other/Unknown",0.6661,0.3339,"LOW"
47,"2","N2","T4","Other/Unknown",0.6542,0.3458,"LOW"
48,"2","N2","T4","Other/Unknown",0.6619,0.3381,"LOW"
49,"2","N2","T4","Other/Unknown",0.6691,0.3309,"LOW"
50,"2","N2","T4","Other/Unknown",0.6821,0.3179,"LOW"
51,"2","N2","T4","Other/Unknown",0.6496,0.3504,"LOW"
52,"2","N2","T4","Other/Unknown",0.6558,0.3442,"LOW"
53,"2","N2","T4","Other/Unknown",0.6716,0.3284,"LOW"
54,"2","N2","T4","Other/Unknown",0.6618,0.3382,"LOW"
55,"2","N2","T4","Other/Unknown",0.6615,0.3385,"LOW"
56,"2","N2","T4","Other/Unknown",0.6735,0.3265,"LOW"
57,"2","N2","T4","Other/Unknown",0.6793,0.3207,"LOW"
58,"2","N2","T4","Other/Unknown",0.6897,0.3103,"LOW"
59,"2","N2","T4","Other/Unknown",0.6629,0.3371,"LOW"
60,"2","N2","T4","Other/Unknown",0.6838,0.3162,"LOW"
61,"2","N2","T4","Other/Unknown",0.6666,0.3334,"LOW"
62,"2","N2","T4","Other/Unknown",0.6603,0.3397,"LOW"
63,"2","N2","T4","Other/Unknown",0.6461,0.3539,"LOW"
64,"2","N2","T4","Other/Unknown",0.6611,0.3389,"LOW"
65,"2","N2","T4","Other/Unknown",0.6792,0.3208,"LOW"
66,"2","N2","T4","Other/Unknown",0.6906,0.3094,"LOW"
67,"2","N2","T4","Other/Unknown",0.6723,0.3277,"LOW"
68,"2","N2","T4","Other/Unknown",0.6969,0.3031,"LOW"
69,"2","N2","T4","Other/Unknown",0.7056,0.2944,"LOW"
70,"2","N2","T4","Other/Unknown",0.7103,0.2897,"LOW"
71,"2","N2","T4","Other/Unknown",0.7056,0.2944,"LOW"
72,"2","N2","T4","Other/Unknown",0.6853,0.3147,"LOW"
73,"2","N2","T4","Other/Unknown",0.6958,0.3042,"LOW"
74,"2","N2","T4","Other/Unknown",0.6437,0.3563,"LOW"
75,"2","N2","T4","Other/Unknown",0.6818,0.3182,"LOW"
76,"2","N2","T4","Other/Unknown",0.6727,0.3273,"LOW"
77,"2","N2","T4","Other/Unknown",0.6912,0.3088,"LOW"
78,"2","N2","T4","Other/Unknown",0.6749,0.3251,"LOW"
79,"2","N2","T4","Other/Unknown",0.6904,0.3096,"LOW"
80,"2","N2","T4","Other/Unknown",0.6578,0.3422,"LOW"
81,"2","N2","T4","Other/Unknown",0.6587,0.3413,"LOW"
82,"2","N2","T4","Other/Unknown",0.6425,0.3575,"LOW"
83,"2","N2","T4","Other/Unknown",0.6232,0.3768,"LOW"
84,"2","N2","T4","Other/Unknown",0.6491,0.3509,"LOW"
85,"2","N2","T4","Other/Unknown",0.6496,0.3504,"LOW"
86,"2","N2","T4","Other/Unknown",0.6623,0.3377,"LOW"
87,"2","N2","T4","Other/Unknown",0.6358,0.3642,"LOW"
88,"2","N2","T4","Other/Unknown",0.6376,0.3624,"LOW"
89,"2","N2","T4","Other/Unknown",0.5339,0.4661,"LOW"
90,"2","N2","T4","Other/Unknown",0.6146,0.3854,"LOW"
91,"2","N2","T4","Other/Unknown",0.6146,0.3854,"LOW"
92,"2","N2","T4","Other/Unknown",0.6146,0.3854,"LOW"
93,"2","N2","T4","Other/Unknown",0.6146,0.3854,"LOW"
94,"2","N2","T4","Other/Unknown",0.6146,0.3854,"LOW"
95,"2","N2","T4","Other/Unknown",0.6146,0.3854,"LOW"
96,"2","N2","T4","Other/Unknown",0.6146,0.3854,"LOW"
97,"2","N2","T4","Other/Unknown",0.6146,0.3854,"LOW"
98,"2","N2","T4","Other/Unknown",0.6146,0.3854,"LOW"
99,"2","N2","T4","Other/Unknown",0.6146,0.3854,"LOW"
0,"1","Other/Unknown","T4","Other/Unknown",0.3905,0.6095,"HIGH"
1,"1","Other/Unknown","T4","Other/Unknown",0.3905,0.6095,"HIGH"
2,"1","Other/Unknown","T4","Other/Unknown",0.3905,0.6095,"HIGH"
3,"1","Other/Unknown","T4","Other/Unknown",0.3905,0.6095,"HIGH"
4,"1","Other/Unknown","T4","Other/Unknown",0.3905,0.6095,"HIGH"
5,"1","Other/Unknown","T4","Other/Unknown",0.3905,0.6095,"HIGH"
6,"1","Other/Unknown","T4","Other/Unknown",0.3905,0.6095,"HIGH"
7,"1","Other/Unknown","T4","Other/Unknown",0.3905,0.6095,"HIGH"
8,"1","Other/Unknown","T4","Other/Unknown",0.3905,0.6095,"HIGH"
9,"1","Other/Unknown","T4","Other/Unknown",0.3905,0.6095,"HIGH"
10,"1","Other/Unknown","T4","Other/Unknown",0.3905,0.6095,"HIGH"
11,"1","Other/Unknown","T4","Other/Unknown",0.3905,0.6095,"HIGH"
12,"1","Other/Unknown","T4","Other/Unknown",0.3905,0.6095,"HIGH"
13,"1","Other/Unknown","T4","Other/Unknown",0.3905,0.6095,"HIGH"
14,"1","Other/Unknown","T4","Other/Unknown",0.3905,0.6095,"HIGH"
15,"1","Other/Unknown","T4","Other/Unknown",0.3905,0.6095,"HIGH"
16,"1","Other/Unknown","T4","Other/Unknown",0.3905,0.6095,"HIGH"
17,"1","Other/Unknown","T4","Other/Unknown",0.3905,0.6095,"HIGH"
18,"1","Other/Unknown","T4","Other/Unknown",0.3905,0.6095,"HIGH"
19,"1","Other/Unknown","T4","Other/Unknown",0.3905,0.6095,"HIGH"
20,"1","Other/Unknown","T4","Other/Unknown",0.3902,0.6098,"HIGH"
21,"1","Other/Unknown","T4","Other/Unknown",0.3902,0.6098,"HIGH"
22,"1","Other/Unknown","T4","Other/Unknown",0.3892,0.6108,"HIGH"
23,"1","Other/Unknown","T4","Other/Unknown",0.3887,0.6113,"HIGH"
24,"1","Other/Unknown","T4","Other/Unknown",0.3887,0.6113,"HIGH"
25,"1","Other/Unknown","T4","Other/Unknown",0.3887,0.6113,"HIGH"
26,"1","Other/Unknown","T4","Other/Unknown",0.3854,0.6146,"HIGH"
27,"1","Other/Unknown","T4","Other/Unknown",0.3864,0.6136,"HIGH"
28,"1","Other/Unknown","T4","Other/Unknown",0.3864,0.6136,"HIGH"
29,"1","Other/Unknown","T4","Other/Unknown",0.384,0.616,"HIGH"
30,"1","Other/Unknown","T4","Other/Unknown",0.4431,0.5569,"HIGH"
31,"1","Other/Unknown","T4","Other/Unknown",0.4912,0.5088,"HIGH"
32,"1","Other/Unknown","T4","Other/Unknown",0.5337,0.4663,"LOW"
33,"1","Other/Unknown","T4","Other/Unknown",0.5437,0.4563,"LOW"
34,"1","Other/Unknown","T4","Other/Unknown",0.5445,0.4555,"LOW"
35,"1","Other/Unknown","T4","Other/Unknown",0.5126,0.4874,"LOW"
36,"1","Other/Unknown","T4","Other/Unknown",0.4759,0.5241,"HIGH"
37,"1","Other/Unknown","T4","Other/Unknown",0.4403,0.5597,"HIGH"
38,"1","Other/Unknown","T4","Other/Unknown",0.4096,0.5904,"HIGH"
39,"1","Other/Unknown","T4","Other/Unknown",0.3719,0.6281,"HIGH"
40,"1","Other/Unknown","T4","Other/Unknown",0.3373,0.6627,"HIGH"
41,"1","Other/Unknown","T4","Other/Unknown",0.328,0.672,"HIGH"
42,"1","Other/Unknown","T4","Other/Unknown",0.3166,0.6834,"HIGH"
43,"1","Other/Unknown","T4","Other/Unknown",0.3195,0.6805,"HIGH"
44,"1","Other/Unknown","T4","Other/Unknown",0.3218,0.6782,"HIGH"
45,"1","Other/Unknown","T4","Other/Unknown",0.3372,0.6628,"HIGH"
46,"1","Other/Unknown","T4","Other/Unknown",0.3655,0.6345,"HIGH"
47,"1","Other/Unknown","T4","Other/Unknown",0.4157,0.5843,"HIGH"
48,"1","Other/Unknown","T4","Other/Unknown",0.422,0.578,"HIGH"
49,"1","Other/Unknown","T4","Other/Unknown",0.3988,0.6012,"HIGH"
50,"1","Other/Unknown","T4","Other/Unknown",0.3991,0.6009,"HIGH"
51,"1","Other/Unknown","T4","Other/Unknown",0.418,0.582,"HIGH"
52,"1","Other/Unknown","T4","Other/Unknown",0.398,0.602,"HIGH"
53,"1","Other/Unknown","T4","Other/Unknown",0.3754,0.6246,"HIGH"
54,"1","Other/Unknown","T4","Other/Unknown",0.3704,0.6296,"HIGH"
55,"1","Other/Unknown","T4","Other/Unknown",0.3966,0.6034,"HIGH"
56,"1","Other/Unknown","T4","Other/Unknown",0.3789,0.6211,"HIGH"
57,"1","Other/Unknown","T4","Other/Unknown",0.3861,0.6139,"HIGH"
58,"1","Other/Unknown","T4","Other/Unknown",0.401,0.599,"HIGH"
59,"1","Other/Unknown","T4","Other/Unknown",0.3984,0.6016,"HIGH"
60,"1","Other/Unknown","T4","Other/Unknown",0.4129,0.5871,"HIGH"
61,"1","Other/Unknown","T4","Other/Unknown",0.3855,0.6145,"HIGH"
62,"1","Other/Unknown","T4","Other/Unknown",0.3811,0.6189,"HIGH"
63,"1","Other/Unknown","T4","Other/Unknown",0.3791,0.6209,"HIGH"
64,"1","Other/Unknown","T4","Other/Unknown",0.3908,0.6092,"HIGH"
65,"1","Other/Unknown","T4","Other/Unknown",0.398,0.602,"HIGH"
66,"1","Other/Unknown","T4","Other/Unknown",0.4183,0.5817,"HIGH"
67,"1","Other/Unknown","T4","Other/Unknown",0.4287,0.5713,"HIGH"
68,"1","Other/Unknown","T4","Other/Unknown",0.4394,0.5606,"HIGH"
69,"1","Other/Unknown","T4","Other/Unknown",0.4747,0.5253,"HIGH"
70,"1","Other/Unknown","T4","Other/Unknown",0.4969,0.5031,"HIGH"
71,"1","Other/Unknown","T4","Other/Unknown",0.4681,0.5319,"HIGH"
72,"1","Other/Unknown","T4","Other/Unknown",0.4412,0.5588,"HIGH"
73,"1","Other/Unknown","T4","Other/Unknown",0.4774,0.5226,"HIGH"
74,"1","Other/Unknown","T4","Other/Unknown",0.4608,0.5392,"HIGH"
75,"1","Other/Unknown","T4","Other/Unknown",0.4274,0.5726,"HIGH"
76,"1","Other/Unknown","T4","Other/Unknown",0.4589,0.5411,"HIGH"
77,"1","Other/Unknown","T4","Other/Unknown",0.3969,0.6031,"HIGH"
78,"1","Other/Unknown","T4","Other/Unknown",0.4029,0.5971,"HIGH"
79,"1","Other/Unknown","T4","Other/Unknown",0.4028,0.5972,"HIGH"
80,"1","Other/Unknown","T4","Other/Unknown",0.4466,0.5534,"HIGH"
81,"1","Other/Unknown","T4","Other/Unknown",0.4811,0.5189,"HIGH"
82,"1","Other/Unknown","T4","Other/Unknown",0.4629,0.5371,"HIGH"
83,"1","Other/Unknown","T4","Other/Unknown",0.4603,0.5397,"HIGH"
84,"1","Other/Unknown","T4","Other/Unknown",0.4255,0.5745,"HIGH"
85,"1","Other/Unknown","T4","Other/Unknown",0.4539,0.5461,"HIGH"
86,"1","Other/Unknown","T4","Other/Unknown",0.527,0.473,"LOW"
87,"1","Other/Unknown","T4","Other/Unknown",0.4691,0.5309,"HIGH"
88,"1","Other/Unknown","T4","Other/Unknown",0.5495,0.4505,"LOW"
89,"1","Other/Unknown","T4","Other/Unknown",0.5422,0.4578,"LOW"
90,"1","Other/Unknown","T4","Other/Unknown",0.5594,0.4406,"LOW"
91,"1","Other/Unknown","T4","Other/Unknown",0.5594,0.4406,"LOW"
92,"1","Other/Unknown","T4","Other/Unknown",0.5594,0.4406,"LOW"
93,"1","Other/Unknown","T4","Other/Unknown",0.5594,0.4406,"LOW"
94,"1","Other/Unknown","T4","Other/Unknown",0.5594,0.4406,"LOW"
95,"1","Other/Unknown","T4","Other/Unknown",0.5594,0.4406,"LOW"
96,"1","Other/Unknown","T4","Other/Unknown",0.5594,0.4406,"LOW"
97,"1","Other/Unknown","T4","Other/Unknown",0.5594,0.4406,"LOW"
98,"1","Other/Unknown","T4","Other/Unknown",0.5594,0.4406,"LOW"
99,"1","Other/Unknown","T4","Other/Unknown",0.5594,0.4406,"LOW"
0,"2","Other/Unknown","T4","Other/Unknown",0.4205,0.5795,"HIGH"
1,"2","Other/Unknown","T4","Other/Unknown",0.4205,0.5795,"HIGH"
2,"2","Other/Unknown","T4","Other/Unknown",0.4205,0.5795,"HIGH"
3,"2","Other/Unknown","T4","Other/Unknown",0.4205,0.5795,"HIGH"
4,"2","Other/Unknown","T4","Other/Unknown",0.4205,0.5795,"HIGH"
5,"2","Other/Unknown","T4","Other/Unknown",0.4205,0.5795,"HIGH"
6,"2","Other/Unknown","T4","Other/Unknown",0.4205,0.5795,"HIGH"
7,"2","Other/Unknown","T4","Other/Unknown",0.4205,0.5795,"HIGH"
8,"2","Other/Unknown","T4","Other/Unknown",0.4205,0.5795,"HIGH"
9,"2","Other/Unknown","T4","Other/Unknown",0.4205,0.5795,"HIGH"
10,"2","Other/Unknown","T4","Other/Unknown",0.4205,0.5795,"HIGH"
11,"2","Other/Unknown","T4","Other/Unknown",0.4205,0.5795,"HIGH"
12,"2","Other/Unknown","T4","Other/Unknown",0.4205,0.5795,"HIGH"
13,"2","Other/Unknown","T4","Other/Unknown",0.4205,0.5795,"HIGH"
14,"2","Other/Unknown","T4","Other/Unknown",0.4205,0.5795,"HIGH"
15,"2","Other/Unknown","T4","Other/Unknown",0.4205,0.5795,"HIGH"
16,"2","Other/Unknown","T4","Other/Unknown",0.4205,0.5795,"HIGH"
17,"2","Other/Unknown","T4","Other/Unknown",0.4205,0.5795,"HIGH"
18,"2","Other/Unknown","T4","Other/Unknown",0.4205,0.5795,"HIGH"
19,"2","Other/Unknown","T4","Other/Unknown",0.4205,0.5795,"HIGH"
20,"2","Other/Unknown","T4","Other/Unknown",0.4205,0.5795,"HIGH"
21,"2","Other/Unknown","T4","Other/Unknown",0.4205,0.5795,"HIGH"
22,"2","Other/Unknown","T4","Other/Unknown",0.4195,0.5805,"HIGH"
23,"2","Other/Unknown","T4","Other/Unknown",0.4191,0.5809,"HIGH"
24,"2","Other/Unknown","T4","Other/Unknown",0.4191,0.5809,"HIGH"
25,"2","Other/Unknown","T4","Other/Unknown",0.4191,0.5809,"HIGH"
26,"2","Other/Unknown","T4","Other/Unknown",0.4191,0.5809,"HIGH"
27,"2","Other/Unknown","T4","Other/Unknown",0.4167,0.5833,"HIGH"
28,"2","Other/Unknown","T4","Other/Unknown",0.4167,0.5833,"HIGH"
29,"2","Other/Unknown","T4","Other/Unknown",0.4167,0.5833,"HIGH"
30,"2","Other/Unknown","T4","Other/Unknown",0.4369,0.5631,"HIGH"
31,"2","Other/Unknown","T4","Other/Unknown",0.4474,0.5526,"HIGH"
32,"2","Other/Unknown","T4","Other/Unknown",0.4579,0.5421,"HIGH"
33,"2","Other/Unknown","T4","Other/Unknown",0.5274,0.4726,"LOW"
34,"2","Other/Unknown","T4","Other/Unknown",0.5219,0.4781,"LOW"
35,"2","Other/Unknown","T4","Other/Unknown",0.5151,0.4849,"LOW"
36,"2","Other/Unknown","T4","Other/Unknown",0.4998,0.5002,"HIGH"
37,"2","Other/Unknown","T4","Other/Unknown",0.4855,0.5145,"HIGH"
38,"2","Other/Unknown","T4","Other/Unknown",0.4699,0.5301,"HIGH"
39,"2","Other/Unknown","T4","Other/Unknown",0.4482,0.5518,"HIGH"
40,"2","Other/Unknown","T4","Other/Unknown",0.4246,0.5754,"HIGH"
41,"2","Other/Unknown","T4","Other/Unknown",0.4042,0.5958,"HIGH"
42,"2","Other/Unknown","T4","Other/Unknown",0.398,0.602,"HIGH"
43,"2","Other/Unknown","T4","Other/Unknown",0.4263,0.5737,"HIGH"
44,"2","Other/Unknown","T4","Other/Unknown",0.4596,0.5404,"HIGH"
45,"2","Other/Unknown","T4","Other/Unknown",0.517,0.483,"LOW"
46,"2","Other/Unknown","T4","Other/Unknown",0.5224,0.4776,"LOW"
47,"2","Other/Unknown","T4","Other/Unknown",0.5136,0.4864,"LOW"
48,"2","Other/Unknown","T4","Other/Unknown",0.4704,0.5296,"HIGH"
49,"2","Other/Unknown","T4","Other/Unknown",0.4652,0.5348,"HIGH"
50,"2","Other/Unknown","T4","Other/Unknown",0.4517,0.5483,"HIGH"
51,"2","Other/Unknown","T4","Other/Unknown",0.4378,0.5622,"HIGH"
52,"2","Other/Unknown","T4","Other/Unknown",0.4516,0.5484,"HIGH"
53,"2","Other/Unknown","T4","Other/Unknown",0.5195,0.4805,"LOW"
54,"2","Other/Unknown","T4","Other/Unknown",0.4824,0.5176,"HIGH"
55,"2","Other/Unknown","T4","Other/Unknown",0.4577,0.5423,"HIGH"
56,"2","Other/Unknown","T4","Other/Unknown",0.4219,0.5781,"HIGH"
57,"2","Other/Unknown","T4","Other/Unknown",0.4549,0.5451,"HIGH"
58,"2","Other/Unknown","T4","Other/Unknown",0.4079,0.5921,"HIGH"
59,"2","Other/Unknown","T4","Other/Unknown",0.427,0.573,"HIGH"
60,"2","Other/Unknown","T4","Other/Unknown",0.4391,0.5609,"HIGH"
61,"2","Other/Unknown","T4","Other/Unknown",0.4311,0.5689,"HIGH"
62,"2","Other/Unknown","T4","Other/Unknown",0.4541,0.5459,"HIGH"
63,"2","Other/Unknown","T4","Other/Unknown",0.4802,0.5198,"HIGH"
64,"2","Other/Unknown","T4","Other/Unknown",0.5102,0.4898,"LOW"
65,"2","Other/Unknown","T4","Other/Unknown",0.5351,0.4649,"LOW"
66,"2","Other/Unknown","T4","Other/Unknown",0.5096,0.4904,"LOW"
67,"2","Other/Unknown","T4","Other/Unknown",0.5226,0.4774,"LOW"
68,"2","Other/Unknown","T4","Other/Unknown",0.5333,0.4667,"LOW"
69,"2","Other/Unknown","T4","Other/Unknown",0.5099,0.4901,"LOW"
70,"2","Other/Unknown","T4","Other/Unknown",0.49,0.51,"HIGH"
71,"2","Other/Unknown","T4","Other/Unknown",0.5586,0.4414,"LOW"
72,"2","Other/Unknown","T4","Other/Unknown",0.5247,0.4753,"LOW"
73,"2","Other/Unknown","T4","Other/Unknown",0.5109,0.4891,"LOW"
74,"2","Other/Unknown","T4","Other/Unknown",0.5298,0.4702,"LOW"
75,"2","Other/Unknown","T4","Other/Unknown",0.5168,0.4832,"LOW"
76,"2","Other/Unknown","T4","Other/Unknown",0.5558,0.4442,"LOW"
77,"2","Other/Unknown","T4","Other/Unknown",0.5416,0.4584,"LOW"
78,"2","Other/Unknown","T4","Other/Unknown",0.5394,0.4606,"LOW"
79,"2","Other/Unknown","T4","Other/Unknown",0.5369,0.4631,"LOW"
80,"2","Other/Unknown","T4","Other/Unknown",0.5357,0.4643,"LOW"
81,"2","Other/Unknown","T4","Other/Unknown",0.5166,0.4834,"LOW"
82,"2","Other/Unknown","T4","Other/Unknown",0.4829,0.5171,"HIGH"
83,"2","Other/Unknown","T4","Other/Unknown",0.5116,0.4884,"LOW"
84,"2","Other/Unknown","T4","Other/Unknown",0.4946,0.5054,"HIGH"
85,"2","Other/Unknown","T4","Other/Unknown",0.4665,0.5335,"HIGH"
86,"2","Other/Unknown","T4","Other/Unknown",0.4537,0.5463,"HIGH"
87,"2","Other/Unknown","T4","Other/Unknown",0.5343,0.4657,"LOW"
88,"2","Other/Unknown","T4","Other/Unknown",0.5205,0.4795,"LOW"
89,"2","Other/Unknown","T4","Other/Unknown",0.5041,0.4959,"LOW"
90,"2","Other/Unknown","T4","Other/Unknown",0.5938,0.4062,"LOW"
91,"2","Other/Unknown","T4","Other/Unknown",0.5938,0.4062,"LOW"
92,"2","Other/Unknown","T4","Other/Unknown",0.5938,0.4062,"LOW"
93,"2","Other/Unknown","T4","Other/Unknown",0.5938,0.4062,"LOW"
94,"2","Other/Unknown","T4","Other/Unknown",0.5938,0.4062,"LOW"
95,"2","Other/Unknown","T4","Other/Unknown",0.5938,0.4062,"LOW"
96,"2","Other/Unknown","T4","Other/Unknown",0.5938,0.4062,"LOW"
97,"2","Other/Unknown","T4","Other/Unknown",0.5938,0.4062,"LOW"
98,"2","Other/Unknown","T4","Other/Unknown",0.5938,0.4062,"LOW"
99,"2","Other/Unknown","T4","Other/Unknown",0.5938,0.4062,"LOW"
0,"1","N0","T0","Positive/elevated",0.3551,0.6449,"HIGH"
1,"1","N0","T0","Positive/elevated",0.3551,0.6449,"HIGH"
2,"1","N0","T0","Positive/elevated",0.3551,0.6449,"HIGH"
3,"1","N0","T0","Positive/elevated",0.3551,0.6449,"HIGH"
4,"1","N0","T0","Positive/elevated",0.3551,0.6449,"HIGH"
5,"1","N0","T0","Positive/elevated",0.3551,0.6449,"HIGH"
6,"1","N0","T0","Positive/elevated",0.3551,0.6449,"HIGH"
7,"1","N0","T0","Positive/elevated",0.3551,0.6449,"HIGH"
8,"1","N0","T0","Positive/elevated",0.3551,0.6449,"HIGH"
9,"1","N0","T0","Positive/elevated",0.3551,0.6449,"HIGH"
10,"1","N0","T0","Positive/elevated",0.3551,0.6449,"HIGH"
11,"1","N0","T0","Positive/elevated",0.3551,0.6449,"HIGH"
12,"1","N0","T0","Positive/elevated",0.3551,0.6449,"HIGH"
13,"1","N0","T0","Positive/elevated",0.3551,0.6449,"HIGH"
14,"1","N0","T0","Positive/elevated",0.3551,0.6449,"HIGH"
15,"1","N0","T0","Positive/elevated",0.3551,0.6449,"HIGH"
16,"1","N0","T0","Positive/elevated",0.3551,0.6449,"HIGH"
17,"1","N0","T0","Positive/elevated",0.3531,0.6469,"HIGH"
18,"1","N0","T0","Positive/elevated",0.3531,0.6469,"HIGH"
19,"1","N0","T0","Positive/elevated",0.3531,0.6469,"HIGH"
20,"1","N0","T0","Positive/elevated",0.3551,0.6449,"HIGH"
21,"1","N0","T0","Positive/elevated",0.3551,0.6449,"HIGH"
22,"1","N0","T0","Positive/elevated",0.3551,0.6449,"HIGH"
23,"1","N0","T0","Positive/elevated",0.3511,0.6489,"HIGH"
24,"1","N0","T0","Positive/elevated",0.3488,0.6512,"HIGH"
25,"1","N0","T0","Positive/elevated",0.3434,0.6566,"HIGH"
26,"1","N0","T0","Positive/elevated",0.3397,0.6603,"HIGH"
27,"1","N0","T0","Positive/elevated",0.3316,0.6684,"HIGH"
28,"1","N0","T0","Positive/elevated",0.3415,0.6585,"HIGH"
29,"1","N0","T0","Positive/elevated",0.3297,0.6703,"HIGH"
30,"1","N0","T0","Positive/elevated",0.3151,0.6849,"HIGH"
31,"1","N0","T0","Positive/elevated",0.332,0.668,"HIGH"
32,"1","N0","T0","Positive/elevated",0.3449,0.6551,"HIGH"
33,"1","N0","T0","Positive/elevated",0.353,0.647,"HIGH"
34,"1","N0","T0","Positive/elevated",0.3737,0.6263,"HIGH"
35,"1","N0","T0","Positive/elevated",0.3833,0.6167,"HIGH"
36,"1","N0","T0","Positive/elevated",0.4028,0.5972,"HIGH"
37,"1","N0","T0","Positive/elevated",0.4194,0.5806,"HIGH"
38,"1","N0","T0","Positive/elevated",0.4283,0.5717,"HIGH"
39,"1","N0","T0","Positive/elevated",0.4325,0.5675,"HIGH"
40,"1","N0","T0","Positive/elevated",0.4172,0.5828,"HIGH"
41,"1","N0","T0","Positive/elevated",0.4176,0.5824,"HIGH"
42,"1","N0","T0","Positive/elevated",0.4158,0.5842,"HIGH"
43,"1","N0","T0","Positive/elevated",0.4203,0.5797,"HIGH"
44,"1","N0","T0","Positive/elevated",0.433,0.567,"HIGH"
45,"1","N0","T0","Positive/elevated",0.4344,0.5656,"HIGH"
46,"1","N0","T0","Positive/elevated",0.4414,0.5586,"HIGH"
47,"1","N0","T0","Positive/elevated",0.4354,0.5646,"HIGH"
48,"1","N0","T0","Positive/elevated",0.3733,0.6267,"HIGH"
49,"1","N0","T0","Positive/elevated",0.3198,0.6802,"HIGH"
50,"1","N0","T0","Positive/elevated",0.326,0.674,"HIGH"
51,"1","N0","T0","Positive/elevated",0.2963,0.7037,"HIGH"
52,"1","N0","T0","Positive/elevated",0.3034,0.6966,"HIGH"
53,"1","N0","T0","Positive/elevated",0.3069,0.6931,"HIGH"
54,"1","N0","T0","Positive/elevated",0.3062,0.6938,"HIGH"
55,"1","N0","T0","Positive/elevated",0.2977,0.7023,"HIGH"
56,"1","N0","T0","Positive/elevated",0.295,0.705,"HIGH"
57,"1","N0","T0","Positive/elevated",0.2901,0.7099,"HIGH"
58,"1","N0","T0","Positive/elevated",0.3051,0.6949,"HIGH"
59,"1","N0","T0","Positive/elevated",0.3783,0.6217,"HIGH"
60,"1","N0","T0","Positive/elevated",0.4369,0.5631,"HIGH"
61,"1","N0","T0","Positive/elevated",0.4195,0.5805,"HIGH"
62,"1","N0","T0","Positive/elevated",0.3699,0.6301,"HIGH"
63,"1","N0","T0","Positive/elevated",0.3774,0.6226,"HIGH"
64,"1","N0","T0","Positive/elevated",0.3899,0.6101,"HIGH"
65,"1","N0","T0","Positive/elevated",0.392,0.608,"HIGH"
66,"1","N0","T0","Positive/elevated",0.3627,0.6373,"HIGH"
67,"1","N0","T0","Positive/elevated",0.353,0.647,"HIGH"
68,"1","N0","T0","Positive/elevated",0.3746,0.6254,"HIGH"
69,"1","N0","T0","Positive/elevated",0.3993,0.6007,"HIGH"
70,"1","N0","T0","Positive/elevated",0.3896,0.6104,"HIGH"
71,"1","N0","T0","Positive/elevated",0.3846,0.6154,"HIGH"
72,"1","N0","T0","Positive/elevated",0.3599,0.6401,"HIGH"
73,"1","N0","T0","Positive/elevated",0.3343,0.6657,"HIGH"
74,"1","N0","T0","Positive/elevated",0.3219,0.6781,"HIGH"
75,"1","N0","T0","Positive/elevated",0.3137,0.6863,"HIGH"
76,"1","N0","T0","Positive/elevated",0.2922,0.7078,"HIGH"
77,"1","N0","T0","Positive/elevated",0.2478,0.7522,"HIGH"
78,"1","N0","T0","Positive/elevated",0.2341,0.7659,"HIGH"
79,"1","N0","T0","Positive/elevated",0.2245,0.7755,"HIGH"
80,"1","N0","T0","Positive/elevated",0.2126,0.7874,"HIGH"
81,"1","N0","T0","Positive/elevated",0.2028,0.7972,"HIGH"
82,"1","N0","T0","Positive/elevated",0.2125,0.7875,"HIGH"
83,"1","N0","T0","Positive/elevated",0.2141,0.7859,"HIGH"
84,"1","N0","T0","Positive/elevated",0.2217,0.7783,"HIGH"
85,"1","N0","T0","Positive/elevated",0.243,0.757,"HIGH"
86,"1","N0","T0","Positive/elevated",0.2755,0.7245,"HIGH"
87,"1","N0","T0","Positive/elevated",0.3015,0.6985,"HIGH"
88,"1","N0","T0","Positive/elevated",0.3156,0.6844,"HIGH"
89,"1","N0","T0","Positive/elevated",0.3272,0.6728,"HIGH"
90,"1","N0","T0","Positive/elevated",0.3359,0.6641,"HIGH"
91,"1","N0","T0","Positive/elevated",0.3359,0.6641,"HIGH"
92,"1","N0","T0","Positive/elevated",0.3359,0.6641,"HIGH"
93,"1","N0","T0","Positive/elevated",0.3359,0.6641,"HIGH"
94,"1","N0","T0","Positive/elevated",0.3359,0.6641,"HIGH"
95,"1","N0","T0","Positive/elevated",0.3359,0.6641,"HIGH"
96,"1","N0","T0","Positive/elevated",0.3359,0.6641,"HIGH"
97,"1","N0","T0","Positive/elevated",0.3359,0.6641,"HIGH"
98,"1","N0","T0","Positive/elevated",0.3359,0.6641,"HIGH"
99,"1","N0","T0","Positive/elevated",0.3359,0.6641,"HIGH"
0,"2","N0","T0","Positive/elevated",0.5333,0.4667,"LOW"
1,"2","N0","T0","Positive/elevated",0.5333,0.4667,"LOW"
2,"2","N0","T0","Positive/elevated",0.5333,0.4667,"LOW"
3,"2","N0","T0","Positive/elevated",0.5333,0.4667,"LOW"
4,"2","N0","T0","Positive/elevated",0.5333,0.4667,"LOW"
5,"2","N0","T0","Positive/elevated",0.5333,0.4667,"LOW"
6,"2","N0","T0","Positive/elevated",0.5333,0.4667,"LOW"
7,"2","N0","T0","Positive/elevated",0.5333,0.4667,"LOW"
8,"2","N0","T0","Positive/elevated",0.5333,0.4667,"LOW"
9,"2","N0","T0","Positive/elevated",0.5333,0.4667,"LOW"
10,"2","N0","T0","Positive/elevated",0.5333,0.4667,"LOW"
11,"2","N0","T0","Positive/elevated",0.5333,0.4667,"LOW"
12,"2","N0","T0","Positive/elevated",0.5333,0.4667,"LOW"
13,"2","N0","T0","Positive/elevated",0.5333,0.4667,"LOW"
14,"2","N0","T0","Positive/elevated",0.5333,0.4667,"LOW"
15,"2","N0","T0","Positive/elevated",0.5333,0.4667,"LOW"
16,"2","N0","T0","Positive/elevated",0.5333,0.4667,"LOW"
17,"2","N0","T0","Positive/elevated",0.5313,0.4687,"LOW"
18,"2","N0","T0","Positive/elevated",0.5329,0.4671,"LOW"
19,"2","N0","T0","Positive/elevated",0.5329,0.4671,"LOW"
20,"2","N0","T0","Positive/elevated",0.5365,0.4635,"LOW"
21,"2","N0","T0","Positive/elevated",0.5365,0.4635,"LOW"
22,"2","N0","T0","Positive/elevated",0.5383,0.4617,"LOW"
23,"2","N0","T0","Positive/elevated",0.5292,0.4708,"LOW"
24,"2","N0","T0","Positive/elevated",0.5216,0.4784,"LOW"
25,"2","N0","T0","Positive/elevated",0.5102,0.4898,"LOW"
26,"2","N0","T0","Positive/elevated",0.4932,0.5068,"HIGH"
27,"2","N0","T0","Positive/elevated",0.4749,0.5251,"HIGH"
28,"2","N0","T0","Positive/elevated",0.4855,0.5145,"HIGH"
29,"2","N0","T0","Positive/elevated",0.503,0.497,"LOW"
30,"2","N0","T0","Positive/elevated",0.5018,0.4982,"LOW"
31,"2","N0","T0","Positive/elevated",0.5116,0.4884,"LOW"
32,"2","N0","T0","Positive/elevated",0.5321,0.4679,"LOW"
33,"2","N0","T0","Positive/elevated",0.5531,0.4469,"LOW"
34,"2","N0","T0","Positive/elevated",0.5773,0.4227,"LOW"
35,"2","N0","T0","Positive/elevated",0.5956,0.4044,"LOW"
36,"2","N0","T0","Positive/elevated",0.6131,0.3869,"LOW"
37,"2","N0","T0","Positive/elevated",0.5901,0.4099,"LOW"
38,"2","N0","T0","Positive/elevated",0.5828,0.4172,"LOW"
39,"2","N0","T0","Positive/elevated",0.5691,0.4309,"LOW"
40,"2","N0","T0","Positive/elevated",0.5527,0.4473,"LOW"
41,"2","N0","T0","Positive/elevated",0.5352,0.4648,"LOW"
42,"2","N0","T0","Positive/elevated",0.5228,0.4772,"LOW"
43,"2","N0","T0","Positive/elevated",0.4966,0.5034,"HIGH"
44,"2","N0","T0","Positive/elevated",0.4762,0.5238,"HIGH"
45,"2","N0","T0","Positive/elevated",0.4735,0.5265,"HIGH"
46,"2","N0","T0","Positive/elevated",0.4641,0.5359,"HIGH"
47,"2","N0","T0","Positive/elevated",0.4427,0.5573,"HIGH"
48,"2","N0","T0","Positive/elevated",0.4763,0.5237,"HIGH"
49,"2","N0","T0","Positive/elevated",0.495,0.505,"HIGH"
50,"2","N0","T0","Positive/elevated",0.5481,0.4519,"LOW"
51,"2","N0","T0","Positive/elevated",0.5082,0.4918,"LOW"
52,"2","N0","T0","Positive/elevated",0.488,0.512,"HIGH"
53,"2","N0","T0","Positive/elevated",0.4673,0.5327,"HIGH"
54,"2","N0","T0","Positive/elevated",0.4397,0.5603,"HIGH"
55,"2","N0","T0","Positive/elevated",0.3972,0.6028,"HIGH"
56,"2","N0","T0","Positive/elevated",0.414,0.586,"HIGH"
57,"2","N0","T0","Positive/elevated",0.4205,0.5795,"HIGH"
58,"2","N0","T0","Positive/elevated",0.4323,0.5677,"HIGH"
59,"2","N0","T0","Positive/elevated",0.4995,0.5005,"HIGH"
60,"2","N0","T0","Positive/elevated",0.5562,0.4438,"LOW"
61,"2","N0","T0","Positive/elevated",0.5798,0.4202,"LOW"
62,"2","N0","T0","Positive/elevated",0.5142,0.4858,"LOW"
63,"2","N0","T0","Positive/elevated",0.4947,0.5053,"HIGH"
64,"2","N0","T0","Positive/elevated",0.4652,0.5348,"HIGH"
65,"2","N0","T0","Positive/elevated",0.4491,0.5509,"HIGH"
66,"2","N0","T0","Positive/elevated",0.4224,0.5776,"HIGH"
67,"2","N0","T0","Positive/elevated",0.405,0.595,"HIGH"
68,"2","N0","T0","Positive/elevated",0.3889,0.6111,"HIGH"
69,"2","N0","T0","Positive/elevated",0.3592,0.6408,"HIGH"
70,"2","N0","T0","Positive/elevated",0.3689,0.6311,"HIGH"
71,"2","N0","T0","Positive/elevated",0.3649,0.6351,"HIGH"
72,"2","N0","T0","Positive/elevated",0.3471,0.6529,"HIGH"
73,"2","N0","T0","Positive/elevated",0.3522,0.6478,"HIGH"
74,"2","N0","T0","Positive/elevated",0.3694,0.6306,"HIGH"
75,"2","N0","T0","Positive/elevated",0.4428,0.5572,"HIGH"
76,"2","N0","T0","Positive/elevated",0.5182,0.4818,"LOW"
77,"2","N0","T0","Positive/elevated",0.5016,0.4984,"LOW"
78,"2","N0","T0","Positive/elevated",0.5022,0.4978,"LOW"
79,"2","N0","T0","Positive/elevated",0.4957,0.5043,"HIGH"
80,"2","N0","T0","Positive/elevated",0.4979,0.5021,"HIGH"
81,"2","N0","T0","Positive/elevated",0.5021,0.4979,"LOW"
82,"2","N0","T0","Positive/elevated",0.5063,0.4937,"LOW"
83,"2","N0","T0","Positive/elevated",0.5129,0.4871,"LOW"
84,"2","N0","T0","Positive/elevated",0.5171,0.4829,"LOW"
85,"2","N0","T0","Positive/elevated",0.538,0.462,"LOW"
86,"2","N0","T0","Positive/elevated",0.5469,0.4531,"LOW"
87,"2","N0","T0","Positive/elevated",0.5643,0.4357,"LOW"
88,"2","N0","T0","Positive/elevated",0.5688,0.4312,"LOW"
89,"2","N0","T0","Positive/elevated",0.5839,0.4161,"LOW"
90,"2","N0","T0","Positive/elevated",0.5851,0.4149,"LOW"
91,"2","N0","T0","Positive/elevated",0.5851,0.4149,"LOW"
92,"2","N0","T0","Positive/elevated",0.5851,0.4149,"LOW"
93,"2","N0","T0","Positive/elevated",0.5851,0.4149,"LOW"
94,"2","N0","T0","Positive/elevated",0.5851,0.4149,"LOW"
95,"2","N0","T0","Positive/elevated",0.5851,0.4149,"LOW"
96,"2","N0","T0","Positive/elevated",0.5851,0.4149,"LOW"
97,"2","N0","T0","Positive/elevated",0.5851,0.4149,"LOW"
98,"2","N0","T0","Positive/elevated",0.5851,0.4149,"LOW"
99,"2","N0","T0","Positive/elevated",0.5851,0.4149,"LOW"
0,"1","N1","T0","Positive/elevated",0.4133,0.5867,"HIGH"
1,"1","N1","T0","Positive/elevated",0.4133,0.5867,"HIGH"
2,"1","N1","T0","Positive/elevated",0.4133,0.5867,"HIGH"
3,"1","N1","T0","Positive/elevated",0.4133,0.5867,"HIGH"
4,"1","N1","T0","Positive/elevated",0.4133,0.5867,"HIGH"
5,"1","N1","T0","Positive/elevated",0.4133,0.5867,"HIGH"
6,"1","N1","T0","Positive/elevated",0.4133,0.5867,"HIGH"
7,"1","N1","T0","Positive/elevated",0.4133,0.5867,"HIGH"
8,"1","N1","T0","Positive/elevated",0.4133,0.5867,"HIGH"
9,"1","N1","T0","Positive/elevated",0.4133,0.5867,"HIGH"
10,"1","N1","T0","Positive/elevated",0.4133,0.5867,"HIGH"
11,"1","N1","T0","Positive/elevated",0.4133,0.5867,"HIGH"
12,"1","N1","T0","Positive/elevated",0.4133,0.5867,"HIGH"
13,"1","N1","T0","Positive/elevated",0.4133,0.5867,"HIGH"
14,"1","N1","T0","Positive/elevated",0.4133,0.5867,"HIGH"
15,"1","N1","T0","Positive/elevated",0.4133,0.5867,"HIGH"
16,"1","N1","T0","Positive/elevated",0.4133,0.5867,"HIGH"
17,"1","N1","T0","Positive/elevated",0.407,0.593,"HIGH"
18,"1","N1","T0","Positive/elevated",0.4039,0.5961,"HIGH"
19,"1","N1","T0","Positive/elevated",0.4031,0.5969,"HIGH"
20,"1","N1","T0","Positive/elevated",0.4023,0.5977,"HIGH"
21,"1","N1","T0","Positive/elevated",0.4014,0.5986,"HIGH"
22,"1","N1","T0","Positive/elevated",0.3928,0.6072,"HIGH"
23,"1","N1","T0","Positive/elevated",0.3863,0.6137,"HIGH"
24,"1","N1","T0","Positive/elevated",0.3944,0.6056,"HIGH"
25,"1","N1","T0","Positive/elevated",0.3778,0.6222,"HIGH"
26,"1","N1","T0","Positive/elevated",0.3616,0.6384,"HIGH"
27,"1","N1","T0","Positive/elevated",0.3589,0.6411,"HIGH"
28,"1","N1","T0","Positive/elevated",0.3663,0.6337,"HIGH"
29,"1","N1","T0","Positive/elevated",0.371,0.629,"HIGH"
30,"1","N1","T0","Positive/elevated",0.358,0.642,"HIGH"
31,"1","N1","T0","Positive/elevated",0.3463,0.6537,"HIGH"
32,"1","N1","T0","Positive/elevated",0.3352,0.6648,"HIGH"
33,"1","N1","T0","Positive/elevated",0.3239,0.6761,"HIGH"
34,"1","N1","T0","Positive/elevated",0.3034,0.6966,"HIGH"
35,"1","N1","T0","Positive/elevated",0.3143,0.6857,"HIGH"
36,"1","N1","T0","Positive/elevated",0.3322,0.6678,"HIGH"
37,"1","N1","T0","Positive/elevated",0.3373,0.6627,"HIGH"
38,"1","N1","T0","Positive/elevated",0.3703,0.6297,"HIGH"
39,"1","N1","T0","Positive/elevated",0.4028,0.5972,"HIGH"
40,"1","N1","T0","Positive/elevated",0.4284,0.5716,"HIGH"
41,"1","N1","T0","Positive/elevated",0.4446,0.5554,"HIGH"
42,"1","N1","T0","Positive/elevated",0.4554,0.5446,"HIGH"
43,"1","N1","T0","Positive/elevated",0.4762,0.5238,"HIGH"
44,"1","N1","T0","Positive/elevated",0.5007,0.4993,"LOW"
45,"1","N1","T0","Positive/elevated",0.515,0.485,"LOW"
46,"1","N1","T0","Positive/elevated",0.5518,0.4482,"LOW"
47,"1","N1","T0","Positive/elevated",0.5917,0.4083,"LOW"
48,"1","N1","T0","Positive/elevated",0.6362,0.3638,"LOW"
49,"1","N1","T0","Positive/elevated",0.6553,0.3447,"LOW"
50,"1","N1","T0","Positive/elevated",0.686,0.314,"LOW"
51,"1","N1","T0","Positive/elevated",0.6928,0.3072,"LOW"
52,"1","N1","T0","Positive/elevated",0.7127,0.2873,"LOW"
53,"1","N1","T0","Positive/elevated",0.7145,0.2855,"LOW"
54,"1","N1","T0","Positive/elevated",0.7197,0.2803,"LOW"
55,"1","N1","T0","Positive/elevated",0.721,0.279,"LOW"
56,"1","N1","T0","Positive/elevated",0.7221,0.2779,"LOW"
57,"1","N1","T0","Positive/elevated",0.7294,0.2706,"LOW"
58,"1","N1","T0","Positive/elevated",0.7278,0.2722,"LOW"
59,"1","N1","T0","Positive/elevated",0.731,0.269,"LOW"
60,"1","N1","T0","Positive/elevated",0.7428,0.2572,"LOW"
61,"1","N1","T0","Positive/elevated",0.7601,0.2399,"LOW"
62,"1","N1","T0","Positive/elevated",0.7599,0.2401,"LOW"
63,"1","N1","T0","Positive/elevated",0.7765,0.2235,"LOW"
64,"1","N1","T0","Positive/elevated",0.782,0.218,"LOW"
65,"1","N1","T0","Positive/elevated",0.7864,0.2136,"LOW"
66,"1","N1","T0","Positive/elevated",0.7845,0.2155,"LOW"
67,"1","N1","T0","Positive/elevated",0.7951,0.2049,"LOW"
68,"1","N1","T0","Positive/elevated",0.7965,0.2035,"LOW"
69,"1","N1","T0","Positive/elevated",0.8025,0.1975,"LOW"
70,"1","N1","T0","Positive/elevated",0.8069,0.1931,"LOW"
71,"1","N1","T0","Positive/elevated",0.8092,0.1908,"LOW"
72,"1","N1","T0","Positive/elevated",0.8203,0.1797,"LOW"
73,"1","N1","T0","Positive/elevated",0.8202,0.1798,"LOW"
74,"1","N1","T0","Positive/elevated",0.8271,0.1729,"LOW"
75,"1","N1","T0","Positive/elevated",0.8244,0.1756,"LOW"
76,"1","N1","T0","Positive/elevated",0.8215,0.1785,"LOW"
77,"1","N1","T0","Positive/elevated",0.8239,0.1761,"LOW"
78,"1","N1","T0","Positive/elevated",0.8274,0.1726,"LOW"
79,"1","N1","T0","Positive/elevated",0.8164,0.1836,"LOW"
80,"1","N1","T0","Positive/elevated",0.8129,0.1871,"LOW"
81,"1","N1","T0","Positive/elevated",0.8149,0.1851,"LOW"
82,"1","N1","T0","Positive/elevated",0.8151,0.1849,"LOW"
83,"1","N1","T0","Positive/elevated",0.8086,0.1914,"LOW"
84,"1","N1","T0","Positive/elevated",0.8087,0.1913,"LOW"
85,"1","N1","T0","Positive/elevated",0.8109,0.1891,"LOW"
86,"1","N1","T0","Positive/elevated",0.799,0.201,"LOW"
87,"1","N1","T0","Positive/elevated",0.7929,0.2071,"LOW"
88,"1","N1","T0","Positive/elevated",0.8086,0.1914,"LOW"
89,"1","N1","T0","Positive/elevated",0.8059,0.1941,"LOW"
90,"1","N1","T0","Positive/elevated",0.7887,0.2113,"LOW"
91,"1","N1","T0","Positive/elevated",0.7887,0.2113,"LOW"
92,"1","N1","T0","Positive/elevated",0.7887,0.2113,"LOW"
93,"1","N1","T0","Positive/elevated",0.7887,0.2113,"LOW"
94,"1","N1","T0","Positive/elevated",0.7887,0.2113,"LOW"
95,"1","N1","T0","Positive/elevated",0.7887,0.2113,"LOW"
96,"1","N1","T0","Positive/elevated",0.7887,0.2113,"LOW"
97,"1","N1","T0","Positive/elevated",0.7887,0.2113,"LOW"
98,"1","N1","T0","Positive/elevated",0.7887,0.2113,"LOW"
99,"1","N1","T0","Positive/elevated",0.7887,0.2113,"LOW"
0,"2","N1","T0","Positive/elevated",0.3282,0.6718,"HIGH"
1,"2","N1","T0","Positive/elevated",0.3282,0.6718,"HIGH"
2,"2","N1","T0","Positive/elevated",0.3282,0.6718,"HIGH"
3,"2","N1","T0","Positive/elevated",0.3282,0.6718,"HIGH"
4,"2","N1","T0","Positive/elevated",0.3282,0.6718,"HIGH"
5,"2","N1","T0","Positive/elevated",0.3282,0.6718,"HIGH"
6,"2","N1","T0","Positive/elevated",0.3282,0.6718,"HIGH"
7,"2","N1","T0","Positive/elevated",0.3282,0.6718,"HIGH"
8,"2","N1","T0","Positive/elevated",0.3282,0.6718,"HIGH"
9,"2","N1","T0","Positive/elevated",0.3282,0.6718,"HIGH"
10,"2","N1","T0","Positive/elevated",0.3282,0.6718,"HIGH"
11,"2","N1","T0","Positive/elevated",0.3282,0.6718,"HIGH"
12,"2","N1","T0","Positive/elevated",0.3282,0.6718,"HIGH"
13,"2","N1","T0","Positive/elevated",0.3282,0.6718,"HIGH"
14,"2","N1","T0","Positive/elevated",0.3282,0.6718,"HIGH"
15,"2","N1","T0","Positive/elevated",0.3282,0.6718,"HIGH"
16,"2","N1","T0","Positive/elevated",0.3282,0.6718,"HIGH"
17,"2","N1","T0","Positive/elevated",0.307,0.693,"HIGH"
18,"2","N1","T0","Positive/elevated",0.291,0.709,"HIGH"
19,"2","N1","T0","Positive/elevated",0.2916,0.7084,"HIGH"
20,"2","N1","T0","Positive/elevated",0.3131,0.6869,"HIGH"
21,"2","N1","T0","Positive/elevated",0.3224,0.6776,"HIGH"
22,"2","N1","T0","Positive/elevated",0.3268,0.6732,"HIGH"
23,"2","N1","T0","Positive/elevated",0.3308,0.6692,"HIGH"
24,"2","N1","T0","Positive/elevated",0.3284,0.6716,"HIGH"
25,"2","N1","T0","Positive/elevated",0.3221,0.6779,"HIGH"
26,"2","N1","T0","Positive/elevated",0.3211,0.6789,"HIGH"
27,"2","N1","T0","Positive/elevated",0.3222,0.6778,"HIGH"
28,"2","N1","T0","Positive/elevated",0.2784,0.7216,"HIGH"
29,"2","N1","T0","Positive/elevated",0.2777,0.7223,"HIGH"
30,"2","N1","T0","Positive/elevated",0.2884,0.7116,"HIGH"
31,"2","N1","T0","Positive/elevated",0.2913,0.7087,"HIGH"
32,"2","N1","T0","Positive/elevated",0.2868,0.7132,"HIGH"
33,"2","N1","T0","Positive/elevated",0.2789,0.7211,"HIGH"
34,"2","N1","T0","Positive/elevated",0.2673,0.7327,"HIGH"
35,"2","N1","T0","Positive/elevated",0.2622,0.7378,"HIGH"
36,"2","N1","T0","Positive/elevated",0.2633,0.7367,"HIGH"
37,"2","N1","T0","Positive/elevated",0.2798,0.7202,"HIGH"
38,"2","N1","T0","Positive/elevated",0.2716,0.7284,"HIGH"
39,"2","N1","T0","Positive/elevated",0.2886,0.7114,"HIGH"
40,"2","N1","T0","Positive/elevated",0.2949,0.7051,"HIGH"
41,"2","N1","T0","Positive/elevated",0.3027,0.6973,"HIGH"
42,"2","N1","T0","Positive/elevated",0.3058,0.6942,"HIGH"
43,"2","N1","T0","Positive/elevated",0.3198,0.6802,"HIGH"
44,"2","N1","T0","Positive/elevated",0.3502,0.6498,"HIGH"
45,"2","N1","T0","Positive/elevated",0.3817,0.6183,"HIGH"
46,"2","N1","T0","Positive/elevated",0.4066,0.5934,"HIGH"
47,"2","N1","T0","Positive/elevated",0.4458,0.5542,"HIGH"
48,"2","N1","T0","Positive/elevated",0.5005,0.4995,"LOW"
49,"2","N1","T0","Positive/elevated",0.526,0.474,"LOW"
50,"2","N1","T0","Positive/elevated",0.5594,0.4406,"LOW"
51,"2","N1","T0","Positive/elevated",0.5686,0.4314,"LOW"
52,"2","N1","T0","Positive/elevated",0.584,0.416,"LOW"
53,"2","N1","T0","Positive/elevated",0.6044,0.3956,"LOW"
54,"2","N1","T0","Positive/elevated",0.6224,0.3776,"LOW"
55,"2","N1","T0","Positive/elevated",0.6345,0.3655,"LOW"
56,"2","N1","T0","Positive/elevated",0.6443,0.3557,"LOW"
57,"2","N1","T0","Positive/elevated",0.6507,0.3493,"LOW"
58,"2","N1","T0","Positive/elevated",0.6679,0.3321,"LOW"
59,"2","N1","T0","Positive/elevated",0.6796,0.3204,"LOW"
60,"2","N1","T0","Positive/elevated",0.7047,0.2953,"LOW"
61,"2","N1","T0","Positive/elevated",0.734,0.266,"LOW"
62,"2","N1","T0","Positive/elevated",0.7472,0.2528,"LOW"
63,"2","N1","T0","Positive/elevated",0.7725,0.2275,"LOW"
64,"2","N1","T0","Positive/elevated",0.7937,0.2063,"LOW"
65,"2","N1","T0","Positive/elevated",0.8087,0.1913,"LOW"
66,"2","N1","T0","Positive/elevated",0.8033,0.1967,"LOW"
67,"2","N1","T0","Positive/elevated",0.8189,0.1811,"LOW"
68,"2","N1","T0","Positive/elevated",0.8139,0.1861,"LOW"
69,"2","N1","T0","Positive/elevated",0.8133,0.1867,"LOW"
70,"2","N1","T0","Positive/elevated",0.8089,0.1911,"LOW"
71,"2","N1","T0","Positive/elevated",0.8112,0.1888,"LOW"
72,"2","N1","T0","Positive/elevated",0.8063,0.1937,"LOW"
73,"2","N1","T0","Positive/elevated",0.8051,0.1949,"LOW"
74,"2","N1","T0","Positive/elevated",0.8082,0.1918,"LOW"
75,"2","N1","T0","Positive/elevated",0.8031,0.1969,"LOW"
76,"2","N1","T0","Positive/elevated",0.7947,0.2053,"LOW"
77,"2","N1","T0","Positive/elevated",0.8008,0.1992,"LOW"
78,"2","N1","T0","Positive/elevated",0.8019,0.1981,"LOW"
79,"2","N1","T0","Positive/elevated",0.7911,0.2089,"LOW"
80,"2","N1","T0","Positive/elevated",0.7861,0.2139,"LOW"
81,"2","N1","T0","Positive/elevated",0.7732,0.2268,"LOW"
82,"2","N1","T0","Positive/elevated",0.7759,0.2241,"LOW"
83,"2","N1","T0","Positive/elevated",0.7811,0.2189,"LOW"
84,"2","N1","T0","Positive/elevated",0.7677,0.2323,"LOW"
85,"2","N1","T0","Positive/elevated",0.765,0.235,"LOW"
86,"2","N1","T0","Positive/elevated",0.7785,0.2215,"LOW"
87,"2","N1","T0","Positive/elevated",0.7736,0.2264,"LOW"
88,"2","N1","T0","Positive/elevated",0.7674,0.2326,"LOW"
89,"2","N1","T0","Positive/elevated",0.7702,0.2298,"LOW"
90,"2","N1","T0","Positive/elevated",0.7577,0.2423,"LOW"
91,"2","N1","T0","Positive/elevated",0.7577,0.2423,"LOW"
92,"2","N1","T0","Positive/elevated",0.7577,0.2423,"LOW"
93,"2","N1","T0","Positive/elevated",0.7577,0.2423,"LOW"
94,"2","N1","T0","Positive/elevated",0.7577,0.2423,"LOW"
95,"2","N1","T0","Positive/elevated",0.7577,0.2423,"LOW"
96,"2","N1","T0","Positive/elevated",0.7577,0.2423,"LOW"
97,"2","N1","T0","Positive/elevated",0.7577,0.2423,"LOW"
98,"2","N1","T0","Positive/elevated",0.7577,0.2423,"LOW"
99,"2","N1","T0","Positive/elevated",0.7577,0.2423,"LOW"
0,"1","N2","T0","Positive/elevated",0.3997,0.6003,"HIGH"
1,"1","N2","T0","Positive/elevated",0.3997,0.6003,"HIGH"
2,"1","N2","T0","Positive/elevated",0.3997,0.6003,"HIGH"
3,"1","N2","T0","Positive/elevated",0.3997,0.6003,"HIGH"
4,"1","N2","T0","Positive/elevated",0.3997,0.6003,"HIGH"
5,"1","N2","T0","Positive/elevated",0.3997,0.6003,"HIGH"
6,"1","N2","T0","Positive/elevated",0.3997,0.6003,"HIGH"
7,"1","N2","T0","Positive/elevated",0.3997,0.6003,"HIGH"
8,"1","N2","T0","Positive/elevated",0.3997,0.6003,"HIGH"
9,"1","N2","T0","Positive/elevated",0.3997,0.6003,"HIGH"
10,"1","N2","T0","Positive/elevated",0.3997,0.6003,"HIGH"
11,"1","N2","T0","Positive/elevated",0.3997,0.6003,"HIGH"
12,"1","N2","T0","Positive/elevated",0.3997,0.6003,"HIGH"
13,"1","N2","T0","Positive/elevated",0.3968,0.6032,"HIGH"
14,"1","N2","T0","Positive/elevated",0.3964,0.6036,"HIGH"
15,"1","N2","T0","Positive/elevated",0.3954,0.6046,"HIGH"
16,"1","N2","T0","Positive/elevated",0.3986,0.6014,"HIGH"
17,"1","N2","T0","Positive/elevated",0.3966,0.6034,"HIGH"
18,"1","N2","T0","Positive/elevated",0.3935,0.6065,"HIGH"
19,"1","N2","T0","Positive/elevated",0.3941,0.6059,"HIGH"
20,"1","N2","T0","Positive/elevated",0.3891,0.6109,"HIGH"
21,"1","N2","T0","Positive/elevated",0.3843,0.6157,"HIGH"
22,"1","N2","T0","Positive/elevated",0.3823,0.6177,"HIGH"
23,"1","N2","T0","Positive/elevated",0.3738,0.6262,"HIGH"
24,"1","N2","T0","Positive/elevated",0.3684,0.6316,"HIGH"
25,"1","N2","T0","Positive/elevated",0.3603,0.6397,"HIGH"
26,"1","N2","T0","Positive/elevated",0.3353,0.6647,"HIGH"
27,"1","N2","T0","Positive/elevated",0.342,0.658,"HIGH"
28,"1","N2","T0","Positive/elevated",0.3254,0.6746,"HIGH"
29,"1","N2","T0","Positive/elevated",0.3391,0.6609,"HIGH"
30,"1","N2","T0","Positive/elevated",0.3455,0.6545,"HIGH"
31,"1","N2","T0","Positive/elevated",0.3435,0.6565,"HIGH"
32,"1","N2","T0","Positive/elevated",0.3372,0.6628,"HIGH"
33,"1","N2","T0","Positive/elevated",0.3358,0.6642,"HIGH"
34,"1","N2","T0","Positive/elevated",0.3348,0.6652,"HIGH"
35,"1","N2","T0","Positive/elevated",0.3301,0.6699,"HIGH"
36,"1","N2","T0","Positive/elevated",0.3329,0.6671,"HIGH"
37,"1","N2","T0","Positive/elevated",0.3022,0.6978,"HIGH"
38,"1","N2","T0","Positive/elevated",0.2818,0.7182,"HIGH"
39,"1","N2","T0","Positive/elevated",0.27,0.73,"HIGH"
40,"1","N2","T0","Positive/elevated",0.2684,0.7316,"HIGH"
41,"1","N2","T0","Positive/elevated",0.2515,0.7485,"HIGH"
42,"1","N2","T0","Positive/elevated",0.2514,0.7486,"HIGH"
43,"1","N2","T0","Positive/elevated",0.2486,0.7514,"HIGH"
44,"1","N2","T0","Positive/elevated",0.2458,0.7542,"HIGH"
45,"1","N2","T0","Positive/elevated",0.2368,0.7632,"HIGH"
46,"1","N2","T0","Positive/elevated",0.2276,0.7724,"HIGH"
47,"1","N2","T0","Positive/elevated",0.2317,0.7683,"HIGH"
48,"1","N2","T0","Positive/elevated",0.2212,0.7788,"HIGH"
49,"1","N2","T0","Positive/elevated",0.2228,0.7772,"HIGH"
50,"1","N2","T0","Positive/elevated",0.2401,0.7599,"HIGH"
51,"1","N2","T0","Positive/elevated",0.2357,0.7643,"HIGH"
52,"1","N2","T0","Positive/elevated",0.233,0.767,"HIGH"
53,"1","N2","T0","Positive/elevated",0.2519,0.7481,"HIGH"
54,"1","N2","T0","Positive/elevated",0.2889,0.7111,"HIGH"
55,"1","N2","T0","Positive/elevated",0.293,0.707,"HIGH"
56,"1","N2","T0","Positive/elevated",0.3029,0.6971,"HIGH"
57,"1","N2","T0","Positive/elevated",0.3225,0.6775,"HIGH"
58,"1","N2","T0","Positive/elevated",0.3299,0.6701,"HIGH"
59,"1","N2","T0","Positive/elevated",0.3464,0.6536,"HIGH"
60,"1","N2","T0","Positive/elevated",0.3608,0.6392,"HIGH"
61,"1","N2","T0","Positive/elevated",0.3605,0.6395,"HIGH"
62,"1","N2","T0","Positive/elevated",0.3805,0.6195,"HIGH"
63,"1","N2","T0","Positive/elevated",0.3881,0.6119,"HIGH"
64,"1","N2","T0","Positive/elevated",0.3957,0.6043,"HIGH"
65,"1","N2","T0","Positive/elevated",0.4129,0.5871,"HIGH"
66,"1","N2","T0","Positive/elevated",0.4312,0.5688,"HIGH"
67,"1","N2","T0","Positive/elevated",0.4374,0.5626,"HIGH"
68,"1","N2","T0","Positive/elevated",0.4632,0.5368,"HIGH"
69,"1","N2","T0","Positive/elevated",0.4694,0.5306,"HIGH"
70,"1","N2","T0","Positive/elevated",0.4837,0.5163,"HIGH"
71,"1","N2","T0","Positive/elevated",0.5199,0.4801,"LOW"
72,"1","N2","T0","Positive/elevated",0.5379,0.4621,"LOW"
73,"1","N2","T0","Positive/elevated",0.5644,0.4356,"LOW"
74,"1","N2","T0","Positive/elevated",0.592,0.408,"LOW"
75,"1","N2","T0","Positive/elevated",0.5956,0.4044,"LOW"
76,"1","N2","T0","Positive/elevated",0.5758,0.4242,"LOW"
77,"1","N2","T0","Positive/elevated",0.5725,0.4275,"LOW"
78,"1","N2","T0","Positive/elevated",0.5652,0.4348,"LOW"
79,"1","N2","T0","Positive/elevated",0.562,0.438,"LOW"
80,"1","N2","T0","Positive/elevated",0.557,0.443,"LOW"
81,"1","N2","T0","Positive/elevated",0.557,0.443,"LOW"
82,"1","N2","T0","Positive/elevated",0.549,0.451,"LOW"
83,"1","N2","T0","Positive/elevated",0.5547,0.4453,"LOW"
84,"1","N2","T0","Positive/elevated",0.5525,0.4475,"LOW"
85,"1","N2","T0","Positive/elevated",0.5628,0.4372,"LOW"
86,"1","N2","T0","Positive/elevated",0.5573,0.4427,"LOW"
87,"1","N2","T0","Positive/elevated",0.5709,0.4291,"LOW"
88,"1","N2","T0","Positive/elevated",0.566,0.434,"LOW"
89,"1","N2","T0","Positive/elevated",0.5824,0.4176,"LOW"
90,"1","N2","T0","Positive/elevated",0.6087,0.3913,"LOW"
91,"1","N2","T0","Positive/elevated",0.6087,0.3913,"LOW"
92,"1","N2","T0","Positive/elevated",0.6087,0.3913,"LOW"
93,"1","N2","T0","Positive/elevated",0.6087,0.3913,"LOW"
94,"1","N2","T0","Positive/elevated",0.6087,0.3913,"LOW"
95,"1","N2","T0","Positive/elevated",0.6087,0.3913,"LOW"
96,"1","N2","T0","Positive/elevated",0.6087,0.3913,"LOW"
97,"1","N2","T0","Positive/elevated",0.6087,0.3913,"LOW"
98,"1","N2","T0","Positive/elevated",0.6087,0.3913,"LOW"
99,"1","N2","T0","Positive/elevated",0.6087,0.3913,"LOW"
0,"2","N2","T0","Positive/elevated",0.4539,0.5461,"HIGH"
1,"2","N2","T0","Positive/elevated",0.4539,0.5461,"HIGH"
2,"2","N2","T0","Positive/elevated",0.4539,0.5461,"HIGH"
3,"2","N2","T0","Positive/elevated",0.4539,0.5461,"HIGH"
4,"2","N2","T0","Positive/elevated",0.4539,0.5461,"HIGH"
5,"2","N2","T0","Positive/elevated",0.4539,0.5461,"HIGH"
6,"2","N2","T0","Positive/elevated",0.4539,0.5461,"HIGH"
7,"2","N2","T0","Positive/elevated",0.4539,0.5461,"HIGH"
8,"2","N2","T0","Positive/elevated",0.4539,0.5461,"HIGH"
9,"2","N2","T0","Positive/elevated",0.4539,0.5461,"HIGH"
10,"2","N2","T0","Positive/elevated",0.4539,0.5461,"HIGH"
11,"2","N2","T0","Positive/elevated",0.4539,0.5461,"HIGH"
12,"2","N2","T0","Positive/elevated",0.4539,0.5461,"HIGH"
13,"2","N2","T0","Positive/elevated",0.4519,0.5481,"HIGH"
14,"2","N2","T0","Positive/elevated",0.4503,0.5497,"HIGH"
15,"2","N2","T0","Positive/elevated",0.4503,0.5497,"HIGH"
16,"2","N2","T0","Positive/elevated",0.4546,0.5454,"HIGH"
17,"2","N2","T0","Positive/elevated",0.4566,0.5434,"HIGH"
18,"2","N2","T0","Positive/elevated",0.4602,0.5398,"HIGH"
19,"2","N2","T0","Positive/elevated",0.4627,0.5373,"HIGH"
20,"2","N2","T0","Positive/elevated",0.4633,0.5367,"HIGH"
21,"2","N2","T0","Positive/elevated",0.456,0.544,"HIGH"
22,"2","N2","T0","Positive/elevated",0.4542,0.5458,"HIGH"
23,"2","N2","T0","Positive/elevated",0.4492,0.5508,"HIGH"
24,"2","N2","T0","Positive/elevated",0.4516,0.5484,"HIGH"
25,"2","N2","T0","Positive/elevated",0.4534,0.5466,"HIGH"
26,"2","N2","T0","Positive/elevated",0.4244,0.5756,"HIGH"
27,"2","N2","T0","Positive/elevated",0.4332,0.5668,"HIGH"
28,"2","N2","T0","Positive/elevated",0.4322,0.5678,"HIGH"
29,"2","N2","T0","Positive/elevated",0.4399,0.5601,"HIGH"
30,"2","N2","T0","Positive/elevated",0.4348,0.5652,"HIGH"
31,"2","N2","T0","Positive/elevated",0.433,0.567,"HIGH"
32,"2","N2","T0","Positive/elevated",0.4184,0.5816,"HIGH"
33,"2","N2","T0","Positive/elevated",0.4129,0.5871,"HIGH"
34,"2","N2","T0","Positive/elevated",0.4124,0.5876,"HIGH"
35,"2","N2","T0","Positive/elevated",0.418,0.582,"HIGH"
36,"2","N2","T0","Positive/elevated",0.4113,0.5887,"HIGH"
37,"2","N2","T0","Positive/elevated",0.4019,0.5981,"HIGH"
38,"2","N2","T0","Positive/elevated",0.3978,0.6022,"HIGH"
39,"2","N2","T0","Positive/elevated",0.392,0.608,"HIGH"
40,"2","N2","T0","Positive/elevated",0.3955,0.6045,"HIGH"
41,"2","N2","T0","Positive/elevated",0.3875,0.6125,"HIGH"
42,"2","N2","T0","Positive/elevated",0.3903,0.6097,"HIGH"
43,"2","N2","T0","Positive/elevated",0.3958,0.6042,"HIGH"
44,"2","N2","T0","Positive/elevated",0.4046,0.5954,"HIGH"
45,"2","N2","T0","Positive/elevated",0.4119,0.5881,"HIGH"
46,"2","N2","T0","Positive/elevated",0.4126,0.5874,"HIGH"
47,"2","N2","T0","Positive/elevated",0.4186,0.5814,"HIGH"
48,"2","N2","T0","Positive/elevated",0.4115,0.5885,"HIGH"
49,"2","N2","T0","Positive/elevated",0.4002,0.5998,"HIGH"
50,"2","N2","T0","Positive/elevated",0.4089,0.5911,"HIGH"
51,"2","N2","T0","Positive/elevated",0.3973,0.6027,"HIGH"
52,"2","N2","T0","Positive/elevated",0.4034,0.5966,"HIGH"
53,"2","N2","T0","Positive/elevated",0.4031,0.5969,"HIGH"
54,"2","N2","T0","Positive/elevated",0.4252,0.5748,"HIGH"
55,"2","N2","T0","Positive/elevated",0.4169,0.5831,"HIGH"
56,"2","N2","T0","Positive/elevated",0.4287,0.5713,"HIGH"
57,"2","N2","T0","Positive/elevated",0.4396,0.5604,"HIGH"
58,"2","N2","T0","Positive/elevated",0.4429,0.5571,"HIGH"
59,"2","N2","T0","Positive/elevated",0.4536,0.5464,"HIGH"
60,"2","N2","T0","Positive/elevated",0.4706,0.5294,"HIGH"
61,"2","N2","T0","Positive/elevated",0.4869,0.5131,"HIGH"
62,"2","N2","T0","Positive/elevated",0.4937,0.5063,"HIGH"
63,"2","N2","T0","Positive/elevated",0.5148,0.4852,"LOW"
64,"2","N2","T0","Positive/elevated",0.4966,0.5034,"HIGH"
65,"2","N2","T0","Positive/elevated",0.5019,0.4981,"LOW"
66,"2","N2","T0","Positive/elevated",0.5026,0.4974,"LOW"
67,"2","N2","T0","Positive/elevated",0.5087,0.4913,"LOW"
68,"2","N2","T0","Positive/elevated",0.512,0.488,"LOW"
69,"2","N2","T0","Positive/elevated",0.5112,0.4888,"LOW"
70,"2","N2","T0","Positive/elevated",0.5201,0.4799,"LOW"
71,"2","N2","T0","Positive/elevated",0.5295,0.4705,"LOW"
72,"2","N2","T0","Positive/elevated",0.5331,0.4669,"LOW"
73,"2","N2","T0","Positive/elevated",0.5481,0.4519,"LOW"
74,"2","N2","T0","Positive/elevated",0.5653,0.4347,"LOW"
75,"2","N2","T0","Positive/elevated",0.5595,0.4405,"LOW"
76,"2","N2","T0","Positive/elevated",0.562,0.438,"LOW"
77,"2","N2","T0","Positive/elevated",0.5622,0.4378,"LOW"
78,"2","N2","T0","Positive/elevated",0.5595,0.4405,"LOW"
79,"2","N2","T0","Positive/elevated",0.5667,0.4333,"LOW"
80,"2","N2","T0","Positive/elevated",0.5645,0.4355,"LOW"
81,"2","N2","T0","Positive/elevated",0.5642,0.4358,"LOW"
82,"2","N2","T0","Positive/elevated",0.5625,0.4375,"LOW"
83,"2","N2","T0","Positive/elevated",0.5928,0.4072,"LOW"
84,"2","N2","T0","Positive/elevated",0.6034,0.3966,"LOW"
85,"2","N2","T0","Positive/elevated",0.6056,0.3944,"LOW"
86,"2","N2","T0","Positive/elevated",0.5964,0.4036,"LOW"
87,"2","N2","T0","Positive/elevated",0.601,0.399,"LOW"
88,"2","N2","T0","Positive/elevated",0.5852,0.4148,"LOW"
89,"2","N2","T0","Positive/elevated",0.5918,0.4082,"LOW"
90,"2","N2","T0","Positive/elevated",0.6303,0.3697,"LOW"
91,"2","N2","T0","Positive/elevated",0.6303,0.3697,"LOW"
92,"2","N2","T0","Positive/elevated",0.6303,0.3697,"LOW"
93,"2","N2","T0","Positive/elevated",0.6303,0.3697,"LOW"
94,"2","N2","T0","Positive/elevated",0.6303,0.3697,"LOW"
95,"2","N2","T0","Positive/elevated",0.6303,0.3697,"LOW"
96,"2","N2","T0","Positive/elevated",0.6303,0.3697,"LOW"
97,"2","N2","T0","Positive/elevated",0.6303,0.3697,"LOW"
98,"2","N2","T0","Positive/elevated",0.6303,0.3697,"LOW"
99,"2","N2","T0","Positive/elevated",0.6303,0.3697,"LOW"
0,"1","Other/Unknown","T0","Positive/elevated",0.4145,0.5855,"HIGH"
1,"1","Other/Unknown","T0","Positive/elevated",0.4145,0.5855,"HIGH"
2,"1","Other/Unknown","T0","Positive/elevated",0.4145,0.5855,"HIGH"
3,"1","Other/Unknown","T0","Positive/elevated",0.4145,0.5855,"HIGH"
4,"1","Other/Unknown","T0","Positive/elevated",0.4145,0.5855,"HIGH"
5,"1","Other/Unknown","T0","Positive/elevated",0.4145,0.5855,"HIGH"
6,"1","Other/Unknown","T0","Positive/elevated",0.4145,0.5855,"HIGH"
7,"1","Other/Unknown","T0","Positive/elevated",0.4145,0.5855,"HIGH"
8,"1","Other/Unknown","T0","Positive/elevated",0.4145,0.5855,"HIGH"
9,"1","Other/Unknown","T0","Positive/elevated",0.4145,0.5855,"HIGH"
10,"1","Other/Unknown","T0","Positive/elevated",0.4145,0.5855,"HIGH"
11,"1","Other/Unknown","T0","Positive/elevated",0.4145,0.5855,"HIGH"
12,"1","Other/Unknown","T0","Positive/elevated",0.4145,0.5855,"HIGH"
13,"1","Other/Unknown","T0","Positive/elevated",0.4145,0.5855,"HIGH"
14,"1","Other/Unknown","T0","Positive/elevated",0.4145,0.5855,"HIGH"
15,"1","Other/Unknown","T0","Positive/elevated",0.4145,0.5855,"HIGH"
16,"1","Other/Unknown","T0","Positive/elevated",0.4145,0.5855,"HIGH"
17,"1","Other/Unknown","T0","Positive/elevated",0.4145,0.5855,"HIGH"
18,"1","Other/Unknown","T0","Positive/elevated",0.4145,0.5855,"HIGH"
19,"1","Other/Unknown","T0","Positive/elevated",0.4145,0.5855,"HIGH"
20,"1","Other/Unknown","T0","Positive/elevated",0.4145,0.5855,"HIGH"
21,"1","Other/Unknown","T0","Positive/elevated",0.4177,0.5823,"HIGH"
22,"1","Other/Unknown","T0","Positive/elevated",0.4192,0.5808,"HIGH"
23,"1","Other/Unknown","T0","Positive/elevated",0.4236,0.5764,"HIGH"
24,"1","Other/Unknown","T0","Positive/elevated",0.4231,0.5769,"HIGH"
25,"1","Other/Unknown","T0","Positive/elevated",0.4413,0.5587,"HIGH"
26,"1","Other/Unknown","T0","Positive/elevated",0.4189,0.5811,"HIGH"
27,"1","Other/Unknown","T0","Positive/elevated",0.4297,0.5703,"HIGH"
28,"1","Other/Unknown","T0","Positive/elevated",0.4296,0.5704,"HIGH"
29,"1","Other/Unknown","T0","Positive/elevated",0.4127,0.5873,"HIGH"
30,"1","Other/Unknown","T0","Positive/elevated",0.3753,0.6247,"HIGH"
31,"1","Other/Unknown","T0","Positive/elevated",0.3616,0.6384,"HIGH"
32,"1","Other/Unknown","T0","Positive/elevated",0.3613,0.6387,"HIGH"
33,"1","Other/Unknown","T0","Positive/elevated",0.3525,0.6475,"HIGH"
34,"1","Other/Unknown","T0","Positive/elevated",0.3503,0.6497,"HIGH"
35,"1","Other/Unknown","T0","Positive/elevated",0.351,0.649,"HIGH"
36,"1","Other/Unknown","T0","Positive/elevated",0.3537,0.6463,"HIGH"
37,"1","Other/Unknown","T0","Positive/elevated",0.3679,0.6321,"HIGH"
38,"1","Other/Unknown","T0","Positive/elevated",0.3742,0.6258,"HIGH"
39,"1","Other/Unknown","T0","Positive/elevated",0.3981,0.6019,"HIGH"
40,"1","Other/Unknown","T0","Positive/elevated",0.4281,0.5719,"HIGH"
41,"1","Other/Unknown","T0","Positive/elevated",0.4544,0.5456,"HIGH"
42,"1","Other/Unknown","T0","Positive/elevated",0.4271,0.5729,"HIGH"
43,"1","Other/Unknown","T0","Positive/elevated",0.4518,0.5482,"HIGH"
44,"1","Other/Unknown","T0","Positive/elevated",0.4709,0.5291,"HIGH"
45,"1","Other/Unknown","T0","Positive/elevated",0.4577,0.5423,"HIGH"
46,"1","Other/Unknown","T0","Positive/elevated",0.4632,0.5368,"HIGH"
47,"1","Other/Unknown","T0","Positive/elevated",0.4912,0.5088,"HIGH"
48,"1","Other/Unknown","T0","Positive/elevated",0.4794,0.5206,"HIGH"
49,"1","Other/Unknown","T0","Positive/elevated",0.4966,0.5034,"HIGH"
50,"1","Other/Unknown","T0","Positive/elevated",0.5087,0.4913,"LOW"
51,"1","Other/Unknown","T0","Positive/elevated",0.5013,0.4987,"LOW"
52,"1","Other/Unknown","T0","Positive/elevated",0.5069,0.4931,"LOW"
53,"1","Other/Unknown","T0","Positive/elevated",0.4948,0.5052,"HIGH"
54,"1","Other/Unknown","T0","Positive/elevated",0.53,0.47,"LOW"
55,"1","Other/Unknown","T0","Positive/elevated",0.523,0.477,"LOW"
56,"1","Other/Unknown","T0","Positive/elevated",0.504,0.496,"LOW"
57,"1","Other/Unknown","T0","Positive/elevated",0.4962,0.5038,"HIGH"
58,"1","Other/Unknown","T0","Positive/elevated",0.5448,0.4552,"LOW"
59,"1","Other/Unknown","T0","Positive/elevated",0.4945,0.5055,"HIGH"
60,"1","Other/Unknown","T0","Positive/elevated",0.4666,0.5334,"HIGH"
61,"1","Other/Unknown","T0","Positive/elevated",0.4987,0.5013,"HIGH"
62,"1","Other/Unknown","T0","Positive/elevated",0.4804,0.5196,"HIGH"
63,"1","Other/Unknown","T0","Positive/elevated",0.4797,0.5203,"HIGH"
64,"1","Other/Unknown","T0","Positive/elevated",0.5208,0.4792,"LOW"
65,"1","Other/Unknown","T0","Positive/elevated",0.5167,0.4833,"LOW"
66,"1","Other/Unknown","T0","Positive/elevated",0.507,0.493,"LOW"
67,"1","Other/Unknown","T0","Positive/elevated",0.4859,0.5141,"HIGH"
68,"1","Other/Unknown","T0","Positive/elevated",0.5129,0.4871,"LOW"
69,"1","Other/Unknown","T0","Positive/elevated",0.5381,0.4619,"LOW"
70,"1","Other/Unknown","T0","Positive/elevated",0.5588,0.4412,"LOW"
71,"1","Other/Unknown","T0","Positive/elevated",0.5763,0.4237,"LOW"
72,"1","Other/Unknown","T0","Positive/elevated",0.6133,0.3867,"LOW"
73,"1","Other/Unknown","T0","Positive/elevated",0.6082,0.3918,"LOW"
74,"1","Other/Unknown","T0","Positive/elevated",0.6091,0.3909,"LOW"
75,"1","Other/Unknown","T0","Positive/elevated",0.6282,0.3718,"LOW"
76,"1","Other/Unknown","T0","Positive/elevated",0.6208,0.3792,"LOW"
77,"1","Other/Unknown","T0","Positive/elevated",0.6347,0.3653,"LOW"
78,"1","Other/Unknown","T0","Positive/elevated",0.628,0.372,"LOW"
79,"1","Other/Unknown","T0","Positive/elevated",0.5957,0.4043,"LOW"
80,"1","Other/Unknown","T0","Positive/elevated",0.635,0.365,"LOW"
81,"1","Other/Unknown","T0","Positive/elevated",0.6162,0.3838,"LOW"
82,"1","Other/Unknown","T0","Positive/elevated",0.6191,0.3809,"LOW"
83,"1","Other/Unknown","T0","Positive/elevated",0.6162,0.3838,"LOW"
84,"1","Other/Unknown","T0","Positive/elevated",0.5881,0.4119,"LOW"
85,"1","Other/Unknown","T0","Positive/elevated",0.6347,0.3653,"LOW"
86,"1","Other/Unknown","T0","Positive/elevated",0.6726,0.3274,"LOW"
87,"1","Other/Unknown","T0","Positive/elevated",0.6823,0.3177,"LOW"
88,"1","Other/Unknown","T0","Positive/elevated",0.6036,0.3964,"LOW"
89,"1","Other/Unknown","T0","Positive/elevated",0.603,0.397,"LOW"
90,"1","Other/Unknown","T0","Positive/elevated",0.6204,0.3796,"LOW"
91,"1","Other/Unknown","T0","Positive/elevated",0.6204,0.3796,"LOW"
92,"1","Other/Unknown","T0","Positive/elevated",0.6204,0.3796,"LOW"
93,"1","Other/Unknown","T0","Positive/elevated",0.6204,0.3796,"LOW"
94,"1","Other/Unknown","T0","Positive/elevated",0.6204,0.3796,"LOW"
95,"1","Other/Unknown","T0","Positive/elevated",0.6204,0.3796,"LOW"
96,"1","Other/Unknown","T0","Positive/elevated",0.6204,0.3796,"LOW"
97,"1","Other/Unknown","T0","Positive/elevated",0.6204,0.3796,"LOW"
98,"1","Other/Unknown","T0","Positive/elevated",0.6204,0.3796,"LOW"
99,"1","Other/Unknown","T0","Positive/elevated",0.6204,0.3796,"LOW"
0,"2","Other/Unknown","T0","Positive/elevated",0.511,0.489,"LOW"
1,"2","Other/Unknown","T0","Positive/elevated",0.511,0.489,"LOW"
2,"2","Other/Unknown","T0","Positive/elevated",0.511,0.489,"LOW"
3,"2","Other/Unknown","T0","Positive/elevated",0.511,0.489,"LOW"
4,"2","Other/Unknown","T0","Positive/elevated",0.511,0.489,"LOW"
5,"2","Other/Unknown","T0","Positive/elevated",0.511,0.489,"LOW"
6,"2","Other/Unknown","T0","Positive/elevated",0.511,0.489,"LOW"
7,"2","Other/Unknown","T0","Positive/elevated",0.511,0.489,"LOW"
8,"2","Other/Unknown","T0","Positive/elevated",0.511,0.489,"LOW"
9,"2","Other/Unknown","T0","Positive/elevated",0.511,0.489,"LOW"
10,"2","Other/Unknown","T0","Positive/elevated",0.511,0.489,"LOW"
11,"2","Other/Unknown","T0","Positive/elevated",0.511,0.489,"LOW"
12,"2","Other/Unknown","T0","Positive/elevated",0.511,0.489,"LOW"
13,"2","Other/Unknown","T0","Positive/elevated",0.511,0.489,"LOW"
14,"2","Other/Unknown","T0","Positive/elevated",0.511,0.489,"LOW"
15,"2","Other/Unknown","T0","Positive/elevated",0.511,0.489,"LOW"
16,"2","Other/Unknown","T0","Positive/elevated",0.511,0.489,"LOW"
17,"2","Other/Unknown","T0","Positive/elevated",0.511,0.489,"LOW"
18,"2","Other/Unknown","T0","Positive/elevated",0.511,0.489,"LOW"
19,"2","Other/Unknown","T0","Positive/elevated",0.511,0.489,"LOW"
20,"2","Other/Unknown","T0","Positive/elevated",0.511,0.489,"LOW"
21,"2","Other/Unknown","T0","Positive/elevated",0.5168,0.4832,"LOW"
22,"2","Other/Unknown","T0","Positive/elevated",0.5183,0.4817,"LOW"
23,"2","Other/Unknown","T0","Positive/elevated",0.5203,0.4797,"LOW"
24,"2","Other/Unknown","T0","Positive/elevated",0.5154,0.4846,"LOW"
25,"2","Other/Unknown","T0","Positive/elevated",0.5081,0.4919,"LOW"
26,"2","Other/Unknown","T0","Positive/elevated",0.4979,0.5021,"HIGH"
27,"2","Other/Unknown","T0","Positive/elevated",0.4827,0.5173,"HIGH"
28,"2","Other/Unknown","T0","Positive/elevated",0.4815,0.5185,"HIGH"
29,"2","Other/Unknown","T0","Positive/elevated",0.4745,0.5255,"HIGH"
30,"2","Other/Unknown","T0","Positive/elevated",0.4411,0.5589,"HIGH"
31,"2","Other/Unknown","T0","Positive/elevated",0.4249,0.5751,"HIGH"
32,"2","Other/Unknown","T0","Positive/elevated",0.421,0.579,"HIGH"
33,"2","Other/Unknown","T0","Positive/elevated",0.4154,0.5846,"HIGH"
34,"2","Other/Unknown","T0","Positive/elevated",0.4243,0.5757,"HIGH"
35,"2","Other/Unknown","T0","Positive/elevated",0.4325,0.5675,"HIGH"
36,"2","Other/Unknown","T0","Positive/elevated",0.4349,0.5651,"HIGH"
37,"2","Other/Unknown","T0","Positive/elevated",0.4534,0.5466,"HIGH"
38,"2","Other/Unknown","T0","Positive/elevated",0.4859,0.5141,"HIGH"
39,"2","Other/Unknown","T0","Positive/elevated",0.4653,0.5347,"HIGH"
40,"2","Other/Unknown","T0","Positive/elevated",0.4883,0.5117,"HIGH"
41,"2","Other/Unknown","T0","Positive/elevated",0.4942,0.5058,"HIGH"
42,"2","Other/Unknown","T0","Positive/elevated",0.4983,0.5017,"HIGH"
43,"2","Other/Unknown","T0","Positive/elevated",0.5137,0.4863,"LOW"
44,"2","Other/Unknown","T0","Positive/elevated",0.5373,0.4627,"LOW"
45,"2","Other/Unknown","T0","Positive/elevated",0.5463,0.4537,"LOW"
46,"2","Other/Unknown","T0","Positive/elevated",0.557,0.443,"LOW"
47,"2","Other/Unknown","T0","Positive/elevated",0.5358,0.4642,"LOW"
48,"2","Other/Unknown","T0","Positive/elevated",0.5361,0.4639,"LOW"
49,"2","Other/Unknown","T0","Positive/elevated",0.547,0.453,"LOW"
50,"2","Other/Unknown","T0","Positive/elevated",0.527,0.473,"LOW"
51,"2","Other/Unknown","T0","Positive/elevated",0.5614,0.4386,"LOW"
52,"2","Other/Unknown","T0","Positive/elevated",0.5646,0.4354,"LOW"
53,"2","Other/Unknown","T0","Positive/elevated",0.5649,0.4351,"LOW"
54,"2","Other/Unknown","T0","Positive/elevated",0.5687,0.4313,"LOW"
55,"2","Other/Unknown","T0","Positive/elevated",0.5525,0.4475,"LOW"
56,"2","Other/Unknown","T0","Positive/elevated",0.5507,0.4493,"LOW"
57,"2","Other/Unknown","T0","Positive/elevated",0.557,0.443,"LOW"
58,"2","Other/Unknown","T0","Positive/elevated",0.5526,0.4474,"LOW"
59,"2","Other/Unknown","T0","Positive/elevated",0.551,0.449,"LOW"
60,"2","Other/Unknown","T0","Positive/elevated",0.5554,0.4446,"LOW"
61,"2","Other/Unknown","T0","Positive/elevated",0.5708,0.4292,"LOW"
62,"2","Other/Unknown","T0","Positive/elevated",0.5797,0.4203,"LOW"
63,"2","Other/Unknown","T0","Positive/elevated",0.599,0.401,"LOW"
64,"2","Other/Unknown","T0","Positive/elevated",0.6015,0.3985,"LOW"
65,"2","Other/Unknown","T0","Positive/elevated",0.5951,0.4049,"LOW"
66,"2","Other/Unknown","T0","Positive/elevated",0.5881,0.4119,"LOW"
67,"2","Other/Unknown","T0","Positive/elevated",0.616,0.384,"LOW"
68,"2","Other/Unknown","T0","Positive/elevated",0.6125,0.3875,"LOW"
69,"2","Other/Unknown","T0","Positive/elevated",0.6556,0.3444,"LOW"
70,"2","Other/Unknown","T0","Positive/elevated",0.6691,0.3309,"LOW"
71,"2","Other/Unknown","T0","Positive/elevated",0.7023,0.2977,"LOW"
72,"2","Other/Unknown","T0","Positive/elevated",0.6691,0.3309,"LOW"
73,"2","Other/Unknown","T0","Positive/elevated",0.7012,0.2988,"LOW"
74,"2","Other/Unknown","T0","Positive/elevated",0.6846,0.3154,"LOW"
75,"2","Other/Unknown","T0","Positive/elevated",0.7094,0.2906,"LOW"
76,"2","Other/Unknown","T0","Positive/elevated",0.7339,0.2661,"LOW"
77,"2","Other/Unknown","T0","Positive/elevated",0.7477,0.2523,"LOW"
78,"2","Other/Unknown","T0","Positive/elevated",0.7425,0.2575,"LOW"
79,"2","Other/Unknown","T0","Positive/elevated",0.7219,0.2781,"LOW"
80,"2","Other/Unknown","T0","Positive/elevated",0.7589,0.2411,"LOW"
81,"2","Other/Unknown","T0","Positive/elevated",0.7629,0.2371,"LOW"
82,"2","Other/Unknown","T0","Positive/elevated",0.7724,0.2276,"LOW"
83,"2","Other/Unknown","T0","Positive/elevated",0.8088,0.1912,"LOW"
84,"2","Other/Unknown","T0","Positive/elevated",0.8094,0.1906,"LOW"
85,"2","Other/Unknown","T0","Positive/elevated",0.8082,0.1918,"LOW"
86,"2","Other/Unknown","T0","Positive/elevated",0.7873,0.2127,"LOW"
87,"2","Other/Unknown","T0","Positive/elevated",0.7825,0.2175,"LOW"
88,"2","Other/Unknown","T0","Positive/elevated",0.8147,0.1853,"LOW"
89,"2","Other/Unknown","T0","Positive/elevated",0.8316,0.1684,"LOW"
90,"2","Other/Unknown","T0","Positive/elevated",0.805,0.195,"LOW"
91,"2","Other/Unknown","T0","Positive/elevated",0.805,0.195,"LOW"
92,"2","Other/Unknown","T0","Positive/elevated",0.805,0.195,"LOW"
93,"2","Other/Unknown","T0","Positive/elevated",0.805,0.195,"LOW"
94,"2","Other/Unknown","T0","Positive/elevated",0.805,0.195,"LOW"
95,"2","Other/Unknown","T0","Positive/elevated",0.805,0.195,"LOW"
96,"2","Other/Unknown","T0","Positive/elevated",0.805,0.195,"LOW"
97,"2","Other/Unknown","T0","Positive/elevated",0.805,0.195,"LOW"
98,"2","Other/Unknown","T0","Positive/elevated",0.805,0.195,"LOW"
99,"2","Other/Unknown","T0","Positive/elevated",0.805,0.195,"LOW"
0,"1","N0","Other/Unknown","Positive/elevated",0.6232,0.3768,"LOW"
1,"1","N0","Other/Unknown","Positive/elevated",0.6232,0.3768,"LOW"
2,"1","N0","Other/Unknown","Positive/elevated",0.6232,0.3768,"LOW"
3,"1","N0","Other/Unknown","Positive/elevated",0.6232,0.3768,"LOW"
4,"1","N0","Other/Unknown","Positive/elevated",0.6232,0.3768,"LOW"
5,"1","N0","Other/Unknown","Positive/elevated",0.6232,0.3768,"LOW"
6,"1","N0","Other/Unknown","Positive/elevated",0.6232,0.3768,"LOW"
7,"1","N0","Other/Unknown","Positive/elevated",0.6232,0.3768,"LOW"
8,"1","N0","Other/Unknown","Positive/elevated",0.6232,0.3768,"LOW"
9,"1","N0","Other/Unknown","Positive/elevated",0.6232,0.3768,"LOW"
10,"1","N0","Other/Unknown","Positive/elevated",0.6232,0.3768,"LOW"
11,"1","N0","Other/Unknown","Positive/elevated",0.6232,0.3768,"LOW"
12,"1","N0","Other/Unknown","Positive/elevated",0.6232,0.3768,"LOW"
13,"1","N0","Other/Unknown","Positive/elevated",0.6232,0.3768,"LOW"
14,"1","N0","Other/Unknown","Positive/elevated",0.6232,0.3768,"LOW"
15,"1","N0","Other/Unknown","Positive/elevated",0.6232,0.3768,"LOW"
16,"1","N0","Other/Unknown","Positive/elevated",0.6232,0.3768,"LOW"
17,"1","N0","Other/Unknown","Positive/elevated",0.6262,0.3738,"LOW"
18,"1","N0","Other/Unknown","Positive/elevated",0.6262,0.3738,"LOW"
19,"1","N0","Other/Unknown","Positive/elevated",0.6262,0.3738,"LOW"
20,"1","N0","Other/Unknown","Positive/elevated",0.6262,0.3738,"LOW"
21,"1","N0","Other/Unknown","Positive/elevated",0.6318,0.3682,"LOW"
22,"1","N0","Other/Unknown","Positive/elevated",0.6383,0.3617,"LOW"
23,"1","N0","Other/Unknown","Positive/elevated",0.6507,0.3493,"LOW"
24,"1","N0","Other/Unknown","Positive/elevated",0.643,0.357,"LOW"
25,"1","N0","Other/Unknown","Positive/elevated",0.6276,0.3724,"LOW"
26,"1","N0","Other/Unknown","Positive/elevated",0.6146,0.3854,"LOW"
27,"1","N0","Other/Unknown","Positive/elevated",0.5775,0.4225,"LOW"
28,"1","N0","Other/Unknown","Positive/elevated",0.5835,0.4165,"LOW"
29,"1","N0","Other/Unknown","Positive/elevated",0.5542,0.4458,"LOW"
30,"1","N0","Other/Unknown","Positive/elevated",0.4669,0.5331,"HIGH"
31,"1","N0","Other/Unknown","Positive/elevated",0.4295,0.5705,"HIGH"
32,"1","N0","Other/Unknown","Positive/elevated",0.4386,0.5614,"HIGH"
33,"1","N0","Other/Unknown","Positive/elevated",0.4348,0.5652,"HIGH"
34,"1","N0","Other/Unknown","Positive/elevated",0.4437,0.5563,"HIGH"
35,"1","N0","Other/Unknown","Positive/elevated",0.4338,0.5662,"HIGH"
36,"1","N0","Other/Unknown","Positive/elevated",0.4568,0.5432,"HIGH"
37,"1","N0","Other/Unknown","Positive/elevated",0.471,0.529,"HIGH"
38,"1","N0","Other/Unknown","Positive/elevated",0.4931,0.5069,"HIGH"
39,"1","N0","Other/Unknown","Positive/elevated",0.4992,0.5008,"HIGH"
40,"1","N0","Other/Unknown","Positive/elevated",0.494,0.506,"HIGH"
41,"1","N0","Other/Unknown","Positive/elevated",0.4859,0.5141,"HIGH"
42,"1","N0","Other/Unknown","Positive/elevated",0.4858,0.5142,"HIGH"
43,"1","N0","Other/Unknown","Positive/elevated",0.4809,0.5191,"HIGH"
44,"1","N0","Other/Unknown","Positive/elevated",0.4977,0.5023,"HIGH"
45,"1","N0","Other/Unknown","Positive/elevated",0.4857,0.5143,"HIGH"
46,"1","N0","Other/Unknown","Positive/elevated",0.4938,0.5062,"HIGH"
47,"1","N0","Other/Unknown","Positive/elevated",0.4886,0.5114,"HIGH"
48,"1","N0","Other/Unknown","Positive/elevated",0.4936,0.5064,"HIGH"
49,"1","N0","Other/Unknown","Positive/elevated",0.5034,0.4966,"LOW"
50,"1","N0","Other/Unknown","Positive/elevated",0.4947,0.5053,"HIGH"
51,"1","N0","Other/Unknown","Positive/elevated",0.4967,0.5033,"HIGH"
52,"1","N0","Other/Unknown","Positive/elevated",0.5064,0.4936,"LOW"
53,"1","N0","Other/Unknown","Positive/elevated",0.5122,0.4878,"LOW"
54,"1","N0","Other/Unknown","Positive/elevated",0.5164,0.4836,"LOW"
55,"1","N0","Other/Unknown","Positive/elevated",0.5136,0.4864,"LOW"
56,"1","N0","Other/Unknown","Positive/elevated",0.5162,0.4838,"LOW"
57,"1","N0","Other/Unknown","Positive/elevated",0.5168,0.4832,"LOW"
58,"1","N0","Other/Unknown","Positive/elevated",0.524,0.476,"LOW"
59,"1","N0","Other/Unknown","Positive/elevated",0.521,0.479,"LOW"
60,"1","N0","Other/Unknown","Positive/elevated",0.5192,0.4808,"LOW"
61,"1","N0","Other/Unknown","Positive/elevated",0.5238,0.4762,"LOW"
62,"1","N0","Other/Unknown","Positive/elevated",0.5213,0.4787,"LOW"
63,"1","N0","Other/Unknown","Positive/elevated",0.5255,0.4745,"LOW"
64,"1","N0","Other/Unknown","Positive/elevated",0.535,0.465,"LOW"
65,"1","N0","Other/Unknown","Positive/elevated",0.5402,0.4598,"LOW"
66,"1","N0","Other/Unknown","Positive/elevated",0.543,0.457,"LOW"
67,"1","N0","Other/Unknown","Positive/elevated",0.5399,0.4601,"LOW"
68,"1","N0","Other/Unknown","Positive/elevated",0.5505,0.4495,"LOW"
69,"1","N0","Other/Unknown","Positive/elevated",0.5474,0.4526,"LOW"
70,"1","N0","Other/Unknown","Positive/elevated",0.5487,0.4513,"LOW"
71,"1","N0","Other/Unknown","Positive/elevated",0.5518,0.4482,"LOW"
72,"1","N0","Other/Unknown","Positive/elevated",0.555,0.445,"LOW"
73,"1","N0","Other/Unknown","Positive/elevated",0.5543,0.4457,"LOW"
74,"1","N0","Other/Unknown","Positive/elevated",0.5638,0.4362,"LOW"
75,"1","N0","Other/Unknown","Positive/elevated",0.5697,0.4303,"LOW"
76,"1","N0","Other/Unknown","Positive/elevated",0.5834,0.4166,"LOW"
77,"1","N0","Other/Unknown","Positive/elevated",0.5837,0.4163,"LOW"
78,"1","N0","Other/Unknown","Positive/elevated",0.5867,0.4133,"LOW"
79,"1","N0","Other/Unknown","Positive/elevated",0.5891,0.4109,"LOW"
80,"1","N0","Other/Unknown","Positive/elevated",0.5918,0.4082,"LOW"
81,"1","N0","Other/Unknown","Positive/elevated",0.6076,0.3924,"LOW"
82,"1","N0","Other/Unknown","Positive/elevated",0.6082,0.3918,"LOW"
83,"1","N0","Other/Unknown","Positive/elevated",0.6067,0.3933,"LOW"
84,"1","N0","Other/Unknown","Positive/elevated",0.6112,0.3888,"LOW"
85,"1","N0","Other/Unknown","Positive/elevated",0.6244,0.3756,"LOW"
86,"1","N0","Other/Unknown","Positive/elevated",0.5995,0.4005,"LOW"
87,"1","N0","Other/Unknown","Positive/elevated",0.6219,0.3781,"LOW"
88,"1","N0","Other/Unknown","Positive/elevated",0.5931,0.4069,"LOW"
89,"1","N0","Other/Unknown","Positive/elevated",0.5847,0.4153,"LOW"
90,"1","N0","Other/Unknown","Positive/elevated",0.6264,0.3736,"LOW"
91,"1","N0","Other/Unknown","Positive/elevated",0.6264,0.3736,"LOW"
92,"1","N0","Other/Unknown","Positive/elevated",0.6264,0.3736,"LOW"
93,"1","N0","Other/Unknown","Positive/elevated",0.6264,0.3736,"LOW"
94,"1","N0","Other/Unknown","Positive/elevated",0.6264,0.3736,"LOW"
95,"1","N0","Other/Unknown","Positive/elevated",0.6264,0.3736,"LOW"
96,"1","N0","Other/Unknown","Positive/elevated",0.6264,0.3736,"LOW"
97,"1","N0","Other/Unknown","Positive/elevated",0.6264,0.3736,"LOW"
98,"1","N0","Other/Unknown","Positive/elevated",0.6264,0.3736,"LOW"
99,"1","N0","Other/Unknown","Positive/elevated",0.6264,0.3736,"LOW"
0,"2","N0","Other/Unknown","Positive/elevated",0.5283,0.4717,"LOW"
1,"2","N0","Other/Unknown","Positive/elevated",0.5283,0.4717,"LOW"
2,"2","N0","Other/Unknown","Positive/elevated",0.5283,0.4717,"LOW"
3,"2","N0","Other/Unknown","Positive/elevated",0.5283,0.4717,"LOW"
4,"2","N0","Other/Unknown","Positive/elevated",0.5283,0.4717,"LOW"
5,"2","N0","Other/Unknown","Positive/elevated",0.5283,0.4717,"LOW"
6,"2","N0","Other/Unknown","Positive/elevated",0.5283,0.4717,"LOW"
7,"2","N0","Other/Unknown","Positive/elevated",0.5283,0.4717,"LOW"
8,"2","N0","Other/Unknown","Positive/elevated",0.5283,0.4717,"LOW"
9,"2","N0","Other/Unknown","Positive/elevated",0.5283,0.4717,"LOW"
10,"2","N0","Other/Unknown","Positive/elevated",0.5283,0.4717,"LOW"
11,"2","N0","Other/Unknown","Positive/elevated",0.5283,0.4717,"LOW"
12,"2","N0","Other/Unknown","Positive/elevated",0.5283,0.4717,"LOW"
13,"2","N0","Other/Unknown","Positive/elevated",0.5283,0.4717,"LOW"
14,"2","N0","Other/Unknown","Positive/elevated",0.5283,0.4717,"LOW"
15,"2","N0","Other/Unknown","Positive/elevated",0.5283,0.4717,"LOW"
16,"2","N0","Other/Unknown","Positive/elevated",0.5283,0.4717,"LOW"
17,"2","N0","Other/Unknown","Positive/elevated",0.5301,0.4699,"LOW"
18,"2","N0","Other/Unknown","Positive/elevated",0.5301,0.4699,"LOW"
19,"2","N0","Other/Unknown","Positive/elevated",0.5301,0.4699,"LOW"
20,"2","N0","Other/Unknown","Positive/elevated",0.5301,0.4699,"LOW"
21,"2","N0","Other/Unknown","Positive/elevated",0.5376,0.4624,"LOW"
22,"2","N0","Other/Unknown","Positive/elevated",0.5385,0.4615,"LOW"
23,"2","N0","Other/Unknown","Positive/elevated",0.5473,0.4527,"LOW"
24,"2","N0","Other/Unknown","Positive/elevated",0.5458,0.4542,"LOW"
25,"2","N0","Other/Unknown","Positive/elevated",0.5409,0.4591,"LOW"
26,"2","N0","Other/Unknown","Positive/elevated",0.5387,0.4613,"LOW"
27,"2","N0","Other/Unknown","Positive/elevated",0.5297,0.4703,"LOW"
28,"2","N0","Other/Unknown","Positive/elevated",0.4757,0.5243,"HIGH"
29,"2","N0","Other/Unknown","Positive/elevated",0.3857,0.6143,"HIGH"
30,"2","N0","Other/Unknown","Positive/elevated",0.4001,0.5999,"HIGH"
31,"2","N0","Other/Unknown","Positive/elevated",0.3862,0.6138,"HIGH"
32,"2","N0","Other/Unknown","Positive/elevated",0.3757,0.6243,"HIGH"
33,"2","N0","Other/Unknown","Positive/elevated",0.39,0.61,"HIGH"
34,"2","N0","Other/Unknown","Positive/elevated",0.4424,0.5576,"HIGH"
35,"2","N0","Other/Unknown","Positive/elevated",0.4387,0.5613,"HIGH"
36,"2","N0","Other/Unknown","Positive/elevated",0.4522,0.5478,"HIGH"
37,"2","N0","Other/Unknown","Positive/elevated",0.4683,0.5317,"HIGH"
38,"2","N0","Other/Unknown","Positive/elevated",0.5056,0.4944,"LOW"
39,"2","N0","Other/Unknown","Positive/elevated",0.4949,0.5051,"HIGH"
40,"2","N0","Other/Unknown","Positive/elevated",0.4642,0.5358,"HIGH"
41,"2","N0","Other/Unknown","Positive/elevated",0.487,0.513,"HIGH"
42,"2","N0","Other/Unknown","Positive/elevated",0.5013,0.4987,"LOW"
43,"2","N0","Other/Unknown","Positive/elevated",0.4895,0.5105,"HIGH"
44,"2","N0","Other/Unknown","Positive/elevated",0.5062,0.4938,"LOW"
45,"2","N0","Other/Unknown","Positive/elevated",0.5062,0.4938,"LOW"
46,"2","N0","Other/Unknown","Positive/elevated",0.5089,0.4911,"LOW"
47,"2","N0","Other/Unknown","Positive/elevated",0.5173,0.4827,"LOW"
48,"2","N0","Other/Unknown","Positive/elevated",0.5202,0.4798,"LOW"
49,"2","N0","Other/Unknown","Positive/elevated",0.5201,0.4799,"LOW"
50,"2","N0","Other/Unknown","Positive/elevated",0.5244,0.4756,"LOW"
51,"2","N0","Other/Unknown","Positive/elevated",0.5317,0.4683,"LOW"
52,"2","N0","Other/Unknown","Positive/elevated",0.538,0.462,"LOW"
53,"2","N0","Other/Unknown","Positive/elevated",0.549,0.451,"LOW"
54,"2","N0","Other/Unknown","Positive/elevated",0.5493,0.4507,"LOW"
55,"2","N0","Other/Unknown","Positive/elevated",0.546,0.454,"LOW"
56,"2","N0","Other/Unknown","Positive/elevated",0.5479,0.4521,"LOW"
57,"2","N0","Other/Unknown","Positive/elevated",0.5604,0.4396,"LOW"
58,"2","N0","Other/Unknown","Positive/elevated",0.55,0.45,"LOW"
59,"2","N0","Other/Unknown","Positive/elevated",0.5454,0.4546,"LOW"
60,"2","N0","Other/Unknown","Positive/elevated",0.5477,0.4523,"LOW"
61,"2","N0","Other/Unknown","Positive/elevated",0.549,0.451,"LOW"
62,"2","N0","Other/Unknown","Positive/elevated",0.5594,0.4406,"LOW"
63,"2","N0","Other/Unknown","Positive/elevated",0.5686,0.4314,"LOW"
64,"2","N0","Other/Unknown","Positive/elevated",0.5654,0.4346,"LOW"
65,"2","N0","Other/Unknown","Positive/elevated",0.5664,0.4336,"LOW"
66,"2","N0","Other/Unknown","Positive/elevated",0.5776,0.4224,"LOW"
67,"2","N0","Other/Unknown","Positive/elevated",0.5704,0.4296,"LOW"
68,"2","N0","Other/Unknown","Positive/elevated",0.5777,0.4223,"LOW"
69,"2","N0","Other/Unknown","Positive/elevated",0.571,0.429,"LOW"
70,"2","N0","Other/Unknown","Positive/elevated",0.5725,0.4275,"LOW"
71,"2","N0","Other/Unknown","Positive/elevated",0.5814,0.4186,"LOW"
72,"2","N0","Other/Unknown","Positive/elevated",0.5841,0.4159,"LOW"
73,"2","N0","Other/Unknown","Positive/elevated",0.5951,0.4049,"LOW"
74,"2","N0","Other/Unknown","Positive/elevated",0.6049,0.3951,"LOW"
75,"2","N0","Other/Unknown","Positive/elevated",0.6112,0.3888,"LOW"
76,"2","N0","Other/Unknown","Positive/elevated",0.6292,0.3708,"LOW"
77,"2","N0","Other/Unknown","Positive/elevated",0.6352,0.3648,"LOW"
78,"2","N0","Other/Unknown","Positive/elevated",0.6328,0.3672,"LOW"
79,"2","N0","Other/Unknown","Positive/elevated",0.6461,0.3539,"LOW"
80,"2","N0","Other/Unknown","Positive/elevated",0.6577,0.3423,"LOW"
81,"2","N0","Other/Unknown","Positive/elevated",0.6619,0.3381,"LOW"
82,"2","N0","Other/Unknown","Positive/elevated",0.6733,0.3267,"LOW"
83,"2","N0","Other/Unknown","Positive/elevated",0.6603,0.3397,"LOW"
84,"2","N0","Other/Unknown","Positive/elevated",0.6669,0.3331,"LOW"
85,"2","N0","Other/Unknown","Positive/elevated",0.6779,0.3221,"LOW"
86,"2","N0","Other/Unknown","Positive/elevated",0.6654,0.3346,"LOW"
87,"2","N0","Other/Unknown","Positive/elevated",0.6854,0.3146,"LOW"
88,"2","N0","Other/Unknown","Positive/elevated",0.6921,0.3079,"LOW"
89,"2","N0","Other/Unknown","Positive/elevated",0.7033,0.2967,"LOW"
90,"2","N0","Other/Unknown","Positive/elevated",0.6716,0.3284,"LOW"
91,"2","N0","Other/Unknown","Positive/elevated",0.6716,0.3284,"LOW"
92,"2","N0","Other/Unknown","Positive/elevated",0.6716,0.3284,"LOW"
93,"2","N0","Other/Unknown","Positive/elevated",0.6716,0.3284,"LOW"
94,"2","N0","Other/Unknown","Positive/elevated",0.6716,0.3284,"LOW"
95,"2","N0","Other/Unknown","Positive/elevated",0.6716,0.3284,"LOW"
96,"2","N0","Other/Unknown","Positive/elevated",0.6716,0.3284,"LOW"
97,"2","N0","Other/Unknown","Positive/elevated",0.6716,0.3284,"LOW"
98,"2","N0","Other/Unknown","Positive/elevated",0.6716,0.3284,"LOW"
99,"2","N0","Other/Unknown","Positive/elevated",0.6716,0.3284,"LOW"
0,"1","N1","Other/Unknown","Positive/elevated",0.1608,0.8392,"HIGH"
1,"1","N1","Other/Unknown","Positive/elevated",0.1608,0.8392,"HIGH"
2,"1","N1","Other/Unknown","Positive/elevated",0.1608,0.8392,"HIGH"
3,"1","N1","Other/Unknown","Positive/elevated",0.1608,0.8392,"HIGH"
4,"1","N1","Other/Unknown","Positive/elevated",0.1608,0.8392,"HIGH"
5,"1","N1","Other/Unknown","Positive/elevated",0.1608,0.8392,"HIGH"
6,"1","N1","Other/Unknown","Positive/elevated",0.1608,0.8392,"HIGH"
7,"1","N1","Other/Unknown","Positive/elevated",0.1608,0.8392,"HIGH"
8,"1","N1","Other/Unknown","Positive/elevated",0.1608,0.8392,"HIGH"
9,"1","N1","Other/Unknown","Positive/elevated",0.1608,0.8392,"HIGH"
10,"1","N1","Other/Unknown","Positive/elevated",0.1608,0.8392,"HIGH"
11,"1","N1","Other/Unknown","Positive/elevated",0.1608,0.8392,"HIGH"
12,"1","N1","Other/Unknown","Positive/elevated",0.1608,0.8392,"HIGH"
13,"1","N1","Other/Unknown","Positive/elevated",0.1608,0.8392,"HIGH"
14,"1","N1","Other/Unknown","Positive/elevated",0.1608,0.8392,"HIGH"
15,"1","N1","Other/Unknown","Positive/elevated",0.1608,0.8392,"HIGH"
16,"1","N1","Other/Unknown","Positive/elevated",0.1608,0.8392,"HIGH"
17,"1","N1","Other/Unknown","Positive/elevated",0.1703,0.8297,"HIGH"
18,"1","N1","Other/Unknown","Positive/elevated",0.1731,0.8269,"HIGH"
19,"1","N1","Other/Unknown","Positive/elevated",0.1792,0.8208,"HIGH"
20,"1","N1","Other/Unknown","Positive/elevated",0.1838,0.8162,"HIGH"
21,"1","N1","Other/Unknown","Positive/elevated",0.1929,0.8071,"HIGH"
22,"1","N1","Other/Unknown","Positive/elevated",0.2,0.8,"HIGH"
23,"1","N1","Other/Unknown","Positive/elevated",0.2209,0.7791,"HIGH"
24,"1","N1","Other/Unknown","Positive/elevated",0.2605,0.7395,"HIGH"
25,"1","N1","Other/Unknown","Positive/elevated",0.216,0.784,"HIGH"
26,"1","N1","Other/Unknown","Positive/elevated",0.1748,0.8252,"HIGH"
27,"1","N1","Other/Unknown","Positive/elevated",0.1716,0.8284,"HIGH"
28,"1","N1","Other/Unknown","Positive/elevated",0.1743,0.8257,"HIGH"
29,"1","N1","Other/Unknown","Positive/elevated",0.1877,0.8123,"HIGH"
30,"1","N1","Other/Unknown","Positive/elevated",0.2335,0.7665,"HIGH"
31,"1","N1","Other/Unknown","Positive/elevated",0.2247,0.7753,"HIGH"
32,"1","N1","Other/Unknown","Positive/elevated",0.1775,0.8225,"HIGH"
33,"1","N1","Other/Unknown","Positive/elevated",0.1729,0.8271,"HIGH"
34,"1","N1","Other/Unknown","Positive/elevated",0.171,0.829,"HIGH"
35,"1","N1","Other/Unknown","Positive/elevated",0.1719,0.8281,"HIGH"
36,"1","N1","Other/Unknown","Positive/elevated",0.1724,0.8276,"HIGH"
37,"1","N1","Other/Unknown","Positive/elevated",0.1829,0.8171,"HIGH"
38,"1","N1","Other/Unknown","Positive/elevated",0.1813,0.8187,"HIGH"
39,"1","N1","Other/Unknown","Positive/elevated",0.1867,0.8133,"HIGH"
40,"1","N1","Other/Unknown","Positive/elevated",0.1992,0.8008,"HIGH"
41,"1","N1","Other/Unknown","Positive/elevated",0.207,0.793,"HIGH"
42,"1","N1","Other/Unknown","Positive/elevated",0.2001,0.7999,"HIGH"
43,"1","N1","Other/Unknown","Positive/elevated",0.2018,0.7982,"HIGH"
44,"1","N1","Other/Unknown","Positive/elevated",0.2147,0.7853,"HIGH"
45,"1","N1","Other/Unknown","Positive/elevated",0.2279,0.7721,"HIGH"
46,"1","N1","Other/Unknown","Positive/elevated",0.2233,0.7767,"HIGH"
47,"1","N1","Other/Unknown","Positive/elevated",0.2102,0.7898,"HIGH"
48,"1","N1","Other/Unknown","Positive/elevated",0.222,0.778,"HIGH"
49,"1","N1","Other/Unknown","Positive/elevated",0.2406,0.7594,"HIGH"
50,"1","N1","Other/Unknown","Positive/elevated",0.2366,0.7634,"HIGH"
51,"1","N1","Other/Unknown","Positive/elevated",0.2327,0.7673,"HIGH"
52,"1","N1","Other/Unknown","Positive/elevated",0.2266,0.7734,"HIGH"
53,"1","N1","Other/Unknown","Positive/elevated",0.2251,0.7749,"HIGH"
54,"1","N1","Other/Unknown","Positive/elevated",0.2263,0.7737,"HIGH"
55,"1","N1","Other/Unknown","Positive/elevated",0.2249,0.7751,"HIGH"
56,"1","N1","Other/Unknown","Positive/elevated",0.2294,0.7706,"HIGH"
57,"1","N1","Other/Unknown","Positive/elevated",0.2396,0.7604,"HIGH"
58,"1","N1","Other/Unknown","Positive/elevated",0.2455,0.7545,"HIGH"
59,"1","N1","Other/Unknown","Positive/elevated",0.2437,0.7563,"HIGH"
60,"1","N1","Other/Unknown","Positive/elevated",0.2325,0.7675,"HIGH"
61,"1","N1","Other/Unknown","Positive/elevated",0.2311,0.7689,"HIGH"
62,"1","N1","Other/Unknown","Positive/elevated",0.2312,0.7688,"HIGH"
63,"1","N1","Other/Unknown","Positive/elevated",0.2432,0.7568,"HIGH"
64,"1","N1","Other/Unknown","Positive/elevated",0.2519,0.7481,"HIGH"
65,"1","N1","Other/Unknown","Positive/elevated",0.246,0.754,"HIGH"
66,"1","N1","Other/Unknown","Positive/elevated",0.2508,0.7492,"HIGH"
67,"1","N1","Other/Unknown","Positive/elevated",0.2518,0.7482,"HIGH"
68,"1","N1","Other/Unknown","Positive/elevated",0.2625,0.7375,"HIGH"
69,"1","N1","Other/Unknown","Positive/elevated",0.2693,0.7307,"HIGH"
70,"1","N1","Other/Unknown","Positive/elevated",0.2691,0.7309,"HIGH"
71,"1","N1","Other/Unknown","Positive/elevated",0.2652,0.7348,"HIGH"
72,"1","N1","Other/Unknown","Positive/elevated",0.2566,0.7434,"HIGH"
73,"1","N1","Other/Unknown","Positive/elevated",0.262,0.738,"HIGH"
74,"1","N1","Other/Unknown","Positive/elevated",0.2493,0.7507,"HIGH"
75,"1","N1","Other/Unknown","Positive/elevated",0.2448,0.7552,"HIGH"
76,"1","N1","Other/Unknown","Positive/elevated",0.258,0.742,"HIGH"
77,"1","N1","Other/Unknown","Positive/elevated",0.2655,0.7345,"HIGH"
78,"1","N1","Other/Unknown","Positive/elevated",0.2586,0.7414,"HIGH"
79,"1","N1","Other/Unknown","Positive/elevated",0.2716,0.7284,"HIGH"
80,"1","N1","Other/Unknown","Positive/elevated",0.2512,0.7488,"HIGH"
81,"1","N1","Other/Unknown","Positive/elevated",0.2487,0.7513,"HIGH"
82,"1","N1","Other/Unknown","Positive/elevated",0.2497,0.7503,"HIGH"
83,"1","N1","Other/Unknown","Positive/elevated",0.2846,0.7154,"HIGH"
84,"1","N1","Other/Unknown","Positive/elevated",0.2882,0.7118,"HIGH"
85,"1","N1","Other/Unknown","Positive/elevated",0.2577,0.7423,"HIGH"
86,"1","N1","Other/Unknown","Positive/elevated",0.2372,0.7628,"HIGH"
87,"1","N1","Other/Unknown","Positive/elevated",0.2404,0.7596,"HIGH"
88,"1","N1","Other/Unknown","Positive/elevated",0.2618,0.7382,"HIGH"
89,"1","N1","Other/Unknown","Positive/elevated",0.3087,0.6913,"HIGH"
90,"1","N1","Other/Unknown","Positive/elevated",0.2573,0.7427,"HIGH"
91,"1","N1","Other/Unknown","Positive/elevated",0.2573,0.7427,"HIGH"
92,"1","N1","Other/Unknown","Positive/elevated",0.2573,0.7427,"HIGH"
93,"1","N1","Other/Unknown","Positive/elevated",0.2573,0.7427,"HIGH"
94,"1","N1","Other/Unknown","Positive/elevated",0.2573,0.7427,"HIGH"
95,"1","N1","Other/Unknown","Positive/elevated",0.2573,0.7427,"HIGH"
96,"1","N1","Other/Unknown","Positive/elevated",0.2573,0.7427,"HIGH"
97,"1","N1","Other/Unknown","Positive/elevated",0.2573,0.7427,"HIGH"
98,"1","N1","Other/Unknown","Positive/elevated",0.2573,0.7427,"HIGH"
99,"1","N1","Other/Unknown","Positive/elevated",0.2573,0.7427,"HIGH"
0,"2","N1","Other/Unknown","Positive/elevated",0.1701,0.8299,"HIGH"
1,"2","N1","Other/Unknown","Positive/elevated",0.1701,0.8299,"HIGH"
2,"2","N1","Other/Unknown","Positive/elevated",0.1701,0.8299,"HIGH"
3,"2","N1","Other/Unknown","Positive/elevated",0.1701,0.8299,"HIGH"
4,"2","N1","Other/Unknown","Positive/elevated",0.1701,0.8299,"HIGH"
5,"2","N1","Other/Unknown","Positive/elevated",0.1701,0.8299,"HIGH"
6,"2","N1","Other/Unknown","Positive/elevated",0.1701,0.8299,"HIGH"
7,"2","N1","Other/Unknown","Positive/elevated",0.1701,0.8299,"HIGH"
8,"2","N1","Other/Unknown","Positive/elevated",0.1701,0.8299,"HIGH"
9,"2","N1","Other/Unknown","Positive/elevated",0.1701,0.8299,"HIGH"
10,"2","N1","Other/Unknown","Positive/elevated",0.1701,0.8299,"HIGH"
11,"2","N1","Other/Unknown","Positive/elevated",0.1701,0.8299,"HIGH"
12,"2","N1","Other/Unknown","Positive/elevated",0.1701,0.8299,"HIGH"
13,"2","N1","Other/Unknown","Positive/elevated",0.1701,0.8299,"HIGH"
14,"2","N1","Other/Unknown","Positive/elevated",0.1701,0.8299,"HIGH"
15,"2","N1","Other/Unknown","Positive/elevated",0.1701,0.8299,"HIGH"
16,"2","N1","Other/Unknown","Positive/elevated",0.1701,0.8299,"HIGH"
17,"2","N1","Other/Unknown","Positive/elevated",0.1706,0.8294,"HIGH"
18,"2","N1","Other/Unknown","Positive/elevated",0.171,0.829,"HIGH"
19,"2","N1","Other/Unknown","Positive/elevated",0.1733,0.8267,"HIGH"
20,"2","N1","Other/Unknown","Positive/elevated",0.1786,0.8214,"HIGH"
21,"2","N1","Other/Unknown","Positive/elevated",0.1858,0.8142,"HIGH"
22,"2","N1","Other/Unknown","Positive/elevated",0.193,0.807,"HIGH"
23,"2","N1","Other/Unknown","Positive/elevated",0.2007,0.7993,"HIGH"
24,"2","N1","Other/Unknown","Positive/elevated",0.2297,0.7703,"HIGH"
25,"2","N1","Other/Unknown","Positive/elevated",0.2418,0.7582,"HIGH"
26,"2","N1","Other/Unknown","Positive/elevated",0.2637,0.7363,"HIGH"
27,"2","N1","Other/Unknown","Positive/elevated",0.2215,0.7785,"HIGH"
28,"2","N1","Other/Unknown","Positive/elevated",0.2105,0.7895,"HIGH"
29,"2","N1","Other/Unknown","Positive/elevated",0.209,0.791,"HIGH"
30,"2","N1","Other/Unknown","Positive/elevated",0.2403,0.7597,"HIGH"
31,"2","N1","Other/Unknown","Positive/elevated",0.2504,0.7496,"HIGH"
32,"2","N1","Other/Unknown","Positive/elevated",0.2488,0.7512,"HIGH"
33,"2","N1","Other/Unknown","Positive/elevated",0.2274,0.7726,"HIGH"
34,"2","N1","Other/Unknown","Positive/elevated",0.2629,0.7371,"HIGH"
35,"2","N1","Other/Unknown","Positive/elevated",0.2401,0.7599,"HIGH"
36,"2","N1","Other/Unknown","Positive/elevated",0.2553,0.7447,"HIGH"
37,"2","N1","Other/Unknown","Positive/elevated",0.2592,0.7408,"HIGH"
38,"2","N1","Other/Unknown","Positive/elevated",0.2349,0.7651,"HIGH"
39,"2","N1","Other/Unknown","Positive/elevated",0.2389,0.7611,"HIGH"
40,"2","N1","Other/Unknown","Positive/elevated",0.2306,0.7694,"HIGH"
41,"2","N1","Other/Unknown","Positive/elevated",0.242,0.758,"HIGH"
42,"2","N1","Other/Unknown","Positive/elevated",0.2433,0.7567,"HIGH"
43,"2","N1","Other/Unknown","Positive/elevated",0.2218,0.7782,"HIGH"
44,"2","N1","Other/Unknown","Positive/elevated",0.2204,0.7796,"HIGH"
45,"2","N1","Other/Unknown","Positive/elevated",0.2172,0.7828,"HIGH"
46,"2","N1","Other/Unknown","Positive/elevated",0.2189,0.7811,"HIGH"
47,"2","N1","Other/Unknown","Positive/elevated",0.212,0.788,"HIGH"
48,"2","N1","Other/Unknown","Positive/elevated",0.2213,0.7787,"HIGH"
49,"2","N1","Other/Unknown","Positive/elevated",0.2258,0.7742,"HIGH"
50,"2","N1","Other/Unknown","Positive/elevated",0.2454,0.7546,"HIGH"
51,"2","N1","Other/Unknown","Positive/elevated",0.2395,0.7605,"HIGH"
52,"2","N1","Other/Unknown","Positive/elevated",0.2404,0.7596,"HIGH"
53,"2","N1","Other/Unknown","Positive/elevated",0.2298,0.7702,"HIGH"
54,"2","N1","Other/Unknown","Positive/elevated",0.2338,0.7662,"HIGH"
55,"2","N1","Other/Unknown","Positive/elevated",0.229,0.771,"HIGH"
56,"2","N1","Other/Unknown","Positive/elevated",0.2292,0.7708,"HIGH"
57,"2","N1","Other/Unknown","Positive/elevated",0.2283,0.7717,"HIGH"
58,"2","N1","Other/Unknown","Positive/elevated",0.2365,0.7635,"HIGH"
59,"2","N1","Other/Unknown","Positive/elevated",0.2391,0.7609,"HIGH"
60,"2","N1","Other/Unknown","Positive/elevated",0.2468,0.7532,"HIGH"
61,"2","N1","Other/Unknown","Positive/elevated",0.2511,0.7489,"HIGH"
62,"2","N1","Other/Unknown","Positive/elevated",0.2507,0.7493,"HIGH"
63,"2","N1","Other/Unknown","Positive/elevated",0.2523,0.7477,"HIGH"
64,"2","N1","Other/Unknown","Positive/elevated",0.2542,0.7458,"HIGH"
65,"2","N1","Other/Unknown","Positive/elevated",0.2706,0.7294,"HIGH"
66,"2","N1","Other/Unknown","Positive/elevated",0.2561,0.7439,"HIGH"
67,"2","N1","Other/Unknown","Positive/elevated",0.2678,0.7322,"HIGH"
68,"2","N1","Other/Unknown","Positive/elevated",0.275,0.725,"HIGH"
69,"2","N1","Other/Unknown","Positive/elevated",0.2689,0.7311,"HIGH"
70,"2","N1","Other/Unknown","Positive/elevated",0.2585,0.7415,"HIGH"
71,"2","N1","Other/Unknown","Positive/elevated",0.2811,0.7189,"HIGH"
72,"2","N1","Other/Unknown","Positive/elevated",0.2657,0.7343,"HIGH"
73,"2","N1","Other/Unknown","Positive/elevated",0.2705,0.7295,"HIGH"
74,"2","N1","Other/Unknown","Positive/elevated",0.2635,0.7365,"HIGH"
75,"2","N1","Other/Unknown","Positive/elevated",0.2568,0.7432,"HIGH"
76,"2","N1","Other/Unknown","Positive/elevated",0.2892,0.7108,"HIGH"
77,"2","N1","Other/Unknown","Positive/elevated",0.3102,0.6898,"HIGH"
78,"2","N1","Other/Unknown","Positive/elevated",0.2935,0.7065,"HIGH"
79,"2","N1","Other/Unknown","Positive/elevated",0.3108,0.6892,"HIGH"
80,"2","N1","Other/Unknown","Positive/elevated",0.3188,0.6812,"HIGH"
81,"2","N1","Other/Unknown","Positive/elevated",0.3114,0.6886,"HIGH"
82,"2","N1","Other/Unknown","Positive/elevated",0.3108,0.6892,"HIGH"
83,"2","N1","Other/Unknown","Positive/elevated",0.2914,0.7086,"HIGH"
84,"2","N1","Other/Unknown","Positive/elevated",0.2991,0.7009,"HIGH"
85,"2","N1","Other/Unknown","Positive/elevated",0.3104,0.6896,"HIGH"
86,"2","N1","Other/Unknown","Positive/elevated",0.3391,0.6609,"HIGH"
87,"2","N1","Other/Unknown","Positive/elevated",0.3245,0.6755,"HIGH"
88,"2","N1","Other/Unknown","Positive/elevated",0.3687,0.6313,"HIGH"
89,"2","N1","Other/Unknown","Positive/elevated",0.3077,0.6923,"HIGH"
90,"2","N1","Other/Unknown","Positive/elevated",0.3223,0.6777,"HIGH"
91,"2","N1","Other/Unknown","Positive/elevated",0.3223,0.6777,"HIGH"
92,"2","N1","Other/Unknown","Positive/elevated",0.3223,0.6777,"HIGH"
93,"2","N1","Other/Unknown","Positive/elevated",0.3223,0.6777,"HIGH"
94,"2","N1","Other/Unknown","Positive/elevated",0.3223,0.6777,"HIGH"
95,"2","N1","Other/Unknown","Positive/elevated",0.3223,0.6777,"HIGH"
96,"2","N1","Other/Unknown","Positive/elevated",0.3223,0.6777,"HIGH"
97,"2","N1","Other/Unknown","Positive/elevated",0.3223,0.6777,"HIGH"
98,"2","N1","Other/Unknown","Positive/elevated",0.3223,0.6777,"HIGH"
99,"2","N1","Other/Unknown","Positive/elevated",0.3223,0.6777,"HIGH"
0,"1","N2","Other/Unknown","Positive/elevated",0.1089,0.8911,"HIGH"
1,"1","N2","Other/Unknown","Positive/elevated",0.1089,0.8911,"HIGH"
2,"1","N2","Other/Unknown","Positive/elevated",0.1089,0.8911,"HIGH"
3,"1","N2","Other/Unknown","Positive/elevated",0.1089,0.8911,"HIGH"
4,"1","N2","Other/Unknown","Positive/elevated",0.1089,0.8911,"HIGH"
5,"1","N2","Other/Unknown","Positive/elevated",0.1089,0.8911,"HIGH"
6,"1","N2","Other/Unknown","Positive/elevated",0.1089,0.8911,"HIGH"
7,"1","N2","Other/Unknown","Positive/elevated",0.1089,0.8911,"HIGH"
8,"1","N2","Other/Unknown","Positive/elevated",0.1089,0.8911,"HIGH"
9,"1","N2","Other/Unknown","Positive/elevated",0.1089,0.8911,"HIGH"
10,"1","N2","Other/Unknown","Positive/elevated",0.1089,0.8911,"HIGH"
11,"1","N2","Other/Unknown","Positive/elevated",0.1089,0.8911,"HIGH"
12,"1","N2","Other/Unknown","Positive/elevated",0.1089,0.8911,"HIGH"
13,"1","N2","Other/Unknown","Positive/elevated",0.1089,0.8911,"HIGH"
14,"1","N2","Other/Unknown","Positive/elevated",0.1089,0.8911,"HIGH"
15,"1","N2","Other/Unknown","Positive/elevated",0.1089,0.8911,"HIGH"
16,"1","N2","Other/Unknown","Positive/elevated",0.1089,0.8911,"HIGH"
17,"1","N2","Other/Unknown","Positive/elevated",0.1091,0.8909,"HIGH"
18,"1","N2","Other/Unknown","Positive/elevated",0.1091,0.8909,"HIGH"
19,"1","N2","Other/Unknown","Positive/elevated",0.1091,0.8909,"HIGH"
20,"1","N2","Other/Unknown","Positive/elevated",0.1091,0.8909,"HIGH"
21,"1","N2","Other/Unknown","Positive/elevated",0.1106,0.8894,"HIGH"
22,"1","N2","Other/Unknown","Positive/elevated",0.1152,0.8848,"HIGH"
23,"1","N2","Other/Unknown","Positive/elevated",0.1209,0.8791,"HIGH"
24,"1","N2","Other/Unknown","Positive/elevated",0.1225,0.8775,"HIGH"
25,"1","N2","Other/Unknown","Positive/elevated",0.1271,0.8729,"HIGH"
26,"1","N2","Other/Unknown","Positive/elevated",0.1367,0.8633,"HIGH"
27,"1","N2","Other/Unknown","Positive/elevated",0.1427,0.8573,"HIGH"
28,"1","N2","Other/Unknown","Positive/elevated",0.1339,0.8661,"HIGH"
29,"1","N2","Other/Unknown","Positive/elevated",0.1251,0.8749,"HIGH"
30,"1","N2","Other/Unknown","Positive/elevated",0.1366,0.8634,"HIGH"
31,"1","N2","Other/Unknown","Positive/elevated",0.1468,0.8532,"HIGH"
32,"1","N2","Other/Unknown","Positive/elevated",0.1237,0.8763,"HIGH"
33,"1","N2","Other/Unknown","Positive/elevated",0.1273,0.8727,"HIGH"
34,"1","N2","Other/Unknown","Positive/elevated",0.1203,0.8797,"HIGH"
35,"1","N2","Other/Unknown","Positive/elevated",0.1146,0.8854,"HIGH"
36,"1","N2","Other/Unknown","Positive/elevated",0.1133,0.8867,"HIGH"
37,"1","N2","Other/Unknown","Positive/elevated",0.1134,0.8866,"HIGH"
38,"1","N2","Other/Unknown","Positive/elevated",0.1139,0.8861,"HIGH"
39,"1","N2","Other/Unknown","Positive/elevated",0.1149,0.8851,"HIGH"
40,"1","N2","Other/Unknown","Positive/elevated",0.1192,0.8808,"HIGH"
41,"1","N2","Other/Unknown","Positive/elevated",0.1247,0.8753,"HIGH"
42,"1","N2","Other/Unknown","Positive/elevated",0.1421,0.8579,"HIGH"
43,"1","N2","Other/Unknown","Positive/elevated",0.134,0.866,"HIGH"
44,"1","N2","Other/Unknown","Positive/elevated",0.1423,0.8577,"HIGH"
45,"1","N2","Other/Unknown","Positive/elevated",0.1687,0.8313,"HIGH"
46,"1","N2","Other/Unknown","Positive/elevated",0.1462,0.8538,"HIGH"
47,"1","N2","Other/Unknown","Positive/elevated",0.1521,0.8479,"HIGH"
48,"1","N2","Other/Unknown","Positive/elevated",0.1565,0.8435,"HIGH"
49,"1","N2","Other/Unknown","Positive/elevated",0.1408,0.8592,"HIGH"
50,"1","N2","Other/Unknown","Positive/elevated",0.1393,0.8607,"HIGH"
51,"1","N2","Other/Unknown","Positive/elevated",0.1473,0.8527,"HIGH"
52,"1","N2","Other/Unknown","Positive/elevated",0.14,0.86,"HIGH"
53,"1","N2","Other/Unknown","Positive/elevated",0.1445,0.8555,"HIGH"
54,"1","N2","Other/Unknown","Positive/elevated",0.1572,0.8428,"HIGH"
55,"1","N2","Other/Unknown","Positive/elevated",0.1433,0.8567,"HIGH"
56,"1","N2","Other/Unknown","Positive/elevated",0.146,0.854,"HIGH"
57,"1","N2","Other/Unknown","Positive/elevated",0.1586,0.8414,"HIGH"
58,"1","N2","Other/Unknown","Positive/elevated",0.1402,0.8598,"HIGH"
59,"1","N2","Other/Unknown","Positive/elevated",0.1427,0.8573,"HIGH"
60,"1","N2","Other/Unknown","Positive/elevated",0.136,0.864,"HIGH"
61,"1","N2","Other/Unknown","Positive/elevated",0.1347,0.8653,"HIGH"
62,"1","N2","Other/Unknown","Positive/elevated",0.137,0.863,"HIGH"
63,"1","N2","Other/Unknown","Positive/elevated",0.1432,0.8568,"HIGH"
64,"1","N2","Other/Unknown","Positive/elevated",0.1406,0.8594,"HIGH"
65,"1","N2","Other/Unknown","Positive/elevated",0.1707,0.8293,"HIGH"
66,"1","N2","Other/Unknown","Positive/elevated",0.1517,0.8483,"HIGH"
67,"1","N2","Other/Unknown","Positive/elevated",0.172,0.828,"HIGH"
68,"1","N2","Other/Unknown","Positive/elevated",0.1565,0.8435,"HIGH"
69,"1","N2","Other/Unknown","Positive/elevated",0.1606,0.8394,"HIGH"
70,"1","N2","Other/Unknown","Positive/elevated",0.1658,0.8342,"HIGH"
71,"1","N2","Other/Unknown","Positive/elevated",0.1978,0.8022,"HIGH"
72,"1","N2","Other/Unknown","Positive/elevated",0.1762,0.8238,"HIGH"
73,"1","N2","Other/Unknown","Positive/elevated",0.1747,0.8253,"HIGH"
74,"1","N2","Other/Unknown","Positive/elevated",0.2093,0.7907,"HIGH"
75,"1","N2","Other/Unknown","Positive/elevated",0.2043,0.7957,"HIGH"
76,"1","N2","Other/Unknown","Positive/elevated",0.2086,0.7914,"HIGH"
77,"1","N2","Other/Unknown","Positive/elevated",0.2369,0.7631,"HIGH"
78,"1","N2","Other/Unknown","Positive/elevated",0.1814,0.8186,"HIGH"
79,"1","N2","Other/Unknown","Positive/elevated",0.1805,0.8195,"HIGH"
80,"1","N2","Other/Unknown","Positive/elevated",0.1998,0.8002,"HIGH"
81,"1","N2","Other/Unknown","Positive/elevated",0.2205,0.7795,"HIGH"
82,"1","N2","Other/Unknown","Positive/elevated",0.194,0.806,"HIGH"
83,"1","N2","Other/Unknown","Positive/elevated",0.2471,0.7529,"HIGH"
84,"1","N2","Other/Unknown","Positive/elevated",0.2452,0.7548,"HIGH"
85,"1","N2","Other/Unknown","Positive/elevated",0.3114,0.6886,"HIGH"
86,"1","N2","Other/Unknown","Positive/elevated",0.3241,0.6759,"HIGH"
87,"1","N2","Other/Unknown","Positive/elevated",0.2445,0.7555,"HIGH"
88,"1","N2","Other/Unknown","Positive/elevated",0.2376,0.7624,"HIGH"
89,"1","N2","Other/Unknown","Positive/elevated",0.2348,0.7652,"HIGH"
90,"1","N2","Other/Unknown","Positive/elevated",0.2315,0.7685,"HIGH"
91,"1","N2","Other/Unknown","Positive/elevated",0.2315,0.7685,"HIGH"
92,"1","N2","Other/Unknown","Positive/elevated",0.2315,0.7685,"HIGH"
93,"1","N2","Other/Unknown","Positive/elevated",0.2315,0.7685,"HIGH"
94,"1","N2","Other/Unknown","Positive/elevated",0.2315,0.7685,"HIGH"
95,"1","N2","Other/Unknown","Positive/elevated",0.2315,0.7685,"HIGH"
96,"1","N2","Other/Unknown","Positive/elevated",0.2315,0.7685,"HIGH"
97,"1","N2","Other/Unknown","Positive/elevated",0.2315,0.7685,"HIGH"
98,"1","N2","Other/Unknown","Positive/elevated",0.2315,0.7685,"HIGH"
99,"1","N2","Other/Unknown","Positive/elevated",0.2315,0.7685,"HIGH"
0,"2","N2","Other/Unknown","Positive/elevated",0.2745,0.7255,"HIGH"
1,"2","N2","Other/Unknown","Positive/elevated",0.2745,0.7255,"HIGH"
2,"2","N2","Other/Unknown","Positive/elevated",0.2745,0.7255,"HIGH"
3,"2","N2","Other/Unknown","Positive/elevated",0.2745,0.7255,"HIGH"
4,"2","N2","Other/Unknown","Positive/elevated",0.2745,0.7255,"HIGH"
5,"2","N2","Other/Unknown","Positive/elevated",0.2745,0.7255,"HIGH"
6,"2","N2","Other/Unknown","Positive/elevated",0.2745,0.7255,"HIGH"
7,"2","N2","Other/Unknown","Positive/elevated",0.2745,0.7255,"HIGH"
8,"2","N2","Other/Unknown","Positive/elevated",0.2745,0.7255,"HIGH"
9,"2","N2","Other/Unknown","Positive/elevated",0.2745,0.7255,"HIGH"
10,"2","N2","Other/Unknown","Positive/elevated",0.2745,0.7255,"HIGH"
11,"2","N2","Other/Unknown","Positive/elevated",0.2745,0.7255,"HIGH"
12,"2","N2","Other/Unknown","Positive/elevated",0.2745,0.7255,"HIGH"
13,"2","N2","Other/Unknown","Positive/elevated",0.2745,0.7255,"HIGH"
14,"2","N2","Other/Unknown","Positive/elevated",0.2745,0.7255,"HIGH"
15,"2","N2","Other/Unknown","Positive/elevated",0.2745,0.7255,"HIGH"
16,"2","N2","Other/Unknown","Positive/elevated",0.2745,0.7255,"HIGH"
17,"2","N2","Other/Unknown","Positive/elevated",0.2748,0.7252,"HIGH"
18,"2","N2","Other/Unknown","Positive/elevated",0.2748,0.7252,"HIGH"
19,"2","N2","Other/Unknown","Positive/elevated",0.2748,0.7252,"HIGH"
20,"2","N2","Other/Unknown","Positive/elevated",0.2748,0.7252,"HIGH"
21,"2","N2","Other/Unknown","Positive/elevated",0.2754,0.7246,"HIGH"
22,"2","N2","Other/Unknown","Positive/elevated",0.28,0.72,"HIGH"
23,"2","N2","Other/Unknown","Positive/elevated",0.2845,0.7155,"HIGH"
24,"2","N2","Other/Unknown","Positive/elevated",0.2844,0.7156,"HIGH"
25,"2","N2","Other/Unknown","Positive/elevated",0.2917,0.7083,"HIGH"
26,"2","N2","Other/Unknown","Positive/elevated",0.2984,0.7016,"HIGH"
27,"2","N2","Other/Unknown","Positive/elevated",0.3048,0.6952,"HIGH"
28,"2","N2","Other/Unknown","Positive/elevated",0.249,0.751,"HIGH"
29,"2","N2","Other/Unknown","Positive/elevated",0.1991,0.8009,"HIGH"
30,"2","N2","Other/Unknown","Positive/elevated",0.1914,0.8086,"HIGH"
31,"2","N2","Other/Unknown","Positive/elevated",0.1818,0.8182,"HIGH"
32,"2","N2","Other/Unknown","Positive/elevated",0.1774,0.8226,"HIGH"
33,"2","N2","Other/Unknown","Positive/elevated",0.2054,0.7946,"HIGH"
34,"2","N2","Other/Unknown","Positive/elevated",0.1808,0.8192,"HIGH"
35,"2","N2","Other/Unknown","Positive/elevated",0.1794,0.8206,"HIGH"
36,"2","N2","Other/Unknown","Positive/elevated",0.1804,0.8196,"HIGH"
37,"2","N2","Other/Unknown","Positive/elevated",0.1844,0.8156,"HIGH"
38,"2","N2","Other/Unknown","Positive/elevated",0.2111,0.7889,"HIGH"
39,"2","N2","Other/Unknown","Positive/elevated",0.1973,0.8027,"HIGH"
40,"2","N2","Other/Unknown","Positive/elevated",0.1852,0.8148,"HIGH"
41,"2","N2","Other/Unknown","Positive/elevated",0.1825,0.8175,"HIGH"
42,"2","N2","Other/Unknown","Positive/elevated",0.1922,0.8078,"HIGH"
43,"2","N2","Other/Unknown","Positive/elevated",0.2138,0.7862,"HIGH"
44,"2","N2","Other/Unknown","Positive/elevated",0.2428,0.7572,"HIGH"
45,"2","N2","Other/Unknown","Positive/elevated",0.2385,0.7615,"HIGH"
46,"2","N2","Other/Unknown","Positive/elevated",0.1748,0.8252,"HIGH"
47,"2","N2","Other/Unknown","Positive/elevated",0.1685,0.8315,"HIGH"
48,"2","N2","Other/Unknown","Positive/elevated",0.1782,0.8218,"HIGH"
49,"2","N2","Other/Unknown","Positive/elevated",0.1535,0.8465,"HIGH"
50,"2","N2","Other/Unknown","Positive/elevated",0.1487,0.8513,"HIGH"
51,"2","N2","Other/Unknown","Positive/elevated",0.1517,0.8483,"HIGH"
52,"2","N2","Other/Unknown","Positive/elevated",0.1592,0.8408,"HIGH"
53,"2","N2","Other/Unknown","Positive/elevated",0.1456,0.8544,"HIGH"
54,"2","N2","Other/Unknown","Positive/elevated",0.1418,0.8582,"HIGH"
55,"2","N2","Other/Unknown","Positive/elevated",0.1399,0.8601,"HIGH"
56,"2","N2","Other/Unknown","Positive/elevated",0.142,0.858,"HIGH"
57,"2","N2","Other/Unknown","Positive/elevated",0.1471,0.8529,"HIGH"
58,"2","N2","Other/Unknown","Positive/elevated",0.1612,0.8388,"HIGH"
59,"2","N2","Other/Unknown","Positive/elevated",0.1474,0.8526,"HIGH"
60,"2","N2","Other/Unknown","Positive/elevated",0.1679,0.8321,"HIGH"
61,"2","N2","Other/Unknown","Positive/elevated",0.1482,0.8518,"HIGH"
62,"2","N2","Other/Unknown","Positive/elevated",0.1506,0.8494,"HIGH"
63,"2","N2","Other/Unknown","Positive/elevated",0.1749,0.8251,"HIGH"
64,"2","N2","Other/Unknown","Positive/elevated",0.162,0.838,"HIGH"
65,"2","N2","Other/Unknown","Positive/elevated",0.1786,0.8214,"HIGH"
66,"2","N2","Other/Unknown","Positive/elevated",0.1646,0.8354,"HIGH"
67,"2","N2","Other/Unknown","Positive/elevated",0.1696,0.8304,"HIGH"
68,"2","N2","Other/Unknown","Positive/elevated",0.1974,0.8026,"HIGH"
69,"2","N2","Other/Unknown","Positive/elevated",0.1908,0.8092,"HIGH"
70,"2","N2","Other/Unknown","Positive/elevated",0.2086,0.7914,"HIGH"
71,"2","N2","Other/Unknown","Positive/elevated",0.2021,0.7979,"HIGH"
72,"2","N2","Other/Unknown","Positive/elevated",0.2229,0.7771,"HIGH"
73,"2","N2","Other/Unknown","Positive/elevated",0.1993,0.8007,"HIGH"
74,"2","N2","Other/Unknown","Positive/elevated",0.2423,0.7577,"HIGH"
75,"2","N2","Other/Unknown","Positive/elevated",0.2061,0.7939,"HIGH"
76,"2","N2","Other/Unknown","Positive/elevated",0.2682,0.7318,"HIGH"
77,"2","N2","Other/Unknown","Positive/elevated",0.2443,0.7557,"HIGH"
78,"2","N2","Other/Unknown","Positive/elevated",0.2433,0.7567,"HIGH"
79,"2","N2","Other/Unknown","Positive/elevated",0.2789,0.7211,"HIGH"
80,"2","N2","Other/Unknown","Positive/elevated",0.2426,0.7574,"HIGH"
81,"2","N2","Other/Unknown","Positive/elevated",0.273,0.727,"HIGH"
82,"2","N2","Other/Unknown","Positive/elevated",0.2888,0.7112,"HIGH"
83,"2","N2","Other/Unknown","Positive/elevated",0.3198,0.6802,"HIGH"
84,"2","N2","Other/Unknown","Positive/elevated",0.3604,0.6396,"HIGH"
85,"2","N2","Other/Unknown","Positive/elevated",0.2968,0.7032,"HIGH"
86,"2","N2","Other/Unknown","Positive/elevated",0.2461,0.7539,"HIGH"
87,"2","N2","Other/Unknown","Positive/elevated",0.2767,0.7233,"HIGH"
88,"2","N2","Other/Unknown","Positive/elevated",0.3246,0.6754,"HIGH"
89,"2","N2","Other/Unknown","Positive/elevated",0.3608,0.6392,"HIGH"
90,"2","N2","Other/Unknown","Positive/elevated",0.3988,0.6012,"HIGH"
91,"2","N2","Other/Unknown","Positive/elevated",0.3988,0.6012,"HIGH"
92,"2","N2","Other/Unknown","Positive/elevated",0.3988,0.6012,"HIGH"
93,"2","N2","Other/Unknown","Positive/elevated",0.3988,0.6012,"HIGH"
94,"2","N2","Other/Unknown","Positive/elevated",0.3988,0.6012,"HIGH"
95,"2","N2","Other/Unknown","Positive/elevated",0.3988,0.6012,"HIGH"
96,"2","N2","Other/Unknown","Positive/elevated",0.3988,0.6012,"HIGH"
97,"2","N2","Other/Unknown","Positive/elevated",0.3988,0.6012,"HIGH"
98,"2","N2","Other/Unknown","Positive/elevated",0.3988,0.6012,"HIGH"
99,"2","N2","Other/Unknown","Positive/elevated",0.3988,0.6012,"HIGH"
0,"1","Other/Unknown","Other/Unknown","Positive/elevated",0.2291,0.7709,"HIGH"
1,"1","Other/Unknown","Other/Unknown","Positive/elevated",0.2291,0.7709,"HIGH"
2,"1","Other/Unknown","Other/Unknown","Positive/elevated",0.2291,0.7709,"HIGH"
3,"1","Other/Unknown","Other/Unknown","Positive/elevated",0.2291,0.7709,"HIGH"
4,"1","Other/Unknown","Other/Unknown","Positive/elevated",0.2291,0.7709,"HIGH"
5,"1","Other/Unknown","Other/Unknown","Positive/elevated",0.2291,0.7709,"HIGH"
6,"1","Other/Unknown","Other/Unknown","Positive/elevated",0.2291,0.7709,"HIGH"
7,"1","Other/Unknown","Other/Unknown","Positive/elevated",0.2291,0.7709,"HIGH"
8,"1","Other/Unknown","Other/Unknown","Positive/elevated",0.2291,0.7709,"HIGH"
9,"1","Other/Unknown","Other/Unknown","Positive/elevated",0.2291,0.7709,"HIGH"
10,"1","Other/Unknown","Other/Unknown","Positive/elevated",0.2291,0.7709,"HIGH"
11,"1","Other/Unknown","Other/Unknown","Positive/elevated",0.2291,0.7709,"HIGH"
12,"1","Other/Unknown","Other/Unknown","Positive/elevated",0.2291,0.7709,"HIGH"
13,"1","Other/Unknown","Other/Unknown","Positive/elevated",0.2291,0.7709,"HIGH"
14,"1","Other/Unknown","Other/Unknown","Positive/elevated",0.2291,0.7709,"HIGH"
15,"1","Other/Unknown","Other/Unknown","Positive/elevated",0.2291,0.7709,"HIGH"
16,"1","Other/Unknown","Other/Unknown","Positive/elevated",0.2291,0.7709,"HIGH"
17,"1","Other/Unknown","Other/Unknown","Positive/elevated",0.2297,0.7703,"HIGH"
18,"1","Other/Unknown","Other/Unknown","Positive/elevated",0.2297,0.7703,"HIGH"
19,"1","Other/Unknown","Other/Unknown","Positive/elevated",0.2297,0.7703,"HIGH"
20,"1","Other/Unknown","Other/Unknown","Positive/elevated",0.2297,0.7703,"HIGH"
21,"1","Other/Unknown","Other/Unknown","Positive/elevated",0.2345,0.7655,"HIGH"
22,"1","Other/Unknown","Other/Unknown","Positive/elevated",0.2414,0.7586,"HIGH"
23,"1","Other/Unknown","Other/Unknown","Positive/elevated",0.259,0.741,"HIGH"
24,"1","Other/Unknown","Other/Unknown","Positive/elevated",0.278,0.722,"HIGH"
25,"1","Other/Unknown","Other/Unknown","Positive/elevated",0.3475,0.6525,"HIGH"
26,"1","Other/Unknown","Other/Unknown","Positive/elevated",0.3017,0.6983,"HIGH"
27,"1","Other/Unknown","Other/Unknown","Positive/elevated",0.3527,0.6473,"HIGH"
28,"1","Other/Unknown","Other/Unknown","Positive/elevated",0.345,0.655,"HIGH"
29,"1","Other/Unknown","Other/Unknown","Positive/elevated",0.3101,0.6899,"HIGH"
30,"1","Other/Unknown","Other/Unknown","Positive/elevated",0.2859,0.7141,"HIGH"
31,"1","Other/Unknown","Other/Unknown","Positive/elevated",0.2954,0.7046,"HIGH"
32,"1","Other/Unknown","Other/Unknown","Positive/elevated",0.3517,0.6483,"HIGH"
33,"1","Other/Unknown","Other/Unknown","Positive/elevated",0.3545,0.6455,"HIGH"
34,"1","Other/Unknown","Other/Unknown","Positive/elevated",0.3356,0.6644,"HIGH"
35,"1","Other/Unknown","Other/Unknown","Positive/elevated",0.3221,0.6779,"HIGH"
36,"1","Other/Unknown","Other/Unknown","Positive/elevated",0.3256,0.6744,"HIGH"
37,"1","Other/Unknown","Other/Unknown","Positive/elevated",0.3268,0.6732,"HIGH"
38,"1","Other/Unknown","Other/Unknown","Positive/elevated",0.3159,0.6841,"HIGH"
39,"1","Other/Unknown","Other/Unknown","Positive/elevated",0.3278,0.6722,"HIGH"
40,"1","Other/Unknown","Other/Unknown","Positive/elevated",0.3337,0.6663,"HIGH"
41,"1","Other/Unknown","Other/Unknown","Positive/elevated",0.3404,0.6596,"HIGH"
42,"1","Other/Unknown","Other/Unknown","Positive/elevated",0.3523,0.6477,"HIGH"
43,"1","Other/Unknown","Other/Unknown","Positive/elevated",0.3591,0.6409,"HIGH"
44,"1","Other/Unknown","Other/Unknown","Positive/elevated",0.3539,0.6461,"HIGH"
45,"1","Other/Unknown","Other/Unknown","Positive/elevated",0.3673,0.6327,"HIGH"
46,"1","Other/Unknown","Other/Unknown","Positive/elevated",0.3609,0.6391,"HIGH"
47,"1","Other/Unknown","Other/Unknown","Positive/elevated",0.3554,0.6446,"HIGH"
48,"1","Other/Unknown","Other/Unknown","Positive/elevated",0.3665,0.6335,"HIGH"
49,"1","Other/Unknown","Other/Unknown","Positive/elevated",0.3702,0.6298,"HIGH"
50,"1","Other/Unknown","Other/Unknown","Positive/elevated",0.3827,0.6173,"HIGH"
51,"1","Other/Unknown","Other/Unknown","Positive/elevated",0.3834,0.6166,"HIGH"
52,"1","Other/Unknown","Other/Unknown","Positive/elevated",0.3819,0.6181,"HIGH"
53,"1","Other/Unknown","Other/Unknown","Positive/elevated",0.3655,0.6345,"HIGH"
54,"1","Other/Unknown","Other/Unknown","Positive/elevated",0.3913,0.6087,"HIGH"
55,"1","Other/Unknown","Other/Unknown","Positive/elevated",0.376,0.624,"HIGH"
56,"1","Other/Unknown","Other/Unknown","Positive/elevated",0.3703,0.6297,"HIGH"
57,"1","Other/Unknown","Other/Unknown","Positive/elevated",0.3683,0.6317,"HIGH"
58,"1","Other/Unknown","Other/Unknown","Positive/elevated",0.3715,0.6285,"HIGH"
59,"1","Other/Unknown","Other/Unknown","Positive/elevated",0.369,0.631,"HIGH"
60,"1","Other/Unknown","Other/Unknown","Positive/elevated",0.3782,0.6218,"HIGH"
61,"1","Other/Unknown","Other/Unknown","Positive/elevated",0.3807,0.6193,"HIGH"
62,"1","Other/Unknown","Other/Unknown","Positive/elevated",0.3771,0.6229,"HIGH"
63,"1","Other/Unknown","Other/Unknown","Positive/elevated",0.394,0.606,"HIGH"
64,"1","Other/Unknown","Other/Unknown","Positive/elevated",0.3955,0.6045,"HIGH"
65,"1","Other/Unknown","Other/Unknown","Positive/elevated",0.3878,0.6122,"HIGH"
66,"1","Other/Unknown","Other/Unknown","Positive/elevated",0.3954,0.6046,"HIGH"
67,"1","Other/Unknown","Other/Unknown","Positive/elevated",0.4111,0.5889,"HIGH"
68,"1","Other/Unknown","Other/Unknown","Positive/elevated",0.4161,0.5839,"HIGH"
69,"1","Other/Unknown","Other/Unknown","Positive/elevated",0.4262,0.5738,"HIGH"
70,"1","Other/Unknown","Other/Unknown","Positive/elevated",0.4192,0.5808,"HIGH"
71,"1","Other/Unknown","Other/Unknown","Positive/elevated",0.4177,0.5823,"HIGH"
72,"1","Other/Unknown","Other/Unknown","Positive/elevated",0.4323,0.5677,"HIGH"
73,"1","Other/Unknown","Other/Unknown","Positive/elevated",0.4497,0.5503,"HIGH"
74,"1","Other/Unknown","Other/Unknown","Positive/elevated",0.4619,0.5381,"HIGH"
75,"1","Other/Unknown","Other/Unknown","Positive/elevated",0.4448,0.5552,"HIGH"
76,"1","Other/Unknown","Other/Unknown","Positive/elevated",0.4394,0.5606,"HIGH"
77,"1","Other/Unknown","Other/Unknown","Positive/elevated",0.4675,0.5325,"HIGH"
78,"1","Other/Unknown","Other/Unknown","Positive/elevated",0.4418,0.5582,"HIGH"
79,"1","Other/Unknown","Other/Unknown","Positive/elevated",0.4551,0.5449,"HIGH"
80,"1","Other/Unknown","Other/Unknown","Positive/elevated",0.4566,0.5434,"HIGH"
81,"1","Other/Unknown","Other/Unknown","Positive/elevated",0.4741,0.5259,"HIGH"
82,"1","Other/Unknown","Other/Unknown","Positive/elevated",0.4847,0.5153,"HIGH"
83,"1","Other/Unknown","Other/Unknown","Positive/elevated",0.481,0.519,"HIGH"
84,"1","Other/Unknown","Other/Unknown","Positive/elevated",0.4772,0.5228,"HIGH"
85,"1","Other/Unknown","Other/Unknown","Positive/elevated",0.5192,0.4808,"LOW"
86,"1","Other/Unknown","Other/Unknown","Positive/elevated",0.5358,0.4642,"LOW"
87,"1","Other/Unknown","Other/Unknown","Positive/elevated",0.5331,0.4669,"LOW"
88,"1","Other/Unknown","Other/Unknown","Positive/elevated",0.5032,0.4968,"LOW"
89,"1","Other/Unknown","Other/Unknown","Positive/elevated",0.5511,0.4489,"LOW"
90,"1","Other/Unknown","Other/Unknown","Positive/elevated",0.528,0.472,"LOW"
91,"1","Other/Unknown","Other/Unknown","Positive/elevated",0.528,0.472,"LOW"
92,"1","Other/Unknown","Other/Unknown","Positive/elevated",0.528,0.472,"LOW"
93,"1","Other/Unknown","Other/Unknown","Positive/elevated",0.528,0.472,"LOW"
94,"1","Other/Unknown","Other/Unknown","Positive/elevated",0.528,0.472,"LOW"
95,"1","Other/Unknown","Other/Unknown","Positive/elevated",0.528,0.472,"LOW"
96,"1","Other/Unknown","Other/Unknown","Positive/elevated",0.528,0.472,"LOW"
97,"1","Other/Unknown","Other/Unknown","Positive/elevated",0.528,0.472,"LOW"
98,"1","Other/Unknown","Other/Unknown","Positive/elevated",0.528,0.472,"LOW"
99,"1","Other/Unknown","Other/Unknown","Positive/elevated",0.528,0.472,"LOW"
0,"2","Other/Unknown","Other/Unknown","Positive/elevated",0.2675,0.7325,"HIGH"
1,"2","Other/Unknown","Other/Unknown","Positive/elevated",0.2675,0.7325,"HIGH"
2,"2","Other/Unknown","Other/Unknown","Positive/elevated",0.2675,0.7325,"HIGH"
3,"2","Other/Unknown","Other/Unknown","Positive/elevated",0.2675,0.7325,"HIGH"
4,"2","Other/Unknown","Other/Unknown","Positive/elevated",0.2675,0.7325,"HIGH"
5,"2","Other/Unknown","Other/Unknown","Positive/elevated",0.2675,0.7325,"HIGH"
6,"2","Other/Unknown","Other/Unknown","Positive/elevated",0.2675,0.7325,"HIGH"
7,"2","Other/Unknown","Other/Unknown","Positive/elevated",0.2675,0.7325,"HIGH"
8,"2","Other/Unknown","Other/Unknown","Positive/elevated",0.2675,0.7325,"HIGH"
9,"2","Other/Unknown","Other/Unknown","Positive/elevated",0.2675,0.7325,"HIGH"
10,"2","Other/Unknown","Other/Unknown","Positive/elevated",0.2675,0.7325,"HIGH"
11,"2","Other/Unknown","Other/Unknown","Positive/elevated",0.2675,0.7325,"HIGH"
12,"2","Other/Unknown","Other/Unknown","Positive/elevated",0.2675,0.7325,"HIGH"
13,"2","Other/Unknown","Other/Unknown","Positive/elevated",0.2675,0.7325,"HIGH"
14,"2","Other/Unknown","Other/Unknown","Positive/elevated",0.2675,0.7325,"HIGH"
15,"2","Other/Unknown","Other/Unknown","Positive/elevated",0.2675,0.7325,"HIGH"
16,"2","Other/Unknown","Other/Unknown","Positive/elevated",0.2675,0.7325,"HIGH"
17,"2","Other/Unknown","Other/Unknown","Positive/elevated",0.2682,0.7318,"HIGH"
18,"2","Other/Unknown","Other/Unknown","Positive/elevated",0.2682,0.7318,"HIGH"
19,"2","Other/Unknown","Other/Unknown","Positive/elevated",0.2682,0.7318,"HIGH"
20,"2","Other/Unknown","Other/Unknown","Positive/elevated",0.2682,0.7318,"HIGH"
21,"2","Other/Unknown","Other/Unknown","Positive/elevated",0.2822,0.7178,"HIGH"
22,"2","Other/Unknown","Other/Unknown","Positive/elevated",0.2933,0.7067,"HIGH"
23,"2","Other/Unknown","Other/Unknown","Positive/elevated",0.3078,0.6922,"HIGH"
24,"2","Other/Unknown","Other/Unknown","Positive/elevated",0.3265,0.6735,"HIGH"
25,"2","Other/Unknown","Other/Unknown","Positive/elevated",0.3589,0.6411,"HIGH"
26,"2","Other/Unknown","Other/Unknown","Positive/elevated",0.4031,0.5969,"HIGH"
27,"2","Other/Unknown","Other/Unknown","Positive/elevated",0.3519,0.6481,"HIGH"
28,"2","Other/Unknown","Other/Unknown","Positive/elevated",0.3296,0.6704,"HIGH"
29,"2","Other/Unknown","Other/Unknown","Positive/elevated",0.293,0.707,"HIGH"
30,"2","Other/Unknown","Other/Unknown","Positive/elevated",0.2728,0.7272,"HIGH"
31,"2","Other/Unknown","Other/Unknown","Positive/elevated",0.2778,0.7222,"HIGH"
32,"2","Other/Unknown","Other/Unknown","Positive/elevated",0.2935,0.7065,"HIGH"
33,"2","Other/Unknown","Other/Unknown","Positive/elevated",0.3087,0.6913,"HIGH"
34,"2","Other/Unknown","Other/Unknown","Positive/elevated",0.351,0.649,"HIGH"
35,"2","Other/Unknown","Other/Unknown","Positive/elevated",0.3436,0.6564,"HIGH"
36,"2","Other/Unknown","Other/Unknown","Positive/elevated",0.341,0.659,"HIGH"
37,"2","Other/Unknown","Other/Unknown","Positive/elevated",0.327,0.673,"HIGH"
38,"2","Other/Unknown","Other/Unknown","Positive/elevated",0.3185,0.6815,"HIGH"
39,"2","Other/Unknown","Other/Unknown","Positive/elevated",0.3315,0.6685,"HIGH"
40,"2","Other/Unknown","Other/Unknown","Positive/elevated",0.3584,0.6416,"HIGH"
41,"2","Other/Unknown","Other/Unknown","Positive/elevated",0.3891,0.6109,"HIGH"
42,"2","Other/Unknown","Other/Unknown","Positive/elevated",0.3736,0.6264,"HIGH"
43,"2","Other/Unknown","Other/Unknown","Positive/elevated",0.3723,0.6277,"HIGH"
44,"2","Other/Unknown","Other/Unknown","Positive/elevated",0.3889,0.6111,"HIGH"
45,"2","Other/Unknown","Other/Unknown","Positive/elevated",0.3961,0.6039,"HIGH"
46,"2","Other/Unknown","Other/Unknown","Positive/elevated",0.3947,0.6053,"HIGH"
47,"2","Other/Unknown","Other/Unknown","Positive/elevated",0.4061,0.5939,"HIGH"
48,"2","Other/Unknown","Other/Unknown","Positive/elevated",0.3993,0.6007,"HIGH"
49,"2","Other/Unknown","Other/Unknown","Positive/elevated",0.3836,0.6164,"HIGH"
50,"2","Other/Unknown","Other/Unknown","Positive/elevated",0.395,0.605,"HIGH"
51,"2","Other/Unknown","Other/Unknown","Positive/elevated",0.3818,0.6182,"HIGH"
52,"2","Other/Unknown","Other/Unknown","Positive/elevated",0.3747,0.6253,"HIGH"
53,"2","Other/Unknown","Other/Unknown","Positive/elevated",0.39,0.61,"HIGH"
54,"2","Other/Unknown","Other/Unknown","Positive/elevated",0.4028,0.5972,"HIGH"
55,"2","Other/Unknown","Other/Unknown","Positive/elevated",0.3894,0.6106,"HIGH"
56,"2","Other/Unknown","Other/Unknown","Positive/elevated",0.3821,0.6179,"HIGH"
57,"2","Other/Unknown","Other/Unknown","Positive/elevated",0.4039,0.5961,"HIGH"
58,"2","Other/Unknown","Other/Unknown","Positive/elevated",0.3896,0.6104,"HIGH"
59,"2","Other/Unknown","Other/Unknown","Positive/elevated",0.4172,0.5828,"HIGH"
60,"2","Other/Unknown","Other/Unknown","Positive/elevated",0.4214,0.5786,"HIGH"
61,"2","Other/Unknown","Other/Unknown","Positive/elevated",0.4021,0.5979,"HIGH"
62,"2","Other/Unknown","Other/Unknown","Positive/elevated",0.403,0.597,"HIGH"
63,"2","Other/Unknown","Other/Unknown","Positive/elevated",0.4052,0.5948,"HIGH"
64,"2","Other/Unknown","Other/Unknown","Positive/elevated",0.4096,0.5904,"HIGH"
65,"2","Other/Unknown","Other/Unknown","Positive/elevated",0.4132,0.5868,"HIGH"
66,"2","Other/Unknown","Other/Unknown","Positive/elevated",0.4099,0.5901,"HIGH"
67,"2","Other/Unknown","Other/Unknown","Positive/elevated",0.417,0.583,"HIGH"
68,"2","Other/Unknown","Other/Unknown","Positive/elevated",0.4227,0.5773,"HIGH"
69,"2","Other/Unknown","Other/Unknown","Positive/elevated",0.4259,0.5741,"HIGH"
70,"2","Other/Unknown","Other/Unknown","Positive/elevated",0.4263,0.5737,"HIGH"
71,"2","Other/Unknown","Other/Unknown","Positive/elevated",0.4491,0.5509,"HIGH"
72,"2","Other/Unknown","Other/Unknown","Positive/elevated",0.4397,0.5603,"HIGH"
73,"2","Other/Unknown","Other/Unknown","Positive/elevated",0.4817,0.5183,"HIGH"
74,"2","Other/Unknown","Other/Unknown","Positive/elevated",0.4673,0.5327,"HIGH"
75,"2","Other/Unknown","Other/Unknown","Positive/elevated",0.4394,0.5606,"HIGH"
76,"2","Other/Unknown","Other/Unknown","Positive/elevated",0.4365,0.5635,"HIGH"
77,"2","Other/Unknown","Other/Unknown","Positive/elevated",0.4496,0.5504,"HIGH"
78,"2","Other/Unknown","Other/Unknown","Positive/elevated",0.4262,0.5738,"HIGH"
79,"2","Other/Unknown","Other/Unknown","Positive/elevated",0.4551,0.5449,"HIGH"
80,"2","Other/Unknown","Other/Unknown","Positive/elevated",0.4938,0.5062,"HIGH"
81,"2","Other/Unknown","Other/Unknown","Positive/elevated",0.489,0.511,"HIGH"
82,"2","Other/Unknown","Other/Unknown","Positive/elevated",0.4905,0.5095,"HIGH"
83,"2","Other/Unknown","Other/Unknown","Positive/elevated",0.5101,0.4899,"LOW"
84,"2","Other/Unknown","Other/Unknown","Positive/elevated",0.5195,0.4805,"LOW"
85,"2","Other/Unknown","Other/Unknown","Positive/elevated",0.5115,0.4885,"LOW"
86,"2","Other/Unknown","Other/Unknown","Positive/elevated",0.5249,0.4751,"LOW"
87,"2","Other/Unknown","Other/Unknown","Positive/elevated",0.5123,0.4877,"LOW"
88,"2","Other/Unknown","Other/Unknown","Positive/elevated",0.5682,0.4318,"LOW"
89,"2","Other/Unknown","Other/Unknown","Positive/elevated",0.5978,0.4022,"LOW"
90,"2","Other/Unknown","Other/Unknown","Positive/elevated",0.5617,0.4383,"LOW"
91,"2","Other/Unknown","Other/Unknown","Positive/elevated",0.5617,0.4383,"LOW"
92,"2","Other/Unknown","Other/Unknown","Positive/elevated",0.5617,0.4383,"LOW"
93,"2","Other/Unknown","Other/Unknown","Positive/elevated",0.5617,0.4383,"LOW"
94,"2","Other/Unknown","Other/Unknown","Positive/elevated",0.5617,0.4383,"LOW"
95,"2","Other/Unknown","Other/Unknown","Positive/elevated",0.5617,0.4383,"LOW"
96,"2","Other/Unknown","Other/Unknown","Positive/elevated",0.5617,0.4383,"LOW"
97,"2","Other/Unknown","Other/Unknown","Positive/elevated",0.5617,0.4383,"LOW"
98,"2","Other/Unknown","Other/Unknown","Positive/elevated",0.5617,0.4383,"LOW"
99,"2","Other/Unknown","Other/Unknown","Positive/elevated",0.5617,0.4383,"LOW"
0,"1","N0","T1","Positive/elevated",0.5663,0.4337,"LOW"
1,"1","N0","T1","Positive/elevated",0.5663,0.4337,"LOW"
2,"1","N0","T1","Positive/elevated",0.5663,0.4337,"LOW"
3,"1","N0","T1","Positive/elevated",0.5663,0.4337,"LOW"
4,"1","N0","T1","Positive/elevated",0.5663,0.4337,"LOW"
5,"1","N0","T1","Positive/elevated",0.5663,0.4337,"LOW"
6,"1","N0","T1","Positive/elevated",0.5663,0.4337,"LOW"
7,"1","N0","T1","Positive/elevated",0.5663,0.4337,"LOW"
8,"1","N0","T1","Positive/elevated",0.5663,0.4337,"LOW"
9,"1","N0","T1","Positive/elevated",0.5663,0.4337,"LOW"
10,"1","N0","T1","Positive/elevated",0.5663,0.4337,"LOW"
11,"1","N0","T1","Positive/elevated",0.5663,0.4337,"LOW"
12,"1","N0","T1","Positive/elevated",0.5663,0.4337,"LOW"
13,"1","N0","T1","Positive/elevated",0.5663,0.4337,"LOW"
14,"1","N0","T1","Positive/elevated",0.5663,0.4337,"LOW"
15,"1","N0","T1","Positive/elevated",0.5663,0.4337,"LOW"
16,"1","N0","T1","Positive/elevated",0.5663,0.4337,"LOW"
17,"1","N0","T1","Positive/elevated",0.5663,0.4337,"LOW"
18,"1","N0","T1","Positive/elevated",0.5663,0.4337,"LOW"
19,"1","N0","T1","Positive/elevated",0.5663,0.4337,"LOW"
20,"1","N0","T1","Positive/elevated",0.5683,0.4317,"LOW"
21,"1","N0","T1","Positive/elevated",0.5721,0.4279,"LOW"
22,"1","N0","T1","Positive/elevated",0.5721,0.4279,"LOW"
23,"1","N0","T1","Positive/elevated",0.5614,0.4386,"LOW"
24,"1","N0","T1","Positive/elevated",0.5512,0.4488,"LOW"
25,"1","N0","T1","Positive/elevated",0.5428,0.4572,"LOW"
26,"1","N0","T1","Positive/elevated",0.5299,0.4701,"LOW"
27,"1","N0","T1","Positive/elevated",0.5371,0.4629,"LOW"
28,"1","N0","T1","Positive/elevated",0.5509,0.4491,"LOW"
29,"1","N0","T1","Positive/elevated",0.5327,0.4673,"LOW"
30,"1","N0","T1","Positive/elevated",0.5306,0.4694,"LOW"
31,"1","N0","T1","Positive/elevated",0.6291,0.3709,"LOW"
32,"1","N0","T1","Positive/elevated",0.5812,0.4188,"LOW"
33,"1","N0","T1","Positive/elevated",0.5551,0.4449,"LOW"
34,"1","N0","T1","Positive/elevated",0.585,0.415,"LOW"
35,"1","N0","T1","Positive/elevated",0.5607,0.4393,"LOW"
36,"1","N0","T1","Positive/elevated",0.5769,0.4231,"LOW"
37,"1","N0","T1","Positive/elevated",0.6103,0.3897,"LOW"
38,"1","N0","T1","Positive/elevated",0.647,0.353,"LOW"
39,"1","N0","T1","Positive/elevated",0.651,0.349,"LOW"
40,"1","N0","T1","Positive/elevated",0.6021,0.3979,"LOW"
41,"1","N0","T1","Positive/elevated",0.6107,0.3893,"LOW"
42,"1","N0","T1","Positive/elevated",0.5837,0.4163,"LOW"
43,"1","N0","T1","Positive/elevated",0.633,0.367,"LOW"
44,"1","N0","T1","Positive/elevated",0.6454,0.3546,"LOW"
45,"1","N0","T1","Positive/elevated",0.6179,0.3821,"LOW"
46,"1","N0","T1","Positive/elevated",0.6329,0.3671,"LOW"
47,"1","N0","T1","Positive/elevated",0.6291,0.3709,"LOW"
48,"1","N0","T1","Positive/elevated",0.6444,0.3556,"LOW"
49,"1","N0","T1","Positive/elevated",0.653,0.347,"LOW"
50,"1","N0","T1","Positive/elevated",0.6786,0.3214,"LOW"
51,"1","N0","T1","Positive/elevated",0.6755,0.3245,"LOW"
52,"1","N0","T1","Positive/elevated",0.6722,0.3278,"LOW"
53,"1","N0","T1","Positive/elevated",0.6599,0.3401,"LOW"
54,"1","N0","T1","Positive/elevated",0.6585,0.3415,"LOW"
55,"1","N0","T1","Positive/elevated",0.6856,0.3144,"LOW"
56,"1","N0","T1","Positive/elevated",0.6835,0.3165,"LOW"
57,"1","N0","T1","Positive/elevated",0.6917,0.3083,"LOW"
58,"1","N0","T1","Positive/elevated",0.6889,0.3111,"LOW"
59,"1","N0","T1","Positive/elevated",0.6726,0.3274,"LOW"
60,"1","N0","T1","Positive/elevated",0.6872,0.3128,"LOW"
61,"1","N0","T1","Positive/elevated",0.7056,0.2944,"LOW"
62,"1","N0","T1","Positive/elevated",0.6879,0.3121,"LOW"
63,"1","N0","T1","Positive/elevated",0.694,0.306,"LOW"
64,"1","N0","T1","Positive/elevated",0.7064,0.2936,"LOW"
65,"1","N0","T1","Positive/elevated",0.716,0.284,"LOW"
66,"1","N0","T1","Positive/elevated",0.7176,0.2824,"LOW"
67,"1","N0","T1","Positive/elevated",0.7106,0.2894,"LOW"
68,"1","N0","T1","Positive/elevated",0.707,0.293,"LOW"
69,"1","N0","T1","Positive/elevated",0.7253,0.2747,"LOW"
70,"1","N0","T1","Positive/elevated",0.7292,0.2708,"LOW"
71,"1","N0","T1","Positive/elevated",0.7202,0.2798,"LOW"
72,"1","N0","T1","Positive/elevated",0.7061,0.2939,"LOW"
73,"1","N0","T1","Positive/elevated",0.709,0.291,"LOW"
74,"1","N0","T1","Positive/elevated",0.7076,0.2924,"LOW"
75,"1","N0","T1","Positive/elevated",0.6997,0.3003,"LOW"
76,"1","N0","T1","Positive/elevated",0.7186,0.2814,"LOW"
77,"1","N0","T1","Positive/elevated",0.7322,0.2678,"LOW"
78,"1","N0","T1","Positive/elevated",0.7306,0.2694,"LOW"
79,"1","N0","T1","Positive/elevated",0.7175,0.2825,"LOW"
80,"1","N0","T1","Positive/elevated",0.7313,0.2687,"LOW"
81,"1","N0","T1","Positive/elevated",0.7552,0.2448,"LOW"
82,"1","N0","T1","Positive/elevated",0.7792,0.2208,"LOW"
83,"1","N0","T1","Positive/elevated",0.7593,0.2407,"LOW"
84,"1","N0","T1","Positive/elevated",0.7832,0.2168,"LOW"
85,"1","N0","T1","Positive/elevated",0.7769,0.2231,"LOW"
86,"1","N0","T1","Positive/elevated",0.7874,0.2126,"LOW"
87,"1","N0","T1","Positive/elevated",0.7898,0.2102,"LOW"
88,"1","N0","T1","Positive/elevated",0.8011,0.1989,"LOW"
89,"1","N0","T1","Positive/elevated",0.7769,0.2231,"LOW"
90,"1","N0","T1","Positive/elevated",0.7699,0.2301,"LOW"
91,"1","N0","T1","Positive/elevated",0.7699,0.2301,"LOW"
92,"1","N0","T1","Positive/elevated",0.7699,0.2301,"LOW"
93,"1","N0","T1","Positive/elevated",0.7699,0.2301,"LOW"
94,"1","N0","T1","Positive/elevated",0.7699,0.2301,"LOW"
95,"1","N0","T1","Positive/elevated",0.7699,0.2301,"LOW"
96,"1","N0","T1","Positive/elevated",0.7699,0.2301,"LOW"
97,"1","N0","T1","Positive/elevated",0.7699,0.2301,"LOW"
98,"1","N0","T1","Positive/elevated",0.7699,0.2301,"LOW"
99,"1","N0","T1","Positive/elevated",0.7699,0.2301,"LOW"
0,"2","N0","T1","Positive/elevated",0.5514,0.4486,"LOW"
1,"2","N0","T1","Positive/elevated",0.5514,0.4486,"LOW"
2,"2","N0","T1","Positive/elevated",0.5514,0.4486,"LOW"
3,"2","N0","T1","Positive/elevated",0.5514,0.4486,"LOW"
4,"2","N0","T1","Positive/elevated",0.5514,0.4486,"LOW"
5,"2","N0","T1","Positive/elevated",0.5514,0.4486,"LOW"
6,"2","N0","T1","Positive/elevated",0.5514,0.4486,"LOW"
7,"2","N0","T1","Positive/elevated",0.5514,0.4486,"LOW"
8,"2","N0","T1","Positive/elevated",0.5514,0.4486,"LOW"
9,"2","N0","T1","Positive/elevated",0.5514,0.4486,"LOW"
10,"2","N0","T1","Positive/elevated",0.5514,0.4486,"LOW"
11,"2","N0","T1","Positive/elevated",0.5514,0.4486,"LOW"
12,"2","N0","T1","Positive/elevated",0.5514,0.4486,"LOW"
13,"2","N0","T1","Positive/elevated",0.5514,0.4486,"LOW"
14,"2","N0","T1","Positive/elevated",0.5514,0.4486,"LOW"
15,"2","N0","T1","Positive/elevated",0.5514,0.4486,"LOW"
16,"2","N0","T1","Positive/elevated",0.5514,0.4486,"LOW"
17,"2","N0","T1","Positive/elevated",0.5514,0.4486,"LOW"
18,"2","N0","T1","Positive/elevated",0.553,0.447,"LOW"
19,"2","N0","T1","Positive/elevated",0.553,0.447,"LOW"
20,"2","N0","T1","Positive/elevated",0.555,0.445,"LOW"
21,"2","N0","T1","Positive/elevated",0.5583,0.4417,"LOW"
22,"2","N0","T1","Positive/elevated",0.5583,0.4417,"LOW"
23,"2","N0","T1","Positive/elevated",0.5177,0.4823,"LOW"
24,"2","N0","T1","Positive/elevated",0.4893,0.5107,"HIGH"
25,"2","N0","T1","Positive/elevated",0.4602,0.5398,"HIGH"
26,"2","N0","T1","Positive/elevated",0.4163,0.5837,"HIGH"
27,"2","N0","T1","Positive/elevated",0.4142,0.5858,"HIGH"
28,"2","N0","T1","Positive/elevated",0.4304,0.5696,"HIGH"
29,"2","N0","T1","Positive/elevated",0.4307,0.5693,"HIGH"
30,"2","N0","T1","Positive/elevated",0.4646,0.5354,"HIGH"
31,"2","N0","T1","Positive/elevated",0.5015,0.4985,"LOW"
32,"2","N0","T1","Positive/elevated",0.5138,0.4862,"LOW"
33,"2","N0","T1","Positive/elevated",0.5953,0.4047,"LOW"
34,"2","N0","T1","Positive/elevated",0.6296,0.3704,"LOW"
35,"2","N0","T1","Positive/elevated",0.5941,0.4059,"LOW"
36,"2","N0","T1","Positive/elevated",0.5888,0.4112,"LOW"
37,"2","N0","T1","Positive/elevated",0.5743,0.4257,"LOW"
38,"2","N0","T1","Positive/elevated",0.5823,0.4177,"LOW"
39,"2","N0","T1","Positive/elevated",0.5751,0.4249,"LOW"
40,"2","N0","T1","Positive/elevated",0.5692,0.4308,"LOW"
41,"2","N0","T1","Positive/elevated",0.5556,0.4444,"LOW"
42,"2","N0","T1","Positive/elevated",0.6627,0.3373,"LOW"
43,"2","N0","T1","Positive/elevated",0.6584,0.3416,"LOW"
44,"2","N0","T1","Positive/elevated",0.6253,0.3747,"LOW"
45,"2","N0","T1","Positive/elevated",0.6446,0.3554,"LOW"
46,"2","N0","T1","Positive/elevated",0.6941,0.3059,"LOW"
47,"2","N0","T1","Positive/elevated",0.7041,0.2959,"LOW"
48,"2","N0","T1","Positive/elevated",0.6914,0.3086,"LOW"
49,"2","N0","T1","Positive/elevated",0.6792,0.3208,"LOW"
50,"2","N0","T1","Positive/elevated",0.7044,0.2956,"LOW"
51,"2","N0","T1","Positive/elevated",0.6749,0.3251,"LOW"
52,"2","N0","T1","Positive/elevated",0.6942,0.3058,"LOW"
53,"2","N0","T1","Positive/elevated",0.702,0.298,"LOW"
54,"2","N0","T1","Positive/elevated",0.7072,0.2928,"LOW"
55,"2","N0","T1","Positive/elevated",0.6881,0.3119,"LOW"
56,"2","N0","T1","Positive/elevated",0.6792,0.3208,"LOW"
57,"2","N0","T1","Positive/elevated",0.6831,0.3169,"LOW"
58,"2","N0","T1","Positive/elevated",0.6831,0.3169,"LOW"
59,"2","N0","T1","Positive/elevated",0.6956,0.3044,"LOW"
60,"2","N0","T1","Positive/elevated",0.7282,0.2718,"LOW"
61,"2","N0","T1","Positive/elevated",0.7382,0.2618,"LOW"
62,"2","N0","T1","Positive/elevated",0.7388,0.2612,"LOW"
63,"2","N0","T1","Positive/elevated",0.734,0.266,"LOW"
64,"2","N0","T1","Positive/elevated",0.7203,0.2797,"LOW"
65,"2","N0","T1","Positive/elevated",0.7178,0.2822,"LOW"
66,"2","N0","T1","Positive/elevated",0.7368,0.2632,"LOW"
67,"2","N0","T1","Positive/elevated",0.743,0.257,"LOW"
68,"2","N0","T1","Positive/elevated",0.7439,0.2561,"LOW"
69,"2","N0","T1","Positive/elevated",0.7464,0.2536,"LOW"
70,"2","N0","T1","Positive/elevated",0.7398,0.2602,"LOW"
71,"2","N0","T1","Positive/elevated",0.7709,0.2291,"LOW"
72,"2","N0","T1","Positive/elevated",0.7609,0.2391,"LOW"
73,"2","N0","T1","Positive/elevated",0.7688,0.2312,"LOW"
74,"2","N0","T1","Positive/elevated",0.7682,0.2318,"LOW"
75,"2","N0","T1","Positive/elevated",0.7806,0.2194,"LOW"
76,"2","N0","T1","Positive/elevated",0.7705,0.2295,"LOW"
77,"2","N0","T1","Positive/elevated",0.7751,0.2249,"LOW"
78,"2","N0","T1","Positive/elevated",0.7754,0.2246,"LOW"
79,"2","N0","T1","Positive/elevated",0.7752,0.2248,"LOW"
80,"2","N0","T1","Positive/elevated",0.7777,0.2223,"LOW"
81,"2","N0","T1","Positive/elevated",0.7967,0.2033,"LOW"
82,"2","N0","T1","Positive/elevated",0.7845,0.2155,"LOW"
83,"2","N0","T1","Positive/elevated",0.7885,0.2115,"LOW"
84,"2","N0","T1","Positive/elevated",0.7634,0.2366,"LOW"
85,"2","N0","T1","Positive/elevated",0.7897,0.2103,"LOW"
86,"2","N0","T1","Positive/elevated",0.804,0.196,"LOW"
87,"2","N0","T1","Positive/elevated",0.7925,0.2075,"LOW"
88,"2","N0","T1","Positive/elevated",0.791,0.209,"LOW"
89,"2","N0","T1","Positive/elevated",0.8331,0.1669,"LOW"
90,"2","N0","T1","Positive/elevated",0.8185,0.1815,"LOW"
91,"2","N0","T1","Positive/elevated",0.8185,0.1815,"LOW"
92,"2","N0","T1","Positive/elevated",0.8185,0.1815,"LOW"
93,"2","N0","T1","Positive/elevated",0.8185,0.1815,"LOW"
94,"2","N0","T1","Positive/elevated",0.8185,0.1815,"LOW"
95,"2","N0","T1","Positive/elevated",0.8185,0.1815,"LOW"
96,"2","N0","T1","Positive/elevated",0.8185,0.1815,"LOW"
97,"2","N0","T1","Positive/elevated",0.8185,0.1815,"LOW"
98,"2","N0","T1","Positive/elevated",0.8185,0.1815,"LOW"
99,"2","N0","T1","Positive/elevated",0.8185,0.1815,"LOW"
0,"1","N1","T1","Positive/elevated",0.2197,0.7803,"HIGH"
1,"1","N1","T1","Positive/elevated",0.2197,0.7803,"HIGH"
2,"1","N1","T1","Positive/elevated",0.2197,0.7803,"HIGH"
3,"1","N1","T1","Positive/elevated",0.2197,0.7803,"HIGH"
4,"1","N1","T1","Positive/elevated",0.2197,0.7803,"HIGH"
5,"1","N1","T1","Positive/elevated",0.2197,0.7803,"HIGH"
6,"1","N1","T1","Positive/elevated",0.2197,0.7803,"HIGH"
7,"1","N1","T1","Positive/elevated",0.2197,0.7803,"HIGH"
8,"1","N1","T1","Positive/elevated",0.2197,0.7803,"HIGH"
9,"1","N1","T1","Positive/elevated",0.2197,0.7803,"HIGH"
10,"1","N1","T1","Positive/elevated",0.2197,0.7803,"HIGH"
11,"1","N1","T1","Positive/elevated",0.2197,0.7803,"HIGH"
12,"1","N1","T1","Positive/elevated",0.2197,0.7803,"HIGH"
13,"1","N1","T1","Positive/elevated",0.2197,0.7803,"HIGH"
14,"1","N1","T1","Positive/elevated",0.2197,0.7803,"HIGH"
15,"1","N1","T1","Positive/elevated",0.2197,0.7803,"HIGH"
16,"1","N1","T1","Positive/elevated",0.2197,0.7803,"HIGH"
17,"1","N1","T1","Positive/elevated",0.2197,0.7803,"HIGH"
18,"1","N1","T1","Positive/elevated",0.2197,0.7803,"HIGH"
19,"1","N1","T1","Positive/elevated",0.2197,0.7803,"HIGH"
20,"1","N1","T1","Positive/elevated",0.2258,0.7742,"HIGH"
21,"1","N1","T1","Positive/elevated",0.229,0.771,"HIGH"
22,"1","N1","T1","Positive/elevated",0.2303,0.7697,"HIGH"
23,"1","N1","T1","Positive/elevated",0.2308,0.7692,"HIGH"
24,"1","N1","T1","Positive/elevated",0.2337,0.7663,"HIGH"
25,"1","N1","T1","Positive/elevated",0.2376,0.7624,"HIGH"
26,"1","N1","T1","Positive/elevated",0.2441,0.7559,"HIGH"
27,"1","N1","T1","Positive/elevated",0.2524,0.7476,"HIGH"
28,"1","N1","T1","Positive/elevated",0.2619,0.7381,"HIGH"
29,"1","N1","T1","Positive/elevated",0.2755,0.7245,"HIGH"
30,"1","N1","T1","Positive/elevated",0.2867,0.7133,"HIGH"
31,"1","N1","T1","Positive/elevated",0.2985,0.7015,"HIGH"
32,"1","N1","T1","Positive/elevated",0.3038,0.6962,"HIGH"
33,"1","N1","T1","Positive/elevated",0.3079,0.6921,"HIGH"
34,"1","N1","T1","Positive/elevated",0.3103,0.6897,"HIGH"
35,"1","N1","T1","Positive/elevated",0.3128,0.6872,"HIGH"
36,"1","N1","T1","Positive/elevated",0.3609,0.6391,"HIGH"
37,"1","N1","T1","Positive/elevated",0.3295,0.6705,"HIGH"
38,"1","N1","T1","Positive/elevated",0.3088,0.6912,"HIGH"
39,"1","N1","T1","Positive/elevated",0.3395,0.6605,"HIGH"
40,"1","N1","T1","Positive/elevated",0.338,0.662,"HIGH"
41,"1","N1","T1","Positive/elevated",0.3207,0.6793,"HIGH"
42,"1","N1","T1","Positive/elevated",0.3328,0.6672,"HIGH"
43,"1","N1","T1","Positive/elevated",0.3599,0.6401,"HIGH"
44,"1","N1","T1","Positive/elevated",0.3421,0.6579,"HIGH"
45,"1","N1","T1","Positive/elevated",0.3504,0.6496,"HIGH"
46,"1","N1","T1","Positive/elevated",0.3309,0.6691,"HIGH"
47,"1","N1","T1","Positive/elevated",0.362,0.638,"HIGH"
48,"1","N1","T1","Positive/elevated",0.3328,0.6672,"HIGH"
49,"1","N1","T1","Positive/elevated",0.3461,0.6539,"HIGH"
50,"1","N1","T1","Positive/elevated",0.3404,0.6596,"HIGH"
51,"1","N1","T1","Positive/elevated",0.3353,0.6647,"HIGH"
52,"1","N1","T1","Positive/elevated",0.3527,0.6473,"HIGH"
53,"1","N1","T1","Positive/elevated",0.3216,0.6784,"HIGH"
54,"1","N1","T1","Positive/elevated",0.3215,0.6785,"HIGH"
55,"1","N1","T1","Positive/elevated",0.3244,0.6756,"HIGH"
56,"1","N1","T1","Positive/elevated",0.322,0.678,"HIGH"
57,"1","N1","T1","Positive/elevated",0.3176,0.6824,"HIGH"
58,"1","N1","T1","Positive/elevated",0.3302,0.6698,"HIGH"
59,"1","N1","T1","Positive/elevated",0.3365,0.6635,"HIGH"
60,"1","N1","T1","Positive/elevated",0.3443,0.6557,"HIGH"
61,"1","N1","T1","Positive/elevated",0.3543,0.6457,"HIGH"
62,"1","N1","T1","Positive/elevated",0.3599,0.6401,"HIGH"
63,"1","N1","T1","Positive/elevated",0.3594,0.6406,"HIGH"
64,"1","N1","T1","Positive/elevated",0.3553,0.6447,"HIGH"
65,"1","N1","T1","Positive/elevated",0.3611,0.6389,"HIGH"
66,"1","N1","T1","Positive/elevated",0.3284,0.6716,"HIGH"
67,"1","N1","T1","Positive/elevated",0.3238,0.6762,"HIGH"
68,"1","N1","T1","Positive/elevated",0.3224,0.6776,"HIGH"
69,"1","N1","T1","Positive/elevated",0.3292,0.6708,"HIGH"
70,"1","N1","T1","Positive/elevated",0.3401,0.6599,"HIGH"
71,"1","N1","T1","Positive/elevated",0.3775,0.6225,"HIGH"
72,"1","N1","T1","Positive/elevated",0.3719,0.6281,"HIGH"
73,"1","N1","T1","Positive/elevated",0.3686,0.6314,"HIGH"
74,"1","N1","T1","Positive/elevated",0.3314,0.6686,"HIGH"
75,"1","N1","T1","Positive/elevated",0.3713,0.6287,"HIGH"
76,"1","N1","T1","Positive/elevated",0.3488,0.6512,"HIGH"
77,"1","N1","T1","Positive/elevated",0.3537,0.6463,"HIGH"
78,"1","N1","T1","Positive/elevated",0.3499,0.6501,"HIGH"
79,"1","N1","T1","Positive/elevated",0.3324,0.6676,"HIGH"
80,"1","N1","T1","Positive/elevated",0.3387,0.6613,"HIGH"
81,"1","N1","T1","Positive/elevated",0.3529,0.6471,"HIGH"
82,"1","N1","T1","Positive/elevated",0.3773,0.6227,"HIGH"
83,"1","N1","T1","Positive/elevated",0.3945,0.6055,"HIGH"
84,"1","N1","T1","Positive/elevated",0.4049,0.5951,"HIGH"
85,"1","N1","T1","Positive/elevated",0.4253,0.5747,"HIGH"
86,"1","N1","T1","Positive/elevated",0.4077,0.5923,"HIGH"
87,"1","N1","T1","Positive/elevated",0.383,0.617,"HIGH"
88,"1","N1","T1","Positive/elevated",0.4204,0.5796,"HIGH"
89,"1","N1","T1","Positive/elevated",0.4088,0.5912,"HIGH"
90,"1","N1","T1","Positive/elevated",0.3375,0.6625,"HIGH"
91,"1","N1","T1","Positive/elevated",0.3375,0.6625,"HIGH"
92,"1","N1","T1","Positive/elevated",0.3375,0.6625,"HIGH"
93,"1","N1","T1","Positive/elevated",0.3375,0.6625,"HIGH"
94,"1","N1","T1","Positive/elevated",0.3375,0.6625,"HIGH"
95,"1","N1","T1","Positive/elevated",0.3375,0.6625,"HIGH"
96,"1","N1","T1","Positive/elevated",0.3375,0.6625,"HIGH"
97,"1","N1","T1","Positive/elevated",0.3375,0.6625,"HIGH"
98,"1","N1","T1","Positive/elevated",0.3375,0.6625,"HIGH"
99,"1","N1","T1","Positive/elevated",0.3375,0.6625,"HIGH"
0,"2","N1","T1","Positive/elevated",0.3446,0.6554,"HIGH"
1,"2","N1","T1","Positive/elevated",0.3446,0.6554,"HIGH"
2,"2","N1","T1","Positive/elevated",0.3446,0.6554,"HIGH"
3,"2","N1","T1","Positive/elevated",0.3446,0.6554,"HIGH"
4,"2","N1","T1","Positive/elevated",0.3446,0.6554,"HIGH"
5,"2","N1","T1","Positive/elevated",0.3446,0.6554,"HIGH"
6,"2","N1","T1","Positive/elevated",0.3446,0.6554,"HIGH"
7,"2","N1","T1","Positive/elevated",0.3446,0.6554,"HIGH"
8,"2","N1","T1","Positive/elevated",0.3446,0.6554,"HIGH"
9,"2","N1","T1","Positive/elevated",0.3446,0.6554,"HIGH"
10,"2","N1","T1","Positive/elevated",0.3446,0.6554,"HIGH"
11,"2","N1","T1","Positive/elevated",0.3446,0.6554,"HIGH"
12,"2","N1","T1","Positive/elevated",0.3446,0.6554,"HIGH"
13,"2","N1","T1","Positive/elevated",0.3446,0.6554,"HIGH"
14,"2","N1","T1","Positive/elevated",0.3446,0.6554,"HIGH"
15,"2","N1","T1","Positive/elevated",0.3446,0.6554,"HIGH"
16,"2","N1","T1","Positive/elevated",0.3446,0.6554,"HIGH"
17,"2","N1","T1","Positive/elevated",0.3446,0.6554,"HIGH"
18,"2","N1","T1","Positive/elevated",0.3446,0.6554,"HIGH"
19,"2","N1","T1","Positive/elevated",0.3446,0.6554,"HIGH"
20,"2","N1","T1","Positive/elevated",0.3493,0.6507,"HIGH"
21,"2","N1","T1","Positive/elevated",0.3519,0.6481,"HIGH"
22,"2","N1","T1","Positive/elevated",0.353,0.647,"HIGH"
23,"2","N1","T1","Positive/elevated",0.3499,0.6501,"HIGH"
24,"2","N1","T1","Positive/elevated",0.3506,0.6494,"HIGH"
25,"2","N1","T1","Positive/elevated",0.3587,0.6413,"HIGH"
26,"2","N1","T1","Positive/elevated",0.3747,0.6253,"HIGH"
27,"2","N1","T1","Positive/elevated",0.3929,0.6071,"HIGH"
28,"2","N1","T1","Positive/elevated",0.4004,0.5996,"HIGH"
29,"2","N1","T1","Positive/elevated",0.4099,0.5901,"HIGH"
30,"2","N1","T1","Positive/elevated",0.4286,0.5714,"HIGH"
31,"2","N1","T1","Positive/elevated",0.4409,0.5591,"HIGH"
32,"2","N1","T1","Positive/elevated",0.4513,0.5487,"HIGH"
33,"2","N1","T1","Positive/elevated",0.4624,0.5376,"HIGH"
34,"2","N1","T1","Positive/elevated",0.4307,0.5693,"HIGH"
35,"2","N1","T1","Positive/elevated",0.4093,0.5907,"HIGH"
36,"2","N1","T1","Positive/elevated",0.4305,0.5695,"HIGH"
37,"2","N1","T1","Positive/elevated",0.4258,0.5742,"HIGH"
38,"2","N1","T1","Positive/elevated",0.3944,0.6056,"HIGH"
39,"2","N1","T1","Positive/elevated",0.3812,0.6188,"HIGH"
40,"2","N1","T1","Positive/elevated",0.4047,0.5953,"HIGH"
41,"2","N1","T1","Positive/elevated",0.4176,0.5824,"HIGH"
42,"2","N1","T1","Positive/elevated",0.4313,0.5687,"HIGH"
43,"2","N1","T1","Positive/elevated",0.4388,0.5612,"HIGH"
44,"2","N1","T1","Positive/elevated",0.452,0.548,"HIGH"
45,"2","N1","T1","Positive/elevated",0.4637,0.5363,"HIGH"
46,"2","N1","T1","Positive/elevated",0.4691,0.5309,"HIGH"
47,"2","N1","T1","Positive/elevated",0.4802,0.5198,"HIGH"
48,"2","N1","T1","Positive/elevated",0.5057,0.4943,"LOW"
49,"2","N1","T1","Positive/elevated",0.4934,0.5066,"HIGH"
50,"2","N1","T1","Positive/elevated",0.5067,0.4933,"LOW"
51,"2","N1","T1","Positive/elevated",0.4857,0.5143,"HIGH"
52,"2","N1","T1","Positive/elevated",0.4748,0.5252,"HIGH"
53,"2","N1","T1","Positive/elevated",0.4507,0.5493,"HIGH"
54,"2","N1","T1","Positive/elevated",0.457,0.543,"HIGH"
55,"2","N1","T1","Positive/elevated",0.489,0.511,"HIGH"
56,"2","N1","T1","Positive/elevated",0.473,0.527,"HIGH"
57,"2","N1","T1","Positive/elevated",0.4705,0.5295,"HIGH"
58,"2","N1","T1","Positive/elevated",0.4818,0.5182,"HIGH"
59,"2","N1","T1","Positive/elevated",0.4835,0.5165,"HIGH"
60,"2","N1","T1","Positive/elevated",0.4918,0.5082,"HIGH"
61,"2","N1","T1","Positive/elevated",0.4629,0.5371,"HIGH"
62,"2","N1","T1","Positive/elevated",0.4608,0.5392,"HIGH"
63,"2","N1","T1","Positive/elevated",0.4785,0.5215,"HIGH"
64,"2","N1","T1","Positive/elevated",0.4674,0.5326,"HIGH"
65,"2","N1","T1","Positive/elevated",0.5015,0.4985,"LOW"
66,"2","N1","T1","Positive/elevated",0.4656,0.5344,"HIGH"
67,"2","N1","T1","Positive/elevated",0.4755,0.5245,"HIGH"
68,"2","N1","T1","Positive/elevated",0.4653,0.5347,"HIGH"
69,"2","N1","T1","Positive/elevated",0.4552,0.5448,"HIGH"
70,"2","N1","T1","Positive/elevated",0.4328,0.5672,"HIGH"
71,"2","N1","T1","Positive/elevated",0.4566,0.5434,"HIGH"
72,"2","N1","T1","Positive/elevated",0.4569,0.5431,"HIGH"
73,"2","N1","T1","Positive/elevated",0.4581,0.5419,"HIGH"
74,"2","N1","T1","Positive/elevated",0.4693,0.5307,"HIGH"
75,"2","N1","T1","Positive/elevated",0.4248,0.5752,"HIGH"
76,"2","N1","T1","Positive/elevated",0.4276,0.5724,"HIGH"
77,"2","N1","T1","Positive/elevated",0.4521,0.5479,"HIGH"
78,"2","N1","T1","Positive/elevated",0.4607,0.5393,"HIGH"
79,"2","N1","T1","Positive/elevated",0.43,0.57,"HIGH"
80,"2","N1","T1","Positive/elevated",0.3918,0.6082,"HIGH"
81,"2","N1","T1","Positive/elevated",0.3953,0.6047,"HIGH"
82,"2","N1","T1","Positive/elevated",0.4002,0.5998,"HIGH"
83,"2","N1","T1","Positive/elevated",0.4501,0.5499,"HIGH"
84,"2","N1","T1","Positive/elevated",0.4513,0.5487,"HIGH"
85,"2","N1","T1","Positive/elevated",0.4439,0.5561,"HIGH"
86,"2","N1","T1","Positive/elevated",0.4929,0.5071,"HIGH"
87,"2","N1","T1","Positive/elevated",0.4818,0.5182,"HIGH"
88,"2","N1","T1","Positive/elevated",0.489,0.511,"HIGH"
89,"2","N1","T1","Positive/elevated",0.527,0.473,"LOW"
90,"2","N1","T1","Positive/elevated",0.4673,0.5327,"HIGH"
91,"2","N1","T1","Positive/elevated",0.4673,0.5327,"HIGH"
92,"2","N1","T1","Positive/elevated",0.4673,0.5327,"HIGH"
93,"2","N1","T1","Positive/elevated",0.4673,0.5327,"HIGH"
94,"2","N1","T1","Positive/elevated",0.4673,0.5327,"HIGH"
95,"2","N1","T1","Positive/elevated",0.4673,0.5327,"HIGH"
96,"2","N1","T1","Positive/elevated",0.4673,0.5327,"HIGH"
97,"2","N1","T1","Positive/elevated",0.4673,0.5327,"HIGH"
98,"2","N1","T1","Positive/elevated",0.4673,0.5327,"HIGH"
99,"2","N1","T1","Positive/elevated",0.4673,0.5327,"HIGH"
0,"1","N2","T1","Positive/elevated",0.5522,0.4478,"LOW"
1,"1","N2","T1","Positive/elevated",0.5522,0.4478,"LOW"
2,"1","N2","T1","Positive/elevated",0.5522,0.4478,"LOW"
3,"1","N2","T1","Positive/elevated",0.5522,0.4478,"LOW"
4,"1","N2","T1","Positive/elevated",0.5522,0.4478,"LOW"
5,"1","N2","T1","Positive/elevated",0.5522,0.4478,"LOW"
6,"1","N2","T1","Positive/elevated",0.5522,0.4478,"LOW"
7,"1","N2","T1","Positive/elevated",0.5522,0.4478,"LOW"
8,"1","N2","T1","Positive/elevated",0.5522,0.4478,"LOW"
9,"1","N2","T1","Positive/elevated",0.5522,0.4478,"LOW"
10,"1","N2","T1","Positive/elevated",0.5522,0.4478,"LOW"
11,"1","N2","T1","Positive/elevated",0.5522,0.4478,"LOW"
12,"1","N2","T1","Positive/elevated",0.5522,0.4478,"LOW"
13,"1","N2","T1","Positive/elevated",0.5522,0.4478,"LOW"
14,"1","N2","T1","Positive/elevated",0.5511,0.4489,"LOW"
15,"1","N2","T1","Positive/elevated",0.5511,0.4489,"LOW"
16,"1","N2","T1","Positive/elevated",0.5511,0.4489,"LOW"
17,"1","N2","T1","Positive/elevated",0.5511,0.4489,"LOW"
18,"1","N2","T1","Positive/elevated",0.5511,0.4489,"LOW"
19,"1","N2","T1","Positive/elevated",0.5543,0.4457,"LOW"
20,"1","N2","T1","Positive/elevated",0.5523,0.4477,"LOW"
21,"1","N2","T1","Positive/elevated",0.553,0.447,"LOW"
22,"1","N2","T1","Positive/elevated",0.553,0.447,"LOW"
23,"1","N2","T1","Positive/elevated",0.552,0.448,"LOW"
24,"1","N2","T1","Positive/elevated",0.552,0.448,"LOW"
25,"1","N2","T1","Positive/elevated",0.552,0.448,"LOW"
26,"1","N2","T1","Positive/elevated",0.5468,0.4532,"LOW"
27,"1","N2","T1","Positive/elevated",0.5476,0.4524,"LOW"
28,"1","N2","T1","Positive/elevated",0.5493,0.4507,"LOW"
29,"1","N2","T1","Positive/elevated",0.5538,0.4462,"LOW"
30,"1","N2","T1","Positive/elevated",0.549,0.451,"LOW"
31,"1","N2","T1","Positive/elevated",0.5621,0.4379,"LOW"
32,"1","N2","T1","Positive/elevated",0.5613,0.4387,"LOW"
33,"1","N2","T1","Positive/elevated",0.5627,0.4373,"LOW"
34,"1","N2","T1","Positive/elevated",0.5502,0.4498,"LOW"
35,"1","N2","T1","Positive/elevated",0.5369,0.4631,"LOW"
36,"1","N2","T1","Positive/elevated",0.5205,0.4795,"LOW"
37,"1","N2","T1","Positive/elevated",0.4388,0.5612,"HIGH"
38,"1","N2","T1","Positive/elevated",0.3607,0.6393,"HIGH"
39,"1","N2","T1","Positive/elevated",0.3254,0.6746,"HIGH"
40,"1","N2","T1","Positive/elevated",0.3127,0.6873,"HIGH"
41,"1","N2","T1","Positive/elevated",0.2876,0.7124,"HIGH"
42,"1","N2","T1","Positive/elevated",0.2857,0.7143,"HIGH"
43,"1","N2","T1","Positive/elevated",0.2964,0.7036,"HIGH"
44,"1","N2","T1","Positive/elevated",0.3034,0.6966,"HIGH"
45,"1","N2","T1","Positive/elevated",0.3006,0.6994,"HIGH"
46,"1","N2","T1","Positive/elevated",0.3014,0.6986,"HIGH"
47,"1","N2","T1","Positive/elevated",0.3209,0.6791,"HIGH"
48,"1","N2","T1","Positive/elevated",0.3131,0.6869,"HIGH"
49,"1","N2","T1","Positive/elevated",0.3794,0.6206,"HIGH"
50,"1","N2","T1","Positive/elevated",0.4396,0.5604,"HIGH"
51,"1","N2","T1","Positive/elevated",0.38,0.62,"HIGH"
52,"1","N2","T1","Positive/elevated",0.3261,0.6739,"HIGH"
53,"1","N2","T1","Positive/elevated",0.3317,0.6683,"HIGH"
54,"1","N2","T1","Positive/elevated",0.3497,0.6503,"HIGH"
55,"1","N2","T1","Positive/elevated",0.3307,0.6693,"HIGH"
56,"1","N2","T1","Positive/elevated",0.3553,0.6447,"HIGH"
57,"1","N2","T1","Positive/elevated",0.4275,0.5725,"HIGH"
58,"1","N2","T1","Positive/elevated",0.426,0.574,"HIGH"
59,"1","N2","T1","Positive/elevated",0.4356,0.5644,"HIGH"
60,"1","N2","T1","Positive/elevated",0.3701,0.6299,"HIGH"
61,"1","N2","T1","Positive/elevated",0.3508,0.6492,"HIGH"
62,"1","N2","T1","Positive/elevated",0.3507,0.6493,"HIGH"
63,"1","N2","T1","Positive/elevated",0.3473,0.6527,"HIGH"
64,"1","N2","T1","Positive/elevated",0.3387,0.6613,"HIGH"
65,"1","N2","T1","Positive/elevated",0.3351,0.6649,"HIGH"
66,"1","N2","T1","Positive/elevated",0.3441,0.6559,"HIGH"
67,"1","N2","T1","Positive/elevated",0.3207,0.6793,"HIGH"
68,"1","N2","T1","Positive/elevated",0.3632,0.6368,"HIGH"
69,"1","N2","T1","Positive/elevated",0.3631,0.6369,"HIGH"
70,"1","N2","T1","Positive/elevated",0.3627,0.6373,"HIGH"
71,"1","N2","T1","Positive/elevated",0.3522,0.6478,"HIGH"
72,"1","N2","T1","Positive/elevated",0.3774,0.6226,"HIGH"
73,"1","N2","T1","Positive/elevated",0.4138,0.5862,"HIGH"
74,"1","N2","T1","Positive/elevated",0.3801,0.6199,"HIGH"
75,"1","N2","T1","Positive/elevated",0.3652,0.6348,"HIGH"
76,"1","N2","T1","Positive/elevated",0.3387,0.6613,"HIGH"
77,"1","N2","T1","Positive/elevated",0.3077,0.6923,"HIGH"
78,"1","N2","T1","Positive/elevated",0.3068,0.6932,"HIGH"
79,"1","N2","T1","Positive/elevated",0.2969,0.7031,"HIGH"
80,"1","N2","T1","Positive/elevated",0.2948,0.7052,"HIGH"
81,"1","N2","T1","Positive/elevated",0.2814,0.7186,"HIGH"
82,"1","N2","T1","Positive/elevated",0.2847,0.7153,"HIGH"
83,"1","N2","T1","Positive/elevated",0.3033,0.6967,"HIGH"
84,"1","N2","T1","Positive/elevated",0.3207,0.6793,"HIGH"
85,"1","N2","T1","Positive/elevated",0.3388,0.6612,"HIGH"
86,"1","N2","T1","Positive/elevated",0.3168,0.6832,"HIGH"
87,"1","N2","T1","Positive/elevated",0.3722,0.6278,"HIGH"
88,"1","N2","T1","Positive/elevated",0.418,0.582,"HIGH"
89,"1","N2","T1","Positive/elevated",0.4541,0.5459,"HIGH"
90,"1","N2","T1","Positive/elevated",0.5148,0.4852,"LOW"
91,"1","N2","T1","Positive/elevated",0.5148,0.4852,"LOW"
92,"1","N2","T1","Positive/elevated",0.5148,0.4852,"LOW"
93,"1","N2","T1","Positive/elevated",0.5148,0.4852,"LOW"
94,"1","N2","T1","Positive/elevated",0.5148,0.4852,"LOW"
95,"1","N2","T1","Positive/elevated",0.5148,0.4852,"LOW"
96,"1","N2","T1","Positive/elevated",0.5148,0.4852,"LOW"
97,"1","N2","T1","Positive/elevated",0.5148,0.4852,"LOW"
98,"1","N2","T1","Positive/elevated",0.5148,0.4852,"LOW"
99,"1","N2","T1","Positive/elevated",0.5148,0.4852,"LOW"
0,"2","N2","T1","Positive/elevated",0.4625,0.5375,"HIGH"
1,"2","N2","T1","Positive/elevated",0.4625,0.5375,"HIGH"
2,"2","N2","T1","Positive/elevated",0.4625,0.5375,"HIGH"
3,"2","N2","T1","Positive/elevated",0.4625,0.5375,"HIGH"
4,"2","N2","T1","Positive/elevated",0.4625,0.5375,"HIGH"
5,"2","N2","T1","Positive/elevated",0.4625,0.5375,"HIGH"
6,"2","N2","T1","Positive/elevated",0.4625,0.5375,"HIGH"
7,"2","N2","T1","Positive/elevated",0.4625,0.5375,"HIGH"
8,"2","N2","T1","Positive/elevated",0.4625,0.5375,"HIGH"
9,"2","N2","T1","Positive/elevated",0.4625,0.5375,"HIGH"
10,"2","N2","T1","Positive/elevated",0.4625,0.5375,"HIGH"
11,"2","N2","T1","Positive/elevated",0.4625,0.5375,"HIGH"
12,"2","N2","T1","Positive/elevated",0.4625,0.5375,"HIGH"
13,"2","N2","T1","Positive/elevated",0.4625,0.5375,"HIGH"
14,"2","N2","T1","Positive/elevated",0.4611,0.5389,"HIGH"
15,"2","N2","T1","Positive/elevated",0.4611,0.5389,"HIGH"
16,"2","N2","T1","Positive/elevated",0.4611,0.5389,"HIGH"
17,"2","N2","T1","Positive/elevated",0.4631,0.5369,"HIGH"
18,"2","N2","T1","Positive/elevated",0.4647,0.5353,"HIGH"
19,"2","N2","T1","Positive/elevated",0.4676,0.5324,"HIGH"
20,"2","N2","T1","Positive/elevated",0.4676,0.5324,"HIGH"
21,"2","N2","T1","Positive/elevated",0.4663,0.5337,"HIGH"
22,"2","N2","T1","Positive/elevated",0.4663,0.5337,"HIGH"
23,"2","N2","T1","Positive/elevated",0.4628,0.5372,"HIGH"
24,"2","N2","T1","Positive/elevated",0.4592,0.5408,"HIGH"
25,"2","N2","T1","Positive/elevated",0.462,0.538,"HIGH"
26,"2","N2","T1","Positive/elevated",0.4493,0.5507,"HIGH"
27,"2","N2","T1","Positive/elevated",0.4512,0.5488,"HIGH"
28,"2","N2","T1","Positive/elevated",0.4518,0.5482,"HIGH"
29,"2","N2","T1","Positive/elevated",0.4532,0.5468,"HIGH"
30,"2","N2","T1","Positive/elevated",0.4572,0.5428,"HIGH"
31,"2","N2","T1","Positive/elevated",0.4587,0.5413,"HIGH"
32,"2","N2","T1","Positive/elevated",0.4647,0.5353,"HIGH"
33,"2","N2","T1","Positive/elevated",0.4634,0.5366,"HIGH"
34,"2","N2","T1","Positive/elevated",0.4563,0.5437,"HIGH"
35,"2","N2","T1","Positive/elevated",0.4462,0.5538,"HIGH"
36,"2","N2","T1","Positive/elevated",0.4442,0.5558,"HIGH"
37,"2","N2","T1","Positive/elevated",0.4056,0.5944,"HIGH"
38,"2","N2","T1","Positive/elevated",0.3705,0.6295,"HIGH"
39,"2","N2","T1","Positive/elevated",0.3563,0.6437,"HIGH"
40,"2","N2","T1","Positive/elevated",0.3515,0.6485,"HIGH"
41,"2","N2","T1","Positive/elevated",0.3431,0.6569,"HIGH"
42,"2","N2","T1","Positive/elevated",0.3793,0.6207,"HIGH"
43,"2","N2","T1","Positive/elevated",0.4033,0.5967,"HIGH"
44,"2","N2","T1","Positive/elevated",0.4332,0.5668,"HIGH"
45,"2","N2","T1","Positive/elevated",0.4573,0.5427,"HIGH"
46,"2","N2","T1","Positive/elevated",0.4782,0.5218,"HIGH"
47,"2","N2","T1","Positive/elevated",0.5055,0.4945,"LOW"
48,"2","N2","T1","Positive/elevated",0.4376,0.5624,"HIGH"
49,"2","N2","T1","Positive/elevated",0.367,0.633,"HIGH"
50,"2","N2","T1","Positive/elevated",0.3666,0.6334,"HIGH"
51,"2","N2","T1","Positive/elevated",0.3393,0.6607,"HIGH"
52,"2","N2","T1","Positive/elevated",0.3432,0.6568,"HIGH"
53,"2","N2","T1","Positive/elevated",0.3483,0.6517,"HIGH"
54,"2","N2","T1","Positive/elevated",0.4353,0.5647,"HIGH"
55,"2","N2","T1","Positive/elevated",0.3469,0.6531,"HIGH"
56,"2","N2","T1","Positive/elevated",0.3487,0.6513,"HIGH"
57,"2","N2","T1","Positive/elevated",0.3518,0.6482,"HIGH"
58,"2","N2","T1","Positive/elevated",0.3482,0.6518,"HIGH"
59,"2","N2","T1","Positive/elevated",0.3537,0.6463,"HIGH"
60,"2","N2","T1","Positive/elevated",0.3403,0.6597,"HIGH"
61,"2","N2","T1","Positive/elevated",0.3921,0.6079,"HIGH"
62,"2","N2","T1","Positive/elevated",0.3524,0.6476,"HIGH"
63,"2","N2","T1","Positive/elevated",0.394,0.606,"HIGH"
64,"2","N2","T1","Positive/elevated",0.3196,0.6804,"HIGH"
65,"2","N2","T1","Positive/elevated",0.2966,0.7034,"HIGH"
66,"2","N2","T1","Positive/elevated",0.2804,0.7196,"HIGH"
67,"2","N2","T1","Positive/elevated",0.2654,0.7346,"HIGH"
68,"2","N2","T1","Positive/elevated",0.2574,0.7426,"HIGH"
69,"2","N2","T1","Positive/elevated",0.2579,0.7421,"HIGH"
70,"2","N2","T1","Positive/elevated",0.2534,0.7466,"HIGH"
71,"2","N2","T1","Positive/elevated",0.2514,0.7486,"HIGH"
72,"2","N2","T1","Positive/elevated",0.2477,0.7523,"HIGH"
73,"2","N2","T1","Positive/elevated",0.264,0.736,"HIGH"
74,"2","N2","T1","Positive/elevated",0.256,0.744,"HIGH"
75,"2","N2","T1","Positive/elevated",0.2549,0.7451,"HIGH"
76,"2","N2","T1","Positive/elevated",0.2534,0.7466,"HIGH"
77,"2","N2","T1","Positive/elevated",0.2558,0.7442,"HIGH"
78,"2","N2","T1","Positive/elevated",0.2588,0.7412,"HIGH"
79,"2","N2","T1","Positive/elevated",0.2574,0.7426,"HIGH"
80,"2","N2","T1","Positive/elevated",0.2608,0.7392,"HIGH"
81,"2","N2","T1","Positive/elevated",0.256,0.744,"HIGH"
82,"2","N2","T1","Positive/elevated",0.2791,0.7209,"HIGH"
83,"2","N2","T1","Positive/elevated",0.3363,0.6637,"HIGH"
84,"2","N2","T1","Positive/elevated",0.4037,0.5963,"HIGH"
85,"2","N2","T1","Positive/elevated",0.4672,0.5328,"HIGH"
86,"2","N2","T1","Positive/elevated",0.4407,0.5593,"HIGH"
87,"2","N2","T1","Positive/elevated",0.46,0.54,"HIGH"
88,"2","N2","T1","Positive/elevated",0.4661,0.5339,"HIGH"
89,"2","N2","T1","Positive/elevated",0.4704,0.5296,"HIGH"
90,"2","N2","T1","Positive/elevated",0.4952,0.5048,"HIGH"
91,"2","N2","T1","Positive/elevated",0.4952,0.5048,"HIGH"
92,"2","N2","T1","Positive/elevated",0.4952,0.5048,"HIGH"
93,"2","N2","T1","Positive/elevated",0.4952,0.5048,"HIGH"
94,"2","N2","T1","Positive/elevated",0.4952,0.5048,"HIGH"
95,"2","N2","T1","Positive/elevated",0.4952,0.5048,"HIGH"
96,"2","N2","T1","Positive/elevated",0.4952,0.5048,"HIGH"
97,"2","N2","T1","Positive/elevated",0.4952,0.5048,"HIGH"
98,"2","N2","T1","Positive/elevated",0.4952,0.5048,"HIGH"
99,"2","N2","T1","Positive/elevated",0.4952,0.5048,"HIGH"
0,"1","Other/Unknown","T1","Positive/elevated",0.2684,0.7316,"HIGH"
1,"1","Other/Unknown","T1","Positive/elevated",0.2684,0.7316,"HIGH"
2,"1","Other/Unknown","T1","Positive/elevated",0.2684,0.7316,"HIGH"
3,"1","Other/Unknown","T1","Positive/elevated",0.2684,0.7316,"HIGH"
4,"1","Other/Unknown","T1","Positive/elevated",0.2684,0.7316,"HIGH"
5,"1","Other/Unknown","T1","Positive/elevated",0.2684,0.7316,"HIGH"
6,"1","Other/Unknown","T1","Positive/elevated",0.2684,0.7316,"HIGH"
7,"1","Other/Unknown","T1","Positive/elevated",0.2684,0.7316,"HIGH"
8,"1","Other/Unknown","T1","Positive/elevated",0.2684,0.7316,"HIGH"
9,"1","Other/Unknown","T1","Positive/elevated",0.2684,0.7316,"HIGH"
10,"1","Other/Unknown","T1","Positive/elevated",0.2684,0.7316,"HIGH"
11,"1","Other/Unknown","T1","Positive/elevated",0.2684,0.7316,"HIGH"
12,"1","Other/Unknown","T1","Positive/elevated",0.2684,0.7316,"HIGH"
13,"1","Other/Unknown","T1","Positive/elevated",0.2684,0.7316,"HIGH"
14,"1","Other/Unknown","T1","Positive/elevated",0.2684,0.7316,"HIGH"
15,"1","Other/Unknown","T1","Positive/elevated",0.2684,0.7316,"HIGH"
16,"1","Other/Unknown","T1","Positive/elevated",0.2684,0.7316,"HIGH"
17,"1","Other/Unknown","T1","Positive/elevated",0.2684,0.7316,"HIGH"
18,"1","Other/Unknown","T1","Positive/elevated",0.2684,0.7316,"HIGH"
19,"1","Other/Unknown","T1","Positive/elevated",0.2684,0.7316,"HIGH"
20,"1","Other/Unknown","T1","Positive/elevated",0.2684,0.7316,"HIGH"
21,"1","Other/Unknown","T1","Positive/elevated",0.2704,0.7296,"HIGH"
22,"1","Other/Unknown","T1","Positive/elevated",0.2715,0.7285,"HIGH"
23,"1","Other/Unknown","T1","Positive/elevated",0.2739,0.7261,"HIGH"
24,"1","Other/Unknown","T1","Positive/elevated",0.2745,0.7255,"HIGH"
25,"1","Other/Unknown","T1","Positive/elevated",0.2786,0.7214,"HIGH"
26,"1","Other/Unknown","T1","Positive/elevated",0.2658,0.7342,"HIGH"
27,"1","Other/Unknown","T1","Positive/elevated",0.2726,0.7274,"HIGH"
28,"1","Other/Unknown","T1","Positive/elevated",0.2708,0.7292,"HIGH"
29,"1","Other/Unknown","T1","Positive/elevated",0.2603,0.7397,"HIGH"
30,"1","Other/Unknown","T1","Positive/elevated",0.2393,0.7607,"HIGH"
31,"1","Other/Unknown","T1","Positive/elevated",0.2396,0.7604,"HIGH"
32,"1","Other/Unknown","T1","Positive/elevated",0.2323,0.7677,"HIGH"
33,"1","Other/Unknown","T1","Positive/elevated",0.2283,0.7717,"HIGH"
34,"1","Other/Unknown","T1","Positive/elevated",0.2278,0.7722,"HIGH"
35,"1","Other/Unknown","T1","Positive/elevated",0.2213,0.7787,"HIGH"
36,"1","Other/Unknown","T1","Positive/elevated",0.2177,0.7823,"HIGH"
37,"1","Other/Unknown","T1","Positive/elevated",0.2341,0.7659,"HIGH"
38,"1","Other/Unknown","T1","Positive/elevated",0.2517,0.7483,"HIGH"
39,"1","Other/Unknown","T1","Positive/elevated",0.2678,0.7322,"HIGH"
40,"1","Other/Unknown","T1","Positive/elevated",0.2846,0.7154,"HIGH"
41,"1","Other/Unknown","T1","Positive/elevated",0.3019,0.6981,"HIGH"
42,"1","Other/Unknown","T1","Positive/elevated",0.3002,0.6998,"HIGH"
43,"1","Other/Unknown","T1","Positive/elevated",0.3259,0.6741,"HIGH"
44,"1","Other/Unknown","T1","Positive/elevated",0.3328,0.6672,"HIGH"
45,"1","Other/Unknown","T1","Positive/elevated",0.3545,0.6455,"HIGH"
46,"1","Other/Unknown","T1","Positive/elevated",0.4287,0.5713,"HIGH"
47,"1","Other/Unknown","T1","Positive/elevated",0.4919,0.5081,"HIGH"
48,"1","Other/Unknown","T1","Positive/elevated",0.4495,0.5505,"HIGH"
49,"1","Other/Unknown","T1","Positive/elevated",0.412,0.588,"HIGH"
50,"1","Other/Unknown","T1","Positive/elevated",0.4734,0.5266,"HIGH"
51,"1","Other/Unknown","T1","Positive/elevated",0.5351,0.4649,"LOW"
52,"1","Other/Unknown","T1","Positive/elevated",0.5722,0.4278,"LOW"
53,"1","Other/Unknown","T1","Positive/elevated",0.5739,0.4261,"LOW"
54,"1","Other/Unknown","T1","Positive/elevated",0.5556,0.4444,"LOW"
55,"1","Other/Unknown","T1","Positive/elevated",0.4653,0.5347,"HIGH"
56,"1","Other/Unknown","T1","Positive/elevated",0.3736,0.6264,"HIGH"
57,"1","Other/Unknown","T1","Positive/elevated",0.3864,0.6136,"HIGH"
58,"1","Other/Unknown","T1","Positive/elevated",0.4688,0.5312,"HIGH"
59,"1","Other/Unknown","T1","Positive/elevated",0.4144,0.5856,"HIGH"
60,"1","Other/Unknown","T1","Positive/elevated",0.3486,0.6514,"HIGH"
61,"1","Other/Unknown","T1","Positive/elevated",0.3991,0.6009,"HIGH"
62,"1","Other/Unknown","T1","Positive/elevated",0.3616,0.6384,"HIGH"
63,"1","Other/Unknown","T1","Positive/elevated",0.3566,0.6434,"HIGH"
64,"1","Other/Unknown","T1","Positive/elevated",0.4422,0.5578,"HIGH"
65,"1","Other/Unknown","T1","Positive/elevated",0.3694,0.6306,"HIGH"
66,"1","Other/Unknown","T1","Positive/elevated",0.4375,0.5625,"HIGH"
67,"1","Other/Unknown","T1","Positive/elevated",0.3952,0.6048,"HIGH"
68,"1","Other/Unknown","T1","Positive/elevated",0.4062,0.5938,"HIGH"
69,"1","Other/Unknown","T1","Positive/elevated",0.5115,0.4885,"LOW"
70,"1","Other/Unknown","T1","Positive/elevated",0.5319,0.4681,"LOW"
71,"1","Other/Unknown","T1","Positive/elevated",0.6021,0.3979,"LOW"
72,"1","Other/Unknown","T1","Positive/elevated",0.5766,0.4234,"LOW"
73,"1","Other/Unknown","T1","Positive/elevated",0.4948,0.5052,"HIGH"
74,"1","Other/Unknown","T1","Positive/elevated",0.4975,0.5025,"HIGH"
75,"1","Other/Unknown","T1","Positive/elevated",0.5279,0.4721,"LOW"
76,"1","Other/Unknown","T1","Positive/elevated",0.5453,0.4547,"LOW"
77,"1","Other/Unknown","T1","Positive/elevated",0.5606,0.4394,"LOW"
78,"1","Other/Unknown","T1","Positive/elevated",0.5724,0.4276,"LOW"
79,"1","Other/Unknown","T1","Positive/elevated",0.4686,0.5314,"HIGH"
80,"1","Other/Unknown","T1","Positive/elevated",0.5342,0.4658,"LOW"
81,"1","Other/Unknown","T1","Positive/elevated",0.4532,0.5468,"HIGH"
82,"1","Other/Unknown","T1","Positive/elevated",0.4929,0.5071,"HIGH"
83,"1","Other/Unknown","T1","Positive/elevated",0.4986,0.5014,"HIGH"
84,"1","Other/Unknown","T1","Positive/elevated",0.467,0.533,"HIGH"
85,"1","Other/Unknown","T1","Positive/elevated",0.5975,0.4025,"LOW"
86,"1","Other/Unknown","T1","Positive/elevated",0.639,0.361,"LOW"
87,"1","Other/Unknown","T1","Positive/elevated",0.6688,0.3312,"LOW"
88,"1","Other/Unknown","T1","Positive/elevated",0.498,0.502,"HIGH"
89,"1","Other/Unknown","T1","Positive/elevated",0.5292,0.4708,"LOW"
90,"1","Other/Unknown","T1","Positive/elevated",0.5535,0.4465,"LOW"
91,"1","Other/Unknown","T1","Positive/elevated",0.5535,0.4465,"LOW"
92,"1","Other/Unknown","T1","Positive/elevated",0.5535,0.4465,"LOW"
93,"1","Other/Unknown","T1","Positive/elevated",0.5535,0.4465,"LOW"
94,"1","Other/Unknown","T1","Positive/elevated",0.5535,0.4465,"LOW"
95,"1","Other/Unknown","T1","Positive/elevated",0.5535,0.4465,"LOW"
96,"1","Other/Unknown","T1","Positive/elevated",0.5535,0.4465,"LOW"
97,"1","Other/Unknown","T1","Positive/elevated",0.5535,0.4465,"LOW"
98,"1","Other/Unknown","T1","Positive/elevated",0.5535,0.4465,"LOW"
99,"1","Other/Unknown","T1","Positive/elevated",0.5535,0.4465,"LOW"
0,"2","Other/Unknown","T1","Positive/elevated",0.3698,0.6302,"HIGH"
1,"2","Other/Unknown","T1","Positive/elevated",0.3698,0.6302,"HIGH"
2,"2","Other/Unknown","T1","Positive/elevated",0.3698,0.6302,"HIGH"
3,"2","Other/Unknown","T1","Positive/elevated",0.3698,0.6302,"HIGH"
4,"2","Other/Unknown","T1","Positive/elevated",0.3698,0.6302,"HIGH"
5,"2","Other/Unknown","T1","Positive/elevated",0.3698,0.6302,"HIGH"
6,"2","Other/Unknown","T1","Positive/elevated",0.3698,0.6302,"HIGH"
7,"2","Other/Unknown","T1","Positive/elevated",0.3698,0.6302,"HIGH"
8,"2","Other/Unknown","T1","Positive/elevated",0.3698,0.6302,"HIGH"
9,"2","Other/Unknown","T1","Positive/elevated",0.3698,0.6302,"HIGH"
10,"2","Other/Unknown","T1","Positive/elevated",0.3698,0.6302,"HIGH"
11,"2","Other/Unknown","T1","Positive/elevated",0.3698,0.6302,"HIGH"
12,"2","Other/Unknown","T1","Positive/elevated",0.3698,0.6302,"HIGH"
13,"2","Other/Unknown","T1","Positive/elevated",0.3698,0.6302,"HIGH"
14,"2","Other/Unknown","T1","Positive/elevated",0.3698,0.6302,"HIGH"
15,"2","Other/Unknown","T1","Positive/elevated",0.3698,0.6302,"HIGH"
16,"2","Other/Unknown","T1","Positive/elevated",0.3698,0.6302,"HIGH"
17,"2","Other/Unknown","T1","Positive/elevated",0.3698,0.6302,"HIGH"
18,"2","Other/Unknown","T1","Positive/elevated",0.3698,0.6302,"HIGH"
19,"2","Other/Unknown","T1","Positive/elevated",0.3698,0.6302,"HIGH"
20,"2","Other/Unknown","T1","Positive/elevated",0.3698,0.6302,"HIGH"
21,"2","Other/Unknown","T1","Positive/elevated",0.3738,0.6262,"HIGH"
22,"2","Other/Unknown","T1","Positive/elevated",0.3748,0.6252,"HIGH"
23,"2","Other/Unknown","T1","Positive/elevated",0.3767,0.6233,"HIGH"
24,"2","Other/Unknown","T1","Positive/elevated",0.3735,0.6265,"HIGH"
25,"2","Other/Unknown","T1","Positive/elevated",0.3628,0.6372,"HIGH"
26,"2","Other/Unknown","T1","Positive/elevated",0.3508,0.6492,"HIGH"
27,"2","Other/Unknown","T1","Positive/elevated",0.3461,0.6539,"HIGH"
28,"2","Other/Unknown","T1","Positive/elevated",0.3431,0.6569,"HIGH"
29,"2","Other/Unknown","T1","Positive/elevated",0.3392,0.6608,"HIGH"
30,"2","Other/Unknown","T1","Positive/elevated",0.3197,0.6803,"HIGH"
31,"2","Other/Unknown","T1","Positive/elevated",0.3191,0.6809,"HIGH"
32,"2","Other/Unknown","T1","Positive/elevated",0.3153,0.6847,"HIGH"
33,"2","Other/Unknown","T1","Positive/elevated",0.3187,0.6813,"HIGH"
34,"2","Other/Unknown","T1","Positive/elevated",0.3206,0.6794,"HIGH"
35,"2","Other/Unknown","T1","Positive/elevated",0.3185,0.6815,"HIGH"
36,"2","Other/Unknown","T1","Positive/elevated",0.318,0.682,"HIGH"
37,"2","Other/Unknown","T1","Positive/elevated",0.3487,0.6513,"HIGH"
38,"2","Other/Unknown","T1","Positive/elevated",0.381,0.619,"HIGH"
39,"2","Other/Unknown","T1","Positive/elevated",0.4091,0.5909,"HIGH"
40,"2","Other/Unknown","T1","Positive/elevated",0.4467,0.5533,"HIGH"
41,"2","Other/Unknown","T1","Positive/elevated",0.4769,0.5231,"HIGH"
42,"2","Other/Unknown","T1","Positive/elevated",0.5117,0.4883,"LOW"
43,"2","Other/Unknown","T1","Positive/elevated",0.5569,0.4431,"LOW"
44,"2","Other/Unknown","T1","Positive/elevated",0.6009,0.3991,"LOW"
45,"2","Other/Unknown","T1","Positive/elevated",0.5947,0.4053,"LOW"
46,"2","Other/Unknown","T1","Positive/elevated",0.6034,0.3966,"LOW"
47,"2","Other/Unknown","T1","Positive/elevated",0.5355,0.4645,"LOW"
48,"2","Other/Unknown","T1","Positive/elevated",0.4772,0.5228,"HIGH"
49,"2","Other/Unknown","T1","Positive/elevated",0.5013,0.4987,"LOW"
50,"2","Other/Unknown","T1","Positive/elevated",0.5204,0.4796,"LOW"
51,"2","Other/Unknown","T1","Positive/elevated",0.6002,0.3998,"LOW"
52,"2","Other/Unknown","T1","Positive/elevated",0.5687,0.4313,"LOW"
53,"2","Other/Unknown","T1","Positive/elevated",0.5367,0.4633,"LOW"
54,"2","Other/Unknown","T1","Positive/elevated",0.5021,0.4979,"LOW"
55,"2","Other/Unknown","T1","Positive/elevated",0.4424,0.5576,"HIGH"
56,"2","Other/Unknown","T1","Positive/elevated",0.3842,0.6158,"HIGH"
57,"2","Other/Unknown","T1","Positive/elevated",0.3936,0.6064,"HIGH"
58,"2","Other/Unknown","T1","Positive/elevated",0.4192,0.5808,"HIGH"
59,"2","Other/Unknown","T1","Positive/elevated",0.425,0.575,"HIGH"
60,"2","Other/Unknown","T1","Positive/elevated",0.4271,0.5729,"HIGH"
61,"2","Other/Unknown","T1","Positive/elevated",0.4441,0.5559,"HIGH"
62,"2","Other/Unknown","T1","Positive/elevated",0.4618,0.5382,"HIGH"
63,"2","Other/Unknown","T1","Positive/elevated",0.4547,0.5453,"HIGH"
64,"2","Other/Unknown","T1","Positive/elevated",0.4585,0.5415,"HIGH"
65,"2","Other/Unknown","T1","Positive/elevated",0.4314,0.5686,"HIGH"
66,"2","Other/Unknown","T1","Positive/elevated",0.4368,0.5632,"HIGH"
67,"2","Other/Unknown","T1","Positive/elevated",0.4132,0.5868,"HIGH"
68,"2","Other/Unknown","T1","Positive/elevated",0.471,0.529,"HIGH"
69,"2","Other/Unknown","T1","Positive/elevated",0.5274,0.4726,"LOW"
70,"2","Other/Unknown","T1","Positive/elevated",0.555,0.445,"LOW"
71,"2","Other/Unknown","T1","Positive/elevated",0.5611,0.4389,"LOW"
72,"2","Other/Unknown","T1","Positive/elevated",0.457,0.543,"HIGH"
73,"2","Other/Unknown","T1","Positive/elevated",0.4506,0.5494,"HIGH"
74,"2","Other/Unknown","T1","Positive/elevated",0.4385,0.5615,"HIGH"
75,"2","Other/Unknown","T1","Positive/elevated",0.4707,0.5293,"HIGH"
76,"2","Other/Unknown","T1","Positive/elevated",0.5003,0.4997,"LOW"
77,"2","Other/Unknown","T1","Positive/elevated",0.5307,0.4693,"LOW"
78,"2","Other/Unknown","T1","Positive/elevated",0.5462,0.4538,"LOW"
79,"2","Other/Unknown","T1","Positive/elevated",0.442,0.558,"HIGH"
80,"2","Other/Unknown","T1","Positive/elevated",0.458,0.542,"HIGH"
81,"2","Other/Unknown","T1","Positive/elevated",0.5297,0.4703,"LOW"
82,"2","Other/Unknown","T1","Positive/elevated",0.6379,0.3621,"LOW"
83,"2","Other/Unknown","T1","Positive/elevated",0.679,0.321,"LOW"
84,"2","Other/Unknown","T1","Positive/elevated",0.6733,0.3267,"LOW"
85,"2","Other/Unknown","T1","Positive/elevated",0.7276,0.2724,"LOW"
86,"2","Other/Unknown","T1","Positive/elevated",0.718,0.282,"LOW"
87,"2","Other/Unknown","T1","Positive/elevated",0.7204,0.2796,"LOW"
88,"2","Other/Unknown","T1","Positive/elevated",0.7077,0.2923,"LOW"
89,"2","Other/Unknown","T1","Positive/elevated",0.7369,0.2631,"LOW"
90,"2","Other/Unknown","T1","Positive/elevated",0.7521,0.2479,"LOW"
91,"2","Other/Unknown","T1","Positive/elevated",0.7521,0.2479,"LOW"
92,"2","Other/Unknown","T1","Positive/elevated",0.7521,0.2479,"LOW"
93,"2","Other/Unknown","T1","Positive/elevated",0.7521,0.2479,"LOW"
94,"2","Other/Unknown","T1","Positive/elevated",0.7521,0.2479,"LOW"
95,"2","Other/Unknown","T1","Positive/elevated",0.7521,0.2479,"LOW"
96,"2","Other/Unknown","T1","Positive/elevated",0.7521,0.2479,"LOW"
97,"2","Other/Unknown","T1","Positive/elevated",0.7521,0.2479,"LOW"
98,"2","Other/Unknown","T1","Positive/elevated",0.7521,0.2479,"LOW"
99,"2","Other/Unknown","T1","Positive/elevated",0.7521,0.2479,"LOW"
0,"1","N0","T2","Positive/elevated",0.5216,0.4784,"LOW"
1,"1","N0","T2","Positive/elevated",0.5216,0.4784,"LOW"
2,"1","N0","T2","Positive/elevated",0.5216,0.4784,"LOW"
3,"1","N0","T2","Positive/elevated",0.5216,0.4784,"LOW"
4,"1","N0","T2","Positive/elevated",0.5216,0.4784,"LOW"
5,"1","N0","T2","Positive/elevated",0.5216,0.4784,"LOW"
6,"1","N0","T2","Positive/elevated",0.5216,0.4784,"LOW"
7,"1","N0","T2","Positive/elevated",0.5216,0.4784,"LOW"
8,"1","N0","T2","Positive/elevated",0.5216,0.4784,"LOW"
9,"1","N0","T2","Positive/elevated",0.5216,0.4784,"LOW"
10,"1","N0","T2","Positive/elevated",0.5216,0.4784,"LOW"
11,"1","N0","T2","Positive/elevated",0.5216,0.4784,"LOW"
12,"1","N0","T2","Positive/elevated",0.5216,0.4784,"LOW"
13,"1","N0","T2","Positive/elevated",0.5216,0.4784,"LOW"
14,"1","N0","T2","Positive/elevated",0.5216,0.4784,"LOW"
15,"1","N0","T2","Positive/elevated",0.5216,0.4784,"LOW"
16,"1","N0","T2","Positive/elevated",0.5216,0.4784,"LOW"
17,"1","N0","T2","Positive/elevated",0.5196,0.4804,"LOW"
18,"1","N0","T2","Positive/elevated",0.5196,0.4804,"LOW"
19,"1","N0","T2","Positive/elevated",0.5196,0.4804,"LOW"
20,"1","N0","T2","Positive/elevated",0.5196,0.4804,"LOW"
21,"1","N0","T2","Positive/elevated",0.5196,0.4804,"LOW"
22,"1","N0","T2","Positive/elevated",0.5196,0.4804,"LOW"
23,"1","N0","T2","Positive/elevated",0.5217,0.4783,"LOW"
24,"1","N0","T2","Positive/elevated",0.5452,0.4548,"LOW"
25,"1","N0","T2","Positive/elevated",0.5548,0.4452,"LOW"
26,"1","N0","T2","Positive/elevated",0.5854,0.4146,"LOW"
27,"1","N0","T2","Positive/elevated",0.5775,0.4225,"LOW"
28,"1","N0","T2","Positive/elevated",0.6511,0.3489,"LOW"
29,"1","N0","T2","Positive/elevated",0.6878,0.3122,"LOW"
30,"1","N0","T2","Positive/elevated",0.7171,0.2829,"LOW"
31,"1","N0","T2","Positive/elevated",0.7442,0.2558,"LOW"
32,"1","N0","T2","Positive/elevated",0.7638,0.2362,"LOW"
33,"1","N0","T2","Positive/elevated",0.788,0.212,"LOW"
34,"1","N0","T2","Positive/elevated",0.7771,0.2229,"LOW"
35,"1","N0","T2","Positive/elevated",0.7161,0.2839,"LOW"
36,"1","N0","T2","Positive/elevated",0.7411,0.2589,"LOW"
37,"1","N0","T2","Positive/elevated",0.7803,0.2197,"LOW"
38,"1","N0","T2","Positive/elevated",0.8132,0.1868,"LOW"
39,"1","N0","T2","Positive/elevated",0.8484,0.1516,"LOW"
40,"1","N0","T2","Positive/elevated",0.8335,0.1665,"LOW"
41,"1","N0","T2","Positive/elevated",0.8457,0.1543,"LOW"
42,"1","N0","T2","Positive/elevated",0.8233,0.1767,"LOW"
43,"1","N0","T2","Positive/elevated",0.7804,0.2196,"LOW"
44,"1","N0","T2","Positive/elevated",0.8374,0.1626,"LOW"
45,"1","N0","T2","Positive/elevated",0.8473,0.1527,"LOW"
46,"1","N0","T2","Positive/elevated",0.8153,0.1847,"LOW"
47,"1","N0","T2","Positive/elevated",0.8173,0.1827,"LOW"
48,"1","N0","T2","Positive/elevated",0.8311,0.1689,"LOW"
49,"1","N0","T2","Positive/elevated",0.8558,0.1442,"LOW"
50,"1","N0","T2","Positive/elevated",0.8535,0.1465,"LOW"
51,"1","N0","T2","Positive/elevated",0.8541,0.1459,"LOW"
52,"1","N0","T2","Positive/elevated",0.8596,0.1404,"LOW"
53,"1","N0","T2","Positive/elevated",0.8606,0.1394,"LOW"
54,"1","N0","T2","Positive/elevated",0.8712,0.1288,"LOW"
55,"1","N0","T2","Positive/elevated",0.8664,0.1336,"LOW"
56,"1","N0","T2","Positive/elevated",0.8651,0.1349,"LOW"
57,"1","N0","T2","Positive/elevated",0.8561,0.1439,"LOW"
58,"1","N0","T2","Positive/elevated",0.8609,0.1391,"LOW"
59,"1","N0","T2","Positive/elevated",0.862,0.138,"LOW"
60,"1","N0","T2","Positive/elevated",0.8627,0.1373,"LOW"
61,"1","N0","T2","Positive/elevated",0.8716,0.1284,"LOW"
62,"1","N0","T2","Positive/elevated",0.8717,0.1283,"LOW"
63,"1","N0","T2","Positive/elevated",0.8671,0.1329,"LOW"
64,"1","N0","T2","Positive/elevated",0.8717,0.1283,"LOW"
65,"1","N0","T2","Positive/elevated",0.8634,0.1366,"LOW"
66,"1","N0","T2","Positive/elevated",0.8741,0.1259,"LOW"
67,"1","N0","T2","Positive/elevated",0.8724,0.1276,"LOW"
68,"1","N0","T2","Positive/elevated",0.8742,0.1258,"LOW"
69,"1","N0","T2","Positive/elevated",0.88,0.12,"LOW"
70,"1","N0","T2","Positive/elevated",0.8874,0.1126,"LOW"
71,"1","N0","T2","Positive/elevated",0.8805,0.1195,"LOW"
72,"1","N0","T2","Positive/elevated",0.876,0.124,"LOW"
73,"1","N0","T2","Positive/elevated",0.8945,0.1055,"LOW"
74,"1","N0","T2","Positive/elevated",0.909,0.091,"LOW"
75,"1","N0","T2","Positive/elevated",0.9094,0.0906,"LOW"
76,"1","N0","T2","Positive/elevated",0.9095,0.0905,"LOW"
77,"1","N0","T2","Positive/elevated",0.9044,0.0956,"LOW"
78,"1","N0","T2","Positive/elevated",0.9161,0.0839,"LOW"
79,"1","N0","T2","Positive/elevated",0.8989,0.1011,"LOW"
80,"1","N0","T2","Positive/elevated",0.9174,0.0826,"LOW"
81,"1","N0","T2","Positive/elevated",0.9169,0.0831,"LOW"
82,"1","N0","T2","Positive/elevated",0.8912,0.1088,"LOW"
83,"1","N0","T2","Positive/elevated",0.9207,0.0793,"LOW"
84,"1","N0","T2","Positive/elevated",0.9264,0.0736,"LOW"
85,"1","N0","T2","Positive/elevated",0.9296,0.0704,"LOW"
86,"1","N0","T2","Positive/elevated",0.932,0.068,"LOW"
87,"1","N0","T2","Positive/elevated",0.9294,0.0706,"LOW"
88,"1","N0","T2","Positive/elevated",0.9168,0.0832,"LOW"
89,"1","N0","T2","Positive/elevated",0.9364,0.0636,"LOW"
90,"1","N0","T2","Positive/elevated",0.9417,0.0583,"LOW"
91,"1","N0","T2","Positive/elevated",0.9417,0.0583,"LOW"
92,"1","N0","T2","Positive/elevated",0.9417,0.0583,"LOW"
93,"1","N0","T2","Positive/elevated",0.9417,0.0583,"LOW"
94,"1","N0","T2","Positive/elevated",0.9417,0.0583,"LOW"
95,"1","N0","T2","Positive/elevated",0.9417,0.0583,"LOW"
96,"1","N0","T2","Positive/elevated",0.9417,0.0583,"LOW"
97,"1","N0","T2","Positive/elevated",0.9417,0.0583,"LOW"
98,"1","N0","T2","Positive/elevated",0.9417,0.0583,"LOW"
99,"1","N0","T2","Positive/elevated",0.9417,0.0583,"LOW"
0,"2","N0","T2","Positive/elevated",0.7878,0.2122,"LOW"
1,"2","N0","T2","Positive/elevated",0.7878,0.2122,"LOW"
2,"2","N0","T2","Positive/elevated",0.7878,0.2122,"LOW"
3,"2","N0","T2","Positive/elevated",0.7878,0.2122,"LOW"
4,"2","N0","T2","Positive/elevated",0.7878,0.2122,"LOW"
5,"2","N0","T2","Positive/elevated",0.7878,0.2122,"LOW"
6,"2","N0","T2","Positive/elevated",0.7878,0.2122,"LOW"
7,"2","N0","T2","Positive/elevated",0.7878,0.2122,"LOW"
8,"2","N0","T2","Positive/elevated",0.7878,0.2122,"LOW"
9,"2","N0","T2","Positive/elevated",0.7878,0.2122,"LOW"
10,"2","N0","T2","Positive/elevated",0.7878,0.2122,"LOW"
11,"2","N0","T2","Positive/elevated",0.7878,0.2122,"LOW"
12,"2","N0","T2","Positive/elevated",0.7878,0.2122,"LOW"
13,"2","N0","T2","Positive/elevated",0.7878,0.2122,"LOW"
14,"2","N0","T2","Positive/elevated",0.7878,0.2122,"LOW"
15,"2","N0","T2","Positive/elevated",0.7878,0.2122,"LOW"
16,"2","N0","T2","Positive/elevated",0.7878,0.2122,"LOW"
17,"2","N0","T2","Positive/elevated",0.7858,0.2142,"LOW"
18,"2","N0","T2","Positive/elevated",0.7858,0.2142,"LOW"
19,"2","N0","T2","Positive/elevated",0.7858,0.2142,"LOW"
20,"2","N0","T2","Positive/elevated",0.7865,0.2135,"LOW"
21,"2","N0","T2","Positive/elevated",0.7865,0.2135,"LOW"
22,"2","N0","T2","Positive/elevated",0.7889,0.2111,"LOW"
23,"2","N0","T2","Positive/elevated",0.7942,0.2058,"LOW"
24,"2","N0","T2","Positive/elevated",0.8169,0.1831,"LOW"
25,"2","N0","T2","Positive/elevated",0.8301,0.1699,"LOW"
26,"2","N0","T2","Positive/elevated",0.8534,0.1466,"LOW"
27,"2","N0","T2","Positive/elevated",0.8453,0.1547,"LOW"
28,"2","N0","T2","Positive/elevated",0.8597,0.1403,"LOW"
29,"2","N0","T2","Positive/elevated",0.8769,0.1231,"LOW"
30,"2","N0","T2","Positive/elevated",0.8675,0.1325,"LOW"
31,"2","N0","T2","Positive/elevated",0.868,0.132,"LOW"
32,"2","N0","T2","Positive/elevated",0.8599,0.1401,"LOW"
33,"2","N0","T2","Positive/elevated",0.8578,0.1422,"LOW"
34,"2","N0","T2","Positive/elevated",0.826,0.174,"LOW"
35,"2","N0","T2","Positive/elevated",0.8268,0.1732,"LOW"
36,"2","N0","T2","Positive/elevated",0.8352,0.1648,"LOW"
37,"2","N0","T2","Positive/elevated",0.848,0.152,"LOW"
38,"2","N0","T2","Positive/elevated",0.8648,0.1352,"LOW"
39,"2","N0","T2","Positive/elevated",0.8883,0.1117,"LOW"
40,"2","N0","T2","Positive/elevated",0.8894,0.1106,"LOW"
41,"2","N0","T2","Positive/elevated",0.8903,0.1097,"LOW"
42,"2","N0","T2","Positive/elevated",0.8859,0.1141,"LOW"
43,"2","N0","T2","Positive/elevated",0.8681,0.1319,"LOW"
44,"2","N0","T2","Positive/elevated",0.8859,0.1141,"LOW"
45,"2","N0","T2","Positive/elevated",0.8855,0.1145,"LOW"
46,"2","N0","T2","Positive/elevated",0.8709,0.1291,"LOW"
47,"2","N0","T2","Positive/elevated",0.8744,0.1256,"LOW"
48,"2","N0","T2","Positive/elevated",0.8601,0.1399,"LOW"
49,"2","N0","T2","Positive/elevated",0.8808,0.1192,"LOW"
50,"2","N0","T2","Positive/elevated",0.8901,0.1099,"LOW"
51,"2","N0","T2","Positive/elevated",0.8841,0.1159,"LOW"
52,"2","N0","T2","Positive/elevated",0.8966,0.1034,"LOW"
53,"2","N0","T2","Positive/elevated",0.8981,0.1019,"LOW"
54,"2","N0","T2","Positive/elevated",0.8981,0.1019,"LOW"
55,"2","N0","T2","Positive/elevated",0.8823,0.1177,"LOW"
56,"2","N0","T2","Positive/elevated",0.8736,0.1264,"LOW"
57,"2","N0","T2","Positive/elevated",0.8827,0.1173,"LOW"
58,"2","N0","T2","Positive/elevated",0.8796,0.1204,"LOW"
59,"2","N0","T2","Positive/elevated",0.8863,0.1137,"LOW"
60,"2","N0","T2","Positive/elevated",0.8924,0.1076,"LOW"
61,"2","N0","T2","Positive/elevated",0.9013,0.0987,"LOW"
62,"2","N0","T2","Positive/elevated",0.8998,0.1002,"LOW"
63,"2","N0","T2","Positive/elevated",0.9021,0.0979,"LOW"
64,"2","N0","T2","Positive/elevated",0.902,0.098,"LOW"
65,"2","N0","T2","Positive/elevated",0.8943,0.1057,"LOW"
66,"2","N0","T2","Positive/elevated",0.903,0.097,"LOW"
67,"2","N0","T2","Positive/elevated",0.8942,0.1058,"LOW"
68,"2","N0","T2","Positive/elevated",0.9077,0.0923,"LOW"
69,"2","N0","T2","Positive/elevated",0.9031,0.0969,"LOW"
70,"2","N0","T2","Positive/elevated",0.9023,0.0977,"LOW"
71,"2","N0","T2","Positive/elevated",0.897,0.103,"LOW"
72,"2","N0","T2","Positive/elevated",0.89,0.11,"LOW"
73,"2","N0","T2","Positive/elevated",0.9067,0.0933,"LOW"
74,"2","N0","T2","Positive/elevated",0.9117,0.0883,"LOW"
75,"2","N0","T2","Positive/elevated",0.9166,0.0834,"LOW"
76,"2","N0","T2","Positive/elevated",0.8875,0.1125,"LOW"
77,"2","N0","T2","Positive/elevated",0.9198,0.0802,"LOW"
78,"2","N0","T2","Positive/elevated",0.9168,0.0832,"LOW"
79,"2","N0","T2","Positive/elevated",0.9212,0.0788,"LOW"
80,"2","N0","T2","Positive/elevated",0.9288,0.0712,"LOW"
81,"2","N0","T2","Positive/elevated",0.9319,0.0681,"LOW"
82,"2","N0","T2","Positive/elevated",0.9318,0.0682,"LOW"
83,"2","N0","T2","Positive/elevated",0.9331,0.0669,"LOW"
84,"2","N0","T2","Positive/elevated",0.9221,0.0779,"LOW"
85,"2","N0","T2","Positive/elevated",0.933,0.067,"LOW"
86,"2","N0","T2","Positive/elevated",0.9342,0.0658,"LOW"
87,"2","N0","T2","Positive/elevated",0.9136,0.0864,"LOW"
88,"2","N0","T2","Positive/elevated",0.9087,0.0913,"LOW"
89,"2","N0","T2","Positive/elevated",0.9224,0.0776,"LOW"
90,"2","N0","T2","Positive/elevated",0.9389,0.0611,"LOW"
91,"2","N0","T2","Positive/elevated",0.9389,0.0611,"LOW"
92,"2","N0","T2","Positive/elevated",0.9389,0.0611,"LOW"
93,"2","N0","T2","Positive/elevated",0.9389,0.0611,"LOW"
94,"2","N0","T2","Positive/elevated",0.9389,0.0611,"LOW"
95,"2","N0","T2","Positive/elevated",0.9389,0.0611,"LOW"
96,"2","N0","T2","Positive/elevated",0.9389,0.0611,"LOW"
97,"2","N0","T2","Positive/elevated",0.9389,0.0611,"LOW"
98,"2","N0","T2","Positive/elevated",0.9389,0.0611,"LOW"
99,"2","N0","T2","Positive/elevated",0.9389,0.0611,"LOW"
0,"1","N1","T2","Positive/elevated",0.7695,0.2305,"LOW"
1,"1","N1","T2","Positive/elevated",0.7695,0.2305,"LOW"
2,"1","N1","T2","Positive/elevated",0.7695,0.2305,"LOW"
3,"1","N1","T2","Positive/elevated",0.7695,0.2305,"LOW"
4,"1","N1","T2","Positive/elevated",0.7695,0.2305,"LOW"
5,"1","N1","T2","Positive/elevated",0.7695,0.2305,"LOW"
6,"1","N1","T2","Positive/elevated",0.7695,0.2305,"LOW"
7,"1","N1","T2","Positive/elevated",0.7695,0.2305,"LOW"
8,"1","N1","T2","Positive/elevated",0.7695,0.2305,"LOW"
9,"1","N1","T2","Positive/elevated",0.7695,0.2305,"LOW"
10,"1","N1","T2","Positive/elevated",0.7695,0.2305,"LOW"
11,"1","N1","T2","Positive/elevated",0.7695,0.2305,"LOW"
12,"1","N1","T2","Positive/elevated",0.7695,0.2305,"LOW"
13,"1","N1","T2","Positive/elevated",0.7695,0.2305,"LOW"
14,"1","N1","T2","Positive/elevated",0.7695,0.2305,"LOW"
15,"1","N1","T2","Positive/elevated",0.7695,0.2305,"LOW"
16,"1","N1","T2","Positive/elevated",0.7695,0.2305,"LOW"
17,"1","N1","T2","Positive/elevated",0.7672,0.2328,"LOW"
18,"1","N1","T2","Positive/elevated",0.7661,0.2339,"LOW"
19,"1","N1","T2","Positive/elevated",0.7665,0.2335,"LOW"
20,"1","N1","T2","Positive/elevated",0.7677,0.2323,"LOW"
21,"1","N1","T2","Positive/elevated",0.7697,0.2303,"LOW"
22,"1","N1","T2","Positive/elevated",0.7677,0.2323,"LOW"
23,"1","N1","T2","Positive/elevated",0.7663,0.2337,"LOW"
24,"1","N1","T2","Positive/elevated",0.7802,0.2198,"LOW"
25,"1","N1","T2","Positive/elevated",0.7694,0.2306,"LOW"
26,"1","N1","T2","Positive/elevated",0.7533,0.2467,"LOW"
27,"1","N1","T2","Positive/elevated",0.6977,0.3023,"LOW"
28,"1","N1","T2","Positive/elevated",0.7186,0.2814,"LOW"
29,"1","N1","T2","Positive/elevated",0.7644,0.2356,"LOW"
30,"1","N1","T2","Positive/elevated",0.7383,0.2617,"LOW"
31,"1","N1","T2","Positive/elevated",0.7357,0.2643,"LOW"
32,"1","N1","T2","Positive/elevated",0.6961,0.3039,"LOW"
33,"1","N1","T2","Positive/elevated",0.6721,0.3279,"LOW"
34,"1","N1","T2","Positive/elevated",0.5781,0.4219,"LOW"
35,"1","N1","T2","Positive/elevated",0.565,0.435,"LOW"
36,"1","N1","T2","Positive/elevated",0.5674,0.4326,"LOW"
37,"1","N1","T2","Positive/elevated",0.5927,0.4073,"LOW"
38,"1","N1","T2","Positive/elevated",0.6605,0.3395,"LOW"
39,"1","N1","T2","Positive/elevated",0.7009,0.2991,"LOW"
40,"1","N1","T2","Positive/elevated",0.7406,0.2594,"LOW"
41,"1","N1","T2","Positive/elevated",0.7221,0.2779,"LOW"
42,"1","N1","T2","Positive/elevated",0.696,0.304,"LOW"
43,"1","N1","T2","Positive/elevated",0.7455,0.2545,"LOW"
44,"1","N1","T2","Positive/elevated",0.7306,0.2694,"LOW"
45,"1","N1","T2","Positive/elevated",0.7253,0.2747,"LOW"
46,"1","N1","T2","Positive/elevated",0.7774,0.2226,"LOW"
47,"1","N1","T2","Positive/elevated",0.7879,0.2121,"LOW"
48,"1","N1","T2","Positive/elevated",0.8012,0.1988,"LOW"
49,"1","N1","T2","Positive/elevated",0.7999,0.2001,"LOW"
50,"1","N1","T2","Positive/elevated",0.824,0.176,"LOW"
51,"1","N1","T2","Positive/elevated",0.8056,0.1944,"LOW"
52,"1","N1","T2","Positive/elevated",0.8107,0.1893,"LOW"
53,"1","N1","T2","Positive/elevated",0.8078,0.1922,"LOW"
54,"1","N1","T2","Positive/elevated",0.8052,0.1948,"LOW"
55,"1","N1","T2","Positive/elevated",0.8113,0.1887,"LOW"
56,"1","N1","T2","Positive/elevated",0.8237,0.1763,"LOW"
57,"1","N1","T2","Positive/elevated",0.8283,0.1717,"LOW"
58,"1","N1","T2","Positive/elevated",0.8195,0.1805,"LOW"
59,"1","N1","T2","Positive/elevated",0.8014,0.1986,"LOW"
60,"1","N1","T2","Positive/elevated",0.8006,0.1994,"LOW"
61,"1","N1","T2","Positive/elevated",0.8034,0.1966,"LOW"
62,"1","N1","T2","Positive/elevated",0.7953,0.2047,"LOW"
63,"1","N1","T2","Positive/elevated",0.8197,0.1803,"LOW"
64,"1","N1","T2","Positive/elevated",0.8126,0.1874,"LOW"
65,"1","N1","T2","Positive/elevated",0.7986,0.2014,"LOW"
66,"1","N1","T2","Positive/elevated",0.7689,0.2311,"LOW"
67,"1","N1","T2","Positive/elevated",0.7741,0.2259,"LOW"
68,"1","N1","T2","Positive/elevated",0.8034,0.1966,"LOW"
69,"1","N1","T2","Positive/elevated",0.7887,0.2113,"LOW"
70,"1","N1","T2","Positive/elevated",0.7855,0.2145,"LOW"
71,"1","N1","T2","Positive/elevated",0.7607,0.2393,"LOW"
72,"1","N1","T2","Positive/elevated",0.7937,0.2063,"LOW"
73,"1","N1","T2","Positive/elevated",0.8129,0.1871,"LOW"
74,"1","N1","T2","Positive/elevated",0.8451,0.1549,"LOW"
75,"1","N1","T2","Positive/elevated",0.8478,0.1522,"LOW"
76,"1","N1","T2","Positive/elevated",0.8431,0.1569,"LOW"
77,"1","N1","T2","Positive/elevated",0.8093,0.1907,"LOW"
78,"1","N1","T2","Positive/elevated",0.8403,0.1597,"LOW"
79,"1","N1","T2","Positive/elevated",0.8018,0.1982,"LOW"
80,"1","N1","T2","Positive/elevated",0.7902,0.2098,"LOW"
81,"1","N1","T2","Positive/elevated",0.852,0.148,"LOW"
82,"1","N1","T2","Positive/elevated",0.8573,0.1427,"LOW"
83,"1","N1","T2","Positive/elevated",0.8704,0.1296,"LOW"
84,"1","N1","T2","Positive/elevated",0.8681,0.1319,"LOW"
85,"1","N1","T2","Positive/elevated",0.8735,0.1265,"LOW"
86,"1","N1","T2","Positive/elevated",0.8613,0.1387,"LOW"
87,"1","N1","T2","Positive/elevated",0.8694,0.1306,"LOW"
88,"1","N1","T2","Positive/elevated",0.8835,0.1165,"LOW"
89,"1","N1","T2","Positive/elevated",0.8937,0.1063,"LOW"
90,"1","N1","T2","Positive/elevated",0.8994,0.1006,"LOW"
91,"1","N1","T2","Positive/elevated",0.8994,0.1006,"LOW"
92,"1","N1","T2","Positive/elevated",0.8994,0.1006,"LOW"
93,"1","N1","T2","Positive/elevated",0.8994,0.1006,"LOW"
94,"1","N1","T2","Positive/elevated",0.8994,0.1006,"LOW"
95,"1","N1","T2","Positive/elevated",0.8994,0.1006,"LOW"
96,"1","N1","T2","Positive/elevated",0.8994,0.1006,"LOW"
97,"1","N1","T2","Positive/elevated",0.8994,0.1006,"LOW"
98,"1","N1","T2","Positive/elevated",0.8994,0.1006,"LOW"
99,"1","N1","T2","Positive/elevated",0.8994,0.1006,"LOW"
0,"2","N1","T2","Positive/elevated",0.7586,0.2414,"LOW"
1,"2","N1","T2","Positive/elevated",0.7586,0.2414,"LOW"
2,"2","N1","T2","Positive/elevated",0.7586,0.2414,"LOW"
3,"2","N1","T2","Positive/elevated",0.7586,0.2414,"LOW"
4,"2","N1","T2","Positive/elevated",0.7586,0.2414,"LOW"
5,"2","N1","T2","Positive/elevated",0.7586,0.2414,"LOW"
6,"2","N1","T2","Positive/elevated",0.7586,0.2414,"LOW"
7,"2","N1","T2","Positive/elevated",0.7586,0.2414,"LOW"
8,"2","N1","T2","Positive/elevated",0.7586,0.2414,"LOW"
9,"2","N1","T2","Positive/elevated",0.7586,0.2414,"LOW"
10,"2","N1","T2","Positive/elevated",0.7586,0.2414,"LOW"
11,"2","N1","T2","Positive/elevated",0.7586,0.2414,"LOW"
12,"2","N1","T2","Positive/elevated",0.7586,0.2414,"LOW"
13,"2","N1","T2","Positive/elevated",0.7586,0.2414,"LOW"
14,"2","N1","T2","Positive/elevated",0.7586,0.2414,"LOW"
15,"2","N1","T2","Positive/elevated",0.7586,0.2414,"LOW"
16,"2","N1","T2","Positive/elevated",0.7586,0.2414,"LOW"
17,"2","N1","T2","Positive/elevated",0.7514,0.2486,"LOW"
18,"2","N1","T2","Positive/elevated",0.7454,0.2546,"LOW"
19,"2","N1","T2","Positive/elevated",0.7473,0.2527,"LOW"
20,"2","N1","T2","Positive/elevated",0.7578,0.2422,"LOW"
21,"2","N1","T2","Positive/elevated",0.7668,0.2332,"LOW"
22,"2","N1","T2","Positive/elevated",0.7729,0.2271,"LOW"
23,"2","N1","T2","Positive/elevated",0.7756,0.2244,"LOW"
24,"2","N1","T2","Positive/elevated",0.7809,0.2191,"LOW"
25,"2","N1","T2","Positive/elevated",0.7825,0.2175,"LOW"
26,"2","N1","T2","Positive/elevated",0.7783,0.2217,"LOW"
27,"2","N1","T2","Positive/elevated",0.7683,0.2317,"LOW"
28,"2","N1","T2","Positive/elevated",0.6448,0.3552,"LOW"
29,"2","N1","T2","Positive/elevated",0.6749,0.3251,"LOW"
30,"2","N1","T2","Positive/elevated",0.6865,0.3135,"LOW"
31,"2","N1","T2","Positive/elevated",0.7525,0.2475,"LOW"
32,"2","N1","T2","Positive/elevated",0.7752,0.2248,"LOW"
33,"2","N1","T2","Positive/elevated",0.7804,0.2196,"LOW"
34,"2","N1","T2","Positive/elevated",0.7527,0.2473,"LOW"
35,"2","N1","T2","Positive/elevated",0.7528,0.2472,"LOW"
36,"2","N1","T2","Positive/elevated",0.7638,0.2362,"LOW"
37,"2","N1","T2","Positive/elevated",0.7487,0.2513,"LOW"
38,"2","N1","T2","Positive/elevated",0.7017,0.2983,"LOW"
39,"2","N1","T2","Positive/elevated",0.713,0.287,"LOW"
40,"2","N1","T2","Positive/elevated",0.7295,0.2705,"LOW"
41,"2","N1","T2","Positive/elevated",0.7139,0.2861,"LOW"
42,"2","N1","T2","Positive/elevated",0.7426,0.2574,"LOW"
43,"2","N1","T2","Positive/elevated",0.7237,0.2763,"LOW"
44,"2","N1","T2","Positive/elevated",0.7054,0.2946,"LOW"
45,"2","N1","T2","Positive/elevated",0.7627,0.2373,"LOW"
46,"2","N1","T2","Positive/elevated",0.7708,0.2292,"LOW"
47,"2","N1","T2","Positive/elevated",0.7263,0.2737,"LOW"
48,"2","N1","T2","Positive/elevated",0.7672,0.2328,"LOW"
49,"2","N1","T2","Positive/elevated",0.7589,0.2411,"LOW"
50,"2","N1","T2","Positive/elevated",0.7784,0.2216,"LOW"
51,"2","N1","T2","Positive/elevated",0.7809,0.2191,"LOW"
52,"2","N1","T2","Positive/elevated",0.7876,0.2124,"LOW"
53,"2","N1","T2","Positive/elevated",0.8011,0.1989,"LOW"
54,"2","N1","T2","Positive/elevated",0.8119,0.1881,"LOW"
55,"2","N1","T2","Positive/elevated",0.8036,0.1964,"LOW"
56,"2","N1","T2","Positive/elevated",0.7998,0.2002,"LOW"
57,"2","N1","T2","Positive/elevated",0.7934,0.2066,"LOW"
58,"2","N1","T2","Positive/elevated",0.7876,0.2124,"LOW"
59,"2","N1","T2","Positive/elevated",0.8074,0.1926,"LOW"
60,"2","N1","T2","Positive/elevated",0.8005,0.1995,"LOW"
61,"2","N1","T2","Positive/elevated",0.8188,0.1812,"LOW"
62,"2","N1","T2","Positive/elevated",0.8061,0.1939,"LOW"
63,"2","N1","T2","Positive/elevated",0.8273,0.1727,"LOW"
64,"2","N1","T2","Positive/elevated",0.8173,0.1827,"LOW"
65,"2","N1","T2","Positive/elevated",0.8052,0.1948,"LOW"
66,"2","N1","T2","Positive/elevated",0.7896,0.2104,"LOW"
67,"2","N1","T2","Positive/elevated",0.7987,0.2013,"LOW"
68,"2","N1","T2","Positive/elevated",0.8305,0.1695,"LOW"
69,"2","N1","T2","Positive/elevated",0.8421,0.1579,"LOW"
70,"2","N1","T2","Positive/elevated",0.8417,0.1583,"LOW"
71,"2","N1","T2","Positive/elevated",0.8423,0.1577,"LOW"
72,"2","N1","T2","Positive/elevated",0.8328,0.1672,"LOW"
73,"2","N1","T2","Positive/elevated",0.8287,0.1713,"LOW"
74,"2","N1","T2","Positive/elevated",0.8449,0.1551,"LOW"
75,"2","N1","T2","Positive/elevated",0.8305,0.1695,"LOW"
76,"2","N1","T2","Positive/elevated",0.7892,0.2108,"LOW"
77,"2","N1","T2","Positive/elevated",0.8288,0.1712,"LOW"
78,"2","N1","T2","Positive/elevated",0.8431,0.1569,"LOW"
79,"2","N1","T2","Positive/elevated",0.8272,0.1728,"LOW"
80,"2","N1","T2","Positive/elevated",0.8498,0.1502,"LOW"
81,"2","N1","T2","Positive/elevated",0.8517,0.1483,"LOW"
82,"2","N1","T2","Positive/elevated",0.8394,0.1606,"LOW"
83,"2","N1","T2","Positive/elevated",0.8337,0.1663,"LOW"
84,"2","N1","T2","Positive/elevated",0.7827,0.2173,"LOW"
85,"2","N1","T2","Positive/elevated",0.7981,0.2019,"LOW"
86,"2","N1","T2","Positive/elevated",0.811,0.189,"LOW"
87,"2","N1","T2","Positive/elevated",0.8157,0.1843,"LOW"
88,"2","N1","T2","Positive/elevated",0.8129,0.1871,"LOW"
89,"2","N1","T2","Positive/elevated",0.8401,0.1599,"LOW"
90,"2","N1","T2","Positive/elevated",0.8455,0.1545,"LOW"
91,"2","N1","T2","Positive/elevated",0.8455,0.1545,"LOW"
92,"2","N1","T2","Positive/elevated",0.8455,0.1545,"LOW"
93,"2","N1","T2","Positive/elevated",0.8455,0.1545,"LOW"
94,"2","N1","T2","Positive/elevated",0.8455,0.1545,"LOW"
95,"2","N1","T2","Positive/elevated",0.8455,0.1545,"LOW"
96,"2","N1","T2","Positive/elevated",0.8455,0.1545,"LOW"
97,"2","N1","T2","Positive/elevated",0.8455,0.1545,"LOW"
98,"2","N1","T2","Positive/elevated",0.8455,0.1545,"LOW"
99,"2","N1","T2","Positive/elevated",0.8455,0.1545,"LOW"
0,"1","N2","T2","Positive/elevated",0.7239,0.2761,"LOW"
1,"1","N2","T2","Positive/elevated",0.7239,0.2761,"LOW"
2,"1","N2","T2","Positive/elevated",0.7239,0.2761,"LOW"
3,"1","N2","T2","Positive/elevated",0.7239,0.2761,"LOW"
4,"1","N2","T2","Positive/elevated",0.7239,0.2761,"LOW"
5,"1","N2","T2","Positive/elevated",0.7239,0.2761,"LOW"
6,"1","N2","T2","Positive/elevated",0.7239,0.2761,"LOW"
7,"1","N2","T2","Positive/elevated",0.7239,0.2761,"LOW"
8,"1","N2","T2","Positive/elevated",0.7239,0.2761,"LOW"
9,"1","N2","T2","Positive/elevated",0.7239,0.2761,"LOW"
10,"1","N2","T2","Positive/elevated",0.7239,0.2761,"LOW"
11,"1","N2","T2","Positive/elevated",0.7239,0.2761,"LOW"
12,"1","N2","T2","Positive/elevated",0.7239,0.2761,"LOW"
13,"1","N2","T2","Positive/elevated",0.7239,0.2761,"LOW"
14,"1","N2","T2","Positive/elevated",0.7234,0.2766,"LOW"
15,"1","N2","T2","Positive/elevated",0.7224,0.2776,"LOW"
16,"1","N2","T2","Positive/elevated",0.7224,0.2776,"LOW"
17,"1","N2","T2","Positive/elevated",0.7224,0.2776,"LOW"
18,"1","N2","T2","Positive/elevated",0.7217,0.2783,"LOW"
19,"1","N2","T2","Positive/elevated",0.721,0.279,"LOW"
20,"1","N2","T2","Positive/elevated",0.7207,0.2793,"LOW"
21,"1","N2","T2","Positive/elevated",0.7196,0.2804,"LOW"
22,"1","N2","T2","Positive/elevated",0.7176,0.2824,"LOW"
23,"1","N2","T2","Positive/elevated",0.7333,0.2667,"LOW"
24,"1","N2","T2","Positive/elevated",0.7491,0.2509,"LOW"
25,"1","N2","T2","Positive/elevated",0.7729,0.2271,"LOW"
26,"1","N2","T2","Positive/elevated",0.7707,0.2293,"LOW"
27,"1","N2","T2","Positive/elevated",0.7613,0.2387,"LOW"
28,"1","N2","T2","Positive/elevated",0.7342,0.2658,"LOW"
29,"1","N2","T2","Positive/elevated",0.7172,0.2828,"LOW"
30,"1","N2","T2","Positive/elevated",0.6891,0.3109,"LOW"
31,"1","N2","T2","Positive/elevated",0.6671,0.3329,"LOW"
32,"1","N2","T2","Positive/elevated",0.6408,0.3592,"LOW"
33,"1","N2","T2","Positive/elevated",0.6711,0.3289,"LOW"
34,"1","N2","T2","Positive/elevated",0.704,0.296,"LOW"
35,"1","N2","T2","Positive/elevated",0.728,0.272,"LOW"
36,"1","N2","T2","Positive/elevated",0.7567,0.2433,"LOW"
37,"1","N2","T2","Positive/elevated",0.7474,0.2526,"LOW"
38,"1","N2","T2","Positive/elevated",0.681,0.319,"LOW"
39,"1","N2","T2","Positive/elevated",0.7221,0.2779,"LOW"
40,"1","N2","T2","Positive/elevated",0.7148,0.2852,"LOW"
41,"1","N2","T2","Positive/elevated",0.7034,0.2966,"LOW"
42,"1","N2","T2","Positive/elevated",0.7356,0.2644,"LOW"
43,"1","N2","T2","Positive/elevated",0.7311,0.2689,"LOW"
44,"1","N2","T2","Positive/elevated",0.6968,0.3032,"LOW"
45,"1","N2","T2","Positive/elevated",0.6625,0.3375,"LOW"
46,"1","N2","T2","Positive/elevated",0.6276,0.3724,"LOW"
47,"1","N2","T2","Positive/elevated",0.6819,0.3181,"LOW"
48,"1","N2","T2","Positive/elevated",0.7175,0.2825,"LOW"
49,"1","N2","T2","Positive/elevated",0.7263,0.2737,"LOW"
50,"1","N2","T2","Positive/elevated",0.7126,0.2874,"LOW"
51,"1","N2","T2","Positive/elevated",0.648,0.352,"LOW"
52,"1","N2","T2","Positive/elevated",0.641,0.359,"LOW"
53,"1","N2","T2","Positive/elevated",0.7021,0.2979,"LOW"
54,"1","N2","T2","Positive/elevated",0.7157,0.2843,"LOW"
55,"1","N2","T2","Positive/elevated",0.7085,0.2915,"LOW"
56,"1","N2","T2","Positive/elevated",0.6648,0.3352,"LOW"
57,"1","N2","T2","Positive/elevated",0.7196,0.2804,"LOW"
58,"1","N2","T2","Positive/elevated",0.6733,0.3267,"LOW"
59,"1","N2","T2","Positive/elevated",0.7141,0.2859,"LOW"
60,"1","N2","T2","Positive/elevated",0.6989,0.3011,"LOW"
61,"1","N2","T2","Positive/elevated",0.6724,0.3276,"LOW"
62,"1","N2","T2","Positive/elevated",0.6996,0.3004,"LOW"
63,"1","N2","T2","Positive/elevated",0.6645,0.3355,"LOW"
64,"1","N2","T2","Positive/elevated",0.6926,0.3074,"LOW"
65,"1","N2","T2","Positive/elevated",0.7216,0.2784,"LOW"
66,"1","N2","T2","Positive/elevated",0.7221,0.2779,"LOW"
67,"1","N2","T2","Positive/elevated",0.701,0.299,"LOW"
68,"1","N2","T2","Positive/elevated",0.7071,0.2929,"LOW"
69,"1","N2","T2","Positive/elevated",0.725,0.275,"LOW"
70,"1","N2","T2","Positive/elevated",0.6919,0.3081,"LOW"
71,"1","N2","T2","Positive/elevated",0.7256,0.2744,"LOW"
72,"1","N2","T2","Positive/elevated",0.7666,0.2334,"LOW"
73,"1","N2","T2","Positive/elevated",0.7709,0.2291,"LOW"
74,"1","N2","T2","Positive/elevated",0.7682,0.2318,"LOW"
75,"1","N2","T2","Positive/elevated",0.7143,0.2857,"LOW"
76,"1","N2","T2","Positive/elevated",0.737,0.263,"LOW"
77,"1","N2","T2","Positive/elevated",0.7862,0.2138,"LOW"
78,"1","N2","T2","Positive/elevated",0.8072,0.1928,"LOW"
79,"1","N2","T2","Positive/elevated",0.8109,0.1891,"LOW"
80,"1","N2","T2","Positive/elevated",0.8259,0.1741,"LOW"
81,"1","N2","T2","Positive/elevated",0.8293,0.1707,"LOW"
82,"1","N2","T2","Positive/elevated",0.8335,0.1665,"LOW"
83,"1","N2","T2","Positive/elevated",0.8404,0.1596,"LOW"
84,"1","N2","T2","Positive/elevated",0.8469,0.1531,"LOW"
85,"1","N2","T2","Positive/elevated",0.8499,0.1501,"LOW"
86,"1","N2","T2","Positive/elevated",0.8527,0.1473,"LOW"
87,"1","N2","T2","Positive/elevated",0.8563,0.1437,"LOW"
88,"1","N2","T2","Positive/elevated",0.856,0.144,"LOW"
89,"1","N2","T2","Positive/elevated",0.8619,0.1381,"LOW"
90,"1","N2","T2","Positive/elevated",0.863,0.137,"LOW"
91,"1","N2","T2","Positive/elevated",0.863,0.137,"LOW"
92,"1","N2","T2","Positive/elevated",0.863,0.137,"LOW"
93,"1","N2","T2","Positive/elevated",0.863,0.137,"LOW"
94,"1","N2","T2","Positive/elevated",0.863,0.137,"LOW"
95,"1","N2","T2","Positive/elevated",0.863,0.137,"LOW"
96,"1","N2","T2","Positive/elevated",0.863,0.137,"LOW"
97,"1","N2","T2","Positive/elevated",0.863,0.137,"LOW"
98,"1","N2","T2","Positive/elevated",0.863,0.137,"LOW"
99,"1","N2","T2","Positive/elevated",0.863,0.137,"LOW"
0,"2","N2","T2","Positive/elevated",0.534,0.466,"LOW"
1,"2","N2","T2","Positive/elevated",0.534,0.466,"LOW"
2,"2","N2","T2","Positive/elevated",0.534,0.466,"LOW"
3,"2","N2","T2","Positive/elevated",0.534,0.466,"LOW"
4,"2","N2","T2","Positive/elevated",0.534,0.466,"LOW"
5,"2","N2","T2","Positive/elevated",0.534,0.466,"LOW"
6,"2","N2","T2","Positive/elevated",0.534,0.466,"LOW"
7,"2","N2","T2","Positive/elevated",0.534,0.466,"LOW"
8,"2","N2","T2","Positive/elevated",0.534,0.466,"LOW"
9,"2","N2","T2","Positive/elevated",0.534,0.466,"LOW"
10,"2","N2","T2","Positive/elevated",0.534,0.466,"LOW"
11,"2","N2","T2","Positive/elevated",0.534,0.466,"LOW"
12,"2","N2","T2","Positive/elevated",0.534,0.466,"LOW"
13,"2","N2","T2","Positive/elevated",0.534,0.466,"LOW"
14,"2","N2","T2","Positive/elevated",0.5324,0.4676,"LOW"
15,"2","N2","T2","Positive/elevated",0.5324,0.4676,"LOW"
16,"2","N2","T2","Positive/elevated",0.5319,0.4681,"LOW"
17,"2","N2","T2","Positive/elevated",0.5319,0.4681,"LOW"
18,"2","N2","T2","Positive/elevated",0.5312,0.4688,"LOW"
19,"2","N2","T2","Positive/elevated",0.5305,0.4695,"LOW"
20,"2","N2","T2","Positive/elevated",0.5312,0.4688,"LOW"
21,"2","N2","T2","Positive/elevated",0.531,0.469,"LOW"
22,"2","N2","T2","Positive/elevated",0.5283,0.4717,"LOW"
23,"2","N2","T2","Positive/elevated",0.5565,0.4435,"LOW"
24,"2","N2","T2","Positive/elevated",0.5833,0.4167,"LOW"
25,"2","N2","T2","Positive/elevated",0.6182,0.3818,"LOW"
26,"2","N2","T2","Positive/elevated",0.642,0.358,"LOW"
27,"2","N2","T2","Positive/elevated",0.6505,0.3495,"LOW"
28,"2","N2","T2","Positive/elevated",0.6637,0.3363,"LOW"
29,"2","N2","T2","Positive/elevated",0.6779,0.3221,"LOW"
30,"2","N2","T2","Positive/elevated",0.6576,0.3424,"LOW"
31,"2","N2","T2","Positive/elevated",0.6506,0.3494,"LOW"
32,"2","N2","T2","Positive/elevated",0.6186,0.3814,"LOW"
33,"2","N2","T2","Positive/elevated",0.6076,0.3924,"LOW"
34,"2","N2","T2","Positive/elevated",0.6065,0.3935,"LOW"
35,"2","N2","T2","Positive/elevated",0.6092,0.3908,"LOW"
36,"2","N2","T2","Positive/elevated",0.6098,0.3902,"LOW"
37,"2","N2","T2","Positive/elevated",0.5913,0.4087,"LOW"
38,"2","N2","T2","Positive/elevated",0.562,0.438,"LOW"
39,"2","N2","T2","Positive/elevated",0.5893,0.4107,"LOW"
40,"2","N2","T2","Positive/elevated",0.5953,0.4047,"LOW"
41,"2","N2","T2","Positive/elevated",0.5969,0.4031,"LOW"
42,"2","N2","T2","Positive/elevated",0.6139,0.3861,"LOW"
43,"2","N2","T2","Positive/elevated",0.6219,0.3781,"LOW"
44,"2","N2","T2","Positive/elevated",0.6258,0.3742,"LOW"
45,"2","N2","T2","Positive/elevated",0.6544,0.3456,"LOW"
46,"2","N2","T2","Positive/elevated",0.6958,0.3042,"LOW"
47,"2","N2","T2","Positive/elevated",0.7055,0.2945,"LOW"
48,"2","N2","T2","Positive/elevated",0.7341,0.2659,"LOW"
49,"2","N2","T2","Positive/elevated",0.7407,0.2593,"LOW"
50,"2","N2","T2","Positive/elevated",0.734,0.266,"LOW"
51,"2","N2","T2","Positive/elevated",0.6949,0.3051,"LOW"
52,"2","N2","T2","Positive/elevated",0.7365,0.2635,"LOW"
53,"2","N2","T2","Positive/elevated",0.7001,0.2999,"LOW"
54,"2","N2","T2","Positive/elevated",0.6876,0.3124,"LOW"
55,"2","N2","T2","Positive/elevated",0.7016,0.2984,"LOW"
56,"2","N2","T2","Positive/elevated",0.7028,0.2972,"LOW"
57,"2","N2","T2","Positive/elevated",0.7543,0.2457,"LOW"
58,"2","N2","T2","Positive/elevated",0.7657,0.2343,"LOW"
59,"2","N2","T2","Positive/elevated",0.7828,0.2172,"LOW"
60,"2","N2","T2","Positive/elevated",0.7964,0.2036,"LOW"
61,"2","N2","T2","Positive/elevated",0.7827,0.2173,"LOW"
62,"2","N2","T2","Positive/elevated",0.8102,0.1898,"LOW"
63,"2","N2","T2","Positive/elevated",0.8185,0.1815,"LOW"
64,"2","N2","T2","Positive/elevated",0.8215,0.1785,"LOW"
65,"2","N2","T2","Positive/elevated",0.8253,0.1747,"LOW"
66,"2","N2","T2","Positive/elevated",0.8238,0.1762,"LOW"
67,"2","N2","T2","Positive/elevated",0.82,0.18,"LOW"
68,"2","N2","T2","Positive/elevated",0.7993,0.2007,"LOW"
69,"2","N2","T2","Positive/elevated",0.7917,0.2083,"LOW"
70,"2","N2","T2","Positive/elevated",0.8134,0.1866,"LOW"
71,"2","N2","T2","Positive/elevated",0.8342,0.1658,"LOW"
72,"2","N2","T2","Positive/elevated",0.8346,0.1654,"LOW"
73,"2","N2","T2","Positive/elevated",0.8344,0.1656,"LOW"
74,"2","N2","T2","Positive/elevated",0.8237,0.1763,"LOW"
75,"2","N2","T2","Positive/elevated",0.7819,0.2181,"LOW"
76,"2","N2","T2","Positive/elevated",0.8409,0.1591,"LOW"
77,"2","N2","T2","Positive/elevated",0.8568,0.1432,"LOW"
78,"2","N2","T2","Positive/elevated",0.8629,0.1371,"LOW"
79,"2","N2","T2","Positive/elevated",0.872,0.128,"LOW"
80,"2","N2","T2","Positive/elevated",0.877,0.123,"LOW"
81,"2","N2","T2","Positive/elevated",0.8813,0.1187,"LOW"
82,"2","N2","T2","Positive/elevated",0.8833,0.1167,"LOW"
83,"2","N2","T2","Positive/elevated",0.8875,0.1125,"LOW"
84,"2","N2","T2","Positive/elevated",0.8907,0.1093,"LOW"
85,"2","N2","T2","Positive/elevated",0.894,0.106,"LOW"
86,"2","N2","T2","Positive/elevated",0.898,0.102,"LOW"
87,"2","N2","T2","Positive/elevated",0.8976,0.1024,"LOW"
88,"2","N2","T2","Positive/elevated",0.8954,0.1046,"LOW"
89,"2","N2","T2","Positive/elevated",0.8962,0.1038,"LOW"
90,"2","N2","T2","Positive/elevated",0.8986,0.1014,"LOW"
91,"2","N2","T2","Positive/elevated",0.8986,0.1014,"LOW"
92,"2","N2","T2","Positive/elevated",0.8986,0.1014,"LOW"
93,"2","N2","T2","Positive/elevated",0.8986,0.1014,"LOW"
94,"2","N2","T2","Positive/elevated",0.8986,0.1014,"LOW"
95,"2","N2","T2","Positive/elevated",0.8986,0.1014,"LOW"
96,"2","N2","T2","Positive/elevated",0.8986,0.1014,"LOW"
97,"2","N2","T2","Positive/elevated",0.8986,0.1014,"LOW"
98,"2","N2","T2","Positive/elevated",0.8986,0.1014,"LOW"
99,"2","N2","T2","Positive/elevated",0.8986,0.1014,"LOW"
0,"1","Other/Unknown","T2","Positive/elevated",0.5556,0.4444,"LOW"
1,"1","Other/Unknown","T2","Positive/elevated",0.5556,0.4444,"LOW"
2,"1","Other/Unknown","T2","Positive/elevated",0.5556,0.4444,"LOW"
3,"1","Other/Unknown","T2","Positive/elevated",0.5556,0.4444,"LOW"
4,"1","Other/Unknown","T2","Positive/elevated",0.5556,0.4444,"LOW"
5,"1","Other/Unknown","T2","Positive/elevated",0.5556,0.4444,"LOW"
6,"1","Other/Unknown","T2","Positive/elevated",0.5556,0.4444,"LOW"
7,"1","Other/Unknown","T2","Positive/elevated",0.5556,0.4444,"LOW"
8,"1","Other/Unknown","T2","Positive/elevated",0.5556,0.4444,"LOW"
9,"1","Other/Unknown","T2","Positive/elevated",0.5556,0.4444,"LOW"
10,"1","Other/Unknown","T2","Positive/elevated",0.5556,0.4444,"LOW"
11,"1","Other/Unknown","T2","Positive/elevated",0.5556,0.4444,"LOW"
12,"1","Other/Unknown","T2","Positive/elevated",0.5556,0.4444,"LOW"
13,"1","Other/Unknown","T2","Positive/elevated",0.5556,0.4444,"LOW"
14,"1","Other/Unknown","T2","Positive/elevated",0.5556,0.4444,"LOW"
15,"1","Other/Unknown","T2","Positive/elevated",0.5556,0.4444,"LOW"
16,"1","Other/Unknown","T2","Positive/elevated",0.5556,0.4444,"LOW"
17,"1","Other/Unknown","T2","Positive/elevated",0.5556,0.4444,"LOW"
18,"1","Other/Unknown","T2","Positive/elevated",0.5556,0.4444,"LOW"
19,"1","Other/Unknown","T2","Positive/elevated",0.5556,0.4444,"LOW"
20,"1","Other/Unknown","T2","Positive/elevated",0.5556,0.4444,"LOW"
21,"1","Other/Unknown","T2","Positive/elevated",0.5556,0.4444,"LOW"
22,"1","Other/Unknown","T2","Positive/elevated",0.5567,0.4433,"LOW"
23,"1","Other/Unknown","T2","Positive/elevated",0.5606,0.4394,"LOW"
24,"1","Other/Unknown","T2","Positive/elevated",0.56,0.44,"LOW"
25,"1","Other/Unknown","T2","Positive/elevated",0.5671,0.4329,"LOW"
26,"1","Other/Unknown","T2","Positive/elevated",0.5575,0.4425,"LOW"
27,"1","Other/Unknown","T2","Positive/elevated",0.5594,0.4406,"LOW"
28,"1","Other/Unknown","T2","Positive/elevated",0.5604,0.4396,"LOW"
29,"1","Other/Unknown","T2","Positive/elevated",0.5562,0.4438,"LOW"
30,"1","Other/Unknown","T2","Positive/elevated",0.5453,0.4547,"LOW"
31,"1","Other/Unknown","T2","Positive/elevated",0.545,0.455,"LOW"
32,"1","Other/Unknown","T2","Positive/elevated",0.5438,0.4562,"LOW"
33,"1","Other/Unknown","T2","Positive/elevated",0.5424,0.4576,"LOW"
34,"1","Other/Unknown","T2","Positive/elevated",0.544,0.456,"LOW"
35,"1","Other/Unknown","T2","Positive/elevated",0.545,0.455,"LOW"
36,"1","Other/Unknown","T2","Positive/elevated",0.5493,0.4507,"LOW"
37,"1","Other/Unknown","T2","Positive/elevated",0.5558,0.4442,"LOW"
38,"1","Other/Unknown","T2","Positive/elevated",0.5638,0.4362,"LOW"
39,"1","Other/Unknown","T2","Positive/elevated",0.5754,0.4246,"LOW"
40,"1","Other/Unknown","T2","Positive/elevated",0.5903,0.4097,"LOW"
41,"1","Other/Unknown","T2","Positive/elevated",0.6008,0.3992,"LOW"
42,"1","Other/Unknown","T2","Positive/elevated",0.5127,0.4873,"LOW"
43,"1","Other/Unknown","T2","Positive/elevated",0.5634,0.4366,"LOW"
44,"1","Other/Unknown","T2","Positive/elevated",0.6233,0.3767,"LOW"
45,"1","Other/Unknown","T2","Positive/elevated",0.6144,0.3856,"LOW"
46,"1","Other/Unknown","T2","Positive/elevated",0.6097,0.3903,"LOW"
47,"1","Other/Unknown","T2","Positive/elevated",0.5992,0.4008,"LOW"
48,"1","Other/Unknown","T2","Positive/elevated",0.5956,0.4044,"LOW"
49,"1","Other/Unknown","T2","Positive/elevated",0.5871,0.4129,"LOW"
50,"1","Other/Unknown","T2","Positive/elevated",0.5108,0.4892,"LOW"
51,"1","Other/Unknown","T2","Positive/elevated",0.5159,0.4841,"LOW"
52,"1","Other/Unknown","T2","Positive/elevated",0.5165,0.4835,"LOW"
53,"1","Other/Unknown","T2","Positive/elevated",0.5148,0.4852,"LOW"
54,"1","Other/Unknown","T2","Positive/elevated",0.5214,0.4786,"LOW"
55,"1","Other/Unknown","T2","Positive/elevated",0.5504,0.4496,"LOW"
56,"1","Other/Unknown","T2","Positive/elevated",0.5842,0.4158,"LOW"
57,"1","Other/Unknown","T2","Positive/elevated",0.564,0.436,"LOW"
58,"1","Other/Unknown","T2","Positive/elevated",0.542,0.458,"LOW"
59,"1","Other/Unknown","T2","Positive/elevated",0.5259,0.4741,"LOW"
60,"1","Other/Unknown","T2","Positive/elevated",0.51,0.49,"LOW"
61,"1","Other/Unknown","T2","Positive/elevated",0.4976,0.5024,"HIGH"
62,"1","Other/Unknown","T2","Positive/elevated",0.4649,0.5351,"HIGH"
63,"1","Other/Unknown","T2","Positive/elevated",0.4627,0.5373,"HIGH"
64,"1","Other/Unknown","T2","Positive/elevated",0.4692,0.5308,"HIGH"
65,"1","Other/Unknown","T2","Positive/elevated",0.5265,0.4735,"LOW"
66,"1","Other/Unknown","T2","Positive/elevated",0.496,0.504,"HIGH"
67,"1","Other/Unknown","T2","Positive/elevated",0.4585,0.5415,"HIGH"
68,"1","Other/Unknown","T2","Positive/elevated",0.4521,0.5479,"HIGH"
69,"1","Other/Unknown","T2","Positive/elevated",0.4361,0.5639,"HIGH"
70,"1","Other/Unknown","T2","Positive/elevated",0.4438,0.5562,"HIGH"
71,"1","Other/Unknown","T2","Positive/elevated",0.4543,0.5457,"HIGH"
72,"1","Other/Unknown","T2","Positive/elevated",0.526,0.474,"LOW"
73,"1","Other/Unknown","T2","Positive/elevated",0.5901,0.4099,"LOW"
74,"1","Other/Unknown","T2","Positive/elevated",0.6547,0.3453,"LOW"
75,"1","Other/Unknown","T2","Positive/elevated",0.7168,0.2832,"LOW"
76,"1","Other/Unknown","T2","Positive/elevated",0.7228,0.2772,"LOW"
77,"1","Other/Unknown","T2","Positive/elevated",0.7332,0.2668,"LOW"
78,"1","Other/Unknown","T2","Positive/elevated",0.724,0.276,"LOW"
79,"1","Other/Unknown","T2","Positive/elevated",0.7125,0.2875,"LOW"
80,"1","Other/Unknown","T2","Positive/elevated",0.7105,0.2895,"LOW"
81,"1","Other/Unknown","T2","Positive/elevated",0.7054,0.2946,"LOW"
82,"1","Other/Unknown","T2","Positive/elevated",0.7,0.3,"LOW"
83,"1","Other/Unknown","T2","Positive/elevated",0.6588,0.3412,"LOW"
84,"1","Other/Unknown","T2","Positive/elevated",0.6581,0.3419,"LOW"
85,"1","Other/Unknown","T2","Positive/elevated",0.6435,0.3565,"LOW"
86,"1","Other/Unknown","T2","Positive/elevated",0.6302,0.3698,"LOW"
87,"1","Other/Unknown","T2","Positive/elevated",0.6016,0.3984,"LOW"
88,"1","Other/Unknown","T2","Positive/elevated",0.5746,0.4254,"LOW"
89,"1","Other/Unknown","T2","Positive/elevated",0.5795,0.4205,"LOW"
90,"1","Other/Unknown","T2","Positive/elevated",0.5994,0.4006,"LOW"
91,"1","Other/Unknown","T2","Positive/elevated",0.5994,0.4006,"LOW"
92,"1","Other/Unknown","T2","Positive/elevated",0.5994,0.4006,"LOW"
93,"1","Other/Unknown","T2","Positive/elevated",0.5994,0.4006,"LOW"
94,"1","Other/Unknown","T2","Positive/elevated",0.5994,0.4006,"LOW"
95,"1","Other/Unknown","T2","Positive/elevated",0.5994,0.4006,"LOW"
96,"1","Other/Unknown","T2","Positive/elevated",0.5994,0.4006,"LOW"
97,"1","Other/Unknown","T2","Positive/elevated",0.5994,0.4006,"LOW"
98,"1","Other/Unknown","T2","Positive/elevated",0.5994,0.4006,"LOW"
99,"1","Other/Unknown","T2","Positive/elevated",0.5994,0.4006,"LOW"
0,"2","Other/Unknown","T2","Positive/elevated",0.5541,0.4459,"LOW"
1,"2","Other/Unknown","T2","Positive/elevated",0.5541,0.4459,"LOW"
2,"2","Other/Unknown","T2","Positive/elevated",0.5541,0.4459,"LOW"
3,"2","Other/Unknown","T2","Positive/elevated",0.5541,0.4459,"LOW"
4,"2","Other/Unknown","T2","Positive/elevated",0.5541,0.4459,"LOW"
5,"2","Other/Unknown","T2","Positive/elevated",0.5541,0.4459,"LOW"
6,"2","Other/Unknown","T2","Positive/elevated",0.5541,0.4459,"LOW"
7,"2","Other/Unknown","T2","Positive/elevated",0.5541,0.4459,"LOW"
8,"2","Other/Unknown","T2","Positive/elevated",0.5541,0.4459,"LOW"
9,"2","Other/Unknown","T2","Positive/elevated",0.5541,0.4459,"LOW"
10,"2","Other/Unknown","T2","Positive/elevated",0.5541,0.4459,"LOW"
11,"2","Other/Unknown","T2","Positive/elevated",0.5541,0.4459,"LOW"
12,"2","Other/Unknown","T2","Positive/elevated",0.5541,0.4459,"LOW"
13,"2","Other/Unknown","T2","Positive/elevated",0.5541,0.4459,"LOW"
14,"2","Other/Unknown","T2","Positive/elevated",0.5541,0.4459,"LOW"
15,"2","Other/Unknown","T2","Positive/elevated",0.5541,0.4459,"LOW"
16,"2","Other/Unknown","T2","Positive/elevated",0.5541,0.4459,"LOW"
17,"2","Other/Unknown","T2","Positive/elevated",0.5541,0.4459,"LOW"
18,"2","Other/Unknown","T2","Positive/elevated",0.5541,0.4459,"LOW"
19,"2","Other/Unknown","T2","Positive/elevated",0.5541,0.4459,"LOW"
20,"2","Other/Unknown","T2","Positive/elevated",0.5541,0.4459,"LOW"
21,"2","Other/Unknown","T2","Positive/elevated",0.5572,0.4428,"LOW"
22,"2","Other/Unknown","T2","Positive/elevated",0.5582,0.4418,"LOW"
23,"2","Other/Unknown","T2","Positive/elevated",0.5618,0.4382,"LOW"
24,"2","Other/Unknown","T2","Positive/elevated",0.5595,0.4405,"LOW"
25,"2","Other/Unknown","T2","Positive/elevated",0.5535,0.4465,"LOW"
26,"2","Other/Unknown","T2","Positive/elevated",0.5488,0.4512,"LOW"
27,"2","Other/Unknown","T2","Positive/elevated",0.5425,0.4575,"LOW"
28,"2","Other/Unknown","T2","Positive/elevated",0.5407,0.4593,"LOW"
29,"2","Other/Unknown","T2","Positive/elevated",0.5393,0.4607,"LOW"
30,"2","Other/Unknown","T2","Positive/elevated",0.5296,0.4704,"LOW"
31,"2","Other/Unknown","T2","Positive/elevated",0.5301,0.4699,"LOW"
32,"2","Other/Unknown","T2","Positive/elevated",0.5274,0.4726,"LOW"
33,"2","Other/Unknown","T2","Positive/elevated",0.5265,0.4735,"LOW"
34,"2","Other/Unknown","T2","Positive/elevated",0.5295,0.4705,"LOW"
35,"2","Other/Unknown","T2","Positive/elevated",0.5378,0.4622,"LOW"
36,"2","Other/Unknown","T2","Positive/elevated",0.5388,0.4612,"LOW"
37,"2","Other/Unknown","T2","Positive/elevated",0.5429,0.4571,"LOW"
38,"2","Other/Unknown","T2","Positive/elevated",0.5534,0.4466,"LOW"
39,"2","Other/Unknown","T2","Positive/elevated",0.5538,0.4462,"LOW"
40,"2","Other/Unknown","T2","Positive/elevated",0.5618,0.4382,"LOW"
41,"2","Other/Unknown","T2","Positive/elevated",0.5614,0.4386,"LOW"
42,"2","Other/Unknown","T2","Positive/elevated",0.5376,0.4624,"LOW"
43,"2","Other/Unknown","T2","Positive/elevated",0.555,0.445,"LOW"
44,"2","Other/Unknown","T2","Positive/elevated",0.579,0.421,"LOW"
45,"2","Other/Unknown","T2","Positive/elevated",0.5942,0.4058,"LOW"
46,"2","Other/Unknown","T2","Positive/elevated",0.59,0.41,"LOW"
47,"2","Other/Unknown","T2","Positive/elevated",0.6007,0.3993,"LOW"
48,"2","Other/Unknown","T2","Positive/elevated",0.6073,0.3927,"LOW"
49,"2","Other/Unknown","T2","Positive/elevated",0.6155,0.3845,"LOW"
50,"2","Other/Unknown","T2","Positive/elevated",0.5182,0.4818,"LOW"
51,"2","Other/Unknown","T2","Positive/elevated",0.553,0.447,"LOW"
52,"2","Other/Unknown","T2","Positive/elevated",0.5778,0.4222,"LOW"
53,"2","Other/Unknown","T2","Positive/elevated",0.5939,0.4061,"LOW"
54,"2","Other/Unknown","T2","Positive/elevated",0.6209,0.3791,"LOW"
55,"2","Other/Unknown","T2","Positive/elevated",0.6592,0.3408,"LOW"
56,"2","Other/Unknown","T2","Positive/elevated",0.6668,0.3332,"LOW"
57,"2","Other/Unknown","T2","Positive/elevated",0.6346,0.3654,"LOW"
58,"2","Other/Unknown","T2","Positive/elevated",0.6029,0.3971,"LOW"
59,"2","Other/Unknown","T2","Positive/elevated",0.5794,0.4206,"LOW"
60,"2","Other/Unknown","T2","Positive/elevated",0.5478,0.4522,"LOW"
61,"2","Other/Unknown","T2","Positive/elevated",0.5935,0.4065,"LOW"
62,"2","Other/Unknown","T2","Positive/elevated",0.5579,0.4421,"LOW"
63,"2","Other/Unknown","T2","Positive/elevated",0.5271,0.4729,"LOW"
64,"2","Other/Unknown","T2","Positive/elevated",0.5875,0.4125,"LOW"
65,"2","Other/Unknown","T2","Positive/elevated",0.6578,0.3422,"LOW"
66,"2","Other/Unknown","T2","Positive/elevated",0.6026,0.3974,"LOW"
67,"2","Other/Unknown","T2","Positive/elevated",0.6761,0.3239,"LOW"
68,"2","Other/Unknown","T2","Positive/elevated",0.6172,0.3828,"LOW"
69,"2","Other/Unknown","T2","Positive/elevated",0.6849,0.3151,"LOW"
70,"2","Other/Unknown","T2","Positive/elevated",0.7174,0.2826,"LOW"
71,"2","Other/Unknown","T2","Positive/elevated",0.7278,0.2722,"LOW"
72,"2","Other/Unknown","T2","Positive/elevated",0.7526,0.2474,"LOW"
73,"2","Other/Unknown","T2","Positive/elevated",0.766,0.234,"LOW"
74,"2","Other/Unknown","T2","Positive/elevated",0.7673,0.2327,"LOW"
75,"2","Other/Unknown","T2","Positive/elevated",0.7764,0.2236,"LOW"
76,"2","Other/Unknown","T2","Positive/elevated",0.7687,0.2313,"LOW"
77,"2","Other/Unknown","T2","Positive/elevated",0.7698,0.2302,"LOW"
78,"2","Other/Unknown","T2","Positive/elevated",0.759,0.241,"LOW"
79,"2","Other/Unknown","T2","Positive/elevated",0.7209,0.2791,"LOW"
80,"2","Other/Unknown","T2","Positive/elevated",0.6896,0.3104,"LOW"
81,"2","Other/Unknown","T2","Positive/elevated",0.6539,0.3461,"LOW"
82,"2","Other/Unknown","T2","Positive/elevated",0.6269,0.3731,"LOW"
83,"2","Other/Unknown","T2","Positive/elevated",0.5765,0.4235,"LOW"
84,"2","Other/Unknown","T2","Positive/elevated",0.6586,0.3414,"LOW"
85,"2","Other/Unknown","T2","Positive/elevated",0.6222,0.3778,"LOW"
86,"2","Other/Unknown","T2","Positive/elevated",0.5691,0.4309,"LOW"
87,"2","Other/Unknown","T2","Positive/elevated",0.5334,0.4666,"LOW"
88,"2","Other/Unknown","T2","Positive/elevated",0.5818,0.4182,"LOW"
89,"2","Other/Unknown","T2","Positive/elevated",0.6209,0.3791,"LOW"
90,"2","Other/Unknown","T2","Positive/elevated",0.6685,0.3315,"LOW"
91,"2","Other/Unknown","T2","Positive/elevated",0.6685,0.3315,"LOW"
92,"2","Other/Unknown","T2","Positive/elevated",0.6685,0.3315,"LOW"
93,"2","Other/Unknown","T2","Positive/elevated",0.6685,0.3315,"LOW"
94,"2","Other/Unknown","T2","Positive/elevated",0.6685,0.3315,"LOW"
95,"2","Other/Unknown","T2","Positive/elevated",0.6685,0.3315,"LOW"
96,"2","Other/Unknown","T2","Positive/elevated",0.6685,0.3315,"LOW"
97,"2","Other/Unknown","T2","Positive/elevated",0.6685,0.3315,"LOW"
98,"2","Other/Unknown","T2","Positive/elevated",0.6685,0.3315,"LOW"
99,"2","Other/Unknown","T2","Positive/elevated",0.6685,0.3315,"LOW"
0,"1","N0","T3","Positive/elevated",0.8898,0.1102,"LOW"
1,"1","N0","T3","Positive/elevated",0.8898,0.1102,"LOW"
2,"1","N0","T3","Positive/elevated",0.8898,0.1102,"LOW"
3,"1","N0","T3","Positive/elevated",0.8898,0.1102,"LOW"
4,"1","N0","T3","Positive/elevated",0.8898,0.1102,"LOW"
5,"1","N0","T3","Positive/elevated",0.8898,0.1102,"LOW"
6,"1","N0","T3","Positive/elevated",0.8898,0.1102,"LOW"
7,"1","N0","T3","Positive/elevated",0.8898,0.1102,"LOW"
8,"1","N0","T3","Positive/elevated",0.8898,0.1102,"LOW"
9,"1","N0","T3","Positive/elevated",0.8898,0.1102,"LOW"
10,"1","N0","T3","Positive/elevated",0.8898,0.1102,"LOW"
11,"1","N0","T3","Positive/elevated",0.8898,0.1102,"LOW"
12,"1","N0","T3","Positive/elevated",0.8898,0.1102,"LOW"
13,"1","N0","T3","Positive/elevated",0.8894,0.1106,"LOW"
14,"1","N0","T3","Positive/elevated",0.8888,0.1112,"LOW"
15,"1","N0","T3","Positive/elevated",0.8888,0.1112,"LOW"
16,"1","N0","T3","Positive/elevated",0.8888,0.1112,"LOW"
17,"1","N0","T3","Positive/elevated",0.8868,0.1132,"LOW"
18,"1","N0","T3","Positive/elevated",0.8858,0.1142,"LOW"
19,"1","N0","T3","Positive/elevated",0.8875,0.1125,"LOW"
20,"1","N0","T3","Positive/elevated",0.8885,0.1115,"LOW"
21,"1","N0","T3","Positive/elevated",0.8892,0.1108,"LOW"
22,"1","N0","T3","Positive/elevated",0.8865,0.1135,"LOW"
23,"1","N0","T3","Positive/elevated",0.8865,0.1135,"LOW"
24,"1","N0","T3","Positive/elevated",0.885,0.115,"LOW"
25,"1","N0","T3","Positive/elevated",0.882,0.118,"LOW"
26,"1","N0","T3","Positive/elevated",0.8716,0.1284,"LOW"
27,"1","N0","T3","Positive/elevated",0.8539,0.1461,"LOW"
28,"1","N0","T3","Positive/elevated",0.8607,0.1393,"LOW"
29,"1","N0","T3","Positive/elevated",0.8688,0.1312,"LOW"
30,"1","N0","T3","Positive/elevated",0.8619,0.1381,"LOW"
31,"1","N0","T3","Positive/elevated",0.851,0.149,"LOW"
32,"1","N0","T3","Positive/elevated",0.8358,0.1642,"LOW"
33,"1","N0","T3","Positive/elevated",0.809,0.191,"LOW"
34,"1","N0","T3","Positive/elevated",0.8084,0.1916,"LOW"
35,"1","N0","T3","Positive/elevated",0.7955,0.2045,"LOW"
36,"1","N0","T3","Positive/elevated",0.8167,0.1833,"LOW"
37,"1","N0","T3","Positive/elevated",0.7992,0.2008,"LOW"
38,"1","N0","T3","Positive/elevated",0.8146,0.1854,"LOW"
39,"1","N0","T3","Positive/elevated",0.8175,0.1825,"LOW"
40,"1","N0","T3","Positive/elevated",0.7999,0.2001,"LOW"
41,"1","N0","T3","Positive/elevated",0.8145,0.1855,"LOW"
42,"1","N0","T3","Positive/elevated",0.8196,0.1804,"LOW"
43,"1","N0","T3","Positive/elevated",0.8084,0.1916,"LOW"
44,"1","N0","T3","Positive/elevated",0.8164,0.1836,"LOW"
45,"1","N0","T3","Positive/elevated",0.8025,0.1975,"LOW"
46,"1","N0","T3","Positive/elevated",0.8117,0.1883,"LOW"
47,"1","N0","T3","Positive/elevated",0.8144,0.1856,"LOW"
48,"1","N0","T3","Positive/elevated",0.8141,0.1859,"LOW"
49,"1","N0","T3","Positive/elevated",0.8194,0.1806,"LOW"
50,"1","N0","T3","Positive/elevated",0.8249,0.1751,"LOW"
51,"1","N0","T3","Positive/elevated",0.8341,0.1659,"LOW"
52,"1","N0","T3","Positive/elevated",0.8297,0.1703,"LOW"
53,"1","N0","T3","Positive/elevated",0.8374,0.1626,"LOW"
54,"1","N0","T3","Positive/elevated",0.8325,0.1675,"LOW"
55,"1","N0","T3","Positive/elevated",0.8368,0.1632,"LOW"
56,"1","N0","T3","Positive/elevated",0.8278,0.1722,"LOW"
57,"1","N0","T3","Positive/elevated",0.8323,0.1677,"LOW"
58,"1","N0","T3","Positive/elevated",0.8279,0.1721,"LOW"
59,"1","N0","T3","Positive/elevated",0.8245,0.1755,"LOW"
60,"1","N0","T3","Positive/elevated",0.8226,0.1774,"LOW"
61,"1","N0","T3","Positive/elevated",0.8205,0.1795,"LOW"
62,"1","N0","T3","Positive/elevated",0.8296,0.1704,"LOW"
63,"1","N0","T3","Positive/elevated",0.8277,0.1723,"LOW"
64,"1","N0","T3","Positive/elevated",0.8319,0.1681,"LOW"
65,"1","N0","T3","Positive/elevated",0.8344,0.1656,"LOW"
66,"1","N0","T3","Positive/elevated",0.8334,0.1666,"LOW"
67,"1","N0","T3","Positive/elevated",0.8308,0.1692,"LOW"
68,"1","N0","T3","Positive/elevated",0.8331,0.1669,"LOW"
69,"1","N0","T3","Positive/elevated",0.8312,0.1688,"LOW"
70,"1","N0","T3","Positive/elevated",0.8349,0.1651,"LOW"
71,"1","N0","T3","Positive/elevated",0.8368,0.1632,"LOW"
72,"1","N0","T3","Positive/elevated",0.8382,0.1618,"LOW"
73,"1","N0","T3","Positive/elevated",0.8449,0.1551,"LOW"
74,"1","N0","T3","Positive/elevated",0.8558,0.1442,"LOW"
75,"1","N0","T3","Positive/elevated",0.8576,0.1424,"LOW"
76,"1","N0","T3","Positive/elevated",0.8621,0.1379,"LOW"
77,"1","N0","T3","Positive/elevated",0.8715,0.1285,"LOW"
78,"1","N0","T3","Positive/elevated",0.8597,0.1403,"LOW"
79,"1","N0","T3","Positive/elevated",0.8552,0.1448,"LOW"
80,"1","N0","T3","Positive/elevated",0.8599,0.1401,"LOW"
81,"1","N0","T3","Positive/elevated",0.866,0.134,"LOW"
82,"1","N0","T3","Positive/elevated",0.8647,0.1353,"LOW"
83,"1","N0","T3","Positive/elevated",0.8689,0.1311,"LOW"
84,"1","N0","T3","Positive/elevated",0.8695,0.1305,"LOW"
85,"1","N0","T3","Positive/elevated",0.8773,0.1227,"LOW"
86,"1","N0","T3","Positive/elevated",0.8719,0.1281,"LOW"
87,"1","N0","T3","Positive/elevated",0.8635,0.1365,"LOW"
88,"1","N0","T3","Positive/elevated",0.8614,0.1386,"LOW"
89,"1","N0","T3","Positive/elevated",0.8692,0.1308,"LOW"
90,"1","N0","T3","Positive/elevated",0.8441,0.1559,"LOW"
91,"1","N0","T3","Positive/elevated",0.8441,0.1559,"LOW"
92,"1","N0","T3","Positive/elevated",0.8441,0.1559,"LOW"
93,"1","N0","T3","Positive/elevated",0.8441,0.1559,"LOW"
94,"1","N0","T3","Positive/elevated",0.8441,0.1559,"LOW"
95,"1","N0","T3","Positive/elevated",0.8441,0.1559,"LOW"
96,"1","N0","T3","Positive/elevated",0.8441,0.1559,"LOW"
97,"1","N0","T3","Positive/elevated",0.8441,0.1559,"LOW"
98,"1","N0","T3","Positive/elevated",0.8441,0.1559,"LOW"
99,"1","N0","T3","Positive/elevated",0.8441,0.1559,"LOW"
0,"2","N0","T3","Positive/elevated",0.8061,0.1939,"LOW"
1,"2","N0","T3","Positive/elevated",0.8061,0.1939,"LOW"
2,"2","N0","T3","Positive/elevated",0.8061,0.1939,"LOW"
3,"2","N0","T3","Positive/elevated",0.8061,0.1939,"LOW"
4,"2","N0","T3","Positive/elevated",0.8061,0.1939,"LOW"
5,"2","N0","T3","Positive/elevated",0.8061,0.1939,"LOW"
6,"2","N0","T3","Positive/elevated",0.8061,0.1939,"LOW"
7,"2","N0","T3","Positive/elevated",0.8061,0.1939,"LOW"
8,"2","N0","T3","Positive/elevated",0.8061,0.1939,"LOW"
9,"2","N0","T3","Positive/elevated",0.8061,0.1939,"LOW"
10,"2","N0","T3","Positive/elevated",0.8061,0.1939,"LOW"
11,"2","N0","T3","Positive/elevated",0.8061,0.1939,"LOW"
12,"2","N0","T3","Positive/elevated",0.8061,0.1939,"LOW"
13,"2","N0","T3","Positive/elevated",0.8057,0.1943,"LOW"
14,"2","N0","T3","Positive/elevated",0.8051,0.1949,"LOW"
15,"2","N0","T3","Positive/elevated",0.8051,0.1949,"LOW"
16,"2","N0","T3","Positive/elevated",0.8051,0.1949,"LOW"
17,"2","N0","T3","Positive/elevated",0.7991,0.2009,"LOW"
18,"2","N0","T3","Positive/elevated",0.7905,0.2095,"LOW"
19,"2","N0","T3","Positive/elevated",0.7916,0.2084,"LOW"
20,"2","N0","T3","Positive/elevated",0.7985,0.2015,"LOW"
21,"2","N0","T3","Positive/elevated",0.8024,0.1976,"LOW"
22,"2","N0","T3","Positive/elevated",0.8058,0.1942,"LOW"
23,"2","N0","T3","Positive/elevated",0.8055,0.1945,"LOW"
24,"2","N0","T3","Positive/elevated",0.7989,0.2011,"LOW"
25,"2","N0","T3","Positive/elevated",0.754,0.246,"LOW"
26,"2","N0","T3","Positive/elevated",0.7078,0.2922,"LOW"
27,"2","N0","T3","Positive/elevated",0.6385,0.3615,"LOW"
28,"2","N0","T3","Positive/elevated",0.6713,0.3287,"LOW"
29,"2","N0","T3","Positive/elevated",0.769,0.231,"LOW"
30,"2","N0","T3","Positive/elevated",0.7441,0.2559,"LOW"
31,"2","N0","T3","Positive/elevated",0.7196,0.2804,"LOW"
32,"2","N0","T3","Positive/elevated",0.7755,0.2245,"LOW"
33,"2","N0","T3","Positive/elevated",0.7723,0.2277,"LOW"
34,"2","N0","T3","Positive/elevated",0.7661,0.2339,"LOW"
35,"2","N0","T3","Positive/elevated",0.785,0.215,"LOW"
36,"2","N0","T3","Positive/elevated",0.7647,0.2353,"LOW"
37,"2","N0","T3","Positive/elevated",0.7638,0.2362,"LOW"
38,"2","N0","T3","Positive/elevated",0.7528,0.2472,"LOW"
39,"2","N0","T3","Positive/elevated",0.7736,0.2264,"LOW"
40,"2","N0","T3","Positive/elevated",0.7872,0.2128,"LOW"
41,"2","N0","T3","Positive/elevated",0.796,0.204,"LOW"
42,"2","N0","T3","Positive/elevated",0.7959,0.2041,"LOW"
43,"2","N0","T3","Positive/elevated",0.7961,0.2039,"LOW"
44,"2","N0","T3","Positive/elevated",0.8071,0.1929,"LOW"
45,"2","N0","T3","Positive/elevated",0.8117,0.1883,"LOW"
46,"2","N0","T3","Positive/elevated",0.8208,0.1792,"LOW"
47,"2","N0","T3","Positive/elevated",0.8176,0.1824,"LOW"
48,"2","N0","T3","Positive/elevated",0.8204,0.1796,"LOW"
49,"2","N0","T3","Positive/elevated",0.8132,0.1868,"LOW"
50,"2","N0","T3","Positive/elevated",0.8188,0.1812,"LOW"
51,"2","N0","T3","Positive/elevated",0.8222,0.1778,"LOW"
52,"2","N0","T3","Positive/elevated",0.827,0.173,"LOW"
53,"2","N0","T3","Positive/elevated",0.8265,0.1735,"LOW"
54,"2","N0","T3","Positive/elevated",0.8235,0.1765,"LOW"
55,"2","N0","T3","Positive/elevated",0.8279,0.1721,"LOW"
56,"2","N0","T3","Positive/elevated",0.8282,0.1718,"LOW"
57,"2","N0","T3","Positive/elevated",0.8355,0.1645,"LOW"
58,"2","N0","T3","Positive/elevated",0.8332,0.1668,"LOW"
59,"2","N0","T3","Positive/elevated",0.8254,0.1746,"LOW"
60,"2","N0","T3","Positive/elevated",0.8233,0.1767,"LOW"
61,"2","N0","T3","Positive/elevated",0.8238,0.1762,"LOW"
62,"2","N0","T3","Positive/elevated",0.8281,0.1719,"LOW"
63,"2","N0","T3","Positive/elevated",0.8268,0.1732,"LOW"
64,"2","N0","T3","Positive/elevated",0.8317,0.1683,"LOW"
65,"2","N0","T3","Positive/elevated",0.834,0.166,"LOW"
66,"2","N0","T3","Positive/elevated",0.8327,0.1673,"LOW"
67,"2","N0","T3","Positive/elevated",0.8408,0.1592,"LOW"
68,"2","N0","T3","Positive/elevated",0.8369,0.1631,"LOW"
69,"2","N0","T3","Positive/elevated",0.8501,0.1499,"LOW"
70,"2","N0","T3","Positive/elevated",0.8529,0.1471,"LOW"
71,"2","N0","T3","Positive/elevated",0.8602,0.1398,"LOW"
72,"2","N0","T3","Positive/elevated",0.8643,0.1357,"LOW"
73,"2","N0","T3","Positive/elevated",0.8564,0.1436,"LOW"
74,"2","N0","T3","Positive/elevated",0.8673,0.1327,"LOW"
75,"2","N0","T3","Positive/elevated",0.8654,0.1346,"LOW"
76,"2","N0","T3","Positive/elevated",0.8684,0.1316,"LOW"
77,"2","N0","T3","Positive/elevated",0.867,0.133,"LOW"
78,"2","N0","T3","Positive/elevated",0.8643,0.1357,"LOW"
79,"2","N0","T3","Positive/elevated",0.8615,0.1385,"LOW"
80,"2","N0","T3","Positive/elevated",0.8579,0.1421,"LOW"
81,"2","N0","T3","Positive/elevated",0.8677,0.1323,"LOW"
82,"2","N0","T3","Positive/elevated",0.8663,0.1337,"LOW"
83,"2","N0","T3","Positive/elevated",0.8699,0.1301,"LOW"
84,"2","N0","T3","Positive/elevated",0.8696,0.1304,"LOW"
85,"2","N0","T3","Positive/elevated",0.8792,0.1208,"LOW"
86,"2","N0","T3","Positive/elevated",0.8803,0.1197,"LOW"
87,"2","N0","T3","Positive/elevated",0.8777,0.1223,"LOW"
88,"2","N0","T3","Positive/elevated",0.8841,0.1159,"LOW"
89,"2","N0","T3","Positive/elevated",0.8747,0.1253,"LOW"
90,"2","N0","T3","Positive/elevated",0.8939,0.1061,"LOW"
91,"2","N0","T3","Positive/elevated",0.8939,0.1061,"LOW"
92,"2","N0","T3","Positive/elevated",0.8939,0.1061,"LOW"
93,"2","N0","T3","Positive/elevated",0.8939,0.1061,"LOW"
94,"2","N0","T3","Positive/elevated",0.8939,0.1061,"LOW"
95,"2","N0","T3","Positive/elevated",0.8939,0.1061,"LOW"
96,"2","N0","T3","Positive/elevated",0.8939,0.1061,"LOW"
97,"2","N0","T3","Positive/elevated",0.8939,0.1061,"LOW"
98,"2","N0","T3","Positive/elevated",0.8939,0.1061,"LOW"
99,"2","N0","T3","Positive/elevated",0.8939,0.1061,"LOW"
0,"1","N1","T3","Positive/elevated",0.7741,0.2259,"LOW"
1,"1","N1","T3","Positive/elevated",0.7741,0.2259,"LOW"
2,"1","N1","T3","Positive/elevated",0.7741,0.2259,"LOW"
3,"1","N1","T3","Positive/elevated",0.7741,0.2259,"LOW"
4,"1","N1","T3","Positive/elevated",0.7741,0.2259,"LOW"
5,"1","N1","T3","Positive/elevated",0.7741,0.2259,"LOW"
6,"1","N1","T3","Positive/elevated",0.7741,0.2259,"LOW"
7,"1","N1","T3","Positive/elevated",0.7741,0.2259,"LOW"
8,"1","N1","T3","Positive/elevated",0.7741,0.2259,"LOW"
9,"1","N1","T3","Positive/elevated",0.7741,0.2259,"LOW"
10,"1","N1","T3","Positive/elevated",0.7741,0.2259,"LOW"
11,"1","N1","T3","Positive/elevated",0.7741,0.2259,"LOW"
12,"1","N1","T3","Positive/elevated",0.7741,0.2259,"LOW"
13,"1","N1","T3","Positive/elevated",0.7741,0.2259,"LOW"
14,"1","N1","T3","Positive/elevated",0.7741,0.2259,"LOW"
15,"1","N1","T3","Positive/elevated",0.7741,0.2259,"LOW"
16,"1","N1","T3","Positive/elevated",0.7741,0.2259,"LOW"
17,"1","N1","T3","Positive/elevated",0.7607,0.2393,"LOW"
18,"1","N1","T3","Positive/elevated",0.7496,0.2504,"LOW"
19,"1","N1","T3","Positive/elevated",0.7646,0.2354,"LOW"
20,"1","N1","T3","Positive/elevated",0.7648,0.2352,"LOW"
21,"1","N1","T3","Positive/elevated",0.7672,0.2328,"LOW"
22,"1","N1","T3","Positive/elevated",0.7395,0.2605,"LOW"
23,"1","N1","T3","Positive/elevated",0.7162,0.2838,"LOW"
24,"1","N1","T3","Positive/elevated",0.746,0.254,"LOW"
25,"1","N1","T3","Positive/elevated",0.7233,0.2767,"LOW"
26,"1","N1","T3","Positive/elevated",0.6789,0.3211,"LOW"
27,"1","N1","T3","Positive/elevated",0.7061,0.2939,"LOW"
28,"1","N1","T3","Positive/elevated",0.7575,0.2425,"LOW"
29,"1","N1","T3","Positive/elevated",0.7509,0.2491,"LOW"
30,"1","N1","T3","Positive/elevated",0.7326,0.2674,"LOW"
31,"1","N1","T3","Positive/elevated",0.7345,0.2655,"LOW"
32,"1","N1","T3","Positive/elevated",0.7496,0.2504,"LOW"
33,"1","N1","T3","Positive/elevated",0.728,0.272,"LOW"
34,"1","N1","T3","Positive/elevated",0.7338,0.2662,"LOW"
35,"1","N1","T3","Positive/elevated",0.7351,0.2649,"LOW"
36,"1","N1","T3","Positive/elevated",0.7526,0.2474,"LOW"
37,"1","N1","T3","Positive/elevated",0.7342,0.2658,"LOW"
38,"1","N1","T3","Positive/elevated",0.7309,0.2691,"LOW"
39,"1","N1","T3","Positive/elevated",0.7364,0.2636,"LOW"
40,"1","N1","T3","Positive/elevated",0.7341,0.2659,"LOW"
41,"1","N1","T3","Positive/elevated",0.736,0.264,"LOW"
42,"1","N1","T3","Positive/elevated",0.7436,0.2564,"LOW"
43,"1","N1","T3","Positive/elevated",0.7401,0.2599,"LOW"
44,"1","N1","T3","Positive/elevated",0.7379,0.2621,"LOW"
45,"1","N1","T3","Positive/elevated",0.739,0.261,"LOW"
46,"1","N1","T3","Positive/elevated",0.7363,0.2637,"LOW"
47,"1","N1","T3","Positive/elevated",0.7442,0.2558,"LOW"
48,"1","N1","T3","Positive/elevated",0.7468,0.2532,"LOW"
49,"1","N1","T3","Positive/elevated",0.7511,0.2489,"LOW"
50,"1","N1","T3","Positive/elevated",0.7561,0.2439,"LOW"
51,"1","N1","T3","Positive/elevated",0.7466,0.2534,"LOW"
52,"1","N1","T3","Positive/elevated",0.7528,0.2472,"LOW"
53,"1","N1","T3","Positive/elevated",0.7472,0.2528,"LOW"
54,"1","N1","T3","Positive/elevated",0.7498,0.2502,"LOW"
55,"1","N1","T3","Positive/elevated",0.7472,0.2528,"LOW"
56,"1","N1","T3","Positive/elevated",0.743,0.257,"LOW"
57,"1","N1","T3","Positive/elevated",0.7479,0.2521,"LOW"
58,"1","N1","T3","Positive/elevated",0.7486,0.2514,"LOW"
59,"1","N1","T3","Positive/elevated",0.7489,0.2511,"LOW"
60,"1","N1","T3","Positive/elevated",0.7609,0.2391,"LOW"
61,"1","N1","T3","Positive/elevated",0.7617,0.2383,"LOW"
62,"1","N1","T3","Positive/elevated",0.761,0.239,"LOW"
63,"1","N1","T3","Positive/elevated",0.763,0.237,"LOW"
64,"1","N1","T3","Positive/elevated",0.7622,0.2378,"LOW"
65,"1","N1","T3","Positive/elevated",0.7605,0.2395,"LOW"
66,"1","N1","T3","Positive/elevated",0.7713,0.2287,"LOW"
67,"1","N1","T3","Positive/elevated",0.7762,0.2238,"LOW"
68,"1","N1","T3","Positive/elevated",0.7746,0.2254,"LOW"
69,"1","N1","T3","Positive/elevated",0.7693,0.2307,"LOW"
70,"1","N1","T3","Positive/elevated",0.7716,0.2284,"LOW"
71,"1","N1","T3","Positive/elevated",0.7729,0.2271,"LOW"
72,"1","N1","T3","Positive/elevated",0.7746,0.2254,"LOW"
73,"1","N1","T3","Positive/elevated",0.7669,0.2331,"LOW"
74,"1","N1","T3","Positive/elevated",0.77,0.23,"LOW"
75,"1","N1","T3","Positive/elevated",0.7735,0.2265,"LOW"
76,"1","N1","T3","Positive/elevated",0.7763,0.2237,"LOW"
77,"1","N1","T3","Positive/elevated",0.77,0.23,"LOW"
78,"1","N1","T3","Positive/elevated",0.7639,0.2361,"LOW"
79,"1","N1","T3","Positive/elevated",0.7662,0.2338,"LOW"
80,"1","N1","T3","Positive/elevated",0.7722,0.2278,"LOW"
81,"1","N1","T3","Positive/elevated",0.768,0.232,"LOW"
82,"1","N1","T3","Positive/elevated",0.7717,0.2283,"LOW"
83,"1","N1","T3","Positive/elevated",0.7655,0.2345,"LOW"
84,"1","N1","T3","Positive/elevated",0.7742,0.2258,"LOW"
85,"1","N1","T3","Positive/elevated",0.7782,0.2218,"LOW"
86,"1","N1","T3","Positive/elevated",0.7724,0.2276,"LOW"
87,"1","N1","T3","Positive/elevated",0.756,0.244,"LOW"
88,"1","N1","T3","Positive/elevated",0.7861,0.2139,"LOW"
89,"1","N1","T3","Positive/elevated",0.7829,0.2171,"LOW"
90,"1","N1","T3","Positive/elevated",0.7758,0.2242,"LOW"
91,"1","N1","T3","Positive/elevated",0.7758,0.2242,"LOW"
92,"1","N1","T3","Positive/elevated",0.7758,0.2242,"LOW"
93,"1","N1","T3","Positive/elevated",0.7758,0.2242,"LOW"
94,"1","N1","T3","Positive/elevated",0.7758,0.2242,"LOW"
95,"1","N1","T3","Positive/elevated",0.7758,0.2242,"LOW"
96,"1","N1","T3","Positive/elevated",0.7758,0.2242,"LOW"
97,"1","N1","T3","Positive/elevated",0.7758,0.2242,"LOW"
98,"1","N1","T3","Positive/elevated",0.7758,0.2242,"LOW"
99,"1","N1","T3","Positive/elevated",0.7758,0.2242,"LOW"
0,"2","N1","T3","Positive/elevated",0.6608,0.3392,"LOW"
1,"2","N1","T3","Positive/elevated",0.6608,0.3392,"LOW"
2,"2","N1","T3","Positive/elevated",0.6608,0.3392,"LOW"
3,"2","N1","T3","Positive/elevated",0.6608,0.3392,"LOW"
4,"2","N1","T3","Positive/elevated",0.6608,0.3392,"LOW"
5,"2","N1","T3","Positive/elevated",0.6608,0.3392,"LOW"
6,"2","N1","T3","Positive/elevated",0.6608,0.3392,"LOW"
7,"2","N1","T3","Positive/elevated",0.6608,0.3392,"LOW"
8,"2","N1","T3","Positive/elevated",0.6608,0.3392,"LOW"
9,"2","N1","T3","Positive/elevated",0.6608,0.3392,"LOW"
10,"2","N1","T3","Positive/elevated",0.6608,0.3392,"LOW"
11,"2","N1","T3","Positive/elevated",0.6608,0.3392,"LOW"
12,"2","N1","T3","Positive/elevated",0.6608,0.3392,"LOW"
13,"2","N1","T3","Positive/elevated",0.66,0.34,"LOW"
14,"2","N1","T3","Positive/elevated",0.66,0.34,"LOW"
15,"2","N1","T3","Positive/elevated",0.66,0.34,"LOW"
16,"2","N1","T3","Positive/elevated",0.66,0.34,"LOW"
17,"2","N1","T3","Positive/elevated",0.5907,0.4093,"LOW"
18,"2","N1","T3","Positive/elevated",0.5347,0.4653,"LOW"
19,"2","N1","T3","Positive/elevated",0.5606,0.4394,"LOW"
20,"2","N1","T3","Positive/elevated",0.6232,0.3768,"LOW"
21,"2","N1","T3","Positive/elevated",0.6804,0.3196,"LOW"
22,"2","N1","T3","Positive/elevated",0.7372,0.2628,"LOW"
23,"2","N1","T3","Positive/elevated",0.746,0.254,"LOW"
24,"2","N1","T3","Positive/elevated",0.7499,0.2501,"LOW"
25,"2","N1","T3","Positive/elevated",0.7446,0.2554,"LOW"
26,"2","N1","T3","Positive/elevated",0.7357,0.2643,"LOW"
27,"2","N1","T3","Positive/elevated",0.7287,0.2713,"LOW"
28,"2","N1","T3","Positive/elevated",0.6852,0.3148,"LOW"
29,"2","N1","T3","Positive/elevated",0.6907,0.3093,"LOW"
30,"2","N1","T3","Positive/elevated",0.7231,0.2769,"LOW"
31,"2","N1","T3","Positive/elevated",0.72,0.28,"LOW"
32,"2","N1","T3","Positive/elevated",0.7222,0.2778,"LOW"
33,"2","N1","T3","Positive/elevated",0.7232,0.2768,"LOW"
34,"2","N1","T3","Positive/elevated",0.7268,0.2732,"LOW"
35,"2","N1","T3","Positive/elevated",0.7269,0.2731,"LOW"
36,"2","N1","T3","Positive/elevated",0.7141,0.2859,"LOW"
37,"2","N1","T3","Positive/elevated",0.7126,0.2874,"LOW"
38,"2","N1","T3","Positive/elevated",0.721,0.279,"LOW"
39,"2","N1","T3","Positive/elevated",0.7292,0.2708,"LOW"
40,"2","N1","T3","Positive/elevated",0.7067,0.2933,"LOW"
41,"2","N1","T3","Positive/elevated",0.7363,0.2637,"LOW"
42,"2","N1","T3","Positive/elevated",0.7232,0.2768,"LOW"
43,"2","N1","T3","Positive/elevated",0.7366,0.2634,"LOW"
44,"2","N1","T3","Positive/elevated",0.738,0.262,"LOW"
45,"2","N1","T3","Positive/elevated",0.735,0.265,"LOW"
46,"2","N1","T3","Positive/elevated",0.7344,0.2656,"LOW"
47,"2","N1","T3","Positive/elevated",0.7422,0.2578,"LOW"
48,"2","N1","T3","Positive/elevated",0.7362,0.2638,"LOW"
49,"2","N1","T3","Positive/elevated",0.7442,0.2558,"LOW"
50,"2","N1","T3","Positive/elevated",0.7518,0.2482,"LOW"
51,"2","N1","T3","Positive/elevated",0.7508,0.2492,"LOW"
52,"2","N1","T3","Positive/elevated",0.7569,0.2431,"LOW"
53,"2","N1","T3","Positive/elevated",0.7552,0.2448,"LOW"
54,"2","N1","T3","Positive/elevated",0.7602,0.2398,"LOW"
55,"2","N1","T3","Positive/elevated",0.7562,0.2438,"LOW"
56,"2","N1","T3","Positive/elevated",0.7605,0.2395,"LOW"
57,"2","N1","T3","Positive/elevated",0.762,0.238,"LOW"
58,"2","N1","T3","Positive/elevated",0.7632,0.2368,"LOW"
59,"2","N1","T3","Positive/elevated",0.7597,0.2403,"LOW"
60,"2","N1","T3","Positive/elevated",0.7613,0.2387,"LOW"
61,"2","N1","T3","Positive/elevated",0.7636,0.2364,"LOW"
62,"2","N1","T3","Positive/elevated",0.7635,0.2365,"LOW"
63,"2","N1","T3","Positive/elevated",0.7631,0.2369,"LOW"
64,"2","N1","T3","Positive/elevated",0.7697,0.2303,"LOW"
65,"2","N1","T3","Positive/elevated",0.7628,0.2372,"LOW"
66,"2","N1","T3","Positive/elevated",0.7675,0.2325,"LOW"
67,"2","N1","T3","Positive/elevated",0.7728,0.2272,"LOW"
68,"2","N1","T3","Positive/elevated",0.769,0.231,"LOW"
69,"2","N1","T3","Positive/elevated",0.773,0.227,"LOW"
70,"2","N1","T3","Positive/elevated",0.769,0.231,"LOW"
71,"2","N1","T3","Positive/elevated",0.7679,0.2321,"LOW"
72,"2","N1","T3","Positive/elevated",0.7696,0.2304,"LOW"
73,"2","N1","T3","Positive/elevated",0.7775,0.2225,"LOW"
74,"2","N1","T3","Positive/elevated",0.7707,0.2293,"LOW"
75,"2","N1","T3","Positive/elevated",0.7721,0.2279,"LOW"
76,"2","N1","T3","Positive/elevated",0.7858,0.2142,"LOW"
77,"2","N1","T3","Positive/elevated",0.7819,0.2181,"LOW"
78,"2","N1","T3","Positive/elevated",0.7689,0.2311,"LOW"
79,"2","N1","T3","Positive/elevated",0.7699,0.2301,"LOW"
80,"2","N1","T3","Positive/elevated",0.7732,0.2268,"LOW"
81,"2","N1","T3","Positive/elevated",0.7688,0.2312,"LOW"
82,"2","N1","T3","Positive/elevated",0.7784,0.2216,"LOW"
83,"2","N1","T3","Positive/elevated",0.7795,0.2205,"LOW"
84,"2","N1","T3","Positive/elevated",0.7671,0.2329,"LOW"
85,"2","N1","T3","Positive/elevated",0.7763,0.2237,"LOW"
86,"2","N1","T3","Positive/elevated",0.7649,0.2351,"LOW"
87,"2","N1","T3","Positive/elevated",0.76,0.24,"LOW"
88,"2","N1","T3","Positive/elevated",0.7872,0.2128,"LOW"
89,"2","N1","T3","Positive/elevated",0.7788,0.2212,"LOW"
90,"2","N1","T3","Positive/elevated",0.7527,0.2473,"LOW"
91,"2","N1","T3","Positive/elevated",0.7527,0.2473,"LOW"
92,"2","N1","T3","Positive/elevated",0.7527,0.2473,"LOW"
93,"2","N1","T3","Positive/elevated",0.7527,0.2473,"LOW"
94,"2","N1","T3","Positive/elevated",0.7527,0.2473,"LOW"
95,"2","N1","T3","Positive/elevated",0.7527,0.2473,"LOW"
96,"2","N1","T3","Positive/elevated",0.7527,0.2473,"LOW"
97,"2","N1","T3","Positive/elevated",0.7527,0.2473,"LOW"
98,"2","N1","T3","Positive/elevated",0.7527,0.2473,"LOW"
99,"2","N1","T3","Positive/elevated",0.7527,0.2473,"LOW"
0,"1","N2","T3","Positive/elevated",0.7889,0.2111,"LOW"
1,"1","N2","T3","Positive/elevated",0.7889,0.2111,"LOW"
2,"1","N2","T3","Positive/elevated",0.7889,0.2111,"LOW"
3,"1","N2","T3","Positive/elevated",0.7889,0.2111,"LOW"
4,"1","N2","T3","Positive/elevated",0.7889,0.2111,"LOW"
5,"1","N2","T3","Positive/elevated",0.7889,0.2111,"LOW"
6,"1","N2","T3","Positive/elevated",0.7889,0.2111,"LOW"
7,"1","N2","T3","Positive/elevated",0.7889,0.2111,"LOW"
8,"1","N2","T3","Positive/elevated",0.7889,0.2111,"LOW"
9,"1","N2","T3","Positive/elevated",0.7889,0.2111,"LOW"
10,"1","N2","T3","Positive/elevated",0.7889,0.2111,"LOW"
11,"1","N2","T3","Positive/elevated",0.7889,0.2111,"LOW"
12,"1","N2","T3","Positive/elevated",0.7889,0.2111,"LOW"
13,"1","N2","T3","Positive/elevated",0.7831,0.2169,"LOW"
14,"1","N2","T3","Positive/elevated",0.7799,0.2201,"LOW"
15,"1","N2","T3","Positive/elevated",0.7777,0.2223,"LOW"
16,"1","N2","T3","Positive/elevated",0.7729,0.2271,"LOW"
17,"1","N2","T3","Positive/elevated",0.769,0.231,"LOW"
18,"1","N2","T3","Positive/elevated",0.766,0.234,"LOW"
19,"1","N2","T3","Positive/elevated",0.7639,0.2361,"LOW"
20,"1","N2","T3","Positive/elevated",0.7571,0.2429,"LOW"
21,"1","N2","T3","Positive/elevated",0.7496,0.2504,"LOW"
22,"1","N2","T3","Positive/elevated",0.7442,0.2558,"LOW"
23,"1","N2","T3","Positive/elevated",0.74,0.26,"LOW"
24,"1","N2","T3","Positive/elevated",0.7276,0.2724,"LOW"
25,"1","N2","T3","Positive/elevated",0.6799,0.3201,"LOW"
26,"1","N2","T3","Positive/elevated",0.6204,0.3796,"LOW"
27,"1","N2","T3","Positive/elevated",0.6548,0.3452,"LOW"
28,"1","N2","T3","Positive/elevated",0.6238,0.3762,"LOW"
29,"1","N2","T3","Positive/elevated",0.6655,0.3345,"LOW"
30,"1","N2","T3","Positive/elevated",0.6726,0.3274,"LOW"
31,"1","N2","T3","Positive/elevated",0.6644,0.3356,"LOW"
32,"1","N2","T3","Positive/elevated",0.6752,0.3248,"LOW"
33,"1","N2","T3","Positive/elevated",0.6786,0.3214,"LOW"
34,"1","N2","T3","Positive/elevated",0.6653,0.3347,"LOW"
35,"1","N2","T3","Positive/elevated",0.661,0.339,"LOW"
36,"1","N2","T3","Positive/elevated",0.6654,0.3346,"LOW"
37,"1","N2","T3","Positive/elevated",0.6395,0.3605,"LOW"
38,"1","N2","T3","Positive/elevated",0.6497,0.3503,"LOW"
39,"1","N2","T3","Positive/elevated",0.6477,0.3523,"LOW"
40,"1","N2","T3","Positive/elevated",0.6611,0.3389,"LOW"
41,"1","N2","T3","Positive/elevated",0.6557,0.3443,"LOW"
42,"1","N2","T3","Positive/elevated",0.6645,0.3355,"LOW"
43,"1","N2","T3","Positive/elevated",0.6602,0.3398,"LOW"
44,"1","N2","T3","Positive/elevated",0.6609,0.3391,"LOW"
45,"1","N2","T3","Positive/elevated",0.6512,0.3488,"LOW"
46,"1","N2","T3","Positive/elevated",0.652,0.348,"LOW"
47,"1","N2","T3","Positive/elevated",0.6475,0.3525,"LOW"
48,"1","N2","T3","Positive/elevated",0.6465,0.3535,"LOW"
49,"1","N2","T3","Positive/elevated",0.6442,0.3558,"LOW"
50,"1","N2","T3","Positive/elevated",0.6527,0.3473,"LOW"
51,"1","N2","T3","Positive/elevated",0.6576,0.3424,"LOW"
52,"1","N2","T3","Positive/elevated",0.6499,0.3501,"LOW"
53,"1","N2","T3","Positive/elevated",0.6545,0.3455,"LOW"
54,"1","N2","T3","Positive/elevated",0.6471,0.3529,"LOW"
55,"1","N2","T3","Positive/elevated",0.6488,0.3512,"LOW"
56,"1","N2","T3","Positive/elevated",0.6477,0.3523,"LOW"
57,"1","N2","T3","Positive/elevated",0.6473,0.3527,"LOW"
58,"1","N2","T3","Positive/elevated",0.6475,0.3525,"LOW"
59,"1","N2","T3","Positive/elevated",0.6521,0.3479,"LOW"
60,"1","N2","T3","Positive/elevated",0.6515,0.3485,"LOW"
61,"1","N2","T3","Positive/elevated",0.6501,0.3499,"LOW"
62,"1","N2","T3","Positive/elevated",0.639,0.361,"LOW"
63,"1","N2","T3","Positive/elevated",0.6526,0.3474,"LOW"
64,"1","N2","T3","Positive/elevated",0.6408,0.3592,"LOW"
65,"1","N2","T3","Positive/elevated",0.644,0.356,"LOW"
66,"1","N2","T3","Positive/elevated",0.6407,0.3593,"LOW"
67,"1","N2","T3","Positive/elevated",0.6429,0.3571,"LOW"
68,"1","N2","T3","Positive/elevated",0.6434,0.3566,"LOW"
69,"1","N2","T3","Positive/elevated",0.634,0.366,"LOW"
70,"1","N2","T3","Positive/elevated",0.6429,0.3571,"LOW"
71,"1","N2","T3","Positive/elevated",0.6446,0.3554,"LOW"
72,"1","N2","T3","Positive/elevated",0.6465,0.3535,"LOW"
73,"1","N2","T3","Positive/elevated",0.6499,0.3501,"LOW"
74,"1","N2","T3","Positive/elevated",0.6467,0.3533,"LOW"
75,"1","N2","T3","Positive/elevated",0.6548,0.3452,"LOW"
76,"1","N2","T3","Positive/elevated",0.6587,0.3413,"LOW"
77,"1","N2","T3","Positive/elevated",0.6583,0.3417,"LOW"
78,"1","N2","T3","Positive/elevated",0.6304,0.3696,"LOW"
79,"1","N2","T3","Positive/elevated",0.645,0.355,"LOW"
80,"1","N2","T3","Positive/elevated",0.6561,0.3439,"LOW"
81,"1","N2","T3","Positive/elevated",0.6688,0.3312,"LOW"
82,"1","N2","T3","Positive/elevated",0.6274,0.3726,"LOW"
83,"1","N2","T3","Positive/elevated",0.6564,0.3436,"LOW"
84,"1","N2","T3","Positive/elevated",0.6581,0.3419,"LOW"
85,"1","N2","T3","Positive/elevated",0.6946,0.3054,"LOW"
86,"1","N2","T3","Positive/elevated",0.688,0.312,"LOW"
87,"1","N2","T3","Positive/elevated",0.6877,0.3123,"LOW"
88,"1","N2","T3","Positive/elevated",0.5974,0.4026,"LOW"
89,"1","N2","T3","Positive/elevated",0.6245,0.3755,"LOW"
90,"1","N2","T3","Positive/elevated",0.6817,0.3183,"LOW"
91,"1","N2","T3","Positive/elevated",0.6817,0.3183,"LOW"
92,"1","N2","T3","Positive/elevated",0.6817,0.3183,"LOW"
93,"1","N2","T3","Positive/elevated",0.6817,0.3183,"LOW"
94,"1","N2","T3","Positive/elevated",0.6817,0.3183,"LOW"
95,"1","N2","T3","Positive/elevated",0.6817,0.3183,"LOW"
96,"1","N2","T3","Positive/elevated",0.6817,0.3183,"LOW"
97,"1","N2","T3","Positive/elevated",0.6817,0.3183,"LOW"
98,"1","N2","T3","Positive/elevated",0.6817,0.3183,"LOW"
99,"1","N2","T3","Positive/elevated",0.6817,0.3183,"LOW"
0,"2","N2","T3","Positive/elevated",0.7597,0.2403,"LOW"
1,"2","N2","T3","Positive/elevated",0.7597,0.2403,"LOW"
2,"2","N2","T3","Positive/elevated",0.7597,0.2403,"LOW"
3,"2","N2","T3","Positive/elevated",0.7597,0.2403,"LOW"
4,"2","N2","T3","Positive/elevated",0.7597,0.2403,"LOW"
5,"2","N2","T3","Positive/elevated",0.7597,0.2403,"LOW"
6,"2","N2","T3","Positive/elevated",0.7597,0.2403,"LOW"
7,"2","N2","T3","Positive/elevated",0.7597,0.2403,"LOW"
8,"2","N2","T3","Positive/elevated",0.7597,0.2403,"LOW"
9,"2","N2","T3","Positive/elevated",0.7597,0.2403,"LOW"
10,"2","N2","T3","Positive/elevated",0.7597,0.2403,"LOW"
11,"2","N2","T3","Positive/elevated",0.7597,0.2403,"LOW"
12,"2","N2","T3","Positive/elevated",0.7597,0.2403,"LOW"
13,"2","N2","T3","Positive/elevated",0.7566,0.2434,"LOW"
14,"2","N2","T3","Positive/elevated",0.7549,0.2451,"LOW"
15,"2","N2","T3","Positive/elevated",0.7536,0.2464,"LOW"
16,"2","N2","T3","Positive/elevated",0.7503,0.2497,"LOW"
17,"2","N2","T3","Positive/elevated",0.7496,0.2504,"LOW"
18,"2","N2","T3","Positive/elevated",0.7476,0.2524,"LOW"
19,"2","N2","T3","Positive/elevated",0.7482,0.2518,"LOW"
20,"2","N2","T3","Positive/elevated",0.7475,0.2525,"LOW"
21,"2","N2","T3","Positive/elevated",0.7466,0.2534,"LOW"
22,"2","N2","T3","Positive/elevated",0.7459,0.2541,"LOW"
23,"2","N2","T3","Positive/elevated",0.7388,0.2612,"LOW"
24,"2","N2","T3","Positive/elevated",0.7325,0.2675,"LOW"
25,"2","N2","T3","Positive/elevated",0.7123,0.2877,"LOW"
26,"2","N2","T3","Positive/elevated",0.6405,0.3595,"LOW"
27,"2","N2","T3","Positive/elevated",0.6568,0.3432,"LOW"
28,"2","N2","T3","Positive/elevated",0.6616,0.3384,"LOW"
29,"2","N2","T3","Positive/elevated",0.6688,0.3312,"LOW"
30,"2","N2","T3","Positive/elevated",0.6279,0.3721,"LOW"
31,"2","N2","T3","Positive/elevated",0.6447,0.3553,"LOW"
32,"2","N2","T3","Positive/elevated",0.6382,0.3618,"LOW"
33,"2","N2","T3","Positive/elevated",0.6138,0.3862,"LOW"
34,"2","N2","T3","Positive/elevated",0.625,0.375,"LOW"
35,"2","N2","T3","Positive/elevated",0.6329,0.3671,"LOW"
36,"2","N2","T3","Positive/elevated",0.6221,0.3779,"LOW"
37,"2","N2","T3","Positive/elevated",0.6263,0.3737,"LOW"
38,"2","N2","T3","Positive/elevated",0.655,0.345,"LOW"
39,"2","N2","T3","Positive/elevated",0.6496,0.3504,"LOW"
40,"2","N2","T3","Positive/elevated",0.6743,0.3257,"LOW"
41,"2","N2","T3","Positive/elevated",0.659,0.341,"LOW"
42,"2","N2","T3","Positive/elevated",0.6704,0.3296,"LOW"
43,"2","N2","T3","Positive/elevated",0.664,0.336,"LOW"
44,"2","N2","T3","Positive/elevated",0.6589,0.3411,"LOW"
45,"2","N2","T3","Positive/elevated",0.6586,0.3414,"LOW"
46,"2","N2","T3","Positive/elevated",0.6541,0.3459,"LOW"
47,"2","N2","T3","Positive/elevated",0.6562,0.3438,"LOW"
48,"2","N2","T3","Positive/elevated",0.6613,0.3387,"LOW"
49,"2","N2","T3","Positive/elevated",0.6651,0.3349,"LOW"
50,"2","N2","T3","Positive/elevated",0.6665,0.3335,"LOW"
51,"2","N2","T3","Positive/elevated",0.6602,0.3398,"LOW"
52,"2","N2","T3","Positive/elevated",0.6603,0.3397,"LOW"
53,"2","N2","T3","Positive/elevated",0.6609,0.3391,"LOW"
54,"2","N2","T3","Positive/elevated",0.6567,0.3433,"LOW"
55,"2","N2","T3","Positive/elevated",0.6644,0.3356,"LOW"
56,"2","N2","T3","Positive/elevated",0.669,0.331,"LOW"
57,"2","N2","T3","Positive/elevated",0.6717,0.3283,"LOW"
58,"2","N2","T3","Positive/elevated",0.66,0.34,"LOW"
59,"2","N2","T3","Positive/elevated",0.6661,0.3339,"LOW"
60,"2","N2","T3","Positive/elevated",0.6728,0.3272,"LOW"
61,"2","N2","T3","Positive/elevated",0.6732,0.3268,"LOW"
62,"2","N2","T3","Positive/elevated",0.6774,0.3226,"LOW"
63,"2","N2","T3","Positive/elevated",0.6728,0.3272,"LOW"
64,"2","N2","T3","Positive/elevated",0.6723,0.3277,"LOW"
65,"2","N2","T3","Positive/elevated",0.672,0.328,"LOW"
66,"2","N2","T3","Positive/elevated",0.6746,0.3254,"LOW"
67,"2","N2","T3","Positive/elevated",0.6829,0.3171,"LOW"
68,"2","N2","T3","Positive/elevated",0.6749,0.3251,"LOW"
69,"2","N2","T3","Positive/elevated",0.679,0.321,"LOW"
70,"2","N2","T3","Positive/elevated",0.6847,0.3153,"LOW"
71,"2","N2","T3","Positive/elevated",0.682,0.318,"LOW"
72,"2","N2","T3","Positive/elevated",0.6721,0.3279,"LOW"
73,"2","N2","T3","Positive/elevated",0.679,0.321,"LOW"
74,"2","N2","T3","Positive/elevated",0.6866,0.3134,"LOW"
75,"2","N2","T3","Positive/elevated",0.6916,0.3084,"LOW"
76,"2","N2","T3","Positive/elevated",0.674,0.326,"LOW"
77,"2","N2","T3","Positive/elevated",0.6795,0.3205,"LOW"
78,"2","N2","T3","Positive/elevated",0.67,0.33,"LOW"
79,"2","N2","T3","Positive/elevated",0.6941,0.3059,"LOW"
80,"2","N2","T3","Positive/elevated",0.6798,0.3202,"LOW"
81,"2","N2","T3","Positive/elevated",0.6878,0.3122,"LOW"
82,"2","N2","T3","Positive/elevated",0.6809,0.3191,"LOW"
83,"2","N2","T3","Positive/elevated",0.6964,0.3036,"LOW"
84,"2","N2","T3","Positive/elevated",0.6907,0.3093,"LOW"
85,"2","N2","T3","Positive/elevated",0.7042,0.2958,"LOW"
86,"2","N2","T3","Positive/elevated",0.691,0.309,"LOW"
87,"2","N2","T3","Positive/elevated",0.6766,0.3234,"LOW"
88,"2","N2","T3","Positive/elevated",0.6218,0.3782,"LOW"
89,"2","N2","T3","Positive/elevated",0.6573,0.3427,"LOW"
90,"2","N2","T3","Positive/elevated",0.7194,0.2806,"LOW"
91,"2","N2","T3","Positive/elevated",0.7194,0.2806,"LOW"
92,"2","N2","T3","Positive/elevated",0.7194,0.2806,"LOW"
93,"2","N2","T3","Positive/elevated",0.7194,0.2806,"LOW"
94,"2","N2","T3","Positive/elevated",0.7194,0.2806,"LOW"
95,"2","N2","T3","Positive/elevated",0.7194,0.2806,"LOW"
96,"2","N2","T3","Positive/elevated",0.7194,0.2806,"LOW"
97,"2","N2","T3","Positive/elevated",0.7194,0.2806,"LOW"
98,"2","N2","T3","Positive/elevated",0.7194,0.2806,"LOW"
99,"2","N2","T3","Positive/elevated",0.7194,0.2806,"LOW"
0,"1","Other/Unknown","T3","Positive/elevated",0.3415,0.6585,"HIGH"
1,"1","Other/Unknown","T3","Positive/elevated",0.3415,0.6585,"HIGH"
2,"1","Other/Unknown","T3","Positive/elevated",0.3415,0.6585,"HIGH"
3,"1","Other/Unknown","T3","Positive/elevated",0.3415,0.6585,"HIGH"
4,"1","Other/Unknown","T3","Positive/elevated",0.3415,0.6585,"HIGH"
5,"1","Other/Unknown","T3","Positive/elevated",0.3415,0.6585,"HIGH"
6,"1","Other/Unknown","T3","Positive/elevated",0.3415,0.6585,"HIGH"
7,"1","Other/Unknown","T3","Positive/elevated",0.3415,0.6585,"HIGH"
8,"1","Other/Unknown","T3","Positive/elevated",0.3415,0.6585,"HIGH"
9,"1","Other/Unknown","T3","Positive/elevated",0.3415,0.6585,"HIGH"
10,"1","Other/Unknown","T3","Positive/elevated",0.3415,0.6585,"HIGH"
11,"1","Other/Unknown","T3","Positive/elevated",0.3415,0.6585,"HIGH"
12,"1","Other/Unknown","T3","Positive/elevated",0.3415,0.6585,"HIGH"
13,"1","Other/Unknown","T3","Positive/elevated",0.3415,0.6585,"HIGH"
14,"1","Other/Unknown","T3","Positive/elevated",0.3415,0.6585,"HIGH"
15,"1","Other/Unknown","T3","Positive/elevated",0.3415,0.6585,"HIGH"
16,"1","Other/Unknown","T3","Positive/elevated",0.3415,0.6585,"HIGH"
17,"1","Other/Unknown","T3","Positive/elevated",0.3415,0.6585,"HIGH"
18,"1","Other/Unknown","T3","Positive/elevated",0.3415,0.6585,"HIGH"
19,"1","Other/Unknown","T3","Positive/elevated",0.3401,0.6599,"HIGH"
20,"1","Other/Unknown","T3","Positive/elevated",0.3401,0.6599,"HIGH"
21,"1","Other/Unknown","T3","Positive/elevated",0.3421,0.6579,"HIGH"
22,"1","Other/Unknown","T3","Positive/elevated",0.3429,0.6571,"HIGH"
23,"1","Other/Unknown","T3","Positive/elevated",0.3452,0.6548,"HIGH"
24,"1","Other/Unknown","T3","Positive/elevated",0.3348,0.6652,"HIGH"
25,"1","Other/Unknown","T3","Positive/elevated",0.3254,0.6746,"HIGH"
26,"1","Other/Unknown","T3","Positive/elevated",0.3057,0.6943,"HIGH"
27,"1","Other/Unknown","T3","Positive/elevated",0.3039,0.6961,"HIGH"
28,"1","Other/Unknown","T3","Positive/elevated",0.2919,0.7081,"HIGH"
29,"1","Other/Unknown","T3","Positive/elevated",0.2731,0.7269,"HIGH"
30,"1","Other/Unknown","T3","Positive/elevated",0.253,0.747,"HIGH"
31,"1","Other/Unknown","T3","Positive/elevated",0.2569,0.7431,"HIGH"
32,"1","Other/Unknown","T3","Positive/elevated",0.2529,0.7471,"HIGH"
33,"1","Other/Unknown","T3","Positive/elevated",0.2553,0.7447,"HIGH"
34,"1","Other/Unknown","T3","Positive/elevated",0.263,0.737,"HIGH"
35,"1","Other/Unknown","T3","Positive/elevated",0.2719,0.7281,"HIGH"
36,"1","Other/Unknown","T3","Positive/elevated",0.2826,0.7174,"HIGH"
37,"1","Other/Unknown","T3","Positive/elevated",0.2992,0.7008,"HIGH"
38,"1","Other/Unknown","T3","Positive/elevated",0.3189,0.6811,"HIGH"
39,"1","Other/Unknown","T3","Positive/elevated",0.3463,0.6537,"HIGH"
40,"1","Other/Unknown","T3","Positive/elevated",0.3995,0.6005,"HIGH"
41,"1","Other/Unknown","T3","Positive/elevated",0.4324,0.5676,"HIGH"
42,"1","Other/Unknown","T3","Positive/elevated",0.4124,0.5876,"HIGH"
43,"1","Other/Unknown","T3","Positive/elevated",0.473,0.527,"HIGH"
44,"1","Other/Unknown","T3","Positive/elevated",0.4694,0.5306,"HIGH"
45,"1","Other/Unknown","T3","Positive/elevated",0.4107,0.5893,"HIGH"
46,"1","Other/Unknown","T3","Positive/elevated",0.3864,0.6136,"HIGH"
47,"1","Other/Unknown","T3","Positive/elevated",0.4048,0.5952,"HIGH"
48,"1","Other/Unknown","T3","Positive/elevated",0.3936,0.6064,"HIGH"
49,"1","Other/Unknown","T3","Positive/elevated",0.4444,0.5556,"HIGH"
50,"1","Other/Unknown","T3","Positive/elevated",0.4566,0.5434,"HIGH"
51,"1","Other/Unknown","T3","Positive/elevated",0.4153,0.5847,"HIGH"
52,"1","Other/Unknown","T3","Positive/elevated",0.4116,0.5884,"HIGH"
53,"1","Other/Unknown","T3","Positive/elevated",0.3909,0.6091,"HIGH"
54,"1","Other/Unknown","T3","Positive/elevated",0.4274,0.5726,"HIGH"
55,"1","Other/Unknown","T3","Positive/elevated",0.4577,0.5423,"HIGH"
56,"1","Other/Unknown","T3","Positive/elevated",0.4457,0.5543,"HIGH"
57,"1","Other/Unknown","T3","Positive/elevated",0.4542,0.5458,"HIGH"
58,"1","Other/Unknown","T3","Positive/elevated",0.5202,0.4798,"LOW"
59,"1","Other/Unknown","T3","Positive/elevated",0.4692,0.5308,"HIGH"
60,"1","Other/Unknown","T3","Positive/elevated",0.4514,0.5486,"HIGH"
61,"1","Other/Unknown","T3","Positive/elevated",0.4763,0.5237,"HIGH"
62,"1","Other/Unknown","T3","Positive/elevated",0.477,0.523,"HIGH"
63,"1","Other/Unknown","T3","Positive/elevated",0.4927,0.5073,"HIGH"
64,"1","Other/Unknown","T3","Positive/elevated",0.4776,0.5224,"HIGH"
65,"1","Other/Unknown","T3","Positive/elevated",0.4823,0.5177,"HIGH"
66,"1","Other/Unknown","T3","Positive/elevated",0.4405,0.5595,"HIGH"
67,"1","Other/Unknown","T3","Positive/elevated",0.4515,0.5485,"HIGH"
68,"1","Other/Unknown","T3","Positive/elevated",0.5124,0.4876,"LOW"
69,"1","Other/Unknown","T3","Positive/elevated",0.4605,0.5395,"HIGH"
70,"1","Other/Unknown","T3","Positive/elevated",0.5154,0.4846,"LOW"
71,"1","Other/Unknown","T3","Positive/elevated",0.4973,0.5027,"HIGH"
72,"1","Other/Unknown","T3","Positive/elevated",0.5818,0.4182,"LOW"
73,"1","Other/Unknown","T3","Positive/elevated",0.5912,0.4088,"LOW"
74,"1","Other/Unknown","T3","Positive/elevated",0.558,0.442,"LOW"
75,"1","Other/Unknown","T3","Positive/elevated",0.5277,0.4723,"LOW"
76,"1","Other/Unknown","T3","Positive/elevated",0.5034,0.4966,"LOW"
77,"1","Other/Unknown","T3","Positive/elevated",0.5352,0.4648,"LOW"
78,"1","Other/Unknown","T3","Positive/elevated",0.5225,0.4775,"LOW"
79,"1","Other/Unknown","T3","Positive/elevated",0.5109,0.4891,"LOW"
80,"1","Other/Unknown","T3","Positive/elevated",0.5561,0.4439,"LOW"
81,"1","Other/Unknown","T3","Positive/elevated",0.5487,0.4513,"LOW"
82,"1","Other/Unknown","T3","Positive/elevated",0.5665,0.4335,"LOW"
83,"1","Other/Unknown","T3","Positive/elevated",0.5359,0.4641,"LOW"
84,"1","Other/Unknown","T3","Positive/elevated",0.4669,0.5331,"HIGH"
85,"1","Other/Unknown","T3","Positive/elevated",0.4772,0.5228,"HIGH"
86,"1","Other/Unknown","T3","Positive/elevated",0.5858,0.4142,"LOW"
87,"1","Other/Unknown","T3","Positive/elevated",0.6305,0.3695,"LOW"
88,"1","Other/Unknown","T3","Positive/elevated",0.6129,0.3871,"LOW"
89,"1","Other/Unknown","T3","Positive/elevated",0.5169,0.4831,"LOW"
90,"1","Other/Unknown","T3","Positive/elevated",0.6027,0.3973,"LOW"
91,"1","Other/Unknown","T3","Positive/elevated",0.6027,0.3973,"LOW"
92,"1","Other/Unknown","T3","Positive/elevated",0.6027,0.3973,"LOW"
93,"1","Other/Unknown","T3","Positive/elevated",0.6027,0.3973,"LOW"
94,"1","Other/Unknown","T3","Positive/elevated",0.6027,0.3973,"LOW"
95,"1","Other/Unknown","T3","Positive/elevated",0.6027,0.3973,"LOW"
96,"1","Other/Unknown","T3","Positive/elevated",0.6027,0.3973,"LOW"
97,"1","Other/Unknown","T3","Positive/elevated",0.6027,0.3973,"LOW"
98,"1","Other/Unknown","T3","Positive/elevated",0.6027,0.3973,"LOW"
99,"1","Other/Unknown","T3","Positive/elevated",0.6027,0.3973,"LOW"
0,"2","Other/Unknown","T3","Positive/elevated",0.4765,0.5235,"HIGH"
1,"2","Other/Unknown","T3","Positive/elevated",0.4765,0.5235,"HIGH"
2,"2","Other/Unknown","T3","Positive/elevated",0.4765,0.5235,"HIGH"
3,"2","Other/Unknown","T3","Positive/elevated",0.4765,0.5235,"HIGH"
4,"2","Other/Unknown","T3","Positive/elevated",0.4765,0.5235,"HIGH"
5,"2","Other/Unknown","T3","Positive/elevated",0.4765,0.5235,"HIGH"
6,"2","Other/Unknown","T3","Positive/elevated",0.4765,0.5235,"HIGH"
7,"2","Other/Unknown","T3","Positive/elevated",0.4765,0.5235,"HIGH"
8,"2","Other/Unknown","T3","Positive/elevated",0.4765,0.5235,"HIGH"
9,"2","Other/Unknown","T3","Positive/elevated",0.4765,0.5235,"HIGH"
10,"2","Other/Unknown","T3","Positive/elevated",0.4765,0.5235,"HIGH"
11,"2","Other/Unknown","T3","Positive/elevated",0.4765,0.5235,"HIGH"
12,"2","Other/Unknown","T3","Positive/elevated",0.4765,0.5235,"HIGH"
13,"2","Other/Unknown","T3","Positive/elevated",0.4765,0.5235,"HIGH"
14,"2","Other/Unknown","T3","Positive/elevated",0.4765,0.5235,"HIGH"
15,"2","Other/Unknown","T3","Positive/elevated",0.4765,0.5235,"HIGH"
16,"2","Other/Unknown","T3","Positive/elevated",0.4765,0.5235,"HIGH"
17,"2","Other/Unknown","T3","Positive/elevated",0.4765,0.5235,"HIGH"
18,"2","Other/Unknown","T3","Positive/elevated",0.4765,0.5235,"HIGH"
19,"2","Other/Unknown","T3","Positive/elevated",0.477,0.523,"HIGH"
20,"2","Other/Unknown","T3","Positive/elevated",0.477,0.523,"HIGH"
21,"2","Other/Unknown","T3","Positive/elevated",0.4821,0.5179,"HIGH"
22,"2","Other/Unknown","T3","Positive/elevated",0.4829,0.5171,"HIGH"
23,"2","Other/Unknown","T3","Positive/elevated",0.4853,0.5147,"HIGH"
24,"2","Other/Unknown","T3","Positive/elevated",0.4625,0.5375,"HIGH"
25,"2","Other/Unknown","T3","Positive/elevated",0.4289,0.5711,"HIGH"
26,"2","Other/Unknown","T3","Positive/elevated",0.4035,0.5965,"HIGH"
27,"2","Other/Unknown","T3","Positive/elevated",0.3823,0.6177,"HIGH"
28,"2","Other/Unknown","T3","Positive/elevated",0.3655,0.6345,"HIGH"
29,"2","Other/Unknown","T3","Positive/elevated",0.3332,0.6668,"HIGH"
30,"2","Other/Unknown","T3","Positive/elevated",0.3108,0.6892,"HIGH"
31,"2","Other/Unknown","T3","Positive/elevated",0.3014,0.6986,"HIGH"
32,"2","Other/Unknown","T3","Positive/elevated",0.2796,0.7204,"HIGH"
33,"2","Other/Unknown","T3","Positive/elevated",0.2536,0.7464,"HIGH"
34,"2","Other/Unknown","T3","Positive/elevated",0.2431,0.7569,"HIGH"
35,"2","Other/Unknown","T3","Positive/elevated",0.2469,0.7531,"HIGH"
36,"2","Other/Unknown","T3","Positive/elevated",0.2496,0.7504,"HIGH"
37,"2","Other/Unknown","T3","Positive/elevated",0.2722,0.7278,"HIGH"
38,"2","Other/Unknown","T3","Positive/elevated",0.3472,0.6528,"HIGH"
39,"2","Other/Unknown","T3","Positive/elevated",0.2812,0.7188,"HIGH"
40,"2","Other/Unknown","T3","Positive/elevated",0.2681,0.7319,"HIGH"
41,"2","Other/Unknown","T3","Positive/elevated",0.2536,0.7464,"HIGH"
42,"2","Other/Unknown","T3","Positive/elevated",0.2514,0.7486,"HIGH"
43,"2","Other/Unknown","T3","Positive/elevated",0.2666,0.7334,"HIGH"
44,"2","Other/Unknown","T3","Positive/elevated",0.2654,0.7346,"HIGH"
45,"2","Other/Unknown","T3","Positive/elevated",0.2785,0.7215,"HIGH"
46,"2","Other/Unknown","T3","Positive/elevated",0.327,0.673,"HIGH"
47,"2","Other/Unknown","T3","Positive/elevated",0.3273,0.6727,"HIGH"
48,"2","Other/Unknown","T3","Positive/elevated",0.3704,0.6296,"HIGH"
49,"2","Other/Unknown","T3","Positive/elevated",0.3567,0.6433,"HIGH"
50,"2","Other/Unknown","T3","Positive/elevated",0.3157,0.6843,"HIGH"
51,"2","Other/Unknown","T3","Positive/elevated",0.3233,0.6767,"HIGH"
52,"2","Other/Unknown","T3","Positive/elevated",0.3541,0.6459,"HIGH"
53,"2","Other/Unknown","T3","Positive/elevated",0.3617,0.6383,"HIGH"
54,"2","Other/Unknown","T3","Positive/elevated",0.357,0.643,"HIGH"
55,"2","Other/Unknown","T3","Positive/elevated",0.3544,0.6456,"HIGH"
56,"2","Other/Unknown","T3","Positive/elevated",0.3848,0.6152,"HIGH"
57,"2","Other/Unknown","T3","Positive/elevated",0.3882,0.6118,"HIGH"
58,"2","Other/Unknown","T3","Positive/elevated",0.35,0.65,"HIGH"
59,"2","Other/Unknown","T3","Positive/elevated",0.3366,0.6634,"HIGH"
60,"2","Other/Unknown","T3","Positive/elevated",0.3534,0.6466,"HIGH"
61,"2","Other/Unknown","T3","Positive/elevated",0.3586,0.6414,"HIGH"
62,"2","Other/Unknown","T3","Positive/elevated",0.4039,0.5961,"HIGH"
63,"2","Other/Unknown","T3","Positive/elevated",0.4522,0.5478,"HIGH"
64,"2","Other/Unknown","T3","Positive/elevated",0.4479,0.5521,"HIGH"
65,"2","Other/Unknown","T3","Positive/elevated",0.4063,0.5937,"HIGH"
66,"2","Other/Unknown","T3","Positive/elevated",0.3912,0.6088,"HIGH"
67,"2","Other/Unknown","T3","Positive/elevated",0.4592,0.5408,"HIGH"
68,"2","Other/Unknown","T3","Positive/elevated",0.3832,0.6168,"HIGH"
69,"2","Other/Unknown","T3","Positive/elevated",0.4357,0.5643,"HIGH"
70,"2","Other/Unknown","T3","Positive/elevated",0.4155,0.5845,"HIGH"
71,"2","Other/Unknown","T3","Positive/elevated",0.4914,0.5086,"HIGH"
72,"2","Other/Unknown","T3","Positive/elevated",0.4359,0.5641,"HIGH"
73,"2","Other/Unknown","T3","Positive/elevated",0.5097,0.4903,"LOW"
74,"2","Other/Unknown","T3","Positive/elevated",0.4604,0.5396,"HIGH"
75,"2","Other/Unknown","T3","Positive/elevated",0.416,0.584,"HIGH"
76,"2","Other/Unknown","T3","Positive/elevated",0.4611,0.5389,"HIGH"
77,"2","Other/Unknown","T3","Positive/elevated",0.443,0.557,"HIGH"
78,"2","Other/Unknown","T3","Positive/elevated",0.4568,0.5432,"HIGH"
79,"2","Other/Unknown","T3","Positive/elevated",0.4478,0.5522,"HIGH"
80,"2","Other/Unknown","T3","Positive/elevated",0.5026,0.4974,"LOW"
81,"2","Other/Unknown","T3","Positive/elevated",0.4331,0.5669,"HIGH"
82,"2","Other/Unknown","T3","Positive/elevated",0.3841,0.6159,"HIGH"
83,"2","Other/Unknown","T3","Positive/elevated",0.4625,0.5375,"HIGH"
84,"2","Other/Unknown","T3","Positive/elevated",0.3919,0.6081,"HIGH"
85,"2","Other/Unknown","T3","Positive/elevated",0.4864,0.5136,"HIGH"
86,"2","Other/Unknown","T3","Positive/elevated",0.478,0.522,"HIGH"
87,"2","Other/Unknown","T3","Positive/elevated",0.4324,0.5676,"HIGH"
88,"2","Other/Unknown","T3","Positive/elevated",0.5267,0.4733,"LOW"
89,"2","Other/Unknown","T3","Positive/elevated",0.4917,0.5083,"HIGH"
90,"2","Other/Unknown","T3","Positive/elevated",0.4494,0.5506,"HIGH"
91,"2","Other/Unknown","T3","Positive/elevated",0.4494,0.5506,"HIGH"
92,"2","Other/Unknown","T3","Positive/elevated",0.4494,0.5506,"HIGH"
93,"2","Other/Unknown","T3","Positive/elevated",0.4494,0.5506,"HIGH"
94,"2","Other/Unknown","T3","Positive/elevated",0.4494,0.5506,"HIGH"
95,"2","Other/Unknown","T3","Positive/elevated",0.4494,0.5506,"HIGH"
96,"2","Other/Unknown","T3","Positive/elevated",0.4494,0.5506,"HIGH"
97,"2","Other/Unknown","T3","Positive/elevated",0.4494,0.5506,"HIGH"
98,"2","Other/Unknown","T3","Positive/elevated",0.4494,0.5506,"HIGH"
99,"2","Other/Unknown","T3","Positive/elevated",0.4494,0.5506,"HIGH"
0,"1","N0","T4","Positive/elevated",0.761,0.239,"LOW"
1,"1","N0","T4","Positive/elevated",0.761,0.239,"LOW"
2,"1","N0","T4","Positive/elevated",0.761,0.239,"LOW"
3,"1","N0","T4","Positive/elevated",0.761,0.239,"LOW"
4,"1","N0","T4","Positive/elevated",0.761,0.239,"LOW"
5,"1","N0","T4","Positive/elevated",0.761,0.239,"LOW"
6,"1","N0","T4","Positive/elevated",0.761,0.239,"LOW"
7,"1","N0","T4","Positive/elevated",0.761,0.239,"LOW"
8,"1","N0","T4","Positive/elevated",0.761,0.239,"LOW"
9,"1","N0","T4","Positive/elevated",0.761,0.239,"LOW"
10,"1","N0","T4","Positive/elevated",0.761,0.239,"LOW"
11,"1","N0","T4","Positive/elevated",0.761,0.239,"LOW"
12,"1","N0","T4","Positive/elevated",0.761,0.239,"LOW"
13,"1","N0","T4","Positive/elevated",0.761,0.239,"LOW"
14,"1","N0","T4","Positive/elevated",0.761,0.239,"LOW"
15,"1","N0","T4","Positive/elevated",0.761,0.239,"LOW"
16,"1","N0","T4","Positive/elevated",0.761,0.239,"LOW"
17,"1","N0","T4","Positive/elevated",0.761,0.239,"LOW"
18,"1","N0","T4","Positive/elevated",0.761,0.239,"LOW"
19,"1","N0","T4","Positive/elevated",0.7645,0.2355,"LOW"
20,"1","N0","T4","Positive/elevated",0.7619,0.2381,"LOW"
21,"1","N0","T4","Positive/elevated",0.7599,0.2401,"LOW"
22,"1","N0","T4","Positive/elevated",0.7576,0.2424,"LOW"
23,"1","N0","T4","Positive/elevated",0.7452,0.2548,"LOW"
24,"1","N0","T4","Positive/elevated",0.7365,0.2635,"LOW"
25,"1","N0","T4","Positive/elevated",0.7354,0.2646,"LOW"
26,"1","N0","T4","Positive/elevated",0.7326,0.2674,"LOW"
27,"1","N0","T4","Positive/elevated",0.7495,0.2505,"LOW"
28,"1","N0","T4","Positive/elevated",0.7513,0.2487,"LOW"
29,"1","N0","T4","Positive/elevated",0.76,0.24,"LOW"
30,"1","N0","T4","Positive/elevated",0.7459,0.2541,"LOW"
31,"1","N0","T4","Positive/elevated",0.7328,0.2672,"LOW"
32,"1","N0","T4","Positive/elevated",0.692,0.308,"LOW"
33,"1","N0","T4","Positive/elevated",0.7356,0.2644,"LOW"
34,"1","N0","T4","Positive/elevated",0.7447,0.2553,"LOW"
35,"1","N0","T4","Positive/elevated",0.7278,0.2722,"LOW"
36,"1","N0","T4","Positive/elevated",0.6929,0.3071,"LOW"
37,"1","N0","T4","Positive/elevated",0.7166,0.2834,"LOW"
38,"1","N0","T4","Positive/elevated",0.7024,0.2976,"LOW"
39,"1","N0","T4","Positive/elevated",0.6779,0.3221,"LOW"
40,"1","N0","T4","Positive/elevated",0.674,0.326,"LOW"
41,"1","N0","T4","Positive/elevated",0.6723,0.3277,"LOW"
42,"1","N0","T4","Positive/elevated",0.6762,0.3238,"LOW"
43,"1","N0","T4","Positive/elevated",0.6777,0.3223,"LOW"
44,"1","N0","T4","Positive/elevated",0.695,0.305,"LOW"
45,"1","N0","T4","Positive/elevated",0.6884,0.3116,"LOW"
46,"1","N0","T4","Positive/elevated",0.6978,0.3022,"LOW"
47,"1","N0","T4","Positive/elevated",0.6844,0.3156,"LOW"
48,"1","N0","T4","Positive/elevated",0.6584,0.3416,"LOW"
49,"1","N0","T4","Positive/elevated",0.6511,0.3489,"LOW"
50,"1","N0","T4","Positive/elevated",0.6663,0.3337,"LOW"
51,"1","N0","T4","Positive/elevated",0.6562,0.3438,"LOW"
52,"1","N0","T4","Positive/elevated",0.6582,0.3418,"LOW"
53,"1","N0","T4","Positive/elevated",0.6637,0.3363,"LOW"
54,"1","N0","T4","Positive/elevated",0.6593,0.3407,"LOW"
55,"1","N0","T4","Positive/elevated",0.6476,0.3524,"LOW"
56,"1","N0","T4","Positive/elevated",0.6448,0.3552,"LOW"
57,"1","N0","T4","Positive/elevated",0.6411,0.3589,"LOW"
58,"1","N0","T4","Positive/elevated",0.6467,0.3533,"LOW"
59,"1","N0","T4","Positive/elevated",0.6485,0.3515,"LOW"
60,"1","N0","T4","Positive/elevated",0.6463,0.3537,"LOW"
61,"1","N0","T4","Positive/elevated",0.6417,0.3583,"LOW"
62,"1","N0","T4","Positive/elevated",0.6338,0.3662,"LOW"
63,"1","N0","T4","Positive/elevated",0.6411,0.3589,"LOW"
64,"1","N0","T4","Positive/elevated",0.6481,0.3519,"LOW"
65,"1","N0","T4","Positive/elevated",0.6501,0.3499,"LOW"
66,"1","N0","T4","Positive/elevated",0.6561,0.3439,"LOW"
67,"1","N0","T4","Positive/elevated",0.6553,0.3447,"LOW"
68,"1","N0","T4","Positive/elevated",0.6483,0.3517,"LOW"
69,"1","N0","T4","Positive/elevated",0.6571,0.3429,"LOW"
70,"1","N0","T4","Positive/elevated",0.6576,0.3424,"LOW"
71,"1","N0","T4","Positive/elevated",0.6751,0.3249,"LOW"
72,"1","N0","T4","Positive/elevated",0.6702,0.3298,"LOW"
73,"1","N0","T4","Positive/elevated",0.6622,0.3378,"LOW"
74,"1","N0","T4","Positive/elevated",0.6521,0.3479,"LOW"
75,"1","N0","T4","Positive/elevated",0.6596,0.3404,"LOW"
76,"1","N0","T4","Positive/elevated",0.6683,0.3317,"LOW"
77,"1","N0","T4","Positive/elevated",0.693,0.307,"LOW"
78,"1","N0","T4","Positive/elevated",0.6739,0.3261,"LOW"
79,"1","N0","T4","Positive/elevated",0.7083,0.2917,"LOW"
80,"1","N0","T4","Positive/elevated",0.6869,0.3131,"LOW"
81,"1","N0","T4","Positive/elevated",0.7197,0.2803,"LOW"
82,"1","N0","T4","Positive/elevated",0.7213,0.2787,"LOW"
83,"1","N0","T4","Positive/elevated",0.7182,0.2818,"LOW"
84,"1","N0","T4","Positive/elevated",0.7439,0.2561,"LOW"
85,"1","N0","T4","Positive/elevated",0.7156,0.2844,"LOW"
86,"1","N0","T4","Positive/elevated",0.7293,0.2707,"LOW"
87,"1","N0","T4","Positive/elevated",0.7183,0.2817,"LOW"
88,"1","N0","T4","Positive/elevated",0.7349,0.2651,"LOW"
89,"1","N0","T4","Positive/elevated",0.7094,0.2906,"LOW"
90,"1","N0","T4","Positive/elevated",0.7131,0.2869,"LOW"
91,"1","N0","T4","Positive/elevated",0.7131,0.2869,"LOW"
92,"1","N0","T4","Positive/elevated",0.7131,0.2869,"LOW"
93,"1","N0","T4","Positive/elevated",0.7131,0.2869,"LOW"
94,"1","N0","T4","Positive/elevated",0.7131,0.2869,"LOW"
95,"1","N0","T4","Positive/elevated",0.7131,0.2869,"LOW"
96,"1","N0","T4","Positive/elevated",0.7131,0.2869,"LOW"
97,"1","N0","T4","Positive/elevated",0.7131,0.2869,"LOW"
98,"1","N0","T4","Positive/elevated",0.7131,0.2869,"LOW"
99,"1","N0","T4","Positive/elevated",0.7131,0.2869,"LOW"
0,"2","N0","T4","Positive/elevated",0.5943,0.4057,"LOW"
1,"2","N0","T4","Positive/elevated",0.5943,0.4057,"LOW"
2,"2","N0","T4","Positive/elevated",0.5943,0.4057,"LOW"
3,"2","N0","T4","Positive/elevated",0.5943,0.4057,"LOW"
4,"2","N0","T4","Positive/elevated",0.5943,0.4057,"LOW"
5,"2","N0","T4","Positive/elevated",0.5943,0.4057,"LOW"
6,"2","N0","T4","Positive/elevated",0.5943,0.4057,"LOW"
7,"2","N0","T4","Positive/elevated",0.5943,0.4057,"LOW"
8,"2","N0","T4","Positive/elevated",0.5943,0.4057,"LOW"
9,"2","N0","T4","Positive/elevated",0.5943,0.4057,"LOW"
10,"2","N0","T4","Positive/elevated",0.5943,0.4057,"LOW"
11,"2","N0","T4","Positive/elevated",0.5943,0.4057,"LOW"
12,"2","N0","T4","Positive/elevated",0.5943,0.4057,"LOW"
13,"2","N0","T4","Positive/elevated",0.5943,0.4057,"LOW"
14,"2","N0","T4","Positive/elevated",0.5943,0.4057,"LOW"
15,"2","N0","T4","Positive/elevated",0.5943,0.4057,"LOW"
16,"2","N0","T4","Positive/elevated",0.5963,0.4037,"LOW"
17,"2","N0","T4","Positive/elevated",0.5963,0.4037,"LOW"
18,"2","N0","T4","Positive/elevated",0.6011,0.3989,"LOW"
19,"2","N0","T4","Positive/elevated",0.606,0.394,"LOW"
20,"2","N0","T4","Positive/elevated",0.6074,0.3926,"LOW"
21,"2","N0","T4","Positive/elevated",0.6038,0.3962,"LOW"
22,"2","N0","T4","Positive/elevated",0.5993,0.4007,"LOW"
23,"2","N0","T4","Positive/elevated",0.5647,0.4353,"LOW"
24,"2","N0","T4","Positive/elevated",0.5308,0.4692,"LOW"
25,"2","N0","T4","Positive/elevated",0.5053,0.4947,"LOW"
26,"2","N0","T4","Positive/elevated",0.4701,0.5299,"HIGH"
27,"2","N0","T4","Positive/elevated",0.493,0.507,"HIGH"
28,"2","N0","T4","Positive/elevated",0.4898,0.5102,"HIGH"
29,"2","N0","T4","Positive/elevated",0.5022,0.4978,"LOW"
30,"2","N0","T4","Positive/elevated",0.5225,0.4775,"LOW"
31,"2","N0","T4","Positive/elevated",0.5377,0.4623,"LOW"
32,"2","N0","T4","Positive/elevated",0.5425,0.4575,"LOW"
33,"2","N0","T4","Positive/elevated",0.5513,0.4487,"LOW"
34,"2","N0","T4","Positive/elevated",0.6168,0.3832,"LOW"
35,"2","N0","T4","Positive/elevated",0.606,0.394,"LOW"
36,"2","N0","T4","Positive/elevated",0.5938,0.4062,"LOW"
37,"2","N0","T4","Positive/elevated",0.5775,0.4225,"LOW"
38,"2","N0","T4","Positive/elevated",0.6025,0.3975,"LOW"
39,"2","N0","T4","Positive/elevated",0.6249,0.3751,"LOW"
40,"2","N0","T4","Positive/elevated",0.6435,0.3565,"LOW"
41,"2","N0","T4","Positive/elevated",0.6258,0.3742,"LOW"
42,"2","N0","T4","Positive/elevated",0.6391,0.3609,"LOW"
43,"2","N0","T4","Positive/elevated",0.6296,0.3704,"LOW"
44,"2","N0","T4","Positive/elevated",0.6506,0.3494,"LOW"
45,"2","N0","T4","Positive/elevated",0.6323,0.3677,"LOW"
46,"2","N0","T4","Positive/elevated",0.6531,0.3469,"LOW"
47,"2","N0","T4","Positive/elevated",0.6787,0.3213,"LOW"
48,"2","N0","T4","Positive/elevated",0.674,0.326,"LOW"
49,"2","N0","T4","Positive/elevated",0.6674,0.3326,"LOW"
50,"2","N0","T4","Positive/elevated",0.675,0.325,"LOW"
51,"2","N0","T4","Positive/elevated",0.6557,0.3443,"LOW"
52,"2","N0","T4","Positive/elevated",0.6585,0.3415,"LOW"
53,"2","N0","T4","Positive/elevated",0.6653,0.3347,"LOW"
54,"2","N0","T4","Positive/elevated",0.6651,0.3349,"LOW"
55,"2","N0","T4","Positive/elevated",0.6562,0.3438,"LOW"
56,"2","N0","T4","Positive/elevated",0.6679,0.3321,"LOW"
57,"2","N0","T4","Positive/elevated",0.6757,0.3243,"LOW"
58,"2","N0","T4","Positive/elevated",0.6775,0.3225,"LOW"
59,"2","N0","T4","Positive/elevated",0.6687,0.3313,"LOW"
60,"2","N0","T4","Positive/elevated",0.6927,0.3073,"LOW"
61,"2","N0","T4","Positive/elevated",0.6633,0.3367,"LOW"
62,"2","N0","T4","Positive/elevated",0.6713,0.3287,"LOW"
63,"2","N0","T4","Positive/elevated",0.6798,0.3202,"LOW"
64,"2","N0","T4","Positive/elevated",0.691,0.309,"LOW"
65,"2","N0","T4","Positive/elevated",0.6959,0.3041,"LOW"
66,"2","N0","T4","Positive/elevated",0.7009,0.2991,"LOW"
67,"2","N0","T4","Positive/elevated",0.7124,0.2876,"LOW"
68,"2","N0","T4","Positive/elevated",0.6913,0.3087,"LOW"
69,"2","N0","T4","Positive/elevated",0.6858,0.3142,"LOW"
70,"2","N0","T4","Positive/elevated",0.7118,0.2882,"LOW"
71,"2","N0","T4","Positive/elevated",0.7085,0.2915,"LOW"
72,"2","N0","T4","Positive/elevated",0.7123,0.2877,"LOW"
73,"2","N0","T4","Positive/elevated",0.7163,0.2837,"LOW"
74,"2","N0","T4","Positive/elevated",0.7353,0.2647,"LOW"
75,"2","N0","T4","Positive/elevated",0.7301,0.2699,"LOW"
76,"2","N0","T4","Positive/elevated",0.7228,0.2772,"LOW"
77,"2","N0","T4","Positive/elevated",0.7331,0.2669,"LOW"
78,"2","N0","T4","Positive/elevated",0.6946,0.3054,"LOW"
79,"2","N0","T4","Positive/elevated",0.7254,0.2746,"LOW"
80,"2","N0","T4","Positive/elevated",0.7237,0.2763,"LOW"
81,"2","N0","T4","Positive/elevated",0.7227,0.2773,"LOW"
82,"2","N0","T4","Positive/elevated",0.7171,0.2829,"LOW"
83,"2","N0","T4","Positive/elevated",0.707,0.293,"LOW"
84,"2","N0","T4","Positive/elevated",0.7243,0.2757,"LOW"
85,"2","N0","T4","Positive/elevated",0.7484,0.2516,"LOW"
86,"2","N0","T4","Positive/elevated",0.7417,0.2583,"LOW"
87,"2","N0","T4","Positive/elevated",0.7497,0.2503,"LOW"
88,"2","N0","T4","Positive/elevated",0.733,0.267,"LOW"
89,"2","N0","T4","Positive/elevated",0.769,0.231,"LOW"
90,"2","N0","T4","Positive/elevated",0.7315,0.2685,"LOW"
91,"2","N0","T4","Positive/elevated",0.7315,0.2685,"LOW"
92,"2","N0","T4","Positive/elevated",0.7315,0.2685,"LOW"
93,"2","N0","T4","Positive/elevated",0.7315,0.2685,"LOW"
94,"2","N0","T4","Positive/elevated",0.7315,0.2685,"LOW"
95,"2","N0","T4","Positive/elevated",0.7315,0.2685,"LOW"
96,"2","N0","T4","Positive/elevated",0.7315,0.2685,"LOW"
97,"2","N0","T4","Positive/elevated",0.7315,0.2685,"LOW"
98,"2","N0","T4","Positive/elevated",0.7315,0.2685,"LOW"
99,"2","N0","T4","Positive/elevated",0.7315,0.2685,"LOW"
0,"1","N1","T4","Positive/elevated",0.6705,0.3295,"LOW"
1,"1","N1","T4","Positive/elevated",0.6705,0.3295,"LOW"
2,"1","N1","T4","Positive/elevated",0.6705,0.3295,"LOW"
3,"1","N1","T4","Positive/elevated",0.6705,0.3295,"LOW"
4,"1","N1","T4","Positive/elevated",0.6705,0.3295,"LOW"
5,"1","N1","T4","Positive/elevated",0.6705,0.3295,"LOW"
6,"1","N1","T4","Positive/elevated",0.6705,0.3295,"LOW"
7,"1","N1","T4","Positive/elevated",0.6705,0.3295,"LOW"
8,"1","N1","T4","Positive/elevated",0.6705,0.3295,"LOW"
9,"1","N1","T4","Positive/elevated",0.6705,0.3295,"LOW"
10,"1","N1","T4","Positive/elevated",0.6705,0.3295,"LOW"
11,"1","N1","T4","Positive/elevated",0.6705,0.3295,"LOW"
12,"1","N1","T4","Positive/elevated",0.6705,0.3295,"LOW"
13,"1","N1","T4","Positive/elevated",0.6705,0.3295,"LOW"
14,"1","N1","T4","Positive/elevated",0.6705,0.3295,"LOW"
15,"1","N1","T4","Positive/elevated",0.6705,0.3295,"LOW"
16,"1","N1","T4","Positive/elevated",0.6705,0.3295,"LOW"
17,"1","N1","T4","Positive/elevated",0.6705,0.3295,"LOW"
18,"1","N1","T4","Positive/elevated",0.6705,0.3295,"LOW"
19,"1","N1","T4","Positive/elevated",0.6715,0.3285,"LOW"
20,"1","N1","T4","Positive/elevated",0.6735,0.3265,"LOW"
21,"1","N1","T4","Positive/elevated",0.6556,0.3444,"LOW"
22,"1","N1","T4","Positive/elevated",0.6386,0.3614,"LOW"
23,"1","N1","T4","Positive/elevated",0.6347,0.3653,"LOW"
24,"1","N1","T4","Positive/elevated",0.6216,0.3784,"LOW"
25,"1","N1","T4","Positive/elevated",0.6148,0.3852,"LOW"
26,"1","N1","T4","Positive/elevated",0.6179,0.3821,"LOW"
27,"1","N1","T4","Positive/elevated",0.6545,0.3455,"LOW"
28,"1","N1","T4","Positive/elevated",0.653,0.347,"LOW"
29,"1","N1","T4","Positive/elevated",0.6272,0.3728,"LOW"
30,"1","N1","T4","Positive/elevated",0.6194,0.3806,"LOW"
31,"1","N1","T4","Positive/elevated",0.5411,0.4589,"LOW"
32,"1","N1","T4","Positive/elevated",0.536,0.464,"LOW"
33,"1","N1","T4","Positive/elevated",0.5144,0.4856,"LOW"
34,"1","N1","T4","Positive/elevated",0.5676,0.4324,"LOW"
35,"1","N1","T4","Positive/elevated",0.5478,0.4522,"LOW"
36,"1","N1","T4","Positive/elevated",0.5417,0.4583,"LOW"
37,"1","N1","T4","Positive/elevated",0.5333,0.4667,"LOW"
38,"1","N1","T4","Positive/elevated",0.528,0.472,"LOW"
39,"1","N1","T4","Positive/elevated",0.5073,0.4927,"LOW"
40,"1","N1","T4","Positive/elevated",0.5185,0.4815,"LOW"
41,"1","N1","T4","Positive/elevated",0.5456,0.4544,"LOW"
42,"1","N1","T4","Positive/elevated",0.5182,0.4818,"LOW"
43,"1","N1","T4","Positive/elevated",0.5202,0.4798,"LOW"
44,"1","N1","T4","Positive/elevated",0.5421,0.4579,"LOW"
45,"1","N1","T4","Positive/elevated",0.5363,0.4637,"LOW"
46,"1","N1","T4","Positive/elevated",0.5379,0.4621,"LOW"
47,"1","N1","T4","Positive/elevated",0.532,0.468,"LOW"
48,"1","N1","T4","Positive/elevated",0.5498,0.4502,"LOW"
49,"1","N1","T4","Positive/elevated",0.564,0.436,"LOW"
50,"1","N1","T4","Positive/elevated",0.5685,0.4315,"LOW"
51,"1","N1","T4","Positive/elevated",0.5506,0.4494,"LOW"
52,"1","N1","T4","Positive/elevated",0.5508,0.4492,"LOW"
53,"1","N1","T4","Positive/elevated",0.5653,0.4347,"LOW"
54,"1","N1","T4","Positive/elevated",0.5798,0.4202,"LOW"
55,"1","N1","T4","Positive/elevated",0.5696,0.4304,"LOW"
56,"1","N1","T4","Positive/elevated",0.5692,0.4308,"LOW"
57,"1","N1","T4","Positive/elevated",0.5767,0.4233,"LOW"
58,"1","N1","T4","Positive/elevated",0.5751,0.4249,"LOW"
59,"1","N1","T4","Positive/elevated",0.5754,0.4246,"LOW"
60,"1","N1","T4","Positive/elevated",0.5674,0.4326,"LOW"
61,"1","N1","T4","Positive/elevated",0.5698,0.4302,"LOW"
62,"1","N1","T4","Positive/elevated",0.5691,0.4309,"LOW"
63,"1","N1","T4","Positive/elevated",0.575,0.425,"LOW"
64,"1","N1","T4","Positive/elevated",0.5736,0.4264,"LOW"
65,"1","N1","T4","Positive/elevated",0.5699,0.4301,"LOW"
66,"1","N1","T4","Positive/elevated",0.5817,0.4183,"LOW"
67,"1","N1","T4","Positive/elevated",0.6114,0.3886,"LOW"
68,"1","N1","T4","Positive/elevated",0.5898,0.4102,"LOW"
69,"1","N1","T4","Positive/elevated",0.5962,0.4038,"LOW"
70,"1","N1","T4","Positive/elevated",0.5909,0.4091,"LOW"
71,"1","N1","T4","Positive/elevated",0.5964,0.4036,"LOW"
72,"1","N1","T4","Positive/elevated",0.6121,0.3879,"LOW"
73,"1","N1","T4","Positive/elevated",0.6045,0.3955,"LOW"
74,"1","N1","T4","Positive/elevated",0.6009,0.3991,"LOW"
75,"1","N1","T4","Positive/elevated",0.6211,0.3789,"LOW"
76,"1","N1","T4","Positive/elevated",0.5953,0.4047,"LOW"
77,"1","N1","T4","Positive/elevated",0.6136,0.3864,"LOW"
78,"1","N1","T4","Positive/elevated",0.6079,0.3921,"LOW"
79,"1","N1","T4","Positive/elevated",0.6343,0.3657,"LOW"
80,"1","N1","T4","Positive/elevated",0.6217,0.3783,"LOW"
81,"1","N1","T4","Positive/elevated",0.6397,0.3603,"LOW"
82,"1","N1","T4","Positive/elevated",0.6723,0.3277,"LOW"
83,"1","N1","T4","Positive/elevated",0.6632,0.3368,"LOW"
84,"1","N1","T4","Positive/elevated",0.6876,0.3124,"LOW"
85,"1","N1","T4","Positive/elevated",0.6655,0.3345,"LOW"
86,"1","N1","T4","Positive/elevated",0.6426,0.3574,"LOW"
87,"1","N1","T4","Positive/elevated",0.6094,0.3906,"LOW"
88,"1","N1","T4","Positive/elevated",0.6402,0.3598,"LOW"
89,"1","N1","T4","Positive/elevated",0.6999,0.3001,"LOW"
90,"1","N1","T4","Positive/elevated",0.6832,0.3168,"LOW"
91,"1","N1","T4","Positive/elevated",0.6832,0.3168,"LOW"
92,"1","N1","T4","Positive/elevated",0.6832,0.3168,"LOW"
93,"1","N1","T4","Positive/elevated",0.6832,0.3168,"LOW"
94,"1","N1","T4","Positive/elevated",0.6832,0.3168,"LOW"
95,"1","N1","T4","Positive/elevated",0.6832,0.3168,"LOW"
96,"1","N1","T4","Positive/elevated",0.6832,0.3168,"LOW"
97,"1","N1","T4","Positive/elevated",0.6832,0.3168,"LOW"
98,"1","N1","T4","Positive/elevated",0.6832,0.3168,"LOW"
99,"1","N1","T4","Positive/elevated",0.6832,0.3168,"LOW"
0,"2","N1","T4","Positive/elevated",0.404,0.596,"HIGH"
1,"2","N1","T4","Positive/elevated",0.404,0.596,"HIGH"
2,"2","N1","T4","Positive/elevated",0.404,0.596,"HIGH"
3,"2","N1","T4","Positive/elevated",0.404,0.596,"HIGH"
4,"2","N1","T4","Positive/elevated",0.404,0.596,"HIGH"
5,"2","N1","T4","Positive/elevated",0.404,0.596,"HIGH"
6,"2","N1","T4","Positive/elevated",0.404,0.596,"HIGH"
7,"2","N1","T4","Positive/elevated",0.404,0.596,"HIGH"
8,"2","N1","T4","Positive/elevated",0.404,0.596,"HIGH"
9,"2","N1","T4","Positive/elevated",0.404,0.596,"HIGH"
10,"2","N1","T4","Positive/elevated",0.404,0.596,"HIGH"
11,"2","N1","T4","Positive/elevated",0.404,0.596,"HIGH"
12,"2","N1","T4","Positive/elevated",0.404,0.596,"HIGH"
13,"2","N1","T4","Positive/elevated",0.404,0.596,"HIGH"
14,"2","N1","T4","Positive/elevated",0.404,0.596,"HIGH"
15,"2","N1","T4","Positive/elevated",0.404,0.596,"HIGH"
16,"2","N1","T4","Positive/elevated",0.404,0.596,"HIGH"
17,"2","N1","T4","Positive/elevated",0.404,0.596,"HIGH"
18,"2","N1","T4","Positive/elevated",0.404,0.596,"HIGH"
19,"2","N1","T4","Positive/elevated",0.404,0.596,"HIGH"
20,"2","N1","T4","Positive/elevated",0.4065,0.5935,"HIGH"
21,"2","N1","T4","Positive/elevated",0.3911,0.6089,"HIGH"
22,"2","N1","T4","Positive/elevated",0.3709,0.6291,"HIGH"
23,"2","N1","T4","Positive/elevated",0.3711,0.6289,"HIGH"
24,"2","N1","T4","Positive/elevated",0.366,0.634,"HIGH"
25,"2","N1","T4","Positive/elevated",0.3733,0.6267,"HIGH"
26,"2","N1","T4","Positive/elevated",0.4053,0.5947,"HIGH"
27,"2","N1","T4","Positive/elevated",0.5236,0.4764,"LOW"
28,"2","N1","T4","Positive/elevated",0.4868,0.5132,"HIGH"
29,"2","N1","T4","Positive/elevated",0.4363,0.5637,"HIGH"
30,"2","N1","T4","Positive/elevated",0.431,0.569,"HIGH"
31,"2","N1","T4","Positive/elevated",0.4654,0.5346,"HIGH"
32,"2","N1","T4","Positive/elevated",0.4542,0.5458,"HIGH"
33,"2","N1","T4","Positive/elevated",0.4576,0.5424,"HIGH"
34,"2","N1","T4","Positive/elevated",0.4952,0.5048,"HIGH"
35,"2","N1","T4","Positive/elevated",0.4757,0.5243,"HIGH"
36,"2","N1","T4","Positive/elevated",0.5189,0.4811,"LOW"
37,"2","N1","T4","Positive/elevated",0.5735,0.4265,"LOW"
38,"2","N1","T4","Positive/elevated",0.5444,0.4556,"LOW"
39,"2","N1","T4","Positive/elevated",0.5792,0.4208,"LOW"
40,"2","N1","T4","Positive/elevated",0.5331,0.4669,"LOW"
41,"2","N1","T4","Positive/elevated",0.5609,0.4391,"LOW"
42,"2","N1","T4","Positive/elevated",0.5586,0.4414,"LOW"
43,"2","N1","T4","Positive/elevated",0.555,0.445,"LOW"
44,"2","N1","T4","Positive/elevated",0.587,0.413,"LOW"
45,"2","N1","T4","Positive/elevated",0.5958,0.4042,"LOW"
46,"2","N1","T4","Positive/elevated",0.5955,0.4045,"LOW"
47,"2","N1","T4","Positive/elevated",0.5755,0.4245,"LOW"
48,"2","N1","T4","Positive/elevated",0.5842,0.4158,"LOW"
49,"2","N1","T4","Positive/elevated",0.585,0.415,"LOW"
50,"2","N1","T4","Positive/elevated",0.5977,0.4023,"LOW"
51,"2","N1","T4","Positive/elevated",0.5843,0.4157,"LOW"
52,"2","N1","T4","Positive/elevated",0.5808,0.4192,"LOW"
53,"2","N1","T4","Positive/elevated",0.6017,0.3983,"LOW"
54,"2","N1","T4","Positive/elevated",0.5938,0.4062,"LOW"
55,"2","N1","T4","Positive/elevated",0.597,0.403,"LOW"
56,"2","N1","T4","Positive/elevated",0.5838,0.4162,"LOW"
57,"2","N1","T4","Positive/elevated",0.5971,0.4029,"LOW"
58,"2","N1","T4","Positive/elevated",0.6074,0.3926,"LOW"
59,"2","N1","T4","Positive/elevated",0.5817,0.4183,"LOW"
60,"2","N1","T4","Positive/elevated",0.5885,0.4115,"LOW"
61,"2","N1","T4","Positive/elevated",0.5988,0.4012,"LOW"
62,"2","N1","T4","Positive/elevated",0.6111,0.3889,"LOW"
63,"2","N1","T4","Positive/elevated",0.6035,0.3965,"LOW"
64,"2","N1","T4","Positive/elevated",0.5874,0.4126,"LOW"
65,"2","N1","T4","Positive/elevated",0.5925,0.4075,"LOW"
66,"2","N1","T4","Positive/elevated",0.59,0.41,"LOW"
67,"2","N1","T4","Positive/elevated",0.6151,0.3849,"LOW"
68,"2","N1","T4","Positive/elevated",0.6134,0.3866,"LOW"
69,"2","N1","T4","Positive/elevated",0.6056,0.3944,"LOW"
70,"2","N1","T4","Positive/elevated",0.6174,0.3826,"LOW"
71,"2","N1","T4","Positive/elevated",0.6214,0.3786,"LOW"
72,"2","N1","T4","Positive/elevated",0.6164,0.3836,"LOW"
73,"2","N1","T4","Positive/elevated",0.609,0.391,"LOW"
74,"2","N1","T4","Positive/elevated",0.6124,0.3876,"LOW"
75,"2","N1","T4","Positive/elevated",0.6156,0.3844,"LOW"
76,"2","N1","T4","Positive/elevated",0.6218,0.3782,"LOW"
77,"2","N1","T4","Positive/elevated",0.6203,0.3797,"LOW"
78,"2","N1","T4","Positive/elevated",0.6257,0.3743,"LOW"
79,"2","N1","T4","Positive/elevated",0.6258,0.3742,"LOW"
80,"2","N1","T4","Positive/elevated",0.6095,0.3905,"LOW"
81,"2","N1","T4","Positive/elevated",0.5591,0.4409,"LOW"
82,"2","N1","T4","Positive/elevated",0.539,0.461,"LOW"
83,"2","N1","T4","Positive/elevated",0.5959,0.4041,"LOW"
84,"2","N1","T4","Positive/elevated",0.6259,0.3741,"LOW"
85,"2","N1","T4","Positive/elevated",0.5864,0.4136,"LOW"
86,"2","N1","T4","Positive/elevated",0.6072,0.3928,"LOW"
87,"2","N1","T4","Positive/elevated",0.6287,0.3713,"LOW"
88,"2","N1","T4","Positive/elevated",0.5858,0.4142,"LOW"
89,"2","N1","T4","Positive/elevated",0.585,0.415,"LOW"
90,"2","N1","T4","Positive/elevated",0.5872,0.4128,"LOW"
91,"2","N1","T4","Positive/elevated",0.5872,0.4128,"LOW"
92,"2","N1","T4","Positive/elevated",0.5872,0.4128,"LOW"
93,"2","N1","T4","Positive/elevated",0.5872,0.4128,"LOW"
94,"2","N1","T4","Positive/elevated",0.5872,0.4128,"LOW"
95,"2","N1","T4","Positive/elevated",0.5872,0.4128,"LOW"
96,"2","N1","T4","Positive/elevated",0.5872,0.4128,"LOW"
97,"2","N1","T4","Positive/elevated",0.5872,0.4128,"LOW"
98,"2","N1","T4","Positive/elevated",0.5872,0.4128,"LOW"
99,"2","N1","T4","Positive/elevated",0.5872,0.4128,"LOW"
0,"1","N2","T4","Positive/elevated",0.5527,0.4473,"LOW"
1,"1","N2","T4","Positive/elevated",0.5527,0.4473,"LOW"
2,"1","N2","T4","Positive/elevated",0.5527,0.4473,"LOW"
3,"1","N2","T4","Positive/elevated",0.5527,0.4473,"LOW"
4,"1","N2","T4","Positive/elevated",0.5527,0.4473,"LOW"
5,"1","N2","T4","Positive/elevated",0.5527,0.4473,"LOW"
6,"1","N2","T4","Positive/elevated",0.5527,0.4473,"LOW"
7,"1","N2","T4","Positive/elevated",0.5527,0.4473,"LOW"
8,"1","N2","T4","Positive/elevated",0.5527,0.4473,"LOW"
9,"1","N2","T4","Positive/elevated",0.5527,0.4473,"LOW"
10,"1","N2","T4","Positive/elevated",0.5527,0.4473,"LOW"
11,"1","N2","T4","Positive/elevated",0.5527,0.4473,"LOW"
12,"1","N2","T4","Positive/elevated",0.5527,0.4473,"LOW"
13,"1","N2","T4","Positive/elevated",0.5527,0.4473,"LOW"
14,"1","N2","T4","Positive/elevated",0.5527,0.4473,"LOW"
15,"1","N2","T4","Positive/elevated",0.5527,0.4473,"LOW"
16,"1","N2","T4","Positive/elevated",0.5646,0.4354,"LOW"
17,"1","N2","T4","Positive/elevated",0.5745,0.4255,"LOW"
18,"1","N2","T4","Positive/elevated",0.5811,0.4189,"LOW"
19,"1","N2","T4","Positive/elevated",0.5968,0.4032,"LOW"
20,"1","N2","T4","Positive/elevated",0.5791,0.4209,"LOW"
21,"1","N2","T4","Positive/elevated",0.548,0.452,"LOW"
22,"1","N2","T4","Positive/elevated",0.5084,0.4916,"LOW"
23,"1","N2","T4","Positive/elevated",0.4765,0.5235,"HIGH"
24,"1","N2","T4","Positive/elevated",0.4652,0.5348,"HIGH"
25,"1","N2","T4","Positive/elevated",0.4556,0.5444,"HIGH"
26,"1","N2","T4","Positive/elevated",0.4361,0.5639,"HIGH"
27,"1","N2","T4","Positive/elevated",0.5021,0.4979,"LOW"
28,"1","N2","T4","Positive/elevated",0.4699,0.5301,"HIGH"
29,"1","N2","T4","Positive/elevated",0.544,0.456,"LOW"
30,"1","N2","T4","Positive/elevated",0.5636,0.4364,"LOW"
31,"1","N2","T4","Positive/elevated",0.5425,0.4575,"LOW"
32,"1","N2","T4","Positive/elevated",0.506,0.494,"LOW"
33,"1","N2","T4","Positive/elevated",0.4792,0.5208,"HIGH"
34,"1","N2","T4","Positive/elevated",0.4999,0.5001,"HIGH"
35,"1","N2","T4","Positive/elevated",0.4839,0.5161,"HIGH"
36,"1","N2","T4","Positive/elevated",0.5031,0.4969,"LOW"
37,"1","N2","T4","Positive/elevated",0.4936,0.5064,"HIGH"
38,"1","N2","T4","Positive/elevated",0.5281,0.4719,"LOW"
39,"1","N2","T4","Positive/elevated",0.5125,0.4875,"LOW"
40,"1","N2","T4","Positive/elevated",0.5191,0.4809,"LOW"
41,"1","N2","T4","Positive/elevated",0.5389,0.4611,"LOW"
42,"1","N2","T4","Positive/elevated",0.5284,0.4716,"LOW"
43,"1","N2","T4","Positive/elevated",0.5302,0.4698,"LOW"
44,"1","N2","T4","Positive/elevated",0.5232,0.4768,"LOW"
45,"1","N2","T4","Positive/elevated",0.543,0.457,"LOW"
46,"1","N2","T4","Positive/elevated",0.5152,0.4848,"LOW"
47,"1","N2","T4","Positive/elevated",0.5275,0.4725,"LOW"
48,"1","N2","T4","Positive/elevated",0.519,0.481,"LOW"
49,"1","N2","T4","Positive/elevated",0.5216,0.4784,"LOW"
50,"1","N2","T4","Positive/elevated",0.5359,0.4641,"LOW"
51,"1","N2","T4","Positive/elevated",0.5428,0.4572,"LOW"
52,"1","N2","T4","Positive/elevated",0.5503,0.4497,"LOW"
53,"1","N2","T4","Positive/elevated",0.5416,0.4584,"LOW"
54,"1","N2","T4","Positive/elevated",0.5484,0.4516,"LOW"
55,"1","N2","T4","Positive/elevated",0.5285,0.4715,"LOW"
56,"1","N2","T4","Positive/elevated",0.5366,0.4634,"LOW"
57,"1","N2","T4","Positive/elevated",0.5384,0.4616,"LOW"
58,"1","N2","T4","Positive/elevated",0.5363,0.4637,"LOW"
59,"1","N2","T4","Positive/elevated",0.5243,0.4757,"LOW"
60,"1","N2","T4","Positive/elevated",0.5371,0.4629,"LOW"
61,"1","N2","T4","Positive/elevated",0.5497,0.4503,"LOW"
62,"1","N2","T4","Positive/elevated",0.5459,0.4541,"LOW"
63,"1","N2","T4","Positive/elevated",0.5457,0.4543,"LOW"
64,"1","N2","T4","Positive/elevated",0.5392,0.4608,"LOW"
65,"1","N2","T4","Positive/elevated",0.5434,0.4566,"LOW"
66,"1","N2","T4","Positive/elevated",0.5485,0.4515,"LOW"
67,"1","N2","T4","Positive/elevated",0.5456,0.4544,"LOW"
68,"1","N2","T4","Positive/elevated",0.5394,0.4606,"LOW"
69,"1","N2","T4","Positive/elevated",0.538,0.462,"LOW"
70,"1","N2","T4","Positive/elevated",0.5439,0.4561,"LOW"
71,"1","N2","T4","Positive/elevated",0.5841,0.4159,"LOW"
72,"1","N2","T4","Positive/elevated",0.5807,0.4193,"LOW"
73,"1","N2","T4","Positive/elevated",0.554,0.446,"LOW"
74,"1","N2","T4","Positive/elevated",0.5496,0.4504,"LOW"
75,"1","N2","T4","Positive/elevated",0.5712,0.4288,"LOW"
76,"1","N2","T4","Positive/elevated",0.5633,0.4367,"LOW"
77,"1","N2","T4","Positive/elevated",0.5595,0.4405,"LOW"
78,"1","N2","T4","Positive/elevated",0.5813,0.4187,"LOW"
79,"1","N2","T4","Positive/elevated",0.5416,0.4584,"LOW"
80,"1","N2","T4","Positive/elevated",0.4905,0.5095,"HIGH"
81,"1","N2","T4","Positive/elevated",0.5203,0.4797,"LOW"
82,"1","N2","T4","Positive/elevated",0.5456,0.4544,"LOW"
83,"1","N2","T4","Positive/elevated",0.5241,0.4759,"LOW"
84,"1","N2","T4","Positive/elevated",0.4651,0.5349,"HIGH"
85,"1","N2","T4","Positive/elevated",0.4544,0.5456,"HIGH"
86,"1","N2","T4","Positive/elevated",0.4652,0.5348,"HIGH"
87,"1","N2","T4","Positive/elevated",0.53,0.47,"LOW"
88,"1","N2","T4","Positive/elevated",0.5805,0.4195,"LOW"
89,"1","N2","T4","Positive/elevated",0.6249,0.3751,"LOW"
90,"1","N2","T4","Positive/elevated",0.6465,0.3535,"LOW"
91,"1","N2","T4","Positive/elevated",0.6465,0.3535,"LOW"
92,"1","N2","T4","Positive/elevated",0.6465,0.3535,"LOW"
93,"1","N2","T4","Positive/elevated",0.6465,0.3535,"LOW"
94,"1","N2","T4","Positive/elevated",0.6465,0.3535,"LOW"
95,"1","N2","T4","Positive/elevated",0.6465,0.3535,"LOW"
96,"1","N2","T4","Positive/elevated",0.6465,0.3535,"LOW"
97,"1","N2","T4","Positive/elevated",0.6465,0.3535,"LOW"
98,"1","N2","T4","Positive/elevated",0.6465,0.3535,"LOW"
99,"1","N2","T4","Positive/elevated",0.6465,0.3535,"LOW"
0,"2","N2","T4","Positive/elevated",0.4264,0.5736,"HIGH"
1,"2","N2","T4","Positive/elevated",0.4264,0.5736,"HIGH"
2,"2","N2","T4","Positive/elevated",0.4264,0.5736,"HIGH"
3,"2","N2","T4","Positive/elevated",0.4264,0.5736,"HIGH"
4,"2","N2","T4","Positive/elevated",0.4264,0.5736,"HIGH"
5,"2","N2","T4","Positive/elevated",0.4264,0.5736,"HIGH"
6,"2","N2","T4","Positive/elevated",0.4264,0.5736,"HIGH"
7,"2","N2","T4","Positive/elevated",0.4264,0.5736,"HIGH"
8,"2","N2","T4","Positive/elevated",0.4264,0.5736,"HIGH"
9,"2","N2","T4","Positive/elevated",0.4264,0.5736,"HIGH"
10,"2","N2","T4","Positive/elevated",0.4264,0.5736,"HIGH"
11,"2","N2","T4","Positive/elevated",0.4264,0.5736,"HIGH"
12,"2","N2","T4","Positive/elevated",0.4264,0.5736,"HIGH"
13,"2","N2","T4","Positive/elevated",0.4264,0.5736,"HIGH"
14,"2","N2","T4","Positive/elevated",0.4264,0.5736,"HIGH"
15,"2","N2","T4","Positive/elevated",0.4264,0.5736,"HIGH"
16,"2","N2","T4","Positive/elevated",0.453,0.547,"HIGH"
17,"2","N2","T4","Positive/elevated",0.475,0.525,"HIGH"
18,"2","N2","T4","Positive/elevated",0.4964,0.5036,"HIGH"
19,"2","N2","T4","Positive/elevated",0.5196,0.4804,"LOW"
20,"2","N2","T4","Positive/elevated",0.5334,0.4666,"LOW"
21,"2","N2","T4","Positive/elevated",0.5008,0.4992,"LOW"
22,"2","N2","T4","Positive/elevated",0.4547,0.5453,"HIGH"
23,"2","N2","T4","Positive/elevated",0.411,0.589,"HIGH"
24,"2","N2","T4","Positive/elevated",0.4082,0.5918,"HIGH"
25,"2","N2","T4","Positive/elevated",0.4111,0.5889,"HIGH"
26,"2","N2","T4","Positive/elevated",0.4104,0.5896,"HIGH"
27,"2","N2","T4","Positive/elevated",0.4433,0.5567,"HIGH"
28,"2","N2","T4","Positive/elevated",0.4484,0.5516,"HIGH"
29,"2","N2","T4","Positive/elevated",0.5127,0.4873,"LOW"
30,"2","N2","T4","Positive/elevated",0.5444,0.4556,"LOW"
31,"2","N2","T4","Positive/elevated",0.541,0.459,"LOW"
32,"2","N2","T4","Positive/elevated",0.4742,0.5258,"HIGH"
33,"2","N2","T4","Positive/elevated",0.4645,0.5355,"HIGH"
34,"2","N2","T4","Positive/elevated",0.4529,0.5471,"HIGH"
35,"2","N2","T4","Positive/elevated",0.4577,0.5423,"HIGH"
36,"2","N2","T4","Positive/elevated",0.475,0.525,"HIGH"
37,"2","N2","T4","Positive/elevated",0.4945,0.5055,"HIGH"
38,"2","N2","T4","Positive/elevated",0.5205,0.4795,"LOW"
39,"2","N2","T4","Positive/elevated",0.487,0.513,"HIGH"
40,"2","N2","T4","Positive/elevated",0.5173,0.4827,"LOW"
41,"2","N2","T4","Positive/elevated",0.5229,0.4771,"LOW"
42,"2","N2","T4","Positive/elevated",0.5258,0.4742,"LOW"
43,"2","N2","T4","Positive/elevated",0.5365,0.4635,"LOW"
44,"2","N2","T4","Positive/elevated",0.5403,0.4597,"LOW"
45,"2","N2","T4","Positive/elevated",0.5505,0.4495,"LOW"
46,"2","N2","T4","Positive/elevated",0.5538,0.4462,"LOW"
47,"2","N2","T4","Positive/elevated",0.5671,0.4329,"LOW"
48,"2","N2","T4","Positive/elevated",0.5811,0.4189,"LOW"
49,"2","N2","T4","Positive/elevated",0.5469,0.4531,"LOW"
50,"2","N2","T4","Positive/elevated",0.5313,0.4687,"LOW"
51,"2","N2","T4","Positive/elevated",0.5531,0.4469,"LOW"
52,"2","N2","T4","Positive/elevated",0.5433,0.4567,"LOW"
53,"2","N2","T4","Positive/elevated",0.5394,0.4606,"LOW"
54,"2","N2","T4","Positive/elevated",0.5565,0.4435,"LOW"
55,"2","N2","T4","Positive/elevated",0.5346,0.4654,"LOW"
56,"2","N2","T4","Positive/elevated",0.528,0.472,"LOW"
57,"2","N2","T4","Positive/elevated",0.5269,0.4731,"LOW"
58,"2","N2","T4","Positive/elevated",0.5272,0.4728,"LOW"
59,"2","N2","T4","Positive/elevated",0.52,0.48,"LOW"
60,"2","N2","T4","Positive/elevated",0.523,0.477,"LOW"
61,"2","N2","T4","Positive/elevated",0.5203,0.4797,"LOW"
62,"2","N2","T4","Positive/elevated",0.513,0.487,"LOW"
63,"2","N2","T4","Positive/elevated",0.5165,0.4835,"LOW"
64,"2","N2","T4","Positive/elevated",0.4959,0.5041,"HIGH"
65,"2","N2","T4","Positive/elevated",0.5197,0.4803,"LOW"
66,"2","N2","T4","Positive/elevated",0.5097,0.4903,"LOW"
67,"2","N2","T4","Positive/elevated",0.5259,0.4741,"LOW"
68,"2","N2","T4","Positive/elevated",0.5283,0.4717,"LOW"
69,"2","N2","T4","Positive/elevated",0.5189,0.4811,"LOW"
70,"2","N2","T4","Positive/elevated",0.5325,0.4675,"LOW"
71,"2","N2","T4","Positive/elevated",0.5535,0.4465,"LOW"
72,"2","N2","T4","Positive/elevated",0.5753,0.4247,"LOW"
73,"2","N2","T4","Positive/elevated",0.5553,0.4447,"LOW"
74,"2","N2","T4","Positive/elevated",0.5452,0.4548,"LOW"
75,"2","N2","T4","Positive/elevated",0.5239,0.4761,"LOW"
76,"2","N2","T4","Positive/elevated",0.5283,0.4717,"LOW"
77,"2","N2","T4","Positive/elevated",0.4989,0.5011,"HIGH"
78,"2","N2","T4","Positive/elevated",0.4954,0.5046,"HIGH"
79,"2","N2","T4","Positive/elevated",0.5137,0.4863,"LOW"
80,"2","N2","T4","Positive/elevated",0.5643,0.4357,"LOW"
81,"2","N2","T4","Positive/elevated",0.5925,0.4075,"LOW"
82,"2","N2","T4","Positive/elevated",0.5371,0.4629,"LOW"
83,"2","N2","T4","Positive/elevated",0.594,0.406,"LOW"
84,"2","N2","T4","Positive/elevated",0.6029,0.3971,"LOW"
85,"2","N2","T4","Positive/elevated",0.5456,0.4544,"LOW"
86,"2","N2","T4","Positive/elevated",0.5593,0.4407,"LOW"
87,"2","N2","T4","Positive/elevated",0.5932,0.4068,"LOW"
88,"2","N2","T4","Positive/elevated",0.5554,0.4446,"LOW"
89,"2","N2","T4","Positive/elevated",0.5326,0.4674,"LOW"
90,"2","N2","T4","Positive/elevated",0.6163,0.3837,"LOW"
91,"2","N2","T4","Positive/elevated",0.6163,0.3837,"LOW"
92,"2","N2","T4","Positive/elevated",0.6163,0.3837,"LOW"
93,"2","N2","T4","Positive/elevated",0.6163,0.3837,"LOW"
94,"2","N2","T4","Positive/elevated",0.6163,0.3837,"LOW"
95,"2","N2","T4","Positive/elevated",0.6163,0.3837,"LOW"
96,"2","N2","T4","Positive/elevated",0.6163,0.3837,"LOW"
97,"2","N2","T4","Positive/elevated",0.6163,0.3837,"LOW"
98,"2","N2","T4","Positive/elevated",0.6163,0.3837,"LOW"
99,"2","N2","T4","Positive/elevated",0.6163,0.3837,"LOW"
0,"1","Other/Unknown","T4","Positive/elevated",0.565,0.435,"LOW"
1,"1","Other/Unknown","T4","Positive/elevated",0.565,0.435,"LOW"
2,"1","Other/Unknown","T4","Positive/elevated",0.565,0.435,"LOW"
3,"1","Other/Unknown","T4","Positive/elevated",0.565,0.435,"LOW"
4,"1","Other/Unknown","T4","Positive/elevated",0.565,0.435,"LOW"
5,"1","Other/Unknown","T4","Positive/elevated",0.565,0.435,"LOW"
6,"1","Other/Unknown","T4","Positive/elevated",0.565,0.435,"LOW"
7,"1","Other/Unknown","T4","Positive/elevated",0.565,0.435,"LOW"
8,"1","Other/Unknown","T4","Positive/elevated",0.565,0.435,"LOW"
9,"1","Other/Unknown","T4","Positive/elevated",0.565,0.435,"LOW"
10,"1","Other/Unknown","T4","Positive/elevated",0.565,0.435,"LOW"
11,"1","Other/Unknown","T4","Positive/elevated",0.565,0.435,"LOW"
12,"1","Other/Unknown","T4","Positive/elevated",0.565,0.435,"LOW"
13,"1","Other/Unknown","T4","Positive/elevated",0.565,0.435,"LOW"
14,"1","Other/Unknown","T4","Positive/elevated",0.565,0.435,"LOW"
15,"1","Other/Unknown","T4","Positive/elevated",0.565,0.435,"LOW"
16,"1","Other/Unknown","T4","Positive/elevated",0.565,0.435,"LOW"
17,"1","Other/Unknown","T4","Positive/elevated",0.565,0.435,"LOW"
18,"1","Other/Unknown","T4","Positive/elevated",0.565,0.435,"LOW"
19,"1","Other/Unknown","T4","Positive/elevated",0.565,0.435,"LOW"
20,"1","Other/Unknown","T4","Positive/elevated",0.5637,0.4363,"LOW"
21,"1","Other/Unknown","T4","Positive/elevated",0.5665,0.4335,"LOW"
22,"1","Other/Unknown","T4","Positive/elevated",0.5672,0.4328,"LOW"
23,"1","Other/Unknown","T4","Positive/elevated",0.5672,0.4328,"LOW"
24,"1","Other/Unknown","T4","Positive/elevated",0.5704,0.4296,"LOW"
25,"1","Other/Unknown","T4","Positive/elevated",0.5754,0.4246,"LOW"
26,"1","Other/Unknown","T4","Positive/elevated",0.5724,0.4276,"LOW"
27,"1","Other/Unknown","T4","Positive/elevated",0.5771,0.4229,"LOW"
28,"1","Other/Unknown","T4","Positive/elevated",0.5824,0.4176,"LOW"
29,"1","Other/Unknown","T4","Positive/elevated",0.5767,0.4233,"LOW"
30,"1","Other/Unknown","T4","Positive/elevated",0.4786,0.5214,"HIGH"
31,"1","Other/Unknown","T4","Positive/elevated",0.3942,0.6058,"HIGH"
32,"1","Other/Unknown","T4","Positive/elevated",0.3948,0.6052,"HIGH"
33,"1","Other/Unknown","T4","Positive/elevated",0.343,0.657,"HIGH"
34,"1","Other/Unknown","T4","Positive/elevated",0.3373,0.6627,"HIGH"
35,"1","Other/Unknown","T4","Positive/elevated",0.3334,0.6666,"HIGH"
36,"1","Other/Unknown","T4","Positive/elevated",0.3248,0.6752,"HIGH"
37,"1","Other/Unknown","T4","Positive/elevated",0.3264,0.6736,"HIGH"
38,"1","Other/Unknown","T4","Positive/elevated",0.3212,0.6788,"HIGH"
39,"1","Other/Unknown","T4","Positive/elevated",0.3254,0.6746,"HIGH"
40,"1","Other/Unknown","T4","Positive/elevated",0.333,0.667,"HIGH"
41,"1","Other/Unknown","T4","Positive/elevated",0.4021,0.5979,"HIGH"
42,"1","Other/Unknown","T4","Positive/elevated",0.4002,0.5998,"HIGH"
43,"1","Other/Unknown","T4","Positive/elevated",0.4023,0.5977,"HIGH"
44,"1","Other/Unknown","T4","Positive/elevated",0.4042,0.5958,"HIGH"
45,"1","Other/Unknown","T4","Positive/elevated",0.3286,0.6714,"HIGH"
46,"1","Other/Unknown","T4","Positive/elevated",0.3617,0.6383,"HIGH"
47,"1","Other/Unknown","T4","Positive/elevated",0.3695,0.6305,"HIGH"
48,"1","Other/Unknown","T4","Positive/elevated",0.3494,0.6506,"HIGH"
49,"1","Other/Unknown","T4","Positive/elevated",0.3353,0.6647,"HIGH"
50,"1","Other/Unknown","T4","Positive/elevated",0.3621,0.6379,"HIGH"
51,"1","Other/Unknown","T4","Positive/elevated",0.3475,0.6525,"HIGH"
52,"1","Other/Unknown","T4","Positive/elevated",0.3372,0.6628,"HIGH"
53,"1","Other/Unknown","T4","Positive/elevated",0.3271,0.6729,"HIGH"
54,"1","Other/Unknown","T4","Positive/elevated",0.3471,0.6529,"HIGH"
55,"1","Other/Unknown","T4","Positive/elevated",0.3738,0.6262,"HIGH"
56,"1","Other/Unknown","T4","Positive/elevated",0.3753,0.6247,"HIGH"
57,"1","Other/Unknown","T4","Positive/elevated",0.3618,0.6382,"HIGH"
58,"1","Other/Unknown","T4","Positive/elevated",0.3624,0.6376,"HIGH"
59,"1","Other/Unknown","T4","Positive/elevated",0.3218,0.6782,"HIGH"
60,"1","Other/Unknown","T4","Positive/elevated",0.3257,0.6743,"HIGH"
61,"1","Other/Unknown","T4","Positive/elevated",0.3676,0.6324,"HIGH"
62,"1","Other/Unknown","T4","Positive/elevated",0.3439,0.6561,"HIGH"
63,"1","Other/Unknown","T4","Positive/elevated",0.3387,0.6613,"HIGH"
64,"1","Other/Unknown","T4","Positive/elevated",0.3638,0.6362,"HIGH"
65,"1","Other/Unknown","T4","Positive/elevated",0.4092,0.5908,"HIGH"
66,"1","Other/Unknown","T4","Positive/elevated",0.3893,0.6107,"HIGH"
67,"1","Other/Unknown","T4","Positive/elevated",0.3823,0.6177,"HIGH"
68,"1","Other/Unknown","T4","Positive/elevated",0.3712,0.6288,"HIGH"
69,"1","Other/Unknown","T4","Positive/elevated",0.4041,0.5959,"HIGH"
70,"1","Other/Unknown","T4","Positive/elevated",0.3581,0.6419,"HIGH"
71,"1","Other/Unknown","T4","Positive/elevated",0.3308,0.6692,"HIGH"
72,"1","Other/Unknown","T4","Positive/elevated",0.356,0.644,"HIGH"
73,"1","Other/Unknown","T4","Positive/elevated",0.3905,0.6095,"HIGH"
74,"1","Other/Unknown","T4","Positive/elevated",0.4182,0.5818,"HIGH"
75,"1","Other/Unknown","T4","Positive/elevated",0.4169,0.5831,"HIGH"
76,"1","Other/Unknown","T4","Positive/elevated",0.3716,0.6284,"HIGH"
77,"1","Other/Unknown","T4","Positive/elevated",0.3347,0.6653,"HIGH"
78,"1","Other/Unknown","T4","Positive/elevated",0.3449,0.6551,"HIGH"
79,"1","Other/Unknown","T4","Positive/elevated",0.3757,0.6243,"HIGH"
80,"1","Other/Unknown","T4","Positive/elevated",0.4177,0.5823,"HIGH"
81,"1","Other/Unknown","T4","Positive/elevated",0.4144,0.5856,"HIGH"
82,"1","Other/Unknown","T4","Positive/elevated",0.3164,0.6836,"HIGH"
83,"1","Other/Unknown","T4","Positive/elevated",0.3216,0.6784,"HIGH"
84,"1","Other/Unknown","T4","Positive/elevated",0.324,0.676,"HIGH"
85,"1","Other/Unknown","T4","Positive/elevated",0.302,0.698,"HIGH"
86,"1","Other/Unknown","T4","Positive/elevated",0.3134,0.6866,"HIGH"
87,"1","Other/Unknown","T4","Positive/elevated",0.2776,0.7224,"HIGH"
88,"1","Other/Unknown","T4","Positive/elevated",0.2569,0.7431,"HIGH"
89,"1","Other/Unknown","T4","Positive/elevated",0.2385,0.7615,"HIGH"
90,"1","Other/Unknown","T4","Positive/elevated",0.2383,0.7617,"HIGH"
91,"1","Other/Unknown","T4","Positive/elevated",0.2383,0.7617,"HIGH"
92,"1","Other/Unknown","T4","Positive/elevated",0.2383,0.7617,"HIGH"
93,"1","Other/Unknown","T4","Positive/elevated",0.2383,0.7617,"HIGH"
94,"1","Other/Unknown","T4","Positive/elevated",0.2383,0.7617,"HIGH"
95,"1","Other/Unknown","T4","Positive/elevated",0.2383,0.7617,"HIGH"
96,"1","Other/Unknown","T4","Positive/elevated",0.2383,0.7617,"HIGH"
97,"1","Other/Unknown","T4","Positive/elevated",0.2383,0.7617,"HIGH"
98,"1","Other/Unknown","T4","Positive/elevated",0.2383,0.7617,"HIGH"
99,"1","Other/Unknown","T4","Positive/elevated",0.2383,0.7617,"HIGH"
0,"2","Other/Unknown","T4","Positive/elevated",0.311,0.689,"HIGH"
1,"2","Other/Unknown","T4","Positive/elevated",0.311,0.689,"HIGH"
2,"2","Other/Unknown","T4","Positive/elevated",0.311,0.689,"HIGH"
3,"2","Other/Unknown","T4","Positive/elevated",0.311,0.689,"HIGH"
4,"2","Other/Unknown","T4","Positive/elevated",0.311,0.689,"HIGH"
5,"2","Other/Unknown","T4","Positive/elevated",0.311,0.689,"HIGH"
6,"2","Other/Unknown","T4","Positive/elevated",0.311,0.689,"HIGH"
7,"2","Other/Unknown","T4","Positive/elevated",0.311,0.689,"HIGH"
8,"2","Other/Unknown","T4","Positive/elevated",0.311,0.689,"HIGH"
9,"2","Other/Unknown","T4","Positive/elevated",0.311,0.689,"HIGH"
10,"2","Other/Unknown","T4","Positive/elevated",0.311,0.689,"HIGH"
11,"2","Other/Unknown","T4","Positive/elevated",0.311,0.689,"HIGH"
12,"2","Other/Unknown","T4","Positive/elevated",0.311,0.689,"HIGH"
13,"2","Other/Unknown","T4","Positive/elevated",0.311,0.689,"HIGH"
14,"2","Other/Unknown","T4","Positive/elevated",0.311,0.689,"HIGH"
15,"2","Other/Unknown","T4","Positive/elevated",0.311,0.689,"HIGH"
16,"2","Other/Unknown","T4","Positive/elevated",0.311,0.689,"HIGH"
17,"2","Other/Unknown","T4","Positive/elevated",0.311,0.689,"HIGH"
18,"2","Other/Unknown","T4","Positive/elevated",0.311,0.689,"HIGH"
19,"2","Other/Unknown","T4","Positive/elevated",0.311,0.689,"HIGH"
20,"2","Other/Unknown","T4","Positive/elevated",0.311,0.689,"HIGH"
21,"2","Other/Unknown","T4","Positive/elevated",0.313,0.687,"HIGH"
22,"2","Other/Unknown","T4","Positive/elevated",0.3134,0.6866,"HIGH"
23,"2","Other/Unknown","T4","Positive/elevated",0.3132,0.6868,"HIGH"
24,"2","Other/Unknown","T4","Positive/elevated",0.3137,0.6863,"HIGH"
25,"2","Other/Unknown","T4","Positive/elevated",0.3077,0.6923,"HIGH"
26,"2","Other/Unknown","T4","Positive/elevated",0.3086,0.6914,"HIGH"
27,"2","Other/Unknown","T4","Positive/elevated",0.3056,0.6944,"HIGH"
28,"2","Other/Unknown","T4","Positive/elevated",0.3664,0.6336,"HIGH"
29,"2","Other/Unknown","T4","Positive/elevated",0.4066,0.5934,"HIGH"
30,"2","Other/Unknown","T4","Positive/elevated",0.3542,0.6458,"HIGH"
31,"2","Other/Unknown","T4","Positive/elevated",0.3049,0.6951,"HIGH"
32,"2","Other/Unknown","T4","Positive/elevated",0.2804,0.7196,"HIGH"
33,"2","Other/Unknown","T4","Positive/elevated",0.2455,0.7545,"HIGH"
34,"2","Other/Unknown","T4","Positive/elevated",0.2187,0.7813,"HIGH"
35,"2","Other/Unknown","T4","Positive/elevated",0.1953,0.8047,"HIGH"
36,"2","Other/Unknown","T4","Positive/elevated",0.1923,0.8077,"HIGH"
37,"2","Other/Unknown","T4","Positive/elevated",0.1946,0.8054,"HIGH"
38,"2","Other/Unknown","T4","Positive/elevated",0.1905,0.8095,"HIGH"
39,"2","Other/Unknown","T4","Positive/elevated",0.1879,0.8121,"HIGH"
40,"2","Other/Unknown","T4","Positive/elevated",0.1857,0.8143,"HIGH"
41,"2","Other/Unknown","T4","Positive/elevated",0.194,0.806,"HIGH"
42,"2","Other/Unknown","T4","Positive/elevated",0.1957,0.8043,"HIGH"
43,"2","Other/Unknown","T4","Positive/elevated",0.2045,0.7955,"HIGH"
44,"2","Other/Unknown","T4","Positive/elevated",0.216,0.784,"HIGH"
45,"2","Other/Unknown","T4","Positive/elevated",0.2159,0.7841,"HIGH"
46,"2","Other/Unknown","T4","Positive/elevated",0.2253,0.7747,"HIGH"
47,"2","Other/Unknown","T4","Positive/elevated",0.2243,0.7757,"HIGH"
48,"2","Other/Unknown","T4","Positive/elevated",0.2334,0.7666,"HIGH"
49,"2","Other/Unknown","T4","Positive/elevated",0.2635,0.7365,"HIGH"
50,"2","Other/Unknown","T4","Positive/elevated",0.301,0.699,"HIGH"
51,"2","Other/Unknown","T4","Positive/elevated",0.2679,0.7321,"HIGH"
52,"2","Other/Unknown","T4","Positive/elevated",0.2918,0.7082,"HIGH"
53,"2","Other/Unknown","T4","Positive/elevated",0.275,0.725,"HIGH"
54,"2","Other/Unknown","T4","Positive/elevated",0.2815,0.7185,"HIGH"
55,"2","Other/Unknown","T4","Positive/elevated",0.2975,0.7025,"HIGH"
56,"2","Other/Unknown","T4","Positive/elevated",0.2738,0.7262,"HIGH"
57,"2","Other/Unknown","T4","Positive/elevated",0.2979,0.7021,"HIGH"
58,"2","Other/Unknown","T4","Positive/elevated",0.2987,0.7013,"HIGH"
59,"2","Other/Unknown","T4","Positive/elevated",0.2779,0.7221,"HIGH"
60,"2","Other/Unknown","T4","Positive/elevated",0.2913,0.7087,"HIGH"
61,"2","Other/Unknown","T4","Positive/elevated",0.3005,0.6995,"HIGH"
62,"2","Other/Unknown","T4","Positive/elevated",0.2787,0.7213,"HIGH"
63,"2","Other/Unknown","T4","Positive/elevated",0.3164,0.6836,"HIGH"
64,"2","Other/Unknown","T4","Positive/elevated",0.2842,0.7158,"HIGH"
65,"2","Other/Unknown","T4","Positive/elevated",0.311,0.689,"HIGH"
66,"2","Other/Unknown","T4","Positive/elevated",0.3198,0.6802,"HIGH"
67,"2","Other/Unknown","T4","Positive/elevated",0.2871,0.7129,"HIGH"
68,"2","Other/Unknown","T4","Positive/elevated",0.3447,0.6553,"HIGH"
69,"2","Other/Unknown","T4","Positive/elevated",0.2838,0.7162,"HIGH"
70,"2","Other/Unknown","T4","Positive/elevated",0.2665,0.7335,"HIGH"
71,"2","Other/Unknown","T4","Positive/elevated",0.2874,0.7126,"HIGH"
72,"2","Other/Unknown","T4","Positive/elevated",0.2777,0.7223,"HIGH"
73,"2","Other/Unknown","T4","Positive/elevated",0.3132,0.6868,"HIGH"
74,"2","Other/Unknown","T4","Positive/elevated",0.3378,0.6622,"HIGH"
75,"2","Other/Unknown","T4","Positive/elevated",0.4139,0.5861,"HIGH"
76,"2","Other/Unknown","T4","Positive/elevated",0.4425,0.5575,"HIGH"
77,"2","Other/Unknown","T4","Positive/elevated",0.4414,0.5586,"HIGH"
78,"2","Other/Unknown","T4","Positive/elevated",0.3801,0.6199,"HIGH"
79,"2","Other/Unknown","T4","Positive/elevated",0.4381,0.5619,"HIGH"
80,"2","Other/Unknown","T4","Positive/elevated",0.4757,0.5243,"HIGH"
81,"2","Other/Unknown","T4","Positive/elevated",0.42,0.58,"HIGH"
82,"2","Other/Unknown","T4","Positive/elevated",0.3257,0.6743,"HIGH"
83,"2","Other/Unknown","T4","Positive/elevated",0.392,0.608,"HIGH"
84,"2","Other/Unknown","T4","Positive/elevated",0.4412,0.5588,"HIGH"
85,"2","Other/Unknown","T4","Positive/elevated",0.3905,0.6095,"HIGH"
86,"2","Other/Unknown","T4","Positive/elevated",0.3096,0.6904,"HIGH"
87,"2","Other/Unknown","T4","Positive/elevated",0.3958,0.6042,"HIGH"
88,"2","Other/Unknown","T4","Positive/elevated",0.3079,0.6921,"HIGH"
89,"2","Other/Unknown","T4","Positive/elevated",0.2935,0.7065,"HIGH"
90,"2","Other/Unknown","T4","Positive/elevated",0.2658,0.7342,"HIGH"
91,"2","Other/Unknown","T4","Positive/elevated",0.2658,0.7342,"HIGH"
92,"2","Other/Unknown","T4","Positive/elevated",0.2658,0.7342,"HIGH"
93,"2","Other/Unknown","T4","Positive/elevated",0.2658,0.7342,"HIGH"
94,"2","Other/Unknown","T4","Positive/elevated",0.2658,0.7342,"HIGH"
95,"2","Other/Unknown","T4","Positive/elevated",0.2658,0.7342,"HIGH"
96,"2","Other/Unknown","T4","Positive/elevated",0.2658,0.7342,"HIGH"
97,"2","Other/Unknown","T4","Positive/elevated",0.2658,0.7342,"HIGH"
98,"2","Other/Unknown","T4","Positive/elevated",0.2658,0.7342,"HIGH"
99,"2","Other/Unknown","T4","Positive/elevated",0.2658,0.7342,"HIGH"
