"AGE","SEX","TNM_N_cat","TNM_T_cat","retroper_sg_cat","no_metastasis","metastasis","risk_level"
0,"1","N0","T0","1",0.8524,0.1476,"LOW"
1,"1","N0","T0","1",0.8527,0.1473,"LOW"
2,"1","N0","T0","1",0.8488,0.1512,"LOW"
3,"1","N0","T0","1",0.8371,0.1629,"LOW"
4,"1","N0","T0","1",0.8395,0.1605,"LOW"
5,"1","N0","T0","1",0.8486,0.1514,"LOW"
6,"1","N0","T0","1",0.8535,0.1465,"LOW"
7,"1","N0","T0","1",0.854,0.146,"LOW"
8,"1","N0","T0","1",0.8545,0.1455,"LOW"
9,"1","N0","T0","1",0.8551,0.1449,"LOW"
10,"1","N0","T0","1",0.8641,0.1359,"LOW"
11,"1","N0","T0","1",0.8664,0.1336,"LOW"
12,"1","N0","T0","1",0.8708,0.1292,"LOW"
13,"1","N0","T0","1",0.8745,0.1255,"LOW"
14,"1","N0","T0","1",0.8769,0.1231,"LOW"
15,"1","N0","T0","1",0.8783,0.1217,"LOW"
16,"1","N0","T0","1",0.8848,0.1152,"LOW"
17,"1","N0","T0","1",0.8905,0.1095,"LOW"
18,"1","N0","T0","1",0.8902,0.1098,"LOW"
19,"1","N0","T0","1",0.8919,0.1081,"LOW"
20,"1","N0","T0","1",0.8907,0.1093,"LOW"
21,"1","N0","T0","1",0.8907,0.1093,"LOW"
22,"1","N0","T0","1",0.8924,0.1076,"LOW"
23,"1","N0","T0","1",0.8939,0.1061,"LOW"
24,"1","N0","T0","1",0.8984,0.1016,"LOW"
25,"1","N0","T0","1",0.9003,0.0997,"LOW"
26,"1","N0","T0","1",0.9049,0.0951,"LOW"
27,"1","N0","T0","1",0.9037,0.0963,"LOW"
28,"1","N0","T0","1",0.9049,0.0951,"LOW"
29,"1","N0","T0","1",0.9052,0.0948,"LOW"
30,"1","N0","T0","1",0.9066,0.0934,"LOW"
31,"1","N0","T0","1",0.9059,0.0941,"LOW"
32,"1","N0","T0","1",0.9089,0.0911,"LOW"
33,"1","N0","T0","1",0.9086,0.0914,"LOW"
34,"1","N0","T0","1",0.9105,0.0895,"LOW"
35,"1","N0","T0","1",0.9149,0.0851,"LOW"
36,"1","N0","T0","1",0.9153,0.0847,"LOW"
37,"1","N0","T0","1",0.9152,0.0848,"LOW"
38,"1","N0","T0","1",0.9192,0.0808,"LOW"
39,"1","N0","T0","1",0.9201,0.0799,"LOW"
40,"1","N0","T0","1",0.9201,0.0799,"LOW"
41,"1","N0","T0","1",0.921,0.079,"LOW"
42,"1","N0","T0","1",0.9217,0.0783,"LOW"
43,"1","N0","T0","1",0.9229,0.0771,"LOW"
44,"1","N0","T0","1",0.923,0.077,"LOW"
45,"1","N0","T0","1",0.9228,0.0772,"LOW"
46,"1","N0","T0","1",0.9239,0.0761,"LOW"
47,"1","N0","T0","1",0.9251,0.0749,"LOW"
48,"1","N0","T0","1",0.9251,0.0749,"LOW"
49,"1","N0","T0","1",0.9237,0.0763,"LOW"
50,"1","N0","T0","1",0.9238,0.0762,"LOW"
51,"1","N0","T0","1",0.9242,0.0758,"LOW"
52,"1","N0","T0","1",0.9239,0.0761,"LOW"
53,"1","N0","T0","1",0.9236,0.0764,"LOW"
54,"1","N0","T0","1",0.9239,0.0761,"LOW"
55,"1","N0","T0","1",0.9241,0.0759,"LOW"
56,"1","N0","T0","1",0.9245,0.0755,"LOW"
57,"1","N0","T0","1",0.9241,0.0759,"LOW"
58,"1","N0","T0","1",0.9265,0.0735,"LOW"
59,"1","N0","T0","1",0.9246,0.0754,"LOW"
60,"1","N0","T0","1",0.9245,0.0755,"LOW"
61,"1","N0","T0","1",0.925,0.075,"LOW"
62,"1","N0","T0","1",0.9254,0.0746,"LOW"
63,"1","N0","T0","1",0.9253,0.0747,"LOW"
64,"1","N0","T0","1",0.9263,0.0737,"LOW"
65,"1","N0","T0","1",0.9261,0.0739,"LOW"
66,"1","N0","T0","1",0.9261,0.0739,"LOW"
67,"1","N0","T0","1",0.9262,0.0738,"LOW"
68,"1","N0","T0","1",0.9258,0.0742,"LOW"
69,"1","N0","T0","1",0.9255,0.0745,"LOW"
70,"1","N0","T0","1",0.9247,0.0753,"LOW"
71,"1","N0","T0","1",0.9266,0.0734,"LOW"
72,"1","N0","T0","1",0.9262,0.0738,"LOW"
73,"1","N0","T0","1",0.9259,0.0741,"LOW"
74,"1","N0","T0","1",0.9258,0.0742,"LOW"
75,"1","N0","T0","1",0.9258,0.0742,"LOW"
76,"1","N0","T0","1",0.9256,0.0744,"LOW"
77,"1","N0","T0","1",0.9257,0.0743,"LOW"
78,"1","N0","T0","1",0.9242,0.0758,"LOW"
79,"1","N0","T0","1",0.9232,0.0768,"LOW"
80,"1","N0","T0","1",0.9221,0.0779,"LOW"
81,"1","N0","T0","1",0.9215,0.0785,"LOW"
82,"1","N0","T0","1",0.9221,0.0779,"LOW"
83,"1","N0","T0","1",0.9219,0.0781,"LOW"
84,"1","N0","T0","1",0.9219,0.0781,"LOW"
85,"1","N0","T0","1",0.9215,0.0785,"LOW"
86,"1","N0","T0","1",0.9183,0.0817,"LOW"
87,"1","N0","T0","1",0.92,0.08,"LOW"
88,"1","N0","T0","1",0.9206,0.0794,"LOW"
89,"1","N0","T0","1",0.9218,0.0782,"LOW"
90,"1","N0","T0","1",0.922,0.078,"LOW"
91,"1","N0","T0","1",0.922,0.078,"LOW"
92,"1","N0","T0","1",0.922,0.078,"LOW"
93,"1","N0","T0","1",0.922,0.078,"LOW"
94,"1","N0","T0","1",0.922,0.078,"LOW"
95,"1","N0","T0","1",0.922,0.078,"LOW"
96,"1","N0","T0","1",0.922,0.078,"LOW"
97,"1","N0","T0","1",0.922,0.078,"LOW"
98,"1","N0","T0","1",0.922,0.078,"LOW"
99,"1","N0","T0","1",0.922,0.078,"LOW"
0,"2","N0","T0","1",0.8763,0.1237,"LOW"
1,"2","N0","T0","1",0.8755,0.1245,"LOW"
2,"2","N0","T0","1",0.871,0.129,"LOW"
3,"2","N0","T0","1",0.8624,0.1376,"LOW"
4,"2","N0","T0","1",0.8666,0.1334,"LOW"
5,"2","N0","T0","1",0.8674,0.1326,"LOW"
6,"2","N0","T0","1",0.8715,0.1285,"LOW"
7,"2","N0","T0","1",0.8768,0.1232,"LOW"
8,"2","N0","T0","1",0.8771,0.1229,"LOW"
9,"2","N0","T0","1",0.8771,0.1229,"LOW"
10,"2","N0","T0","1",0.8845,0.1155,"LOW"
11,"2","N0","T0","1",0.8884,0.1116,"LOW"
12,"2","N0","T0","1",0.8936,0.1064,"LOW"
13,"2","N0","T0","1",0.895,0.105,"LOW"
14,"2","N0","T0","1",0.8963,0.1037,"LOW"
15,"2","N0","T0","1",0.8984,0.1016,"LOW"
16,"2","N0","T0","1",0.9023,0.0977,"LOW"
17,"2","N0","T0","1",0.905,0.095,"LOW"
18,"2","N0","T0","1",0.9056,0.0944,"LOW"
19,"2","N0","T0","1",0.9066,0.0934,"LOW"
20,"2","N0","T0","1",0.9078,0.0922,"LOW"
21,"2","N0","T0","1",0.9081,0.0919,"LOW"
22,"2","N0","T0","1",0.9086,0.0914,"LOW"
23,"2","N0","T0","1",0.907,0.093,"LOW"
24,"2","N0","T0","1",0.9088,0.0912,"LOW"
25,"2","N0","T0","1",0.9092,0.0908,"LOW"
26,"2","N0","T0","1",0.9124,0.0876,"LOW"
27,"2","N0","T0","1",0.9128,0.0872,"LOW"
28,"2","N0","T0","1",0.9129,0.0871,"LOW"
29,"2","N0","T0","1",0.9139,0.0861,"LOW"
30,"2","N0","T0","1",0.9149,0.0851,"LOW"
31,"2","N0","T0","1",0.9144,0.0856,"LOW"
32,"2","N0","T0","1",0.9163,0.0837,"LOW"
33,"2","N0","T0","1",0.917,0.083,"LOW"
34,"2","N0","T0","1",0.9193,0.0807,"LOW"
35,"2","N0","T0","1",0.9223,0.0777,"LOW"
36,"2","N0","T0","1",0.9229,0.0771,"LOW"
37,"2","N0","T0","1",0.9236,0.0764,"LOW"
38,"2","N0","T0","1",0.9258,0.0742,"LOW"
39,"2","N0","T0","1",0.9248,0.0752,"LOW"
40,"2","N0","T0","1",0.9263,0.0737,"LOW"
41,"2","N0","T0","1",0.9275,0.0725,"LOW"
42,"2","N0","T0","1",0.9286,0.0714,"LOW"
43,"2","N0","T0","1",0.9281,0.0719,"LOW"
44,"2","N0","T0","1",0.9289,0.0711,"LOW"
45,"2","N0","T0","1",0.9288,0.0712,"LOW"
46,"2","N0","T0","1",0.9296,0.0704,"LOW"
47,"2","N0","T0","1",0.9317,0.0683,"LOW"
48,"2","N0","T0","1",0.9316,0.0684,"LOW"
49,"2","N0","T0","1",0.9303,0.0697,"LOW"
50,"2","N0","T0","1",0.9304,0.0696,"LOW"
51,"2","N0","T0","1",0.9296,0.0704,"LOW"
52,"2","N0","T0","1",0.9289,0.0711,"LOW"
53,"2","N0","T0","1",0.9301,0.0699,"LOW"
54,"2","N0","T0","1",0.9295,0.0705,"LOW"
55,"2","N0","T0","1",0.9297,0.0703,"LOW"
56,"2","N0","T0","1",0.9299,0.0701,"LOW"
57,"2","N0","T0","1",0.9283,0.0717,"LOW"
58,"2","N0","T0","1",0.9303,0.0697,"LOW"
59,"2","N0","T0","1",0.9301,0.0699,"LOW"
60,"2","N0","T0","1",0.9296,0.0704,"LOW"
61,"2","N0","T0","1",0.9301,0.0699,"LOW"
62,"2","N0","T0","1",0.9298,0.0702,"LOW"
63,"2","N0","T0","1",0.9317,0.0683,"LOW"
64,"2","N0","T0","1",0.9323,0.0677,"LOW"
65,"2","N0","T0","1",0.9322,0.0678,"LOW"
66,"2","N0","T0","1",0.932,0.068,"LOW"
67,"2","N0","T0","1",0.9325,0.0675,"LOW"
68,"2","N0","T0","1",0.9323,0.0677,"LOW"
69,"2","N0","T0","1",0.9316,0.0684,"LOW"
70,"2","N0","T0","1",0.9306,0.0694,"LOW"
71,"2","N0","T0","1",0.931,0.069,"LOW"
72,"2","N0","T0","1",0.9309,0.0691,"LOW"
73,"2","N0","T0","1",0.9306,0.0694,"LOW"
74,"2","N0","T0","1",0.9299,0.0701,"LOW"
75,"2","N0","T0","1",0.9302,0.0698,"LOW"
76,"2","N0","T0","1",0.93,0.07,"LOW"
77,"2","N0","T0","1",0.9301,0.0699,"LOW"
78,"2","N0","T0","1",0.9291,0.0709,"LOW"
79,"2","N0","T0","1",0.9291,0.0709,"LOW"
80,"2","N0","T0","1",0.9286,0.0714,"LOW"
81,"2","N0","T0","1",0.9276,0.0724,"LOW"
82,"2","N0","T0","1",0.927,0.073,"LOW"
83,"2","N0","T0","1",0.9281,0.0719,"LOW"
84,"2","N0","T0","1",0.9281,0.0719,"LOW"
85,"2","N0","T0","1",0.9277,0.0723,"LOW"
86,"2","N0","T0","1",0.9248,0.0752,"LOW"
87,"2","N0","T0","1",0.9264,0.0736,"LOW"
88,"2","N0","T0","1",0.9265,0.0735,"LOW"
89,"2","N0","T0","1",0.9272,0.0728,"LOW"
90,"2","N0","T0","1",0.9261,0.0739,"LOW"
91,"2","N0","T0","1",0.9261,0.0739,"LOW"
92,"2","N0","T0","1",0.9261,0.0739,"LOW"
93,"2","N0","T0","1",0.9261,0.0739,"LOW"
94,"2","N0","T0","1",0.9261,0.0739,"LOW"
95,"2","N0","T0","1",0.9261,0.0739,"LOW"
96,"2","N0","T0","1",0.9261,0.0739,"LOW"
97,"2","N0","T0","1",0.9261,0.0739,"LOW"
98,"2","N0","T0","1",0.9261,0.0739,"LOW"
99,"2","N0","T0","1",0.9261,0.0739,"LOW"
0,"1","N1","T0","1",0.6112,0.3888,"LOW"
1,"1","N1","T0","1",0.6109,0.3891,"LOW"
2,"1","N1","T0","1",0.6071,0.3929,"LOW"
3,"1","N1","T0","1",0.6055,0.3945,"LOW"
4,"1","N1","T0","1",0.6075,0.3925,"LOW"
5,"1","N1","T0","1",0.6087,0.3913,"LOW"
6,"1","N1","T0","1",0.611,0.389,"LOW"
7,"1","N1","T0","1",0.6109,0.3891,"LOW"
8,"1","N1","T0","1",0.6127,0.3873,"LOW"
9,"1","N1","T0","1",0.6104,0.3896,"LOW"
10,"1","N1","T0","1",0.6076,0.3924,"LOW"
11,"1","N1","T0","1",0.6057,0.3943,"LOW"
12,"1","N1","T0","1",0.61,0.39,"LOW"
13,"1","N1","T0","1",0.6102,0.3898,"LOW"
14,"1","N1","T0","1",0.6162,0.3838,"LOW"
15,"1","N1","T0","1",0.6151,0.3849,"LOW"
16,"1","N1","T0","1",0.621,0.379,"LOW"
17,"1","N1","T0","1",0.6236,0.3764,"LOW"
18,"1","N1","T0","1",0.623,0.377,"LOW"
19,"1","N1","T0","1",0.6248,0.3752,"LOW"
20,"1","N1","T0","1",0.6272,0.3728,"LOW"
21,"1","N1","T0","1",0.6301,0.3699,"LOW"
22,"1","N1","T0","1",0.6307,0.3693,"LOW"
23,"1","N1","T0","1",0.6343,0.3657,"LOW"
24,"1","N1","T0","1",0.6332,0.3668,"LOW"
25,"1","N1","T0","1",0.6371,0.3629,"LOW"
26,"1","N1","T0","1",0.6386,0.3614,"LOW"
27,"1","N1","T0","1",0.6381,0.3619,"LOW"
28,"1","N1","T0","1",0.6411,0.3589,"LOW"
29,"1","N1","T0","1",0.6424,0.3576,"LOW"
30,"1","N1","T0","1",0.6422,0.3578,"LOW"
31,"1","N1","T0","1",0.6422,0.3578,"LOW"
32,"1","N1","T0","1",0.6395,0.3605,"LOW"
33,"1","N1","T0","1",0.6418,0.3582,"LOW"
34,"1","N1","T0","1",0.6408,0.3592,"LOW"
35,"1","N1","T0","1",0.6421,0.3579,"LOW"
36,"1","N1","T0","1",0.6406,0.3594,"LOW"
37,"1","N1","T0","1",0.6366,0.3634,"LOW"
38,"1","N1","T0","1",0.6381,0.3619,"LOW"
39,"1","N1","T0","1",0.6336,0.3664,"LOW"
40,"1","N1","T0","1",0.6333,0.3667,"LOW"
41,"1","N1","T0","1",0.6347,0.3653,"LOW"
42,"1","N1","T0","1",0.634,0.366,"LOW"
43,"1","N1","T0","1",0.6349,0.3651,"LOW"
44,"1","N1","T0","1",0.6311,0.3689,"LOW"
45,"1","N1","T0","1",0.6314,0.3686,"LOW"
46,"1","N1","T0","1",0.6329,0.3671,"LOW"
47,"1","N1","T0","1",0.6386,0.3614,"LOW"
48,"1","N1","T0","1",0.638,0.362,"LOW"
49,"1","N1","T0","1",0.633,0.367,"LOW"
50,"1","N1","T0","1",0.6309,0.3691,"LOW"
51,"1","N1","T0","1",0.6309,0.3691,"LOW"
52,"1","N1","T0","1",0.6292,0.3708,"LOW"
53,"1","N1","T0","1",0.6302,0.3698,"LOW"
54,"1","N1","T0","1",0.6301,0.3699,"LOW"
55,"1","N1","T0","1",0.6282,0.3718,"LOW"
56,"1","N1","T0","1",0.6265,0.3735,"LOW"
57,"1","N1","T0","1",0.6261,0.3739,"LOW"
58,"1","N1","T0","1",0.626,0.374,"LOW"
59,"1","N1","T0","1",0.626,0.374,"LOW"
60,"1","N1","T0","1",0.6277,0.3723,"LOW"
61,"1","N1","T0","1",0.6291,0.3709,"LOW"
62,"1","N1","T0","1",0.6273,0.3727,"LOW"
63,"1","N1","T0","1",0.6267,0.3733,"LOW"
64,"1","N1","T0","1",0.6285,0.3715,"LOW"
65,"1","N1","T0","1",0.6281,0.3719,"LOW"
66,"1","N1","T0","1",0.6304,0.3696,"LOW"
67,"1","N1","T0","1",0.6284,0.3716,"LOW"
68,"1","N1","T0","1",0.6264,0.3736,"LOW"
69,"1","N1","T0","1",0.6259,0.3741,"LOW"
70,"1","N1","T0","1",0.6334,0.3666,"LOW"
71,"1","N1","T0","1",0.6334,0.3666,"LOW"
72,"1","N1","T0","1",0.6333,0.3667,"LOW"
73,"1","N1","T0","1",0.6355,0.3645,"LOW"
74,"1","N1","T0","1",0.6354,0.3646,"LOW"
75,"1","N1","T0","1",0.6336,0.3664,"LOW"
76,"1","N1","T0","1",0.6316,0.3684,"LOW"
77,"1","N1","T0","1",0.6263,0.3737,"LOW"
78,"1","N1","T0","1",0.6264,0.3736,"LOW"
79,"1","N1","T0","1",0.6257,0.3743,"LOW"
80,"1","N1","T0","1",0.6264,0.3736,"LOW"
81,"1","N1","T0","1",0.6245,0.3755,"LOW"
82,"1","N1","T0","1",0.6271,0.3729,"LOW"
83,"1","N1","T0","1",0.6313,0.3687,"LOW"
84,"1","N1","T0","1",0.6281,0.3719,"LOW"
85,"1","N1","T0","1",0.6253,0.3747,"LOW"
86,"1","N1","T0","1",0.631,0.369,"LOW"
87,"1","N1","T0","1",0.6318,0.3682,"LOW"
88,"1","N1","T0","1",0.6328,0.3672,"LOW"
89,"1","N1","T0","1",0.6339,0.3661,"LOW"
90,"1","N1","T0","1",0.635,0.365,"LOW"
91,"1","N1","T0","1",0.635,0.365,"LOW"
92,"1","N1","T0","1",0.635,0.365,"LOW"
93,"1","N1","T0","1",0.635,0.365,"LOW"
94,"1","N1","T0","1",0.635,0.365,"LOW"
95,"1","N1","T0","1",0.635,0.365,"LOW"
96,"1","N1","T0","1",0.635,0.365,"LOW"
97,"1","N1","T0","1",0.635,0.365,"LOW"
98,"1","N1","T0","1",0.635,0.365,"LOW"
99,"1","N1","T0","1",0.635,0.365,"LOW"
0,"2","N1","T0","1",0.6426,0.3574,"LOW"
1,"2","N1","T0","1",0.644,0.356,"LOW"
2,"2","N1","T0","1",0.6426,0.3574,"LOW"
3,"2","N1","T0","1",0.642,0.358,"LOW"
4,"2","N1","T0","1",0.6441,0.3559,"LOW"
5,"2","N1","T0","1",0.6414,0.3586,"LOW"
6,"2","N1","T0","1",0.6444,0.3556,"LOW"
7,"2","N1","T0","1",0.6475,0.3525,"LOW"
8,"2","N1","T0","1",0.6465,0.3535,"LOW"
9,"2","N1","T0","1",0.6436,0.3564,"LOW"
10,"2","N1","T0","1",0.6428,0.3572,"LOW"
11,"2","N1","T0","1",0.6393,0.3607,"LOW"
12,"2","N1","T0","1",0.6443,0.3557,"LOW"
13,"2","N1","T0","1",0.6468,0.3532,"LOW"
14,"2","N1","T0","1",0.6485,0.3515,"LOW"
15,"2","N1","T0","1",0.6492,0.3508,"LOW"
16,"2","N1","T0","1",0.6522,0.3478,"LOW"
17,"2","N1","T0","1",0.6537,0.3463,"LOW"
18,"2","N1","T0","1",0.6536,0.3464,"LOW"
19,"2","N1","T0","1",0.6569,0.3431,"LOW"
20,"2","N1","T0","1",0.6597,0.3403,"LOW"
21,"2","N1","T0","1",0.6647,0.3353,"LOW"
22,"2","N1","T0","1",0.6673,0.3327,"LOW"
23,"2","N1","T0","1",0.6713,0.3287,"LOW"
24,"2","N1","T0","1",0.673,0.327,"LOW"
25,"2","N1","T0","1",0.6777,0.3223,"LOW"
26,"2","N1","T0","1",0.6836,0.3164,"LOW"
27,"2","N1","T0","1",0.6851,0.3149,"LOW"
28,"2","N1","T0","1",0.6867,0.3133,"LOW"
29,"2","N1","T0","1",0.6881,0.3119,"LOW"
30,"2","N1","T0","1",0.6901,0.3099,"LOW"
31,"2","N1","T0","1",0.6903,0.3097,"LOW"
32,"2","N1","T0","1",0.6857,0.3143,"LOW"
33,"2","N1","T0","1",0.6886,0.3114,"LOW"
34,"2","N1","T0","1",0.691,0.309,"LOW"
35,"2","N1","T0","1",0.6913,0.3087,"LOW"
36,"2","N1","T0","1",0.691,0.309,"LOW"
37,"2","N1","T0","1",0.6915,0.3085,"LOW"
38,"2","N1","T0","1",0.6923,0.3077,"LOW"
39,"2","N1","T0","1",0.6878,0.3122,"LOW"
40,"2","N1","T0","1",0.6872,0.3128,"LOW"
41,"2","N1","T0","1",0.6885,0.3115,"LOW"
42,"2","N1","T0","1",0.689,0.311,"LOW"
43,"2","N1","T0","1",0.6895,0.3105,"LOW"
44,"2","N1","T0","1",0.684,0.316,"LOW"
45,"2","N1","T0","1",0.6834,0.3166,"LOW"
46,"2","N1","T0","1",0.6867,0.3133,"LOW"
47,"2","N1","T0","1",0.693,0.307,"LOW"
48,"2","N1","T0","1",0.6936,0.3064,"LOW"
49,"2","N1","T0","1",0.6906,0.3094,"LOW"
50,"2","N1","T0","1",0.6904,0.3096,"LOW"
51,"2","N1","T0","1",0.6901,0.3099,"LOW"
52,"2","N1","T0","1",0.6895,0.3105,"LOW"
53,"2","N1","T0","1",0.69,0.31,"LOW"
54,"2","N1","T0","1",0.6894,0.3106,"LOW"
55,"2","N1","T0","1",0.6855,0.3145,"LOW"
56,"2","N1","T0","1",0.6837,0.3163,"LOW"
57,"2","N1","T0","1",0.6818,0.3182,"LOW"
58,"2","N1","T0","1",0.6803,0.3197,"LOW"
59,"2","N1","T0","1",0.6803,0.3197,"LOW"
60,"2","N1","T0","1",0.6804,0.3196,"LOW"
61,"2","N1","T0","1",0.6802,0.3198,"LOW"
62,"2","N1","T0","1",0.6797,0.3203,"LOW"
63,"2","N1","T0","1",0.6778,0.3222,"LOW"
64,"2","N1","T0","1",0.6766,0.3234,"LOW"
65,"2","N1","T0","1",0.6764,0.3236,"LOW"
66,"2","N1","T0","1",0.6755,0.3245,"LOW"
67,"2","N1","T0","1",0.6739,0.3261,"LOW"
68,"2","N1","T0","1",0.6719,0.3281,"LOW"
69,"2","N1","T0","1",0.6708,0.3292,"LOW"
70,"2","N1","T0","1",0.674,0.326,"LOW"
71,"2","N1","T0","1",0.6752,0.3248,"LOW"
72,"2","N1","T0","1",0.6749,0.3251,"LOW"
73,"2","N1","T0","1",0.6732,0.3268,"LOW"
74,"2","N1","T0","1",0.6732,0.3268,"LOW"
75,"2","N1","T0","1",0.6737,0.3263,"LOW"
76,"2","N1","T0","1",0.6735,0.3265,"LOW"
77,"2","N1","T0","1",0.6703,0.3297,"LOW"
78,"2","N1","T0","1",0.6671,0.3329,"LOW"
79,"2","N1","T0","1",0.6669,0.3331,"LOW"
80,"2","N1","T0","1",0.6714,0.3286,"LOW"
81,"2","N1","T0","1",0.6719,0.3281,"LOW"
82,"2","N1","T0","1",0.6763,0.3237,"LOW"
83,"2","N1","T0","1",0.6786,0.3214,"LOW"
84,"2","N1","T0","1",0.6787,0.3213,"LOW"
85,"2","N1","T0","1",0.6795,0.3205,"LOW"
86,"2","N1","T0","1",0.6839,0.3161,"LOW"
87,"2","N1","T0","1",0.6848,0.3152,"LOW"
88,"2","N1","T0","1",0.6854,0.3146,"LOW"
89,"2","N1","T0","1",0.6865,0.3135,"LOW"
90,"2","N1","T0","1",0.688,0.312,"LOW"
91,"2","N1","T0","1",0.688,0.312,"LOW"
92,"2","N1","T0","1",0.688,0.312,"LOW"
93,"2","N1","T0","1",0.688,0.312,"LOW"
94,"2","N1","T0","1",0.688,0.312,"LOW"
95,"2","N1","T0","1",0.688,0.312,"LOW"
96,"2","N1","T0","1",0.688,0.312,"LOW"
97,"2","N1","T0","1",0.688,0.312,"LOW"
98,"2","N1","T0","1",0.688,0.312,"LOW"
99,"2","N1","T0","1",0.688,0.312,"LOW"
0,"1","Other/Unknown","T0","1",0.7605,0.2395,"LOW"
1,"1","Other/Unknown","T0","1",0.7648,0.2352,"LOW"
2,"1","Other/Unknown","T0","1",0.7589,0.2411,"LOW"
3,"1","Other/Unknown","T0","1",0.7493,0.2507,"LOW"
4,"1","Other/Unknown","T0","1",0.7563,0.2437,"LOW"
5,"1","Other/Unknown","T0","1",0.7601,0.2399,"LOW"
6,"1","Other/Unknown","T0","1",0.7617,0.2383,"LOW"
7,"1","Other/Unknown","T0","1",0.7634,0.2366,"LOW"
8,"1","Other/Unknown","T0","1",0.765,0.235,"LOW"
9,"1","Other/Unknown","T0","1",0.7656,0.2344,"LOW"
10,"1","Other/Unknown","T0","1",0.7662,0.2338,"LOW"
11,"1","Other/Unknown","T0","1",0.7694,0.2306,"LOW"
12,"1","Other/Unknown","T0","1",0.7747,0.2253,"LOW"
13,"1","Other/Unknown","T0","1",0.779,0.221,"LOW"
14,"1","Other/Unknown","T0","1",0.7782,0.2218,"LOW"
15,"1","Other/Unknown","T0","1",0.7817,0.2183,"LOW"
16,"1","Other/Unknown","T0","1",0.7845,0.2155,"LOW"
17,"1","Other/Unknown","T0","1",0.7882,0.2118,"LOW"
18,"1","Other/Unknown","T0","1",0.7928,0.2072,"LOW"
19,"1","Other/Unknown","T0","1",0.7957,0.2043,"LOW"
20,"1","Other/Unknown","T0","1",0.7974,0.2026,"LOW"
21,"1","Other/Unknown","T0","1",0.7994,0.2006,"LOW"
22,"1","Other/Unknown","T0","1",0.8008,0.1992,"LOW"
23,"1","Other/Unknown","T0","1",0.8018,0.1982,"LOW"
24,"1","Other/Unknown","T0","1",0.8044,0.1956,"LOW"
25,"1","Other/Unknown","T0","1",0.8084,0.1916,"LOW"
26,"1","Other/Unknown","T0","1",0.8088,0.1912,"LOW"
27,"1","Other/Unknown","T0","1",0.8128,0.1872,"LOW"
28,"1","Other/Unknown","T0","1",0.8148,0.1852,"LOW"
29,"1","Other/Unknown","T0","1",0.817,0.183,"LOW"
30,"1","Other/Unknown","T0","1",0.82,0.18,"LOW"
31,"1","Other/Unknown","T0","1",0.8213,0.1787,"LOW"
32,"1","Other/Unknown","T0","1",0.8269,0.1731,"LOW"
33,"1","Other/Unknown","T0","1",0.8285,0.1715,"LOW"
34,"1","Other/Unknown","T0","1",0.8328,0.1672,"LOW"
35,"1","Other/Unknown","T0","1",0.8343,0.1657,"LOW"
36,"1","Other/Unknown","T0","1",0.8345,0.1655,"LOW"
37,"1","Other/Unknown","T0","1",0.8353,0.1647,"LOW"
38,"1","Other/Unknown","T0","1",0.8394,0.1606,"LOW"
39,"1","Other/Unknown","T0","1",0.8419,0.1581,"LOW"
40,"1","Other/Unknown","T0","1",0.8416,0.1584,"LOW"
41,"1","Other/Unknown","T0","1",0.8453,0.1547,"LOW"
42,"1","Other/Unknown","T0","1",0.8463,0.1537,"LOW"
43,"1","Other/Unknown","T0","1",0.8469,0.1531,"LOW"
44,"1","Other/Unknown","T0","1",0.8467,0.1533,"LOW"
45,"1","Other/Unknown","T0","1",0.8455,0.1545,"LOW"
46,"1","Other/Unknown","T0","1",0.8452,0.1548,"LOW"
47,"1","Other/Unknown","T0","1",0.8456,0.1544,"LOW"
48,"1","Other/Unknown","T0","1",0.8456,0.1544,"LOW"
49,"1","Other/Unknown","T0","1",0.8457,0.1543,"LOW"
50,"1","Other/Unknown","T0","1",0.8457,0.1543,"LOW"
51,"1","Other/Unknown","T0","1",0.8469,0.1531,"LOW"
52,"1","Other/Unknown","T0","1",0.8468,0.1532,"LOW"
53,"1","Other/Unknown","T0","1",0.8462,0.1538,"LOW"
54,"1","Other/Unknown","T0","1",0.847,0.153,"LOW"
55,"1","Other/Unknown","T0","1",0.8473,0.1527,"LOW"
56,"1","Other/Unknown","T0","1",0.8472,0.1528,"LOW"
57,"1","Other/Unknown","T0","1",0.8478,0.1522,"LOW"
58,"1","Other/Unknown","T0","1",0.85,0.15,"LOW"
59,"1","Other/Unknown","T0","1",0.8492,0.1508,"LOW"
60,"1","Other/Unknown","T0","1",0.8518,0.1482,"LOW"
61,"1","Other/Unknown","T0","1",0.8508,0.1492,"LOW"
62,"1","Other/Unknown","T0","1",0.8507,0.1493,"LOW"
63,"1","Other/Unknown","T0","1",0.8511,0.1489,"LOW"
64,"1","Other/Unknown","T0","1",0.8501,0.1499,"LOW"
65,"1","Other/Unknown","T0","1",0.8495,0.1505,"LOW"
66,"1","Other/Unknown","T0","1",0.8498,0.1502,"LOW"
67,"1","Other/Unknown","T0","1",0.8497,0.1503,"LOW"
68,"1","Other/Unknown","T0","1",0.8496,0.1504,"LOW"
69,"1","Other/Unknown","T0","1",0.8491,0.1509,"LOW"
70,"1","Other/Unknown","T0","1",0.8493,0.1507,"LOW"
71,"1","Other/Unknown","T0","1",0.8488,0.1512,"LOW"
72,"1","Other/Unknown","T0","1",0.8486,0.1514,"LOW"
73,"1","Other/Unknown","T0","1",0.8482,0.1518,"LOW"
74,"1","Other/Unknown","T0","1",0.8491,0.1509,"LOW"
75,"1","Other/Unknown","T0","1",0.8498,0.1502,"LOW"
76,"1","Other/Unknown","T0","1",0.8522,0.1478,"LOW"
77,"1","Other/Unknown","T0","1",0.8505,0.1495,"LOW"
78,"1","Other/Unknown","T0","1",0.8504,0.1496,"LOW"
79,"1","Other/Unknown","T0","1",0.8497,0.1503,"LOW"
80,"1","Other/Unknown","T0","1",0.8488,0.1512,"LOW"
81,"1","Other/Unknown","T0","1",0.8521,0.1479,"LOW"
82,"1","Other/Unknown","T0","1",0.8544,0.1456,"LOW"
83,"1","Other/Unknown","T0","1",0.8549,0.1451,"LOW"
84,"1","Other/Unknown","T0","1",0.8548,0.1452,"LOW"
85,"1","Other/Unknown","T0","1",0.8551,0.1449,"LOW"
86,"1","Other/Unknown","T0","1",0.8546,0.1454,"LOW"
87,"1","Other/Unknown","T0","1",0.8564,0.1436,"LOW"
88,"1","Other/Unknown","T0","1",0.8566,0.1434,"LOW"
89,"1","Other/Unknown","T0","1",0.8573,0.1427,"LOW"
90,"1","Other/Unknown","T0","1",0.857,0.143,"LOW"
91,"1","Other/Unknown","T0","1",0.857,0.143,"LOW"
92,"1","Other/Unknown","T0","1",0.857,0.143,"LOW"
93,"1","Other/Unknown","T0","1",0.857,0.143,"LOW"
94,"1","Other/Unknown","T0","1",0.857,0.143,"LOW"
95,"1","Other/Unknown","T0","1",0.857,0.143,"LOW"
96,"1","Other/Unknown","T0","1",0.857,0.143,"LOW"
97,"1","Other/Unknown","T0","1",0.857,0.143,"LOW"
98,"1","Other/Unknown","T0","1",0.857,0.143,"LOW"
99,"1","Other/Unknown","T0","1",0.857,0.143,"LOW"
0,"2","Other/Unknown","T0","1",0.7854,0.2146,"LOW"
1,"2","Other/Unknown","T0","1",0.7897,0.2103,"LOW"
2,"2","Other/Unknown","T0","1",0.7882,0.2118,"LOW"
3,"2","Other/Unknown","T0","1",0.7805,0.2195,"LOW"
4,"2","Other/Unknown","T0","1",0.79,0.21,"LOW"
5,"2","Other/Unknown","T0","1",0.794,0.206,"LOW"
6,"2","Other/Unknown","T0","1",0.7986,0.2014,"LOW"
7,"2","Other/Unknown","T0","1",0.8032,0.1968,"LOW"
8,"2","Other/Unknown","T0","1",0.8018,0.1982,"LOW"
9,"2","Other/Unknown","T0","1",0.8018,0.1982,"LOW"
10,"2","Other/Unknown","T0","1",0.804,0.196,"LOW"
11,"2","Other/Unknown","T0","1",0.8053,0.1947,"LOW"
12,"2","Other/Unknown","T0","1",0.8133,0.1867,"LOW"
13,"2","Other/Unknown","T0","1",0.8089,0.1911,"LOW"
14,"2","Other/Unknown","T0","1",0.808,0.192,"LOW"
15,"2","Other/Unknown","T0","1",0.8115,0.1885,"LOW"
16,"2","Other/Unknown","T0","1",0.8151,0.1849,"LOW"
17,"2","Other/Unknown","T0","1",0.8178,0.1822,"LOW"
18,"2","Other/Unknown","T0","1",0.8207,0.1793,"LOW"
19,"2","Other/Unknown","T0","1",0.8231,0.1769,"LOW"
20,"2","Other/Unknown","T0","1",0.8236,0.1764,"LOW"
21,"2","Other/Unknown","T0","1",0.822,0.178,"LOW"
22,"2","Other/Unknown","T0","1",0.8219,0.1781,"LOW"
23,"2","Other/Unknown","T0","1",0.8225,0.1775,"LOW"
24,"2","Other/Unknown","T0","1",0.8253,0.1747,"LOW"
25,"2","Other/Unknown","T0","1",0.8287,0.1713,"LOW"
26,"2","Other/Unknown","T0","1",0.8287,0.1713,"LOW"
27,"2","Other/Unknown","T0","1",0.8297,0.1703,"LOW"
28,"2","Other/Unknown","T0","1",0.83,0.17,"LOW"
29,"2","Other/Unknown","T0","1",0.8327,0.1673,"LOW"
30,"2","Other/Unknown","T0","1",0.8344,0.1656,"LOW"
31,"2","Other/Unknown","T0","1",0.8354,0.1646,"LOW"
32,"2","Other/Unknown","T0","1",0.8388,0.1612,"LOW"
33,"2","Other/Unknown","T0","1",0.8391,0.1609,"LOW"
34,"2","Other/Unknown","T0","1",0.8408,0.1592,"LOW"
35,"2","Other/Unknown","T0","1",0.843,0.157,"LOW"
36,"2","Other/Unknown","T0","1",0.8424,0.1576,"LOW"
37,"2","Other/Unknown","T0","1",0.842,0.158,"LOW"
38,"2","Other/Unknown","T0","1",0.8459,0.1541,"LOW"
39,"2","Other/Unknown","T0","1",0.8457,0.1543,"LOW"
40,"2","Other/Unknown","T0","1",0.8459,0.1541,"LOW"
41,"2","Other/Unknown","T0","1",0.849,0.151,"LOW"
42,"2","Other/Unknown","T0","1",0.8516,0.1484,"LOW"
43,"2","Other/Unknown","T0","1",0.8519,0.1481,"LOW"
44,"2","Other/Unknown","T0","1",0.8524,0.1476,"LOW"
45,"2","Other/Unknown","T0","1",0.8507,0.1493,"LOW"
46,"2","Other/Unknown","T0","1",0.8505,0.1495,"LOW"
47,"2","Other/Unknown","T0","1",0.8505,0.1495,"LOW"
48,"2","Other/Unknown","T0","1",0.8515,0.1485,"LOW"
49,"2","Other/Unknown","T0","1",0.8514,0.1486,"LOW"
50,"2","Other/Unknown","T0","1",0.8512,0.1488,"LOW"
51,"2","Other/Unknown","T0","1",0.8505,0.1495,"LOW"
52,"2","Other/Unknown","T0","1",0.85,0.15,"LOW"
53,"2","Other/Unknown","T0","1",0.8494,0.1506,"LOW"
54,"2","Other/Unknown","T0","1",0.8502,0.1498,"LOW"
55,"2","Other/Unknown","T0","1",0.8507,0.1493,"LOW"
56,"2","Other/Unknown","T0","1",0.8503,0.1497,"LOW"
57,"2","Other/Unknown","T0","1",0.8491,0.1509,"LOW"
58,"2","Other/Unknown","T0","1",0.8517,0.1483,"LOW"
59,"2","Other/Unknown","T0","1",0.8517,0.1483,"LOW"
60,"2","Other/Unknown","T0","1",0.8529,0.1471,"LOW"
61,"2","Other/Unknown","T0","1",0.8529,0.1471,"LOW"
62,"2","Other/Unknown","T0","1",0.8525,0.1475,"LOW"
63,"2","Other/Unknown","T0","1",0.8539,0.1461,"LOW"
64,"2","Other/Unknown","T0","1",0.8541,0.1459,"LOW"
65,"2","Other/Unknown","T0","1",0.8549,0.1451,"LOW"
66,"2","Other/Unknown","T0","1",0.8554,0.1446,"LOW"
67,"2","Other/Unknown","T0","1",0.8557,0.1443,"LOW"
68,"2","Other/Unknown","T0","1",0.8557,0.1443,"LOW"
69,"2","Other/Unknown","T0","1",0.8541,0.1459,"LOW"
70,"2","Other/Unknown","T0","1",0.8539,0.1461,"LOW"
71,"2","Other/Unknown","T0","1",0.8556,0.1444,"LOW"
72,"2","Other/Unknown","T0","1",0.8551,0.1449,"LOW"
73,"2","Other/Unknown","T0","1",0.8545,0.1455,"LOW"
74,"2","Other/Unknown","T0","1",0.8542,0.1458,"LOW"
75,"2","Other/Unknown","T0","1",0.8549,0.1451,"LOW"
76,"2","Other/Unknown","T0","1",0.8562,0.1438,"LOW"
77,"2","Other/Unknown","T0","1",0.8537,0.1463,"LOW"
78,"2","Other/Unknown","T0","1",0.8514,0.1486,"LOW"
79,"2","Other/Unknown","T0","1",0.8508,0.1492,"LOW"
80,"2","Other/Unknown","T0","1",0.8491,0.1509,"LOW"
81,"2","Other/Unknown","T0","1",0.8521,0.1479,"LOW"
82,"2","Other/Unknown","T0","1",0.8518,0.1482,"LOW"
83,"2","Other/Unknown","T0","1",0.8528,0.1472,"LOW"
84,"2","Other/Unknown","T0","1",0.8526,0.1474,"LOW"
85,"2","Other/Unknown","T0","1",0.854,0.146,"LOW"
86,"2","Other/Unknown","T0","1",0.8531,0.1469,"LOW"
87,"2","Other/Unknown","T0","1",0.8562,0.1438,"LOW"
88,"2","Other/Unknown","T0","1",0.8571,0.1429,"LOW"
89,"2","Other/Unknown","T0","1",0.8577,0.1423,"LOW"
90,"2","Other/Unknown","T0","1",0.8573,0.1427,"LOW"
91,"2","Other/Unknown","T0","1",0.8573,0.1427,"LOW"
92,"2","Other/Unknown","T0","1",0.8573,0.1427,"LOW"
93,"2","Other/Unknown","T0","1",0.8573,0.1427,"LOW"
94,"2","Other/Unknown","T0","1",0.8573,0.1427,"LOW"
95,"2","Other/Unknown","T0","1",0.8573,0.1427,"LOW"
96,"2","Other/Unknown","T0","1",0.8573,0.1427,"LOW"
97,"2","Other/Unknown","T0","1",0.8573,0.1427,"LOW"
98,"2","Other/Unknown","T0","1",0.8573,0.1427,"LOW"
99,"2","Other/Unknown","T0","1",0.8573,0.1427,"LOW"
0,"1","N0","Other/Unknown","1",0.8209,0.1791,"LOW"
1,"1","N0","Other/Unknown","1",0.8207,0.1793,"LOW"
2,"1","N0","Other/Unknown","1",0.8182,0.1818,"LOW"
3,"1","N0","Other/Unknown","1",0.8037,0.1963,"LOW"
4,"1","N0","Other/Unknown","1",0.8069,0.1931,"LOW"
5,"1","N0","Other/Unknown","1",0.8153,0.1847,"LOW"
6,"1","N0","Other/Unknown","1",0.8191,0.1809,"LOW"
7,"1","N0","Other/Unknown","1",0.8178,0.1822,"LOW"
8,"1","N0","Other/Unknown","1",0.8187,0.1813,"LOW"
9,"1","N0","Other/Unknown","1",0.8209,0.1791,"LOW"
10,"1","N0","Other/Unknown","1",0.8275,0.1725,"LOW"
11,"1","N0","Other/Unknown","1",0.8299,0.1701,"LOW"
12,"1","N0","Other/Unknown","1",0.8346,0.1654,"LOW"
13,"1","N0","Other/Unknown","1",0.8364,0.1636,"LOW"
14,"1","N0","Other/Unknown","1",0.8399,0.1601,"LOW"
15,"1","N0","Other/Unknown","1",0.8417,0.1583,"LOW"
16,"1","N0","Other/Unknown","1",0.8471,0.1529,"LOW"
17,"1","N0","Other/Unknown","1",0.852,0.148,"LOW"
18,"1","N0","Other/Unknown","1",0.8555,0.1445,"LOW"
19,"1","N0","Other/Unknown","1",0.8585,0.1415,"LOW"
20,"1","N0","Other/Unknown","1",0.8579,0.1421,"LOW"
21,"1","N0","Other/Unknown","1",0.8573,0.1427,"LOW"
22,"1","N0","Other/Unknown","1",0.8603,0.1397,"LOW"
23,"1","N0","Other/Unknown","1",0.8617,0.1383,"LOW"
24,"1","N0","Other/Unknown","1",0.8673,0.1327,"LOW"
25,"1","N0","Other/Unknown","1",0.8699,0.1301,"LOW"
26,"1","N0","Other/Unknown","1",0.8743,0.1257,"LOW"
27,"1","N0","Other/Unknown","1",0.8748,0.1252,"LOW"
28,"1","N0","Other/Unknown","1",0.8752,0.1248,"LOW"
29,"1","N0","Other/Unknown","1",0.8759,0.1241,"LOW"
30,"1","N0","Other/Unknown","1",0.879,0.121,"LOW"
31,"1","N0","Other/Unknown","1",0.8807,0.1193,"LOW"
32,"1","N0","Other/Unknown","1",0.8825,0.1175,"LOW"
33,"1","N0","Other/Unknown","1",0.8814,0.1186,"LOW"
34,"1","N0","Other/Unknown","1",0.8828,0.1172,"LOW"
35,"1","N0","Other/Unknown","1",0.883,0.117,"LOW"
36,"1","N0","Other/Unknown","1",0.8833,0.1167,"LOW"
37,"1","N0","Other/Unknown","1",0.8833,0.1167,"LOW"
38,"1","N0","Other/Unknown","1",0.8865,0.1135,"LOW"
39,"1","N0","Other/Unknown","1",0.8885,0.1115,"LOW"
40,"1","N0","Other/Unknown","1",0.8887,0.1113,"LOW"
41,"1","N0","Other/Unknown","1",0.8909,0.1091,"LOW"
42,"1","N0","Other/Unknown","1",0.8913,0.1087,"LOW"
43,"1","N0","Other/Unknown","1",0.8918,0.1082,"LOW"
44,"1","N0","Other/Unknown","1",0.8925,0.1075,"LOW"
45,"1","N0","Other/Unknown","1",0.8941,0.1059,"LOW"
46,"1","N0","Other/Unknown","1",0.895,0.105,"LOW"
47,"1","N0","Other/Unknown","1",0.8956,0.1044,"LOW"
48,"1","N0","Other/Unknown","1",0.8966,0.1034,"LOW"
49,"1","N0","Other/Unknown","1",0.8979,0.1021,"LOW"
50,"1","N0","Other/Unknown","1",0.8977,0.1023,"LOW"
51,"1","N0","Other/Unknown","1",0.8987,0.1013,"LOW"
52,"1","N0","Other/Unknown","1",0.8986,0.1014,"LOW"
53,"1","N0","Other/Unknown","1",0.8986,0.1014,"LOW"
54,"1","N0","Other/Unknown","1",0.8988,0.1012,"LOW"
55,"1","N0","Other/Unknown","1",0.899,0.101,"LOW"
56,"1","N0","Other/Unknown","1",0.9007,0.0993,"LOW"
57,"1","N0","Other/Unknown","1",0.9007,0.0993,"LOW"
58,"1","N0","Other/Unknown","1",0.9004,0.0996,"LOW"
59,"1","N0","Other/Unknown","1",0.9004,0.0996,"LOW"
60,"1","N0","Other/Unknown","1",0.9,0.1,"LOW"
61,"1","N0","Other/Unknown","1",0.9003,0.0997,"LOW"
62,"1","N0","Other/Unknown","1",0.9003,0.0997,"LOW"
63,"1","N0","Other/Unknown","1",0.9015,0.0985,"LOW"
64,"1","N0","Other/Unknown","1",0.9015,0.0985,"LOW"
65,"1","N0","Other/Unknown","1",0.9028,0.0972,"LOW"
66,"1","N0","Other/Unknown","1",0.9025,0.0975,"LOW"
67,"1","N0","Other/Unknown","1",0.9022,0.0978,"LOW"
68,"1","N0","Other/Unknown","1",0.9015,0.0985,"LOW"
69,"1","N0","Other/Unknown","1",0.9012,0.0988,"LOW"
70,"1","N0","Other/Unknown","1",0.9006,0.0994,"LOW"
71,"1","N0","Other/Unknown","1",0.8999,0.1001,"LOW"
72,"1","N0","Other/Unknown","1",0.8999,0.1001,"LOW"
73,"1","N0","Other/Unknown","1",0.8998,0.1002,"LOW"
74,"1","N0","Other/Unknown","1",0.8994,0.1006,"LOW"
75,"1","N0","Other/Unknown","1",0.8988,0.1012,"LOW"
76,"1","N0","Other/Unknown","1",0.8999,0.1001,"LOW"
77,"1","N0","Other/Unknown","1",0.9001,0.0999,"LOW"
78,"1","N0","Other/Unknown","1",0.8974,0.1026,"LOW"
79,"1","N0","Other/Unknown","1",0.8963,0.1037,"LOW"
80,"1","N0","Other/Unknown","1",0.8953,0.1047,"LOW"
81,"1","N0","Other/Unknown","1",0.8918,0.1082,"LOW"
82,"1","N0","Other/Unknown","1",0.893,0.107,"LOW"
83,"1","N0","Other/Unknown","1",0.8925,0.1075,"LOW"
84,"1","N0","Other/Unknown","1",0.8914,0.1086,"LOW"
85,"1","N0","Other/Unknown","1",0.8913,0.1087,"LOW"
86,"1","N0","Other/Unknown","1",0.8911,0.1089,"LOW"
87,"1","N0","Other/Unknown","1",0.8922,0.1078,"LOW"
88,"1","N0","Other/Unknown","1",0.8927,0.1073,"LOW"
89,"1","N0","Other/Unknown","1",0.8937,0.1063,"LOW"
90,"1","N0","Other/Unknown","1",0.8942,0.1058,"LOW"
91,"1","N0","Other/Unknown","1",0.8942,0.1058,"LOW"
92,"1","N0","Other/Unknown","1",0.8942,0.1058,"LOW"
93,"1","N0","Other/Unknown","1",0.8942,0.1058,"LOW"
94,"1","N0","Other/Unknown","1",0.8942,0.1058,"LOW"
95,"1","N0","Other/Unknown","1",0.8942,0.1058,"LOW"
96,"1","N0","Other/Unknown","1",0.8942,0.1058,"LOW"
97,"1","N0","Other/Unknown","1",0.8942,0.1058,"LOW"
98,"1","N0","Other/Unknown","1",0.8942,0.1058,"LOW"
99,"1","N0","Other/Unknown","1",0.8942,0.1058,"LOW"
0,"2","N0","Other/Unknown","1",0.8516,0.1484,"LOW"
1,"2","N0","Other/Unknown","1",0.8484,0.1516,"LOW"
2,"2","N0","Other/Unknown","1",0.8445,0.1555,"LOW"
3,"2","N0","Other/Unknown","1",0.838,0.162,"LOW"
4,"2","N0","Other/Unknown","1",0.8436,0.1564,"LOW"
5,"2","N0","Other/Unknown","1",0.8429,0.1571,"LOW"
6,"2","N0","Other/Unknown","1",0.8455,0.1545,"LOW"
7,"2","N0","Other/Unknown","1",0.8454,0.1546,"LOW"
8,"2","N0","Other/Unknown","1",0.8455,0.1545,"LOW"
9,"2","N0","Other/Unknown","1",0.8455,0.1545,"LOW"
10,"2","N0","Other/Unknown","1",0.8517,0.1483,"LOW"
11,"2","N0","Other/Unknown","1",0.8534,0.1466,"LOW"
12,"2","N0","Other/Unknown","1",0.8583,0.1417,"LOW"
13,"2","N0","Other/Unknown","1",0.8578,0.1422,"LOW"
14,"2","N0","Other/Unknown","1",0.8605,0.1395,"LOW"
15,"2","N0","Other/Unknown","1",0.8638,0.1362,"LOW"
16,"2","N0","Other/Unknown","1",0.8677,0.1323,"LOW"
17,"2","N0","Other/Unknown","1",0.8698,0.1302,"LOW"
18,"2","N0","Other/Unknown","1",0.8728,0.1272,"LOW"
19,"2","N0","Other/Unknown","1",0.8762,0.1238,"LOW"
20,"2","N0","Other/Unknown","1",0.8763,0.1237,"LOW"
21,"2","N0","Other/Unknown","1",0.8766,0.1234,"LOW"
22,"2","N0","Other/Unknown","1",0.8782,0.1218,"LOW"
23,"2","N0","Other/Unknown","1",0.8774,0.1226,"LOW"
24,"2","N0","Other/Unknown","1",0.8801,0.1199,"LOW"
25,"2","N0","Other/Unknown","1",0.8805,0.1195,"LOW"
26,"2","N0","Other/Unknown","1",0.8843,0.1157,"LOW"
27,"2","N0","Other/Unknown","1",0.8838,0.1162,"LOW"
28,"2","N0","Other/Unknown","1",0.8838,0.1162,"LOW"
29,"2","N0","Other/Unknown","1",0.8848,0.1152,"LOW"
30,"2","N0","Other/Unknown","1",0.8885,0.1115,"LOW"
31,"2","N0","Other/Unknown","1",0.8879,0.1121,"LOW"
32,"2","N0","Other/Unknown","1",0.8891,0.1109,"LOW"
33,"2","N0","Other/Unknown","1",0.8897,0.1103,"LOW"
34,"2","N0","Other/Unknown","1",0.8903,0.1097,"LOW"
35,"2","N0","Other/Unknown","1",0.8914,0.1086,"LOW"
36,"2","N0","Other/Unknown","1",0.8922,0.1078,"LOW"
37,"2","N0","Other/Unknown","1",0.8935,0.1065,"LOW"
38,"2","N0","Other/Unknown","1",0.8953,0.1047,"LOW"
39,"2","N0","Other/Unknown","1",0.8953,0.1047,"LOW"
40,"2","N0","Other/Unknown","1",0.896,0.104,"LOW"
41,"2","N0","Other/Unknown","1",0.898,0.102,"LOW"
42,"2","N0","Other/Unknown","1",0.8987,0.1013,"LOW"
43,"2","N0","Other/Unknown","1",0.8976,0.1024,"LOW"
44,"2","N0","Other/Unknown","1",0.8975,0.1025,"LOW"
45,"2","N0","Other/Unknown","1",0.8978,0.1022,"LOW"
46,"2","N0","Other/Unknown","1",0.8985,0.1015,"LOW"
47,"2","N0","Other/Unknown","1",0.901,0.099,"LOW"
48,"2","N0","Other/Unknown","1",0.9016,0.0984,"LOW"
49,"2","N0","Other/Unknown","1",0.9045,0.0955,"LOW"
50,"2","N0","Other/Unknown","1",0.9041,0.0959,"LOW"
51,"2","N0","Other/Unknown","1",0.9066,0.0934,"LOW"
52,"2","N0","Other/Unknown","1",0.9059,0.0941,"LOW"
53,"2","N0","Other/Unknown","1",0.907,0.093,"LOW"
54,"2","N0","Other/Unknown","1",0.9067,0.0933,"LOW"
55,"2","N0","Other/Unknown","1",0.907,0.093,"LOW"
56,"2","N0","Other/Unknown","1",0.9074,0.0926,"LOW"
57,"2","N0","Other/Unknown","1",0.907,0.093,"LOW"
58,"2","N0","Other/Unknown","1",0.907,0.093,"LOW"
59,"2","N0","Other/Unknown","1",0.9071,0.0929,"LOW"
60,"2","N0","Other/Unknown","1",0.9069,0.0931,"LOW"
61,"2","N0","Other/Unknown","1",0.9069,0.0931,"LOW"
62,"2","N0","Other/Unknown","1",0.907,0.093,"LOW"
63,"2","N0","Other/Unknown","1",0.9076,0.0924,"LOW"
64,"2","N0","Other/Unknown","1",0.9079,0.0921,"LOW"
65,"2","N0","Other/Unknown","1",0.9082,0.0918,"LOW"
66,"2","N0","Other/Unknown","1",0.9079,0.0921,"LOW"
67,"2","N0","Other/Unknown","1",0.9079,0.0921,"LOW"
68,"2","N0","Other/Unknown","1",0.9076,0.0924,"LOW"
69,"2","N0","Other/Unknown","1",0.9078,0.0922,"LOW"
70,"2","N0","Other/Unknown","1",0.908,0.092,"LOW"
71,"2","N0","Other/Unknown","1",0.9075,0.0925,"LOW"
72,"2","N0","Other/Unknown","1",0.9079,0.0921,"LOW"
73,"2","N0","Other/Unknown","1",0.9078,0.0922,"LOW"
74,"2","N0","Other/Unknown","1",0.9074,0.0926,"LOW"
75,"2","N0","Other/Unknown","1",0.9071,0.0929,"LOW"
76,"2","N0","Other/Unknown","1",0.9072,0.0928,"LOW"
77,"2","N0","Other/Unknown","1",0.9074,0.0926,"LOW"
78,"2","N0","Other/Unknown","1",0.9054,0.0946,"LOW"
79,"2","N0","Other/Unknown","1",0.9053,0.0947,"LOW"
80,"2","N0","Other/Unknown","1",0.905,0.095,"LOW"
81,"2","N0","Other/Unknown","1",0.9035,0.0965,"LOW"
82,"2","N0","Other/Unknown","1",0.9037,0.0963,"LOW"
83,"2","N0","Other/Unknown","1",0.9038,0.0962,"LOW"
84,"2","N0","Other/Unknown","1",0.9037,0.0963,"LOW"
85,"2","N0","Other/Unknown","1",0.9039,0.0961,"LOW"
86,"2","N0","Other/Unknown","1",0.9037,0.0963,"LOW"
87,"2","N0","Other/Unknown","1",0.9043,0.0957,"LOW"
88,"2","N0","Other/Unknown","1",0.9044,0.0956,"LOW"
89,"2","N0","Other/Unknown","1",0.9054,0.0946,"LOW"
90,"2","N0","Other/Unknown","1",0.9055,0.0945,"LOW"
91,"2","N0","Other/Unknown","1",0.9055,0.0945,"LOW"
92,"2","N0","Other/Unknown","1",0.9055,0.0945,"LOW"
93,"2","N0","Other/Unknown","1",0.9055,0.0945,"LOW"
94,"2","N0","Other/Unknown","1",0.9055,0.0945,"LOW"
95,"2","N0","Other/Unknown","1",0.9055,0.0945,"LOW"
96,"2","N0","Other/Unknown","1",0.9055,0.0945,"LOW"
97,"2","N0","Other/Unknown","1",0.9055,0.0945,"LOW"
98,"2","N0","Other/Unknown","1",0.9055,0.0945,"LOW"
99,"2","N0","Other/Unknown","1",0.9055,0.0945,"LOW"
0,"1","N1","Other/Unknown","1",0.5841,0.4159,"LOW"
1,"1","N1","Other/Unknown","1",0.5821,0.4179,"LOW"
2,"1","N1","Other/Unknown","1",0.5811,0.4189,"LOW"
3,"1","N1","Other/Unknown","1",0.5822,0.4178,"LOW"
4,"1","N1","Other/Unknown","1",0.5856,0.4144,"LOW"
5,"1","N1","Other/Unknown","1",0.5853,0.4147,"LOW"
6,"1","N1","Other/Unknown","1",0.5868,0.4132,"LOW"
7,"1","N1","Other/Unknown","1",0.5845,0.4155,"LOW"
8,"1","N1","Other/Unknown","1",0.5855,0.4145,"LOW"
9,"1","N1","Other/Unknown","1",0.5865,0.4135,"LOW"
10,"1","N1","Other/Unknown","1",0.5847,0.4153,"LOW"
11,"1","N1","Other/Unknown","1",0.5827,0.4173,"LOW"
12,"1","N1","Other/Unknown","1",0.587,0.413,"LOW"
13,"1","N1","Other/Unknown","1",0.587,0.413,"LOW"
14,"1","N1","Other/Unknown","1",0.5926,0.4074,"LOW"
15,"1","N1","Other/Unknown","1",0.5916,0.4084,"LOW"
16,"1","N1","Other/Unknown","1",0.598,0.402,"LOW"
17,"1","N1","Other/Unknown","1",0.5993,0.4007,"LOW"
18,"1","N1","Other/Unknown","1",0.6044,0.3956,"LOW"
19,"1","N1","Other/Unknown","1",0.6056,0.3944,"LOW"
20,"1","N1","Other/Unknown","1",0.6095,0.3905,"LOW"
21,"1","N1","Other/Unknown","1",0.6103,0.3897,"LOW"
22,"1","N1","Other/Unknown","1",0.6097,0.3903,"LOW"
23,"1","N1","Other/Unknown","1",0.6129,0.3871,"LOW"
24,"1","N1","Other/Unknown","1",0.6133,0.3867,"LOW"
25,"1","N1","Other/Unknown","1",0.6135,0.3865,"LOW"
26,"1","N1","Other/Unknown","1",0.6136,0.3864,"LOW"
27,"1","N1","Other/Unknown","1",0.6113,0.3887,"LOW"
28,"1","N1","Other/Unknown","1",0.6117,0.3883,"LOW"
29,"1","N1","Other/Unknown","1",0.6105,0.3895,"LOW"
30,"1","N1","Other/Unknown","1",0.6134,0.3866,"LOW"
31,"1","N1","Other/Unknown","1",0.6117,0.3883,"LOW"
32,"1","N1","Other/Unknown","1",0.6133,0.3867,"LOW"
33,"1","N1","Other/Unknown","1",0.6138,0.3862,"LOW"
34,"1","N1","Other/Unknown","1",0.6137,0.3863,"LOW"
35,"1","N1","Other/Unknown","1",0.6129,0.3871,"LOW"
36,"1","N1","Other/Unknown","1",0.6139,0.3861,"LOW"
37,"1","N1","Other/Unknown","1",0.6113,0.3887,"LOW"
38,"1","N1","Other/Unknown","1",0.6129,0.3871,"LOW"
39,"1","N1","Other/Unknown","1",0.611,0.389,"LOW"
40,"1","N1","Other/Unknown","1",0.6108,0.3892,"LOW"
41,"1","N1","Other/Unknown","1",0.6113,0.3887,"LOW"
42,"1","N1","Other/Unknown","1",0.6118,0.3882,"LOW"
43,"1","N1","Other/Unknown","1",0.6133,0.3867,"LOW"
44,"1","N1","Other/Unknown","1",0.6103,0.3897,"LOW"
45,"1","N1","Other/Unknown","1",0.6139,0.3861,"LOW"
46,"1","N1","Other/Unknown","1",0.6135,0.3865,"LOW"
47,"1","N1","Other/Unknown","1",0.6182,0.3818,"LOW"
48,"1","N1","Other/Unknown","1",0.6189,0.3811,"LOW"
49,"1","N1","Other/Unknown","1",0.6183,0.3817,"LOW"
50,"1","N1","Other/Unknown","1",0.6168,0.3832,"LOW"
51,"1","N1","Other/Unknown","1",0.6178,0.3822,"LOW"
52,"1","N1","Other/Unknown","1",0.6167,0.3833,"LOW"
53,"1","N1","Other/Unknown","1",0.6179,0.3821,"LOW"
54,"1","N1","Other/Unknown","1",0.6183,0.3817,"LOW"
55,"1","N1","Other/Unknown","1",0.6176,0.3824,"LOW"
56,"1","N1","Other/Unknown","1",0.6158,0.3842,"LOW"
57,"1","N1","Other/Unknown","1",0.6155,0.3845,"LOW"
58,"1","N1","Other/Unknown","1",0.6143,0.3857,"LOW"
59,"1","N1","Other/Unknown","1",0.614,0.386,"LOW"
60,"1","N1","Other/Unknown","1",0.6152,0.3848,"LOW"
61,"1","N1","Other/Unknown","1",0.615,0.385,"LOW"
62,"1","N1","Other/Unknown","1",0.6132,0.3868,"LOW"
63,"1","N1","Other/Unknown","1",0.6119,0.3881,"LOW"
64,"1","N1","Other/Unknown","1",0.6133,0.3867,"LOW"
65,"1","N1","Other/Unknown","1",0.6135,0.3865,"LOW"
66,"1","N1","Other/Unknown","1",0.6132,0.3868,"LOW"
67,"1","N1","Other/Unknown","1",0.6115,0.3885,"LOW"
68,"1","N1","Other/Unknown","1",0.6105,0.3895,"LOW"
69,"1","N1","Other/Unknown","1",0.6083,0.3917,"LOW"
70,"1","N1","Other/Unknown","1",0.6175,0.3825,"LOW"
71,"1","N1","Other/Unknown","1",0.6156,0.3844,"LOW"
72,"1","N1","Other/Unknown","1",0.6182,0.3818,"LOW"
73,"1","N1","Other/Unknown","1",0.6223,0.3777,"LOW"
74,"1","N1","Other/Unknown","1",0.6216,0.3784,"LOW"
75,"1","N1","Other/Unknown","1",0.6239,0.3761,"LOW"
76,"1","N1","Other/Unknown","1",0.6249,0.3751,"LOW"
77,"1","N1","Other/Unknown","1",0.6197,0.3803,"LOW"
78,"1","N1","Other/Unknown","1",0.6187,0.3813,"LOW"
79,"1","N1","Other/Unknown","1",0.6181,0.3819,"LOW"
80,"1","N1","Other/Unknown","1",0.6177,0.3823,"LOW"
81,"1","N1","Other/Unknown","1",0.6165,0.3835,"LOW"
82,"1","N1","Other/Unknown","1",0.6191,0.3809,"LOW"
83,"1","N1","Other/Unknown","1",0.6185,0.3815,"LOW"
84,"1","N1","Other/Unknown","1",0.6174,0.3826,"LOW"
85,"1","N1","Other/Unknown","1",0.6133,0.3867,"LOW"
86,"1","N1","Other/Unknown","1",0.6184,0.3816,"LOW"
87,"1","N1","Other/Unknown","1",0.6212,0.3788,"LOW"
88,"1","N1","Other/Unknown","1",0.6221,0.3779,"LOW"
89,"1","N1","Other/Unknown","1",0.6245,0.3755,"LOW"
90,"1","N1","Other/Unknown","1",0.6246,0.3754,"LOW"
91,"1","N1","Other/Unknown","1",0.6246,0.3754,"LOW"
92,"1","N1","Other/Unknown","1",0.6246,0.3754,"LOW"
93,"1","N1","Other/Unknown","1",0.6246,0.3754,"LOW"
94,"1","N1","Other/Unknown","1",0.6246,0.3754,"LOW"
95,"1","N1","Other/Unknown","1",0.6246,0.3754,"LOW"
96,"1","N1","Other/Unknown","1",0.6246,0.3754,"LOW"
97,"1","N1","Other/Unknown","1",0.6246,0.3754,"LOW"
98,"1","N1","Other/Unknown","1",0.6246,0.3754,"LOW"
99,"1","N1","Other/Unknown","1",0.6246,0.3754,"LOW"
0,"2","N1","Other/Unknown","1",0.5712,0.4288,"LOW"
1,"2","N1","Other/Unknown","1",0.572,0.428,"LOW"
2,"2","N1","Other/Unknown","1",0.5705,0.4295,"LOW"
3,"2","N1","Other/Unknown","1",0.5675,0.4325,"LOW"
4,"2","N1","Other/Unknown","1",0.573,0.427,"LOW"
5,"2","N1","Other/Unknown","1",0.5699,0.4301,"LOW"
6,"2","N1","Other/Unknown","1",0.5698,0.4302,"LOW"
7,"2","N1","Other/Unknown","1",0.5704,0.4296,"LOW"
8,"2","N1","Other/Unknown","1",0.5671,0.4329,"LOW"
9,"2","N1","Other/Unknown","1",0.5641,0.4359,"LOW"
10,"2","N1","Other/Unknown","1",0.5648,0.4352,"LOW"
11,"2","N1","Other/Unknown","1",0.5626,0.4374,"LOW"
12,"2","N1","Other/Unknown","1",0.5667,0.4333,"LOW"
13,"2","N1","Other/Unknown","1",0.5649,0.4351,"LOW"
14,"2","N1","Other/Unknown","1",0.5677,0.4323,"LOW"
15,"2","N1","Other/Unknown","1",0.5688,0.4312,"LOW"
16,"2","N1","Other/Unknown","1",0.5714,0.4286,"LOW"
17,"2","N1","Other/Unknown","1",0.5718,0.4282,"LOW"
18,"2","N1","Other/Unknown","1",0.5741,0.4259,"LOW"
19,"2","N1","Other/Unknown","1",0.5773,0.4227,"LOW"
20,"2","N1","Other/Unknown","1",0.5801,0.4199,"LOW"
21,"2","N1","Other/Unknown","1",0.5803,0.4197,"LOW"
22,"2","N1","Other/Unknown","1",0.5817,0.4183,"LOW"
23,"2","N1","Other/Unknown","1",0.5835,0.4165,"LOW"
24,"2","N1","Other/Unknown","1",0.5832,0.4168,"LOW"
25,"2","N1","Other/Unknown","1",0.5843,0.4157,"LOW"
26,"2","N1","Other/Unknown","1",0.5855,0.4145,"LOW"
27,"2","N1","Other/Unknown","1",0.5862,0.4138,"LOW"
28,"2","N1","Other/Unknown","1",0.5867,0.4133,"LOW"
29,"2","N1","Other/Unknown","1",0.5849,0.4151,"LOW"
30,"2","N1","Other/Unknown","1",0.585,0.415,"LOW"
31,"2","N1","Other/Unknown","1",0.5827,0.4173,"LOW"
32,"2","N1","Other/Unknown","1",0.582,0.418,"LOW"
33,"2","N1","Other/Unknown","1",0.5824,0.4176,"LOW"
34,"2","N1","Other/Unknown","1",0.583,0.417,"LOW"
35,"2","N1","Other/Unknown","1",0.5839,0.4161,"LOW"
36,"2","N1","Other/Unknown","1",0.5845,0.4155,"LOW"
37,"2","N1","Other/Unknown","1",0.5828,0.4172,"LOW"
38,"2","N1","Other/Unknown","1",0.5828,0.4172,"LOW"
39,"2","N1","Other/Unknown","1",0.582,0.418,"LOW"
40,"2","N1","Other/Unknown","1",0.5814,0.4186,"LOW"
41,"2","N1","Other/Unknown","1",0.5818,0.4182,"LOW"
42,"2","N1","Other/Unknown","1",0.5801,0.4199,"LOW"
43,"2","N1","Other/Unknown","1",0.581,0.419,"LOW"
44,"2","N1","Other/Unknown","1",0.5771,0.4229,"LOW"
45,"2","N1","Other/Unknown","1",0.578,0.422,"LOW"
46,"2","N1","Other/Unknown","1",0.5754,0.4246,"LOW"
47,"2","N1","Other/Unknown","1",0.5809,0.4191,"LOW"
48,"2","N1","Other/Unknown","1",0.5828,0.4172,"LOW"
49,"2","N1","Other/Unknown","1",0.5842,0.4158,"LOW"
50,"2","N1","Other/Unknown","1",0.5814,0.4186,"LOW"
51,"2","N1","Other/Unknown","1",0.5817,0.4183,"LOW"
52,"2","N1","Other/Unknown","1",0.5802,0.4198,"LOW"
53,"2","N1","Other/Unknown","1",0.5804,0.4196,"LOW"
54,"2","N1","Other/Unknown","1",0.5787,0.4213,"LOW"
55,"2","N1","Other/Unknown","1",0.5749,0.4251,"LOW"
56,"2","N1","Other/Unknown","1",0.5731,0.4269,"LOW"
57,"2","N1","Other/Unknown","1",0.5727,0.4273,"LOW"
58,"2","N1","Other/Unknown","1",0.5711,0.4289,"LOW"
59,"2","N1","Other/Unknown","1",0.5719,0.4281,"LOW"
60,"2","N1","Other/Unknown","1",0.5719,0.4281,"LOW"
61,"2","N1","Other/Unknown","1",0.571,0.429,"LOW"
62,"2","N1","Other/Unknown","1",0.569,0.431,"LOW"
63,"2","N1","Other/Unknown","1",0.5678,0.4322,"LOW"
64,"2","N1","Other/Unknown","1",0.5663,0.4337,"LOW"
65,"2","N1","Other/Unknown","1",0.5672,0.4328,"LOW"
66,"2","N1","Other/Unknown","1",0.5689,0.4311,"LOW"
67,"2","N1","Other/Unknown","1",0.568,0.432,"LOW"
68,"2","N1","Other/Unknown","1",0.565,0.435,"LOW"
69,"2","N1","Other/Unknown","1",0.5629,0.4371,"LOW"
70,"2","N1","Other/Unknown","1",0.5687,0.4313,"LOW"
71,"2","N1","Other/Unknown","1",0.5671,0.4329,"LOW"
72,"2","N1","Other/Unknown","1",0.5688,0.4312,"LOW"
73,"2","N1","Other/Unknown","1",0.5703,0.4297,"LOW"
74,"2","N1","Other/Unknown","1",0.5704,0.4296,"LOW"
75,"2","N1","Other/Unknown","1",0.5734,0.4266,"LOW"
76,"2","N1","Other/Unknown","1",0.5748,0.4252,"LOW"
77,"2","N1","Other/Unknown","1",0.5717,0.4283,"LOW"
78,"2","N1","Other/Unknown","1",0.5689,0.4311,"LOW"
79,"2","N1","Other/Unknown","1",0.5687,0.4313,"LOW"
80,"2","N1","Other/Unknown","1",0.5733,0.4267,"LOW"
81,"2","N1","Other/Unknown","1",0.5736,0.4264,"LOW"
82,"2","N1","Other/Unknown","1",0.5784,0.4216,"LOW"
83,"2","N1","Other/Unknown","1",0.5794,0.4206,"LOW"
84,"2","N1","Other/Unknown","1",0.5795,0.4205,"LOW"
85,"2","N1","Other/Unknown","1",0.5795,0.4205,"LOW"
86,"2","N1","Other/Unknown","1",0.5834,0.4166,"LOW"
87,"2","N1","Other/Unknown","1",0.5862,0.4138,"LOW"
88,"2","N1","Other/Unknown","1",0.5877,0.4123,"LOW"
89,"2","N1","Other/Unknown","1",0.5908,0.4092,"LOW"
90,"2","N1","Other/Unknown","1",0.5912,0.4088,"LOW"
91,"2","N1","Other/Unknown","1",0.5912,0.4088,"LOW"
92,"2","N1","Other/Unknown","1",0.5912,0.4088,"LOW"
93,"2","N1","Other/Unknown","1",0.5912,0.4088,"LOW"
94,"2","N1","Other/Unknown","1",0.5912,0.4088,"LOW"
95,"2","N1","Other/Unknown","1",0.5912,0.4088,"LOW"
96,"2","N1","Other/Unknown","1",0.5912,0.4088,"LOW"
97,"2","N1","Other/Unknown","1",0.5912,0.4088,"LOW"
98,"2","N1","Other/Unknown","1",0.5912,0.4088,"LOW"
99,"2","N1","Other/Unknown","1",0.5912,0.4088,"LOW"
0,"1","Other/Unknown","Other/Unknown","1",0.7852,0.2148,"LOW"
1,"1","Other/Unknown","Other/Unknown","1",0.7838,0.2162,"LOW"
2,"1","Other/Unknown","Other/Unknown","1",0.7805,0.2195,"LOW"
3,"1","Other/Unknown","Other/Unknown","1",0.7731,0.2269,"LOW"
4,"1","Other/Unknown","Other/Unknown","1",0.7776,0.2224,"LOW"
5,"1","Other/Unknown","Other/Unknown","1",0.7796,0.2204,"LOW"
6,"1","Other/Unknown","Other/Unknown","1",0.7811,0.2189,"LOW"
7,"1","Other/Unknown","Other/Unknown","1",0.7799,0.2201,"LOW"
8,"1","Other/Unknown","Other/Unknown","1",0.7827,0.2173,"LOW"
9,"1","Other/Unknown","Other/Unknown","1",0.7845,0.2155,"LOW"
10,"1","Other/Unknown","Other/Unknown","1",0.7831,0.2169,"LOW"
11,"1","Other/Unknown","Other/Unknown","1",0.7832,0.2168,"LOW"
12,"1","Other/Unknown","Other/Unknown","1",0.7855,0.2145,"LOW"
13,"1","Other/Unknown","Other/Unknown","1",0.7902,0.2098,"LOW"
14,"1","Other/Unknown","Other/Unknown","1",0.791,0.209,"LOW"
15,"1","Other/Unknown","Other/Unknown","1",0.7918,0.2082,"LOW"
16,"1","Other/Unknown","Other/Unknown","1",0.7931,0.2069,"LOW"
17,"1","Other/Unknown","Other/Unknown","1",0.7966,0.2034,"LOW"
18,"1","Other/Unknown","Other/Unknown","1",0.8025,0.1975,"LOW"
19,"1","Other/Unknown","Other/Unknown","1",0.8047,0.1953,"LOW"
20,"1","Other/Unknown","Other/Unknown","1",0.8088,0.1912,"LOW"
21,"1","Other/Unknown","Other/Unknown","1",0.8131,0.1869,"LOW"
22,"1","Other/Unknown","Other/Unknown","1",0.8151,0.1849,"LOW"
23,"1","Other/Unknown","Other/Unknown","1",0.8187,0.1813,"LOW"
24,"1","Other/Unknown","Other/Unknown","1",0.8219,0.1781,"LOW"
25,"1","Other/Unknown","Other/Unknown","1",0.8243,0.1757,"LOW"
26,"1","Other/Unknown","Other/Unknown","1",0.8276,0.1724,"LOW"
27,"1","Other/Unknown","Other/Unknown","1",0.8312,0.1688,"LOW"
28,"1","Other/Unknown","Other/Unknown","1",0.8319,0.1681,"LOW"
29,"1","Other/Unknown","Other/Unknown","1",0.8339,0.1661,"LOW"
30,"1","Other/Unknown","Other/Unknown","1",0.8359,0.1641,"LOW"
31,"1","Other/Unknown","Other/Unknown","1",0.8373,0.1627,"LOW"
32,"1","Other/Unknown","Other/Unknown","1",0.8412,0.1588,"LOW"
33,"1","Other/Unknown","Other/Unknown","1",0.8422,0.1578,"LOW"
34,"1","Other/Unknown","Other/Unknown","1",0.8445,0.1555,"LOW"
35,"1","Other/Unknown","Other/Unknown","1",0.8448,0.1552,"LOW"
36,"1","Other/Unknown","Other/Unknown","1",0.8459,0.1541,"LOW"
37,"1","Other/Unknown","Other/Unknown","1",0.8486,0.1514,"LOW"
38,"1","Other/Unknown","Other/Unknown","1",0.8509,0.1491,"LOW"
39,"1","Other/Unknown","Other/Unknown","1",0.8515,0.1485,"LOW"
40,"1","Other/Unknown","Other/Unknown","1",0.8521,0.1479,"LOW"
41,"1","Other/Unknown","Other/Unknown","1",0.8534,0.1466,"LOW"
42,"1","Other/Unknown","Other/Unknown","1",0.8535,0.1465,"LOW"
43,"1","Other/Unknown","Other/Unknown","1",0.8542,0.1458,"LOW"
44,"1","Other/Unknown","Other/Unknown","1",0.8557,0.1443,"LOW"
45,"1","Other/Unknown","Other/Unknown","1",0.8571,0.1429,"LOW"
46,"1","Other/Unknown","Other/Unknown","1",0.8579,0.1421,"LOW"
47,"1","Other/Unknown","Other/Unknown","1",0.859,0.141,"LOW"
48,"1","Other/Unknown","Other/Unknown","1",0.8586,0.1414,"LOW"
49,"1","Other/Unknown","Other/Unknown","1",0.8596,0.1404,"LOW"
50,"1","Other/Unknown","Other/Unknown","1",0.8597,0.1403,"LOW"
51,"1","Other/Unknown","Other/Unknown","1",0.86,0.14,"LOW"
52,"1","Other/Unknown","Other/Unknown","1",0.8601,0.1399,"LOW"
53,"1","Other/Unknown","Other/Unknown","1",0.8601,0.1399,"LOW"
54,"1","Other/Unknown","Other/Unknown","1",0.8614,0.1386,"LOW"
55,"1","Other/Unknown","Other/Unknown","1",0.8613,0.1387,"LOW"
56,"1","Other/Unknown","Other/Unknown","1",0.8621,0.1379,"LOW"
57,"1","Other/Unknown","Other/Unknown","1",0.8626,0.1374,"LOW"
58,"1","Other/Unknown","Other/Unknown","1",0.8624,0.1376,"LOW"
59,"1","Other/Unknown","Other/Unknown","1",0.8622,0.1378,"LOW"
60,"1","Other/Unknown","Other/Unknown","1",0.8629,0.1371,"LOW"
61,"1","Other/Unknown","Other/Unknown","1",0.8628,0.1372,"LOW"
62,"1","Other/Unknown","Other/Unknown","1",0.8625,0.1375,"LOW"
63,"1","Other/Unknown","Other/Unknown","1",0.863,0.137,"LOW"
64,"1","Other/Unknown","Other/Unknown","1",0.863,0.137,"LOW"
65,"1","Other/Unknown","Other/Unknown","1",0.8629,0.1371,"LOW"
66,"1","Other/Unknown","Other/Unknown","1",0.8632,0.1368,"LOW"
67,"1","Other/Unknown","Other/Unknown","1",0.8629,0.1371,"LOW"
68,"1","Other/Unknown","Other/Unknown","1",0.8628,0.1372,"LOW"
69,"1","Other/Unknown","Other/Unknown","1",0.8625,0.1375,"LOW"
70,"1","Other/Unknown","Other/Unknown","1",0.8626,0.1374,"LOW"
71,"1","Other/Unknown","Other/Unknown","1",0.8616,0.1384,"LOW"
72,"1","Other/Unknown","Other/Unknown","1",0.8619,0.1381,"LOW"
73,"1","Other/Unknown","Other/Unknown","1",0.8622,0.1378,"LOW"
74,"1","Other/Unknown","Other/Unknown","1",0.8624,0.1376,"LOW"
75,"1","Other/Unknown","Other/Unknown","1",0.8619,0.1381,"LOW"
76,"1","Other/Unknown","Other/Unknown","1",0.8642,0.1358,"LOW"
77,"1","Other/Unknown","Other/Unknown","1",0.8641,0.1359,"LOW"
78,"1","Other/Unknown","Other/Unknown","1",0.863,0.137,"LOW"
79,"1","Other/Unknown","Other/Unknown","1",0.8627,0.1373,"LOW"
80,"1","Other/Unknown","Other/Unknown","1",0.8629,0.1371,"LOW"
81,"1","Other/Unknown","Other/Unknown","1",0.8622,0.1378,"LOW"
82,"1","Other/Unknown","Other/Unknown","1",0.8634,0.1366,"LOW"
83,"1","Other/Unknown","Other/Unknown","1",0.8634,0.1366,"LOW"
84,"1","Other/Unknown","Other/Unknown","1",0.8635,0.1365,"LOW"
85,"1","Other/Unknown","Other/Unknown","1",0.863,0.137,"LOW"
86,"1","Other/Unknown","Other/Unknown","1",0.8641,0.1359,"LOW"
87,"1","Other/Unknown","Other/Unknown","1",0.8658,0.1342,"LOW"
88,"1","Other/Unknown","Other/Unknown","1",0.8658,0.1342,"LOW"
89,"1","Other/Unknown","Other/Unknown","1",0.8665,0.1335,"LOW"
90,"1","Other/Unknown","Other/Unknown","1",0.8665,0.1335,"LOW"
91,"1","Other/Unknown","Other/Unknown","1",0.8665,0.1335,"LOW"
92,"1","Other/Unknown","Other/Unknown","1",0.8665,0.1335,"LOW"
93,"1","Other/Unknown","Other/Unknown","1",0.8665,0.1335,"LOW"
94,"1","Other/Unknown","Other/Unknown","1",0.8665,0.1335,"LOW"
95,"1","Other/Unknown","Other/Unknown","1",0.8665,0.1335,"LOW"
96,"1","Other/Unknown","Other/Unknown","1",0.8665,0.1335,"LOW"
97,"1","Other/Unknown","Other/Unknown","1",0.8665,0.1335,"LOW"
98,"1","Other/Unknown","Other/Unknown","1",0.8665,0.1335,"LOW"
99,"1","Other/Unknown","Other/Unknown","1",0.8665,0.1335,"LOW"
0,"2","Other/Unknown","Other/Unknown","1",0.8115,0.1885,"LOW"
1,"2","Other/Unknown","Other/Unknown","1",0.8105,0.1895,"LOW"
2,"2","Other/Unknown","Other/Unknown","1",0.8096,0.1904,"LOW"
3,"2","Other/Unknown","Other/Unknown","1",0.8055,0.1945,"LOW"
4,"2","Other/Unknown","Other/Unknown","1",0.8125,0.1875,"LOW"
5,"2","Other/Unknown","Other/Unknown","1",0.8139,0.1861,"LOW"
6,"2","Other/Unknown","Other/Unknown","1",0.818,0.182,"LOW"
7,"2","Other/Unknown","Other/Unknown","1",0.8177,0.1823,"LOW"
8,"2","Other/Unknown","Other/Unknown","1",0.8175,0.1825,"LOW"
9,"2","Other/Unknown","Other/Unknown","1",0.8175,0.1825,"LOW"
10,"2","Other/Unknown","Other/Unknown","1",0.8185,0.1815,"LOW"
11,"2","Other/Unknown","Other/Unknown","1",0.8192,0.1808,"LOW"
12,"2","Other/Unknown","Other/Unknown","1",0.8216,0.1784,"LOW"
13,"2","Other/Unknown","Other/Unknown","1",0.8196,0.1804,"LOW"
14,"2","Other/Unknown","Other/Unknown","1",0.8189,0.1811,"LOW"
15,"2","Other/Unknown","Other/Unknown","1",0.8202,0.1798,"LOW"
16,"2","Other/Unknown","Other/Unknown","1",0.8195,0.1805,"LOW"
17,"2","Other/Unknown","Other/Unknown","1",0.8213,0.1787,"LOW"
18,"2","Other/Unknown","Other/Unknown","1",0.8248,0.1752,"LOW"
19,"2","Other/Unknown","Other/Unknown","1",0.8261,0.1739,"LOW"
20,"2","Other/Unknown","Other/Unknown","1",0.8284,0.1716,"LOW"
21,"2","Other/Unknown","Other/Unknown","1",0.8294,0.1706,"LOW"
22,"2","Other/Unknown","Other/Unknown","1",0.8299,0.1701,"LOW"
23,"2","Other/Unknown","Other/Unknown","1",0.8315,0.1685,"LOW"
24,"2","Other/Unknown","Other/Unknown","1",0.8348,0.1652,"LOW"
25,"2","Other/Unknown","Other/Unknown","1",0.8353,0.1647,"LOW"
26,"2","Other/Unknown","Other/Unknown","1",0.838,0.162,"LOW"
27,"2","Other/Unknown","Other/Unknown","1",0.8389,0.1611,"LOW"
28,"2","Other/Unknown","Other/Unknown","1",0.8393,0.1607,"LOW"
29,"2","Other/Unknown","Other/Unknown","1",0.8419,0.1581,"LOW"
30,"2","Other/Unknown","Other/Unknown","1",0.8442,0.1558,"LOW"
31,"2","Other/Unknown","Other/Unknown","1",0.8448,0.1552,"LOW"
32,"2","Other/Unknown","Other/Unknown","1",0.8469,0.1531,"LOW"
33,"2","Other/Unknown","Other/Unknown","1",0.8465,0.1535,"LOW"
34,"2","Other/Unknown","Other/Unknown","1",0.848,0.152,"LOW"
35,"2","Other/Unknown","Other/Unknown","1",0.8491,0.1509,"LOW"
36,"2","Other/Unknown","Other/Unknown","1",0.8491,0.1509,"LOW"
37,"2","Other/Unknown","Other/Unknown","1",0.8508,0.1492,"LOW"
38,"2","Other/Unknown","Other/Unknown","1",0.854,0.146,"LOW"
39,"2","Other/Unknown","Other/Unknown","1",0.8532,0.1468,"LOW"
40,"2","Other/Unknown","Other/Unknown","1",0.8547,0.1453,"LOW"
41,"2","Other/Unknown","Other/Unknown","1",0.857,0.143,"LOW"
42,"2","Other/Unknown","Other/Unknown","1",0.8585,0.1415,"LOW"
43,"2","Other/Unknown","Other/Unknown","1",0.8588,0.1412,"LOW"
44,"2","Other/Unknown","Other/Unknown","1",0.8589,0.1411,"LOW"
45,"2","Other/Unknown","Other/Unknown","1",0.8589,0.1411,"LOW"
46,"2","Other/Unknown","Other/Unknown","1",0.8614,0.1386,"LOW"
47,"2","Other/Unknown","Other/Unknown","1",0.863,0.137,"LOW"
48,"2","Other/Unknown","Other/Unknown","1",0.8626,0.1374,"LOW"
49,"2","Other/Unknown","Other/Unknown","1",0.8633,0.1367,"LOW"
50,"2","Other/Unknown","Other/Unknown","1",0.8637,0.1363,"LOW"
51,"2","Other/Unknown","Other/Unknown","1",0.8645,0.1355,"LOW"
52,"2","Other/Unknown","Other/Unknown","1",0.865,0.135,"LOW"
53,"2","Other/Unknown","Other/Unknown","1",0.865,0.135,"LOW"
54,"2","Other/Unknown","Other/Unknown","1",0.8658,0.1342,"LOW"
55,"2","Other/Unknown","Other/Unknown","1",0.8658,0.1342,"LOW"
56,"2","Other/Unknown","Other/Unknown","1",0.8658,0.1342,"LOW"
57,"2","Other/Unknown","Other/Unknown","1",0.8655,0.1345,"LOW"
58,"2","Other/Unknown","Other/Unknown","1",0.8656,0.1344,"LOW"
59,"2","Other/Unknown","Other/Unknown","1",0.8653,0.1347,"LOW"
60,"2","Other/Unknown","Other/Unknown","1",0.8657,0.1343,"LOW"
61,"2","Other/Unknown","Other/Unknown","1",0.8655,0.1345,"LOW"
62,"2","Other/Unknown","Other/Unknown","1",0.8663,0.1337,"LOW"
63,"2","Other/Unknown","Other/Unknown","1",0.8666,0.1334,"LOW"
64,"2","Other/Unknown","Other/Unknown","1",0.8667,0.1333,"LOW"
65,"2","Other/Unknown","Other/Unknown","1",0.867,0.133,"LOW"
66,"2","Other/Unknown","Other/Unknown","1",0.8669,0.1331,"LOW"
67,"2","Other/Unknown","Other/Unknown","1",0.8671,0.1329,"LOW"
68,"2","Other/Unknown","Other/Unknown","1",0.8681,0.1319,"LOW"
69,"2","Other/Unknown","Other/Unknown","1",0.8682,0.1318,"LOW"
70,"2","Other/Unknown","Other/Unknown","1",0.8683,0.1317,"LOW"
71,"2","Other/Unknown","Other/Unknown","1",0.8671,0.1329,"LOW"
72,"2","Other/Unknown","Other/Unknown","1",0.8663,0.1337,"LOW"
73,"2","Other/Unknown","Other/Unknown","1",0.866,0.134,"LOW"
74,"2","Other/Unknown","Other/Unknown","1",0.866,0.134,"LOW"
75,"2","Other/Unknown","Other/Unknown","1",0.8653,0.1347,"LOW"
76,"2","Other/Unknown","Other/Unknown","1",0.8662,0.1338,"LOW"
77,"2","Other/Unknown","Other/Unknown","1",0.8666,0.1334,"LOW"
78,"2","Other/Unknown","Other/Unknown","1",0.8662,0.1338,"LOW"
79,"2","Other/Unknown","Other/Unknown","1",0.8669,0.1331,"LOW"
80,"2","Other/Unknown","Other/Unknown","1",0.8658,0.1342,"LOW"
81,"2","Other/Unknown","Other/Unknown","1",0.8658,0.1342,"LOW"
82,"2","Other/Unknown","Other/Unknown","1",0.8653,0.1347,"LOW"
83,"2","Other/Unknown","Other/Unknown","1",0.8659,0.1341,"LOW"
84,"2","Other/Unknown","Other/Unknown","1",0.866,0.134,"LOW"
85,"2","Other/Unknown","Other/Unknown","1",0.8655,0.1345,"LOW"
86,"2","Other/Unknown","Other/Unknown","1",0.8664,0.1336,"LOW"
87,"2","Other/Unknown","Other/Unknown","1",0.8678,0.1322,"LOW"
88,"2","Other/Unknown","Other/Unknown","1",0.8678,0.1322,"LOW"
89,"2","Other/Unknown","Other/Unknown","1",0.8683,0.1317,"LOW"
90,"2","Other/Unknown","Other/Unknown","1",0.8682,0.1318,"LOW"
91,"2","Other/Unknown","Other/Unknown","1",0.8682,0.1318,"LOW"
92,"2","Other/Unknown","Other/Unknown","1",0.8682,0.1318,"LOW"
93,"2","Other/Unknown","Other/Unknown","1",0.8682,0.1318,"LOW"
94,"2","Other/Unknown","Other/Unknown","1",0.8682,0.1318,"LOW"
95,"2","Other/Unknown","Other/Unknown","1",0.8682,0.1318,"LOW"
96,"2","Other/Unknown","Other/Unknown","1",0.8682,0.1318,"LOW"
97,"2","Other/Unknown","Other/Unknown","1",0.8682,0.1318,"LOW"
98,"2","Other/Unknown","Other/Unknown","1",0.8682,0.1318,"LOW"
99,"2","Other/Unknown","Other/Unknown","1",0.8682,0.1318,"LOW"
0,"1","N0","T1","1",0.9002,0.0998,"LOW"
1,"1","N0","T1","1",0.8995,0.1005,"LOW"
2,"1","N0","T1","1",0.8968,0.1032,"LOW"
3,"1","N0","T1","1",0.8816,0.1184,"LOW"
4,"1","N0","T1","1",0.8833,0.1167,"LOW"
5,"1","N0","T1","1",0.8882,0.1118,"LOW"
6,"1","N0","T1","1",0.8919,0.1081,"LOW"
7,"1","N0","T1","1",0.8932,0.1068,"LOW"
8,"1","N0","T1","1",0.8942,0.1058,"LOW"
9,"1","N0","T1","1",0.8947,0.1053,"LOW"
10,"1","N0","T1","1",0.9035,0.0965,"LOW"
11,"1","N0","T1","1",0.9041,0.0959,"LOW"
12,"1","N0","T1","1",0.9079,0.0921,"LOW"
13,"1","N0","T1","1",0.912,0.088,"LOW"
14,"1","N0","T1","1",0.9128,0.0872,"LOW"
15,"1","N0","T1","1",0.9127,0.0873,"LOW"
16,"1","N0","T1","1",0.9164,0.0836,"LOW"
17,"1","N0","T1","1",0.9195,0.0805,"LOW"
18,"1","N0","T1","1",0.9204,0.0796,"LOW"
19,"1","N0","T1","1",0.9219,0.0781,"LOW"
20,"1","N0","T1","1",0.9193,0.0807,"LOW"
21,"1","N0","T1","1",0.9188,0.0812,"LOW"
22,"1","N0","T1","1",0.9217,0.0783,"LOW"
23,"1","N0","T1","1",0.9245,0.0755,"LOW"
24,"1","N0","T1","1",0.9261,0.0739,"LOW"
25,"1","N0","T1","1",0.9288,0.0712,"LOW"
26,"1","N0","T1","1",0.9299,0.0701,"LOW"
27,"1","N0","T1","1",0.9287,0.0713,"LOW"
28,"1","N0","T1","1",0.9305,0.0695,"LOW"
29,"1","N0","T1","1",0.9311,0.0689,"LOW"
30,"1","N0","T1","1",0.932,0.068,"LOW"
31,"1","N0","T1","1",0.932,0.068,"LOW"
32,"1","N0","T1","1",0.9342,0.0658,"LOW"
33,"1","N0","T1","1",0.9334,0.0666,"LOW"
34,"1","N0","T1","1",0.9356,0.0644,"LOW"
35,"1","N0","T1","1",0.9383,0.0617,"LOW"
36,"1","N0","T1","1",0.9385,0.0615,"LOW"
37,"1","N0","T1","1",0.939,0.061,"LOW"
38,"1","N0","T1","1",0.9421,0.0579,"LOW"
39,"1","N0","T1","1",0.9434,0.0566,"LOW"
40,"1","N0","T1","1",0.9433,0.0567,"LOW"
41,"1","N0","T1","1",0.9431,0.0569,"LOW"
42,"1","N0","T1","1",0.9432,0.0568,"LOW"
43,"1","N0","T1","1",0.9443,0.0557,"LOW"
44,"1","N0","T1","1",0.9444,0.0556,"LOW"
45,"1","N0","T1","1",0.9442,0.0558,"LOW"
46,"1","N0","T1","1",0.9443,0.0557,"LOW"
47,"1","N0","T1","1",0.9456,0.0544,"LOW"
48,"1","N0","T1","1",0.9456,0.0544,"LOW"
49,"1","N0","T1","1",0.9458,0.0542,"LOW"
50,"1","N0","T1","1",0.9456,0.0544,"LOW"
51,"1","N0","T1","1",0.946,0.054,"LOW"
52,"1","N0","T1","1",0.9458,0.0542,"LOW"
53,"1","N0","T1","1",0.9453,0.0547,"LOW"
54,"1","N0","T1","1",0.9456,0.0544,"LOW"
55,"1","N0","T1","1",0.9458,0.0542,"LOW"
56,"1","N0","T1","1",0.9457,0.0543,"LOW"
57,"1","N0","T1","1",0.9458,0.0542,"LOW"
58,"1","N0","T1","1",0.9459,0.0541,"LOW"
59,"1","N0","T1","1",0.9456,0.0544,"LOW"
60,"1","N0","T1","1",0.9456,0.0544,"LOW"
61,"1","N0","T1","1",0.946,0.054,"LOW"
62,"1","N0","T1","1",0.9456,0.0544,"LOW"
63,"1","N0","T1","1",0.9459,0.0541,"LOW"
64,"1","N0","T1","1",0.946,0.054,"LOW"
65,"1","N0","T1","1",0.9462,0.0538,"LOW"
66,"1","N0","T1","1",0.9461,0.0539,"LOW"
67,"1","N0","T1","1",0.9459,0.0541,"LOW"
68,"1","N0","T1","1",0.9459,0.0541,"LOW"
69,"1","N0","T1","1",0.9456,0.0544,"LOW"
70,"1","N0","T1","1",0.9452,0.0548,"LOW"
71,"1","N0","T1","1",0.9451,0.0549,"LOW"
72,"1","N0","T1","1",0.9442,0.0558,"LOW"
73,"1","N0","T1","1",0.9442,0.0558,"LOW"
74,"1","N0","T1","1",0.944,0.056,"LOW"
75,"1","N0","T1","1",0.9454,0.0546,"LOW"
76,"1","N0","T1","1",0.9452,0.0548,"LOW"
77,"1","N0","T1","1",0.9454,0.0546,"LOW"
78,"1","N0","T1","1",0.9452,0.0548,"LOW"
79,"1","N0","T1","1",0.9447,0.0553,"LOW"
80,"1","N0","T1","1",0.9435,0.0565,"LOW"
81,"1","N0","T1","1",0.9431,0.0569,"LOW"
82,"1","N0","T1","1",0.9427,0.0573,"LOW"
83,"1","N0","T1","1",0.9429,0.0571,"LOW"
84,"1","N0","T1","1",0.9425,0.0575,"LOW"
85,"1","N0","T1","1",0.942,0.058,"LOW"
86,"1","N0","T1","1",0.9389,0.0611,"LOW"
87,"1","N0","T1","1",0.9404,0.0596,"LOW"
88,"1","N0","T1","1",0.9418,0.0582,"LOW"
89,"1","N0","T1","1",0.9421,0.0579,"LOW"
90,"1","N0","T1","1",0.9422,0.0578,"LOW"
91,"1","N0","T1","1",0.9422,0.0578,"LOW"
92,"1","N0","T1","1",0.9422,0.0578,"LOW"
93,"1","N0","T1","1",0.9422,0.0578,"LOW"
94,"1","N0","T1","1",0.9422,0.0578,"LOW"
95,"1","N0","T1","1",0.9422,0.0578,"LOW"
96,"1","N0","T1","1",0.9422,0.0578,"LOW"
97,"1","N0","T1","1",0.9422,0.0578,"LOW"
98,"1","N0","T1","1",0.9422,0.0578,"LOW"
99,"1","N0","T1","1",0.9422,0.0578,"LOW"
0,"2","N0","T1","1",0.9108,0.0892,"LOW"
1,"2","N0","T1","1",0.9104,0.0896,"LOW"
2,"2","N0","T1","1",0.9066,0.0934,"LOW"
3,"2","N0","T1","1",0.8956,0.1044,"LOW"
4,"2","N0","T1","1",0.9004,0.0996,"LOW"
5,"2","N0","T1","1",0.9018,0.0982,"LOW"
6,"2","N0","T1","1",0.9056,0.0944,"LOW"
7,"2","N0","T1","1",0.9113,0.0887,"LOW"
8,"2","N0","T1","1",0.9131,0.0869,"LOW"
9,"2","N0","T1","1",0.9131,0.0869,"LOW"
10,"2","N0","T1","1",0.9192,0.0808,"LOW"
11,"2","N0","T1","1",0.921,0.079,"LOW"
12,"2","N0","T1","1",0.9243,0.0757,"LOW"
13,"2","N0","T1","1",0.926,0.074,"LOW"
14,"2","N0","T1","1",0.9277,0.0723,"LOW"
15,"2","N0","T1","1",0.9282,0.0718,"LOW"
16,"2","N0","T1","1",0.9302,0.0698,"LOW"
17,"2","N0","T1","1",0.9298,0.0702,"LOW"
18,"2","N0","T1","1",0.9321,0.0679,"LOW"
19,"2","N0","T1","1",0.9337,0.0663,"LOW"
20,"2","N0","T1","1",0.9329,0.0671,"LOW"
21,"2","N0","T1","1",0.9325,0.0675,"LOW"
22,"2","N0","T1","1",0.9357,0.0643,"LOW"
23,"2","N0","T1","1",0.936,0.064,"LOW"
24,"2","N0","T1","1",0.9377,0.0623,"LOW"
25,"2","N0","T1","1",0.9382,0.0618,"LOW"
26,"2","N0","T1","1",0.9407,0.0593,"LOW"
27,"2","N0","T1","1",0.9408,0.0592,"LOW"
28,"2","N0","T1","1",0.9419,0.0581,"LOW"
29,"2","N0","T1","1",0.9432,0.0568,"LOW"
30,"2","N0","T1","1",0.9429,0.0571,"LOW"
31,"2","N0","T1","1",0.9424,0.0576,"LOW"
32,"2","N0","T1","1",0.9433,0.0567,"LOW"
33,"2","N0","T1","1",0.943,0.057,"LOW"
34,"2","N0","T1","1",0.9437,0.0563,"LOW"
35,"2","N0","T1","1",0.9454,0.0546,"LOW"
36,"2","N0","T1","1",0.9456,0.0544,"LOW"
37,"2","N0","T1","1",0.9465,0.0535,"LOW"
38,"2","N0","T1","1",0.9477,0.0523,"LOW"
39,"2","N0","T1","1",0.9492,0.0508,"LOW"
40,"2","N0","T1","1",0.9496,0.0504,"LOW"
41,"2","N0","T1","1",0.9502,0.0498,"LOW"
42,"2","N0","T1","1",0.9506,0.0494,"LOW"
43,"2","N0","T1","1",0.9508,0.0492,"LOW"
44,"2","N0","T1","1",0.9514,0.0486,"LOW"
45,"2","N0","T1","1",0.951,0.049,"LOW"
46,"2","N0","T1","1",0.9512,0.0488,"LOW"
47,"2","N0","T1","1",0.9519,0.0481,"LOW"
48,"2","N0","T1","1",0.9518,0.0482,"LOW"
49,"2","N0","T1","1",0.9518,0.0482,"LOW"
50,"2","N0","T1","1",0.9516,0.0484,"LOW"
51,"2","N0","T1","1",0.9514,0.0486,"LOW"
52,"2","N0","T1","1",0.9526,0.0474,"LOW"
53,"2","N0","T1","1",0.9527,0.0473,"LOW"
54,"2","N0","T1","1",0.9527,0.0473,"LOW"
55,"2","N0","T1","1",0.953,0.047,"LOW"
56,"2","N0","T1","1",0.9533,0.0467,"LOW"
57,"2","N0","T1","1",0.9532,0.0468,"LOW"
58,"2","N0","T1","1",0.953,0.047,"LOW"
59,"2","N0","T1","1",0.9528,0.0472,"LOW"
60,"2","N0","T1","1",0.9528,0.0472,"LOW"
61,"2","N0","T1","1",0.9531,0.0469,"LOW"
62,"2","N0","T1","1",0.9535,0.0465,"LOW"
63,"2","N0","T1","1",0.9536,0.0464,"LOW"
64,"2","N0","T1","1",0.9537,0.0463,"LOW"
65,"2","N0","T1","1",0.9537,0.0463,"LOW"
66,"2","N0","T1","1",0.9535,0.0465,"LOW"
67,"2","N0","T1","1",0.9532,0.0468,"LOW"
68,"2","N0","T1","1",0.9532,0.0468,"LOW"
69,"2","N0","T1","1",0.953,0.047,"LOW"
70,"2","N0","T1","1",0.9529,0.0471,"LOW"
71,"2","N0","T1","1",0.9533,0.0467,"LOW"
72,"2","N0","T1","1",0.9528,0.0472,"LOW"
73,"2","N0","T1","1",0.9525,0.0475,"LOW"
74,"2","N0","T1","1",0.9519,0.0481,"LOW"
75,"2","N0","T1","1",0.9526,0.0474,"LOW"
76,"2","N0","T1","1",0.9525,0.0475,"LOW"
77,"2","N0","T1","1",0.9526,0.0474,"LOW"
78,"2","N0","T1","1",0.9524,0.0476,"LOW"
79,"2","N0","T1","1",0.9518,0.0482,"LOW"
80,"2","N0","T1","1",0.9519,0.0481,"LOW"
81,"2","N0","T1","1",0.9519,0.0481,"LOW"
82,"2","N0","T1","1",0.9512,0.0488,"LOW"
83,"2","N0","T1","1",0.9514,0.0486,"LOW"
84,"2","N0","T1","1",0.9508,0.0492,"LOW"
85,"2","N0","T1","1",0.9476,0.0524,"LOW"
86,"2","N0","T1","1",0.9444,0.0556,"LOW"
87,"2","N0","T1","1",0.946,0.054,"LOW"
88,"2","N0","T1","1",0.9481,0.0519,"LOW"
89,"2","N0","T1","1",0.9485,0.0515,"LOW"
90,"2","N0","T1","1",0.9478,0.0522,"LOW"
91,"2","N0","T1","1",0.9478,0.0522,"LOW"
92,"2","N0","T1","1",0.9478,0.0522,"LOW"
93,"2","N0","T1","1",0.9478,0.0522,"LOW"
94,"2","N0","T1","1",0.9478,0.0522,"LOW"
95,"2","N0","T1","1",0.9478,0.0522,"LOW"
96,"2","N0","T1","1",0.9478,0.0522,"LOW"
97,"2","N0","T1","1",0.9478,0.0522,"LOW"
98,"2","N0","T1","1",0.9478,0.0522,"LOW"
99,"2","N0","T1","1",0.9478,0.0522,"LOW"
0,"1","N1","T1","1",0.654,0.346,"LOW"
1,"1","N1","T1","1",0.6563,0.3437,"LOW"
2,"1","N1","T1","1",0.6517,0.3483,"LOW"
3,"1","N1","T1","1",0.6479,0.3521,"LOW"
4,"1","N1","T1","1",0.6487,0.3513,"LOW"
5,"1","N1","T1","1",0.6521,0.3479,"LOW"
6,"1","N1","T1","1",0.6543,0.3457,"LOW"
7,"1","N1","T1","1",0.6564,0.3436,"LOW"
8,"1","N1","T1","1",0.6586,0.3414,"LOW"
9,"1","N1","T1","1",0.6563,0.3437,"LOW"
10,"1","N1","T1","1",0.6542,0.3458,"LOW"
11,"1","N1","T1","1",0.6512,0.3488,"LOW"
12,"1","N1","T1","1",0.6528,0.3472,"LOW"
13,"1","N1","T1","1",0.6527,0.3473,"LOW"
14,"1","N1","T1","1",0.6537,0.3463,"LOW"
15,"1","N1","T1","1",0.6557,0.3443,"LOW"
16,"1","N1","T1","1",0.6577,0.3423,"LOW"
17,"1","N1","T1","1",0.6605,0.3395,"LOW"
18,"1","N1","T1","1",0.6611,0.3389,"LOW"
19,"1","N1","T1","1",0.6609,0.3391,"LOW"
20,"1","N1","T1","1",0.6625,0.3375,"LOW"
21,"1","N1","T1","1",0.6626,0.3374,"LOW"
22,"1","N1","T1","1",0.6637,0.3363,"LOW"
23,"1","N1","T1","1",0.6651,0.3349,"LOW"
24,"1","N1","T1","1",0.6619,0.3381,"LOW"
25,"1","N1","T1","1",0.6632,0.3368,"LOW"
26,"1","N1","T1","1",0.6617,0.3383,"LOW"
27,"1","N1","T1","1",0.66,0.34,"LOW"
28,"1","N1","T1","1",0.6622,0.3378,"LOW"
29,"1","N1","T1","1",0.6626,0.3374,"LOW"
30,"1","N1","T1","1",0.6619,0.3381,"LOW"
31,"1","N1","T1","1",0.6619,0.3381,"LOW"
32,"1","N1","T1","1",0.6592,0.3408,"LOW"
33,"1","N1","T1","1",0.6608,0.3392,"LOW"
34,"1","N1","T1","1",0.6599,0.3401,"LOW"
35,"1","N1","T1","1",0.6592,0.3408,"LOW"
36,"1","N1","T1","1",0.6573,0.3427,"LOW"
37,"1","N1","T1","1",0.6561,0.3439,"LOW"
38,"1","N1","T1","1",0.6567,0.3433,"LOW"
39,"1","N1","T1","1",0.6554,0.3446,"LOW"
40,"1","N1","T1","1",0.6556,0.3444,"LOW"
41,"1","N1","T1","1",0.6535,0.3465,"LOW"
42,"1","N1","T1","1",0.6539,0.3461,"LOW"
43,"1","N1","T1","1",0.6544,0.3456,"LOW"
44,"1","N1","T1","1",0.6545,0.3455,"LOW"
45,"1","N1","T1","1",0.6556,0.3444,"LOW"
46,"1","N1","T1","1",0.6556,0.3444,"LOW"
47,"1","N1","T1","1",0.6599,0.3401,"LOW"
48,"1","N1","T1","1",0.6593,0.3407,"LOW"
49,"1","N1","T1","1",0.6567,0.3433,"LOW"
50,"1","N1","T1","1",0.6554,0.3446,"LOW"
51,"1","N1","T1","1",0.6534,0.3466,"LOW"
52,"1","N1","T1","1",0.6543,0.3457,"LOW"
53,"1","N1","T1","1",0.6541,0.3459,"LOW"
54,"1","N1","T1","1",0.6544,0.3456,"LOW"
55,"1","N1","T1","1",0.6547,0.3453,"LOW"
56,"1","N1","T1","1",0.6537,0.3463,"LOW"
57,"1","N1","T1","1",0.6541,0.3459,"LOW"
58,"1","N1","T1","1",0.6488,0.3512,"LOW"
59,"1","N1","T1","1",0.6484,0.3516,"LOW"
60,"1","N1","T1","1",0.65,0.35,"LOW"
61,"1","N1","T1","1",0.6512,0.3488,"LOW"
62,"1","N1","T1","1",0.6555,0.3445,"LOW"
63,"1","N1","T1","1",0.6549,0.3451,"LOW"
64,"1","N1","T1","1",0.6565,0.3435,"LOW"
65,"1","N1","T1","1",0.6554,0.3446,"LOW"
66,"1","N1","T1","1",0.6578,0.3422,"LOW"
67,"1","N1","T1","1",0.6558,0.3442,"LOW"
68,"1","N1","T1","1",0.6544,0.3456,"LOW"
69,"1","N1","T1","1",0.6544,0.3456,"LOW"
70,"1","N1","T1","1",0.6619,0.3381,"LOW"
71,"1","N1","T1","1",0.6612,0.3388,"LOW"
72,"1","N1","T1","1",0.6642,0.3358,"LOW"
73,"1","N1","T1","1",0.6655,0.3345,"LOW"
74,"1","N1","T1","1",0.6657,0.3343,"LOW"
75,"1","N1","T1","1",0.6667,0.3333,"LOW"
76,"1","N1","T1","1",0.6647,0.3353,"LOW"
77,"1","N1","T1","1",0.6614,0.3386,"LOW"
78,"1","N1","T1","1",0.6624,0.3376,"LOW"
79,"1","N1","T1","1",0.6623,0.3377,"LOW"
80,"1","N1","T1","1",0.662,0.338,"LOW"
81,"1","N1","T1","1",0.6622,0.3378,"LOW"
82,"1","N1","T1","1",0.6636,0.3364,"LOW"
83,"1","N1","T1","1",0.6656,0.3344,"LOW"
84,"1","N1","T1","1",0.6639,0.3361,"LOW"
85,"1","N1","T1","1",0.6619,0.3381,"LOW"
86,"1","N1","T1","1",0.667,0.333,"LOW"
87,"1","N1","T1","1",0.6678,0.3322,"LOW"
88,"1","N1","T1","1",0.6698,0.3302,"LOW"
89,"1","N1","T1","1",0.6709,0.3291,"LOW"
90,"1","N1","T1","1",0.672,0.328,"LOW"
91,"1","N1","T1","1",0.672,0.328,"LOW"
92,"1","N1","T1","1",0.672,0.328,"LOW"
93,"1","N1","T1","1",0.672,0.328,"LOW"
94,"1","N1","T1","1",0.672,0.328,"LOW"
95,"1","N1","T1","1",0.672,0.328,"LOW"
96,"1","N1","T1","1",0.672,0.328,"LOW"
97,"1","N1","T1","1",0.672,0.328,"LOW"
98,"1","N1","T1","1",0.672,0.328,"LOW"
99,"1","N1","T1","1",0.672,0.328,"LOW"
0,"2","N1","T1","1",0.7246,0.2754,"LOW"
1,"2","N1","T1","1",0.726,0.274,"LOW"
2,"2","N1","T1","1",0.7244,0.2756,"LOW"
3,"2","N1","T1","1",0.7224,0.2776,"LOW"
4,"2","N1","T1","1",0.7231,0.2769,"LOW"
5,"2","N1","T1","1",0.7238,0.2762,"LOW"
6,"2","N1","T1","1",0.726,0.274,"LOW"
7,"2","N1","T1","1",0.7294,0.2706,"LOW"
8,"2","N1","T1","1",0.7279,0.2721,"LOW"
9,"2","N1","T1","1",0.7263,0.2737,"LOW"
10,"2","N1","T1","1",0.7262,0.2738,"LOW"
11,"2","N1","T1","1",0.721,0.279,"LOW"
12,"2","N1","T1","1",0.7249,0.2751,"LOW"
13,"2","N1","T1","1",0.7278,0.2722,"LOW"
14,"2","N1","T1","1",0.7291,0.2709,"LOW"
15,"2","N1","T1","1",0.7314,0.2686,"LOW"
16,"2","N1","T1","1",0.7323,0.2677,"LOW"
17,"2","N1","T1","1",0.7346,0.2654,"LOW"
18,"2","N1","T1","1",0.7351,0.2649,"LOW"
19,"2","N1","T1","1",0.7371,0.2629,"LOW"
20,"2","N1","T1","1",0.7386,0.2614,"LOW"
21,"2","N1","T1","1",0.7402,0.2598,"LOW"
22,"2","N1","T1","1",0.7428,0.2572,"LOW"
23,"2","N1","T1","1",0.7423,0.2577,"LOW"
24,"2","N1","T1","1",0.7435,0.2565,"LOW"
25,"2","N1","T1","1",0.7476,0.2524,"LOW"
26,"2","N1","T1","1",0.7494,0.2506,"LOW"
27,"2","N1","T1","1",0.7487,0.2513,"LOW"
28,"2","N1","T1","1",0.7506,0.2494,"LOW"
29,"2","N1","T1","1",0.7518,0.2482,"LOW"
30,"2","N1","T1","1",0.7503,0.2497,"LOW"
31,"2","N1","T1","1",0.7505,0.2495,"LOW"
32,"2","N1","T1","1",0.7476,0.2524,"LOW"
33,"2","N1","T1","1",0.749,0.251,"LOW"
34,"2","N1","T1","1",0.7516,0.2484,"LOW"
35,"2","N1","T1","1",0.7513,0.2487,"LOW"
36,"2","N1","T1","1",0.7505,0.2495,"LOW"
37,"2","N1","T1","1",0.7512,0.2488,"LOW"
38,"2","N1","T1","1",0.7515,0.2485,"LOW"
39,"2","N1","T1","1",0.75,0.25,"LOW"
40,"2","N1","T1","1",0.7497,0.2503,"LOW"
41,"2","N1","T1","1",0.7474,0.2526,"LOW"
42,"2","N1","T1","1",0.7486,0.2514,"LOW"
43,"2","N1","T1","1",0.7466,0.2534,"LOW"
44,"2","N1","T1","1",0.7461,0.2539,"LOW"
45,"2","N1","T1","1",0.7461,0.2539,"LOW"
46,"2","N1","T1","1",0.748,0.252,"LOW"
47,"2","N1","T1","1",0.7514,0.2486,"LOW"
48,"2","N1","T1","1",0.7521,0.2479,"LOW"
49,"2","N1","T1","1",0.7535,0.2465,"LOW"
50,"2","N1","T1","1",0.7534,0.2466,"LOW"
51,"2","N1","T1","1",0.751,0.249,"LOW"
52,"2","N1","T1","1",0.7508,0.2492,"LOW"
53,"2","N1","T1","1",0.7508,0.2492,"LOW"
54,"2","N1","T1","1",0.7516,0.2484,"LOW"
55,"2","N1","T1","1",0.7497,0.2503,"LOW"
56,"2","N1","T1","1",0.7499,0.2501,"LOW"
57,"2","N1","T1","1",0.75,0.25,"LOW"
58,"2","N1","T1","1",0.7443,0.2557,"LOW"
59,"2","N1","T1","1",0.7422,0.2578,"LOW"
60,"2","N1","T1","1",0.7424,0.2576,"LOW"
61,"2","N1","T1","1",0.7414,0.2586,"LOW"
62,"2","N1","T1","1",0.7417,0.2583,"LOW"
63,"2","N1","T1","1",0.74,0.26,"LOW"
64,"2","N1","T1","1",0.7397,0.2603,"LOW"
65,"2","N1","T1","1",0.7376,0.2624,"LOW"
66,"2","N1","T1","1",0.7367,0.2633,"LOW"
67,"2","N1","T1","1",0.7345,0.2655,"LOW"
68,"2","N1","T1","1",0.7332,0.2668,"LOW"
69,"2","N1","T1","1",0.7363,0.2637,"LOW"
70,"2","N1","T1","1",0.7428,0.2572,"LOW"
71,"2","N1","T1","1",0.7433,0.2567,"LOW"
72,"2","N1","T1","1",0.7451,0.2549,"LOW"
73,"2","N1","T1","1",0.7448,0.2552,"LOW"
74,"2","N1","T1","1",0.7468,0.2532,"LOW"
75,"2","N1","T1","1",0.7484,0.2516,"LOW"
76,"2","N1","T1","1",0.748,0.252,"LOW"
77,"2","N1","T1","1",0.7447,0.2553,"LOW"
78,"2","N1","T1","1",0.7434,0.2566,"LOW"
79,"2","N1","T1","1",0.7432,0.2568,"LOW"
80,"2","N1","T1","1",0.7459,0.2541,"LOW"
81,"2","N1","T1","1",0.7459,0.2541,"LOW"
82,"2","N1","T1","1",0.7477,0.2523,"LOW"
83,"2","N1","T1","1",0.7477,0.2523,"LOW"
84,"2","N1","T1","1",0.7479,0.2521,"LOW"
85,"2","N1","T1","1",0.7479,0.2521,"LOW"
86,"2","N1","T1","1",0.7518,0.2482,"LOW"
87,"2","N1","T1","1",0.7526,0.2474,"LOW"
88,"2","N1","T1","1",0.7526,0.2474,"LOW"
89,"2","N1","T1","1",0.7539,0.2461,"LOW"
90,"2","N1","T1","1",0.7545,0.2455,"LOW"
91,"2","N1","T1","1",0.7545,0.2455,"LOW"
92,"2","N1","T1","1",0.7545,0.2455,"LOW"
93,"2","N1","T1","1",0.7545,0.2455,"LOW"
94,"2","N1","T1","1",0.7545,0.2455,"LOW"
95,"2","N1","T1","1",0.7545,0.2455,"LOW"
96,"2","N1","T1","1",0.7545,0.2455,"LOW"
97,"2","N1","T1","1",0.7545,0.2455,"LOW"
98,"2","N1","T1","1",0.7545,0.2455,"LOW"
99,"2","N1","T1","1",0.7545,0.2455,"LOW"
0,"1","Other/Unknown","T1","1",0.7744,0.2256,"LOW"
1,"1","Other/Unknown","T1","1",0.7763,0.2237,"LOW"
2,"1","Other/Unknown","T1","1",0.773,0.227,"LOW"
3,"1","Other/Unknown","T1","1",0.7638,0.2362,"LOW"
4,"1","Other/Unknown","T1","1",0.7711,0.2289,"LOW"
5,"1","Other/Unknown","T1","1",0.7756,0.2244,"LOW"
6,"1","Other/Unknown","T1","1",0.784,0.216,"LOW"
7,"1","Other/Unknown","T1","1",0.7865,0.2135,"LOW"
8,"1","Other/Unknown","T1","1",0.7881,0.2119,"LOW"
9,"1","Other/Unknown","T1","1",0.7887,0.2113,"LOW"
10,"1","Other/Unknown","T1","1",0.7897,0.2103,"LOW"
11,"1","Other/Unknown","T1","1",0.7917,0.2083,"LOW"
12,"1","Other/Unknown","T1","1",0.7965,0.2035,"LOW"
13,"1","Other/Unknown","T1","1",0.7999,0.2001,"LOW"
14,"1","Other/Unknown","T1","1",0.8012,0.1988,"LOW"
15,"1","Other/Unknown","T1","1",0.8053,0.1947,"LOW"
16,"1","Other/Unknown","T1","1",0.8065,0.1935,"LOW"
17,"1","Other/Unknown","T1","1",0.8089,0.1911,"LOW"
18,"1","Other/Unknown","T1","1",0.8137,0.1863,"LOW"
19,"1","Other/Unknown","T1","1",0.8173,0.1827,"LOW"
20,"1","Other/Unknown","T1","1",0.815,0.185,"LOW"
21,"1","Other/Unknown","T1","1",0.8151,0.1849,"LOW"
22,"1","Other/Unknown","T1","1",0.8165,0.1835,"LOW"
23,"1","Other/Unknown","T1","1",0.8186,0.1814,"LOW"
24,"1","Other/Unknown","T1","1",0.8213,0.1787,"LOW"
25,"1","Other/Unknown","T1","1",0.8269,0.1731,"LOW"
26,"1","Other/Unknown","T1","1",0.8263,0.1737,"LOW"
27,"1","Other/Unknown","T1","1",0.8292,0.1708,"LOW"
28,"1","Other/Unknown","T1","1",0.8311,0.1689,"LOW"
29,"1","Other/Unknown","T1","1",0.8323,0.1677,"LOW"
30,"1","Other/Unknown","T1","1",0.836,0.164,"LOW"
31,"1","Other/Unknown","T1","1",0.8387,0.1613,"LOW"
32,"1","Other/Unknown","T1","1",0.845,0.155,"LOW"
33,"1","Other/Unknown","T1","1",0.8483,0.1517,"LOW"
34,"1","Other/Unknown","T1","1",0.852,0.148,"LOW"
35,"1","Other/Unknown","T1","1",0.8547,0.1453,"LOW"
36,"1","Other/Unknown","T1","1",0.8553,0.1447,"LOW"
37,"1","Other/Unknown","T1","1",0.8566,0.1434,"LOW"
38,"1","Other/Unknown","T1","1",0.8593,0.1407,"LOW"
39,"1","Other/Unknown","T1","1",0.8646,0.1354,"LOW"
40,"1","Other/Unknown","T1","1",0.8642,0.1358,"LOW"
41,"1","Other/Unknown","T1","1",0.8657,0.1343,"LOW"
42,"1","Other/Unknown","T1","1",0.8657,0.1343,"LOW"
43,"1","Other/Unknown","T1","1",0.8657,0.1343,"LOW"
44,"1","Other/Unknown","T1","1",0.8655,0.1345,"LOW"
45,"1","Other/Unknown","T1","1",0.8661,0.1339,"LOW"
46,"1","Other/Unknown","T1","1",0.8661,0.1339,"LOW"
47,"1","Other/Unknown","T1","1",0.8662,0.1338,"LOW"
48,"1","Other/Unknown","T1","1",0.8662,0.1338,"LOW"
49,"1","Other/Unknown","T1","1",0.8678,0.1322,"LOW"
50,"1","Other/Unknown","T1","1",0.8678,0.1322,"LOW"
51,"1","Other/Unknown","T1","1",0.8681,0.1319,"LOW"
52,"1","Other/Unknown","T1","1",0.8659,0.1341,"LOW"
53,"1","Other/Unknown","T1","1",0.8648,0.1352,"LOW"
54,"1","Other/Unknown","T1","1",0.8656,0.1344,"LOW"
55,"1","Other/Unknown","T1","1",0.8656,0.1344,"LOW"
56,"1","Other/Unknown","T1","1",0.8654,0.1346,"LOW"
57,"1","Other/Unknown","T1","1",0.8653,0.1347,"LOW"
58,"1","Other/Unknown","T1","1",0.8654,0.1346,"LOW"
59,"1","Other/Unknown","T1","1",0.8639,0.1361,"LOW"
60,"1","Other/Unknown","T1","1",0.8651,0.1349,"LOW"
61,"1","Other/Unknown","T1","1",0.8653,0.1347,"LOW"
62,"1","Other/Unknown","T1","1",0.8646,0.1354,"LOW"
63,"1","Other/Unknown","T1","1",0.8653,0.1347,"LOW"
64,"1","Other/Unknown","T1","1",0.8672,0.1328,"LOW"
65,"1","Other/Unknown","T1","1",0.8687,0.1313,"LOW"
66,"1","Other/Unknown","T1","1",0.8694,0.1306,"LOW"
67,"1","Other/Unknown","T1","1",0.8693,0.1307,"LOW"
68,"1","Other/Unknown","T1","1",0.8693,0.1307,"LOW"
69,"1","Other/Unknown","T1","1",0.8686,0.1314,"LOW"
70,"1","Other/Unknown","T1","1",0.8697,0.1303,"LOW"
71,"1","Other/Unknown","T1","1",0.8693,0.1307,"LOW"
72,"1","Other/Unknown","T1","1",0.8691,0.1309,"LOW"
73,"1","Other/Unknown","T1","1",0.8686,0.1314,"LOW"
74,"1","Other/Unknown","T1","1",0.8694,0.1306,"LOW"
75,"1","Other/Unknown","T1","1",0.8706,0.1294,"LOW"
76,"1","Other/Unknown","T1","1",0.8719,0.1281,"LOW"
77,"1","Other/Unknown","T1","1",0.8705,0.1295,"LOW"
78,"1","Other/Unknown","T1","1",0.8708,0.1292,"LOW"
79,"1","Other/Unknown","T1","1",0.8718,0.1282,"LOW"
80,"1","Other/Unknown","T1","1",0.871,0.129,"LOW"
81,"1","Other/Unknown","T1","1",0.8735,0.1265,"LOW"
82,"1","Other/Unknown","T1","1",0.8742,0.1258,"LOW"
83,"1","Other/Unknown","T1","1",0.8749,0.1251,"LOW"
84,"1","Other/Unknown","T1","1",0.8742,0.1258,"LOW"
85,"1","Other/Unknown","T1","1",0.8744,0.1256,"LOW"
86,"1","Other/Unknown","T1","1",0.8721,0.1279,"LOW"
87,"1","Other/Unknown","T1","1",0.8739,0.1261,"LOW"
88,"1","Other/Unknown","T1","1",0.874,0.126,"LOW"
89,"1","Other/Unknown","T1","1",0.8748,0.1252,"LOW"
90,"1","Other/Unknown","T1","1",0.8745,0.1255,"LOW"
91,"1","Other/Unknown","T1","1",0.8745,0.1255,"LOW"
92,"1","Other/Unknown","T1","1",0.8745,0.1255,"LOW"
93,"1","Other/Unknown","T1","1",0.8745,0.1255,"LOW"
94,"1","Other/Unknown","T1","1",0.8745,0.1255,"LOW"
95,"1","Other/Unknown","T1","1",0.8745,0.1255,"LOW"
96,"1","Other/Unknown","T1","1",0.8745,0.1255,"LOW"
97,"1","Other/Unknown","T1","1",0.8745,0.1255,"LOW"
98,"1","Other/Unknown","T1","1",0.8745,0.1255,"LOW"
99,"1","Other/Unknown","T1","1",0.8745,0.1255,"LOW"
0,"2","Other/Unknown","T1","1",0.7882,0.2118,"LOW"
1,"2","Other/Unknown","T1","1",0.7914,0.2086,"LOW"
2,"2","Other/Unknown","T1","1",0.7911,0.2089,"LOW"
3,"2","Other/Unknown","T1","1",0.7828,0.2172,"LOW"
4,"2","Other/Unknown","T1","1",0.791,0.209,"LOW"
5,"2","Other/Unknown","T1","1",0.7969,0.2031,"LOW"
6,"2","Other/Unknown","T1","1",0.8048,0.1952,"LOW"
7,"2","Other/Unknown","T1","1",0.8086,0.1914,"LOW"
8,"2","Other/Unknown","T1","1",0.8091,0.1909,"LOW"
9,"2","Other/Unknown","T1","1",0.8091,0.1909,"LOW"
10,"2","Other/Unknown","T1","1",0.8104,0.1896,"LOW"
11,"2","Other/Unknown","T1","1",0.812,0.188,"LOW"
12,"2","Other/Unknown","T1","1",0.8171,0.1829,"LOW"
13,"2","Other/Unknown","T1","1",0.814,0.186,"LOW"
14,"2","Other/Unknown","T1","1",0.8172,0.1828,"LOW"
15,"2","Other/Unknown","T1","1",0.8205,0.1795,"LOW"
16,"2","Other/Unknown","T1","1",0.822,0.178,"LOW"
17,"2","Other/Unknown","T1","1",0.8217,0.1783,"LOW"
18,"2","Other/Unknown","T1","1",0.8257,0.1743,"LOW"
19,"2","Other/Unknown","T1","1",0.8289,0.1711,"LOW"
20,"2","Other/Unknown","T1","1",0.8274,0.1726,"LOW"
21,"2","Other/Unknown","T1","1",0.8255,0.1745,"LOW"
22,"2","Other/Unknown","T1","1",0.8275,0.1725,"LOW"
23,"2","Other/Unknown","T1","1",0.8279,0.1721,"LOW"
24,"2","Other/Unknown","T1","1",0.8304,0.1696,"LOW"
25,"2","Other/Unknown","T1","1",0.8337,0.1663,"LOW"
26,"2","Other/Unknown","T1","1",0.8335,0.1665,"LOW"
27,"2","Other/Unknown","T1","1",0.8365,0.1635,"LOW"
28,"2","Other/Unknown","T1","1",0.8375,0.1625,"LOW"
29,"2","Other/Unknown","T1","1",0.8395,0.1605,"LOW"
30,"2","Other/Unknown","T1","1",0.843,0.157,"LOW"
31,"2","Other/Unknown","T1","1",0.8428,0.1572,"LOW"
32,"2","Other/Unknown","T1","1",0.8461,0.1539,"LOW"
33,"2","Other/Unknown","T1","1",0.8487,0.1513,"LOW"
34,"2","Other/Unknown","T1","1",0.8508,0.1492,"LOW"
35,"2","Other/Unknown","T1","1",0.8525,0.1475,"LOW"
36,"2","Other/Unknown","T1","1",0.8524,0.1476,"LOW"
37,"2","Other/Unknown","T1","1",0.8523,0.1477,"LOW"
38,"2","Other/Unknown","T1","1",0.855,0.145,"LOW"
39,"2","Other/Unknown","T1","1",0.8574,0.1426,"LOW"
40,"2","Other/Unknown","T1","1",0.8574,0.1426,"LOW"
41,"2","Other/Unknown","T1","1",0.8579,0.1421,"LOW"
42,"2","Other/Unknown","T1","1",0.8598,0.1402,"LOW"
43,"2","Other/Unknown","T1","1",0.8593,0.1407,"LOW"
44,"2","Other/Unknown","T1","1",0.8609,0.1391,"LOW"
45,"2","Other/Unknown","T1","1",0.861,0.139,"LOW"
46,"2","Other/Unknown","T1","1",0.8611,0.1389,"LOW"
47,"2","Other/Unknown","T1","1",0.8609,0.1391,"LOW"
48,"2","Other/Unknown","T1","1",0.8619,0.1381,"LOW"
49,"2","Other/Unknown","T1","1",0.863,0.137,"LOW"
50,"2","Other/Unknown","T1","1",0.8628,0.1372,"LOW"
51,"2","Other/Unknown","T1","1",0.8626,0.1374,"LOW"
52,"2","Other/Unknown","T1","1",0.8612,0.1388,"LOW"
53,"2","Other/Unknown","T1","1",0.8601,0.1399,"LOW"
54,"2","Other/Unknown","T1","1",0.8609,0.1391,"LOW"
55,"2","Other/Unknown","T1","1",0.8612,0.1388,"LOW"
56,"2","Other/Unknown","T1","1",0.8608,0.1392,"LOW"
57,"2","Other/Unknown","T1","1",0.8609,0.1391,"LOW"
58,"2","Other/Unknown","T1","1",0.8611,0.1389,"LOW"
59,"2","Other/Unknown","T1","1",0.861,0.139,"LOW"
60,"2","Other/Unknown","T1","1",0.8623,0.1377,"LOW"
61,"2","Other/Unknown","T1","1",0.8621,0.1379,"LOW"
62,"2","Other/Unknown","T1","1",0.8622,0.1378,"LOW"
63,"2","Other/Unknown","T1","1",0.8638,0.1362,"LOW"
64,"2","Other/Unknown","T1","1",0.8639,0.1361,"LOW"
65,"2","Other/Unknown","T1","1",0.8641,0.1359,"LOW"
66,"2","Other/Unknown","T1","1",0.8648,0.1352,"LOW"
67,"2","Other/Unknown","T1","1",0.8642,0.1358,"LOW"
68,"2","Other/Unknown","T1","1",0.8642,0.1358,"LOW"
69,"2","Other/Unknown","T1","1",0.8644,0.1356,"LOW"
70,"2","Other/Unknown","T1","1",0.8642,0.1358,"LOW"
71,"2","Other/Unknown","T1","1",0.8664,0.1336,"LOW"
72,"2","Other/Unknown","T1","1",0.8658,0.1342,"LOW"
73,"2","Other/Unknown","T1","1",0.8657,0.1343,"LOW"
74,"2","Other/Unknown","T1","1",0.8659,0.1341,"LOW"
75,"2","Other/Unknown","T1","1",0.866,0.134,"LOW"
76,"2","Other/Unknown","T1","1",0.8671,0.1329,"LOW"
77,"2","Other/Unknown","T1","1",0.8643,0.1357,"LOW"
78,"2","Other/Unknown","T1","1",0.8624,0.1376,"LOW"
79,"2","Other/Unknown","T1","1",0.8636,0.1364,"LOW"
80,"2","Other/Unknown","T1","1",0.863,0.137,"LOW"
81,"2","Other/Unknown","T1","1",0.8659,0.1341,"LOW"
82,"2","Other/Unknown","T1","1",0.8652,0.1348,"LOW"
83,"2","Other/Unknown","T1","1",0.866,0.134,"LOW"
84,"2","Other/Unknown","T1","1",0.8653,0.1347,"LOW"
85,"2","Other/Unknown","T1","1",0.8648,0.1352,"LOW"
86,"2","Other/Unknown","T1","1",0.8628,0.1372,"LOW"
87,"2","Other/Unknown","T1","1",0.865,0.135,"LOW"
88,"2","Other/Unknown","T1","1",0.867,0.133,"LOW"
89,"2","Other/Unknown","T1","1",0.8677,0.1323,"LOW"
90,"2","Other/Unknown","T1","1",0.8669,0.1331,"LOW"
91,"2","Other/Unknown","T1","1",0.8669,0.1331,"LOW"
92,"2","Other/Unknown","T1","1",0.8669,0.1331,"LOW"
93,"2","Other/Unknown","T1","1",0.8669,0.1331,"LOW"
94,"2","Other/Unknown","T1","1",0.8669,0.1331,"LOW"
95,"2","Other/Unknown","T1","1",0.8669,0.1331,"LOW"
96,"2","Other/Unknown","T1","1",0.8669,0.1331,"LOW"
97,"2","Other/Unknown","T1","1",0.8669,0.1331,"LOW"
98,"2","Other/Unknown","T1","1",0.8669,0.1331,"LOW"
99,"2","Other/Unknown","T1","1",0.8669,0.1331,"LOW"
0,"1","N0","T2","1",0.8528,0.1472,"LOW"
1,"1","N0","T2","1",0.8556,0.1444,"LOW"
2,"1","N0","T2","1",0.851,0.149,"LOW"
3,"1","N0","T2","1",0.8445,0.1555,"LOW"
4,"1","N0","T2","1",0.8475,0.1525,"LOW"
5,"1","N0","T2","1",0.855,0.145,"LOW"
6,"1","N0","T2","1",0.8599,0.1401,"LOW"
7,"1","N0","T2","1",0.8606,0.1394,"LOW"
8,"1","N0","T2","1",0.8631,0.1369,"LOW"
9,"1","N0","T2","1",0.8607,0.1393,"LOW"
10,"1","N0","T2","1",0.8653,0.1347,"LOW"
11,"1","N0","T2","1",0.8643,0.1357,"LOW"
12,"1","N0","T2","1",0.8689,0.1311,"LOW"
13,"1","N0","T2","1",0.873,0.127,"LOW"
14,"1","N0","T2","1",0.8754,0.1246,"LOW"
15,"1","N0","T2","1",0.876,0.124,"LOW"
16,"1","N0","T2","1",0.881,0.119,"LOW"
17,"1","N0","T2","1",0.8847,0.1153,"LOW"
18,"1","N0","T2","1",0.8875,0.1125,"LOW"
19,"1","N0","T2","1",0.8894,0.1106,"LOW"
20,"1","N0","T2","1",0.8933,0.1067,"LOW"
21,"1","N0","T2","1",0.8944,0.1056,"LOW"
22,"1","N0","T2","1",0.897,0.103,"LOW"
23,"1","N0","T2","1",0.8996,0.1004,"LOW"
24,"1","N0","T2","1",0.9014,0.0986,"LOW"
25,"1","N0","T2","1",0.9037,0.0963,"LOW"
26,"1","N0","T2","1",0.9047,0.0953,"LOW"
27,"1","N0","T2","1",0.9049,0.0951,"LOW"
28,"1","N0","T2","1",0.9043,0.0957,"LOW"
29,"1","N0","T2","1",0.9068,0.0932,"LOW"
30,"1","N0","T2","1",0.9083,0.0917,"LOW"
31,"1","N0","T2","1",0.9083,0.0917,"LOW"
32,"1","N0","T2","1",0.9101,0.0899,"LOW"
33,"1","N0","T2","1",0.91,0.09,"LOW"
34,"1","N0","T2","1",0.9098,0.0902,"LOW"
35,"1","N0","T2","1",0.9136,0.0864,"LOW"
36,"1","N0","T2","1",0.913,0.087,"LOW"
37,"1","N0","T2","1",0.9143,0.0857,"LOW"
38,"1","N0","T2","1",0.9159,0.0841,"LOW"
39,"1","N0","T2","1",0.9168,0.0832,"LOW"
40,"1","N0","T2","1",0.9174,0.0826,"LOW"
41,"1","N0","T2","1",0.9181,0.0819,"LOW"
42,"1","N0","T2","1",0.9185,0.0815,"LOW"
43,"1","N0","T2","1",0.9189,0.0811,"LOW"
44,"1","N0","T2","1",0.9194,0.0806,"LOW"
45,"1","N0","T2","1",0.9193,0.0807,"LOW"
46,"1","N0","T2","1",0.9209,0.0791,"LOW"
47,"1","N0","T2","1",0.9216,0.0784,"LOW"
48,"1","N0","T2","1",0.9217,0.0783,"LOW"
49,"1","N0","T2","1",0.9225,0.0775,"LOW"
50,"1","N0","T2","1",0.923,0.077,"LOW"
51,"1","N0","T2","1",0.9233,0.0767,"LOW"
52,"1","N0","T2","1",0.9234,0.0766,"LOW"
53,"1","N0","T2","1",0.9234,0.0766,"LOW"
54,"1","N0","T2","1",0.9237,0.0763,"LOW"
55,"1","N0","T2","1",0.9235,0.0765,"LOW"
56,"1","N0","T2","1",0.9233,0.0767,"LOW"
57,"1","N0","T2","1",0.9236,0.0764,"LOW"
58,"1","N0","T2","1",0.9236,0.0764,"LOW"
59,"1","N0","T2","1",0.9234,0.0766,"LOW"
60,"1","N0","T2","1",0.9232,0.0768,"LOW"
61,"1","N0","T2","1",0.9232,0.0768,"LOW"
62,"1","N0","T2","1",0.9235,0.0765,"LOW"
63,"1","N0","T2","1",0.9235,0.0765,"LOW"
64,"1","N0","T2","1",0.9236,0.0764,"LOW"
65,"1","N0","T2","1",0.9235,0.0765,"LOW"
66,"1","N0","T2","1",0.9234,0.0766,"LOW"
67,"1","N0","T2","1",0.9231,0.0769,"LOW"
68,"1","N0","T2","1",0.9229,0.0771,"LOW"
69,"1","N0","T2","1",0.923,0.077,"LOW"
70,"1","N0","T2","1",0.9227,0.0773,"LOW"
71,"1","N0","T2","1",0.9225,0.0775,"LOW"
72,"1","N0","T2","1",0.9226,0.0774,"LOW"
73,"1","N0","T2","1",0.9225,0.0775,"LOW"
74,"1","N0","T2","1",0.9222,0.0778,"LOW"
75,"1","N0","T2","1",0.9223,0.0777,"LOW"
76,"1","N0","T2","1",0.9219,0.0781,"LOW"
77,"1","N0","T2","1",0.9221,0.0779,"LOW"
78,"1","N0","T2","1",0.9221,0.0779,"LOW"
79,"1","N0","T2","1",0.9215,0.0785,"LOW"
80,"1","N0","T2","1",0.9213,0.0787,"LOW"
81,"1","N0","T2","1",0.9215,0.0785,"LOW"
82,"1","N0","T2","1",0.9213,0.0787,"LOW"
83,"1","N0","T2","1",0.9213,0.0787,"LOW"
84,"1","N0","T2","1",0.9216,0.0784,"LOW"
85,"1","N0","T2","1",0.9211,0.0789,"LOW"
86,"1","N0","T2","1",0.9199,0.0801,"LOW"
87,"1","N0","T2","1",0.9207,0.0793,"LOW"
88,"1","N0","T2","1",0.9209,0.0791,"LOW"
89,"1","N0","T2","1",0.9222,0.0778,"LOW"
90,"1","N0","T2","1",0.9211,0.0789,"LOW"
91,"1","N0","T2","1",0.9211,0.0789,"LOW"
92,"1","N0","T2","1",0.9211,0.0789,"LOW"
93,"1","N0","T2","1",0.9211,0.0789,"LOW"
94,"1","N0","T2","1",0.9211,0.0789,"LOW"
95,"1","N0","T2","1",0.9211,0.0789,"LOW"
96,"1","N0","T2","1",0.9211,0.0789,"LOW"
97,"1","N0","T2","1",0.9211,0.0789,"LOW"
98,"1","N0","T2","1",0.9211,0.0789,"LOW"
99,"1","N0","T2","1",0.9211,0.0789,"LOW"
0,"2","N0","T2","1",0.8727,0.1273,"LOW"
1,"2","N0","T2","1",0.8726,0.1274,"LOW"
2,"2","N0","T2","1",0.8678,0.1322,"LOW"
3,"2","N0","T2","1",0.8617,0.1383,"LOW"
4,"2","N0","T2","1",0.8652,0.1348,"LOW"
5,"2","N0","T2","1",0.8688,0.1312,"LOW"
6,"2","N0","T2","1",0.8726,0.1274,"LOW"
7,"2","N0","T2","1",0.8759,0.1241,"LOW"
8,"2","N0","T2","1",0.8781,0.1219,"LOW"
9,"2","N0","T2","1",0.878,0.122,"LOW"
10,"2","N0","T2","1",0.8811,0.1189,"LOW"
11,"2","N0","T2","1",0.8845,0.1155,"LOW"
12,"2","N0","T2","1",0.8897,0.1103,"LOW"
13,"2","N0","T2","1",0.8897,0.1103,"LOW"
14,"2","N0","T2","1",0.8897,0.1103,"LOW"
15,"2","N0","T2","1",0.8906,0.1094,"LOW"
16,"2","N0","T2","1",0.8939,0.1061,"LOW"
17,"2","N0","T2","1",0.8956,0.1044,"LOW"
18,"2","N0","T2","1",0.8991,0.1009,"LOW"
19,"2","N0","T2","1",0.8998,0.1002,"LOW"
20,"2","N0","T2","1",0.902,0.098,"LOW"
21,"2","N0","T2","1",0.9032,0.0968,"LOW"
22,"2","N0","T2","1",0.9049,0.0951,"LOW"
23,"2","N0","T2","1",0.9046,0.0954,"LOW"
24,"2","N0","T2","1",0.9067,0.0933,"LOW"
25,"2","N0","T2","1",0.9079,0.0921,"LOW"
26,"2","N0","T2","1",0.9084,0.0916,"LOW"
27,"2","N0","T2","1",0.9097,0.0903,"LOW"
28,"2","N0","T2","1",0.9101,0.0899,"LOW"
29,"2","N0","T2","1",0.9111,0.0889,"LOW"
30,"2","N0","T2","1",0.9109,0.0891,"LOW"
31,"2","N0","T2","1",0.9114,0.0886,"LOW"
32,"2","N0","T2","1",0.9121,0.0879,"LOW"
33,"2","N0","T2","1",0.912,0.088,"LOW"
34,"2","N0","T2","1",0.9135,0.0865,"LOW"
35,"2","N0","T2","1",0.917,0.083,"LOW"
36,"2","N0","T2","1",0.9176,0.0824,"LOW"
37,"2","N0","T2","1",0.9187,0.0813,"LOW"
38,"2","N0","T2","1",0.9212,0.0788,"LOW"
39,"2","N0","T2","1",0.9209,0.0791,"LOW"
40,"2","N0","T2","1",0.9211,0.0789,"LOW"
41,"2","N0","T2","1",0.9208,0.0792,"LOW"
42,"2","N0","T2","1",0.9222,0.0778,"LOW"
43,"2","N0","T2","1",0.9225,0.0775,"LOW"
44,"2","N0","T2","1",0.923,0.077,"LOW"
45,"2","N0","T2","1",0.923,0.077,"LOW"
46,"2","N0","T2","1",0.9241,0.0759,"LOW"
47,"2","N0","T2","1",0.9248,0.0752,"LOW"
48,"2","N0","T2","1",0.9247,0.0753,"LOW"
49,"2","N0","T2","1",0.9251,0.0749,"LOW"
50,"2","N0","T2","1",0.9247,0.0753,"LOW"
51,"2","N0","T2","1",0.9243,0.0757,"LOW"
52,"2","N0","T2","1",0.9245,0.0755,"LOW"
53,"2","N0","T2","1",0.9246,0.0754,"LOW"
54,"2","N0","T2","1",0.9243,0.0757,"LOW"
55,"2","N0","T2","1",0.9243,0.0757,"LOW"
56,"2","N0","T2","1",0.9243,0.0757,"LOW"
57,"2","N0","T2","1",0.9243,0.0757,"LOW"
58,"2","N0","T2","1",0.9243,0.0757,"LOW"
59,"2","N0","T2","1",0.9242,0.0758,"LOW"
60,"2","N0","T2","1",0.9236,0.0764,"LOW"
61,"2","N0","T2","1",0.924,0.076,"LOW"
62,"2","N0","T2","1",0.9242,0.0758,"LOW"
63,"2","N0","T2","1",0.9244,0.0756,"LOW"
64,"2","N0","T2","1",0.925,0.075,"LOW"
65,"2","N0","T2","1",0.9248,0.0752,"LOW"
66,"2","N0","T2","1",0.9247,0.0753,"LOW"
67,"2","N0","T2","1",0.9244,0.0756,"LOW"
68,"2","N0","T2","1",0.9241,0.0759,"LOW"
69,"2","N0","T2","1",0.9239,0.0761,"LOW"
70,"2","N0","T2","1",0.9231,0.0769,"LOW"
71,"2","N0","T2","1",0.9236,0.0764,"LOW"
72,"2","N0","T2","1",0.9235,0.0765,"LOW"
73,"2","N0","T2","1",0.9234,0.0766,"LOW"
74,"2","N0","T2","1",0.9229,0.0771,"LOW"
75,"2","N0","T2","1",0.9229,0.0771,"LOW"
76,"2","N0","T2","1",0.9225,0.0775,"LOW"
77,"2","N0","T2","1",0.9227,0.0773,"LOW"
78,"2","N0","T2","1",0.9226,0.0774,"LOW"
79,"2","N0","T2","1",0.9225,0.0775,"LOW"
80,"2","N0","T2","1",0.9222,0.0778,"LOW"
81,"2","N0","T2","1",0.9223,0.0777,"LOW"
82,"2","N0","T2","1",0.9217,0.0783,"LOW"
83,"2","N0","T2","1",0.9214,0.0786,"LOW"
84,"2","N0","T2","1",0.9213,0.0787,"LOW"
85,"2","N0","T2","1",0.9215,0.0785,"LOW"
86,"2","N0","T2","1",0.9208,0.0792,"LOW"
87,"2","N0","T2","1",0.921,0.079,"LOW"
88,"2","N0","T2","1",0.9211,0.0789,"LOW"
89,"2","N0","T2","1",0.9221,0.0779,"LOW"
90,"2","N0","T2","1",0.9196,0.0804,"LOW"
91,"2","N0","T2","1",0.9196,0.0804,"LOW"
92,"2","N0","T2","1",0.9196,0.0804,"LOW"
93,"2","N0","T2","1",0.9196,0.0804,"LOW"
94,"2","N0","T2","1",0.9196,0.0804,"LOW"
95,"2","N0","T2","1",0.9196,0.0804,"LOW"
96,"2","N0","T2","1",0.9196,0.0804,"LOW"
97,"2","N0","T2","1",0.9196,0.0804,"LOW"
98,"2","N0","T2","1",0.9196,0.0804,"LOW"
99,"2","N0","T2","1",0.9196,0.0804,"LOW"
0,"1","N1","T2","1",0.614,0.386,"LOW"
1,"1","N1","T2","1",0.6139,0.3861,"LOW"
2,"1","N1","T2","1",0.6099,0.3901,"LOW"
3,"1","N1","T2","1",0.6142,0.3858,"LOW"
4,"1","N1","T2","1",0.6142,0.3858,"LOW"
5,"1","N1","T2","1",0.6125,0.3875,"LOW"
6,"1","N1","T2","1",0.6123,0.3877,"LOW"
7,"1","N1","T2","1",0.612,0.388,"LOW"
8,"1","N1","T2","1",0.6112,0.3888,"LOW"
9,"1","N1","T2","1",0.6067,0.3933,"LOW"
10,"1","N1","T2","1",0.6059,0.3941,"LOW"
11,"1","N1","T2","1",0.6047,0.3953,"LOW"
12,"1","N1","T2","1",0.6037,0.3963,"LOW"
13,"1","N1","T2","1",0.6065,0.3935,"LOW"
14,"1","N1","T2","1",0.6129,0.3871,"LOW"
15,"1","N1","T2","1",0.6112,0.3888,"LOW"
16,"1","N1","T2","1",0.6151,0.3849,"LOW"
17,"1","N1","T2","1",0.6205,0.3795,"LOW"
18,"1","N1","T2","1",0.6217,0.3783,"LOW"
19,"1","N1","T2","1",0.6235,0.3765,"LOW"
20,"1","N1","T2","1",0.6274,0.3726,"LOW"
21,"1","N1","T2","1",0.6301,0.3699,"LOW"
22,"1","N1","T2","1",0.6315,0.3685,"LOW"
23,"1","N1","T2","1",0.6355,0.3645,"LOW"
24,"1","N1","T2","1",0.6361,0.3639,"LOW"
25,"1","N1","T2","1",0.641,0.359,"LOW"
26,"1","N1","T2","1",0.6442,0.3558,"LOW"
27,"1","N1","T2","1",0.646,0.354,"LOW"
28,"1","N1","T2","1",0.6478,0.3522,"LOW"
29,"1","N1","T2","1",0.651,0.349,"LOW"
30,"1","N1","T2","1",0.6544,0.3456,"LOW"
31,"1","N1","T2","1",0.6558,0.3442,"LOW"
32,"1","N1","T2","1",0.6581,0.3419,"LOW"
33,"1","N1","T2","1",0.6601,0.3399,"LOW"
34,"1","N1","T2","1",0.6628,0.3372,"LOW"
35,"1","N1","T2","1",0.6636,0.3364,"LOW"
36,"1","N1","T2","1",0.663,0.337,"LOW"
37,"1","N1","T2","1",0.6631,0.3369,"LOW"
38,"1","N1","T2","1",0.6644,0.3356,"LOW"
39,"1","N1","T2","1",0.6598,0.3402,"LOW"
40,"1","N1","T2","1",0.6606,0.3394,"LOW"
41,"1","N1","T2","1",0.6624,0.3376,"LOW"
42,"1","N1","T2","1",0.6607,0.3393,"LOW"
43,"1","N1","T2","1",0.6629,0.3371,"LOW"
44,"1","N1","T2","1",0.6645,0.3355,"LOW"
45,"1","N1","T2","1",0.6647,0.3353,"LOW"
46,"1","N1","T2","1",0.6658,0.3342,"LOW"
47,"1","N1","T2","1",0.6706,0.3294,"LOW"
48,"1","N1","T2","1",0.6704,0.3296,"LOW"
49,"1","N1","T2","1",0.6694,0.3306,"LOW"
50,"1","N1","T2","1",0.6689,0.3311,"LOW"
51,"1","N1","T2","1",0.6711,0.3289,"LOW"
52,"1","N1","T2","1",0.6709,0.3291,"LOW"
53,"1","N1","T2","1",0.6729,0.3271,"LOW"
54,"1","N1","T2","1",0.6749,0.3251,"LOW"
55,"1","N1","T2","1",0.6715,0.3285,"LOW"
56,"1","N1","T2","1",0.6725,0.3275,"LOW"
57,"1","N1","T2","1",0.6734,0.3266,"LOW"
58,"1","N1","T2","1",0.6724,0.3276,"LOW"
59,"1","N1","T2","1",0.6716,0.3284,"LOW"
60,"1","N1","T2","1",0.6731,0.3269,"LOW"
61,"1","N1","T2","1",0.6726,0.3274,"LOW"
62,"1","N1","T2","1",0.6712,0.3288,"LOW"
63,"1","N1","T2","1",0.6697,0.3303,"LOW"
64,"1","N1","T2","1",0.6699,0.3301,"LOW"
65,"1","N1","T2","1",0.6701,0.3299,"LOW"
66,"1","N1","T2","1",0.6697,0.3303,"LOW"
67,"1","N1","T2","1",0.6684,0.3316,"LOW"
68,"1","N1","T2","1",0.6682,0.3318,"LOW"
69,"1","N1","T2","1",0.6646,0.3354,"LOW"
70,"1","N1","T2","1",0.6664,0.3336,"LOW"
71,"1","N1","T2","1",0.6664,0.3336,"LOW"
72,"1","N1","T2","1",0.6631,0.3369,"LOW"
73,"1","N1","T2","1",0.6652,0.3348,"LOW"
74,"1","N1","T2","1",0.6655,0.3345,"LOW"
75,"1","N1","T2","1",0.6645,0.3355,"LOW"
76,"1","N1","T2","1",0.6625,0.3375,"LOW"
77,"1","N1","T2","1",0.6566,0.3434,"LOW"
78,"1","N1","T2","1",0.6574,0.3426,"LOW"
79,"1","N1","T2","1",0.658,0.342,"LOW"
80,"1","N1","T2","1",0.6586,0.3414,"LOW"
81,"1","N1","T2","1",0.6575,0.3425,"LOW"
82,"1","N1","T2","1",0.6615,0.3385,"LOW"
83,"1","N1","T2","1",0.6656,0.3344,"LOW"
84,"1","N1","T2","1",0.6625,0.3375,"LOW"
85,"1","N1","T2","1",0.6596,0.3404,"LOW"
86,"1","N1","T2","1",0.6659,0.3341,"LOW"
87,"1","N1","T2","1",0.6672,0.3328,"LOW"
88,"1","N1","T2","1",0.6677,0.3323,"LOW"
89,"1","N1","T2","1",0.6677,0.3323,"LOW"
90,"1","N1","T2","1",0.6701,0.3299,"LOW"
91,"1","N1","T2","1",0.6701,0.3299,"LOW"
92,"1","N1","T2","1",0.6701,0.3299,"LOW"
93,"1","N1","T2","1",0.6701,0.3299,"LOW"
94,"1","N1","T2","1",0.6701,0.3299,"LOW"
95,"1","N1","T2","1",0.6701,0.3299,"LOW"
96,"1","N1","T2","1",0.6701,0.3299,"LOW"
97,"1","N1","T2","1",0.6701,0.3299,"LOW"
98,"1","N1","T2","1",0.6701,0.3299,"LOW"
99,"1","N1","T2","1",0.6701,0.3299,"LOW"
0,"2","N1","T2","1",0.6326,0.3674,"LOW"
1,"2","N1","T2","1",0.635,0.365,"LOW"
2,"2","N1","T2","1",0.6339,0.3661,"LOW"
3,"2","N1","T2","1",0.6375,0.3625,"LOW"
4,"2","N1","T2","1",0.6376,0.3624,"LOW"
5,"2","N1","T2","1",0.6396,0.3604,"LOW"
6,"2","N1","T2","1",0.6439,0.3561,"LOW"
7,"2","N1","T2","1",0.647,0.353,"LOW"
8,"2","N1","T2","1",0.6483,0.3517,"LOW"
9,"2","N1","T2","1",0.6453,0.3547,"LOW"
10,"2","N1","T2","1",0.6456,0.3544,"LOW"
11,"2","N1","T2","1",0.6456,0.3544,"LOW"
12,"2","N1","T2","1",0.6472,0.3528,"LOW"
13,"2","N1","T2","1",0.6484,0.3516,"LOW"
14,"2","N1","T2","1",0.651,0.349,"LOW"
15,"2","N1","T2","1",0.6522,0.3478,"LOW"
16,"2","N1","T2","1",0.6574,0.3426,"LOW"
17,"2","N1","T2","1",0.6635,0.3365,"LOW"
18,"2","N1","T2","1",0.667,0.333,"LOW"
19,"2","N1","T2","1",0.6701,0.3299,"LOW"
20,"2","N1","T2","1",0.6731,0.3269,"LOW"
21,"2","N1","T2","1",0.6776,0.3224,"LOW"
22,"2","N1","T2","1",0.6817,0.3183,"LOW"
23,"2","N1","T2","1",0.6862,0.3138,"LOW"
24,"2","N1","T2","1",0.6884,0.3116,"LOW"
25,"2","N1","T2","1",0.6943,0.3057,"LOW"
26,"2","N1","T2","1",0.6995,0.3005,"LOW"
27,"2","N1","T2","1",0.7011,0.2989,"LOW"
28,"2","N1","T2","1",0.7021,0.2979,"LOW"
29,"2","N1","T2","1",0.7036,0.2964,"LOW"
30,"2","N1","T2","1",0.7054,0.2946,"LOW"
31,"2","N1","T2","1",0.7072,0.2928,"LOW"
32,"2","N1","T2","1",0.7089,0.2911,"LOW"
33,"2","N1","T2","1",0.7136,0.2864,"LOW"
34,"2","N1","T2","1",0.716,0.284,"LOW"
35,"2","N1","T2","1",0.7174,0.2826,"LOW"
36,"2","N1","T2","1",0.7185,0.2815,"LOW"
37,"2","N1","T2","1",0.721,0.279,"LOW"
38,"2","N1","T2","1",0.7243,0.2757,"LOW"
39,"2","N1","T2","1",0.7213,0.2787,"LOW"
40,"2","N1","T2","1",0.721,0.279,"LOW"
41,"2","N1","T2","1",0.724,0.276,"LOW"
42,"2","N1","T2","1",0.7241,0.2759,"LOW"
43,"2","N1","T2","1",0.7249,0.2751,"LOW"
44,"2","N1","T2","1",0.7242,0.2758,"LOW"
45,"2","N1","T2","1",0.7251,0.2749,"LOW"
46,"2","N1","T2","1",0.7286,0.2714,"LOW"
47,"2","N1","T2","1",0.7322,0.2678,"LOW"
48,"2","N1","T2","1",0.7327,0.2673,"LOW"
49,"2","N1","T2","1",0.7318,0.2682,"LOW"
50,"2","N1","T2","1",0.732,0.268,"LOW"
51,"2","N1","T2","1",0.7328,0.2672,"LOW"
52,"2","N1","T2","1",0.7341,0.2659,"LOW"
53,"2","N1","T2","1",0.7352,0.2648,"LOW"
54,"2","N1","T2","1",0.7347,0.2653,"LOW"
55,"2","N1","T2","1",0.7333,0.2667,"LOW"
56,"2","N1","T2","1",0.7338,0.2662,"LOW"
57,"2","N1","T2","1",0.7335,0.2665,"LOW"
58,"2","N1","T2","1",0.7308,0.2692,"LOW"
59,"2","N1","T2","1",0.73,0.27,"LOW"
60,"2","N1","T2","1",0.7306,0.2694,"LOW"
61,"2","N1","T2","1",0.7304,0.2696,"LOW"
62,"2","N1","T2","1",0.73,0.27,"LOW"
63,"2","N1","T2","1",0.7289,0.2711,"LOW"
64,"2","N1","T2","1",0.7277,0.2723,"LOW"
65,"2","N1","T2","1",0.7279,0.2721,"LOW"
66,"2","N1","T2","1",0.7257,0.2743,"LOW"
67,"2","N1","T2","1",0.726,0.274,"LOW"
68,"2","N1","T2","1",0.7257,0.2743,"LOW"
69,"2","N1","T2","1",0.7259,0.2741,"LOW"
70,"2","N1","T2","1",0.7244,0.2756,"LOW"
71,"2","N1","T2","1",0.7259,0.2741,"LOW"
72,"2","N1","T2","1",0.7273,0.2727,"LOW"
73,"2","N1","T2","1",0.726,0.274,"LOW"
74,"2","N1","T2","1",0.7241,0.2759,"LOW"
75,"2","N1","T2","1",0.7246,0.2754,"LOW"
76,"2","N1","T2","1",0.7266,0.2734,"LOW"
77,"2","N1","T2","1",0.725,0.275,"LOW"
78,"2","N1","T2","1",0.7231,0.2769,"LOW"
79,"2","N1","T2","1",0.7222,0.2778,"LOW"
80,"2","N1","T2","1",0.7251,0.2749,"LOW"
81,"2","N1","T2","1",0.7241,0.2759,"LOW"
82,"2","N1","T2","1",0.7274,0.2726,"LOW"
83,"2","N1","T2","1",0.7312,0.2688,"LOW"
84,"2","N1","T2","1",0.7303,0.2697,"LOW"
85,"2","N1","T2","1",0.7311,0.2689,"LOW"
86,"2","N1","T2","1",0.7357,0.2643,"LOW"
87,"2","N1","T2","1",0.7367,0.2633,"LOW"
88,"2","N1","T2","1",0.737,0.263,"LOW"
89,"2","N1","T2","1",0.737,0.263,"LOW"
90,"2","N1","T2","1",0.7386,0.2614,"LOW"
91,"2","N1","T2","1",0.7386,0.2614,"LOW"
92,"2","N1","T2","1",0.7386,0.2614,"LOW"
93,"2","N1","T2","1",0.7386,0.2614,"LOW"
94,"2","N1","T2","1",0.7386,0.2614,"LOW"
95,"2","N1","T2","1",0.7386,0.2614,"LOW"
96,"2","N1","T2","1",0.7386,0.2614,"LOW"
97,"2","N1","T2","1",0.7386,0.2614,"LOW"
98,"2","N1","T2","1",0.7386,0.2614,"LOW"
99,"2","N1","T2","1",0.7386,0.2614,"LOW"
0,"1","Other/Unknown","T2","1",0.748,0.252,"LOW"
1,"1","Other/Unknown","T2","1",0.7516,0.2484,"LOW"
2,"1","Other/Unknown","T2","1",0.7455,0.2545,"LOW"
3,"1","Other/Unknown","T2","1",0.7401,0.2599,"LOW"
4,"1","Other/Unknown","T2","1",0.7442,0.2558,"LOW"
5,"1","Other/Unknown","T2","1",0.7488,0.2512,"LOW"
6,"1","Other/Unknown","T2","1",0.7512,0.2488,"LOW"
7,"1","Other/Unknown","T2","1",0.7533,0.2467,"LOW"
8,"1","Other/Unknown","T2","1",0.755,0.245,"LOW"
9,"1","Other/Unknown","T2","1",0.7556,0.2444,"LOW"
10,"1","Other/Unknown","T2","1",0.7563,0.2437,"LOW"
11,"1","Other/Unknown","T2","1",0.7569,0.2431,"LOW"
12,"1","Other/Unknown","T2","1",0.7632,0.2368,"LOW"
13,"1","Other/Unknown","T2","1",0.7662,0.2338,"LOW"
14,"1","Other/Unknown","T2","1",0.7683,0.2317,"LOW"
15,"1","Other/Unknown","T2","1",0.7712,0.2288,"LOW"
16,"1","Other/Unknown","T2","1",0.7742,0.2258,"LOW"
17,"1","Other/Unknown","T2","1",0.7779,0.2221,"LOW"
18,"1","Other/Unknown","T2","1",0.7813,0.2187,"LOW"
19,"1","Other/Unknown","T2","1",0.7839,0.2161,"LOW"
20,"1","Other/Unknown","T2","1",0.7842,0.2158,"LOW"
21,"1","Other/Unknown","T2","1",0.7852,0.2148,"LOW"
22,"1","Other/Unknown","T2","1",0.7868,0.2132,"LOW"
23,"1","Other/Unknown","T2","1",0.7901,0.2099,"LOW"
24,"1","Other/Unknown","T2","1",0.793,0.207,"LOW"
25,"1","Other/Unknown","T2","1",0.7955,0.2045,"LOW"
26,"1","Other/Unknown","T2","1",0.7948,0.2052,"LOW"
27,"1","Other/Unknown","T2","1",0.7999,0.2001,"LOW"
28,"1","Other/Unknown","T2","1",0.8002,0.1998,"LOW"
29,"1","Other/Unknown","T2","1",0.8026,0.1974,"LOW"
30,"1","Other/Unknown","T2","1",0.8043,0.1957,"LOW"
31,"1","Other/Unknown","T2","1",0.8058,0.1942,"LOW"
32,"1","Other/Unknown","T2","1",0.8105,0.1895,"LOW"
33,"1","Other/Unknown","T2","1",0.8122,0.1878,"LOW"
34,"1","Other/Unknown","T2","1",0.8126,0.1874,"LOW"
35,"1","Other/Unknown","T2","1",0.8134,0.1866,"LOW"
36,"1","Other/Unknown","T2","1",0.8137,0.1863,"LOW"
37,"1","Other/Unknown","T2","1",0.8136,0.1864,"LOW"
38,"1","Other/Unknown","T2","1",0.817,0.183,"LOW"
39,"1","Other/Unknown","T2","1",0.819,0.181,"LOW"
40,"1","Other/Unknown","T2","1",0.8217,0.1783,"LOW"
41,"1","Other/Unknown","T2","1",0.8241,0.1759,"LOW"
42,"1","Other/Unknown","T2","1",0.8251,0.1749,"LOW"
43,"1","Other/Unknown","T2","1",0.8245,0.1755,"LOW"
44,"1","Other/Unknown","T2","1",0.8256,0.1744,"LOW"
45,"1","Other/Unknown","T2","1",0.8247,0.1753,"LOW"
46,"1","Other/Unknown","T2","1",0.8244,0.1756,"LOW"
47,"1","Other/Unknown","T2","1",0.8243,0.1757,"LOW"
48,"1","Other/Unknown","T2","1",0.8235,0.1765,"LOW"
49,"1","Other/Unknown","T2","1",0.8239,0.1761,"LOW"
50,"1","Other/Unknown","T2","1",0.8239,0.1761,"LOW"
51,"1","Other/Unknown","T2","1",0.8248,0.1752,"LOW"
52,"1","Other/Unknown","T2","1",0.824,0.176,"LOW"
53,"1","Other/Unknown","T2","1",0.8233,0.1767,"LOW"
54,"1","Other/Unknown","T2","1",0.8235,0.1765,"LOW"
55,"1","Other/Unknown","T2","1",0.8228,0.1772,"LOW"
56,"1","Other/Unknown","T2","1",0.8218,0.1782,"LOW"
57,"1","Other/Unknown","T2","1",0.8214,0.1786,"LOW"
58,"1","Other/Unknown","T2","1",0.8184,0.1816,"LOW"
59,"1","Other/Unknown","T2","1",0.8227,0.1773,"LOW"
60,"1","Other/Unknown","T2","1",0.8248,0.1752,"LOW"
61,"1","Other/Unknown","T2","1",0.8233,0.1767,"LOW"
62,"1","Other/Unknown","T2","1",0.8237,0.1763,"LOW"
63,"1","Other/Unknown","T2","1",0.823,0.177,"LOW"
64,"1","Other/Unknown","T2","1",0.8223,0.1777,"LOW"
65,"1","Other/Unknown","T2","1",0.8215,0.1785,"LOW"
66,"1","Other/Unknown","T2","1",0.8208,0.1792,"LOW"
67,"1","Other/Unknown","T2","1",0.8194,0.1806,"LOW"
68,"1","Other/Unknown","T2","1",0.8194,0.1806,"LOW"
69,"1","Other/Unknown","T2","1",0.8194,0.1806,"LOW"
70,"1","Other/Unknown","T2","1",0.821,0.179,"LOW"
71,"1","Other/Unknown","T2","1",0.82,0.18,"LOW"
72,"1","Other/Unknown","T2","1",0.821,0.179,"LOW"
73,"1","Other/Unknown","T2","1",0.8203,0.1797,"LOW"
74,"1","Other/Unknown","T2","1",0.8213,0.1787,"LOW"
75,"1","Other/Unknown","T2","1",0.8218,0.1782,"LOW"
76,"1","Other/Unknown","T2","1",0.8247,0.1753,"LOW"
77,"1","Other/Unknown","T2","1",0.822,0.178,"LOW"
78,"1","Other/Unknown","T2","1",0.8236,0.1764,"LOW"
79,"1","Other/Unknown","T2","1",0.8239,0.1761,"LOW"
80,"1","Other/Unknown","T2","1",0.8248,0.1752,"LOW"
81,"1","Other/Unknown","T2","1",0.8276,0.1724,"LOW"
82,"1","Other/Unknown","T2","1",0.8286,0.1714,"LOW"
83,"1","Other/Unknown","T2","1",0.8287,0.1713,"LOW"
84,"1","Other/Unknown","T2","1",0.8295,0.1705,"LOW"
85,"1","Other/Unknown","T2","1",0.8297,0.1703,"LOW"
86,"1","Other/Unknown","T2","1",0.8306,0.1694,"LOW"
87,"1","Other/Unknown","T2","1",0.8315,0.1685,"LOW"
88,"1","Other/Unknown","T2","1",0.8315,0.1685,"LOW"
89,"1","Other/Unknown","T2","1",0.8331,0.1669,"LOW"
90,"1","Other/Unknown","T2","1",0.8328,0.1672,"LOW"
91,"1","Other/Unknown","T2","1",0.8328,0.1672,"LOW"
92,"1","Other/Unknown","T2","1",0.8328,0.1672,"LOW"
93,"1","Other/Unknown","T2","1",0.8328,0.1672,"LOW"
94,"1","Other/Unknown","T2","1",0.8328,0.1672,"LOW"
95,"1","Other/Unknown","T2","1",0.8328,0.1672,"LOW"
96,"1","Other/Unknown","T2","1",0.8328,0.1672,"LOW"
97,"1","Other/Unknown","T2","1",0.8328,0.1672,"LOW"
98,"1","Other/Unknown","T2","1",0.8328,0.1672,"LOW"
99,"1","Other/Unknown","T2","1",0.8328,0.1672,"LOW"
0,"2","Other/Unknown","T2","1",0.7621,0.2379,"LOW"
1,"2","Other/Unknown","T2","1",0.7732,0.2268,"LOW"
2,"2","Other/Unknown","T2","1",0.772,0.228,"LOW"
3,"2","Other/Unknown","T2","1",0.7655,0.2345,"LOW"
4,"2","Other/Unknown","T2","1",0.7696,0.2304,"LOW"
5,"2","Other/Unknown","T2","1",0.7742,0.2258,"LOW"
6,"2","Other/Unknown","T2","1",0.7799,0.2201,"LOW"
7,"2","Other/Unknown","T2","1",0.7835,0.2165,"LOW"
8,"2","Other/Unknown","T2","1",0.7838,0.2162,"LOW"
9,"2","Other/Unknown","T2","1",0.7837,0.2163,"LOW"
10,"2","Other/Unknown","T2","1",0.7845,0.2155,"LOW"
11,"2","Other/Unknown","T2","1",0.7851,0.2149,"LOW"
12,"2","Other/Unknown","T2","1",0.7933,0.2067,"LOW"
13,"2","Other/Unknown","T2","1",0.7884,0.2116,"LOW"
14,"2","Other/Unknown","T2","1",0.7895,0.2105,"LOW"
15,"2","Other/Unknown","T2","1",0.793,0.207,"LOW"
16,"2","Other/Unknown","T2","1",0.7965,0.2035,"LOW"
17,"2","Other/Unknown","T2","1",0.7988,0.2012,"LOW"
18,"2","Other/Unknown","T2","1",0.8011,0.1989,"LOW"
19,"2","Other/Unknown","T2","1",0.8031,0.1969,"LOW"
20,"2","Other/Unknown","T2","1",0.8041,0.1959,"LOW"
21,"2","Other/Unknown","T2","1",0.8049,0.1951,"LOW"
22,"2","Other/Unknown","T2","1",0.8053,0.1947,"LOW"
23,"2","Other/Unknown","T2","1",0.8077,0.1923,"LOW"
24,"2","Other/Unknown","T2","1",0.8089,0.1911,"LOW"
25,"2","Other/Unknown","T2","1",0.811,0.189,"LOW"
26,"2","Other/Unknown","T2","1",0.8103,0.1897,"LOW"
27,"2","Other/Unknown","T2","1",0.8126,0.1874,"LOW"
28,"2","Other/Unknown","T2","1",0.8127,0.1873,"LOW"
29,"2","Other/Unknown","T2","1",0.8137,0.1863,"LOW"
30,"2","Other/Unknown","T2","1",0.8144,0.1856,"LOW"
31,"2","Other/Unknown","T2","1",0.8159,0.1841,"LOW"
32,"2","Other/Unknown","T2","1",0.818,0.182,"LOW"
33,"2","Other/Unknown","T2","1",0.8181,0.1819,"LOW"
34,"2","Other/Unknown","T2","1",0.8178,0.1822,"LOW"
35,"2","Other/Unknown","T2","1",0.8189,0.1811,"LOW"
36,"2","Other/Unknown","T2","1",0.8189,0.1811,"LOW"
37,"2","Other/Unknown","T2","1",0.819,0.181,"LOW"
38,"2","Other/Unknown","T2","1",0.8226,0.1774,"LOW"
39,"2","Other/Unknown","T2","1",0.8237,0.1763,"LOW"
40,"2","Other/Unknown","T2","1",0.8256,0.1744,"LOW"
41,"2","Other/Unknown","T2","1",0.8268,0.1732,"LOW"
42,"2","Other/Unknown","T2","1",0.8312,0.1688,"LOW"
43,"2","Other/Unknown","T2","1",0.831,0.169,"LOW"
44,"2","Other/Unknown","T2","1",0.8322,0.1678,"LOW"
45,"2","Other/Unknown","T2","1",0.8316,0.1684,"LOW"
46,"2","Other/Unknown","T2","1",0.8314,0.1686,"LOW"
47,"2","Other/Unknown","T2","1",0.8308,0.1692,"LOW"
48,"2","Other/Unknown","T2","1",0.83,0.17,"LOW"
49,"2","Other/Unknown","T2","1",0.8302,0.1698,"LOW"
50,"2","Other/Unknown","T2","1",0.83,0.17,"LOW"
51,"2","Other/Unknown","T2","1",0.8264,0.1736,"LOW"
52,"2","Other/Unknown","T2","1",0.8253,0.1747,"LOW"
53,"2","Other/Unknown","T2","1",0.8245,0.1755,"LOW"
54,"2","Other/Unknown","T2","1",0.8246,0.1754,"LOW"
55,"2","Other/Unknown","T2","1",0.825,0.175,"LOW"
56,"2","Other/Unknown","T2","1",0.8247,0.1753,"LOW"
57,"2","Other/Unknown","T2","1",0.8247,0.1753,"LOW"
58,"2","Other/Unknown","T2","1",0.8254,0.1746,"LOW"
59,"2","Other/Unknown","T2","1",0.8263,0.1737,"LOW"
60,"2","Other/Unknown","T2","1",0.8271,0.1729,"LOW"
61,"2","Other/Unknown","T2","1",0.8276,0.1724,"LOW"
62,"2","Other/Unknown","T2","1",0.8276,0.1724,"LOW"
63,"2","Other/Unknown","T2","1",0.8274,0.1726,"LOW"
64,"2","Other/Unknown","T2","1",0.83,0.17,"LOW"
65,"2","Other/Unknown","T2","1",0.8302,0.1698,"LOW"
66,"2","Other/Unknown","T2","1",0.83,0.17,"LOW"
67,"2","Other/Unknown","T2","1",0.8296,0.1704,"LOW"
68,"2","Other/Unknown","T2","1",0.8296,0.1704,"LOW"
69,"2","Other/Unknown","T2","1",0.8284,0.1716,"LOW"
70,"2","Other/Unknown","T2","1",0.8278,0.1722,"LOW"
71,"2","Other/Unknown","T2","1",0.8287,0.1713,"LOW"
72,"2","Other/Unknown","T2","1",0.8283,0.1717,"LOW"
73,"2","Other/Unknown","T2","1",0.8282,0.1718,"LOW"
74,"2","Other/Unknown","T2","1",0.8284,0.1716,"LOW"
75,"2","Other/Unknown","T2","1",0.8284,0.1716,"LOW"
76,"2","Other/Unknown","T2","1",0.8278,0.1722,"LOW"
77,"2","Other/Unknown","T2","1",0.825,0.175,"LOW"
78,"2","Other/Unknown","T2","1",0.8238,0.1762,"LOW"
79,"2","Other/Unknown","T2","1",0.8252,0.1748,"LOW"
80,"2","Other/Unknown","T2","1",0.823,0.177,"LOW"
81,"2","Other/Unknown","T2","1",0.8277,0.1723,"LOW"
82,"2","Other/Unknown","T2","1",0.8279,0.1721,"LOW"
83,"2","Other/Unknown","T2","1",0.8286,0.1714,"LOW"
84,"2","Other/Unknown","T2","1",0.8306,0.1694,"LOW"
85,"2","Other/Unknown","T2","1",0.8319,0.1681,"LOW"
86,"2","Other/Unknown","T2","1",0.8335,0.1665,"LOW"
87,"2","Other/Unknown","T2","1",0.8352,0.1648,"LOW"
88,"2","Other/Unknown","T2","1",0.8358,0.1642,"LOW"
89,"2","Other/Unknown","T2","1",0.8371,0.1629,"LOW"
90,"2","Other/Unknown","T2","1",0.8366,0.1634,"LOW"
91,"2","Other/Unknown","T2","1",0.8366,0.1634,"LOW"
92,"2","Other/Unknown","T2","1",0.8366,0.1634,"LOW"
93,"2","Other/Unknown","T2","1",0.8366,0.1634,"LOW"
94,"2","Other/Unknown","T2","1",0.8366,0.1634,"LOW"
95,"2","Other/Unknown","T2","1",0.8366,0.1634,"LOW"
96,"2","Other/Unknown","T2","1",0.8366,0.1634,"LOW"
97,"2","Other/Unknown","T2","1",0.8366,0.1634,"LOW"
98,"2","Other/Unknown","T2","1",0.8366,0.1634,"LOW"
99,"2","Other/Unknown","T2","1",0.8366,0.1634,"LOW"
0,"1","N0","T3","1",0.8735,0.1265,"LOW"
1,"1","N0","T3","1",0.8747,0.1253,"LOW"
2,"1","N0","T3","1",0.8707,0.1293,"LOW"
3,"1","N0","T3","1",0.8574,0.1426,"LOW"
4,"1","N0","T3","1",0.8598,0.1402,"LOW"
5,"1","N0","T3","1",0.8675,0.1325,"LOW"
6,"1","N0","T3","1",0.8697,0.1303,"LOW"
7,"1","N0","T3","1",0.8702,0.1298,"LOW"
8,"1","N0","T3","1",0.8706,0.1294,"LOW"
9,"1","N0","T3","1",0.8705,0.1295,"LOW"
10,"1","N0","T3","1",0.8795,0.1205,"LOW"
11,"1","N0","T3","1",0.882,0.118,"LOW"
12,"1","N0","T3","1",0.8864,0.1136,"LOW"
13,"1","N0","T3","1",0.8898,0.1102,"LOW"
14,"1","N0","T3","1",0.8928,0.1072,"LOW"
15,"1","N0","T3","1",0.8942,0.1058,"LOW"
16,"1","N0","T3","1",0.9008,0.0992,"LOW"
17,"1","N0","T3","1",0.906,0.094,"LOW"
18,"1","N0","T3","1",0.9059,0.0941,"LOW"
19,"1","N0","T3","1",0.9074,0.0926,"LOW"
20,"1","N0","T3","1",0.9064,0.0936,"LOW"
21,"1","N0","T3","1",0.9064,0.0936,"LOW"
22,"1","N0","T3","1",0.9083,0.0917,"LOW"
23,"1","N0","T3","1",0.9079,0.0921,"LOW"
24,"1","N0","T3","1",0.9124,0.0876,"LOW"
25,"1","N0","T3","1",0.9137,0.0863,"LOW"
26,"1","N0","T3","1",0.9182,0.0818,"LOW"
27,"1","N0","T3","1",0.917,0.083,"LOW"
28,"1","N0","T3","1",0.9182,0.0818,"LOW"
29,"1","N0","T3","1",0.919,0.081,"LOW"
30,"1","N0","T3","1",0.9204,0.0796,"LOW"
31,"1","N0","T3","1",0.9203,0.0797,"LOW"
32,"1","N0","T3","1",0.9236,0.0764,"LOW"
33,"1","N0","T3","1",0.9229,0.0771,"LOW"
34,"1","N0","T3","1",0.9247,0.0753,"LOW"
35,"1","N0","T3","1",0.9274,0.0726,"LOW"
36,"1","N0","T3","1",0.9279,0.0721,"LOW"
37,"1","N0","T3","1",0.9278,0.0722,"LOW"
38,"1","N0","T3","1",0.9317,0.0683,"LOW"
39,"1","N0","T3","1",0.9327,0.0673,"LOW"
40,"1","N0","T3","1",0.9324,0.0676,"LOW"
41,"1","N0","T3","1",0.9335,0.0665,"LOW"
42,"1","N0","T3","1",0.9342,0.0658,"LOW"
43,"1","N0","T3","1",0.9358,0.0642,"LOW"
44,"1","N0","T3","1",0.9356,0.0644,"LOW"
45,"1","N0","T3","1",0.9359,0.0641,"LOW"
46,"1","N0","T3","1",0.9357,0.0643,"LOW"
47,"1","N0","T3","1",0.9371,0.0629,"LOW"
48,"1","N0","T3","1",0.9371,0.0629,"LOW"
49,"1","N0","T3","1",0.9379,0.0621,"LOW"
50,"1","N0","T3","1",0.9378,0.0622,"LOW"
51,"1","N0","T3","1",0.9378,0.0622,"LOW"
52,"1","N0","T3","1",0.9375,0.0625,"LOW"
53,"1","N0","T3","1",0.9374,0.0626,"LOW"
54,"1","N0","T3","1",0.9355,0.0645,"LOW"
55,"1","N0","T3","1",0.9357,0.0643,"LOW"
56,"1","N0","T3","1",0.9355,0.0645,"LOW"
57,"1","N0","T3","1",0.9352,0.0648,"LOW"
58,"1","N0","T3","1",0.9331,0.0669,"LOW"
59,"1","N0","T3","1",0.9331,0.0669,"LOW"
60,"1","N0","T3","1",0.9329,0.0671,"LOW"
61,"1","N0","T3","1",0.9334,0.0666,"LOW"
62,"1","N0","T3","1",0.937,0.063,"LOW"
63,"1","N0","T3","1",0.9378,0.0622,"LOW"
64,"1","N0","T3","1",0.9383,0.0617,"LOW"
65,"1","N0","T3","1",0.9405,0.0595,"LOW"
66,"1","N0","T3","1",0.9404,0.0596,"LOW"
67,"1","N0","T3","1",0.9415,0.0585,"LOW"
68,"1","N0","T3","1",0.9412,0.0588,"LOW"
69,"1","N0","T3","1",0.9409,0.0591,"LOW"
70,"1","N0","T3","1",0.9415,0.0585,"LOW"
71,"1","N0","T3","1",0.9415,0.0585,"LOW"
72,"1","N0","T3","1",0.9413,0.0587,"LOW"
73,"1","N0","T3","1",0.9418,0.0582,"LOW"
74,"1","N0","T3","1",0.9417,0.0583,"LOW"
75,"1","N0","T3","1",0.9416,0.0584,"LOW"
76,"1","N0","T3","1",0.9416,0.0584,"LOW"
77,"1","N0","T3","1",0.9417,0.0583,"LOW"
78,"1","N0","T3","1",0.9401,0.0599,"LOW"
79,"1","N0","T3","1",0.9387,0.0613,"LOW"
80,"1","N0","T3","1",0.9375,0.0625,"LOW"
81,"1","N0","T3","1",0.9374,0.0626,"LOW"
82,"1","N0","T3","1",0.938,0.062,"LOW"
83,"1","N0","T3","1",0.9378,0.0622,"LOW"
84,"1","N0","T3","1",0.9379,0.0621,"LOW"
85,"1","N0","T3","1",0.9374,0.0626,"LOW"
86,"1","N0","T3","1",0.9343,0.0657,"LOW"
87,"1","N0","T3","1",0.9358,0.0642,"LOW"
88,"1","N0","T3","1",0.9363,0.0637,"LOW"
89,"1","N0","T3","1",0.9377,0.0623,"LOW"
90,"1","N0","T3","1",0.9379,0.0621,"LOW"
91,"1","N0","T3","1",0.9379,0.0621,"LOW"
92,"1","N0","T3","1",0.9379,0.0621,"LOW"
93,"1","N0","T3","1",0.9379,0.0621,"LOW"
94,"1","N0","T3","1",0.9379,0.0621,"LOW"
95,"1","N0","T3","1",0.9379,0.0621,"LOW"
96,"1","N0","T3","1",0.9379,0.0621,"LOW"
97,"1","N0","T3","1",0.9379,0.0621,"LOW"
98,"1","N0","T3","1",0.9379,0.0621,"LOW"
99,"1","N0","T3","1",0.9379,0.0621,"LOW"
0,"2","N0","T3","1",0.884,0.116,"LOW"
1,"2","N0","T3","1",0.8833,0.1167,"LOW"
2,"2","N0","T3","1",0.8788,0.1212,"LOW"
3,"2","N0","T3","1",0.8708,0.1292,"LOW"
4,"2","N0","T3","1",0.875,0.125,"LOW"
5,"2","N0","T3","1",0.8766,0.1234,"LOW"
6,"2","N0","T3","1",0.8772,0.1228,"LOW"
7,"2","N0","T3","1",0.8825,0.1175,"LOW"
8,"2","N0","T3","1",0.8826,0.1174,"LOW"
9,"2","N0","T3","1",0.8826,0.1174,"LOW"
10,"2","N0","T3","1",0.89,0.11,"LOW"
11,"2","N0","T3","1",0.8941,0.1059,"LOW"
12,"2","N0","T3","1",0.8993,0.1007,"LOW"
13,"2","N0","T3","1",0.8995,0.1005,"LOW"
14,"2","N0","T3","1",0.9,0.1,"LOW"
15,"2","N0","T3","1",0.9021,0.0979,"LOW"
16,"2","N0","T3","1",0.906,0.094,"LOW"
17,"2","N0","T3","1",0.9082,0.0918,"LOW"
18,"2","N0","T3","1",0.9083,0.0917,"LOW"
19,"2","N0","T3","1",0.909,0.091,"LOW"
20,"2","N0","T3","1",0.9104,0.0896,"LOW"
21,"2","N0","T3","1",0.9108,0.0892,"LOW"
22,"2","N0","T3","1",0.9115,0.0885,"LOW"
23,"2","N0","T3","1",0.9099,0.0901,"LOW"
24,"2","N0","T3","1",0.9117,0.0883,"LOW"
25,"2","N0","T3","1",0.9121,0.0879,"LOW"
26,"2","N0","T3","1",0.9142,0.0858,"LOW"
27,"2","N0","T3","1",0.9144,0.0856,"LOW"
28,"2","N0","T3","1",0.9146,0.0854,"LOW"
29,"2","N0","T3","1",0.9156,0.0844,"LOW"
30,"2","N0","T3","1",0.9167,0.0833,"LOW"
31,"2","N0","T3","1",0.9162,0.0838,"LOW"
32,"2","N0","T3","1",0.9182,0.0818,"LOW"
33,"2","N0","T3","1",0.9188,0.0812,"LOW"
34,"2","N0","T3","1",0.9214,0.0786,"LOW"
35,"2","N0","T3","1",0.9231,0.0769,"LOW"
36,"2","N0","T3","1",0.9237,0.0763,"LOW"
37,"2","N0","T3","1",0.9244,0.0756,"LOW"
38,"2","N0","T3","1",0.9266,0.0734,"LOW"
39,"2","N0","T3","1",0.9263,0.0737,"LOW"
40,"2","N0","T3","1",0.9272,0.0728,"LOW"
41,"2","N0","T3","1",0.928,0.072,"LOW"
42,"2","N0","T3","1",0.9283,0.0717,"LOW"
43,"2","N0","T3","1",0.9282,0.0718,"LOW"
44,"2","N0","T3","1",0.9291,0.0709,"LOW"
45,"2","N0","T3","1",0.9293,0.0707,"LOW"
46,"2","N0","T3","1",0.9288,0.0712,"LOW"
47,"2","N0","T3","1",0.9311,0.0689,"LOW"
48,"2","N0","T3","1",0.9311,0.0689,"LOW"
49,"2","N0","T3","1",0.9313,0.0687,"LOW"
50,"2","N0","T3","1",0.9315,0.0685,"LOW"
51,"2","N0","T3","1",0.9309,0.0691,"LOW"
52,"2","N0","T3","1",0.9306,0.0694,"LOW"
53,"2","N0","T3","1",0.9302,0.0698,"LOW"
54,"2","N0","T3","1",0.9279,0.0721,"LOW"
55,"2","N0","T3","1",0.9279,0.0721,"LOW"
56,"2","N0","T3","1",0.9275,0.0725,"LOW"
57,"2","N0","T3","1",0.9256,0.0744,"LOW"
58,"2","N0","T3","1",0.9236,0.0764,"LOW"
59,"2","N0","T3","1",0.9232,0.0768,"LOW"
60,"2","N0","T3","1",0.9217,0.0783,"LOW"
61,"2","N0","T3","1",0.9223,0.0777,"LOW"
62,"2","N0","T3","1",0.9269,0.0731,"LOW"
63,"2","N0","T3","1",0.9294,0.0706,"LOW"
64,"2","N0","T3","1",0.9296,0.0704,"LOW"
65,"2","N0","T3","1",0.9313,0.0687,"LOW"
66,"2","N0","T3","1",0.9313,0.0687,"LOW"
67,"2","N0","T3","1",0.9328,0.0672,"LOW"
68,"2","N0","T3","1",0.9326,0.0674,"LOW"
69,"2","N0","T3","1",0.9329,0.0671,"LOW"
70,"2","N0","T3","1",0.9335,0.0665,"LOW"
71,"2","N0","T3","1",0.9339,0.0661,"LOW"
72,"2","N0","T3","1",0.9338,0.0662,"LOW"
73,"2","N0","T3","1",0.9339,0.0661,"LOW"
74,"2","N0","T3","1",0.9333,0.0667,"LOW"
75,"2","N0","T3","1",0.9336,0.0664,"LOW"
76,"2","N0","T3","1",0.934,0.066,"LOW"
77,"2","N0","T3","1",0.9341,0.0659,"LOW"
78,"2","N0","T3","1",0.9331,0.0669,"LOW"
79,"2","N0","T3","1",0.933,0.067,"LOW"
80,"2","N0","T3","1",0.9325,0.0675,"LOW"
81,"2","N0","T3","1",0.9314,0.0686,"LOW"
82,"2","N0","T3","1",0.9311,0.0689,"LOW"
83,"2","N0","T3","1",0.9323,0.0677,"LOW"
84,"2","N0","T3","1",0.9324,0.0676,"LOW"
85,"2","N0","T3","1",0.932,0.068,"LOW"
86,"2","N0","T3","1",0.9291,0.0709,"LOW"
87,"2","N0","T3","1",0.9305,0.0695,"LOW"
88,"2","N0","T3","1",0.9305,0.0695,"LOW"
89,"2","N0","T3","1",0.9313,0.0687,"LOW"
90,"2","N0","T3","1",0.9306,0.0694,"LOW"
91,"2","N0","T3","1",0.9306,0.0694,"LOW"
92,"2","N0","T3","1",0.9306,0.0694,"LOW"
93,"2","N0","T3","1",0.9306,0.0694,"LOW"
94,"2","N0","T3","1",0.9306,0.0694,"LOW"
95,"2","N0","T3","1",0.9306,0.0694,"LOW"
96,"2","N0","T3","1",0.9306,0.0694,"LOW"
97,"2","N0","T3","1",0.9306,0.0694,"LOW"
98,"2","N0","T3","1",0.9306,0.0694,"LOW"
99,"2","N0","T3","1",0.9306,0.0694,"LOW"
0,"1","N1","T3","1",0.6413,0.3587,"LOW"
1,"1","N1","T3","1",0.641,0.359,"LOW"
2,"1","N1","T3","1",0.6373,0.3627,"LOW"
3,"1","N1","T3","1",0.6356,0.3644,"LOW"
4,"1","N1","T3","1",0.6379,0.3621,"LOW"
5,"1","N1","T3","1",0.6398,0.3602,"LOW"
6,"1","N1","T3","1",0.6405,0.3595,"LOW"
7,"1","N1","T3","1",0.6404,0.3596,"LOW"
8,"1","N1","T3","1",0.6428,0.3572,"LOW"
9,"1","N1","T3","1",0.6411,0.3589,"LOW"
10,"1","N1","T3","1",0.6403,0.3597,"LOW"
11,"1","N1","T3","1",0.6385,0.3615,"LOW"
12,"1","N1","T3","1",0.6427,0.3573,"LOW"
13,"1","N1","T3","1",0.6426,0.3574,"LOW"
14,"1","N1","T3","1",0.6471,0.3529,"LOW"
15,"1","N1","T3","1",0.6461,0.3539,"LOW"
16,"1","N1","T3","1",0.652,0.348,"LOW"
17,"1","N1","T3","1",0.6543,0.3457,"LOW"
18,"1","N1","T3","1",0.6537,0.3463,"LOW"
19,"1","N1","T3","1",0.6562,0.3438,"LOW"
20,"1","N1","T3","1",0.6587,0.3413,"LOW"
21,"1","N1","T3","1",0.6617,0.3383,"LOW"
22,"1","N1","T3","1",0.6622,0.3378,"LOW"
23,"1","N1","T3","1",0.6644,0.3356,"LOW"
24,"1","N1","T3","1",0.6632,0.3368,"LOW"
25,"1","N1","T3","1",0.6672,0.3328,"LOW"
26,"1","N1","T3","1",0.669,0.331,"LOW"
27,"1","N1","T3","1",0.6685,0.3315,"LOW"
28,"1","N1","T3","1",0.6715,0.3285,"LOW"
29,"1","N1","T3","1",0.6727,0.3273,"LOW"
30,"1","N1","T3","1",0.6725,0.3275,"LOW"
31,"1","N1","T3","1",0.6718,0.3282,"LOW"
32,"1","N1","T3","1",0.6691,0.3309,"LOW"
33,"1","N1","T3","1",0.6714,0.3286,"LOW"
34,"1","N1","T3","1",0.6702,0.3298,"LOW"
35,"1","N1","T3","1",0.671,0.329,"LOW"
36,"1","N1","T3","1",0.6695,0.3305,"LOW"
37,"1","N1","T3","1",0.6655,0.3345,"LOW"
38,"1","N1","T3","1",0.6666,0.3334,"LOW"
39,"1","N1","T3","1",0.6638,0.3362,"LOW"
40,"1","N1","T3","1",0.6653,0.3347,"LOW"
41,"1","N1","T3","1",0.6656,0.3344,"LOW"
42,"1","N1","T3","1",0.6652,0.3348,"LOW"
43,"1","N1","T3","1",0.6671,0.3329,"LOW"
44,"1","N1","T3","1",0.663,0.337,"LOW"
45,"1","N1","T3","1",0.6642,0.3358,"LOW"
46,"1","N1","T3","1",0.6651,0.3349,"LOW"
47,"1","N1","T3","1",0.6667,0.3333,"LOW"
48,"1","N1","T3","1",0.6661,0.3339,"LOW"
49,"1","N1","T3","1",0.6651,0.3349,"LOW"
50,"1","N1","T3","1",0.663,0.337,"LOW"
51,"1","N1","T3","1",0.6607,0.3393,"LOW"
52,"1","N1","T3","1",0.659,0.341,"LOW"
53,"1","N1","T3","1",0.6602,0.3398,"LOW"
54,"1","N1","T3","1",0.6582,0.3418,"LOW"
55,"1","N1","T3","1",0.6563,0.3437,"LOW"
56,"1","N1","T3","1",0.6542,0.3458,"LOW"
57,"1","N1","T3","1",0.6535,0.3465,"LOW"
58,"1","N1","T3","1",0.6485,0.3515,"LOW"
59,"1","N1","T3","1",0.6485,0.3515,"LOW"
60,"1","N1","T3","1",0.6503,0.3497,"LOW"
61,"1","N1","T3","1",0.6517,0.3483,"LOW"
62,"1","N1","T3","1",0.6523,0.3477,"LOW"
63,"1","N1","T3","1",0.6518,0.3482,"LOW"
64,"1","N1","T3","1",0.6524,0.3476,"LOW"
65,"1","N1","T3","1",0.6531,0.3469,"LOW"
66,"1","N1","T3","1",0.6554,0.3446,"LOW"
67,"1","N1","T3","1",0.6543,0.3457,"LOW"
68,"1","N1","T3","1",0.6523,0.3477,"LOW"
69,"1","N1","T3","1",0.6518,0.3482,"LOW"
70,"1","N1","T3","1",0.6585,0.3415,"LOW"
71,"1","N1","T3","1",0.6585,0.3415,"LOW"
72,"1","N1","T3","1",0.6584,0.3416,"LOW"
73,"1","N1","T3","1",0.661,0.339,"LOW"
74,"1","N1","T3","1",0.6608,0.3392,"LOW"
75,"1","N1","T3","1",0.659,0.341,"LOW"
76,"1","N1","T3","1",0.657,0.343,"LOW"
77,"1","N1","T3","1",0.6518,0.3482,"LOW"
78,"1","N1","T3","1",0.6517,0.3483,"LOW"
79,"1","N1","T3","1",0.651,0.349,"LOW"
80,"1","N1","T3","1",0.6516,0.3484,"LOW"
81,"1","N1","T3","1",0.6505,0.3495,"LOW"
82,"1","N1","T3","1",0.653,0.347,"LOW"
83,"1","N1","T3","1",0.657,0.343,"LOW"
84,"1","N1","T3","1",0.6539,0.3461,"LOW"
85,"1","N1","T3","1",0.651,0.349,"LOW"
86,"1","N1","T3","1",0.6568,0.3432,"LOW"
87,"1","N1","T3","1",0.6575,0.3425,"LOW"
88,"1","N1","T3","1",0.6585,0.3415,"LOW"
89,"1","N1","T3","1",0.6598,0.3402,"LOW"
90,"1","N1","T3","1",0.6609,0.3391,"LOW"
91,"1","N1","T3","1",0.6609,0.3391,"LOW"
92,"1","N1","T3","1",0.6609,0.3391,"LOW"
93,"1","N1","T3","1",0.6609,0.3391,"LOW"
94,"1","N1","T3","1",0.6609,0.3391,"LOW"
95,"1","N1","T3","1",0.6609,0.3391,"LOW"
96,"1","N1","T3","1",0.6609,0.3391,"LOW"
97,"1","N1","T3","1",0.6609,0.3391,"LOW"
98,"1","N1","T3","1",0.6609,0.3391,"LOW"
99,"1","N1","T3","1",0.6609,0.3391,"LOW"
0,"2","N1","T3","1",0.6608,0.3392,"LOW"
1,"2","N1","T3","1",0.6622,0.3378,"LOW"
2,"2","N1","T3","1",0.6609,0.3391,"LOW"
3,"2","N1","T3","1",0.6602,0.3398,"LOW"
4,"2","N1","T3","1",0.6626,0.3374,"LOW"
5,"2","N1","T3","1",0.6609,0.3391,"LOW"
6,"2","N1","T3","1",0.6625,0.3375,"LOW"
7,"2","N1","T3","1",0.6656,0.3344,"LOW"
8,"2","N1","T3","1",0.6645,0.3355,"LOW"
9,"2","N1","T3","1",0.6616,0.3384,"LOW"
10,"2","N1","T3","1",0.6629,0.3371,"LOW"
11,"2","N1","T3","1",0.6594,0.3406,"LOW"
12,"2","N1","T3","1",0.6643,0.3357,"LOW"
13,"2","N1","T3","1",0.6659,0.3341,"LOW"
14,"2","N1","T3","1",0.6668,0.3332,"LOW"
15,"2","N1","T3","1",0.6675,0.3325,"LOW"
16,"2","N1","T3","1",0.6705,0.3295,"LOW"
17,"2","N1","T3","1",0.6717,0.3283,"LOW"
18,"2","N1","T3","1",0.6716,0.3284,"LOW"
19,"2","N1","T3","1",0.6753,0.3247,"LOW"
20,"2","N1","T3","1",0.6782,0.3218,"LOW"
21,"2","N1","T3","1",0.6833,0.3167,"LOW"
22,"2","N1","T3","1",0.6868,0.3132,"LOW"
23,"2","N1","T3","1",0.6907,0.3093,"LOW"
24,"2","N1","T3","1",0.6924,0.3076,"LOW"
25,"2","N1","T3","1",0.6971,0.3029,"LOW"
26,"2","N1","T3","1",0.7013,0.2987,"LOW"
27,"2","N1","T3","1",0.7029,0.2971,"LOW"
28,"2","N1","T3","1",0.7044,0.2956,"LOW"
29,"2","N1","T3","1",0.7058,0.2942,"LOW"
30,"2","N1","T3","1",0.7077,0.2923,"LOW"
31,"2","N1","T3","1",0.708,0.292,"LOW"
32,"2","N1","T3","1",0.7033,0.2967,"LOW"
33,"2","N1","T3","1",0.7062,0.2938,"LOW"
34,"2","N1","T3","1",0.7088,0.2912,"LOW"
35,"2","N1","T3","1",0.7094,0.2906,"LOW"
36,"2","N1","T3","1",0.709,0.291,"LOW"
37,"2","N1","T3","1",0.7096,0.2904,"LOW"
38,"2","N1","T3","1",0.7099,0.2901,"LOW"
39,"2","N1","T3","1",0.7067,0.2933,"LOW"
40,"2","N1","T3","1",0.7075,0.2925,"LOW"
41,"2","N1","T3","1",0.7087,0.2913,"LOW"
42,"2","N1","T3","1",0.7086,0.2914,"LOW"
43,"2","N1","T3","1",0.7094,0.2906,"LOW"
44,"2","N1","T3","1",0.7038,0.2962,"LOW"
45,"2","N1","T3","1",0.7042,0.2958,"LOW"
46,"2","N1","T3","1",0.7067,0.2933,"LOW"
47,"2","N1","T3","1",0.7098,0.2902,"LOW"
48,"2","N1","T3","1",0.7105,0.2895,"LOW"
49,"2","N1","T3","1",0.709,0.291,"LOW"
50,"2","N1","T3","1",0.7087,0.2913,"LOW"
51,"2","N1","T3","1",0.7082,0.2918,"LOW"
52,"2","N1","T3","1",0.7085,0.2915,"LOW"
53,"2","N1","T3","1",0.7075,0.2925,"LOW"
54,"2","N1","T3","1",0.7059,0.2941,"LOW"
55,"2","N1","T3","1",0.7017,0.2983,"LOW"
56,"2","N1","T3","1",0.6995,0.3005,"LOW"
57,"2","N1","T3","1",0.6973,0.3027,"LOW"
58,"2","N1","T3","1",0.6914,0.3086,"LOW"
59,"2","N1","T3","1",0.6914,0.3086,"LOW"
60,"2","N1","T3","1",0.6906,0.3094,"LOW"
61,"2","N1","T3","1",0.6904,0.3096,"LOW"
62,"2","N1","T3","1",0.6927,0.3073,"LOW"
63,"2","N1","T3","1",0.6906,0.3094,"LOW"
64,"2","N1","T3","1",0.6887,0.3113,"LOW"
65,"2","N1","T3","1",0.6896,0.3104,"LOW"
66,"2","N1","T3","1",0.6887,0.3113,"LOW"
67,"2","N1","T3","1",0.6881,0.3119,"LOW"
68,"2","N1","T3","1",0.6861,0.3139,"LOW"
69,"2","N1","T3","1",0.686,0.314,"LOW"
70,"2","N1","T3","1",0.6917,0.3083,"LOW"
71,"2","N1","T3","1",0.6929,0.3071,"LOW"
72,"2","N1","T3","1",0.6906,0.3094,"LOW"
73,"2","N1","T3","1",0.6888,0.3112,"LOW"
74,"2","N1","T3","1",0.6889,0.3111,"LOW"
75,"2","N1","T3","1",0.6894,0.3106,"LOW"
76,"2","N1","T3","1",0.6897,0.3103,"LOW"
77,"2","N1","T3","1",0.6864,0.3136,"LOW"
78,"2","N1","T3","1",0.6832,0.3168,"LOW"
79,"2","N1","T3","1",0.6831,0.3169,"LOW"
80,"2","N1","T3","1",0.6875,0.3125,"LOW"
81,"2","N1","T3","1",0.688,0.312,"LOW"
82,"2","N1","T3","1",0.6924,0.3076,"LOW"
83,"2","N1","T3","1",0.6946,0.3054,"LOW"
84,"2","N1","T3","1",0.6947,0.3053,"LOW"
85,"2","N1","T3","1",0.6955,0.3045,"LOW"
86,"2","N1","T3","1",0.6999,0.3001,"LOW"
87,"2","N1","T3","1",0.7007,0.2993,"LOW"
88,"2","N1","T3","1",0.7014,0.2986,"LOW"
89,"2","N1","T3","1",0.7027,0.2973,"LOW"
90,"2","N1","T3","1",0.7042,0.2958,"LOW"
91,"2","N1","T3","1",0.7042,0.2958,"LOW"
92,"2","N1","T3","1",0.7042,0.2958,"LOW"
93,"2","N1","T3","1",0.7042,0.2958,"LOW"
94,"2","N1","T3","1",0.7042,0.2958,"LOW"
95,"2","N1","T3","1",0.7042,0.2958,"LOW"
96,"2","N1","T3","1",0.7042,0.2958,"LOW"
97,"2","N1","T3","1",0.7042,0.2958,"LOW"
98,"2","N1","T3","1",0.7042,0.2958,"LOW"
99,"2","N1","T3","1",0.7042,0.2958,"LOW"
0,"1","Other/Unknown","T3","1",0.775,0.225,"LOW"
1,"1","Other/Unknown","T3","1",0.7773,0.2227,"LOW"
2,"1","Other/Unknown","T3","1",0.7714,0.2286,"LOW"
3,"1","Other/Unknown","T3","1",0.7618,0.2382,"LOW"
4,"1","Other/Unknown","T3","1",0.7689,0.2311,"LOW"
5,"1","Other/Unknown","T3","1",0.7726,0.2274,"LOW"
6,"1","Other/Unknown","T3","1",0.7729,0.2271,"LOW"
7,"1","Other/Unknown","T3","1",0.7747,0.2253,"LOW"
8,"1","Other/Unknown","T3","1",0.7762,0.2238,"LOW"
9,"1","Other/Unknown","T3","1",0.7768,0.2232,"LOW"
10,"1","Other/Unknown","T3","1",0.7774,0.2226,"LOW"
11,"1","Other/Unknown","T3","1",0.7806,0.2194,"LOW"
12,"1","Other/Unknown","T3","1",0.7859,0.2141,"LOW"
13,"1","Other/Unknown","T3","1",0.7905,0.2095,"LOW"
14,"1","Other/Unknown","T3","1",0.7897,0.2103,"LOW"
15,"1","Other/Unknown","T3","1",0.7932,0.2068,"LOW"
16,"1","Other/Unknown","T3","1",0.796,0.204,"LOW"
17,"1","Other/Unknown","T3","1",0.7998,0.2002,"LOW"
18,"1","Other/Unknown","T3","1",0.8045,0.1955,"LOW"
19,"1","Other/Unknown","T3","1",0.8075,0.1925,"LOW"
20,"1","Other/Unknown","T3","1",0.8092,0.1908,"LOW"
21,"1","Other/Unknown","T3","1",0.8112,0.1888,"LOW"
22,"1","Other/Unknown","T3","1",0.8126,0.1874,"LOW"
23,"1","Other/Unknown","T3","1",0.8136,0.1864,"LOW"
24,"1","Other/Unknown","T3","1",0.8162,0.1838,"LOW"
25,"1","Other/Unknown","T3","1",0.8205,0.1795,"LOW"
26,"1","Other/Unknown","T3","1",0.8209,0.1791,"LOW"
27,"1","Other/Unknown","T3","1",0.825,0.175,"LOW"
28,"1","Other/Unknown","T3","1",0.827,0.173,"LOW"
29,"1","Other/Unknown","T3","1",0.8293,0.1707,"LOW"
30,"1","Other/Unknown","T3","1",0.8323,0.1677,"LOW"
31,"1","Other/Unknown","T3","1",0.8335,0.1665,"LOW"
32,"1","Other/Unknown","T3","1",0.8393,0.1607,"LOW"
33,"1","Other/Unknown","T3","1",0.8408,0.1592,"LOW"
34,"1","Other/Unknown","T3","1",0.8448,0.1552,"LOW"
35,"1","Other/Unknown","T3","1",0.8447,0.1553,"LOW"
36,"1","Other/Unknown","T3","1",0.845,0.155,"LOW"
37,"1","Other/Unknown","T3","1",0.8457,0.1543,"LOW"
38,"1","Other/Unknown","T3","1",0.85,0.15,"LOW"
39,"1","Other/Unknown","T3","1",0.8525,0.1475,"LOW"
40,"1","Other/Unknown","T3","1",0.852,0.148,"LOW"
41,"1","Other/Unknown","T3","1",0.8556,0.1444,"LOW"
42,"1","Other/Unknown","T3","1",0.8555,0.1445,"LOW"
43,"1","Other/Unknown","T3","1",0.8563,0.1437,"LOW"
44,"1","Other/Unknown","T3","1",0.8558,0.1442,"LOW"
45,"1","Other/Unknown","T3","1",0.8546,0.1454,"LOW"
46,"1","Other/Unknown","T3","1",0.8543,0.1457,"LOW"
47,"1","Other/Unknown","T3","1",0.8547,0.1453,"LOW"
48,"1","Other/Unknown","T3","1",0.8547,0.1453,"LOW"
49,"1","Other/Unknown","T3","1",0.855,0.145,"LOW"
50,"1","Other/Unknown","T3","1",0.855,0.145,"LOW"
51,"1","Other/Unknown","T3","1",0.8564,0.1436,"LOW"
52,"1","Other/Unknown","T3","1",0.8564,0.1436,"LOW"
53,"1","Other/Unknown","T3","1",0.8564,0.1436,"LOW"
54,"1","Other/Unknown","T3","1",0.8552,0.1448,"LOW"
55,"1","Other/Unknown","T3","1",0.8554,0.1446,"LOW"
56,"1","Other/Unknown","T3","1",0.8553,0.1447,"LOW"
57,"1","Other/Unknown","T3","1",0.8559,0.1441,"LOW"
58,"1","Other/Unknown","T3","1",0.8541,0.1459,"LOW"
59,"1","Other/Unknown","T3","1",0.8527,0.1473,"LOW"
60,"1","Other/Unknown","T3","1",0.8541,0.1459,"LOW"
61,"1","Other/Unknown","T3","1",0.8531,0.1469,"LOW"
62,"1","Other/Unknown","T3","1",0.855,0.145,"LOW"
63,"1","Other/Unknown","T3","1",0.8555,0.1445,"LOW"
64,"1","Other/Unknown","T3","1",0.8554,0.1446,"LOW"
65,"1","Other/Unknown","T3","1",0.8569,0.1431,"LOW"
66,"1","Other/Unknown","T3","1",0.8573,0.1427,"LOW"
67,"1","Other/Unknown","T3","1",0.8583,0.1417,"LOW"
68,"1","Other/Unknown","T3","1",0.8582,0.1418,"LOW"
69,"1","Other/Unknown","T3","1",0.8577,0.1423,"LOW"
70,"1","Other/Unknown","T3","1",0.8581,0.1419,"LOW"
71,"1","Other/Unknown","T3","1",0.8577,0.1423,"LOW"
72,"1","Other/Unknown","T3","1",0.8578,0.1422,"LOW"
73,"1","Other/Unknown","T3","1",0.8573,0.1427,"LOW"
74,"1","Other/Unknown","T3","1",0.8578,0.1422,"LOW"
75,"1","Other/Unknown","T3","1",0.8581,0.1419,"LOW"
76,"1","Other/Unknown","T3","1",0.8607,0.1393,"LOW"
77,"1","Other/Unknown","T3","1",0.859,0.141,"LOW"
78,"1","Other/Unknown","T3","1",0.8583,0.1417,"LOW"
79,"1","Other/Unknown","T3","1",0.8572,0.1428,"LOW"
80,"1","Other/Unknown","T3","1",0.8563,0.1437,"LOW"
81,"1","Other/Unknown","T3","1",0.8596,0.1404,"LOW"
82,"1","Other/Unknown","T3","1",0.8619,0.1381,"LOW"
83,"1","Other/Unknown","T3","1",0.8624,0.1376,"LOW"
84,"1","Other/Unknown","T3","1",0.8622,0.1378,"LOW"
85,"1","Other/Unknown","T3","1",0.8626,0.1374,"LOW"
86,"1","Other/Unknown","T3","1",0.862,0.138,"LOW"
87,"1","Other/Unknown","T3","1",0.8639,0.1361,"LOW"
88,"1","Other/Unknown","T3","1",0.8641,0.1359,"LOW"
89,"1","Other/Unknown","T3","1",0.8648,0.1352,"LOW"
90,"1","Other/Unknown","T3","1",0.8645,0.1355,"LOW"
91,"1","Other/Unknown","T3","1",0.8645,0.1355,"LOW"
92,"1","Other/Unknown","T3","1",0.8645,0.1355,"LOW"
93,"1","Other/Unknown","T3","1",0.8645,0.1355,"LOW"
94,"1","Other/Unknown","T3","1",0.8645,0.1355,"LOW"
95,"1","Other/Unknown","T3","1",0.8645,0.1355,"LOW"
96,"1","Other/Unknown","T3","1",0.8645,0.1355,"LOW"
97,"1","Other/Unknown","T3","1",0.8645,0.1355,"LOW"
98,"1","Other/Unknown","T3","1",0.8645,0.1355,"LOW"
99,"1","Other/Unknown","T3","1",0.8645,0.1355,"LOW"
0,"2","Other/Unknown","T3","1",0.7983,0.2017,"LOW"
1,"2","Other/Unknown","T3","1",0.8006,0.1994,"LOW"
2,"2","Other/Unknown","T3","1",0.7991,0.2009,"LOW"
3,"2","Other/Unknown","T3","1",0.7914,0.2086,"LOW"
4,"2","Other/Unknown","T3","1",0.8009,0.1991,"LOW"
5,"2","Other/Unknown","T3","1",0.8049,0.1951,"LOW"
6,"2","Other/Unknown","T3","1",0.8088,0.1912,"LOW"
7,"2","Other/Unknown","T3","1",0.8135,0.1865,"LOW"
8,"2","Other/Unknown","T3","1",0.812,0.188,"LOW"
9,"2","Other/Unknown","T3","1",0.812,0.188,"LOW"
10,"2","Other/Unknown","T3","1",0.8142,0.1858,"LOW"
11,"2","Other/Unknown","T3","1",0.8156,0.1844,"LOW"
12,"2","Other/Unknown","T3","1",0.8235,0.1765,"LOW"
13,"2","Other/Unknown","T3","1",0.8181,0.1819,"LOW"
14,"2","Other/Unknown","T3","1",0.8173,0.1827,"LOW"
15,"2","Other/Unknown","T3","1",0.8207,0.1793,"LOW"
16,"2","Other/Unknown","T3","1",0.8244,0.1756,"LOW"
17,"2","Other/Unknown","T3","1",0.8271,0.1729,"LOW"
18,"2","Other/Unknown","T3","1",0.8301,0.1699,"LOW"
19,"2","Other/Unknown","T3","1",0.8328,0.1672,"LOW"
20,"2","Other/Unknown","T3","1",0.8343,0.1657,"LOW"
21,"2","Other/Unknown","T3","1",0.8326,0.1674,"LOW"
22,"2","Other/Unknown","T3","1",0.8325,0.1675,"LOW"
23,"2","Other/Unknown","T3","1",0.8331,0.1669,"LOW"
24,"2","Other/Unknown","T3","1",0.8359,0.1641,"LOW"
25,"2","Other/Unknown","T3","1",0.8393,0.1607,"LOW"
26,"2","Other/Unknown","T3","1",0.8388,0.1612,"LOW"
27,"2","Other/Unknown","T3","1",0.84,0.16,"LOW"
28,"2","Other/Unknown","T3","1",0.8403,0.1597,"LOW"
29,"2","Other/Unknown","T3","1",0.8415,0.1585,"LOW"
30,"2","Other/Unknown","T3","1",0.8432,0.1568,"LOW"
31,"2","Other/Unknown","T3","1",0.8442,0.1558,"LOW"
32,"2","Other/Unknown","T3","1",0.8477,0.1523,"LOW"
33,"2","Other/Unknown","T3","1",0.848,0.152,"LOW"
34,"2","Other/Unknown","T3","1",0.85,0.15,"LOW"
35,"2","Other/Unknown","T3","1",0.8509,0.1491,"LOW"
36,"2","Other/Unknown","T3","1",0.8504,0.1496,"LOW"
37,"2","Other/Unknown","T3","1",0.8499,0.1501,"LOW"
38,"2","Other/Unknown","T3","1",0.854,0.146,"LOW"
39,"2","Other/Unknown","T3","1",0.8538,0.1462,"LOW"
40,"2","Other/Unknown","T3","1",0.8534,0.1466,"LOW"
41,"2","Other/Unknown","T3","1",0.8551,0.1449,"LOW"
42,"2","Other/Unknown","T3","1",0.857,0.143,"LOW"
43,"2","Other/Unknown","T3","1",0.8575,0.1425,"LOW"
44,"2","Other/Unknown","T3","1",0.858,0.142,"LOW"
45,"2","Other/Unknown","T3","1",0.8564,0.1436,"LOW"
46,"2","Other/Unknown","T3","1",0.8562,0.1438,"LOW"
47,"2","Other/Unknown","T3","1",0.8562,0.1438,"LOW"
48,"2","Other/Unknown","T3","1",0.8571,0.1429,"LOW"
49,"2","Other/Unknown","T3","1",0.8571,0.1429,"LOW"
50,"2","Other/Unknown","T3","1",0.8569,0.1431,"LOW"
51,"2","Other/Unknown","T3","1",0.8565,0.1435,"LOW"
52,"2","Other/Unknown","T3","1",0.8555,0.1445,"LOW"
53,"2","Other/Unknown","T3","1",0.855,0.145,"LOW"
54,"2","Other/Unknown","T3","1",0.8539,0.1461,"LOW"
55,"2","Other/Unknown","T3","1",0.8543,0.1457,"LOW"
56,"2","Other/Unknown","T3","1",0.8537,0.1463,"LOW"
57,"2","Other/Unknown","T3","1",0.8522,0.1478,"LOW"
58,"2","Other/Unknown","T3","1",0.8497,0.1503,"LOW"
59,"2","Other/Unknown","T3","1",0.8496,0.1504,"LOW"
60,"2","Other/Unknown","T3","1",0.8487,0.1513,"LOW"
61,"2","Other/Unknown","T3","1",0.8487,0.1513,"LOW"
62,"2","Other/Unknown","T3","1",0.8507,0.1493,"LOW"
63,"2","Other/Unknown","T3","1",0.852,0.148,"LOW"
64,"2","Other/Unknown","T3","1",0.8522,0.1478,"LOW"
65,"2","Other/Unknown","T3","1",0.8545,0.1455,"LOW"
66,"2","Other/Unknown","T3","1",0.8552,0.1448,"LOW"
67,"2","Other/Unknown","T3","1",0.8565,0.1435,"LOW"
68,"2","Other/Unknown","T3","1",0.8565,0.1435,"LOW"
69,"2","Other/Unknown","T3","1",0.8559,0.1441,"LOW"
70,"2","Other/Unknown","T3","1",0.8564,0.1436,"LOW"
71,"2","Other/Unknown","T3","1",0.858,0.142,"LOW"
72,"2","Other/Unknown","T3","1",0.8575,0.1425,"LOW"
73,"2","Other/Unknown","T3","1",0.8577,0.1423,"LOW"
74,"2","Other/Unknown","T3","1",0.8574,0.1426,"LOW"
75,"2","Other/Unknown","T3","1",0.8581,0.1419,"LOW"
76,"2","Other/Unknown","T3","1",0.8596,0.1404,"LOW"
77,"2","Other/Unknown","T3","1",0.8571,0.1429,"LOW"
78,"2","Other/Unknown","T3","1",0.8547,0.1453,"LOW"
79,"2","Other/Unknown","T3","1",0.8541,0.1459,"LOW"
80,"2","Other/Unknown","T3","1",0.8525,0.1475,"LOW"
81,"2","Other/Unknown","T3","1",0.8555,0.1445,"LOW"
82,"2","Other/Unknown","T3","1",0.8552,0.1448,"LOW"
83,"2","Other/Unknown","T3","1",0.8562,0.1438,"LOW"
84,"2","Other/Unknown","T3","1",0.856,0.144,"LOW"
85,"2","Other/Unknown","T3","1",0.8574,0.1426,"LOW"
86,"2","Other/Unknown","T3","1",0.8566,0.1434,"LOW"
87,"2","Other/Unknown","T3","1",0.8596,0.1404,"LOW"
88,"2","Other/Unknown","T3","1",0.8605,0.1395,"LOW"
89,"2","Other/Unknown","T3","1",0.861,0.139,"LOW"
90,"2","Other/Unknown","T3","1",0.8602,0.1398,"LOW"
91,"2","Other/Unknown","T3","1",0.8602,0.1398,"LOW"
92,"2","Other/Unknown","T3","1",0.8602,0.1398,"LOW"
93,"2","Other/Unknown","T3","1",0.8602,0.1398,"LOW"
94,"2","Other/Unknown","T3","1",0.8602,0.1398,"LOW"
95,"2","Other/Unknown","T3","1",0.8602,0.1398,"LOW"
96,"2","Other/Unknown","T3","1",0.8602,0.1398,"LOW"
97,"2","Other/Unknown","T3","1",0.8602,0.1398,"LOW"
98,"2","Other/Unknown","T3","1",0.8602,0.1398,"LOW"
99,"2","Other/Unknown","T3","1",0.8602,0.1398,"LOW"
0,"1","N0","T4","1",0.8588,0.1412,"LOW"
1,"1","N0","T4","1",0.8591,0.1409,"LOW"
2,"1","N0","T4","1",0.8551,0.1449,"LOW"
3,"1","N0","T4","1",0.8439,0.1561,"LOW"
4,"1","N0","T4","1",0.8463,0.1537,"LOW"
5,"1","N0","T4","1",0.8559,0.1441,"LOW"
6,"1","N0","T4","1",0.8599,0.1401,"LOW"
7,"1","N0","T4","1",0.8604,0.1396,"LOW"
8,"1","N0","T4","1",0.8614,0.1386,"LOW"
9,"1","N0","T4","1",0.8612,0.1388,"LOW"
10,"1","N0","T4","1",0.869,0.131,"LOW"
11,"1","N0","T4","1",0.8713,0.1287,"LOW"
12,"1","N0","T4","1",0.8757,0.1243,"LOW"
13,"1","N0","T4","1",0.8793,0.1207,"LOW"
14,"1","N0","T4","1",0.8817,0.1183,"LOW"
15,"1","N0","T4","1",0.8831,0.1169,"LOW"
16,"1","N0","T4","1",0.8897,0.1103,"LOW"
17,"1","N0","T4","1",0.8943,0.1057,"LOW"
18,"1","N0","T4","1",0.894,0.106,"LOW"
19,"1","N0","T4","1",0.8958,0.1042,"LOW"
20,"1","N0","T4","1",0.8945,0.1055,"LOW"
21,"1","N0","T4","1",0.8935,0.1065,"LOW"
22,"1","N0","T4","1",0.896,0.104,"LOW"
23,"1","N0","T4","1",0.8973,0.1027,"LOW"
24,"1","N0","T4","1",0.9019,0.0981,"LOW"
25,"1","N0","T4","1",0.9038,0.0962,"LOW"
26,"1","N0","T4","1",0.9072,0.0928,"LOW"
27,"1","N0","T4","1",0.9057,0.0943,"LOW"
28,"1","N0","T4","1",0.9068,0.0932,"LOW"
29,"1","N0","T4","1",0.9075,0.0925,"LOW"
30,"1","N0","T4","1",0.9083,0.0917,"LOW"
31,"1","N0","T4","1",0.9076,0.0924,"LOW"
32,"1","N0","T4","1",0.9102,0.0898,"LOW"
33,"1","N0","T4","1",0.9095,0.0905,"LOW"
34,"1","N0","T4","1",0.9115,0.0885,"LOW"
35,"1","N0","T4","1",0.9155,0.0845,"LOW"
36,"1","N0","T4","1",0.9159,0.0841,"LOW"
37,"1","N0","T4","1",0.9158,0.0842,"LOW"
38,"1","N0","T4","1",0.9193,0.0807,"LOW"
39,"1","N0","T4","1",0.9195,0.0805,"LOW"
40,"1","N0","T4","1",0.9195,0.0805,"LOW"
41,"1","N0","T4","1",0.9205,0.0795,"LOW"
42,"1","N0","T4","1",0.921,0.079,"LOW"
43,"1","N0","T4","1",0.9218,0.0782,"LOW"
44,"1","N0","T4","1",0.9218,0.0782,"LOW"
45,"1","N0","T4","1",0.9216,0.0784,"LOW"
46,"1","N0","T4","1",0.9222,0.0778,"LOW"
47,"1","N0","T4","1",0.9224,0.0776,"LOW"
48,"1","N0","T4","1",0.9224,0.0776,"LOW"
49,"1","N0","T4","1",0.9227,0.0773,"LOW"
50,"1","N0","T4","1",0.9225,0.0775,"LOW"
51,"1","N0","T4","1",0.9201,0.0799,"LOW"
52,"1","N0","T4","1",0.9191,0.0809,"LOW"
53,"1","N0","T4","1",0.919,0.081,"LOW"
54,"1","N0","T4","1",0.9174,0.0826,"LOW"
55,"1","N0","T4","1",0.9154,0.0846,"LOW"
56,"1","N0","T4","1",0.9127,0.0873,"LOW"
57,"1","N0","T4","1",0.9101,0.0899,"LOW"
58,"1","N0","T4","1",0.9096,0.0904,"LOW"
59,"1","N0","T4","1",0.9077,0.0923,"LOW"
60,"1","N0","T4","1",0.9069,0.0931,"LOW"
61,"1","N0","T4","1",0.9081,0.0919,"LOW"
62,"1","N0","T4","1",0.9105,0.0895,"LOW"
63,"1","N0","T4","1",0.9128,0.0872,"LOW"
64,"1","N0","T4","1",0.9138,0.0862,"LOW"
65,"1","N0","T4","1",0.915,0.085,"LOW"
66,"1","N0","T4","1",0.9149,0.0851,"LOW"
67,"1","N0","T4","1",0.9151,0.0849,"LOW"
68,"1","N0","T4","1",0.9149,0.0851,"LOW"
69,"1","N0","T4","1",0.9158,0.0842,"LOW"
70,"1","N0","T4","1",0.9164,0.0836,"LOW"
71,"1","N0","T4","1",0.9185,0.0815,"LOW"
72,"1","N0","T4","1",0.9208,0.0792,"LOW"
73,"1","N0","T4","1",0.9205,0.0795,"LOW"
74,"1","N0","T4","1",0.9217,0.0783,"LOW"
75,"1","N0","T4","1",0.9217,0.0783,"LOW"
76,"1","N0","T4","1",0.922,0.078,"LOW"
77,"1","N0","T4","1",0.923,0.077,"LOW"
78,"1","N0","T4","1",0.9221,0.0779,"LOW"
79,"1","N0","T4","1",0.9234,0.0766,"LOW"
80,"1","N0","T4","1",0.9223,0.0777,"LOW"
81,"1","N0","T4","1",0.9221,0.0779,"LOW"
82,"1","N0","T4","1",0.9228,0.0772,"LOW"
83,"1","N0","T4","1",0.9225,0.0775,"LOW"
84,"1","N0","T4","1",0.9226,0.0774,"LOW"
85,"1","N0","T4","1",0.9222,0.0778,"LOW"
86,"1","N0","T4","1",0.9211,0.0789,"LOW"
87,"1","N0","T4","1",0.9209,0.0791,"LOW"
88,"1","N0","T4","1",0.9211,0.0789,"LOW"
89,"1","N0","T4","1",0.9223,0.0777,"LOW"
90,"1","N0","T4","1",0.9225,0.0775,"LOW"
91,"1","N0","T4","1",0.9225,0.0775,"LOW"
92,"1","N0","T4","1",0.9225,0.0775,"LOW"
93,"1","N0","T4","1",0.9225,0.0775,"LOW"
94,"1","N0","T4","1",0.9225,0.0775,"LOW"
95,"1","N0","T4","1",0.9225,0.0775,"LOW"
96,"1","N0","T4","1",0.9225,0.0775,"LOW"
97,"1","N0","T4","1",0.9225,0.0775,"LOW"
98,"1","N0","T4","1",0.9225,0.0775,"LOW"
99,"1","N0","T4","1",0.9225,0.0775,"LOW"
0,"2","N0","T4","1",0.8807,0.1193,"LOW"
1,"2","N0","T4","1",0.8801,0.1199,"LOW"
2,"2","N0","T4","1",0.8771,0.1229,"LOW"
3,"2","N0","T4","1",0.8696,0.1304,"LOW"
4,"2","N0","T4","1",0.8739,0.1261,"LOW"
5,"2","N0","T4","1",0.8751,0.1249,"LOW"
6,"2","N0","T4","1",0.8784,0.1216,"LOW"
7,"2","N0","T4","1",0.8817,0.1183,"LOW"
8,"2","N0","T4","1",0.8825,0.1175,"LOW"
9,"2","N0","T4","1",0.8825,0.1175,"LOW"
10,"2","N0","T4","1",0.8887,0.1113,"LOW"
11,"2","N0","T4","1",0.8924,0.1076,"LOW"
12,"2","N0","T4","1",0.8976,0.1024,"LOW"
13,"2","N0","T4","1",0.8987,0.1013,"LOW"
14,"2","N0","T4","1",0.9003,0.0997,"LOW"
15,"2","N0","T4","1",0.9024,0.0976,"LOW"
16,"2","N0","T4","1",0.9063,0.0937,"LOW"
17,"2","N0","T4","1",0.9079,0.0921,"LOW"
18,"2","N0","T4","1",0.9085,0.0915,"LOW"
19,"2","N0","T4","1",0.9096,0.0904,"LOW"
20,"2","N0","T4","1",0.9103,0.0897,"LOW"
21,"2","N0","T4","1",0.9093,0.0907,"LOW"
22,"2","N0","T4","1",0.9105,0.0895,"LOW"
23,"2","N0","T4","1",0.9088,0.0912,"LOW"
24,"2","N0","T4","1",0.9106,0.0894,"LOW"
25,"2","N0","T4","1",0.911,0.089,"LOW"
26,"2","N0","T4","1",0.9136,0.0864,"LOW"
27,"2","N0","T4","1",0.914,0.086,"LOW"
28,"2","N0","T4","1",0.9141,0.0859,"LOW"
29,"2","N0","T4","1",0.915,0.085,"LOW"
30,"2","N0","T4","1",0.916,0.084,"LOW"
31,"2","N0","T4","1",0.9155,0.0845,"LOW"
32,"2","N0","T4","1",0.917,0.083,"LOW"
33,"2","N0","T4","1",0.9176,0.0824,"LOW"
34,"2","N0","T4","1",0.9199,0.0801,"LOW"
35,"2","N0","T4","1",0.9218,0.0782,"LOW"
36,"2","N0","T4","1",0.9223,0.0777,"LOW"
37,"2","N0","T4","1",0.923,0.077,"LOW"
38,"2","N0","T4","1",0.9241,0.0759,"LOW"
39,"2","N0","T4","1",0.9232,0.0768,"LOW"
40,"2","N0","T4","1",0.9241,0.0759,"LOW"
41,"2","N0","T4","1",0.9249,0.0751,"LOW"
42,"2","N0","T4","1",0.9256,0.0744,"LOW"
43,"2","N0","T4","1",0.924,0.076,"LOW"
44,"2","N0","T4","1",0.9245,0.0755,"LOW"
45,"2","N0","T4","1",0.9243,0.0757,"LOW"
46,"2","N0","T4","1",0.9247,0.0753,"LOW"
47,"2","N0","T4","1",0.9264,0.0736,"LOW"
48,"2","N0","T4","1",0.9264,0.0736,"LOW"
49,"2","N0","T4","1",0.9264,0.0736,"LOW"
50,"2","N0","T4","1",0.9266,0.0734,"LOW"
51,"2","N0","T4","1",0.9238,0.0762,"LOW"
52,"2","N0","T4","1",0.9217,0.0783,"LOW"
53,"2","N0","T4","1",0.9228,0.0772,"LOW"
54,"2","N0","T4","1",0.9207,0.0793,"LOW"
55,"2","N0","T4","1",0.9194,0.0806,"LOW"
56,"2","N0","T4","1",0.9164,0.0836,"LOW"
57,"2","N0","T4","1",0.9152,0.0848,"LOW"
58,"2","N0","T4","1",0.9153,0.0847,"LOW"
59,"2","N0","T4","1",0.9156,0.0844,"LOW"
60,"2","N0","T4","1",0.9147,0.0853,"LOW"
61,"2","N0","T4","1",0.916,0.084,"LOW"
62,"2","N0","T4","1",0.9176,0.0824,"LOW"
63,"2","N0","T4","1",0.9224,0.0776,"LOW"
64,"2","N0","T4","1",0.9232,0.0768,"LOW"
65,"2","N0","T4","1",0.9241,0.0759,"LOW"
66,"2","N0","T4","1",0.9247,0.0753,"LOW"
67,"2","N0","T4","1",0.9252,0.0748,"LOW"
68,"2","N0","T4","1",0.9254,0.0746,"LOW"
69,"2","N0","T4","1",0.9277,0.0723,"LOW"
70,"2","N0","T4","1",0.9281,0.0719,"LOW"
71,"2","N0","T4","1",0.9295,0.0705,"LOW"
72,"2","N0","T4","1",0.9294,0.0706,"LOW"
73,"2","N0","T4","1",0.9292,0.0708,"LOW"
74,"2","N0","T4","1",0.9296,0.0704,"LOW"
75,"2","N0","T4","1",0.93,0.07,"LOW"
76,"2","N0","T4","1",0.9302,0.0698,"LOW"
77,"2","N0","T4","1",0.9312,0.0688,"LOW"
78,"2","N0","T4","1",0.9305,0.0695,"LOW"
79,"2","N0","T4","1",0.9326,0.0674,"LOW"
80,"2","N0","T4","1",0.9324,0.0676,"LOW"
81,"2","N0","T4","1",0.9314,0.0686,"LOW"
82,"2","N0","T4","1",0.9309,0.0691,"LOW"
83,"2","N0","T4","1",0.9314,0.0686,"LOW"
84,"2","N0","T4","1",0.9315,0.0685,"LOW"
85,"2","N0","T4","1",0.9311,0.0689,"LOW"
86,"2","N0","T4","1",0.9302,0.0698,"LOW"
87,"2","N0","T4","1",0.9299,0.0701,"LOW"
88,"2","N0","T4","1",0.9301,0.0699,"LOW"
89,"2","N0","T4","1",0.9307,0.0693,"LOW"
90,"2","N0","T4","1",0.9298,0.0702,"LOW"
91,"2","N0","T4","1",0.9298,0.0702,"LOW"
92,"2","N0","T4","1",0.9298,0.0702,"LOW"
93,"2","N0","T4","1",0.9298,0.0702,"LOW"
94,"2","N0","T4","1",0.9298,0.0702,"LOW"
95,"2","N0","T4","1",0.9298,0.0702,"LOW"
96,"2","N0","T4","1",0.9298,0.0702,"LOW"
97,"2","N0","T4","1",0.9298,0.0702,"LOW"
98,"2","N0","T4","1",0.9298,0.0702,"LOW"
99,"2","N0","T4","1",0.9298,0.0702,"LOW"
0,"1","N1","T4","1",0.6295,0.3705,"LOW"
1,"1","N1","T4","1",0.6292,0.3708,"LOW"
2,"1","N1","T4","1",0.6255,0.3745,"LOW"
3,"1","N1","T4","1",0.6238,0.3762,"LOW"
4,"1","N1","T4","1",0.6258,0.3742,"LOW"
5,"1","N1","T4","1",0.6274,0.3726,"LOW"
6,"1","N1","T4","1",0.6283,0.3717,"LOW"
7,"1","N1","T4","1",0.6282,0.3718,"LOW"
8,"1","N1","T4","1",0.6306,0.3694,"LOW"
9,"1","N1","T4","1",0.6282,0.3718,"LOW"
10,"1","N1","T4","1",0.626,0.374,"LOW"
11,"1","N1","T4","1",0.6242,0.3758,"LOW"
12,"1","N1","T4","1",0.6284,0.3716,"LOW"
13,"1","N1","T4","1",0.6286,0.3714,"LOW"
14,"1","N1","T4","1",0.6346,0.3654,"LOW"
15,"1","N1","T4","1",0.6336,0.3664,"LOW"
16,"1","N1","T4","1",0.6395,0.3605,"LOW"
17,"1","N1","T4","1",0.642,0.358,"LOW"
18,"1","N1","T4","1",0.6415,0.3585,"LOW"
19,"1","N1","T4","1",0.6434,0.3566,"LOW"
20,"1","N1","T4","1",0.6454,0.3546,"LOW"
21,"1","N1","T4","1",0.6471,0.3529,"LOW"
22,"1","N1","T4","1",0.6466,0.3534,"LOW"
23,"1","N1","T4","1",0.6503,0.3497,"LOW"
24,"1","N1","T4","1",0.6491,0.3509,"LOW"
25,"1","N1","T4","1",0.6531,0.3469,"LOW"
26,"1","N1","T4","1",0.6544,0.3456,"LOW"
27,"1","N1","T4","1",0.6539,0.3461,"LOW"
28,"1","N1","T4","1",0.6569,0.3431,"LOW"
29,"1","N1","T4","1",0.6581,0.3419,"LOW"
30,"1","N1","T4","1",0.6574,0.3426,"LOW"
31,"1","N1","T4","1",0.6574,0.3426,"LOW"
32,"1","N1","T4","1",0.6547,0.3453,"LOW"
33,"1","N1","T4","1",0.657,0.343,"LOW"
34,"1","N1","T4","1",0.656,0.344,"LOW"
35,"1","N1","T4","1",0.6581,0.3419,"LOW"
36,"1","N1","T4","1",0.6566,0.3434,"LOW"
37,"1","N1","T4","1",0.6527,0.3473,"LOW"
38,"1","N1","T4","1",0.6549,0.3451,"LOW"
39,"1","N1","T4","1",0.6551,0.3449,"LOW"
40,"1","N1","T4","1",0.6548,0.3452,"LOW"
41,"1","N1","T4","1",0.6562,0.3438,"LOW"
42,"1","N1","T4","1",0.6556,0.3444,"LOW"
43,"1","N1","T4","1",0.6571,0.3429,"LOW"
44,"1","N1","T4","1",0.6532,0.3468,"LOW"
45,"1","N1","T4","1",0.6531,0.3469,"LOW"
46,"1","N1","T4","1",0.6536,0.3464,"LOW"
47,"1","N1","T4","1",0.6589,0.3411,"LOW"
48,"1","N1","T4","1",0.6583,0.3417,"LOW"
49,"1","N1","T4","1",0.6553,0.3447,"LOW"
50,"1","N1","T4","1",0.6532,0.3468,"LOW"
51,"1","N1","T4","1",0.6543,0.3457,"LOW"
52,"1","N1","T4","1",0.6514,0.3486,"LOW"
53,"1","N1","T4","1",0.6508,0.3492,"LOW"
54,"1","N1","T4","1",0.6508,0.3492,"LOW"
55,"1","N1","T4","1",0.6466,0.3534,"LOW"
56,"1","N1","T4","1",0.6449,0.3551,"LOW"
57,"1","N1","T4","1",0.6424,0.3576,"LOW"
58,"1","N1","T4","1",0.6399,0.3601,"LOW"
59,"1","N1","T4","1",0.6399,0.3601,"LOW"
60,"1","N1","T4","1",0.642,0.358,"LOW"
61,"1","N1","T4","1",0.6438,0.3562,"LOW"
62,"1","N1","T4","1",0.642,0.358,"LOW"
63,"1","N1","T4","1",0.6446,0.3554,"LOW"
64,"1","N1","T4","1",0.6464,0.3536,"LOW"
65,"1","N1","T4","1",0.646,0.354,"LOW"
66,"1","N1","T4","1",0.6483,0.3517,"LOW"
67,"1","N1","T4","1",0.6463,0.3537,"LOW"
68,"1","N1","T4","1",0.6443,0.3557,"LOW"
69,"1","N1","T4","1",0.6438,0.3562,"LOW"
70,"1","N1","T4","1",0.6513,0.3487,"LOW"
71,"1","N1","T4","1",0.6515,0.3485,"LOW"
72,"1","N1","T4","1",0.6519,0.3481,"LOW"
73,"1","N1","T4","1",0.6541,0.3459,"LOW"
74,"1","N1","T4","1",0.6543,0.3457,"LOW"
75,"1","N1","T4","1",0.6517,0.3483,"LOW"
76,"1","N1","T4","1",0.6497,0.3503,"LOW"
77,"1","N1","T4","1",0.6445,0.3555,"LOW"
78,"1","N1","T4","1",0.6451,0.3549,"LOW"
79,"1","N1","T4","1",0.6448,0.3552,"LOW"
80,"1","N1","T4","1",0.6454,0.3546,"LOW"
81,"1","N1","T4","1",0.6439,0.3561,"LOW"
82,"1","N1","T4","1",0.6465,0.3535,"LOW"
83,"1","N1","T4","1",0.6507,0.3493,"LOW"
84,"1","N1","T4","1",0.6475,0.3525,"LOW"
85,"1","N1","T4","1",0.6455,0.3545,"LOW"
86,"1","N1","T4","1",0.6513,0.3487,"LOW"
87,"1","N1","T4","1",0.652,0.348,"LOW"
88,"1","N1","T4","1",0.653,0.347,"LOW"
89,"1","N1","T4","1",0.6541,0.3459,"LOW"
90,"1","N1","T4","1",0.6553,0.3447,"LOW"
91,"1","N1","T4","1",0.6553,0.3447,"LOW"
92,"1","N1","T4","1",0.6553,0.3447,"LOW"
93,"1","N1","T4","1",0.6553,0.3447,"LOW"
94,"1","N1","T4","1",0.6553,0.3447,"LOW"
95,"1","N1","T4","1",0.6553,0.3447,"LOW"
96,"1","N1","T4","1",0.6553,0.3447,"LOW"
97,"1","N1","T4","1",0.6553,0.3447,"LOW"
98,"1","N1","T4","1",0.6553,0.3447,"LOW"
99,"1","N1","T4","1",0.6553,0.3447,"LOW"
0,"2","N1","T4","1",0.6548,0.3452,"LOW"
1,"2","N1","T4","1",0.6562,0.3438,"LOW"
2,"2","N1","T4","1",0.6548,0.3452,"LOW"
3,"2","N1","T4","1",0.6541,0.3459,"LOW"
4,"2","N1","T4","1",0.6563,0.3437,"LOW"
5,"2","N1","T4","1",0.6536,0.3464,"LOW"
6,"2","N1","T4","1",0.6553,0.3447,"LOW"
7,"2","N1","T4","1",0.6584,0.3416,"LOW"
8,"2","N1","T4","1",0.658,0.342,"LOW"
9,"2","N1","T4","1",0.6551,0.3449,"LOW"
10,"2","N1","T4","1",0.6543,0.3457,"LOW"
11,"2","N1","T4","1",0.6525,0.3475,"LOW"
12,"2","N1","T4","1",0.6575,0.3425,"LOW"
13,"2","N1","T4","1",0.6597,0.3403,"LOW"
14,"2","N1","T4","1",0.6614,0.3386,"LOW"
15,"2","N1","T4","1",0.6622,0.3378,"LOW"
16,"2","N1","T4","1",0.6651,0.3349,"LOW"
17,"2","N1","T4","1",0.6667,0.3333,"LOW"
18,"2","N1","T4","1",0.6665,0.3335,"LOW"
19,"2","N1","T4","1",0.67,0.33,"LOW"
20,"2","N1","T4","1",0.672,0.328,"LOW"
21,"2","N1","T4","1",0.6756,0.3244,"LOW"
22,"2","N1","T4","1",0.6773,0.3227,"LOW"
23,"2","N1","T4","1",0.6813,0.3187,"LOW"
24,"2","N1","T4","1",0.681,0.319,"LOW"
25,"2","N1","T4","1",0.6857,0.3143,"LOW"
26,"2","N1","T4","1",0.6911,0.3089,"LOW"
27,"2","N1","T4","1",0.6927,0.3073,"LOW"
28,"2","N1","T4","1",0.6942,0.3058,"LOW"
29,"2","N1","T4","1",0.6956,0.3044,"LOW"
30,"2","N1","T4","1",0.6975,0.3025,"LOW"
31,"2","N1","T4","1",0.6978,0.3022,"LOW"
32,"2","N1","T4","1",0.6931,0.3069,"LOW"
33,"2","N1","T4","1",0.696,0.304,"LOW"
34,"2","N1","T4","1",0.6984,0.3016,"LOW"
35,"2","N1","T4","1",0.6997,0.3003,"LOW"
36,"2","N1","T4","1",0.6993,0.3007,"LOW"
37,"2","N1","T4","1",0.6999,0.3001,"LOW"
38,"2","N1","T4","1",0.7006,0.2994,"LOW"
39,"2","N1","T4","1",0.6997,0.3003,"LOW"
40,"2","N1","T4","1",0.6992,0.3008,"LOW"
41,"2","N1","T4","1",0.7004,0.2996,"LOW"
42,"2","N1","T4","1",0.7009,0.2991,"LOW"
43,"2","N1","T4","1",0.7007,0.2993,"LOW"
44,"2","N1","T4","1",0.695,0.305,"LOW"
45,"2","N1","T4","1",0.694,0.306,"LOW"
46,"2","N1","T4","1",0.6963,0.3037,"LOW"
47,"2","N1","T4","1",0.7026,0.2974,"LOW"
48,"2","N1","T4","1",0.7033,0.2967,"LOW"
49,"2","N1","T4","1",0.7023,0.2977,"LOW"
50,"2","N1","T4","1",0.702,0.298,"LOW"
51,"2","N1","T4","1",0.7018,0.2982,"LOW"
52,"2","N1","T4","1",0.7011,0.2989,"LOW"
53,"2","N1","T4","1",0.7016,0.2984,"LOW"
54,"2","N1","T4","1",0.7011,0.2989,"LOW"
55,"2","N1","T4","1",0.6956,0.3044,"LOW"
56,"2","N1","T4","1",0.6939,0.3061,"LOW"
57,"2","N1","T4","1",0.693,0.307,"LOW"
58,"2","N1","T4","1",0.6892,0.3108,"LOW"
59,"2","N1","T4","1",0.6892,0.3108,"LOW"
60,"2","N1","T4","1",0.6897,0.3103,"LOW"
61,"2","N1","T4","1",0.6899,0.3101,"LOW"
62,"2","N1","T4","1",0.6894,0.3106,"LOW"
63,"2","N1","T4","1",0.6875,0.3125,"LOW"
64,"2","N1","T4","1",0.6869,0.3131,"LOW"
65,"2","N1","T4","1",0.6868,0.3132,"LOW"
66,"2","N1","T4","1",0.6866,0.3134,"LOW"
67,"2","N1","T4","1",0.6849,0.3151,"LOW"
68,"2","N1","T4","1",0.6829,0.3171,"LOW"
69,"2","N1","T4","1",0.6829,0.3171,"LOW"
70,"2","N1","T4","1",0.6881,0.3119,"LOW"
71,"2","N1","T4","1",0.6895,0.3105,"LOW"
72,"2","N1","T4","1",0.6876,0.3124,"LOW"
73,"2","N1","T4","1",0.6858,0.3142,"LOW"
74,"2","N1","T4","1",0.6863,0.3137,"LOW"
75,"2","N1","T4","1",0.686,0.314,"LOW"
76,"2","N1","T4","1",0.6858,0.3142,"LOW"
77,"2","N1","T4","1",0.6825,0.3175,"LOW"
78,"2","N1","T4","1",0.6796,0.3204,"LOW"
79,"2","N1","T4","1",0.6794,0.3206,"LOW"
80,"2","N1","T4","1",0.6838,0.3162,"LOW"
81,"2","N1","T4","1",0.6834,0.3166,"LOW"
82,"2","N1","T4","1",0.6878,0.3122,"LOW"
83,"2","N1","T4","1",0.6897,0.3103,"LOW"
84,"2","N1","T4","1",0.6898,0.3102,"LOW"
85,"2","N1","T4","1",0.6906,0.3094,"LOW"
86,"2","N1","T4","1",0.695,0.305,"LOW"
87,"2","N1","T4","1",0.6958,0.3042,"LOW"
88,"2","N1","T4","1",0.6965,0.3035,"LOW"
89,"2","N1","T4","1",0.6975,0.3025,"LOW"
90,"2","N1","T4","1",0.699,0.301,"LOW"
91,"2","N1","T4","1",0.699,0.301,"LOW"
92,"2","N1","T4","1",0.699,0.301,"LOW"
93,"2","N1","T4","1",0.699,0.301,"LOW"
94,"2","N1","T4","1",0.699,0.301,"LOW"
95,"2","N1","T4","1",0.699,0.301,"LOW"
96,"2","N1","T4","1",0.699,0.301,"LOW"
97,"2","N1","T4","1",0.699,0.301,"LOW"
98,"2","N1","T4","1",0.699,0.301,"LOW"
99,"2","N1","T4","1",0.699,0.301,"LOW"
0,"1","Other/Unknown","T4","1",0.7705,0.2295,"LOW"
1,"1","Other/Unknown","T4","1",0.7751,0.2249,"LOW"
2,"1","Other/Unknown","T4","1",0.7691,0.2309,"LOW"
3,"1","Other/Unknown","T4","1",0.7595,0.2405,"LOW"
4,"1","Other/Unknown","T4","1",0.7666,0.2334,"LOW"
5,"1","Other/Unknown","T4","1",0.7703,0.2297,"LOW"
6,"1","Other/Unknown","T4","1",0.7719,0.2281,"LOW"
7,"1","Other/Unknown","T4","1",0.7736,0.2264,"LOW"
8,"1","Other/Unknown","T4","1",0.7751,0.2249,"LOW"
9,"1","Other/Unknown","T4","1",0.7757,0.2243,"LOW"
10,"1","Other/Unknown","T4","1",0.7763,0.2237,"LOW"
11,"1","Other/Unknown","T4","1",0.7796,0.2204,"LOW"
12,"1","Other/Unknown","T4","1",0.7849,0.2151,"LOW"
13,"1","Other/Unknown","T4","1",0.7889,0.2111,"LOW"
14,"1","Other/Unknown","T4","1",0.788,0.212,"LOW"
15,"1","Other/Unknown","T4","1",0.7916,0.2084,"LOW"
16,"1","Other/Unknown","T4","1",0.7944,0.2056,"LOW"
17,"1","Other/Unknown","T4","1",0.7974,0.2026,"LOW"
18,"1","Other/Unknown","T4","1",0.8019,0.1981,"LOW"
19,"1","Other/Unknown","T4","1",0.8048,0.1952,"LOW"
20,"1","Other/Unknown","T4","1",0.8066,0.1934,"LOW"
21,"1","Other/Unknown","T4","1",0.8075,0.1925,"LOW"
22,"1","Other/Unknown","T4","1",0.8089,0.1911,"LOW"
23,"1","Other/Unknown","T4","1",0.8099,0.1901,"LOW"
24,"1","Other/Unknown","T4","1",0.8125,0.1875,"LOW"
25,"1","Other/Unknown","T4","1",0.8152,0.1848,"LOW"
26,"1","Other/Unknown","T4","1",0.8145,0.1855,"LOW"
27,"1","Other/Unknown","T4","1",0.8182,0.1818,"LOW"
28,"1","Other/Unknown","T4","1",0.8202,0.1798,"LOW"
29,"1","Other/Unknown","T4","1",0.8224,0.1776,"LOW"
30,"1","Other/Unknown","T4","1",0.8249,0.1751,"LOW"
31,"1","Other/Unknown","T4","1",0.8262,0.1738,"LOW"
32,"1","Other/Unknown","T4","1",0.8319,0.1681,"LOW"
33,"1","Other/Unknown","T4","1",0.8334,0.1666,"LOW"
34,"1","Other/Unknown","T4","1",0.8375,0.1625,"LOW"
35,"1","Other/Unknown","T4","1",0.8389,0.1611,"LOW"
36,"1","Other/Unknown","T4","1",0.8396,0.1604,"LOW"
37,"1","Other/Unknown","T4","1",0.8404,0.1596,"LOW"
38,"1","Other/Unknown","T4","1",0.8436,0.1564,"LOW"
39,"1","Other/Unknown","T4","1",0.8462,0.1538,"LOW"
40,"1","Other/Unknown","T4","1",0.8458,0.1542,"LOW"
41,"1","Other/Unknown","T4","1",0.8484,0.1516,"LOW"
42,"1","Other/Unknown","T4","1",0.8495,0.1505,"LOW"
43,"1","Other/Unknown","T4","1",0.8503,0.1497,"LOW"
44,"1","Other/Unknown","T4","1",0.8501,0.1499,"LOW"
45,"1","Other/Unknown","T4","1",0.8489,0.1511,"LOW"
46,"1","Other/Unknown","T4","1",0.8485,0.1515,"LOW"
47,"1","Other/Unknown","T4","1",0.8489,0.1511,"LOW"
48,"1","Other/Unknown","T4","1",0.8489,0.1511,"LOW"
49,"1","Other/Unknown","T4","1",0.8498,0.1502,"LOW"
50,"1","Other/Unknown","T4","1",0.8498,0.1502,"LOW"
51,"1","Other/Unknown","T4","1",0.8482,0.1518,"LOW"
52,"1","Other/Unknown","T4","1",0.8481,0.1519,"LOW"
53,"1","Other/Unknown","T4","1",0.8475,0.1525,"LOW"
54,"1","Other/Unknown","T4","1",0.8484,0.1516,"LOW"
55,"1","Other/Unknown","T4","1",0.8476,0.1524,"LOW"
56,"1","Other/Unknown","T4","1",0.8474,0.1526,"LOW"
57,"1","Other/Unknown","T4","1",0.846,0.154,"LOW"
58,"1","Other/Unknown","T4","1",0.8464,0.1536,"LOW"
59,"1","Other/Unknown","T4","1",0.8451,0.1549,"LOW"
60,"1","Other/Unknown","T4","1",0.847,0.153,"LOW"
61,"1","Other/Unknown","T4","1",0.8461,0.1539,"LOW"
62,"1","Other/Unknown","T4","1",0.848,0.152,"LOW"
63,"1","Other/Unknown","T4","1",0.8508,0.1492,"LOW"
64,"1","Other/Unknown","T4","1",0.8508,0.1492,"LOW"
65,"1","Other/Unknown","T4","1",0.8513,0.1487,"LOW"
66,"1","Other/Unknown","T4","1",0.8518,0.1482,"LOW"
67,"1","Other/Unknown","T4","1",0.8517,0.1483,"LOW"
68,"1","Other/Unknown","T4","1",0.8517,0.1483,"LOW"
69,"1","Other/Unknown","T4","1",0.8514,0.1486,"LOW"
70,"1","Other/Unknown","T4","1",0.8529,0.1471,"LOW"
71,"1","Other/Unknown","T4","1",0.8524,0.1476,"LOW"
72,"1","Other/Unknown","T4","1",0.8527,0.1473,"LOW"
73,"1","Other/Unknown","T4","1",0.8523,0.1477,"LOW"
74,"1","Other/Unknown","T4","1",0.8541,0.1459,"LOW"
75,"1","Other/Unknown","T4","1",0.8538,0.1462,"LOW"
76,"1","Other/Unknown","T4","1",0.8567,0.1433,"LOW"
77,"1","Other/Unknown","T4","1",0.855,0.145,"LOW"
78,"1","Other/Unknown","T4","1",0.8545,0.1455,"LOW"
79,"1","Other/Unknown","T4","1",0.8539,0.1461,"LOW"
80,"1","Other/Unknown","T4","1",0.8529,0.1471,"LOW"
81,"1","Other/Unknown","T4","1",0.8562,0.1438,"LOW"
82,"1","Other/Unknown","T4","1",0.8573,0.1427,"LOW"
83,"1","Other/Unknown","T4","1",0.857,0.143,"LOW"
84,"1","Other/Unknown","T4","1",0.8569,0.1431,"LOW"
85,"1","Other/Unknown","T4","1",0.8569,0.1431,"LOW"
86,"1","Other/Unknown","T4","1",0.8584,0.1416,"LOW"
87,"1","Other/Unknown","T4","1",0.8585,0.1415,"LOW"
88,"1","Other/Unknown","T4","1",0.8586,0.1414,"LOW"
89,"1","Other/Unknown","T4","1",0.8593,0.1407,"LOW"
90,"1","Other/Unknown","T4","1",0.859,0.141,"LOW"
91,"1","Other/Unknown","T4","1",0.859,0.141,"LOW"
92,"1","Other/Unknown","T4","1",0.859,0.141,"LOW"
93,"1","Other/Unknown","T4","1",0.859,0.141,"LOW"
94,"1","Other/Unknown","T4","1",0.859,0.141,"LOW"
95,"1","Other/Unknown","T4","1",0.859,0.141,"LOW"
96,"1","Other/Unknown","T4","1",0.859,0.141,"LOW"
97,"1","Other/Unknown","T4","1",0.859,0.141,"LOW"
98,"1","Other/Unknown","T4","1",0.859,0.141,"LOW"
99,"1","Other/Unknown","T4","1",0.859,0.141,"LOW"
0,"2","Other/Unknown","T4","1",0.7921,0.2079,"LOW"
1,"2","Other/Unknown","T4","1",0.7966,0.2034,"LOW"
2,"2","Other/Unknown","T4","1",0.7951,0.2049,"LOW"
3,"2","Other/Unknown","T4","1",0.7874,0.2126,"LOW"
4,"2","Other/Unknown","T4","1",0.7969,0.2031,"LOW"
5,"2","Other/Unknown","T4","1",0.8014,0.1986,"LOW"
6,"2","Other/Unknown","T4","1",0.806,0.194,"LOW"
7,"2","Other/Unknown","T4","1",0.8107,0.1893,"LOW"
8,"2","Other/Unknown","T4","1",0.8092,0.1908,"LOW"
9,"2","Other/Unknown","T4","1",0.8092,0.1908,"LOW"
10,"2","Other/Unknown","T4","1",0.8114,0.1886,"LOW"
11,"2","Other/Unknown","T4","1",0.8129,0.1871,"LOW"
12,"2","Other/Unknown","T4","1",0.8208,0.1792,"LOW"
13,"2","Other/Unknown","T4","1",0.8159,0.1841,"LOW"
14,"2","Other/Unknown","T4","1",0.8151,0.1849,"LOW"
15,"2","Other/Unknown","T4","1",0.8185,0.1815,"LOW"
16,"2","Other/Unknown","T4","1",0.8222,0.1778,"LOW"
17,"2","Other/Unknown","T4","1",0.824,0.176,"LOW"
18,"2","Other/Unknown","T4","1",0.8269,0.1731,"LOW"
19,"2","Other/Unknown","T4","1",0.8294,0.1706,"LOW"
20,"2","Other/Unknown","T4","1",0.8299,0.1701,"LOW"
21,"2","Other/Unknown","T4","1",0.8272,0.1728,"LOW"
22,"2","Other/Unknown","T4","1",0.8271,0.1729,"LOW"
23,"2","Other/Unknown","T4","1",0.8277,0.1723,"LOW"
24,"2","Other/Unknown","T4","1",0.8305,0.1695,"LOW"
25,"2","Other/Unknown","T4","1",0.8325,0.1675,"LOW"
26,"2","Other/Unknown","T4","1",0.8319,0.1681,"LOW"
27,"2","Other/Unknown","T4","1",0.834,0.166,"LOW"
28,"2","Other/Unknown","T4","1",0.8343,0.1657,"LOW"
29,"2","Other/Unknown","T4","1",0.837,0.163,"LOW"
30,"2","Other/Unknown","T4","1",0.8387,0.1613,"LOW"
31,"2","Other/Unknown","T4","1",0.8397,0.1603,"LOW"
32,"2","Other/Unknown","T4","1",0.8431,0.1569,"LOW"
33,"2","Other/Unknown","T4","1",0.8434,0.1566,"LOW"
34,"2","Other/Unknown","T4","1",0.8451,0.1549,"LOW"
35,"2","Other/Unknown","T4","1",0.8463,0.1537,"LOW"
36,"2","Other/Unknown","T4","1",0.8462,0.1538,"LOW"
37,"2","Other/Unknown","T4","1",0.8458,0.1542,"LOW"
38,"2","Other/Unknown","T4","1",0.8488,0.1512,"LOW"
39,"2","Other/Unknown","T4","1",0.8486,0.1514,"LOW"
40,"2","Other/Unknown","T4","1",0.8488,0.1512,"LOW"
41,"2","Other/Unknown","T4","1",0.8503,0.1497,"LOW"
42,"2","Other/Unknown","T4","1",0.8529,0.1471,"LOW"
43,"2","Other/Unknown","T4","1",0.8532,0.1468,"LOW"
44,"2","Other/Unknown","T4","1",0.8536,0.1464,"LOW"
45,"2","Other/Unknown","T4","1",0.852,0.148,"LOW"
46,"2","Other/Unknown","T4","1",0.8518,0.1482,"LOW"
47,"2","Other/Unknown","T4","1",0.8518,0.1482,"LOW"
48,"2","Other/Unknown","T4","1",0.8527,0.1473,"LOW"
49,"2","Other/Unknown","T4","1",0.8534,0.1466,"LOW"
50,"2","Other/Unknown","T4","1",0.8532,0.1468,"LOW"
51,"2","Other/Unknown","T4","1",0.8505,0.1495,"LOW"
52,"2","Other/Unknown","T4","1",0.85,0.15,"LOW"
53,"2","Other/Unknown","T4","1",0.8494,0.1506,"LOW"
54,"2","Other/Unknown","T4","1",0.8502,0.1498,"LOW"
55,"2","Other/Unknown","T4","1",0.8497,0.1503,"LOW"
56,"2","Other/Unknown","T4","1",0.8491,0.1509,"LOW"
57,"2","Other/Unknown","T4","1",0.8484,0.1516,"LOW"
58,"2","Other/Unknown","T4","1",0.8494,0.1506,"LOW"
59,"2","Other/Unknown","T4","1",0.8494,0.1506,"LOW"
60,"2","Other/Unknown","T4","1",0.8499,0.1501,"LOW"
61,"2","Other/Unknown","T4","1",0.85,0.15,"LOW"
62,"2","Other/Unknown","T4","1",0.8513,0.1487,"LOW"
63,"2","Other/Unknown","T4","1",0.8532,0.1468,"LOW"
64,"2","Other/Unknown","T4","1",0.8534,0.1466,"LOW"
65,"2","Other/Unknown","T4","1",0.8548,0.1452,"LOW"
66,"2","Other/Unknown","T4","1",0.8553,0.1447,"LOW"
67,"2","Other/Unknown","T4","1",0.8556,0.1444,"LOW"
68,"2","Other/Unknown","T4","1",0.8556,0.1444,"LOW"
69,"2","Other/Unknown","T4","1",0.8552,0.1448,"LOW"
70,"2","Other/Unknown","T4","1",0.8557,0.1443,"LOW"
71,"2","Other/Unknown","T4","1",0.8573,0.1427,"LOW"
72,"2","Other/Unknown","T4","1",0.8573,0.1427,"LOW"
73,"2","Other/Unknown","T4","1",0.8568,0.1432,"LOW"
74,"2","Other/Unknown","T4","1",0.8573,0.1427,"LOW"
75,"2","Other/Unknown","T4","1",0.8575,0.1425,"LOW"
76,"2","Other/Unknown","T4","1",0.8593,0.1407,"LOW"
77,"2","Other/Unknown","T4","1",0.8568,0.1432,"LOW"
78,"2","Other/Unknown","T4","1",0.8547,0.1453,"LOW"
79,"2","Other/Unknown","T4","1",0.8546,0.1454,"LOW"
80,"2","Other/Unknown","T4","1",0.8529,0.1471,"LOW"
81,"2","Other/Unknown","T4","1",0.856,0.144,"LOW"
82,"2","Other/Unknown","T4","1",0.8556,0.1444,"LOW"
83,"2","Other/Unknown","T4","1",0.8559,0.1441,"LOW"
84,"2","Other/Unknown","T4","1",0.8557,0.1443,"LOW"
85,"2","Other/Unknown","T4","1",0.857,0.143,"LOW"
86,"2","Other/Unknown","T4","1",0.8582,0.1418,"LOW"
87,"2","Other/Unknown","T4","1",0.8588,0.1412,"LOW"
88,"2","Other/Unknown","T4","1",0.8597,0.1403,"LOW"
89,"2","Other/Unknown","T4","1",0.8603,0.1397,"LOW"
90,"2","Other/Unknown","T4","1",0.8599,0.1401,"LOW"
91,"2","Other/Unknown","T4","1",0.8599,0.1401,"LOW"
92,"2","Other/Unknown","T4","1",0.8599,0.1401,"LOW"
93,"2","Other/Unknown","T4","1",0.8599,0.1401,"LOW"
94,"2","Other/Unknown","T4","1",0.8599,0.1401,"LOW"
95,"2","Other/Unknown","T4","1",0.8599,0.1401,"LOW"
96,"2","Other/Unknown","T4","1",0.8599,0.1401,"LOW"
97,"2","Other/Unknown","T4","1",0.8599,0.1401,"LOW"
98,"2","Other/Unknown","T4","1",0.8599,0.1401,"LOW"
99,"2","Other/Unknown","T4","1",0.8599,0.1401,"LOW"
0,"1","N0","T0","2",0.8893,0.1107,"LOW"
1,"1","N0","T0","2",0.8916,0.1084,"LOW"
2,"1","N0","T0","2",0.8944,0.1056,"LOW"
3,"1","N0","T0","2",0.8863,0.1137,"LOW"
4,"1","N0","T0","2",0.8906,0.1094,"LOW"
5,"1","N0","T0","2",0.8941,0.1059,"LOW"
6,"1","N0","T0","2",0.8973,0.1027,"LOW"
7,"1","N0","T0","2",0.8975,0.1025,"LOW"
8,"1","N0","T0","2",0.8954,0.1046,"LOW"
9,"1","N0","T0","2",0.895,0.105,"LOW"
10,"1","N0","T0","2",0.899,0.101,"LOW"
11,"1","N0","T0","2",0.9015,0.0985,"LOW"
12,"1","N0","T0","2",0.9047,0.0953,"LOW"
13,"1","N0","T0","2",0.9066,0.0934,"LOW"
14,"1","N0","T0","2",0.9081,0.0919,"LOW"
15,"1","N0","T0","2",0.9093,0.0907,"LOW"
16,"1","N0","T0","2",0.9129,0.0871,"LOW"
17,"1","N0","T0","2",0.9136,0.0864,"LOW"
18,"1","N0","T0","2",0.9129,0.0871,"LOW"
19,"1","N0","T0","2",0.9148,0.0852,"LOW"
20,"1","N0","T0","2",0.9133,0.0867,"LOW"
21,"1","N0","T0","2",0.9129,0.0871,"LOW"
22,"1","N0","T0","2",0.9147,0.0853,"LOW"
23,"1","N0","T0","2",0.915,0.085,"LOW"
24,"1","N0","T0","2",0.9158,0.0842,"LOW"
25,"1","N0","T0","2",0.9155,0.0845,"LOW"
26,"1","N0","T0","2",0.9166,0.0834,"LOW"
27,"1","N0","T0","2",0.917,0.083,"LOW"
28,"1","N0","T0","2",0.9167,0.0833,"LOW"
29,"1","N0","T0","2",0.9152,0.0848,"LOW"
30,"1","N0","T0","2",0.9125,0.0875,"LOW"
31,"1","N0","T0","2",0.914,0.086,"LOW"
32,"1","N0","T0","2",0.9143,0.0857,"LOW"
33,"1","N0","T0","2",0.9144,0.0856,"LOW"
34,"1","N0","T0","2",0.9144,0.0856,"LOW"
35,"1","N0","T0","2",0.9122,0.0878,"LOW"
36,"1","N0","T0","2",0.9126,0.0874,"LOW"
37,"1","N0","T0","2",0.9112,0.0888,"LOW"
38,"1","N0","T0","2",0.9157,0.0843,"LOW"
39,"1","N0","T0","2",0.9181,0.0819,"LOW"
40,"1","N0","T0","2",0.9215,0.0785,"LOW"
41,"1","N0","T0","2",0.9222,0.0778,"LOW"
42,"1","N0","T0","2",0.9224,0.0776,"LOW"
43,"1","N0","T0","2",0.9265,0.0735,"LOW"
44,"1","N0","T0","2",0.9265,0.0735,"LOW"
45,"1","N0","T0","2",0.9262,0.0738,"LOW"
46,"1","N0","T0","2",0.9265,0.0735,"LOW"
47,"1","N0","T0","2",0.9268,0.0732,"LOW"
48,"1","N0","T0","2",0.927,0.073,"LOW"
49,"1","N0","T0","2",0.9272,0.0728,"LOW"
50,"1","N0","T0","2",0.9282,0.0718,"LOW"
51,"1","N0","T0","2",0.9283,0.0717,"LOW"
52,"1","N0","T0","2",0.9288,0.0712,"LOW"
53,"1","N0","T0","2",0.9291,0.0709,"LOW"
54,"1","N0","T0","2",0.9291,0.0709,"LOW"
55,"1","N0","T0","2",0.929,0.071,"LOW"
56,"1","N0","T0","2",0.929,0.071,"LOW"
57,"1","N0","T0","2",0.9294,0.0706,"LOW"
58,"1","N0","T0","2",0.9299,0.0701,"LOW"
59,"1","N0","T0","2",0.93,0.07,"LOW"
60,"1","N0","T0","2",0.9298,0.0702,"LOW"
61,"1","N0","T0","2",0.9303,0.0697,"LOW"
62,"1","N0","T0","2",0.9304,0.0696,"LOW"
63,"1","N0","T0","2",0.9303,0.0697,"LOW"
64,"1","N0","T0","2",0.9303,0.0697,"LOW"
65,"1","N0","T0","2",0.9305,0.0695,"LOW"
66,"1","N0","T0","2",0.9301,0.0699,"LOW"
67,"1","N0","T0","2",0.9303,0.0697,"LOW"
68,"1","N0","T0","2",0.9293,0.0707,"LOW"
69,"1","N0","T0","2",0.9291,0.0709,"LOW"
70,"1","N0","T0","2",0.9279,0.0721,"LOW"
71,"1","N0","T0","2",0.9287,0.0713,"LOW"
72,"1","N0","T0","2",0.9287,0.0713,"LOW"
73,"1","N0","T0","2",0.9285,0.0715,"LOW"
74,"1","N0","T0","2",0.9278,0.0722,"LOW"
75,"1","N0","T0","2",0.9272,0.0728,"LOW"
76,"1","N0","T0","2",0.9271,0.0729,"LOW"
77,"1","N0","T0","2",0.9272,0.0728,"LOW"
78,"1","N0","T0","2",0.9253,0.0747,"LOW"
79,"1","N0","T0","2",0.9232,0.0768,"LOW"
80,"1","N0","T0","2",0.9223,0.0777,"LOW"
81,"1","N0","T0","2",0.9217,0.0783,"LOW"
82,"1","N0","T0","2",0.9191,0.0809,"LOW"
83,"1","N0","T0","2",0.9198,0.0802,"LOW"
84,"1","N0","T0","2",0.9198,0.0802,"LOW"
85,"1","N0","T0","2",0.9183,0.0817,"LOW"
86,"1","N0","T0","2",0.9161,0.0839,"LOW"
87,"1","N0","T0","2",0.9169,0.0831,"LOW"
88,"1","N0","T0","2",0.9174,0.0826,"LOW"
89,"1","N0","T0","2",0.9186,0.0814,"LOW"
90,"1","N0","T0","2",0.917,0.083,"LOW"
91,"1","N0","T0","2",0.917,0.083,"LOW"
92,"1","N0","T0","2",0.917,0.083,"LOW"
93,"1","N0","T0","2",0.917,0.083,"LOW"
94,"1","N0","T0","2",0.917,0.083,"LOW"
95,"1","N0","T0","2",0.917,0.083,"LOW"
96,"1","N0","T0","2",0.917,0.083,"LOW"
97,"1","N0","T0","2",0.917,0.083,"LOW"
98,"1","N0","T0","2",0.917,0.083,"LOW"
99,"1","N0","T0","2",0.917,0.083,"LOW"
0,"2","N0","T0","2",0.9037,0.0963,"LOW"
1,"2","N0","T0","2",0.905,0.095,"LOW"
2,"2","N0","T0","2",0.9064,0.0936,"LOW"
3,"2","N0","T0","2",0.9035,0.0965,"LOW"
4,"2","N0","T0","2",0.909,0.091,"LOW"
5,"2","N0","T0","2",0.9095,0.0905,"LOW"
6,"2","N0","T0","2",0.9127,0.0873,"LOW"
7,"2","N0","T0","2",0.9158,0.0842,"LOW"
8,"2","N0","T0","2",0.9144,0.0856,"LOW"
9,"2","N0","T0","2",0.9143,0.0857,"LOW"
10,"2","N0","T0","2",0.9175,0.0825,"LOW"
11,"2","N0","T0","2",0.9201,0.0799,"LOW"
12,"2","N0","T0","2",0.9234,0.0766,"LOW"
13,"2","N0","T0","2",0.9243,0.0757,"LOW"
14,"2","N0","T0","2",0.9247,0.0753,"LOW"
15,"2","N0","T0","2",0.9265,0.0735,"LOW"
16,"2","N0","T0","2",0.9282,0.0718,"LOW"
17,"2","N0","T0","2",0.9294,0.0706,"LOW"
18,"2","N0","T0","2",0.9296,0.0704,"LOW"
19,"2","N0","T0","2",0.9297,0.0703,"LOW"
20,"2","N0","T0","2",0.9301,0.0699,"LOW"
21,"2","N0","T0","2",0.9305,0.0695,"LOW"
22,"2","N0","T0","2",0.9314,0.0686,"LOW"
23,"2","N0","T0","2",0.9313,0.0687,"LOW"
24,"2","N0","T0","2",0.9311,0.0689,"LOW"
25,"2","N0","T0","2",0.9308,0.0692,"LOW"
26,"2","N0","T0","2",0.9309,0.0691,"LOW"
27,"2","N0","T0","2",0.9316,0.0684,"LOW"
28,"2","N0","T0","2",0.9313,0.0687,"LOW"
29,"2","N0","T0","2",0.9312,0.0688,"LOW"
30,"2","N0","T0","2",0.9306,0.0694,"LOW"
31,"2","N0","T0","2",0.9301,0.0699,"LOW"
32,"2","N0","T0","2",0.9291,0.0709,"LOW"
33,"2","N0","T0","2",0.9289,0.0711,"LOW"
34,"2","N0","T0","2",0.9287,0.0713,"LOW"
35,"2","N0","T0","2",0.9286,0.0714,"LOW"
36,"2","N0","T0","2",0.9287,0.0713,"LOW"
37,"2","N0","T0","2",0.9291,0.0709,"LOW"
38,"2","N0","T0","2",0.9309,0.0691,"LOW"
39,"2","N0","T0","2",0.9301,0.0699,"LOW"
40,"2","N0","T0","2",0.9311,0.0689,"LOW"
41,"2","N0","T0","2",0.9314,0.0686,"LOW"
42,"2","N0","T0","2",0.9312,0.0688,"LOW"
43,"2","N0","T0","2",0.9336,0.0664,"LOW"
44,"2","N0","T0","2",0.9335,0.0665,"LOW"
45,"2","N0","T0","2",0.9331,0.0669,"LOW"
46,"2","N0","T0","2",0.9334,0.0666,"LOW"
47,"2","N0","T0","2",0.9337,0.0663,"LOW"
48,"2","N0","T0","2",0.9338,0.0662,"LOW"
49,"2","N0","T0","2",0.9342,0.0658,"LOW"
50,"2","N0","T0","2",0.9339,0.0661,"LOW"
51,"2","N0","T0","2",0.9331,0.0669,"LOW"
52,"2","N0","T0","2",0.9344,0.0656,"LOW"
53,"2","N0","T0","2",0.9346,0.0654,"LOW"
54,"2","N0","T0","2",0.9344,0.0656,"LOW"
55,"2","N0","T0","2",0.9341,0.0659,"LOW"
56,"2","N0","T0","2",0.9345,0.0655,"LOW"
57,"2","N0","T0","2",0.9335,0.0665,"LOW"
58,"2","N0","T0","2",0.9342,0.0658,"LOW"
59,"2","N0","T0","2",0.9338,0.0662,"LOW"
60,"2","N0","T0","2",0.9336,0.0664,"LOW"
61,"2","N0","T0","2",0.9336,0.0664,"LOW"
62,"2","N0","T0","2",0.9335,0.0665,"LOW"
63,"2","N0","T0","2",0.9353,0.0647,"LOW"
64,"2","N0","T0","2",0.9348,0.0652,"LOW"
65,"2","N0","T0","2",0.9341,0.0659,"LOW"
66,"2","N0","T0","2",0.9338,0.0662,"LOW"
67,"2","N0","T0","2",0.9337,0.0663,"LOW"
68,"2","N0","T0","2",0.9331,0.0669,"LOW"
69,"2","N0","T0","2",0.9318,0.0682,"LOW"
70,"2","N0","T0","2",0.9319,0.0681,"LOW"
71,"2","N0","T0","2",0.9317,0.0683,"LOW"
72,"2","N0","T0","2",0.9314,0.0686,"LOW"
73,"2","N0","T0","2",0.9313,0.0687,"LOW"
74,"2","N0","T0","2",0.931,0.069,"LOW"
75,"2","N0","T0","2",0.9318,0.0682,"LOW"
76,"2","N0","T0","2",0.9315,0.0685,"LOW"
77,"2","N0","T0","2",0.9304,0.0696,"LOW"
78,"2","N0","T0","2",0.929,0.071,"LOW"
79,"2","N0","T0","2",0.9272,0.0728,"LOW"
80,"2","N0","T0","2",0.9288,0.0712,"LOW"
81,"2","N0","T0","2",0.9286,0.0714,"LOW"
82,"2","N0","T0","2",0.9277,0.0723,"LOW"
83,"2","N0","T0","2",0.9292,0.0708,"LOW"
84,"2","N0","T0","2",0.929,0.071,"LOW"
85,"2","N0","T0","2",0.9283,0.0717,"LOW"
86,"2","N0","T0","2",0.9257,0.0743,"LOW"
87,"2","N0","T0","2",0.9275,0.0725,"LOW"
88,"2","N0","T0","2",0.9276,0.0724,"LOW"
89,"2","N0","T0","2",0.9277,0.0723,"LOW"
90,"2","N0","T0","2",0.925,0.075,"LOW"
91,"2","N0","T0","2",0.925,0.075,"LOW"
92,"2","N0","T0","2",0.925,0.075,"LOW"
93,"2","N0","T0","2",0.925,0.075,"LOW"
94,"2","N0","T0","2",0.925,0.075,"LOW"
95,"2","N0","T0","2",0.925,0.075,"LOW"
96,"2","N0","T0","2",0.925,0.075,"LOW"
97,"2","N0","T0","2",0.925,0.075,"LOW"
98,"2","N0","T0","2",0.925,0.075,"LOW"
99,"2","N0","T0","2",0.925,0.075,"LOW"
0,"1","N1","T0","2",0.7079,0.2921,"LOW"
1,"1","N1","T0","2",0.7074,0.2926,"LOW"
2,"1","N1","T0","2",0.7079,0.2921,"LOW"
3,"1","N1","T0","2",0.708,0.292,"LOW"
4,"1","N1","T0","2",0.712,0.288,"LOW"
5,"1","N1","T0","2",0.7144,0.2856,"LOW"
6,"1","N1","T0","2",0.7207,0.2793,"LOW"
7,"1","N1","T0","2",0.7204,0.2796,"LOW"
8,"1","N1","T0","2",0.7196,0.2804,"LOW"
9,"1","N1","T0","2",0.7192,0.2808,"LOW"
10,"1","N1","T0","2",0.719,0.281,"LOW"
11,"1","N1","T0","2",0.7182,0.2818,"LOW"
12,"1","N1","T0","2",0.7207,0.2793,"LOW"
13,"1","N1","T0","2",0.7218,0.2782,"LOW"
14,"1","N1","T0","2",0.7247,0.2753,"LOW"
15,"1","N1","T0","2",0.7247,0.2753,"LOW"
16,"1","N1","T0","2",0.73,0.27,"LOW"
17,"1","N1","T0","2",0.7296,0.2704,"LOW"
18,"1","N1","T0","2",0.7291,0.2709,"LOW"
19,"1","N1","T0","2",0.731,0.269,"LOW"
20,"1","N1","T0","2",0.7316,0.2684,"LOW"
21,"1","N1","T0","2",0.7332,0.2668,"LOW"
22,"1","N1","T0","2",0.7362,0.2638,"LOW"
23,"1","N1","T0","2",0.739,0.261,"LOW"
24,"1","N1","T0","2",0.7383,0.2617,"LOW"
25,"1","N1","T0","2",0.7408,0.2592,"LOW"
26,"1","N1","T0","2",0.7431,0.2569,"LOW"
27,"1","N1","T0","2",0.7416,0.2584,"LOW"
28,"1","N1","T0","2",0.7431,0.2569,"LOW"
29,"1","N1","T0","2",0.7431,0.2569,"LOW"
30,"1","N1","T0","2",0.74,0.26,"LOW"
31,"1","N1","T0","2",0.7382,0.2618,"LOW"
32,"1","N1","T0","2",0.7361,0.2639,"LOW"
33,"1","N1","T0","2",0.7384,0.2616,"LOW"
34,"1","N1","T0","2",0.7358,0.2642,"LOW"
35,"1","N1","T0","2",0.7353,0.2647,"LOW"
36,"1","N1","T0","2",0.7343,0.2657,"LOW"
37,"1","N1","T0","2",0.7303,0.2697,"LOW"
38,"1","N1","T0","2",0.7312,0.2688,"LOW"
39,"1","N1","T0","2",0.7278,0.2722,"LOW"
40,"1","N1","T0","2",0.7296,0.2704,"LOW"
41,"1","N1","T0","2",0.7319,0.2681,"LOW"
42,"1","N1","T0","2",0.7316,0.2684,"LOW"
43,"1","N1","T0","2",0.7328,0.2672,"LOW"
44,"1","N1","T0","2",0.7305,0.2695,"LOW"
45,"1","N1","T0","2",0.7313,0.2687,"LOW"
46,"1","N1","T0","2",0.7326,0.2674,"LOW"
47,"1","N1","T0","2",0.7327,0.2673,"LOW"
48,"1","N1","T0","2",0.7314,0.2686,"LOW"
49,"1","N1","T0","2",0.7323,0.2677,"LOW"
50,"1","N1","T0","2",0.7294,0.2706,"LOW"
51,"1","N1","T0","2",0.7266,0.2734,"LOW"
52,"1","N1","T0","2",0.7281,0.2719,"LOW"
53,"1","N1","T0","2",0.7282,0.2718,"LOW"
54,"1","N1","T0","2",0.7289,0.2711,"LOW"
55,"1","N1","T0","2",0.7265,0.2735,"LOW"
56,"1","N1","T0","2",0.7278,0.2722,"LOW"
57,"1","N1","T0","2",0.7273,0.2727,"LOW"
58,"1","N1","T0","2",0.7261,0.2739,"LOW"
59,"1","N1","T0","2",0.7281,0.2719,"LOW"
60,"1","N1","T0","2",0.7317,0.2683,"LOW"
61,"1","N1","T0","2",0.7327,0.2673,"LOW"
62,"1","N1","T0","2",0.7314,0.2686,"LOW"
63,"1","N1","T0","2",0.7299,0.2701,"LOW"
64,"1","N1","T0","2",0.7311,0.2689,"LOW"
65,"1","N1","T0","2",0.7301,0.2699,"LOW"
66,"1","N1","T0","2",0.7321,0.2679,"LOW"
67,"1","N1","T0","2",0.7319,0.2681,"LOW"
68,"1","N1","T0","2",0.728,0.272,"LOW"
69,"1","N1","T0","2",0.7295,0.2705,"LOW"
70,"1","N1","T0","2",0.7325,0.2675,"LOW"
71,"1","N1","T0","2",0.7293,0.2707,"LOW"
72,"1","N1","T0","2",0.7279,0.2721,"LOW"
73,"1","N1","T0","2",0.7286,0.2714,"LOW"
74,"1","N1","T0","2",0.7293,0.2707,"LOW"
75,"1","N1","T0","2",0.7266,0.2734,"LOW"
76,"1","N1","T0","2",0.7245,0.2755,"LOW"
77,"1","N1","T0","2",0.7229,0.2771,"LOW"
78,"1","N1","T0","2",0.7226,0.2774,"LOW"
79,"1","N1","T0","2",0.7221,0.2779,"LOW"
80,"1","N1","T0","2",0.7221,0.2779,"LOW"
81,"1","N1","T0","2",0.7209,0.2791,"LOW"
82,"1","N1","T0","2",0.7198,0.2802,"LOW"
83,"1","N1","T0","2",0.7248,0.2752,"LOW"
84,"1","N1","T0","2",0.7221,0.2779,"LOW"
85,"1","N1","T0","2",0.7141,0.2859,"LOW"
86,"1","N1","T0","2",0.7163,0.2837,"LOW"
87,"1","N1","T0","2",0.7158,0.2842,"LOW"
88,"1","N1","T0","2",0.7159,0.2841,"LOW"
89,"1","N1","T0","2",0.7171,0.2829,"LOW"
90,"1","N1","T0","2",0.7152,0.2848,"LOW"
91,"1","N1","T0","2",0.7152,0.2848,"LOW"
92,"1","N1","T0","2",0.7152,0.2848,"LOW"
93,"1","N1","T0","2",0.7152,0.2848,"LOW"
94,"1","N1","T0","2",0.7152,0.2848,"LOW"
95,"1","N1","T0","2",0.7152,0.2848,"LOW"
96,"1","N1","T0","2",0.7152,0.2848,"LOW"
97,"1","N1","T0","2",0.7152,0.2848,"LOW"
98,"1","N1","T0","2",0.7152,0.2848,"LOW"
99,"1","N1","T0","2",0.7152,0.2848,"LOW"
0,"2","N1","T0","2",0.7045,0.2955,"LOW"
1,"2","N1","T0","2",0.7049,0.2951,"LOW"
2,"2","N1","T0","2",0.7091,0.2909,"LOW"
3,"2","N1","T0","2",0.7113,0.2887,"LOW"
4,"2","N1","T0","2",0.7179,0.2821,"LOW"
5,"2","N1","T0","2",0.7206,0.2794,"LOW"
6,"2","N1","T0","2",0.7257,0.2743,"LOW"
7,"2","N1","T0","2",0.7288,0.2712,"LOW"
8,"2","N1","T0","2",0.727,0.273,"LOW"
9,"2","N1","T0","2",0.7241,0.2759,"LOW"
10,"2","N1","T0","2",0.7263,0.2737,"LOW"
11,"2","N1","T0","2",0.7268,0.2732,"LOW"
12,"2","N1","T0","2",0.7302,0.2698,"LOW"
13,"2","N1","T0","2",0.7316,0.2684,"LOW"
14,"2","N1","T0","2",0.7323,0.2677,"LOW"
15,"2","N1","T0","2",0.733,0.267,"LOW"
16,"2","N1","T0","2",0.7388,0.2612,"LOW"
17,"2","N1","T0","2",0.7373,0.2627,"LOW"
18,"2","N1","T0","2",0.7368,0.2632,"LOW"
19,"2","N1","T0","2",0.7398,0.2602,"LOW"
20,"2","N1","T0","2",0.7404,0.2596,"LOW"
21,"2","N1","T0","2",0.7434,0.2566,"LOW"
22,"2","N1","T0","2",0.7475,0.2525,"LOW"
23,"2","N1","T0","2",0.7503,0.2497,"LOW"
24,"2","N1","T0","2",0.7499,0.2501,"LOW"
25,"2","N1","T0","2",0.7519,0.2481,"LOW"
26,"2","N1","T0","2",0.7562,0.2438,"LOW"
27,"2","N1","T0","2",0.7577,0.2423,"LOW"
28,"2","N1","T0","2",0.7591,0.2409,"LOW"
29,"2","N1","T0","2",0.7601,0.2399,"LOW"
30,"2","N1","T0","2",0.7548,0.2452,"LOW"
31,"2","N1","T0","2",0.7543,0.2457,"LOW"
32,"2","N1","T0","2",0.7501,0.2499,"LOW"
33,"2","N1","T0","2",0.7526,0.2474,"LOW"
34,"2","N1","T0","2",0.7523,0.2477,"LOW"
35,"2","N1","T0","2",0.752,0.248,"LOW"
36,"2","N1","T0","2",0.751,0.249,"LOW"
37,"2","N1","T0","2",0.7502,0.2498,"LOW"
38,"2","N1","T0","2",0.7508,0.2492,"LOW"
39,"2","N1","T0","2",0.7457,0.2543,"LOW"
40,"2","N1","T0","2",0.7466,0.2534,"LOW"
41,"2","N1","T0","2",0.7473,0.2527,"LOW"
42,"2","N1","T0","2",0.7471,0.2529,"LOW"
43,"2","N1","T0","2",0.7483,0.2517,"LOW"
44,"2","N1","T0","2",0.7449,0.2551,"LOW"
45,"2","N1","T0","2",0.7448,0.2552,"LOW"
46,"2","N1","T0","2",0.7441,0.2559,"LOW"
47,"2","N1","T0","2",0.7443,0.2557,"LOW"
48,"2","N1","T0","2",0.743,0.257,"LOW"
49,"2","N1","T0","2",0.741,0.259,"LOW"
50,"2","N1","T0","2",0.7388,0.2612,"LOW"
51,"2","N1","T0","2",0.7379,0.2621,"LOW"
52,"2","N1","T0","2",0.7432,0.2568,"LOW"
53,"2","N1","T0","2",0.7423,0.2577,"LOW"
54,"2","N1","T0","2",0.7442,0.2558,"LOW"
55,"2","N1","T0","2",0.7403,0.2597,"LOW"
56,"2","N1","T0","2",0.742,0.258,"LOW"
57,"2","N1","T0","2",0.7411,0.2589,"LOW"
58,"2","N1","T0","2",0.7376,0.2624,"LOW"
59,"2","N1","T0","2",0.7396,0.2604,"LOW"
60,"2","N1","T0","2",0.7437,0.2563,"LOW"
61,"2","N1","T0","2",0.7427,0.2573,"LOW"
62,"2","N1","T0","2",0.7428,0.2572,"LOW"
63,"2","N1","T0","2",0.7403,0.2597,"LOW"
64,"2","N1","T0","2",0.7386,0.2614,"LOW"
65,"2","N1","T0","2",0.7378,0.2622,"LOW"
66,"2","N1","T0","2",0.7368,0.2632,"LOW"
67,"2","N1","T0","2",0.7385,0.2615,"LOW"
68,"2","N1","T0","2",0.735,0.265,"LOW"
69,"2","N1","T0","2",0.7366,0.2634,"LOW"
70,"2","N1","T0","2",0.739,0.261,"LOW"
71,"2","N1","T0","2",0.7372,0.2628,"LOW"
72,"2","N1","T0","2",0.737,0.263,"LOW"
73,"2","N1","T0","2",0.7376,0.2624,"LOW"
74,"2","N1","T0","2",0.7397,0.2603,"LOW"
75,"2","N1","T0","2",0.7396,0.2604,"LOW"
76,"2","N1","T0","2",0.7395,0.2605,"LOW"
77,"2","N1","T0","2",0.7369,0.2631,"LOW"
78,"2","N1","T0","2",0.7353,0.2647,"LOW"
79,"2","N1","T0","2",0.7353,0.2647,"LOW"
80,"2","N1","T0","2",0.7371,0.2629,"LOW"
81,"2","N1","T0","2",0.7372,0.2628,"LOW"
82,"2","N1","T0","2",0.7386,0.2614,"LOW"
83,"2","N1","T0","2",0.7403,0.2597,"LOW"
84,"2","N1","T0","2",0.7396,0.2604,"LOW"
85,"2","N1","T0","2",0.7379,0.2621,"LOW"
86,"2","N1","T0","2",0.7394,0.2606,"LOW"
87,"2","N1","T0","2",0.7389,0.2611,"LOW"
88,"2","N1","T0","2",0.7399,0.2601,"LOW"
89,"2","N1","T0","2",0.7406,0.2594,"LOW"
90,"2","N1","T0","2",0.7391,0.2609,"LOW"
91,"2","N1","T0","2",0.7391,0.2609,"LOW"
92,"2","N1","T0","2",0.7391,0.2609,"LOW"
93,"2","N1","T0","2",0.7391,0.2609,"LOW"
94,"2","N1","T0","2",0.7391,0.2609,"LOW"
95,"2","N1","T0","2",0.7391,0.2609,"LOW"
96,"2","N1","T0","2",0.7391,0.2609,"LOW"
97,"2","N1","T0","2",0.7391,0.2609,"LOW"
98,"2","N1","T0","2",0.7391,0.2609,"LOW"
99,"2","N1","T0","2",0.7391,0.2609,"LOW"
0,"1","Other/Unknown","T0","2",0.8459,0.1541,"LOW"
1,"1","Other/Unknown","T0","2",0.8479,0.1521,"LOW"
2,"1","Other/Unknown","T0","2",0.8481,0.1519,"LOW"
3,"1","Other/Unknown","T0","2",0.8399,0.1601,"LOW"
4,"1","Other/Unknown","T0","2",0.8425,0.1575,"LOW"
5,"1","Other/Unknown","T0","2",0.8419,0.1581,"LOW"
6,"1","Other/Unknown","T0","2",0.8454,0.1546,"LOW"
7,"1","Other/Unknown","T0","2",0.845,0.155,"LOW"
8,"1","Other/Unknown","T0","2",0.8443,0.1557,"LOW"
9,"1","Other/Unknown","T0","2",0.8448,0.1552,"LOW"
10,"1","Other/Unknown","T0","2",0.8454,0.1546,"LOW"
11,"1","Other/Unknown","T0","2",0.8486,0.1514,"LOW"
12,"1","Other/Unknown","T0","2",0.853,0.147,"LOW"
13,"1","Other/Unknown","T0","2",0.8552,0.1448,"LOW"
14,"1","Other/Unknown","T0","2",0.8564,0.1436,"LOW"
15,"1","Other/Unknown","T0","2",0.856,0.144,"LOW"
16,"1","Other/Unknown","T0","2",0.8571,0.1429,"LOW"
17,"1","Other/Unknown","T0","2",0.8583,0.1417,"LOW"
18,"1","Other/Unknown","T0","2",0.8618,0.1382,"LOW"
19,"1","Other/Unknown","T0","2",0.862,0.138,"LOW"
20,"1","Other/Unknown","T0","2",0.862,0.138,"LOW"
21,"1","Other/Unknown","T0","2",0.8615,0.1385,"LOW"
22,"1","Other/Unknown","T0","2",0.8629,0.1371,"LOW"
23,"1","Other/Unknown","T0","2",0.8641,0.1359,"LOW"
24,"1","Other/Unknown","T0","2",0.8636,0.1364,"LOW"
25,"1","Other/Unknown","T0","2",0.8662,0.1338,"LOW"
26,"1","Other/Unknown","T0","2",0.8654,0.1346,"LOW"
27,"1","Other/Unknown","T0","2",0.8691,0.1309,"LOW"
28,"1","Other/Unknown","T0","2",0.8691,0.1309,"LOW"
29,"1","Other/Unknown","T0","2",0.8705,0.1295,"LOW"
30,"1","Other/Unknown","T0","2",0.8706,0.1294,"LOW"
31,"1","Other/Unknown","T0","2",0.8736,0.1264,"LOW"
32,"1","Other/Unknown","T0","2",0.8779,0.1221,"LOW"
33,"1","Other/Unknown","T0","2",0.8792,0.1208,"LOW"
34,"1","Other/Unknown","T0","2",0.8802,0.1198,"LOW"
35,"1","Other/Unknown","T0","2",0.8799,0.1201,"LOW"
36,"1","Other/Unknown","T0","2",0.8803,0.1197,"LOW"
37,"1","Other/Unknown","T0","2",0.8798,0.1202,"LOW"
38,"1","Other/Unknown","T0","2",0.8799,0.1201,"LOW"
39,"1","Other/Unknown","T0","2",0.8842,0.1158,"LOW"
40,"1","Other/Unknown","T0","2",0.885,0.115,"LOW"
41,"1","Other/Unknown","T0","2",0.8867,0.1133,"LOW"
42,"1","Other/Unknown","T0","2",0.8878,0.1122,"LOW"
43,"1","Other/Unknown","T0","2",0.8892,0.1108,"LOW"
44,"1","Other/Unknown","T0","2",0.889,0.111,"LOW"
45,"1","Other/Unknown","T0","2",0.8886,0.1114,"LOW"
46,"1","Other/Unknown","T0","2",0.8881,0.1119,"LOW"
47,"1","Other/Unknown","T0","2",0.8882,0.1118,"LOW"
48,"1","Other/Unknown","T0","2",0.8882,0.1118,"LOW"
49,"1","Other/Unknown","T0","2",0.8886,0.1114,"LOW"
50,"1","Other/Unknown","T0","2",0.8886,0.1114,"LOW"
51,"1","Other/Unknown","T0","2",0.8907,0.1093,"LOW"
52,"1","Other/Unknown","T0","2",0.8913,0.1087,"LOW"
53,"1","Other/Unknown","T0","2",0.8922,0.1078,"LOW"
54,"1","Other/Unknown","T0","2",0.8922,0.1078,"LOW"
55,"1","Other/Unknown","T0","2",0.8925,0.1075,"LOW"
56,"1","Other/Unknown","T0","2",0.8924,0.1076,"LOW"
57,"1","Other/Unknown","T0","2",0.8926,0.1074,"LOW"
58,"1","Other/Unknown","T0","2",0.8947,0.1053,"LOW"
59,"1","Other/Unknown","T0","2",0.8948,0.1052,"LOW"
60,"1","Other/Unknown","T0","2",0.8962,0.1038,"LOW"
61,"1","Other/Unknown","T0","2",0.8956,0.1044,"LOW"
62,"1","Other/Unknown","T0","2",0.8957,0.1043,"LOW"
63,"1","Other/Unknown","T0","2",0.8962,0.1038,"LOW"
64,"1","Other/Unknown","T0","2",0.8957,0.1043,"LOW"
65,"1","Other/Unknown","T0","2",0.8948,0.1052,"LOW"
66,"1","Other/Unknown","T0","2",0.8949,0.1051,"LOW"
67,"1","Other/Unknown","T0","2",0.8955,0.1045,"LOW"
68,"1","Other/Unknown","T0","2",0.895,0.105,"LOW"
69,"1","Other/Unknown","T0","2",0.8949,0.1051,"LOW"
70,"1","Other/Unknown","T0","2",0.895,0.105,"LOW"
71,"1","Other/Unknown","T0","2",0.8946,0.1054,"LOW"
72,"1","Other/Unknown","T0","2",0.8949,0.1051,"LOW"
73,"1","Other/Unknown","T0","2",0.8942,0.1058,"LOW"
74,"1","Other/Unknown","T0","2",0.8944,0.1056,"LOW"
75,"1","Other/Unknown","T0","2",0.8936,0.1064,"LOW"
76,"1","Other/Unknown","T0","2",0.8945,0.1055,"LOW"
77,"1","Other/Unknown","T0","2",0.8925,0.1075,"LOW"
78,"1","Other/Unknown","T0","2",0.8923,0.1077,"LOW"
79,"1","Other/Unknown","T0","2",0.8914,0.1086,"LOW"
80,"1","Other/Unknown","T0","2",0.892,0.108,"LOW"
81,"1","Other/Unknown","T0","2",0.8952,0.1048,"LOW"
82,"1","Other/Unknown","T0","2",0.8962,0.1038,"LOW"
83,"1","Other/Unknown","T0","2",0.8963,0.1037,"LOW"
84,"1","Other/Unknown","T0","2",0.8962,0.1038,"LOW"
85,"1","Other/Unknown","T0","2",0.8963,0.1037,"LOW"
86,"1","Other/Unknown","T0","2",0.8948,0.1052,"LOW"
87,"1","Other/Unknown","T0","2",0.897,0.103,"LOW"
88,"1","Other/Unknown","T0","2",0.8971,0.1029,"LOW"
89,"1","Other/Unknown","T0","2",0.8978,0.1022,"LOW"
90,"1","Other/Unknown","T0","2",0.8978,0.1022,"LOW"
91,"1","Other/Unknown","T0","2",0.8978,0.1022,"LOW"
92,"1","Other/Unknown","T0","2",0.8978,0.1022,"LOW"
93,"1","Other/Unknown","T0","2",0.8978,0.1022,"LOW"
94,"1","Other/Unknown","T0","2",0.8978,0.1022,"LOW"
95,"1","Other/Unknown","T0","2",0.8978,0.1022,"LOW"
96,"1","Other/Unknown","T0","2",0.8978,0.1022,"LOW"
97,"1","Other/Unknown","T0","2",0.8978,0.1022,"LOW"
98,"1","Other/Unknown","T0","2",0.8978,0.1022,"LOW"
99,"1","Other/Unknown","T0","2",0.8978,0.1022,"LOW"
0,"2","Other/Unknown","T0","2",0.8557,0.1443,"LOW"
1,"2","Other/Unknown","T0","2",0.8556,0.1444,"LOW"
2,"2","Other/Unknown","T0","2",0.861,0.139,"LOW"
3,"2","Other/Unknown","T0","2",0.8545,0.1455,"LOW"
4,"2","Other/Unknown","T0","2",0.8598,0.1402,"LOW"
5,"2","Other/Unknown","T0","2",0.8599,0.1401,"LOW"
6,"2","Other/Unknown","T0","2",0.8634,0.1366,"LOW"
7,"2","Other/Unknown","T0","2",0.8645,0.1355,"LOW"
8,"2","Other/Unknown","T0","2",0.8625,0.1375,"LOW"
9,"2","Other/Unknown","T0","2",0.8624,0.1376,"LOW"
10,"2","Other/Unknown","T0","2",0.8647,0.1353,"LOW"
11,"2","Other/Unknown","T0","2",0.8661,0.1339,"LOW"
12,"2","Other/Unknown","T0","2",0.8692,0.1308,"LOW"
13,"2","Other/Unknown","T0","2",0.8694,0.1306,"LOW"
14,"2","Other/Unknown","T0","2",0.8704,0.1296,"LOW"
15,"2","Other/Unknown","T0","2",0.8704,0.1296,"LOW"
16,"2","Other/Unknown","T0","2",0.8721,0.1279,"LOW"
17,"2","Other/Unknown","T0","2",0.8733,0.1267,"LOW"
18,"2","Other/Unknown","T0","2",0.8764,0.1236,"LOW"
19,"2","Other/Unknown","T0","2",0.8755,0.1245,"LOW"
20,"2","Other/Unknown","T0","2",0.8755,0.1245,"LOW"
21,"2","Other/Unknown","T0","2",0.8757,0.1243,"LOW"
22,"2","Other/Unknown","T0","2",0.8755,0.1245,"LOW"
23,"2","Other/Unknown","T0","2",0.8763,0.1237,"LOW"
24,"2","Other/Unknown","T0","2",0.8763,0.1237,"LOW"
25,"2","Other/Unknown","T0","2",0.8791,0.1209,"LOW"
26,"2","Other/Unknown","T0","2",0.8779,0.1221,"LOW"
27,"2","Other/Unknown","T0","2",0.8792,0.1208,"LOW"
28,"2","Other/Unknown","T0","2",0.8786,0.1214,"LOW"
29,"2","Other/Unknown","T0","2",0.8776,0.1224,"LOW"
30,"2","Other/Unknown","T0","2",0.8794,0.1206,"LOW"
31,"2","Other/Unknown","T0","2",0.8804,0.1196,"LOW"
32,"2","Other/Unknown","T0","2",0.8831,0.1169,"LOW"
33,"2","Other/Unknown","T0","2",0.8834,0.1166,"LOW"
34,"2","Other/Unknown","T0","2",0.8836,0.1164,"LOW"
35,"2","Other/Unknown","T0","2",0.8837,0.1163,"LOW"
36,"2","Other/Unknown","T0","2",0.8838,0.1162,"LOW"
37,"2","Other/Unknown","T0","2",0.8831,0.1169,"LOW"
38,"2","Other/Unknown","T0","2",0.8833,0.1167,"LOW"
39,"2","Other/Unknown","T0","2",0.8828,0.1172,"LOW"
40,"2","Other/Unknown","T0","2",0.8829,0.1171,"LOW"
41,"2","Other/Unknown","T0","2",0.8839,0.1161,"LOW"
42,"2","Other/Unknown","T0","2",0.8854,0.1146,"LOW"
43,"2","Other/Unknown","T0","2",0.8853,0.1147,"LOW"
44,"2","Other/Unknown","T0","2",0.8852,0.1148,"LOW"
45,"2","Other/Unknown","T0","2",0.8844,0.1156,"LOW"
46,"2","Other/Unknown","T0","2",0.8833,0.1167,"LOW"
47,"2","Other/Unknown","T0","2",0.8833,0.1167,"LOW"
48,"2","Other/Unknown","T0","2",0.8839,0.1161,"LOW"
49,"2","Other/Unknown","T0","2",0.8846,0.1154,"LOW"
50,"2","Other/Unknown","T0","2",0.8844,0.1156,"LOW"
51,"2","Other/Unknown","T0","2",0.8836,0.1164,"LOW"
52,"2","Other/Unknown","T0","2",0.8833,0.1167,"LOW"
53,"2","Other/Unknown","T0","2",0.8833,0.1167,"LOW"
54,"2","Other/Unknown","T0","2",0.8833,0.1167,"LOW"
55,"2","Other/Unknown","T0","2",0.8832,0.1168,"LOW"
56,"2","Other/Unknown","T0","2",0.883,0.117,"LOW"
57,"2","Other/Unknown","T0","2",0.8827,0.1173,"LOW"
58,"2","Other/Unknown","T0","2",0.8835,0.1165,"LOW"
59,"2","Other/Unknown","T0","2",0.8827,0.1173,"LOW"
60,"2","Other/Unknown","T0","2",0.8835,0.1165,"LOW"
61,"2","Other/Unknown","T0","2",0.8834,0.1166,"LOW"
62,"2","Other/Unknown","T0","2",0.8833,0.1167,"LOW"
63,"2","Other/Unknown","T0","2",0.8835,0.1165,"LOW"
64,"2","Other/Unknown","T0","2",0.8827,0.1173,"LOW"
65,"2","Other/Unknown","T0","2",0.883,0.117,"LOW"
66,"2","Other/Unknown","T0","2",0.8829,0.1171,"LOW"
67,"2","Other/Unknown","T0","2",0.883,0.117,"LOW"
68,"2","Other/Unknown","T0","2",0.883,0.117,"LOW"
69,"2","Other/Unknown","T0","2",0.8822,0.1178,"LOW"
70,"2","Other/Unknown","T0","2",0.8823,0.1177,"LOW"
71,"2","Other/Unknown","T0","2",0.8831,0.1169,"LOW"
72,"2","Other/Unknown","T0","2",0.8835,0.1165,"LOW"
73,"2","Other/Unknown","T0","2",0.8833,0.1167,"LOW"
74,"2","Other/Unknown","T0","2",0.8847,0.1153,"LOW"
75,"2","Other/Unknown","T0","2",0.8849,0.1151,"LOW"
76,"2","Other/Unknown","T0","2",0.8855,0.1145,"LOW"
77,"2","Other/Unknown","T0","2",0.8831,0.1169,"LOW"
78,"2","Other/Unknown","T0","2",0.8837,0.1163,"LOW"
79,"2","Other/Unknown","T0","2",0.8835,0.1165,"LOW"
80,"2","Other/Unknown","T0","2",0.8831,0.1169,"LOW"
81,"2","Other/Unknown","T0","2",0.8859,0.1141,"LOW"
82,"2","Other/Unknown","T0","2",0.8862,0.1138,"LOW"
83,"2","Other/Unknown","T0","2",0.8874,0.1126,"LOW"
84,"2","Other/Unknown","T0","2",0.8877,0.1123,"LOW"
85,"2","Other/Unknown","T0","2",0.8875,0.1125,"LOW"
86,"2","Other/Unknown","T0","2",0.8862,0.1138,"LOW"
87,"2","Other/Unknown","T0","2",0.8888,0.1112,"LOW"
88,"2","Other/Unknown","T0","2",0.8896,0.1104,"LOW"
89,"2","Other/Unknown","T0","2",0.8905,0.1095,"LOW"
90,"2","Other/Unknown","T0","2",0.8905,0.1095,"LOW"
91,"2","Other/Unknown","T0","2",0.8905,0.1095,"LOW"
92,"2","Other/Unknown","T0","2",0.8905,0.1095,"LOW"
93,"2","Other/Unknown","T0","2",0.8905,0.1095,"LOW"
94,"2","Other/Unknown","T0","2",0.8905,0.1095,"LOW"
95,"2","Other/Unknown","T0","2",0.8905,0.1095,"LOW"
96,"2","Other/Unknown","T0","2",0.8905,0.1095,"LOW"
97,"2","Other/Unknown","T0","2",0.8905,0.1095,"LOW"
98,"2","Other/Unknown","T0","2",0.8905,0.1095,"LOW"
99,"2","Other/Unknown","T0","2",0.8905,0.1095,"LOW"
0,"1","N0","Other/Unknown","2",0.8568,0.1432,"LOW"
1,"1","N0","Other/Unknown","2",0.8575,0.1425,"LOW"
2,"1","N0","Other/Unknown","2",0.8591,0.1409,"LOW"
3,"1","N0","Other/Unknown","2",0.8502,0.1498,"LOW"
4,"1","N0","Other/Unknown","2",0.8568,0.1432,"LOW"
5,"1","N0","Other/Unknown","2",0.8599,0.1401,"LOW"
6,"1","N0","Other/Unknown","2",0.8616,0.1384,"LOW"
7,"1","N0","Other/Unknown","2",0.8602,0.1398,"LOW"
8,"1","N0","Other/Unknown","2",0.8596,0.1404,"LOW"
9,"1","N0","Other/Unknown","2",0.8604,0.1396,"LOW"
10,"1","N0","Other/Unknown","2",0.8643,0.1357,"LOW"
11,"1","N0","Other/Unknown","2",0.8667,0.1333,"LOW"
12,"1","N0","Other/Unknown","2",0.8701,0.1299,"LOW"
13,"1","N0","Other/Unknown","2",0.8712,0.1288,"LOW"
14,"1","N0","Other/Unknown","2",0.8732,0.1268,"LOW"
15,"1","N0","Other/Unknown","2",0.8747,0.1253,"LOW"
16,"1","N0","Other/Unknown","2",0.8774,0.1226,"LOW"
17,"1","N0","Other/Unknown","2",0.8794,0.1206,"LOW"
18,"1","N0","Other/Unknown","2",0.8807,0.1193,"LOW"
19,"1","N0","Other/Unknown","2",0.8839,0.1161,"LOW"
20,"1","N0","Other/Unknown","2",0.8817,0.1183,"LOW"
21,"1","N0","Other/Unknown","2",0.8809,0.1191,"LOW"
22,"1","N0","Other/Unknown","2",0.8815,0.1185,"LOW"
23,"1","N0","Other/Unknown","2",0.8812,0.1188,"LOW"
24,"1","N0","Other/Unknown","2",0.8836,0.1164,"LOW"
25,"1","N0","Other/Unknown","2",0.8839,0.1161,"LOW"
26,"1","N0","Other/Unknown","2",0.8851,0.1149,"LOW"
27,"1","N0","Other/Unknown","2",0.8851,0.1149,"LOW"
28,"1","N0","Other/Unknown","2",0.8843,0.1157,"LOW"
29,"1","N0","Other/Unknown","2",0.8829,0.1171,"LOW"
30,"1","N0","Other/Unknown","2",0.881,0.119,"LOW"
31,"1","N0","Other/Unknown","2",0.8822,0.1178,"LOW"
32,"1","N0","Other/Unknown","2",0.8824,0.1176,"LOW"
33,"1","N0","Other/Unknown","2",0.8819,0.1181,"LOW"
34,"1","N0","Other/Unknown","2",0.8815,0.1185,"LOW"
35,"1","N0","Other/Unknown","2",0.8771,0.1229,"LOW"
36,"1","N0","Other/Unknown","2",0.8773,0.1227,"LOW"
37,"1","N0","Other/Unknown","2",0.8755,0.1245,"LOW"
38,"1","N0","Other/Unknown","2",0.8793,0.1207,"LOW"
39,"1","N0","Other/Unknown","2",0.8834,0.1166,"LOW"
40,"1","N0","Other/Unknown","2",0.8865,0.1135,"LOW"
41,"1","N0","Other/Unknown","2",0.8869,0.1131,"LOW"
42,"1","N0","Other/Unknown","2",0.8861,0.1139,"LOW"
43,"1","N0","Other/Unknown","2",0.889,0.111,"LOW"
44,"1","N0","Other/Unknown","2",0.8899,0.1101,"LOW"
45,"1","N0","Other/Unknown","2",0.8888,0.1112,"LOW"
46,"1","N0","Other/Unknown","2",0.8894,0.1106,"LOW"
47,"1","N0","Other/Unknown","2",0.8903,0.1097,"LOW"
48,"1","N0","Other/Unknown","2",0.8913,0.1087,"LOW"
49,"1","N0","Other/Unknown","2",0.8944,0.1056,"LOW"
50,"1","N0","Other/Unknown","2",0.8973,0.1027,"LOW"
51,"1","N0","Other/Unknown","2",0.8977,0.1023,"LOW"
52,"1","N0","Other/Unknown","2",0.8995,0.1005,"LOW"
53,"1","N0","Other/Unknown","2",0.9003,0.0997,"LOW"
54,"1","N0","Other/Unknown","2",0.9001,0.0999,"LOW"
55,"1","N0","Other/Unknown","2",0.9002,0.0998,"LOW"
56,"1","N0","Other/Unknown","2",0.9007,0.0993,"LOW"
57,"1","N0","Other/Unknown","2",0.9022,0.0978,"LOW"
58,"1","N0","Other/Unknown","2",0.903,0.097,"LOW"
59,"1","N0","Other/Unknown","2",0.9035,0.0965,"LOW"
60,"1","N0","Other/Unknown","2",0.9039,0.0961,"LOW"
61,"1","N0","Other/Unknown","2",0.9045,0.0955,"LOW"
62,"1","N0","Other/Unknown","2",0.9049,0.0951,"LOW"
63,"1","N0","Other/Unknown","2",0.9052,0.0948,"LOW"
64,"1","N0","Other/Unknown","2",0.9051,0.0949,"LOW"
65,"1","N0","Other/Unknown","2",0.9068,0.0932,"LOW"
66,"1","N0","Other/Unknown","2",0.9067,0.0933,"LOW"
67,"1","N0","Other/Unknown","2",0.9067,0.0933,"LOW"
68,"1","N0","Other/Unknown","2",0.9052,0.0948,"LOW"
69,"1","N0","Other/Unknown","2",0.9041,0.0959,"LOW"
70,"1","N0","Other/Unknown","2",0.903,0.097,"LOW"
71,"1","N0","Other/Unknown","2",0.9018,0.0982,"LOW"
72,"1","N0","Other/Unknown","2",0.902,0.098,"LOW"
73,"1","N0","Other/Unknown","2",0.9023,0.0977,"LOW"
74,"1","N0","Other/Unknown","2",0.9023,0.0977,"LOW"
75,"1","N0","Other/Unknown","2",0.902,0.098,"LOW"
76,"1","N0","Other/Unknown","2",0.9018,0.0982,"LOW"
77,"1","N0","Other/Unknown","2",0.9019,0.0981,"LOW"
78,"1","N0","Other/Unknown","2",0.8999,0.1001,"LOW"
79,"1","N0","Other/Unknown","2",0.8983,0.1017,"LOW"
80,"1","N0","Other/Unknown","2",0.8971,0.1029,"LOW"
81,"1","N0","Other/Unknown","2",0.8965,0.1035,"LOW"
82,"1","N0","Other/Unknown","2",0.8949,0.1051,"LOW"
83,"1","N0","Other/Unknown","2",0.8948,0.1052,"LOW"
84,"1","N0","Other/Unknown","2",0.8934,0.1066,"LOW"
85,"1","N0","Other/Unknown","2",0.8899,0.1101,"LOW"
86,"1","N0","Other/Unknown","2",0.8915,0.1085,"LOW"
87,"1","N0","Other/Unknown","2",0.8923,0.1077,"LOW"
88,"1","N0","Other/Unknown","2",0.8929,0.1071,"LOW"
89,"1","N0","Other/Unknown","2",0.8932,0.1068,"LOW"
90,"1","N0","Other/Unknown","2",0.8917,0.1083,"LOW"
91,"1","N0","Other/Unknown","2",0.8917,0.1083,"LOW"
92,"1","N0","Other/Unknown","2",0.8917,0.1083,"LOW"
93,"1","N0","Other/Unknown","2",0.8917,0.1083,"LOW"
94,"1","N0","Other/Unknown","2",0.8917,0.1083,"LOW"
95,"1","N0","Other/Unknown","2",0.8917,0.1083,"LOW"
96,"1","N0","Other/Unknown","2",0.8917,0.1083,"LOW"
97,"1","N0","Other/Unknown","2",0.8917,0.1083,"LOW"
98,"1","N0","Other/Unknown","2",0.8917,0.1083,"LOW"
99,"1","N0","Other/Unknown","2",0.8917,0.1083,"LOW"
0,"2","N0","Other/Unknown","2",0.8784,0.1216,"LOW"
1,"2","N0","Other/Unknown","2",0.8777,0.1223,"LOW"
2,"2","N0","Other/Unknown","2",0.8796,0.1204,"LOW"
3,"2","N0","Other/Unknown","2",0.8781,0.1219,"LOW"
4,"2","N0","Other/Unknown","2",0.8864,0.1136,"LOW"
5,"2","N0","Other/Unknown","2",0.8855,0.1145,"LOW"
6,"2","N0","Other/Unknown","2",0.888,0.112,"LOW"
7,"2","N0","Other/Unknown","2",0.8874,0.1126,"LOW"
8,"2","N0","Other/Unknown","2",0.8872,0.1128,"LOW"
9,"2","N0","Other/Unknown","2",0.8871,0.1129,"LOW"
10,"2","N0","Other/Unknown","2",0.8909,0.1091,"LOW"
11,"2","N0","Other/Unknown","2",0.8916,0.1084,"LOW"
12,"2","N0","Other/Unknown","2",0.8945,0.1055,"LOW"
13,"2","N0","Other/Unknown","2",0.8947,0.1053,"LOW"
14,"2","N0","Other/Unknown","2",0.8953,0.1047,"LOW"
15,"2","N0","Other/Unknown","2",0.897,0.103,"LOW"
16,"2","N0","Other/Unknown","2",0.8984,0.1016,"LOW"
17,"2","N0","Other/Unknown","2",0.9012,0.0988,"LOW"
18,"2","N0","Other/Unknown","2",0.9021,0.0979,"LOW"
19,"2","N0","Other/Unknown","2",0.9036,0.0964,"LOW"
20,"2","N0","Other/Unknown","2",0.9036,0.0964,"LOW"
21,"2","N0","Other/Unknown","2",0.9047,0.0953,"LOW"
22,"2","N0","Other/Unknown","2",0.9053,0.0947,"LOW"
23,"2","N0","Other/Unknown","2",0.9048,0.0952,"LOW"
24,"2","N0","Other/Unknown","2",0.9056,0.0944,"LOW"
25,"2","N0","Other/Unknown","2",0.9049,0.0951,"LOW"
26,"2","N0","Other/Unknown","2",0.9062,0.0938,"LOW"
27,"2","N0","Other/Unknown","2",0.906,0.094,"LOW"
28,"2","N0","Other/Unknown","2",0.9053,0.0947,"LOW"
29,"2","N0","Other/Unknown","2",0.905,0.095,"LOW"
30,"2","N0","Other/Unknown","2",0.9051,0.0949,"LOW"
31,"2","N0","Other/Unknown","2",0.9046,0.0954,"LOW"
32,"2","N0","Other/Unknown","2",0.9041,0.0959,"LOW"
33,"2","N0","Other/Unknown","2",0.9039,0.0961,"LOW"
34,"2","N0","Other/Unknown","2",0.9032,0.0968,"LOW"
35,"2","N0","Other/Unknown","2",0.9012,0.0988,"LOW"
36,"2","N0","Other/Unknown","2",0.9012,0.0988,"LOW"
37,"2","N0","Other/Unknown","2",0.9025,0.0975,"LOW"
38,"2","N0","Other/Unknown","2",0.9043,0.0957,"LOW"
39,"2","N0","Other/Unknown","2",0.9049,0.0951,"LOW"
40,"2","N0","Other/Unknown","2",0.9051,0.0949,"LOW"
41,"2","N0","Other/Unknown","2",0.9048,0.0952,"LOW"
42,"2","N0","Other/Unknown","2",0.9052,0.0948,"LOW"
43,"2","N0","Other/Unknown","2",0.9066,0.0934,"LOW"
44,"2","N0","Other/Unknown","2",0.9046,0.0954,"LOW"
45,"2","N0","Other/Unknown","2",0.9016,0.0984,"LOW"
46,"2","N0","Other/Unknown","2",0.9021,0.0979,"LOW"
47,"2","N0","Other/Unknown","2",0.9053,0.0947,"LOW"
48,"2","N0","Other/Unknown","2",0.9059,0.0941,"LOW"
49,"2","N0","Other/Unknown","2",0.9087,0.0913,"LOW"
50,"2","N0","Other/Unknown","2",0.909,0.091,"LOW"
51,"2","N0","Other/Unknown","2",0.9092,0.0908,"LOW"
52,"2","N0","Other/Unknown","2",0.911,0.089,"LOW"
53,"2","N0","Other/Unknown","2",0.9115,0.0885,"LOW"
54,"2","N0","Other/Unknown","2",0.9114,0.0886,"LOW"
55,"2","N0","Other/Unknown","2",0.9114,0.0886,"LOW"
56,"2","N0","Other/Unknown","2",0.9121,0.0879,"LOW"
57,"2","N0","Other/Unknown","2",0.9133,0.0867,"LOW"
58,"2","N0","Other/Unknown","2",0.9137,0.0863,"LOW"
59,"2","N0","Other/Unknown","2",0.9142,0.0858,"LOW"
60,"2","N0","Other/Unknown","2",0.9141,0.0859,"LOW"
61,"2","N0","Other/Unknown","2",0.9145,0.0855,"LOW"
62,"2","N0","Other/Unknown","2",0.9145,0.0855,"LOW"
63,"2","N0","Other/Unknown","2",0.9149,0.0851,"LOW"
64,"2","N0","Other/Unknown","2",0.9148,0.0852,"LOW"
65,"2","N0","Other/Unknown","2",0.9145,0.0855,"LOW"
66,"2","N0","Other/Unknown","2",0.9144,0.0856,"LOW"
67,"2","N0","Other/Unknown","2",0.9145,0.0855,"LOW"
68,"2","N0","Other/Unknown","2",0.9137,0.0863,"LOW"
69,"2","N0","Other/Unknown","2",0.9134,0.0866,"LOW"
70,"2","N0","Other/Unknown","2",0.9128,0.0872,"LOW"
71,"2","N0","Other/Unknown","2",0.9118,0.0882,"LOW"
72,"2","N0","Other/Unknown","2",0.9113,0.0887,"LOW"
73,"2","N0","Other/Unknown","2",0.9115,0.0885,"LOW"
74,"2","N0","Other/Unknown","2",0.9115,0.0885,"LOW"
75,"2","N0","Other/Unknown","2",0.9119,0.0881,"LOW"
76,"2","N0","Other/Unknown","2",0.9122,0.0878,"LOW"
77,"2","N0","Other/Unknown","2",0.9124,0.0876,"LOW"
78,"2","N0","Other/Unknown","2",0.9099,0.0901,"LOW"
79,"2","N0","Other/Unknown","2",0.9071,0.0929,"LOW"
80,"2","N0","Other/Unknown","2",0.9082,0.0918,"LOW"
81,"2","N0","Other/Unknown","2",0.9078,0.0922,"LOW"
82,"2","N0","Other/Unknown","2",0.908,0.092,"LOW"
83,"2","N0","Other/Unknown","2",0.9083,0.0917,"LOW"
84,"2","N0","Other/Unknown","2",0.9067,0.0933,"LOW"
85,"2","N0","Other/Unknown","2",0.9056,0.0944,"LOW"
86,"2","N0","Other/Unknown","2",0.9071,0.0929,"LOW"
87,"2","N0","Other/Unknown","2",0.9088,0.0912,"LOW"
88,"2","N0","Other/Unknown","2",0.9102,0.0898,"LOW"
89,"2","N0","Other/Unknown","2",0.9102,0.0898,"LOW"
90,"2","N0","Other/Unknown","2",0.9084,0.0916,"LOW"
91,"2","N0","Other/Unknown","2",0.9084,0.0916,"LOW"
92,"2","N0","Other/Unknown","2",0.9084,0.0916,"LOW"
93,"2","N0","Other/Unknown","2",0.9084,0.0916,"LOW"
94,"2","N0","Other/Unknown","2",0.9084,0.0916,"LOW"
95,"2","N0","Other/Unknown","2",0.9084,0.0916,"LOW"
96,"2","N0","Other/Unknown","2",0.9084,0.0916,"LOW"
97,"2","N0","Other/Unknown","2",0.9084,0.0916,"LOW"
98,"2","N0","Other/Unknown","2",0.9084,0.0916,"LOW"
99,"2","N0","Other/Unknown","2",0.9084,0.0916,"LOW"
0,"1","N1","Other/Unknown","2",0.6841,0.3159,"LOW"
1,"1","N1","Other/Unknown","2",0.6822,0.3178,"LOW"
2,"1","N1","Other/Unknown","2",0.6835,0.3165,"LOW"
3,"1","N1","Other/Unknown","2",0.6837,0.3163,"LOW"
4,"1","N1","Other/Unknown","2",0.6892,0.3108,"LOW"
5,"1","N1","Other/Unknown","2",0.6912,0.3088,"LOW"
6,"1","N1","Other/Unknown","2",0.6942,0.3058,"LOW"
7,"1","N1","Other/Unknown","2",0.6909,0.3091,"LOW"
8,"1","N1","Other/Unknown","2",0.6898,0.3102,"LOW"
9,"1","N1","Other/Unknown","2",0.6906,0.3094,"LOW"
10,"1","N1","Other/Unknown","2",0.6943,0.3057,"LOW"
11,"1","N1","Other/Unknown","2",0.6932,0.3068,"LOW"
12,"1","N1","Other/Unknown","2",0.6961,0.3039,"LOW"
13,"1","N1","Other/Unknown","2",0.6956,0.3044,"LOW"
14,"1","N1","Other/Unknown","2",0.6981,0.3019,"LOW"
15,"1","N1","Other/Unknown","2",0.6981,0.3019,"LOW"
16,"1","N1","Other/Unknown","2",0.7024,0.2976,"LOW"
17,"1","N1","Other/Unknown","2",0.7033,0.2967,"LOW"
18,"1","N1","Other/Unknown","2",0.7072,0.2928,"LOW"
19,"1","N1","Other/Unknown","2",0.7085,0.2915,"LOW"
20,"1","N1","Other/Unknown","2",0.7093,0.2907,"LOW"
21,"1","N1","Other/Unknown","2",0.71,0.29,"LOW"
22,"1","N1","Other/Unknown","2",0.7094,0.2906,"LOW"
23,"1","N1","Other/Unknown","2",0.712,0.288,"LOW"
24,"1","N1","Other/Unknown","2",0.7093,0.2907,"LOW"
25,"1","N1","Other/Unknown","2",0.7118,0.2882,"LOW"
26,"1","N1","Other/Unknown","2",0.7139,0.2861,"LOW"
27,"1","N1","Other/Unknown","2",0.7117,0.2883,"LOW"
28,"1","N1","Other/Unknown","2",0.7122,0.2878,"LOW"
29,"1","N1","Other/Unknown","2",0.7116,0.2884,"LOW"
30,"1","N1","Other/Unknown","2",0.7113,0.2887,"LOW"
31,"1","N1","Other/Unknown","2",0.7089,0.2911,"LOW"
32,"1","N1","Other/Unknown","2",0.7087,0.2913,"LOW"
33,"1","N1","Other/Unknown","2",0.7102,0.2898,"LOW"
34,"1","N1","Other/Unknown","2",0.7096,0.2904,"LOW"
35,"1","N1","Other/Unknown","2",0.7102,0.2898,"LOW"
36,"1","N1","Other/Unknown","2",0.7107,0.2893,"LOW"
37,"1","N1","Other/Unknown","2",0.7089,0.2911,"LOW"
38,"1","N1","Other/Unknown","2",0.7096,0.2904,"LOW"
39,"1","N1","Other/Unknown","2",0.7066,0.2934,"LOW"
40,"1","N1","Other/Unknown","2",0.7082,0.2918,"LOW"
41,"1","N1","Other/Unknown","2",0.7098,0.2902,"LOW"
42,"1","N1","Other/Unknown","2",0.7099,0.2901,"LOW"
43,"1","N1","Other/Unknown","2",0.7088,0.2912,"LOW"
44,"1","N1","Other/Unknown","2",0.7074,0.2926,"LOW"
45,"1","N1","Other/Unknown","2",0.7083,0.2917,"LOW"
46,"1","N1","Other/Unknown","2",0.7084,0.2916,"LOW"
47,"1","N1","Other/Unknown","2",0.7087,0.2913,"LOW"
48,"1","N1","Other/Unknown","2",0.7082,0.2918,"LOW"
49,"1","N1","Other/Unknown","2",0.7077,0.2923,"LOW"
50,"1","N1","Other/Unknown","2",0.7059,0.2941,"LOW"
51,"1","N1","Other/Unknown","2",0.7075,0.2925,"LOW"
52,"1","N1","Other/Unknown","2",0.71,0.29,"LOW"
53,"1","N1","Other/Unknown","2",0.7102,0.2898,"LOW"
54,"1","N1","Other/Unknown","2",0.7128,0.2872,"LOW"
55,"1","N1","Other/Unknown","2",0.7116,0.2884,"LOW"
56,"1","N1","Other/Unknown","2",0.7122,0.2878,"LOW"
57,"1","N1","Other/Unknown","2",0.7123,0.2877,"LOW"
58,"1","N1","Other/Unknown","2",0.7126,0.2874,"LOW"
59,"1","N1","Other/Unknown","2",0.7154,0.2846,"LOW"
60,"1","N1","Other/Unknown","2",0.7193,0.2807,"LOW"
61,"1","N1","Other/Unknown","2",0.7202,0.2798,"LOW"
62,"1","N1","Other/Unknown","2",0.7154,0.2846,"LOW"
63,"1","N1","Other/Unknown","2",0.7071,0.2929,"LOW"
64,"1","N1","Other/Unknown","2",0.7072,0.2928,"LOW"
65,"1","N1","Other/Unknown","2",0.707,0.293,"LOW"
66,"1","N1","Other/Unknown","2",0.7067,0.2933,"LOW"
67,"1","N1","Other/Unknown","2",0.705,0.295,"LOW"
68,"1","N1","Other/Unknown","2",0.7025,0.2975,"LOW"
69,"1","N1","Other/Unknown","2",0.7019,0.2981,"LOW"
70,"1","N1","Other/Unknown","2",0.7035,0.2965,"LOW"
71,"1","N1","Other/Unknown","2",0.7009,0.2991,"LOW"
72,"1","N1","Other/Unknown","2",0.7014,0.2986,"LOW"
73,"1","N1","Other/Unknown","2",0.7034,0.2966,"LOW"
74,"1","N1","Other/Unknown","2",0.7036,0.2964,"LOW"
75,"1","N1","Other/Unknown","2",0.7024,0.2976,"LOW"
76,"1","N1","Other/Unknown","2",0.7028,0.2972,"LOW"
77,"1","N1","Other/Unknown","2",0.7011,0.2989,"LOW"
78,"1","N1","Other/Unknown","2",0.7006,0.2994,"LOW"
79,"1","N1","Other/Unknown","2",0.7,0.3,"LOW"
80,"1","N1","Other/Unknown","2",0.7,0.3,"LOW"
81,"1","N1","Other/Unknown","2",0.7007,0.2993,"LOW"
82,"1","N1","Other/Unknown","2",0.6996,0.3004,"LOW"
83,"1","N1","Other/Unknown","2",0.6991,0.3009,"LOW"
84,"1","N1","Other/Unknown","2",0.6977,0.3023,"LOW"
85,"1","N1","Other/Unknown","2",0.6922,0.3078,"LOW"
86,"1","N1","Other/Unknown","2",0.6942,0.3058,"LOW"
87,"1","N1","Other/Unknown","2",0.6952,0.3048,"LOW"
88,"1","N1","Other/Unknown","2",0.6952,0.3048,"LOW"
89,"1","N1","Other/Unknown","2",0.6964,0.3036,"LOW"
90,"1","N1","Other/Unknown","2",0.6944,0.3056,"LOW"
91,"1","N1","Other/Unknown","2",0.6944,0.3056,"LOW"
92,"1","N1","Other/Unknown","2",0.6944,0.3056,"LOW"
93,"1","N1","Other/Unknown","2",0.6944,0.3056,"LOW"
94,"1","N1","Other/Unknown","2",0.6944,0.3056,"LOW"
95,"1","N1","Other/Unknown","2",0.6944,0.3056,"LOW"
96,"1","N1","Other/Unknown","2",0.6944,0.3056,"LOW"
97,"1","N1","Other/Unknown","2",0.6944,0.3056,"LOW"
98,"1","N1","Other/Unknown","2",0.6944,0.3056,"LOW"
99,"1","N1","Other/Unknown","2",0.6944,0.3056,"LOW"
0,"2","N1","Other/Unknown","2",0.6411,0.3589,"LOW"
1,"2","N1","Other/Unknown","2",0.641,0.359,"LOW"
2,"2","N1","Other/Unknown","2",0.6457,0.3543,"LOW"
3,"2","N1","Other/Unknown","2",0.6436,0.3564,"LOW"
4,"2","N1","Other/Unknown","2",0.6527,0.3473,"LOW"
5,"2","N1","Other/Unknown","2",0.6546,0.3454,"LOW"
6,"2","N1","Other/Unknown","2",0.6564,0.3436,"LOW"
7,"2","N1","Other/Unknown","2",0.657,0.343,"LOW"
8,"2","N1","Other/Unknown","2",0.6538,0.3462,"LOW"
9,"2","N1","Other/Unknown","2",0.6508,0.3492,"LOW"
10,"2","N1","Other/Unknown","2",0.6565,0.3435,"LOW"
11,"2","N1","Other/Unknown","2",0.6562,0.3438,"LOW"
12,"2","N1","Other/Unknown","2",0.6588,0.3412,"LOW"
13,"2","N1","Other/Unknown","2",0.6588,0.3412,"LOW"
14,"2","N1","Other/Unknown","2",0.6608,0.3392,"LOW"
15,"2","N1","Other/Unknown","2",0.6619,0.3381,"LOW"
16,"2","N1","Other/Unknown","2",0.6657,0.3343,"LOW"
17,"2","N1","Other/Unknown","2",0.6661,0.3339,"LOW"
18,"2","N1","Other/Unknown","2",0.6686,0.3314,"LOW"
19,"2","N1","Other/Unknown","2",0.6718,0.3282,"LOW"
20,"2","N1","Other/Unknown","2",0.6728,0.3272,"LOW"
21,"2","N1","Other/Unknown","2",0.6717,0.3283,"LOW"
22,"2","N1","Other/Unknown","2",0.6718,0.3282,"LOW"
23,"2","N1","Other/Unknown","2",0.6744,0.3256,"LOW"
24,"2","N1","Other/Unknown","2",0.6721,0.3279,"LOW"
25,"2","N1","Other/Unknown","2",0.674,0.326,"LOW"
26,"2","N1","Other/Unknown","2",0.6787,0.3213,"LOW"
27,"2","N1","Other/Unknown","2",0.6791,0.3209,"LOW"
28,"2","N1","Other/Unknown","2",0.6795,0.3205,"LOW"
29,"2","N1","Other/Unknown","2",0.6813,0.3187,"LOW"
30,"2","N1","Other/Unknown","2",0.6767,0.3233,"LOW"
31,"2","N1","Other/Unknown","2",0.6756,0.3244,"LOW"
32,"2","N1","Other/Unknown","2",0.6736,0.3264,"LOW"
33,"2","N1","Other/Unknown","2",0.6754,0.3246,"LOW"
34,"2","N1","Other/Unknown","2",0.675,0.325,"LOW"
35,"2","N1","Other/Unknown","2",0.6761,0.3239,"LOW"
36,"2","N1","Other/Unknown","2",0.6764,0.3236,"LOW"
37,"2","N1","Other/Unknown","2",0.6765,0.3235,"LOW"
38,"2","N1","Other/Unknown","2",0.6754,0.3246,"LOW"
39,"2","N1","Other/Unknown","2",0.6706,0.3294,"LOW"
40,"2","N1","Other/Unknown","2",0.6716,0.3284,"LOW"
41,"2","N1","Other/Unknown","2",0.6728,0.3272,"LOW"
42,"2","N1","Other/Unknown","2",0.6707,0.3293,"LOW"
43,"2","N1","Other/Unknown","2",0.6656,0.3344,"LOW"
44,"2","N1","Other/Unknown","2",0.6604,0.3396,"LOW"
45,"2","N1","Other/Unknown","2",0.6595,0.3405,"LOW"
46,"2","N1","Other/Unknown","2",0.6575,0.3425,"LOW"
47,"2","N1","Other/Unknown","2",0.6569,0.3431,"LOW"
48,"2","N1","Other/Unknown","2",0.6563,0.3437,"LOW"
49,"2","N1","Other/Unknown","2",0.653,0.347,"LOW"
50,"2","N1","Other/Unknown","2",0.6464,0.3536,"LOW"
51,"2","N1","Other/Unknown","2",0.6457,0.3543,"LOW"
52,"2","N1","Other/Unknown","2",0.6468,0.3532,"LOW"
53,"2","N1","Other/Unknown","2",0.6475,0.3525,"LOW"
54,"2","N1","Other/Unknown","2",0.6497,0.3503,"LOW"
55,"2","N1","Other/Unknown","2",0.6459,0.3541,"LOW"
56,"2","N1","Other/Unknown","2",0.6466,0.3534,"LOW"
57,"2","N1","Other/Unknown","2",0.6451,0.3549,"LOW"
58,"2","N1","Other/Unknown","2",0.6424,0.3576,"LOW"
59,"2","N1","Other/Unknown","2",0.6461,0.3539,"LOW"
60,"2","N1","Other/Unknown","2",0.6492,0.3508,"LOW"
61,"2","N1","Other/Unknown","2",0.6495,0.3505,"LOW"
62,"2","N1","Other/Unknown","2",0.6459,0.3541,"LOW"
63,"2","N1","Other/Unknown","2",0.637,0.363,"LOW"
64,"2","N1","Other/Unknown","2",0.6345,0.3655,"LOW"
65,"2","N1","Other/Unknown","2",0.635,0.365,"LOW"
66,"2","N1","Other/Unknown","2",0.6367,0.3633,"LOW"
67,"2","N1","Other/Unknown","2",0.6371,0.3629,"LOW"
68,"2","N1","Other/Unknown","2",0.6329,0.3671,"LOW"
69,"2","N1","Other/Unknown","2",0.6328,0.3672,"LOW"
70,"2","N1","Other/Unknown","2",0.6344,0.3656,"LOW"
71,"2","N1","Other/Unknown","2",0.6317,0.3683,"LOW"
72,"2","N1","Other/Unknown","2",0.6318,0.3682,"LOW"
73,"2","N1","Other/Unknown","2",0.6352,0.3648,"LOW"
74,"2","N1","Other/Unknown","2",0.6373,0.3627,"LOW"
75,"2","N1","Other/Unknown","2",0.6371,0.3629,"LOW"
76,"2","N1","Other/Unknown","2",0.6376,0.3624,"LOW"
77,"2","N1","Other/Unknown","2",0.635,0.365,"LOW"
78,"2","N1","Other/Unknown","2",0.6338,0.3662,"LOW"
79,"2","N1","Other/Unknown","2",0.6335,0.3665,"LOW"
80,"2","N1","Other/Unknown","2",0.6353,0.3647,"LOW"
81,"2","N1","Other/Unknown","2",0.6369,0.3631,"LOW"
82,"2","N1","Other/Unknown","2",0.6383,0.3617,"LOW"
83,"2","N1","Other/Unknown","2",0.6398,0.3602,"LOW"
84,"2","N1","Other/Unknown","2",0.6384,0.3616,"LOW"
85,"2","N1","Other/Unknown","2",0.6377,0.3623,"LOW"
86,"2","N1","Other/Unknown","2",0.6391,0.3609,"LOW"
87,"2","N1","Other/Unknown","2",0.6401,0.3599,"LOW"
88,"2","N1","Other/Unknown","2",0.641,0.359,"LOW"
89,"2","N1","Other/Unknown","2",0.6417,0.3583,"LOW"
90,"2","N1","Other/Unknown","2",0.6401,0.3599,"LOW"
91,"2","N1","Other/Unknown","2",0.6401,0.3599,"LOW"
92,"2","N1","Other/Unknown","2",0.6401,0.3599,"LOW"
93,"2","N1","Other/Unknown","2",0.6401,0.3599,"LOW"
94,"2","N1","Other/Unknown","2",0.6401,0.3599,"LOW"
95,"2","N1","Other/Unknown","2",0.6401,0.3599,"LOW"
96,"2","N1","Other/Unknown","2",0.6401,0.3599,"LOW"
97,"2","N1","Other/Unknown","2",0.6401,0.3599,"LOW"
98,"2","N1","Other/Unknown","2",0.6401,0.3599,"LOW"
99,"2","N1","Other/Unknown","2",0.6401,0.3599,"LOW"
0,"1","Other/Unknown","Other/Unknown","2",0.8572,0.1428,"LOW"
1,"1","Other/Unknown","Other/Unknown","2",0.8561,0.1439,"LOW"
2,"1","Other/Unknown","Other/Unknown","2",0.8571,0.1429,"LOW"
3,"1","Other/Unknown","Other/Unknown","2",0.8535,0.1465,"LOW"
4,"1","Other/Unknown","Other/Unknown","2",0.8567,0.1433,"LOW"
5,"1","Other/Unknown","Other/Unknown","2",0.856,0.144,"LOW"
6,"1","Other/Unknown","Other/Unknown","2",0.8584,0.1416,"LOW"
7,"1","Other/Unknown","Other/Unknown","2",0.8571,0.1429,"LOW"
8,"1","Other/Unknown","Other/Unknown","2",0.8577,0.1423,"LOW"
9,"1","Other/Unknown","Other/Unknown","2",0.8581,0.1419,"LOW"
10,"1","Other/Unknown","Other/Unknown","2",0.8559,0.1441,"LOW"
11,"1","Other/Unknown","Other/Unknown","2",0.8561,0.1439,"LOW"
12,"1","Other/Unknown","Other/Unknown","2",0.8583,0.1417,"LOW"
13,"1","Other/Unknown","Other/Unknown","2",0.8598,0.1402,"LOW"
14,"1","Other/Unknown","Other/Unknown","2",0.8624,0.1376,"LOW"
15,"1","Other/Unknown","Other/Unknown","2",0.8627,0.1373,"LOW"
16,"1","Other/Unknown","Other/Unknown","2",0.863,0.137,"LOW"
17,"1","Other/Unknown","Other/Unknown","2",0.8656,0.1344,"LOW"
18,"1","Other/Unknown","Other/Unknown","2",0.8693,0.1307,"LOW"
19,"1","Other/Unknown","Other/Unknown","2",0.8697,0.1303,"LOW"
20,"1","Other/Unknown","Other/Unknown","2",0.8696,0.1304,"LOW"
21,"1","Other/Unknown","Other/Unknown","2",0.8716,0.1284,"LOW"
22,"1","Other/Unknown","Other/Unknown","2",0.8731,0.1269,"LOW"
23,"1","Other/Unknown","Other/Unknown","2",0.8772,0.1228,"LOW"
24,"1","Other/Unknown","Other/Unknown","2",0.8774,0.1226,"LOW"
25,"1","Other/Unknown","Other/Unknown","2",0.8779,0.1221,"LOW"
26,"1","Other/Unknown","Other/Unknown","2",0.8795,0.1205,"LOW"
27,"1","Other/Unknown","Other/Unknown","2",0.88,0.12,"LOW"
28,"1","Other/Unknown","Other/Unknown","2",0.8797,0.1203,"LOW"
29,"1","Other/Unknown","Other/Unknown","2",0.8818,0.1182,"LOW"
30,"1","Other/Unknown","Other/Unknown","2",0.8805,0.1195,"LOW"
31,"1","Other/Unknown","Other/Unknown","2",0.8833,0.1167,"LOW"
32,"1","Other/Unknown","Other/Unknown","2",0.8849,0.1151,"LOW"
33,"1","Other/Unknown","Other/Unknown","2",0.8855,0.1145,"LOW"
34,"1","Other/Unknown","Other/Unknown","2",0.8866,0.1134,"LOW"
35,"1","Other/Unknown","Other/Unknown","2",0.886,0.114,"LOW"
36,"1","Other/Unknown","Other/Unknown","2",0.8857,0.1143,"LOW"
37,"1","Other/Unknown","Other/Unknown","2",0.8858,0.1142,"LOW"
38,"1","Other/Unknown","Other/Unknown","2",0.8861,0.1139,"LOW"
39,"1","Other/Unknown","Other/Unknown","2",0.8883,0.1117,"LOW"
40,"1","Other/Unknown","Other/Unknown","2",0.8887,0.1113,"LOW"
41,"1","Other/Unknown","Other/Unknown","2",0.8897,0.1103,"LOW"
42,"1","Other/Unknown","Other/Unknown","2",0.8889,0.1111,"LOW"
43,"1","Other/Unknown","Other/Unknown","2",0.8893,0.1107,"LOW"
44,"1","Other/Unknown","Other/Unknown","2",0.8896,0.1104,"LOW"
45,"1","Other/Unknown","Other/Unknown","2",0.8888,0.1112,"LOW"
46,"1","Other/Unknown","Other/Unknown","2",0.8895,0.1105,"LOW"
47,"1","Other/Unknown","Other/Unknown","2",0.8913,0.1087,"LOW"
48,"1","Other/Unknown","Other/Unknown","2",0.8908,0.1092,"LOW"
49,"1","Other/Unknown","Other/Unknown","2",0.8903,0.1097,"LOW"
50,"1","Other/Unknown","Other/Unknown","2",0.8903,0.1097,"LOW"
51,"1","Other/Unknown","Other/Unknown","2",0.8914,0.1086,"LOW"
52,"1","Other/Unknown","Other/Unknown","2",0.893,0.107,"LOW"
53,"1","Other/Unknown","Other/Unknown","2",0.894,0.106,"LOW"
54,"1","Other/Unknown","Other/Unknown","2",0.894,0.106,"LOW"
55,"1","Other/Unknown","Other/Unknown","2",0.8943,0.1057,"LOW"
56,"1","Other/Unknown","Other/Unknown","2",0.8943,0.1057,"LOW"
57,"1","Other/Unknown","Other/Unknown","2",0.8939,0.1061,"LOW"
58,"1","Other/Unknown","Other/Unknown","2",0.8942,0.1058,"LOW"
59,"1","Other/Unknown","Other/Unknown","2",0.8947,0.1053,"LOW"
60,"1","Other/Unknown","Other/Unknown","2",0.8949,0.1051,"LOW"
61,"1","Other/Unknown","Other/Unknown","2",0.8946,0.1054,"LOW"
62,"1","Other/Unknown","Other/Unknown","2",0.8946,0.1054,"LOW"
63,"1","Other/Unknown","Other/Unknown","2",0.8943,0.1057,"LOW"
64,"1","Other/Unknown","Other/Unknown","2",0.8942,0.1058,"LOW"
65,"1","Other/Unknown","Other/Unknown","2",0.894,0.106,"LOW"
66,"1","Other/Unknown","Other/Unknown","2",0.8943,0.1057,"LOW"
67,"1","Other/Unknown","Other/Unknown","2",0.8943,0.1057,"LOW"
68,"1","Other/Unknown","Other/Unknown","2",0.8938,0.1062,"LOW"
69,"1","Other/Unknown","Other/Unknown","2",0.8936,0.1064,"LOW"
70,"1","Other/Unknown","Other/Unknown","2",0.8939,0.1061,"LOW"
71,"1","Other/Unknown","Other/Unknown","2",0.8933,0.1067,"LOW"
72,"1","Other/Unknown","Other/Unknown","2",0.8936,0.1064,"LOW"
73,"1","Other/Unknown","Other/Unknown","2",0.894,0.106,"LOW"
74,"1","Other/Unknown","Other/Unknown","2",0.8937,0.1063,"LOW"
75,"1","Other/Unknown","Other/Unknown","2",0.8934,0.1066,"LOW"
76,"1","Other/Unknown","Other/Unknown","2",0.8946,0.1054,"LOW"
77,"1","Other/Unknown","Other/Unknown","2",0.8945,0.1055,"LOW"
78,"1","Other/Unknown","Other/Unknown","2",0.8945,0.1055,"LOW"
79,"1","Other/Unknown","Other/Unknown","2",0.8944,0.1056,"LOW"
80,"1","Other/Unknown","Other/Unknown","2",0.8948,0.1052,"LOW"
81,"1","Other/Unknown","Other/Unknown","2",0.8946,0.1054,"LOW"
82,"1","Other/Unknown","Other/Unknown","2",0.8947,0.1053,"LOW"
83,"1","Other/Unknown","Other/Unknown","2",0.8959,0.1041,"LOW"
84,"1","Other/Unknown","Other/Unknown","2",0.8955,0.1045,"LOW"
85,"1","Other/Unknown","Other/Unknown","2",0.8948,0.1052,"LOW"
86,"1","Other/Unknown","Other/Unknown","2",0.8961,0.1039,"LOW"
87,"1","Other/Unknown","Other/Unknown","2",0.8973,0.1027,"LOW"
88,"1","Other/Unknown","Other/Unknown","2",0.8975,0.1025,"LOW"
89,"1","Other/Unknown","Other/Unknown","2",0.8982,0.1018,"LOW"
90,"1","Other/Unknown","Other/Unknown","2",0.8985,0.1015,"LOW"
91,"1","Other/Unknown","Other/Unknown","2",0.8985,0.1015,"LOW"
92,"1","Other/Unknown","Other/Unknown","2",0.8985,0.1015,"LOW"
93,"1","Other/Unknown","Other/Unknown","2",0.8985,0.1015,"LOW"
94,"1","Other/Unknown","Other/Unknown","2",0.8985,0.1015,"LOW"
95,"1","Other/Unknown","Other/Unknown","2",0.8985,0.1015,"LOW"
96,"1","Other/Unknown","Other/Unknown","2",0.8985,0.1015,"LOW"
97,"1","Other/Unknown","Other/Unknown","2",0.8985,0.1015,"LOW"
98,"1","Other/Unknown","Other/Unknown","2",0.8985,0.1015,"LOW"
99,"1","Other/Unknown","Other/Unknown","2",0.8985,0.1015,"LOW"
0,"2","Other/Unknown","Other/Unknown","2",0.8669,0.1331,"LOW"
1,"2","Other/Unknown","Other/Unknown","2",0.8638,0.1362,"LOW"
2,"2","Other/Unknown","Other/Unknown","2",0.8693,0.1307,"LOW"
3,"2","Other/Unknown","Other/Unknown","2",0.8677,0.1323,"LOW"
4,"2","Other/Unknown","Other/Unknown","2",0.8731,0.1269,"LOW"
5,"2","Other/Unknown","Other/Unknown","2",0.8723,0.1277,"LOW"
6,"2","Other/Unknown","Other/Unknown","2",0.8754,0.1246,"LOW"
7,"2","Other/Unknown","Other/Unknown","2",0.8746,0.1254,"LOW"
8,"2","Other/Unknown","Other/Unknown","2",0.874,0.126,"LOW"
9,"2","Other/Unknown","Other/Unknown","2",0.8739,0.1261,"LOW"
10,"2","Other/Unknown","Other/Unknown","2",0.8741,0.1259,"LOW"
11,"2","Other/Unknown","Other/Unknown","2",0.8748,0.1252,"LOW"
12,"2","Other/Unknown","Other/Unknown","2",0.876,0.124,"LOW"
13,"2","Other/Unknown","Other/Unknown","2",0.8767,0.1233,"LOW"
14,"2","Other/Unknown","Other/Unknown","2",0.8789,0.1211,"LOW"
15,"2","Other/Unknown","Other/Unknown","2",0.8795,0.1205,"LOW"
16,"2","Other/Unknown","Other/Unknown","2",0.8787,0.1213,"LOW"
17,"2","Other/Unknown","Other/Unknown","2",0.8804,0.1196,"LOW"
18,"2","Other/Unknown","Other/Unknown","2",0.8831,0.1169,"LOW"
19,"2","Other/Unknown","Other/Unknown","2",0.882,0.118,"LOW"
20,"2","Other/Unknown","Other/Unknown","2",0.882,0.118,"LOW"
21,"2","Other/Unknown","Other/Unknown","2",0.8851,0.1149,"LOW"
22,"2","Other/Unknown","Other/Unknown","2",0.8849,0.1151,"LOW"
23,"2","Other/Unknown","Other/Unknown","2",0.8863,0.1137,"LOW"
24,"2","Other/Unknown","Other/Unknown","2",0.8869,0.1131,"LOW"
25,"2","Other/Unknown","Other/Unknown","2",0.8866,0.1134,"LOW"
26,"2","Other/Unknown","Other/Unknown","2",0.888,0.112,"LOW"
27,"2","Other/Unknown","Other/Unknown","2",0.8882,0.1118,"LOW"
28,"2","Other/Unknown","Other/Unknown","2",0.888,0.112,"LOW"
29,"2","Other/Unknown","Other/Unknown","2",0.8877,0.1123,"LOW"
30,"2","Other/Unknown","Other/Unknown","2",0.888,0.112,"LOW"
31,"2","Other/Unknown","Other/Unknown","2",0.8888,0.1112,"LOW"
32,"2","Other/Unknown","Other/Unknown","2",0.8888,0.1112,"LOW"
33,"2","Other/Unknown","Other/Unknown","2",0.8888,0.1112,"LOW"
34,"2","Other/Unknown","Other/Unknown","2",0.8892,0.1108,"LOW"
35,"2","Other/Unknown","Other/Unknown","2",0.8884,0.1116,"LOW"
36,"2","Other/Unknown","Other/Unknown","2",0.8883,0.1117,"LOW"
37,"2","Other/Unknown","Other/Unknown","2",0.8892,0.1108,"LOW"
38,"2","Other/Unknown","Other/Unknown","2",0.8897,0.1103,"LOW"
39,"2","Other/Unknown","Other/Unknown","2",0.8885,0.1115,"LOW"
40,"2","Other/Unknown","Other/Unknown","2",0.8889,0.1111,"LOW"
41,"2","Other/Unknown","Other/Unknown","2",0.8892,0.1108,"LOW"
42,"2","Other/Unknown","Other/Unknown","2",0.8891,0.1109,"LOW"
43,"2","Other/Unknown","Other/Unknown","2",0.8884,0.1116,"LOW"
44,"2","Other/Unknown","Other/Unknown","2",0.8863,0.1137,"LOW"
45,"2","Other/Unknown","Other/Unknown","2",0.8845,0.1155,"LOW"
46,"2","Other/Unknown","Other/Unknown","2",0.8856,0.1144,"LOW"
47,"2","Other/Unknown","Other/Unknown","2",0.8887,0.1113,"LOW"
48,"2","Other/Unknown","Other/Unknown","2",0.8878,0.1122,"LOW"
49,"2","Other/Unknown","Other/Unknown","2",0.8874,0.1126,"LOW"
50,"2","Other/Unknown","Other/Unknown","2",0.8875,0.1125,"LOW"
51,"2","Other/Unknown","Other/Unknown","2",0.8883,0.1117,"LOW"
52,"2","Other/Unknown","Other/Unknown","2",0.8893,0.1107,"LOW"
53,"2","Other/Unknown","Other/Unknown","2",0.8893,0.1107,"LOW"
54,"2","Other/Unknown","Other/Unknown","2",0.8893,0.1107,"LOW"
55,"2","Other/Unknown","Other/Unknown","2",0.8892,0.1108,"LOW"
56,"2","Other/Unknown","Other/Unknown","2",0.8881,0.1119,"LOW"
57,"2","Other/Unknown","Other/Unknown","2",0.8878,0.1122,"LOW"
58,"2","Other/Unknown","Other/Unknown","2",0.8881,0.1119,"LOW"
59,"2","Other/Unknown","Other/Unknown","2",0.8878,0.1122,"LOW"
60,"2","Other/Unknown","Other/Unknown","2",0.888,0.112,"LOW"
61,"2","Other/Unknown","Other/Unknown","2",0.8874,0.1126,"LOW"
62,"2","Other/Unknown","Other/Unknown","2",0.8872,0.1128,"LOW"
63,"2","Other/Unknown","Other/Unknown","2",0.8868,0.1132,"LOW"
64,"2","Other/Unknown","Other/Unknown","2",0.8865,0.1135,"LOW"
65,"2","Other/Unknown","Other/Unknown","2",0.8872,0.1128,"LOW"
66,"2","Other/Unknown","Other/Unknown","2",0.8875,0.1125,"LOW"
67,"2","Other/Unknown","Other/Unknown","2",0.8874,0.1126,"LOW"
68,"2","Other/Unknown","Other/Unknown","2",0.8882,0.1118,"LOW"
69,"2","Other/Unknown","Other/Unknown","2",0.8883,0.1117,"LOW"
70,"2","Other/Unknown","Other/Unknown","2",0.888,0.112,"LOW"
71,"2","Other/Unknown","Other/Unknown","2",0.8873,0.1127,"LOW"
72,"2","Other/Unknown","Other/Unknown","2",0.8868,0.1132,"LOW"
73,"2","Other/Unknown","Other/Unknown","2",0.887,0.113,"LOW"
74,"2","Other/Unknown","Other/Unknown","2",0.887,0.113,"LOW"
75,"2","Other/Unknown","Other/Unknown","2",0.8873,0.1127,"LOW"
76,"2","Other/Unknown","Other/Unknown","2",0.8883,0.1117,"LOW"
77,"2","Other/Unknown","Other/Unknown","2",0.8885,0.1115,"LOW"
78,"2","Other/Unknown","Other/Unknown","2",0.8882,0.1118,"LOW"
79,"2","Other/Unknown","Other/Unknown","2",0.8888,0.1112,"LOW"
80,"2","Other/Unknown","Other/Unknown","2",0.8878,0.1122,"LOW"
81,"2","Other/Unknown","Other/Unknown","2",0.8877,0.1123,"LOW"
82,"2","Other/Unknown","Other/Unknown","2",0.888,0.112,"LOW"
83,"2","Other/Unknown","Other/Unknown","2",0.8903,0.1097,"LOW"
84,"2","Other/Unknown","Other/Unknown","2",0.8899,0.1101,"LOW"
85,"2","Other/Unknown","Other/Unknown","2",0.889,0.111,"LOW"
86,"2","Other/Unknown","Other/Unknown","2",0.8906,0.1094,"LOW"
87,"2","Other/Unknown","Other/Unknown","2",0.8921,0.1079,"LOW"
88,"2","Other/Unknown","Other/Unknown","2",0.8923,0.1077,"LOW"
89,"2","Other/Unknown","Other/Unknown","2",0.893,0.107,"LOW"
90,"2","Other/Unknown","Other/Unknown","2",0.893,0.107,"LOW"
91,"2","Other/Unknown","Other/Unknown","2",0.893,0.107,"LOW"
92,"2","Other/Unknown","Other/Unknown","2",0.893,0.107,"LOW"
93,"2","Other/Unknown","Other/Unknown","2",0.893,0.107,"LOW"
94,"2","Other/Unknown","Other/Unknown","2",0.893,0.107,"LOW"
95,"2","Other/Unknown","Other/Unknown","2",0.893,0.107,"LOW"
96,"2","Other/Unknown","Other/Unknown","2",0.893,0.107,"LOW"
97,"2","Other/Unknown","Other/Unknown","2",0.893,0.107,"LOW"
98,"2","Other/Unknown","Other/Unknown","2",0.893,0.107,"LOW"
99,"2","Other/Unknown","Other/Unknown","2",0.893,0.107,"LOW"
0,"1","N0","T1","2",0.9267,0.0733,"LOW"
1,"1","N0","T1","2",0.9278,0.0722,"LOW"
2,"1","N0","T1","2",0.9275,0.0725,"LOW"
3,"1","N0","T1","2",0.9153,0.0847,"LOW"
4,"1","N0","T1","2",0.92,0.08,"LOW"
5,"1","N0","T1","2",0.9239,0.0761,"LOW"
6,"1","N0","T1","2",0.9267,0.0733,"LOW"
7,"1","N0","T1","2",0.9272,0.0728,"LOW"
8,"1","N0","T1","2",0.9263,0.0737,"LOW"
9,"1","N0","T1","2",0.9262,0.0738,"LOW"
10,"1","N0","T1","2",0.9323,0.0677,"LOW"
11,"1","N0","T1","2",0.9353,0.0647,"LOW"
12,"1","N0","T1","2",0.9378,0.0622,"LOW"
13,"1","N0","T1","2",0.9403,0.0597,"LOW"
14,"1","N0","T1","2",0.941,0.059,"LOW"
15,"1","N0","T1","2",0.9407,0.0593,"LOW"
16,"1","N0","T1","2",0.9428,0.0572,"LOW"
17,"1","N0","T1","2",0.9439,0.0561,"LOW"
18,"1","N0","T1","2",0.9444,0.0556,"LOW"
19,"1","N0","T1","2",0.946,0.054,"LOW"
20,"1","N0","T1","2",0.9454,0.0546,"LOW"
21,"1","N0","T1","2",0.9451,0.0549,"LOW"
22,"1","N0","T1","2",0.947,0.053,"LOW"
23,"1","N0","T1","2",0.9471,0.0529,"LOW"
24,"1","N0","T1","2",0.9464,0.0536,"LOW"
25,"1","N0","T1","2",0.9462,0.0538,"LOW"
26,"1","N0","T1","2",0.9465,0.0535,"LOW"
27,"1","N0","T1","2",0.9471,0.0529,"LOW"
28,"1","N0","T1","2",0.9469,0.0531,"LOW"
29,"1","N0","T1","2",0.9472,0.0528,"LOW"
30,"1","N0","T1","2",0.9454,0.0546,"LOW"
31,"1","N0","T1","2",0.9473,0.0527,"LOW"
32,"1","N0","T1","2",0.9487,0.0513,"LOW"
33,"1","N0","T1","2",0.9486,0.0514,"LOW"
34,"1","N0","T1","2",0.9485,0.0515,"LOW"
35,"1","N0","T1","2",0.9468,0.0532,"LOW"
36,"1","N0","T1","2",0.9469,0.0531,"LOW"
37,"1","N0","T1","2",0.9458,0.0542,"LOW"
38,"1","N0","T1","2",0.948,0.052,"LOW"
39,"1","N0","T1","2",0.9494,0.0506,"LOW"
40,"1","N0","T1","2",0.9512,0.0488,"LOW"
41,"1","N0","T1","2",0.9511,0.0489,"LOW"
42,"1","N0","T1","2",0.9514,0.0486,"LOW"
43,"1","N0","T1","2",0.9536,0.0464,"LOW"
44,"1","N0","T1","2",0.9535,0.0465,"LOW"
45,"1","N0","T1","2",0.9534,0.0466,"LOW"
46,"1","N0","T1","2",0.9533,0.0467,"LOW"
47,"1","N0","T1","2",0.9535,0.0465,"LOW"
48,"1","N0","T1","2",0.9535,0.0465,"LOW"
49,"1","N0","T1","2",0.9543,0.0457,"LOW"
50,"1","N0","T1","2",0.9541,0.0459,"LOW"
51,"1","N0","T1","2",0.9542,0.0458,"LOW"
52,"1","N0","T1","2",0.9537,0.0463,"LOW"
53,"1","N0","T1","2",0.9535,0.0465,"LOW"
54,"1","N0","T1","2",0.9534,0.0466,"LOW"
55,"1","N0","T1","2",0.9534,0.0466,"LOW"
56,"1","N0","T1","2",0.9533,0.0467,"LOW"
57,"1","N0","T1","2",0.9533,0.0467,"LOW"
58,"1","N0","T1","2",0.9533,0.0467,"LOW"
59,"1","N0","T1","2",0.9533,0.0467,"LOW"
60,"1","N0","T1","2",0.9534,0.0466,"LOW"
61,"1","N0","T1","2",0.9533,0.0467,"LOW"
62,"1","N0","T1","2",0.9529,0.0471,"LOW"
63,"1","N0","T1","2",0.9528,0.0472,"LOW"
64,"1","N0","T1","2",0.9524,0.0476,"LOW"
65,"1","N0","T1","2",0.9523,0.0477,"LOW"
66,"1","N0","T1","2",0.9519,0.0481,"LOW"
67,"1","N0","T1","2",0.952,0.048,"LOW"
68,"1","N0","T1","2",0.9511,0.0489,"LOW"
69,"1","N0","T1","2",0.9509,0.0491,"LOW"
70,"1","N0","T1","2",0.9506,0.0494,"LOW"
71,"1","N0","T1","2",0.9505,0.0495,"LOW"
72,"1","N0","T1","2",0.9497,0.0503,"LOW"
73,"1","N0","T1","2",0.9497,0.0503,"LOW"
74,"1","N0","T1","2",0.9481,0.0519,"LOW"
75,"1","N0","T1","2",0.9485,0.0515,"LOW"
76,"1","N0","T1","2",0.9484,0.0516,"LOW"
77,"1","N0","T1","2",0.9485,0.0515,"LOW"
78,"1","N0","T1","2",0.9458,0.0542,"LOW"
79,"1","N0","T1","2",0.9448,0.0552,"LOW"
80,"1","N0","T1","2",0.9444,0.0556,"LOW"
81,"1","N0","T1","2",0.9415,0.0585,"LOW"
82,"1","N0","T1","2",0.9347,0.0653,"LOW"
83,"1","N0","T1","2",0.9357,0.0643,"LOW"
84,"1","N0","T1","2",0.935,0.065,"LOW"
85,"1","N0","T1","2",0.9345,0.0655,"LOW"
86,"1","N0","T1","2",0.9331,0.0669,"LOW"
87,"1","N0","T1","2",0.9343,0.0657,"LOW"
88,"1","N0","T1","2",0.9344,0.0656,"LOW"
89,"1","N0","T1","2",0.9347,0.0653,"LOW"
90,"1","N0","T1","2",0.933,0.067,"LOW"
91,"1","N0","T1","2",0.933,0.067,"LOW"
92,"1","N0","T1","2",0.933,0.067,"LOW"
93,"1","N0","T1","2",0.933,0.067,"LOW"
94,"1","N0","T1","2",0.933,0.067,"LOW"
95,"1","N0","T1","2",0.933,0.067,"LOW"
96,"1","N0","T1","2",0.933,0.067,"LOW"
97,"1","N0","T1","2",0.933,0.067,"LOW"
98,"1","N0","T1","2",0.933,0.067,"LOW"
99,"1","N0","T1","2",0.933,0.067,"LOW"
0,"2","N0","T1","2",0.9368,0.0632,"LOW"
1,"2","N0","T1","2",0.9372,0.0628,"LOW"
2,"2","N0","T1","2",0.9365,0.0635,"LOW"
3,"2","N0","T1","2",0.9282,0.0718,"LOW"
4,"2","N0","T1","2",0.9355,0.0645,"LOW"
5,"2","N0","T1","2",0.9362,0.0638,"LOW"
6,"2","N0","T1","2",0.9381,0.0619,"LOW"
7,"2","N0","T1","2",0.9418,0.0582,"LOW"
8,"2","N0","T1","2",0.9427,0.0573,"LOW"
9,"2","N0","T1","2",0.9426,0.0574,"LOW"
10,"2","N0","T1","2",0.9468,0.0532,"LOW"
11,"2","N0","T1","2",0.9495,0.0505,"LOW"
12,"2","N0","T1","2",0.9522,0.0478,"LOW"
13,"2","N0","T1","2",0.9533,0.0467,"LOW"
14,"2","N0","T1","2",0.9545,0.0455,"LOW"
15,"2","N0","T1","2",0.9548,0.0452,"LOW"
16,"2","N0","T1","2",0.956,0.044,"LOW"
17,"2","N0","T1","2",0.9566,0.0434,"LOW"
18,"2","N0","T1","2",0.958,0.042,"LOW"
19,"2","N0","T1","2",0.9586,0.0414,"LOW"
20,"2","N0","T1","2",0.9578,0.0422,"LOW"
21,"2","N0","T1","2",0.9582,0.0418,"LOW"
22,"2","N0","T1","2",0.96,0.04,"LOW"
23,"2","N0","T1","2",0.9601,0.0399,"LOW"
24,"2","N0","T1","2",0.9603,0.0397,"LOW"
25,"2","N0","T1","2",0.9602,0.0398,"LOW"
26,"2","N0","T1","2",0.9605,0.0395,"LOW"
27,"2","N0","T1","2",0.9607,0.0393,"LOW"
28,"2","N0","T1","2",0.9611,0.0389,"LOW"
29,"2","N0","T1","2",0.9617,0.0383,"LOW"
30,"2","N0","T1","2",0.9613,0.0387,"LOW"
31,"2","N0","T1","2",0.9612,0.0388,"LOW"
32,"2","N0","T1","2",0.961,0.039,"LOW"
33,"2","N0","T1","2",0.9608,0.0392,"LOW"
34,"2","N0","T1","2",0.96,0.04,"LOW"
35,"2","N0","T1","2",0.9612,0.0388,"LOW"
36,"2","N0","T1","2",0.9613,0.0387,"LOW"
37,"2","N0","T1","2",0.9615,0.0385,"LOW"
38,"2","N0","T1","2",0.9616,0.0384,"LOW"
39,"2","N0","T1","2",0.9618,0.0382,"LOW"
40,"2","N0","T1","2",0.9615,0.0385,"LOW"
41,"2","N0","T1","2",0.9614,0.0386,"LOW"
42,"2","N0","T1","2",0.9617,0.0383,"LOW"
43,"2","N0","T1","2",0.9623,0.0377,"LOW"
44,"2","N0","T1","2",0.9622,0.0378,"LOW"
45,"2","N0","T1","2",0.9616,0.0384,"LOW"
46,"2","N0","T1","2",0.9617,0.0383,"LOW"
47,"2","N0","T1","2",0.962,0.038,"LOW"
48,"2","N0","T1","2",0.962,0.038,"LOW"
49,"2","N0","T1","2",0.9626,0.0374,"LOW"
50,"2","N0","T1","2",0.9623,0.0377,"LOW"
51,"2","N0","T1","2",0.9618,0.0382,"LOW"
52,"2","N0","T1","2",0.9624,0.0376,"LOW"
53,"2","N0","T1","2",0.9624,0.0376,"LOW"
54,"2","N0","T1","2",0.9623,0.0377,"LOW"
55,"2","N0","T1","2",0.9623,0.0377,"LOW"
56,"2","N0","T1","2",0.9624,0.0376,"LOW"
57,"2","N0","T1","2",0.9623,0.0377,"LOW"
58,"2","N0","T1","2",0.9624,0.0376,"LOW"
59,"2","N0","T1","2",0.9625,0.0375,"LOW"
60,"2","N0","T1","2",0.9625,0.0375,"LOW"
61,"2","N0","T1","2",0.9623,0.0377,"LOW"
62,"2","N0","T1","2",0.9623,0.0377,"LOW"
63,"2","N0","T1","2",0.9624,0.0376,"LOW"
64,"2","N0","T1","2",0.9622,0.0378,"LOW"
65,"2","N0","T1","2",0.9619,0.0381,"LOW"
66,"2","N0","T1","2",0.9616,0.0384,"LOW"
67,"2","N0","T1","2",0.9615,0.0385,"LOW"
68,"2","N0","T1","2",0.9613,0.0387,"LOW"
69,"2","N0","T1","2",0.961,0.039,"LOW"
70,"2","N0","T1","2",0.9614,0.0386,"LOW"
71,"2","N0","T1","2",0.9617,0.0383,"LOW"
72,"2","N0","T1","2",0.9612,0.0388,"LOW"
73,"2","N0","T1","2",0.9612,0.0388,"LOW"
74,"2","N0","T1","2",0.9605,0.0395,"LOW"
75,"2","N0","T1","2",0.9608,0.0392,"LOW"
76,"2","N0","T1","2",0.9607,0.0393,"LOW"
77,"2","N0","T1","2",0.9608,0.0392,"LOW"
78,"2","N0","T1","2",0.9591,0.0409,"LOW"
79,"2","N0","T1","2",0.959,0.041,"LOW"
80,"2","N0","T1","2",0.9586,0.0414,"LOW"
81,"2","N0","T1","2",0.958,0.042,"LOW"
82,"2","N0","T1","2",0.9564,0.0436,"LOW"
83,"2","N0","T1","2",0.9576,0.0424,"LOW"
84,"2","N0","T1","2",0.9567,0.0433,"LOW"
85,"2","N0","T1","2",0.9561,0.0439,"LOW"
86,"2","N0","T1","2",0.954,0.046,"LOW"
87,"2","N0","T1","2",0.9559,0.0441,"LOW"
88,"2","N0","T1","2",0.9559,0.0441,"LOW"
89,"2","N0","T1","2",0.9562,0.0438,"LOW"
90,"2","N0","T1","2",0.9536,0.0464,"LOW"
91,"2","N0","T1","2",0.9536,0.0464,"LOW"
92,"2","N0","T1","2",0.9536,0.0464,"LOW"
93,"2","N0","T1","2",0.9536,0.0464,"LOW"
94,"2","N0","T1","2",0.9536,0.0464,"LOW"
95,"2","N0","T1","2",0.9536,0.0464,"LOW"
96,"2","N0","T1","2",0.9536,0.0464,"LOW"
97,"2","N0","T1","2",0.9536,0.0464,"LOW"
98,"2","N0","T1","2",0.9536,0.0464,"LOW"
99,"2","N0","T1","2",0.9536,0.0464,"LOW"
0,"1","N1","T1","2",0.7645,0.2355,"LOW"
1,"1","N1","T1","2",0.766,0.234,"LOW"
2,"1","N1","T1","2",0.7638,0.2362,"LOW"
3,"1","N1","T1","2",0.76,0.24,"LOW"
4,"1","N1","T1","2",0.764,0.236,"LOW"
5,"1","N1","T1","2",0.7652,0.2348,"LOW"
6,"1","N1","T1","2",0.771,0.229,"LOW"
7,"1","N1","T1","2",0.773,0.227,"LOW"
8,"1","N1","T1","2",0.7746,0.2254,"LOW"
9,"1","N1","T1","2",0.7742,0.2258,"LOW"
10,"1","N1","T1","2",0.7743,0.2257,"LOW"
11,"1","N1","T1","2",0.7732,0.2268,"LOW"
12,"1","N1","T1","2",0.7737,0.2263,"LOW"
13,"1","N1","T1","2",0.7745,0.2255,"LOW"
14,"1","N1","T1","2",0.7754,0.2246,"LOW"
15,"1","N1","T1","2",0.7774,0.2226,"LOW"
16,"1","N1","T1","2",0.7793,0.2207,"LOW"
17,"1","N1","T1","2",0.7804,0.2196,"LOW"
18,"1","N1","T1","2",0.781,0.219,"LOW"
19,"1","N1","T1","2",0.7809,0.2191,"LOW"
20,"1","N1","T1","2",0.7824,0.2176,"LOW"
21,"1","N1","T1","2",0.7826,0.2174,"LOW"
22,"1","N1","T1","2",0.7836,0.2164,"LOW"
23,"1","N1","T1","2",0.7856,0.2144,"LOW"
24,"1","N1","T1","2",0.7837,0.2163,"LOW"
25,"1","N1","T1","2",0.786,0.214,"LOW"
26,"1","N1","T1","2",0.7861,0.2139,"LOW"
27,"1","N1","T1","2",0.7848,0.2152,"LOW"
28,"1","N1","T1","2",0.7851,0.2149,"LOW"
29,"1","N1","T1","2",0.7858,0.2142,"LOW"
30,"1","N1","T1","2",0.7848,0.2152,"LOW"
31,"1","N1","T1","2",0.7829,0.2171,"LOW"
32,"1","N1","T1","2",0.7809,0.2191,"LOW"
33,"1","N1","T1","2",0.7834,0.2166,"LOW"
34,"1","N1","T1","2",0.7826,0.2174,"LOW"
35,"1","N1","T1","2",0.7804,0.2196,"LOW"
36,"1","N1","T1","2",0.7793,0.2207,"LOW"
37,"1","N1","T1","2",0.7778,0.2222,"LOW"
38,"1","N1","T1","2",0.7763,0.2237,"LOW"
39,"1","N1","T1","2",0.7763,0.2237,"LOW"
40,"1","N1","T1","2",0.7772,0.2228,"LOW"
41,"1","N1","T1","2",0.7762,0.2238,"LOW"
42,"1","N1","T1","2",0.776,0.224,"LOW"
43,"1","N1","T1","2",0.7778,0.2222,"LOW"
44,"1","N1","T1","2",0.7769,0.2231,"LOW"
45,"1","N1","T1","2",0.7772,0.2228,"LOW"
46,"1","N1","T1","2",0.7772,0.2228,"LOW"
47,"1","N1","T1","2",0.7774,0.2226,"LOW"
48,"1","N1","T1","2",0.7759,0.2241,"LOW"
49,"1","N1","T1","2",0.7752,0.2248,"LOW"
50,"1","N1","T1","2",0.7731,0.2269,"LOW"
51,"1","N1","T1","2",0.7725,0.2275,"LOW"
52,"1","N1","T1","2",0.7741,0.2259,"LOW"
53,"1","N1","T1","2",0.7741,0.2259,"LOW"
54,"1","N1","T1","2",0.7748,0.2252,"LOW"
55,"1","N1","T1","2",0.775,0.225,"LOW"
56,"1","N1","T1","2",0.7752,0.2248,"LOW"
57,"1","N1","T1","2",0.7751,0.2249,"LOW"
58,"1","N1","T1","2",0.7744,0.2256,"LOW"
59,"1","N1","T1","2",0.7744,0.2256,"LOW"
60,"1","N1","T1","2",0.7774,0.2226,"LOW"
61,"1","N1","T1","2",0.7776,0.2224,"LOW"
62,"1","N1","T1","2",0.7804,0.2196,"LOW"
63,"1","N1","T1","2",0.7789,0.2211,"LOW"
64,"1","N1","T1","2",0.7801,0.2199,"LOW"
65,"1","N1","T1","2",0.7788,0.2212,"LOW"
66,"1","N1","T1","2",0.7811,0.2189,"LOW"
67,"1","N1","T1","2",0.7806,0.2194,"LOW"
68,"1","N1","T1","2",0.779,0.221,"LOW"
69,"1","N1","T1","2",0.781,0.219,"LOW"
70,"1","N1","T1","2",0.785,0.215,"LOW"
71,"1","N1","T1","2",0.7836,0.2164,"LOW"
72,"1","N1","T1","2",0.7817,0.2183,"LOW"
73,"1","N1","T1","2",0.782,0.218,"LOW"
74,"1","N1","T1","2",0.782,0.218,"LOW"
75,"1","N1","T1","2",0.7814,0.2186,"LOW"
76,"1","N1","T1","2",0.7793,0.2207,"LOW"
77,"1","N1","T1","2",0.7786,0.2214,"LOW"
78,"1","N1","T1","2",0.7782,0.2218,"LOW"
79,"1","N1","T1","2",0.778,0.222,"LOW"
80,"1","N1","T1","2",0.778,0.222,"LOW"
81,"1","N1","T1","2",0.777,0.223,"LOW"
82,"1","N1","T1","2",0.7739,0.2261,"LOW"
83,"1","N1","T1","2",0.7779,0.2221,"LOW"
84,"1","N1","T1","2",0.7759,0.2241,"LOW"
85,"1","N1","T1","2",0.7714,0.2286,"LOW"
86,"1","N1","T1","2",0.7729,0.2271,"LOW"
87,"1","N1","T1","2",0.7729,0.2271,"LOW"
88,"1","N1","T1","2",0.773,0.227,"LOW"
89,"1","N1","T1","2",0.7742,0.2258,"LOW"
90,"1","N1","T1","2",0.7723,0.2277,"LOW"
91,"1","N1","T1","2",0.7723,0.2277,"LOW"
92,"1","N1","T1","2",0.7723,0.2277,"LOW"
93,"1","N1","T1","2",0.7723,0.2277,"LOW"
94,"1","N1","T1","2",0.7723,0.2277,"LOW"
95,"1","N1","T1","2",0.7723,0.2277,"LOW"
96,"1","N1","T1","2",0.7723,0.2277,"LOW"
97,"1","N1","T1","2",0.7723,0.2277,"LOW"
98,"1","N1","T1","2",0.7723,0.2277,"LOW"
99,"1","N1","T1","2",0.7723,0.2277,"LOW"
0,"2","N1","T1","2",0.7834,0.2166,"LOW"
1,"2","N1","T1","2",0.7838,0.2162,"LOW"
2,"2","N1","T1","2",0.7846,0.2154,"LOW"
3,"2","N1","T1","2",0.7834,0.2166,"LOW"
4,"2","N1","T1","2",0.7895,0.2105,"LOW"
5,"2","N1","T1","2",0.7902,0.2098,"LOW"
6,"2","N1","T1","2",0.7949,0.2051,"LOW"
7,"2","N1","T1","2",0.7985,0.2015,"LOW"
8,"2","N1","T1","2",0.7986,0.2014,"LOW"
9,"2","N1","T1","2",0.7969,0.2031,"LOW"
10,"2","N1","T1","2",0.8014,0.1986,"LOW"
11,"2","N1","T1","2",0.7998,0.2002,"LOW"
12,"2","N1","T1","2",0.8035,0.1965,"LOW"
13,"2","N1","T1","2",0.8048,0.1952,"LOW"
14,"2","N1","T1","2",0.8058,0.1942,"LOW"
15,"2","N1","T1","2",0.8081,0.1919,"LOW"
16,"2","N1","T1","2",0.811,0.189,"LOW"
17,"2","N1","T1","2",0.8126,0.1874,"LOW"
18,"2","N1","T1","2",0.8131,0.1869,"LOW"
19,"2","N1","T1","2",0.8141,0.1859,"LOW"
20,"2","N1","T1","2",0.8156,0.1844,"LOW"
21,"2","N1","T1","2",0.8166,0.1834,"LOW"
22,"2","N1","T1","2",0.8199,0.1801,"LOW"
23,"2","N1","T1","2",0.8219,0.1781,"LOW"
24,"2","N1","T1","2",0.8207,0.1793,"LOW"
25,"2","N1","T1","2",0.8226,0.1774,"LOW"
26,"2","N1","T1","2",0.8243,0.1757,"LOW"
27,"2","N1","T1","2",0.824,0.176,"LOW"
28,"2","N1","T1","2",0.8247,0.1753,"LOW"
29,"2","N1","T1","2",0.8259,0.1741,"LOW"
30,"2","N1","T1","2",0.825,0.175,"LOW"
31,"2","N1","T1","2",0.8245,0.1755,"LOW"
32,"2","N1","T1","2",0.8223,0.1777,"LOW"
33,"2","N1","T1","2",0.8245,0.1755,"LOW"
34,"2","N1","T1","2",0.8243,0.1757,"LOW"
35,"2","N1","T1","2",0.8233,0.1767,"LOW"
36,"2","N1","T1","2",0.8223,0.1777,"LOW"
37,"2","N1","T1","2",0.8234,0.1766,"LOW"
38,"2","N1","T1","2",0.8219,0.1781,"LOW"
39,"2","N1","T1","2",0.8194,0.1806,"LOW"
40,"2","N1","T1","2",0.8195,0.1805,"LOW"
41,"2","N1","T1","2",0.8201,0.1799,"LOW"
42,"2","N1","T1","2",0.8201,0.1799,"LOW"
43,"2","N1","T1","2",0.8218,0.1782,"LOW"
44,"2","N1","T1","2",0.8198,0.1802,"LOW"
45,"2","N1","T1","2",0.8188,0.1812,"LOW"
46,"2","N1","T1","2",0.8169,0.1831,"LOW"
47,"2","N1","T1","2",0.8171,0.1829,"LOW"
48,"2","N1","T1","2",0.8156,0.1844,"LOW"
49,"2","N1","T1","2",0.8162,0.1838,"LOW"
50,"2","N1","T1","2",0.816,0.184,"LOW"
51,"2","N1","T1","2",0.8156,0.1844,"LOW"
52,"2","N1","T1","2",0.8165,0.1835,"LOW"
53,"2","N1","T1","2",0.8165,0.1835,"LOW"
54,"2","N1","T1","2",0.8185,0.1815,"LOW"
55,"2","N1","T1","2",0.8167,0.1833,"LOW"
56,"2","N1","T1","2",0.8171,0.1829,"LOW"
57,"2","N1","T1","2",0.817,0.183,"LOW"
58,"2","N1","T1","2",0.815,0.185,"LOW"
59,"2","N1","T1","2",0.815,0.185,"LOW"
60,"2","N1","T1","2",0.8172,0.1828,"LOW"
61,"2","N1","T1","2",0.8152,0.1848,"LOW"
62,"2","N1","T1","2",0.8163,0.1837,"LOW"
63,"2","N1","T1","2",0.8138,0.1862,"LOW"
64,"2","N1","T1","2",0.8153,0.1847,"LOW"
65,"2","N1","T1","2",0.8146,0.1854,"LOW"
66,"2","N1","T1","2",0.8136,0.1864,"LOW"
67,"2","N1","T1","2",0.8129,0.1871,"LOW"
68,"2","N1","T1","2",0.8134,0.1866,"LOW"
69,"2","N1","T1","2",0.8175,0.1825,"LOW"
70,"2","N1","T1","2",0.8221,0.1779,"LOW"
71,"2","N1","T1","2",0.8232,0.1768,"LOW"
72,"2","N1","T1","2",0.8229,0.1771,"LOW"
73,"2","N1","T1","2",0.8252,0.1748,"LOW"
74,"2","N1","T1","2",0.8272,0.1728,"LOW"
75,"2","N1","T1","2",0.8276,0.1724,"LOW"
76,"2","N1","T1","2",0.8275,0.1725,"LOW"
77,"2","N1","T1","2",0.8248,0.1752,"LOW"
78,"2","N1","T1","2",0.8236,0.1764,"LOW"
79,"2","N1","T1","2",0.8236,0.1764,"LOW"
80,"2","N1","T1","2",0.8236,0.1764,"LOW"
81,"2","N1","T1","2",0.8215,0.1785,"LOW"
82,"2","N1","T1","2",0.8228,0.1772,"LOW"
83,"2","N1","T1","2",0.8229,0.1771,"LOW"
84,"2","N1","T1","2",0.823,0.177,"LOW"
85,"2","N1","T1","2",0.8224,0.1776,"LOW"
86,"2","N1","T1","2",0.8231,0.1769,"LOW"
87,"2","N1","T1","2",0.8231,0.1769,"LOW"
88,"2","N1","T1","2",0.8241,0.1759,"LOW"
89,"2","N1","T1","2",0.8253,0.1747,"LOW"
90,"2","N1","T1","2",0.8228,0.1772,"LOW"
91,"2","N1","T1","2",0.8228,0.1772,"LOW"
92,"2","N1","T1","2",0.8228,0.1772,"LOW"
93,"2","N1","T1","2",0.8228,0.1772,"LOW"
94,"2","N1","T1","2",0.8228,0.1772,"LOW"
95,"2","N1","T1","2",0.8228,0.1772,"LOW"
96,"2","N1","T1","2",0.8228,0.1772,"LOW"
97,"2","N1","T1","2",0.8228,0.1772,"LOW"
98,"2","N1","T1","2",0.8228,0.1772,"LOW"
99,"2","N1","T1","2",0.8228,0.1772,"LOW"
0,"1","Other/Unknown","T1","2",0.8568,0.1432,"LOW"
1,"1","Other/Unknown","T1","2",0.8565,0.1435,"LOW"
2,"1","Other/Unknown","T1","2",0.8556,0.1444,"LOW"
3,"1","Other/Unknown","T1","2",0.8464,0.1536,"LOW"
4,"1","Other/Unknown","T1","2",0.8499,0.1501,"LOW"
5,"1","Other/Unknown","T1","2",0.8536,0.1464,"LOW"
6,"1","Other/Unknown","T1","2",0.8594,0.1406,"LOW"
7,"1","Other/Unknown","T1","2",0.8594,0.1406,"LOW"
8,"1","Other/Unknown","T1","2",0.8591,0.1409,"LOW"
9,"1","Other/Unknown","T1","2",0.8597,0.1403,"LOW"
10,"1","Other/Unknown","T1","2",0.861,0.139,"LOW"
11,"1","Other/Unknown","T1","2",0.863,0.137,"LOW"
12,"1","Other/Unknown","T1","2",0.8664,0.1336,"LOW"
13,"1","Other/Unknown","T1","2",0.8704,0.1296,"LOW"
14,"1","Other/Unknown","T1","2",0.8718,0.1282,"LOW"
15,"1","Other/Unknown","T1","2",0.8732,0.1268,"LOW"
16,"1","Other/Unknown","T1","2",0.8737,0.1263,"LOW"
17,"1","Other/Unknown","T1","2",0.8751,0.1249,"LOW"
18,"1","Other/Unknown","T1","2",0.8786,0.1214,"LOW"
19,"1","Other/Unknown","T1","2",0.8796,0.1204,"LOW"
20,"1","Other/Unknown","T1","2",0.8789,0.1211,"LOW"
21,"1","Other/Unknown","T1","2",0.8786,0.1214,"LOW"
22,"1","Other/Unknown","T1","2",0.8801,0.1199,"LOW"
23,"1","Other/Unknown","T1","2",0.8824,0.1176,"LOW"
24,"1","Other/Unknown","T1","2",0.8818,0.1182,"LOW"
25,"1","Other/Unknown","T1","2",0.8844,0.1156,"LOW"
26,"1","Other/Unknown","T1","2",0.8848,0.1152,"LOW"
27,"1","Other/Unknown","T1","2",0.8874,0.1126,"LOW"
28,"1","Other/Unknown","T1","2",0.8873,0.1127,"LOW"
29,"1","Other/Unknown","T1","2",0.8887,0.1113,"LOW"
30,"1","Other/Unknown","T1","2",0.8886,0.1114,"LOW"
31,"1","Other/Unknown","T1","2",0.891,0.109,"LOW"
32,"1","Other/Unknown","T1","2",0.8966,0.1034,"LOW"
33,"1","Other/Unknown","T1","2",0.8981,0.1019,"LOW"
34,"1","Other/Unknown","T1","2",0.8984,0.1016,"LOW"
35,"1","Other/Unknown","T1","2",0.9002,0.0998,"LOW"
36,"1","Other/Unknown","T1","2",0.9004,0.0996,"LOW"
37,"1","Other/Unknown","T1","2",0.9001,0.0999,"LOW"
38,"1","Other/Unknown","T1","2",0.9001,0.0999,"LOW"
39,"1","Other/Unknown","T1","2",0.9026,0.0974,"LOW"
40,"1","Other/Unknown","T1","2",0.9034,0.0966,"LOW"
41,"1","Other/Unknown","T1","2",0.9039,0.0961,"LOW"
42,"1","Other/Unknown","T1","2",0.9039,0.0961,"LOW"
43,"1","Other/Unknown","T1","2",0.9047,0.0953,"LOW"
44,"1","Other/Unknown","T1","2",0.9045,0.0955,"LOW"
45,"1","Other/Unknown","T1","2",0.9059,0.0941,"LOW"
46,"1","Other/Unknown","T1","2",0.9055,0.0945,"LOW"
47,"1","Other/Unknown","T1","2",0.9053,0.0947,"LOW"
48,"1","Other/Unknown","T1","2",0.9053,0.0947,"LOW"
49,"1","Other/Unknown","T1","2",0.9068,0.0932,"LOW"
50,"1","Other/Unknown","T1","2",0.9068,0.0932,"LOW"
51,"1","Other/Unknown","T1","2",0.9075,0.0925,"LOW"
52,"1","Other/Unknown","T1","2",0.9069,0.0931,"LOW"
53,"1","Other/Unknown","T1","2",0.9065,0.0935,"LOW"
54,"1","Other/Unknown","T1","2",0.9063,0.0937,"LOW"
55,"1","Other/Unknown","T1","2",0.9065,0.0935,"LOW"
56,"1","Other/Unknown","T1","2",0.9063,0.0937,"LOW"
57,"1","Other/Unknown","T1","2",0.9054,0.0946,"LOW"
58,"1","Other/Unknown","T1","2",0.907,0.093,"LOW"
59,"1","Other/Unknown","T1","2",0.9071,0.0929,"LOW"
60,"1","Other/Unknown","T1","2",0.9083,0.0917,"LOW"
61,"1","Other/Unknown","T1","2",0.9081,0.0919,"LOW"
62,"1","Other/Unknown","T1","2",0.9077,0.0923,"LOW"
63,"1","Other/Unknown","T1","2",0.9085,0.0915,"LOW"
64,"1","Other/Unknown","T1","2",0.9098,0.0902,"LOW"
65,"1","Other/Unknown","T1","2",0.9098,0.0902,"LOW"
66,"1","Other/Unknown","T1","2",0.9102,0.0898,"LOW"
67,"1","Other/Unknown","T1","2",0.9108,0.0892,"LOW"
68,"1","Other/Unknown","T1","2",0.9101,0.0899,"LOW"
69,"1","Other/Unknown","T1","2",0.91,0.09,"LOW"
70,"1","Other/Unknown","T1","2",0.9107,0.0893,"LOW"
71,"1","Other/Unknown","T1","2",0.9102,0.0898,"LOW"
72,"1","Other/Unknown","T1","2",0.9101,0.0899,"LOW"
73,"1","Other/Unknown","T1","2",0.9098,0.0902,"LOW"
74,"1","Other/Unknown","T1","2",0.9104,0.0896,"LOW"
75,"1","Other/Unknown","T1","2",0.9096,0.0904,"LOW"
76,"1","Other/Unknown","T1","2",0.9098,0.0902,"LOW"
77,"1","Other/Unknown","T1","2",0.9082,0.0918,"LOW"
78,"1","Other/Unknown","T1","2",0.9074,0.0926,"LOW"
79,"1","Other/Unknown","T1","2",0.9072,0.0928,"LOW"
80,"1","Other/Unknown","T1","2",0.9069,0.0931,"LOW"
81,"1","Other/Unknown","T1","2",0.9091,0.0909,"LOW"
82,"1","Other/Unknown","T1","2",0.9059,0.0941,"LOW"
83,"1","Other/Unknown","T1","2",0.9059,0.0941,"LOW"
84,"1","Other/Unknown","T1","2",0.9052,0.0948,"LOW"
85,"1","Other/Unknown","T1","2",0.9052,0.0948,"LOW"
86,"1","Other/Unknown","T1","2",0.9033,0.0967,"LOW"
87,"1","Other/Unknown","T1","2",0.9053,0.0947,"LOW"
88,"1","Other/Unknown","T1","2",0.9054,0.0946,"LOW"
89,"1","Other/Unknown","T1","2",0.906,0.094,"LOW"
90,"1","Other/Unknown","T1","2",0.906,0.094,"LOW"
91,"1","Other/Unknown","T1","2",0.906,0.094,"LOW"
92,"1","Other/Unknown","T1","2",0.906,0.094,"LOW"
93,"1","Other/Unknown","T1","2",0.906,0.094,"LOW"
94,"1","Other/Unknown","T1","2",0.906,0.094,"LOW"
95,"1","Other/Unknown","T1","2",0.906,0.094,"LOW"
96,"1","Other/Unknown","T1","2",0.906,0.094,"LOW"
97,"1","Other/Unknown","T1","2",0.906,0.094,"LOW"
98,"1","Other/Unknown","T1","2",0.906,0.094,"LOW"
99,"1","Other/Unknown","T1","2",0.906,0.094,"LOW"
0,"2","Other/Unknown","T1","2",0.8625,0.1375,"LOW"
1,"2","Other/Unknown","T1","2",0.8606,0.1394,"LOW"
2,"2","Other/Unknown","T1","2",0.8628,0.1372,"LOW"
3,"2","Other/Unknown","T1","2",0.8545,0.1455,"LOW"
4,"2","Other/Unknown","T1","2",0.8595,0.1405,"LOW"
5,"2","Other/Unknown","T1","2",0.8638,0.1362,"LOW"
6,"2","Other/Unknown","T1","2",0.8688,0.1312,"LOW"
7,"2","Other/Unknown","T1","2",0.8704,0.1296,"LOW"
8,"2","Other/Unknown","T1","2",0.8702,0.1298,"LOW"
9,"2","Other/Unknown","T1","2",0.8701,0.1299,"LOW"
10,"2","Other/Unknown","T1","2",0.8716,0.1284,"LOW"
11,"2","Other/Unknown","T1","2",0.8733,0.1267,"LOW"
12,"2","Other/Unknown","T1","2",0.8767,0.1233,"LOW"
13,"2","Other/Unknown","T1","2",0.8778,0.1222,"LOW"
14,"2","Other/Unknown","T1","2",0.8805,0.1195,"LOW"
15,"2","Other/Unknown","T1","2",0.8819,0.1181,"LOW"
16,"2","Other/Unknown","T1","2",0.8828,0.1172,"LOW"
17,"2","Other/Unknown","T1","2",0.8832,0.1168,"LOW"
18,"2","Other/Unknown","T1","2",0.887,0.113,"LOW"
19,"2","Other/Unknown","T1","2",0.8865,0.1135,"LOW"
20,"2","Other/Unknown","T1","2",0.8858,0.1142,"LOW"
21,"2","Other/Unknown","T1","2",0.8862,0.1138,"LOW"
22,"2","Other/Unknown","T1","2",0.8868,0.1132,"LOW"
23,"2","Other/Unknown","T1","2",0.8873,0.1127,"LOW"
24,"2","Other/Unknown","T1","2",0.8876,0.1124,"LOW"
25,"2","Other/Unknown","T1","2",0.8904,0.1096,"LOW"
26,"2","Other/Unknown","T1","2",0.8904,0.1096,"LOW"
27,"2","Other/Unknown","T1","2",0.8927,0.1073,"LOW"
28,"2","Other/Unknown","T1","2",0.8926,0.1074,"LOW"
29,"2","Other/Unknown","T1","2",0.8925,0.1075,"LOW"
30,"2","Other/Unknown","T1","2",0.8944,0.1056,"LOW"
31,"2","Other/Unknown","T1","2",0.8948,0.1052,"LOW"
32,"2","Other/Unknown","T1","2",0.8975,0.1025,"LOW"
33,"2","Other/Unknown","T1","2",0.8992,0.1008,"LOW"
34,"2","Other/Unknown","T1","2",0.8989,0.1011,"LOW"
35,"2","Other/Unknown","T1","2",0.8995,0.1005,"LOW"
36,"2","Other/Unknown","T1","2",0.8999,0.1001,"LOW"
37,"2","Other/Unknown","T1","2",0.8991,0.1009,"LOW"
38,"2","Other/Unknown","T1","2",0.8991,0.1009,"LOW"
39,"2","Other/Unknown","T1","2",0.8986,0.1014,"LOW"
40,"2","Other/Unknown","T1","2",0.8985,0.1015,"LOW"
41,"2","Other/Unknown","T1","2",0.899,0.101,"LOW"
42,"2","Other/Unknown","T1","2",0.8996,0.1004,"LOW"
43,"2","Other/Unknown","T1","2",0.8992,0.1008,"LOW"
44,"2","Other/Unknown","T1","2",0.8991,0.1009,"LOW"
45,"2","Other/Unknown","T1","2",0.9001,0.0999,"LOW"
46,"2","Other/Unknown","T1","2",0.8999,0.1001,"LOW"
47,"2","Other/Unknown","T1","2",0.8997,0.1003,"LOW"
48,"2","Other/Unknown","T1","2",0.9007,0.0993,"LOW"
49,"2","Other/Unknown","T1","2",0.902,0.098,"LOW"
50,"2","Other/Unknown","T1","2",0.9019,0.0981,"LOW"
51,"2","Other/Unknown","T1","2",0.9013,0.0987,"LOW"
52,"2","Other/Unknown","T1","2",0.9014,0.0986,"LOW"
53,"2","Other/Unknown","T1","2",0.9009,0.0991,"LOW"
54,"2","Other/Unknown","T1","2",0.9009,0.0991,"LOW"
55,"2","Other/Unknown","T1","2",0.9006,0.0994,"LOW"
56,"2","Other/Unknown","T1","2",0.9004,0.0996,"LOW"
57,"2","Other/Unknown","T1","2",0.9006,0.0994,"LOW"
58,"2","Other/Unknown","T1","2",0.9009,0.0991,"LOW"
59,"2","Other/Unknown","T1","2",0.9001,0.0999,"LOW"
60,"2","Other/Unknown","T1","2",0.9011,0.0989,"LOW"
61,"2","Other/Unknown","T1","2",0.9005,0.0995,"LOW"
62,"2","Other/Unknown","T1","2",0.9007,0.0993,"LOW"
63,"2","Other/Unknown","T1","2",0.9013,0.0987,"LOW"
64,"2","Other/Unknown","T1","2",0.9006,0.0994,"LOW"
65,"2","Other/Unknown","T1","2",0.9005,0.0995,"LOW"
66,"2","Other/Unknown","T1","2",0.9007,0.0993,"LOW"
67,"2","Other/Unknown","T1","2",0.9007,0.0993,"LOW"
68,"2","Other/Unknown","T1","2",0.9007,0.0993,"LOW"
69,"2","Other/Unknown","T1","2",0.9014,0.0986,"LOW"
70,"2","Other/Unknown","T1","2",0.9015,0.0985,"LOW"
71,"2","Other/Unknown","T1","2",0.9028,0.0972,"LOW"
72,"2","Other/Unknown","T1","2",0.9031,0.0969,"LOW"
73,"2","Other/Unknown","T1","2",0.903,0.097,"LOW"
74,"2","Other/Unknown","T1","2",0.9039,0.0961,"LOW"
75,"2","Other/Unknown","T1","2",0.9037,0.0963,"LOW"
76,"2","Other/Unknown","T1","2",0.9042,0.0958,"LOW"
77,"2","Other/Unknown","T1","2",0.9028,0.0972,"LOW"
78,"2","Other/Unknown","T1","2",0.9028,0.0972,"LOW"
79,"2","Other/Unknown","T1","2",0.9028,0.0972,"LOW"
80,"2","Other/Unknown","T1","2",0.9026,0.0974,"LOW"
81,"2","Other/Unknown","T1","2",0.9053,0.0947,"LOW"
82,"2","Other/Unknown","T1","2",0.9054,0.0946,"LOW"
83,"2","Other/Unknown","T1","2",0.9055,0.0945,"LOW"
84,"2","Other/Unknown","T1","2",0.9048,0.0952,"LOW"
85,"2","Other/Unknown","T1","2",0.9048,0.0952,"LOW"
86,"2","Other/Unknown","T1","2",0.9029,0.0971,"LOW"
87,"2","Other/Unknown","T1","2",0.905,0.095,"LOW"
88,"2","Other/Unknown","T1","2",0.9051,0.0949,"LOW"
89,"2","Other/Unknown","T1","2",0.9058,0.0942,"LOW"
90,"2","Other/Unknown","T1","2",0.9052,0.0948,"LOW"
91,"2","Other/Unknown","T1","2",0.9052,0.0948,"LOW"
92,"2","Other/Unknown","T1","2",0.9052,0.0948,"LOW"
93,"2","Other/Unknown","T1","2",0.9052,0.0948,"LOW"
94,"2","Other/Unknown","T1","2",0.9052,0.0948,"LOW"
95,"2","Other/Unknown","T1","2",0.9052,0.0948,"LOW"
96,"2","Other/Unknown","T1","2",0.9052,0.0948,"LOW"
97,"2","Other/Unknown","T1","2",0.9052,0.0948,"LOW"
98,"2","Other/Unknown","T1","2",0.9052,0.0948,"LOW"
99,"2","Other/Unknown","T1","2",0.9052,0.0948,"LOW"
0,"1","N0","T2","2",0.8813,0.1187,"LOW"
1,"1","N0","T2","2",0.885,0.115,"LOW"
2,"1","N0","T2","2",0.8873,0.1127,"LOW"
3,"1","N0","T2","2",0.8829,0.1171,"LOW"
4,"1","N0","T2","2",0.8872,0.1128,"LOW"
5,"1","N0","T2","2",0.8898,0.1102,"LOW"
6,"1","N0","T2","2",0.8921,0.1079,"LOW"
7,"1","N0","T2","2",0.8935,0.1065,"LOW"
8,"1","N0","T2","2",0.8944,0.1056,"LOW"
9,"1","N0","T2","2",0.8918,0.1082,"LOW"
10,"1","N0","T2","2",0.8938,0.1062,"LOW"
11,"1","N0","T2","2",0.8947,0.1053,"LOW"
12,"1","N0","T2","2",0.8977,0.1023,"LOW"
13,"1","N0","T2","2",0.9001,0.0999,"LOW"
14,"1","N0","T2","2",0.9018,0.0982,"LOW"
15,"1","N0","T2","2",0.9022,0.0978,"LOW"
16,"1","N0","T2","2",0.9044,0.0956,"LOW"
17,"1","N0","T2","2",0.9047,0.0953,"LOW"
18,"1","N0","T2","2",0.9057,0.0943,"LOW"
19,"1","N0","T2","2",0.9076,0.0924,"LOW"
20,"1","N0","T2","2",0.9097,0.0903,"LOW"
21,"1","N0","T2","2",0.9098,0.0902,"LOW"
22,"1","N0","T2","2",0.9118,0.0882,"LOW"
23,"1","N0","T2","2",0.9121,0.0879,"LOW"
24,"1","N0","T2","2",0.9125,0.0875,"LOW"
25,"1","N0","T2","2",0.9104,0.0896,"LOW"
26,"1","N0","T2","2",0.9104,0.0896,"LOW"
27,"1","N0","T2","2",0.9098,0.0902,"LOW"
28,"1","N0","T2","2",0.9094,0.0906,"LOW"
29,"1","N0","T2","2",0.9113,0.0887,"LOW"
30,"1","N0","T2","2",0.9085,0.0915,"LOW"
31,"1","N0","T2","2",0.9106,0.0894,"LOW"
32,"1","N0","T2","2",0.9132,0.0868,"LOW"
33,"1","N0","T2","2",0.9136,0.0864,"LOW"
34,"1","N0","T2","2",0.914,0.086,"LOW"
35,"1","N0","T2","2",0.916,0.084,"LOW"
36,"1","N0","T2","2",0.9164,0.0836,"LOW"
37,"1","N0","T2","2",0.916,0.084,"LOW"
38,"1","N0","T2","2",0.9202,0.0798,"LOW"
39,"1","N0","T2","2",0.9215,0.0785,"LOW"
40,"1","N0","T2","2",0.9226,0.0774,"LOW"
41,"1","N0","T2","2",0.9228,0.0772,"LOW"
42,"1","N0","T2","2",0.9233,0.0767,"LOW"
43,"1","N0","T2","2",0.9241,0.0759,"LOW"
44,"1","N0","T2","2",0.9247,0.0753,"LOW"
45,"1","N0","T2","2",0.9246,0.0754,"LOW"
46,"1","N0","T2","2",0.925,0.075,"LOW"
47,"1","N0","T2","2",0.9251,0.0749,"LOW"
48,"1","N0","T2","2",0.9253,0.0747,"LOW"
49,"1","N0","T2","2",0.9264,0.0736,"LOW"
50,"1","N0","T2","2",0.9261,0.0739,"LOW"
51,"1","N0","T2","2",0.9265,0.0735,"LOW"
52,"1","N0","T2","2",0.9264,0.0736,"LOW"
53,"1","N0","T2","2",0.9261,0.0739,"LOW"
54,"1","N0","T2","2",0.9259,0.0741,"LOW"
55,"1","N0","T2","2",0.9256,0.0744,"LOW"
56,"1","N0","T2","2",0.9253,0.0747,"LOW"
57,"1","N0","T2","2",0.9257,0.0743,"LOW"
58,"1","N0","T2","2",0.9257,0.0743,"LOW"
59,"1","N0","T2","2",0.9252,0.0748,"LOW"
60,"1","N0","T2","2",0.9251,0.0749,"LOW"
61,"1","N0","T2","2",0.9252,0.0748,"LOW"
62,"1","N0","T2","2",0.9256,0.0744,"LOW"
63,"1","N0","T2","2",0.9257,0.0743,"LOW"
64,"1","N0","T2","2",0.9256,0.0744,"LOW"
65,"1","N0","T2","2",0.9259,0.0741,"LOW"
66,"1","N0","T2","2",0.9255,0.0745,"LOW"
67,"1","N0","T2","2",0.9257,0.0743,"LOW"
68,"1","N0","T2","2",0.9253,0.0747,"LOW"
69,"1","N0","T2","2",0.9252,0.0748,"LOW"
70,"1","N0","T2","2",0.9228,0.0772,"LOW"
71,"1","N0","T2","2",0.9249,0.0751,"LOW"
72,"1","N0","T2","2",0.9246,0.0754,"LOW"
73,"1","N0","T2","2",0.9241,0.0759,"LOW"
74,"1","N0","T2","2",0.9241,0.0759,"LOW"
75,"1","N0","T2","2",0.9237,0.0763,"LOW"
76,"1","N0","T2","2",0.9235,0.0765,"LOW"
77,"1","N0","T2","2",0.9233,0.0767,"LOW"
78,"1","N0","T2","2",0.9227,0.0773,"LOW"
79,"1","N0","T2","2",0.9219,0.0781,"LOW"
80,"1","N0","T2","2",0.9217,0.0783,"LOW"
81,"1","N0","T2","2",0.9213,0.0787,"LOW"
82,"1","N0","T2","2",0.9196,0.0804,"LOW"
83,"1","N0","T2","2",0.9202,0.0798,"LOW"
84,"1","N0","T2","2",0.92,0.08,"LOW"
85,"1","N0","T2","2",0.9192,0.0808,"LOW"
86,"1","N0","T2","2",0.9175,0.0825,"LOW"
87,"1","N0","T2","2",0.9158,0.0842,"LOW"
88,"1","N0","T2","2",0.9159,0.0841,"LOW"
89,"1","N0","T2","2",0.9164,0.0836,"LOW"
90,"1","N0","T2","2",0.9123,0.0877,"LOW"
91,"1","N0","T2","2",0.9123,0.0877,"LOW"
92,"1","N0","T2","2",0.9123,0.0877,"LOW"
93,"1","N0","T2","2",0.9123,0.0877,"LOW"
94,"1","N0","T2","2",0.9123,0.0877,"LOW"
95,"1","N0","T2","2",0.9123,0.0877,"LOW"
96,"1","N0","T2","2",0.9123,0.0877,"LOW"
97,"1","N0","T2","2",0.9123,0.0877,"LOW"
98,"1","N0","T2","2",0.9123,0.0877,"LOW"
99,"1","N0","T2","2",0.9123,0.0877,"LOW"
0,"2","N0","T2","2",0.8977,0.1023,"LOW"
1,"2","N0","T2","2",0.8982,0.1018,"LOW"
2,"2","N0","T2","2",0.8996,0.1004,"LOW"
3,"2","N0","T2","2",0.9001,0.0999,"LOW"
4,"2","N0","T2","2",0.9047,0.0953,"LOW"
5,"2","N0","T2","2",0.904,0.096,"LOW"
6,"2","N0","T2","2",0.9065,0.0935,"LOW"
7,"2","N0","T2","2",0.9088,0.0912,"LOW"
8,"2","N0","T2","2",0.9103,0.0897,"LOW"
9,"2","N0","T2","2",0.9117,0.0883,"LOW"
10,"2","N0","T2","2",0.9112,0.0888,"LOW"
11,"2","N0","T2","2",0.9124,0.0876,"LOW"
12,"2","N0","T2","2",0.915,0.085,"LOW"
13,"2","N0","T2","2",0.9153,0.0847,"LOW"
14,"2","N0","T2","2",0.9151,0.0849,"LOW"
15,"2","N0","T2","2",0.9157,0.0843,"LOW"
16,"2","N0","T2","2",0.917,0.083,"LOW"
17,"2","N0","T2","2",0.917,0.083,"LOW"
18,"2","N0","T2","2",0.918,0.082,"LOW"
19,"2","N0","T2","2",0.9179,0.0821,"LOW"
20,"2","N0","T2","2",0.9192,0.0808,"LOW"
21,"2","N0","T2","2",0.9192,0.0808,"LOW"
22,"2","N0","T2","2",0.9207,0.0793,"LOW"
23,"2","N0","T2","2",0.9205,0.0795,"LOW"
24,"2","N0","T2","2",0.9211,0.0789,"LOW"
25,"2","N0","T2","2",0.9211,0.0789,"LOW"
26,"2","N0","T2","2",0.9207,0.0793,"LOW"
27,"2","N0","T2","2",0.9212,0.0788,"LOW"
28,"2","N0","T2","2",0.9211,0.0789,"LOW"
29,"2","N0","T2","2",0.9209,0.0791,"LOW"
30,"2","N0","T2","2",0.9202,0.0798,"LOW"
31,"2","N0","T2","2",0.9203,0.0797,"LOW"
32,"2","N0","T2","2",0.9196,0.0804,"LOW"
33,"2","N0","T2","2",0.9197,0.0803,"LOW"
34,"2","N0","T2","2",0.9204,0.0796,"LOW"
35,"2","N0","T2","2",0.9216,0.0784,"LOW"
36,"2","N0","T2","2",0.9219,0.0781,"LOW"
37,"2","N0","T2","2",0.922,0.078,"LOW"
38,"2","N0","T2","2",0.9237,0.0763,"LOW"
39,"2","N0","T2","2",0.923,0.077,"LOW"
40,"2","N0","T2","2",0.923,0.077,"LOW"
41,"2","N0","T2","2",0.9227,0.0773,"LOW"
42,"2","N0","T2","2",0.9231,0.0769,"LOW"
43,"2","N0","T2","2",0.9235,0.0765,"LOW"
44,"2","N0","T2","2",0.9238,0.0762,"LOW"
45,"2","N0","T2","2",0.9233,0.0767,"LOW"
46,"2","N0","T2","2",0.9232,0.0768,"LOW"
47,"2","N0","T2","2",0.9233,0.0767,"LOW"
48,"2","N0","T2","2",0.9235,0.0765,"LOW"
49,"2","N0","T2","2",0.9237,0.0763,"LOW"
50,"2","N0","T2","2",0.9231,0.0769,"LOW"
51,"2","N0","T2","2",0.9224,0.0776,"LOW"
52,"2","N0","T2","2",0.9229,0.0771,"LOW"
53,"2","N0","T2","2",0.9225,0.0775,"LOW"
54,"2","N0","T2","2",0.9224,0.0776,"LOW"
55,"2","N0","T2","2",0.922,0.078,"LOW"
56,"2","N0","T2","2",0.9219,0.0781,"LOW"
57,"2","N0","T2","2",0.9218,0.0782,"LOW"
58,"2","N0","T2","2",0.9221,0.0779,"LOW"
59,"2","N0","T2","2",0.9219,0.0781,"LOW"
60,"2","N0","T2","2",0.9219,0.0781,"LOW"
61,"2","N0","T2","2",0.9217,0.0783,"LOW"
62,"2","N0","T2","2",0.9216,0.0784,"LOW"
63,"2","N0","T2","2",0.9216,0.0784,"LOW"
64,"2","N0","T2","2",0.9216,0.0784,"LOW"
65,"2","N0","T2","2",0.9213,0.0787,"LOW"
66,"2","N0","T2","2",0.9208,0.0792,"LOW"
67,"2","N0","T2","2",0.9208,0.0792,"LOW"
68,"2","N0","T2","2",0.9206,0.0794,"LOW"
69,"2","N0","T2","2",0.9201,0.0799,"LOW"
70,"2","N0","T2","2",0.9201,0.0799,"LOW"
71,"2","N0","T2","2",0.9195,0.0805,"LOW"
72,"2","N0","T2","2",0.9192,0.0808,"LOW"
73,"2","N0","T2","2",0.919,0.081,"LOW"
74,"2","N0","T2","2",0.9186,0.0814,"LOW"
75,"2","N0","T2","2",0.9187,0.0813,"LOW"
76,"2","N0","T2","2",0.9187,0.0813,"LOW"
77,"2","N0","T2","2",0.9172,0.0828,"LOW"
78,"2","N0","T2","2",0.9177,0.0823,"LOW"
79,"2","N0","T2","2",0.9153,0.0847,"LOW"
80,"2","N0","T2","2",0.9169,0.0831,"LOW"
81,"2","N0","T2","2",0.9175,0.0825,"LOW"
82,"2","N0","T2","2",0.917,0.083,"LOW"
83,"2","N0","T2","2",0.9179,0.0821,"LOW"
84,"2","N0","T2","2",0.9176,0.0824,"LOW"
85,"2","N0","T2","2",0.9178,0.0822,"LOW"
86,"2","N0","T2","2",0.9164,0.0836,"LOW"
87,"2","N0","T2","2",0.9161,0.0839,"LOW"
88,"2","N0","T2","2",0.9159,0.0841,"LOW"
89,"2","N0","T2","2",0.9156,0.0844,"LOW"
90,"2","N0","T2","2",0.9106,0.0894,"LOW"
91,"2","N0","T2","2",0.9106,0.0894,"LOW"
92,"2","N0","T2","2",0.9106,0.0894,"LOW"
93,"2","N0","T2","2",0.9106,0.0894,"LOW"
94,"2","N0","T2","2",0.9106,0.0894,"LOW"
95,"2","N0","T2","2",0.9106,0.0894,"LOW"
96,"2","N0","T2","2",0.9106,0.0894,"LOW"
97,"2","N0","T2","2",0.9106,0.0894,"LOW"
98,"2","N0","T2","2",0.9106,0.0894,"LOW"
99,"2","N0","T2","2",0.9106,0.0894,"LOW"
0,"1","N1","T2","2",0.6901,0.3099,"LOW"
1,"1","N1","T2","2",0.6898,0.3102,"LOW"
2,"1","N1","T2","2",0.6898,0.3102,"LOW"
3,"1","N1","T2","2",0.6972,0.3028,"LOW"
4,"1","N1","T2","2",0.7013,0.2987,"LOW"
5,"1","N1","T2","2",0.7006,0.2994,"LOW"
6,"1","N1","T2","2",0.7031,0.2969,"LOW"
7,"1","N1","T2","2",0.7033,0.2967,"LOW"
8,"1","N1","T2","2",0.7056,0.2944,"LOW"
9,"1","N1","T2","2",0.7019,0.2981,"LOW"
10,"1","N1","T2","2",0.7037,0.2963,"LOW"
11,"1","N1","T2","2",0.703,0.297,"LOW"
12,"1","N1","T2","2",0.703,0.297,"LOW"
13,"1","N1","T2","2",0.7051,0.2949,"LOW"
14,"1","N1","T2","2",0.7091,0.2909,"LOW"
15,"1","N1","T2","2",0.7091,0.2909,"LOW"
16,"1","N1","T2","2",0.7118,0.2882,"LOW"
17,"1","N1","T2","2",0.7165,0.2835,"LOW"
18,"1","N1","T2","2",0.7169,0.2831,"LOW"
19,"1","N1","T2","2",0.7188,0.2812,"LOW"
20,"1","N1","T2","2",0.721,0.279,"LOW"
21,"1","N1","T2","2",0.7232,0.2768,"LOW"
22,"1","N1","T2","2",0.7262,0.2738,"LOW"
23,"1","N1","T2","2",0.729,0.271,"LOW"
24,"1","N1","T2","2",0.7308,0.2692,"LOW"
25,"1","N1","T2","2",0.7335,0.2665,"LOW"
26,"1","N1","T2","2",0.7363,0.2637,"LOW"
27,"1","N1","T2","2",0.7351,0.2649,"LOW"
28,"1","N1","T2","2",0.7365,0.2635,"LOW"
29,"1","N1","T2","2",0.7396,0.2604,"LOW"
30,"1","N1","T2","2",0.7376,0.2624,"LOW"
31,"1","N1","T2","2",0.737,0.263,"LOW"
32,"1","N1","T2","2",0.735,0.265,"LOW"
33,"1","N1","T2","2",0.737,0.263,"LOW"
34,"1","N1","T2","2",0.7352,0.2648,"LOW"
35,"1","N1","T2","2",0.7348,0.2652,"LOW"
36,"1","N1","T2","2",0.7352,0.2648,"LOW"
37,"1","N1","T2","2",0.7338,0.2662,"LOW"
38,"1","N1","T2","2",0.7312,0.2688,"LOW"
39,"1","N1","T2","2",0.7281,0.2719,"LOW"
40,"1","N1","T2","2",0.7299,0.2701,"LOW"
41,"1","N1","T2","2",0.732,0.268,"LOW"
42,"1","N1","T2","2",0.7312,0.2688,"LOW"
43,"1","N1","T2","2",0.732,0.268,"LOW"
44,"1","N1","T2","2",0.7324,0.2676,"LOW"
45,"1","N1","T2","2",0.7335,0.2665,"LOW"
46,"1","N1","T2","2",0.7336,0.2664,"LOW"
47,"1","N1","T2","2",0.7336,0.2664,"LOW"
48,"1","N1","T2","2",0.7343,0.2657,"LOW"
49,"1","N1","T2","2",0.7352,0.2648,"LOW"
50,"1","N1","T2","2",0.7334,0.2666,"LOW"
51,"1","N1","T2","2",0.7326,0.2674,"LOW"
52,"1","N1","T2","2",0.7336,0.2664,"LOW"
53,"1","N1","T2","2",0.7345,0.2655,"LOW"
54,"1","N1","T2","2",0.7342,0.2658,"LOW"
55,"1","N1","T2","2",0.7317,0.2683,"LOW"
56,"1","N1","T2","2",0.7301,0.2699,"LOW"
57,"1","N1","T2","2",0.7278,0.2722,"LOW"
58,"1","N1","T2","2",0.7286,0.2714,"LOW"
59,"1","N1","T2","2",0.7286,0.2714,"LOW"
60,"1","N1","T2","2",0.7302,0.2698,"LOW"
61,"1","N1","T2","2",0.7293,0.2707,"LOW"
62,"1","N1","T2","2",0.7299,0.2701,"LOW"
63,"1","N1","T2","2",0.73,0.27,"LOW"
64,"1","N1","T2","2",0.7322,0.2678,"LOW"
65,"1","N1","T2","2",0.7337,0.2663,"LOW"
66,"1","N1","T2","2",0.7332,0.2668,"LOW"
67,"1","N1","T2","2",0.735,0.265,"LOW"
68,"1","N1","T2","2",0.7316,0.2684,"LOW"
69,"1","N1","T2","2",0.7326,0.2674,"LOW"
70,"1","N1","T2","2",0.7311,0.2689,"LOW"
71,"1","N1","T2","2",0.7292,0.2708,"LOW"
72,"1","N1","T2","2",0.7255,0.2745,"LOW"
73,"1","N1","T2","2",0.727,0.273,"LOW"
74,"1","N1","T2","2",0.728,0.272,"LOW"
75,"1","N1","T2","2",0.726,0.274,"LOW"
76,"1","N1","T2","2",0.7239,0.2761,"LOW"
77,"1","N1","T2","2",0.7229,0.2771,"LOW"
78,"1","N1","T2","2",0.7234,0.2766,"LOW"
79,"1","N1","T2","2",0.7237,0.2763,"LOW"
80,"1","N1","T2","2",0.7236,0.2764,"LOW"
81,"1","N1","T2","2",0.7203,0.2797,"LOW"
82,"1","N1","T2","2",0.723,0.277,"LOW"
83,"1","N1","T2","2",0.7276,0.2724,"LOW"
84,"1","N1","T2","2",0.7238,0.2762,"LOW"
85,"1","N1","T2","2",0.715,0.285,"LOW"
86,"1","N1","T2","2",0.7169,0.2831,"LOW"
87,"1","N1","T2","2",0.7154,0.2846,"LOW"
88,"1","N1","T2","2",0.7155,0.2845,"LOW"
89,"1","N1","T2","2",0.7162,0.2838,"LOW"
90,"1","N1","T2","2",0.7131,0.2869,"LOW"
91,"1","N1","T2","2",0.7131,0.2869,"LOW"
92,"1","N1","T2","2",0.7131,0.2869,"LOW"
93,"1","N1","T2","2",0.7131,0.2869,"LOW"
94,"1","N1","T2","2",0.7131,0.2869,"LOW"
95,"1","N1","T2","2",0.7131,0.2869,"LOW"
96,"1","N1","T2","2",0.7131,0.2869,"LOW"
97,"1","N1","T2","2",0.7131,0.2869,"LOW"
98,"1","N1","T2","2",0.7131,0.2869,"LOW"
99,"1","N1","T2","2",0.7131,0.2869,"LOW"
0,"2","N1","T2","2",0.6893,0.3107,"LOW"
1,"2","N1","T2","2",0.6889,0.3111,"LOW"
2,"2","N1","T2","2",0.6932,0.3068,"LOW"
3,"2","N1","T2","2",0.7031,0.2969,"LOW"
4,"2","N1","T2","2",0.709,0.291,"LOW"
5,"2","N1","T2","2",0.7106,0.2894,"LOW"
6,"2","N1","T2","2",0.7142,0.2858,"LOW"
7,"2","N1","T2","2",0.7172,0.2828,"LOW"
8,"2","N1","T2","2",0.7211,0.2789,"LOW"
9,"2","N1","T2","2",0.7198,0.2802,"LOW"
10,"2","N1","T2","2",0.7223,0.2777,"LOW"
11,"2","N1","T2","2",0.7234,0.2766,"LOW"
12,"2","N1","T2","2",0.7274,0.2726,"LOW"
13,"2","N1","T2","2",0.7277,0.2723,"LOW"
14,"2","N1","T2","2",0.7308,0.2692,"LOW"
15,"2","N1","T2","2",0.7316,0.2684,"LOW"
16,"2","N1","T2","2",0.7368,0.2632,"LOW"
17,"2","N1","T2","2",0.7412,0.2588,"LOW"
18,"2","N1","T2","2",0.7451,0.2549,"LOW"
19,"2","N1","T2","2",0.7479,0.2521,"LOW"
20,"2","N1","T2","2",0.7495,0.2505,"LOW"
21,"2","N1","T2","2",0.7529,0.2471,"LOW"
22,"2","N1","T2","2",0.7581,0.2419,"LOW"
23,"2","N1","T2","2",0.7609,0.2391,"LOW"
24,"2","N1","T2","2",0.7616,0.2384,"LOW"
25,"2","N1","T2","2",0.7642,0.2358,"LOW"
26,"2","N1","T2","2",0.7682,0.2318,"LOW"
27,"2","N1","T2","2",0.7697,0.2303,"LOW"
28,"2","N1","T2","2",0.7696,0.2304,"LOW"
29,"2","N1","T2","2",0.7706,0.2294,"LOW"
30,"2","N1","T2","2",0.7683,0.2317,"LOW"
31,"2","N1","T2","2",0.7691,0.2309,"LOW"
32,"2","N1","T2","2",0.7674,0.2326,"LOW"
33,"2","N1","T2","2",0.7716,0.2284,"LOW"
34,"2","N1","T2","2",0.7722,0.2278,"LOW"
35,"2","N1","T2","2",0.772,0.228,"LOW"
36,"2","N1","T2","2",0.7724,0.2276,"LOW"
37,"2","N1","T2","2",0.7725,0.2275,"LOW"
38,"2","N1","T2","2",0.7728,0.2272,"LOW"
39,"2","N1","T2","2",0.7685,0.2315,"LOW"
40,"2","N1","T2","2",0.7695,0.2305,"LOW"
41,"2","N1","T2","2",0.7704,0.2296,"LOW"
42,"2","N1","T2","2",0.7703,0.2297,"LOW"
43,"2","N1","T2","2",0.7712,0.2288,"LOW"
44,"2","N1","T2","2",0.7714,0.2286,"LOW"
45,"2","N1","T2","2",0.7735,0.2265,"LOW"
46,"2","N1","T2","2",0.7728,0.2272,"LOW"
47,"2","N1","T2","2",0.7729,0.2271,"LOW"
48,"2","N1","T2","2",0.7736,0.2264,"LOW"
49,"2","N1","T2","2",0.7717,0.2283,"LOW"
50,"2","N1","T2","2",0.7712,0.2288,"LOW"
51,"2","N1","T2","2",0.7713,0.2287,"LOW"
52,"2","N1","T2","2",0.775,0.225,"LOW"
53,"2","N1","T2","2",0.7738,0.2262,"LOW"
54,"2","N1","T2","2",0.7757,0.2243,"LOW"
55,"2","N1","T2","2",0.7753,0.2247,"LOW"
56,"2","N1","T2","2",0.7733,0.2267,"LOW"
57,"2","N1","T2","2",0.7714,0.2286,"LOW"
58,"2","N1","T2","2",0.7688,0.2312,"LOW"
59,"2","N1","T2","2",0.7688,0.2312,"LOW"
60,"2","N1","T2","2",0.7689,0.2311,"LOW"
61,"2","N1","T2","2",0.768,0.232,"LOW"
62,"2","N1","T2","2",0.7699,0.2301,"LOW"
63,"2","N1","T2","2",0.7696,0.2304,"LOW"
64,"2","N1","T2","2",0.7704,0.2296,"LOW"
65,"2","N1","T2","2",0.7718,0.2282,"LOW"
66,"2","N1","T2","2",0.7718,0.2282,"LOW"
67,"2","N1","T2","2",0.7737,0.2263,"LOW"
68,"2","N1","T2","2",0.7703,0.2297,"LOW"
69,"2","N1","T2","2",0.7711,0.2289,"LOW"
70,"2","N1","T2","2",0.7707,0.2293,"LOW"
71,"2","N1","T2","2",0.7684,0.2316,"LOW"
72,"2","N1","T2","2",0.7685,0.2315,"LOW"
73,"2","N1","T2","2",0.7697,0.2303,"LOW"
74,"2","N1","T2","2",0.7697,0.2303,"LOW"
75,"2","N1","T2","2",0.7691,0.2309,"LOW"
76,"2","N1","T2","2",0.7699,0.2301,"LOW"
77,"2","N1","T2","2",0.7685,0.2315,"LOW"
78,"2","N1","T2","2",0.7691,0.2309,"LOW"
79,"2","N1","T2","2",0.7697,0.2303,"LOW"
80,"2","N1","T2","2",0.7699,0.2301,"LOW"
81,"2","N1","T2","2",0.769,0.231,"LOW"
82,"2","N1","T2","2",0.7708,0.2292,"LOW"
83,"2","N1","T2","2",0.7735,0.2265,"LOW"
84,"2","N1","T2","2",0.7708,0.2292,"LOW"
85,"2","N1","T2","2",0.7697,0.2303,"LOW"
86,"2","N1","T2","2",0.7706,0.2294,"LOW"
87,"2","N1","T2","2",0.77,0.23,"LOW"
88,"2","N1","T2","2",0.7709,0.2291,"LOW"
89,"2","N1","T2","2",0.7712,0.2288,"LOW"
90,"2","N1","T2","2",0.7682,0.2318,"LOW"
91,"2","N1","T2","2",0.7682,0.2318,"LOW"
92,"2","N1","T2","2",0.7682,0.2318,"LOW"
93,"2","N1","T2","2",0.7682,0.2318,"LOW"
94,"2","N1","T2","2",0.7682,0.2318,"LOW"
95,"2","N1","T2","2",0.7682,0.2318,"LOW"
96,"2","N1","T2","2",0.7682,0.2318,"LOW"
97,"2","N1","T2","2",0.7682,0.2318,"LOW"
98,"2","N1","T2","2",0.7682,0.2318,"LOW"
99,"2","N1","T2","2",0.7682,0.2318,"LOW"
0,"1","Other/Unknown","T2","2",0.823,0.177,"LOW"
1,"1","Other/Unknown","T2","2",0.8234,0.1766,"LOW"
2,"1","Other/Unknown","T2","2",0.8234,0.1766,"LOW"
3,"1","Other/Unknown","T2","2",0.8194,0.1806,"LOW"
4,"1","Other/Unknown","T2","2",0.8217,0.1783,"LOW"
5,"1","Other/Unknown","T2","2",0.8219,0.1781,"LOW"
6,"1","Other/Unknown","T2","2",0.8254,0.1746,"LOW"
7,"1","Other/Unknown","T2","2",0.8261,0.1739,"LOW"
8,"1","Other/Unknown","T2","2",0.8274,0.1726,"LOW"
9,"1","Other/Unknown","T2","2",0.8278,0.1722,"LOW"
10,"1","Other/Unknown","T2","2",0.8282,0.1718,"LOW"
11,"1","Other/Unknown","T2","2",0.8288,0.1712,"LOW"
12,"1","Other/Unknown","T2","2",0.834,0.166,"LOW"
13,"1","Other/Unknown","T2","2",0.8358,0.1642,"LOW"
14,"1","Other/Unknown","T2","2",0.8378,0.1622,"LOW"
15,"1","Other/Unknown","T2","2",0.8378,0.1622,"LOW"
16,"1","Other/Unknown","T2","2",0.8385,0.1615,"LOW"
17,"1","Other/Unknown","T2","2",0.84,0.16,"LOW"
18,"1","Other/Unknown","T2","2",0.8421,0.1579,"LOW"
19,"1","Other/Unknown","T2","2",0.842,0.158,"LOW"
20,"1","Other/Unknown","T2","2",0.8431,0.1569,"LOW"
21,"1","Other/Unknown","T2","2",0.8432,0.1568,"LOW"
22,"1","Other/Unknown","T2","2",0.8448,0.1552,"LOW"
23,"1","Other/Unknown","T2","2",0.8482,0.1518,"LOW"
24,"1","Other/Unknown","T2","2",0.8504,0.1496,"LOW"
25,"1","Other/Unknown","T2","2",0.85,0.15,"LOW"
26,"1","Other/Unknown","T2","2",0.8493,0.1507,"LOW"
27,"1","Other/Unknown","T2","2",0.8532,0.1468,"LOW"
28,"1","Other/Unknown","T2","2",0.8528,0.1472,"LOW"
29,"1","Other/Unknown","T2","2",0.8542,0.1458,"LOW"
30,"1","Other/Unknown","T2","2",0.8537,0.1463,"LOW"
31,"1","Other/Unknown","T2","2",0.8578,0.1422,"LOW"
32,"1","Other/Unknown","T2","2",0.8642,0.1358,"LOW"
33,"1","Other/Unknown","T2","2",0.8654,0.1346,"LOW"
34,"1","Other/Unknown","T2","2",0.8672,0.1328,"LOW"
35,"1","Other/Unknown","T2","2",0.8676,0.1324,"LOW"
36,"1","Other/Unknown","T2","2",0.868,0.132,"LOW"
37,"1","Other/Unknown","T2","2",0.8664,0.1336,"LOW"
38,"1","Other/Unknown","T2","2",0.8686,0.1314,"LOW"
39,"1","Other/Unknown","T2","2",0.8719,0.1281,"LOW"
40,"1","Other/Unknown","T2","2",0.8756,0.1244,"LOW"
41,"1","Other/Unknown","T2","2",0.8769,0.1231,"LOW"
42,"1","Other/Unknown","T2","2",0.8781,0.1219,"LOW"
43,"1","Other/Unknown","T2","2",0.8776,0.1224,"LOW"
44,"1","Other/Unknown","T2","2",0.878,0.122,"LOW"
45,"1","Other/Unknown","T2","2",0.8772,0.1228,"LOW"
46,"1","Other/Unknown","T2","2",0.877,0.123,"LOW"
47,"1","Other/Unknown","T2","2",0.8769,0.1231,"LOW"
48,"1","Other/Unknown","T2","2",0.8764,0.1236,"LOW"
49,"1","Other/Unknown","T2","2",0.8776,0.1224,"LOW"
50,"1","Other/Unknown","T2","2",0.8776,0.1224,"LOW"
51,"1","Other/Unknown","T2","2",0.8795,0.1205,"LOW"
52,"1","Other/Unknown","T2","2",0.8793,0.1207,"LOW"
53,"1","Other/Unknown","T2","2",0.8795,0.1205,"LOW"
54,"1","Other/Unknown","T2","2",0.8794,0.1206,"LOW"
55,"1","Other/Unknown","T2","2",0.8793,0.1207,"LOW"
56,"1","Other/Unknown","T2","2",0.879,0.121,"LOW"
57,"1","Other/Unknown","T2","2",0.8799,0.1201,"LOW"
58,"1","Other/Unknown","T2","2",0.8809,0.1191,"LOW"
59,"1","Other/Unknown","T2","2",0.8815,0.1185,"LOW"
60,"1","Other/Unknown","T2","2",0.8832,0.1168,"LOW"
61,"1","Other/Unknown","T2","2",0.8829,0.1171,"LOW"
62,"1","Other/Unknown","T2","2",0.8834,0.1166,"LOW"
63,"1","Other/Unknown","T2","2",0.8827,0.1173,"LOW"
64,"1","Other/Unknown","T2","2",0.8825,0.1175,"LOW"
65,"1","Other/Unknown","T2","2",0.8817,0.1183,"LOW"
66,"1","Other/Unknown","T2","2",0.8812,0.1188,"LOW"
67,"1","Other/Unknown","T2","2",0.8817,0.1183,"LOW"
68,"1","Other/Unknown","T2","2",0.8817,0.1183,"LOW"
69,"1","Other/Unknown","T2","2",0.8816,0.1184,"LOW"
70,"1","Other/Unknown","T2","2",0.8815,0.1185,"LOW"
71,"1","Other/Unknown","T2","2",0.8813,0.1187,"LOW"
72,"1","Other/Unknown","T2","2",0.8805,0.1195,"LOW"
73,"1","Other/Unknown","T2","2",0.8796,0.1204,"LOW"
74,"1","Other/Unknown","T2","2",0.8805,0.1195,"LOW"
75,"1","Other/Unknown","T2","2",0.881,0.119,"LOW"
76,"1","Other/Unknown","T2","2",0.8812,0.1188,"LOW"
77,"1","Other/Unknown","T2","2",0.879,0.121,"LOW"
78,"1","Other/Unknown","T2","2",0.8794,0.1206,"LOW"
79,"1","Other/Unknown","T2","2",0.8793,0.1207,"LOW"
80,"1","Other/Unknown","T2","2",0.8793,0.1207,"LOW"
81,"1","Other/Unknown","T2","2",0.8819,0.1181,"LOW"
82,"1","Other/Unknown","T2","2",0.882,0.118,"LOW"
83,"1","Other/Unknown","T2","2",0.8822,0.1178,"LOW"
84,"1","Other/Unknown","T2","2",0.8822,0.1178,"LOW"
85,"1","Other/Unknown","T2","2",0.8823,0.1177,"LOW"
86,"1","Other/Unknown","T2","2",0.8821,0.1179,"LOW"
87,"1","Other/Unknown","T2","2",0.8821,0.1179,"LOW"
88,"1","Other/Unknown","T2","2",0.8821,0.1179,"LOW"
89,"1","Other/Unknown","T2","2",0.8838,0.1162,"LOW"
90,"1","Other/Unknown","T2","2",0.8839,0.1161,"LOW"
91,"1","Other/Unknown","T2","2",0.8839,0.1161,"LOW"
92,"1","Other/Unknown","T2","2",0.8839,0.1161,"LOW"
93,"1","Other/Unknown","T2","2",0.8839,0.1161,"LOW"
94,"1","Other/Unknown","T2","2",0.8839,0.1161,"LOW"
95,"1","Other/Unknown","T2","2",0.8839,0.1161,"LOW"
96,"1","Other/Unknown","T2","2",0.8839,0.1161,"LOW"
97,"1","Other/Unknown","T2","2",0.8839,0.1161,"LOW"
98,"1","Other/Unknown","T2","2",0.8839,0.1161,"LOW"
99,"1","Other/Unknown","T2","2",0.8839,0.1161,"LOW"
0,"2","Other/Unknown","T2","2",0.8266,0.1734,"LOW"
1,"2","Other/Unknown","T2","2",0.8312,0.1688,"LOW"
2,"2","Other/Unknown","T2","2",0.8356,0.1644,"LOW"
3,"2","Other/Unknown","T2","2",0.8326,0.1674,"LOW"
4,"2","Other/Unknown","T2","2",0.8352,0.1648,"LOW"
5,"2","Other/Unknown","T2","2",0.8361,0.1639,"LOW"
6,"2","Other/Unknown","T2","2",0.841,0.159,"LOW"
7,"2","Other/Unknown","T2","2",0.8422,0.1578,"LOW"
8,"2","Other/Unknown","T2","2",0.8437,0.1563,"LOW"
9,"2","Other/Unknown","T2","2",0.8444,0.1556,"LOW"
10,"2","Other/Unknown","T2","2",0.8452,0.1548,"LOW"
11,"2","Other/Unknown","T2","2",0.8442,0.1558,"LOW"
12,"2","Other/Unknown","T2","2",0.8481,0.1519,"LOW"
13,"2","Other/Unknown","T2","2",0.8479,0.1521,"LOW"
14,"2","Other/Unknown","T2","2",0.8488,0.1512,"LOW"
15,"2","Other/Unknown","T2","2",0.8488,0.1512,"LOW"
16,"2","Other/Unknown","T2","2",0.8499,0.1501,"LOW"
17,"2","Other/Unknown","T2","2",0.8505,0.1495,"LOW"
18,"2","Other/Unknown","T2","2",0.8523,0.1477,"LOW"
19,"2","Other/Unknown","T2","2",0.851,0.149,"LOW"
20,"2","Other/Unknown","T2","2",0.8519,0.1481,"LOW"
21,"2","Other/Unknown","T2","2",0.8519,0.1481,"LOW"
22,"2","Other/Unknown","T2","2",0.8522,0.1478,"LOW"
23,"2","Other/Unknown","T2","2",0.8547,0.1453,"LOW"
24,"2","Other/Unknown","T2","2",0.855,0.145,"LOW"
25,"2","Other/Unknown","T2","2",0.8568,0.1432,"LOW"
26,"2","Other/Unknown","T2","2",0.8553,0.1447,"LOW"
27,"2","Other/Unknown","T2","2",0.8567,0.1433,"LOW"
28,"2","Other/Unknown","T2","2",0.8555,0.1445,"LOW"
29,"2","Other/Unknown","T2","2",0.8545,0.1455,"LOW"
30,"2","Other/Unknown","T2","2",0.8553,0.1447,"LOW"
31,"2","Other/Unknown","T2","2",0.8575,0.1425,"LOW"
32,"2","Other/Unknown","T2","2",0.8602,0.1398,"LOW"
33,"2","Other/Unknown","T2","2",0.8598,0.1402,"LOW"
34,"2","Other/Unknown","T2","2",0.86,0.14,"LOW"
35,"2","Other/Unknown","T2","2",0.8602,0.1398,"LOW"
36,"2","Other/Unknown","T2","2",0.8605,0.1395,"LOW"
37,"2","Other/Unknown","T2","2",0.8595,0.1405,"LOW"
38,"2","Other/Unknown","T2","2",0.8606,0.1394,"LOW"
39,"2","Other/Unknown","T2","2",0.8621,0.1379,"LOW"
40,"2","Other/Unknown","T2","2",0.8644,0.1356,"LOW"
41,"2","Other/Unknown","T2","2",0.8646,0.1354,"LOW"
42,"2","Other/Unknown","T2","2",0.8662,0.1338,"LOW"
43,"2","Other/Unknown","T2","2",0.8659,0.1341,"LOW"
44,"2","Other/Unknown","T2","2",0.8661,0.1339,"LOW"
45,"2","Other/Unknown","T2","2",0.8642,0.1358,"LOW"
46,"2","Other/Unknown","T2","2",0.8623,0.1377,"LOW"
47,"2","Other/Unknown","T2","2",0.8621,0.1379,"LOW"
48,"2","Other/Unknown","T2","2",0.8616,0.1384,"LOW"
49,"2","Other/Unknown","T2","2",0.8621,0.1379,"LOW"
50,"2","Other/Unknown","T2","2",0.862,0.138,"LOW"
51,"2","Other/Unknown","T2","2",0.8598,0.1402,"LOW"
52,"2","Other/Unknown","T2","2",0.8593,0.1407,"LOW"
53,"2","Other/Unknown","T2","2",0.8591,0.1409,"LOW"
54,"2","Other/Unknown","T2","2",0.8591,0.1409,"LOW"
55,"2","Other/Unknown","T2","2",0.8583,0.1417,"LOW"
56,"2","Other/Unknown","T2","2",0.8582,0.1418,"LOW"
57,"2","Other/Unknown","T2","2",0.8588,0.1412,"LOW"
58,"2","Other/Unknown","T2","2",0.8597,0.1403,"LOW"
59,"2","Other/Unknown","T2","2",0.8593,0.1407,"LOW"
60,"2","Other/Unknown","T2","2",0.8597,0.1403,"LOW"
61,"2","Other/Unknown","T2","2",0.86,0.14,"LOW"
62,"2","Other/Unknown","T2","2",0.8598,0.1402,"LOW"
63,"2","Other/Unknown","T2","2",0.8564,0.1436,"LOW"
64,"2","Other/Unknown","T2","2",0.8559,0.1441,"LOW"
65,"2","Other/Unknown","T2","2",0.8555,0.1445,"LOW"
66,"2","Other/Unknown","T2","2",0.8548,0.1452,"LOW"
67,"2","Other/Unknown","T2","2",0.855,0.145,"LOW"
68,"2","Other/Unknown","T2","2",0.8557,0.1443,"LOW"
69,"2","Other/Unknown","T2","2",0.8562,0.1438,"LOW"
70,"2","Other/Unknown","T2","2",0.8564,0.1436,"LOW"
71,"2","Other/Unknown","T2","2",0.8569,0.1431,"LOW"
72,"2","Other/Unknown","T2","2",0.8575,0.1425,"LOW"
73,"2","Other/Unknown","T2","2",0.8572,0.1428,"LOW"
74,"2","Other/Unknown","T2","2",0.8586,0.1414,"LOW"
75,"2","Other/Unknown","T2","2",0.8595,0.1405,"LOW"
76,"2","Other/Unknown","T2","2",0.8597,0.1403,"LOW"
77,"2","Other/Unknown","T2","2",0.8589,0.1411,"LOW"
78,"2","Other/Unknown","T2","2",0.8604,0.1396,"LOW"
79,"2","Other/Unknown","T2","2",0.8603,0.1397,"LOW"
80,"2","Other/Unknown","T2","2",0.8598,0.1402,"LOW"
81,"2","Other/Unknown","T2","2",0.8623,0.1377,"LOW"
82,"2","Other/Unknown","T2","2",0.8634,0.1366,"LOW"
83,"2","Other/Unknown","T2","2",0.8643,0.1357,"LOW"
84,"2","Other/Unknown","T2","2",0.8653,0.1347,"LOW"
85,"2","Other/Unknown","T2","2",0.8654,0.1346,"LOW"
86,"2","Other/Unknown","T2","2",0.8652,0.1348,"LOW"
87,"2","Other/Unknown","T2","2",0.8656,0.1344,"LOW"
88,"2","Other/Unknown","T2","2",0.8665,0.1335,"LOW"
89,"2","Other/Unknown","T2","2",0.8679,0.1321,"LOW"
90,"2","Other/Unknown","T2","2",0.8682,0.1318,"LOW"
91,"2","Other/Unknown","T2","2",0.8682,0.1318,"LOW"
92,"2","Other/Unknown","T2","2",0.8682,0.1318,"LOW"
93,"2","Other/Unknown","T2","2",0.8682,0.1318,"LOW"
94,"2","Other/Unknown","T2","2",0.8682,0.1318,"LOW"
95,"2","Other/Unknown","T2","2",0.8682,0.1318,"LOW"
96,"2","Other/Unknown","T2","2",0.8682,0.1318,"LOW"
97,"2","Other/Unknown","T2","2",0.8682,0.1318,"LOW"
98,"2","Other/Unknown","T2","2",0.8682,0.1318,"LOW"
99,"2","Other/Unknown","T2","2",0.8682,0.1318,"LOW"
0,"1","N0","T3","2",0.896,0.104,"LOW"
1,"1","N0","T3","2",0.8982,0.1018,"LOW"
2,"1","N0","T3","2",0.901,0.099,"LOW"
3,"1","N0","T3","2",0.893,0.107,"LOW"
4,"1","N0","T3","2",0.8972,0.1028,"LOW"
5,"1","N0","T3","2",0.9006,0.0994,"LOW"
6,"1","N0","T3","2",0.9007,0.0993,"LOW"
7,"1","N0","T3","2",0.9009,0.0991,"LOW"
8,"1","N0","T3","2",0.8988,0.1012,"LOW"
9,"1","N0","T3","2",0.8977,0.1023,"LOW"
10,"1","N0","T3","2",0.9018,0.0982,"LOW"
11,"1","N0","T3","2",0.9042,0.0958,"LOW"
12,"1","N0","T3","2",0.9074,0.0926,"LOW"
13,"1","N0","T3","2",0.9096,0.0904,"LOW"
14,"1","N0","T3","2",0.9113,0.0887,"LOW"
15,"1","N0","T3","2",0.9125,0.0875,"LOW"
16,"1","N0","T3","2",0.9161,0.0839,"LOW"
17,"1","N0","T3","2",0.9166,0.0834,"LOW"
18,"1","N0","T3","2",0.9164,0.0836,"LOW"
19,"1","N0","T3","2",0.9181,0.0819,"LOW"
20,"1","N0","T3","2",0.9166,0.0834,"LOW"
21,"1","N0","T3","2",0.9162,0.0838,"LOW"
22,"1","N0","T3","2",0.918,0.082,"LOW"
23,"1","N0","T3","2",0.9183,0.0817,"LOW"
24,"1","N0","T3","2",0.9194,0.0806,"LOW"
25,"1","N0","T3","2",0.9192,0.0808,"LOW"
26,"1","N0","T3","2",0.9205,0.0795,"LOW"
27,"1","N0","T3","2",0.9204,0.0796,"LOW"
28,"1","N0","T3","2",0.9201,0.0799,"LOW"
29,"1","N0","T3","2",0.919,0.081,"LOW"
30,"1","N0","T3","2",0.9173,0.0827,"LOW"
31,"1","N0","T3","2",0.9188,0.0812,"LOW"
32,"1","N0","T3","2",0.9194,0.0806,"LOW"
33,"1","N0","T3","2",0.9191,0.0809,"LOW"
34,"1","N0","T3","2",0.9191,0.0809,"LOW"
35,"1","N0","T3","2",0.9176,0.0824,"LOW"
36,"1","N0","T3","2",0.9181,0.0819,"LOW"
37,"1","N0","T3","2",0.9167,0.0833,"LOW"
38,"1","N0","T3","2",0.9211,0.0789,"LOW"
39,"1","N0","T3","2",0.9234,0.0766,"LOW"
40,"1","N0","T3","2",0.9267,0.0733,"LOW"
41,"1","N0","T3","2",0.9276,0.0724,"LOW"
42,"1","N0","T3","2",0.9276,0.0724,"LOW"
43,"1","N0","T3","2",0.9298,0.0702,"LOW"
44,"1","N0","T3","2",0.9295,0.0705,"LOW"
45,"1","N0","T3","2",0.9296,0.0704,"LOW"
46,"1","N0","T3","2",0.9295,0.0705,"LOW"
47,"1","N0","T3","2",0.9301,0.0699,"LOW"
48,"1","N0","T3","2",0.9303,0.0697,"LOW"
49,"1","N0","T3","2",0.9305,0.0695,"LOW"
50,"1","N0","T3","2",0.9316,0.0684,"LOW"
51,"1","N0","T3","2",0.9318,0.0682,"LOW"
52,"1","N0","T3","2",0.9323,0.0677,"LOW"
53,"1","N0","T3","2",0.9326,0.0674,"LOW"
54,"1","N0","T3","2",0.9305,0.0695,"LOW"
55,"1","N0","T3","2",0.9304,0.0696,"LOW"
56,"1","N0","T3","2",0.9304,0.0696,"LOW"
57,"1","N0","T3","2",0.9308,0.0692,"LOW"
58,"1","N0","T3","2",0.9312,0.0688,"LOW"
59,"1","N0","T3","2",0.9311,0.0689,"LOW"
60,"1","N0","T3","2",0.9307,0.0693,"LOW"
61,"1","N0","T3","2",0.9312,0.0688,"LOW"
62,"1","N0","T3","2",0.9313,0.0687,"LOW"
63,"1","N0","T3","2",0.9319,0.0681,"LOW"
64,"1","N0","T3","2",0.932,0.068,"LOW"
65,"1","N0","T3","2",0.9342,0.0658,"LOW"
66,"1","N0","T3","2",0.9338,0.0662,"LOW"
67,"1","N0","T3","2",0.935,0.065,"LOW"
68,"1","N0","T3","2",0.9339,0.0661,"LOW"
69,"1","N0","T3","2",0.9337,0.0663,"LOW"
70,"1","N0","T3","2",0.9341,0.0659,"LOW"
71,"1","N0","T3","2",0.9341,0.0659,"LOW"
72,"1","N0","T3","2",0.9341,0.0659,"LOW"
73,"1","N0","T3","2",0.9339,0.0661,"LOW"
74,"1","N0","T3","2",0.9332,0.0668,"LOW"
75,"1","N0","T3","2",0.9331,0.0669,"LOW"
76,"1","N0","T3","2",0.933,0.067,"LOW"
77,"1","N0","T3","2",0.9331,0.0669,"LOW"
78,"1","N0","T3","2",0.9311,0.0689,"LOW"
79,"1","N0","T3","2",0.929,0.071,"LOW"
80,"1","N0","T3","2",0.9282,0.0718,"LOW"
81,"1","N0","T3","2",0.9276,0.0724,"LOW"
82,"1","N0","T3","2",0.9251,0.0749,"LOW"
83,"1","N0","T3","2",0.9258,0.0742,"LOW"
84,"1","N0","T3","2",0.926,0.074,"LOW"
85,"1","N0","T3","2",0.9245,0.0755,"LOW"
86,"1","N0","T3","2",0.9222,0.0778,"LOW"
87,"1","N0","T3","2",0.9229,0.0771,"LOW"
88,"1","N0","T3","2",0.923,0.077,"LOW"
89,"1","N0","T3","2",0.9242,0.0758,"LOW"
90,"1","N0","T3","2",0.9225,0.0775,"LOW"
91,"1","N0","T3","2",0.9225,0.0775,"LOW"
92,"1","N0","T3","2",0.9225,0.0775,"LOW"
93,"1","N0","T3","2",0.9225,0.0775,"LOW"
94,"1","N0","T3","2",0.9225,0.0775,"LOW"
95,"1","N0","T3","2",0.9225,0.0775,"LOW"
96,"1","N0","T3","2",0.9225,0.0775,"LOW"
97,"1","N0","T3","2",0.9225,0.0775,"LOW"
98,"1","N0","T3","2",0.9225,0.0775,"LOW"
99,"1","N0","T3","2",0.9225,0.0775,"LOW"
0,"2","N0","T3","2",0.9044,0.0956,"LOW"
1,"2","N0","T3","2",0.9057,0.0943,"LOW"
2,"2","N0","T3","2",0.9072,0.0928,"LOW"
3,"2","N0","T3","2",0.9049,0.0951,"LOW"
4,"2","N0","T3","2",0.9105,0.0895,"LOW"
5,"2","N0","T3","2",0.9108,0.0892,"LOW"
6,"2","N0","T3","2",0.912,0.088,"LOW"
7,"2","N0","T3","2",0.9151,0.0849,"LOW"
8,"2","N0","T3","2",0.9137,0.0863,"LOW"
9,"2","N0","T3","2",0.9136,0.0864,"LOW"
10,"2","N0","T3","2",0.9168,0.0832,"LOW"
11,"2","N0","T3","2",0.9194,0.0806,"LOW"
12,"2","N0","T3","2",0.9227,0.0773,"LOW"
13,"2","N0","T3","2",0.9236,0.0764,"LOW"
14,"2","N0","T3","2",0.9242,0.0758,"LOW"
15,"2","N0","T3","2",0.9261,0.0739,"LOW"
16,"2","N0","T3","2",0.9278,0.0722,"LOW"
17,"2","N0","T3","2",0.9287,0.0713,"LOW"
18,"2","N0","T3","2",0.9285,0.0715,"LOW"
19,"2","N0","T3","2",0.9284,0.0716,"LOW"
20,"2","N0","T3","2",0.9288,0.0712,"LOW"
21,"2","N0","T3","2",0.9292,0.0708,"LOW"
22,"2","N0","T3","2",0.9301,0.0699,"LOW"
23,"2","N0","T3","2",0.93,0.07,"LOW"
24,"2","N0","T3","2",0.93,0.07,"LOW"
25,"2","N0","T3","2",0.9296,0.0704,"LOW"
26,"2","N0","T3","2",0.93,0.07,"LOW"
27,"2","N0","T3","2",0.9301,0.0699,"LOW"
28,"2","N0","T3","2",0.9298,0.0702,"LOW"
29,"2","N0","T3","2",0.9297,0.0703,"LOW"
30,"2","N0","T3","2",0.9292,0.0708,"LOW"
31,"2","N0","T3","2",0.9286,0.0714,"LOW"
32,"2","N0","T3","2",0.9276,0.0724,"LOW"
33,"2","N0","T3","2",0.9274,0.0726,"LOW"
34,"2","N0","T3","2",0.9272,0.0728,"LOW"
35,"2","N0","T3","2",0.9285,0.0715,"LOW"
36,"2","N0","T3","2",0.9286,0.0714,"LOW"
37,"2","N0","T3","2",0.929,0.071,"LOW"
38,"2","N0","T3","2",0.9308,0.0692,"LOW"
39,"2","N0","T3","2",0.9302,0.0698,"LOW"
40,"2","N0","T3","2",0.9311,0.0689,"LOW"
41,"2","N0","T3","2",0.9319,0.0681,"LOW"
42,"2","N0","T3","2",0.9314,0.0686,"LOW"
43,"2","N0","T3","2",0.9319,0.0681,"LOW"
44,"2","N0","T3","2",0.9318,0.0682,"LOW"
45,"2","N0","T3","2",0.9318,0.0682,"LOW"
46,"2","N0","T3","2",0.9316,0.0684,"LOW"
47,"2","N0","T3","2",0.9321,0.0679,"LOW"
48,"2","N0","T3","2",0.9322,0.0678,"LOW"
49,"2","N0","T3","2",0.9327,0.0673,"LOW"
50,"2","N0","T3","2",0.9323,0.0677,"LOW"
51,"2","N0","T3","2",0.9317,0.0683,"LOW"
52,"2","N0","T3","2",0.9327,0.0673,"LOW"
53,"2","N0","T3","2",0.9329,0.0671,"LOW"
54,"2","N0","T3","2",0.9307,0.0693,"LOW"
55,"2","N0","T3","2",0.9301,0.0699,"LOW"
56,"2","N0","T3","2",0.9305,0.0695,"LOW"
57,"2","N0","T3","2",0.9296,0.0704,"LOW"
58,"2","N0","T3","2",0.93,0.07,"LOW"
59,"2","N0","T3","2",0.9295,0.0705,"LOW"
60,"2","N0","T3","2",0.9281,0.0719,"LOW"
61,"2","N0","T3","2",0.9281,0.0719,"LOW"
62,"2","N0","T3","2",0.928,0.072,"LOW"
63,"2","N0","T3","2",0.9305,0.0695,"LOW"
64,"2","N0","T3","2",0.93,0.07,"LOW"
65,"2","N0","T3","2",0.9313,0.0687,"LOW"
66,"2","N0","T3","2",0.9312,0.0688,"LOW"
67,"2","N0","T3","2",0.932,0.068,"LOW"
68,"2","N0","T3","2",0.9315,0.0685,"LOW"
69,"2","N0","T3","2",0.9312,0.0688,"LOW"
70,"2","N0","T3","2",0.9323,0.0677,"LOW"
71,"2","N0","T3","2",0.9321,0.0679,"LOW"
72,"2","N0","T3","2",0.9318,0.0682,"LOW"
73,"2","N0","T3","2",0.9317,0.0683,"LOW"
74,"2","N0","T3","2",0.9314,0.0686,"LOW"
75,"2","N0","T3","2",0.9322,0.0678,"LOW"
76,"2","N0","T3","2",0.9319,0.0681,"LOW"
77,"2","N0","T3","2",0.9308,0.0692,"LOW"
78,"2","N0","T3","2",0.9294,0.0706,"LOW"
79,"2","N0","T3","2",0.9276,0.0724,"LOW"
80,"2","N0","T3","2",0.9292,0.0708,"LOW"
81,"2","N0","T3","2",0.9289,0.0711,"LOW"
82,"2","N0","T3","2",0.9282,0.0718,"LOW"
83,"2","N0","T3","2",0.9297,0.0703,"LOW"
84,"2","N0","T3","2",0.9298,0.0702,"LOW"
85,"2","N0","T3","2",0.9292,0.0708,"LOW"
86,"2","N0","T3","2",0.9266,0.0734,"LOW"
87,"2","N0","T3","2",0.9282,0.0718,"LOW"
88,"2","N0","T3","2",0.9282,0.0718,"LOW"
89,"2","N0","T3","2",0.9282,0.0718,"LOW"
90,"2","N0","T3","2",0.9259,0.0741,"LOW"
91,"2","N0","T3","2",0.9259,0.0741,"LOW"
92,"2","N0","T3","2",0.9259,0.0741,"LOW"
93,"2","N0","T3","2",0.9259,0.0741,"LOW"
94,"2","N0","T3","2",0.9259,0.0741,"LOW"
95,"2","N0","T3","2",0.9259,0.0741,"LOW"
96,"2","N0","T3","2",0.9259,0.0741,"LOW"
97,"2","N0","T3","2",0.9259,0.0741,"LOW"
98,"2","N0","T3","2",0.9259,0.0741,"LOW"
99,"2","N0","T3","2",0.9259,0.0741,"LOW"
0,"1","N1","T3","2",0.7225,0.2775,"LOW"
1,"1","N1","T3","2",0.722,0.278,"LOW"
2,"1","N1","T3","2",0.7225,0.2775,"LOW"
3,"1","N1","T3","2",0.7226,0.2774,"LOW"
4,"1","N1","T3","2",0.7266,0.2734,"LOW"
5,"1","N1","T3","2",0.729,0.271,"LOW"
6,"1","N1","T3","2",0.733,0.267,"LOW"
7,"1","N1","T3","2",0.7326,0.2674,"LOW"
8,"1","N1","T3","2",0.7318,0.2682,"LOW"
9,"1","N1","T3","2",0.7302,0.2698,"LOW"
10,"1","N1","T3","2",0.73,0.27,"LOW"
11,"1","N1","T3","2",0.7291,0.2709,"LOW"
12,"1","N1","T3","2",0.7316,0.2684,"LOW"
13,"1","N1","T3","2",0.733,0.267,"LOW"
14,"1","N1","T3","2",0.7362,0.2638,"LOW"
15,"1","N1","T3","2",0.7362,0.2638,"LOW"
16,"1","N1","T3","2",0.7414,0.2586,"LOW"
17,"1","N1","T3","2",0.741,0.259,"LOW"
18,"1","N1","T3","2",0.7405,0.2595,"LOW"
19,"1","N1","T3","2",0.7431,0.2569,"LOW"
20,"1","N1","T3","2",0.7437,0.2563,"LOW"
21,"1","N1","T3","2",0.7453,0.2547,"LOW"
22,"1","N1","T3","2",0.7483,0.2517,"LOW"
23,"1","N1","T3","2",0.7511,0.2489,"LOW"
24,"1","N1","T3","2",0.7504,0.2496,"LOW"
25,"1","N1","T3","2",0.7529,0.2471,"LOW"
26,"1","N1","T3","2",0.7552,0.2448,"LOW"
27,"1","N1","T3","2",0.7537,0.2463,"LOW"
28,"1","N1","T3","2",0.7552,0.2448,"LOW"
29,"1","N1","T3","2",0.7551,0.2449,"LOW"
30,"1","N1","T3","2",0.752,0.248,"LOW"
31,"1","N1","T3","2",0.7502,0.2498,"LOW"
32,"1","N1","T3","2",0.7481,0.2519,"LOW"
33,"1","N1","T3","2",0.7504,0.2496,"LOW"
34,"1","N1","T3","2",0.7478,0.2522,"LOW"
35,"1","N1","T3","2",0.7482,0.2518,"LOW"
36,"1","N1","T3","2",0.7472,0.2528,"LOW"
37,"1","N1","T3","2",0.7432,0.2568,"LOW"
38,"1","N1","T3","2",0.7437,0.2563,"LOW"
39,"1","N1","T3","2",0.7416,0.2584,"LOW"
40,"1","N1","T3","2",0.7434,0.2566,"LOW"
41,"1","N1","T3","2",0.7443,0.2557,"LOW"
42,"1","N1","T3","2",0.7444,0.2556,"LOW"
43,"1","N1","T3","2",0.7473,0.2527,"LOW"
44,"1","N1","T3","2",0.7447,0.2553,"LOW"
45,"1","N1","T3","2",0.7451,0.2549,"LOW"
46,"1","N1","T3","2",0.7464,0.2536,"LOW"
47,"1","N1","T3","2",0.7468,0.2532,"LOW"
48,"1","N1","T3","2",0.7454,0.2546,"LOW"
49,"1","N1","T3","2",0.7464,0.2536,"LOW"
50,"1","N1","T3","2",0.7435,0.2565,"LOW"
51,"1","N1","T3","2",0.7407,0.2593,"LOW"
52,"1","N1","T3","2",0.7422,0.2578,"LOW"
53,"1","N1","T3","2",0.7423,0.2577,"LOW"
54,"1","N1","T3","2",0.7409,0.2591,"LOW"
55,"1","N1","T3","2",0.7385,0.2615,"LOW"
56,"1","N1","T3","2",0.7394,0.2606,"LOW"
57,"1","N1","T3","2",0.7389,0.2611,"LOW"
58,"1","N1","T3","2",0.7357,0.2643,"LOW"
59,"1","N1","T3","2",0.7377,0.2623,"LOW"
60,"1","N1","T3","2",0.7413,0.2587,"LOW"
61,"1","N1","T3","2",0.7423,0.2577,"LOW"
62,"1","N1","T3","2",0.741,0.259,"LOW"
63,"1","N1","T3","2",0.7395,0.2605,"LOW"
64,"1","N1","T3","2",0.7396,0.2604,"LOW"
65,"1","N1","T3","2",0.7397,0.2603,"LOW"
66,"1","N1","T3","2",0.7417,0.2583,"LOW"
67,"1","N1","T3","2",0.7425,0.2575,"LOW"
68,"1","N1","T3","2",0.7386,0.2614,"LOW"
69,"1","N1","T3","2",0.7401,0.2599,"LOW"
70,"1","N1","T3","2",0.7426,0.2574,"LOW"
71,"1","N1","T3","2",0.7394,0.2606,"LOW"
72,"1","N1","T3","2",0.738,0.262,"LOW"
73,"1","N1","T3","2",0.7387,0.2613,"LOW"
74,"1","N1","T3","2",0.7393,0.2607,"LOW"
75,"1","N1","T3","2",0.7367,0.2633,"LOW"
76,"1","N1","T3","2",0.7346,0.2654,"LOW"
77,"1","N1","T3","2",0.733,0.267,"LOW"
78,"1","N1","T3","2",0.7327,0.2673,"LOW"
79,"1","N1","T3","2",0.7322,0.2678,"LOW"
80,"1","N1","T3","2",0.7322,0.2678,"LOW"
81,"1","N1","T3","2",0.731,0.269,"LOW"
82,"1","N1","T3","2",0.7299,0.2701,"LOW"
83,"1","N1","T3","2",0.736,0.264,"LOW"
84,"1","N1","T3","2",0.7333,0.2667,"LOW"
85,"1","N1","T3","2",0.7252,0.2748,"LOW"
86,"1","N1","T3","2",0.7275,0.2725,"LOW"
87,"1","N1","T3","2",0.727,0.273,"LOW"
88,"1","N1","T3","2",0.7271,0.2729,"LOW"
89,"1","N1","T3","2",0.7283,0.2717,"LOW"
90,"1","N1","T3","2",0.7264,0.2736,"LOW"
91,"1","N1","T3","2",0.7264,0.2736,"LOW"
92,"1","N1","T3","2",0.7264,0.2736,"LOW"
93,"1","N1","T3","2",0.7264,0.2736,"LOW"
94,"1","N1","T3","2",0.7264,0.2736,"LOW"
95,"1","N1","T3","2",0.7264,0.2736,"LOW"
96,"1","N1","T3","2",0.7264,0.2736,"LOW"
97,"1","N1","T3","2",0.7264,0.2736,"LOW"
98,"1","N1","T3","2",0.7264,0.2736,"LOW"
99,"1","N1","T3","2",0.7264,0.2736,"LOW"
0,"2","N1","T3","2",0.7179,0.2821,"LOW"
1,"2","N1","T3","2",0.7183,0.2817,"LOW"
2,"2","N1","T3","2",0.7225,0.2775,"LOW"
3,"2","N1","T3","2",0.7247,0.2753,"LOW"
4,"2","N1","T3","2",0.7313,0.2687,"LOW"
5,"2","N1","T3","2",0.734,0.266,"LOW"
6,"2","N1","T3","2",0.7378,0.2622,"LOW"
7,"2","N1","T3","2",0.7409,0.2591,"LOW"
8,"2","N1","T3","2",0.739,0.261,"LOW"
9,"2","N1","T3","2",0.7362,0.2638,"LOW"
10,"2","N1","T3","2",0.7384,0.2616,"LOW"
11,"2","N1","T3","2",0.7389,0.2611,"LOW"
12,"2","N1","T3","2",0.7423,0.2577,"LOW"
13,"2","N1","T3","2",0.7437,0.2563,"LOW"
14,"2","N1","T3","2",0.7446,0.2554,"LOW"
15,"2","N1","T3","2",0.7454,0.2546,"LOW"
16,"2","N1","T3","2",0.7511,0.2489,"LOW"
17,"2","N1","T3","2",0.7497,0.2503,"LOW"
18,"2","N1","T3","2",0.7491,0.2509,"LOW"
19,"2","N1","T3","2",0.752,0.248,"LOW"
20,"2","N1","T3","2",0.7526,0.2474,"LOW"
21,"2","N1","T3","2",0.7555,0.2445,"LOW"
22,"2","N1","T3","2",0.7597,0.2403,"LOW"
23,"2","N1","T3","2",0.7625,0.2375,"LOW"
24,"2","N1","T3","2",0.7621,0.2379,"LOW"
25,"2","N1","T3","2",0.7641,0.2359,"LOW"
26,"2","N1","T3","2",0.7683,0.2317,"LOW"
27,"2","N1","T3","2",0.7698,0.2302,"LOW"
28,"2","N1","T3","2",0.7713,0.2287,"LOW"
29,"2","N1","T3","2",0.7722,0.2278,"LOW"
30,"2","N1","T3","2",0.7669,0.2331,"LOW"
31,"2","N1","T3","2",0.7664,0.2336,"LOW"
32,"2","N1","T3","2",0.7621,0.2379,"LOW"
33,"2","N1","T3","2",0.7646,0.2354,"LOW"
34,"2","N1","T3","2",0.7643,0.2357,"LOW"
35,"2","N1","T3","2",0.7648,0.2352,"LOW"
36,"2","N1","T3","2",0.7639,0.2361,"LOW"
37,"2","N1","T3","2",0.7631,0.2369,"LOW"
38,"2","N1","T3","2",0.7633,0.2367,"LOW"
39,"2","N1","T3","2",0.7588,0.2412,"LOW"
40,"2","N1","T3","2",0.7598,0.2402,"LOW"
41,"2","N1","T3","2",0.7604,0.2396,"LOW"
42,"2","N1","T3","2",0.7603,0.2397,"LOW"
43,"2","N1","T3","2",0.7625,0.2375,"LOW"
44,"2","N1","T3","2",0.7591,0.2409,"LOW"
45,"2","N1","T3","2",0.7586,0.2414,"LOW"
46,"2","N1","T3","2",0.7578,0.2422,"LOW"
47,"2","N1","T3","2",0.7582,0.2418,"LOW"
48,"2","N1","T3","2",0.7569,0.2431,"LOW"
49,"2","N1","T3","2",0.7549,0.2451,"LOW"
50,"2","N1","T3","2",0.7527,0.2473,"LOW"
51,"2","N1","T3","2",0.7518,0.2482,"LOW"
52,"2","N1","T3","2",0.7571,0.2429,"LOW"
53,"2","N1","T3","2",0.7562,0.2438,"LOW"
54,"2","N1","T3","2",0.7561,0.2439,"LOW"
55,"2","N1","T3","2",0.752,0.248,"LOW"
56,"2","N1","T3","2",0.7531,0.2469,"LOW"
57,"2","N1","T3","2",0.7523,0.2477,"LOW"
58,"2","N1","T3","2",0.7468,0.2532,"LOW"
59,"2","N1","T3","2",0.7488,0.2512,"LOW"
60,"2","N1","T3","2",0.7519,0.2481,"LOW"
61,"2","N1","T3","2",0.7509,0.2491,"LOW"
62,"2","N1","T3","2",0.751,0.249,"LOW"
63,"2","N1","T3","2",0.7485,0.2515,"LOW"
64,"2","N1","T3","2",0.7462,0.2538,"LOW"
65,"2","N1","T3","2",0.7466,0.2534,"LOW"
66,"2","N1","T3","2",0.7455,0.2545,"LOW"
67,"2","N1","T3","2",0.7483,0.2517,"LOW"
68,"2","N1","T3","2",0.7448,0.2552,"LOW"
69,"2","N1","T3","2",0.7473,0.2527,"LOW"
70,"2","N1","T3","2",0.7502,0.2498,"LOW"
71,"2","N1","T3","2",0.7485,0.2515,"LOW"
72,"2","N1","T3","2",0.7482,0.2518,"LOW"
73,"2","N1","T3","2",0.7489,0.2511,"LOW"
74,"2","N1","T3","2",0.7509,0.2491,"LOW"
75,"2","N1","T3","2",0.7508,0.2492,"LOW"
76,"2","N1","T3","2",0.7507,0.2493,"LOW"
77,"2","N1","T3","2",0.7481,0.2519,"LOW"
78,"2","N1","T3","2",0.7466,0.2534,"LOW"
79,"2","N1","T3","2",0.7466,0.2534,"LOW"
80,"2","N1","T3","2",0.7483,0.2517,"LOW"
81,"2","N1","T3","2",0.7484,0.2516,"LOW"
82,"2","N1","T3","2",0.7498,0.2502,"LOW"
83,"2","N1","T3","2",0.7526,0.2474,"LOW"
84,"2","N1","T3","2",0.7519,0.2481,"LOW"
85,"2","N1","T3","2",0.7503,0.2497,"LOW"
86,"2","N1","T3","2",0.7517,0.2483,"LOW"
87,"2","N1","T3","2",0.7513,0.2487,"LOW"
88,"2","N1","T3","2",0.7522,0.2478,"LOW"
89,"2","N1","T3","2",0.7529,0.2471,"LOW"
90,"2","N1","T3","2",0.7514,0.2486,"LOW"
91,"2","N1","T3","2",0.7514,0.2486,"LOW"
92,"2","N1","T3","2",0.7514,0.2486,"LOW"
93,"2","N1","T3","2",0.7514,0.2486,"LOW"
94,"2","N1","T3","2",0.7514,0.2486,"LOW"
95,"2","N1","T3","2",0.7514,0.2486,"LOW"
96,"2","N1","T3","2",0.7514,0.2486,"LOW"
97,"2","N1","T3","2",0.7514,0.2486,"LOW"
98,"2","N1","T3","2",0.7514,0.2486,"LOW"
99,"2","N1","T3","2",0.7514,0.2486,"LOW"
0,"1","Other/Unknown","T3","2",0.8518,0.1482,"LOW"
1,"1","Other/Unknown","T3","2",0.8538,0.1462,"LOW"
2,"1","Other/Unknown","T3","2",0.854,0.146,"LOW"
3,"1","Other/Unknown","T3","2",0.8459,0.1541,"LOW"
4,"1","Other/Unknown","T3","2",0.8485,0.1515,"LOW"
5,"1","Other/Unknown","T3","2",0.8479,0.1521,"LOW"
6,"1","Other/Unknown","T3","2",0.8498,0.1502,"LOW"
7,"1","Other/Unknown","T3","2",0.8494,0.1506,"LOW"
8,"1","Other/Unknown","T3","2",0.8487,0.1513,"LOW"
9,"1","Other/Unknown","T3","2",0.8492,0.1508,"LOW"
10,"1","Other/Unknown","T3","2",0.8498,0.1502,"LOW"
11,"1","Other/Unknown","T3","2",0.853,0.147,"LOW"
12,"1","Other/Unknown","T3","2",0.8574,0.1426,"LOW"
13,"1","Other/Unknown","T3","2",0.8599,0.1401,"LOW"
14,"1","Other/Unknown","T3","2",0.8611,0.1389,"LOW"
15,"1","Other/Unknown","T3","2",0.8607,0.1393,"LOW"
16,"1","Other/Unknown","T3","2",0.8618,0.1382,"LOW"
17,"1","Other/Unknown","T3","2",0.8631,0.1369,"LOW"
18,"1","Other/Unknown","T3","2",0.8666,0.1334,"LOW"
19,"1","Other/Unknown","T3","2",0.867,0.133,"LOW"
20,"1","Other/Unknown","T3","2",0.867,0.133,"LOW"
21,"1","Other/Unknown","T3","2",0.8664,0.1336,"LOW"
22,"1","Other/Unknown","T3","2",0.8679,0.1321,"LOW"
23,"1","Other/Unknown","T3","2",0.869,0.131,"LOW"
24,"1","Other/Unknown","T3","2",0.8687,0.1313,"LOW"
25,"1","Other/Unknown","T3","2",0.8715,0.1285,"LOW"
26,"1","Other/Unknown","T3","2",0.8707,0.1293,"LOW"
27,"1","Other/Unknown","T3","2",0.8739,0.1261,"LOW"
28,"1","Other/Unknown","T3","2",0.8739,0.1261,"LOW"
29,"1","Other/Unknown","T3","2",0.8753,0.1247,"LOW"
30,"1","Other/Unknown","T3","2",0.8755,0.1245,"LOW"
31,"1","Other/Unknown","T3","2",0.8785,0.1215,"LOW"
32,"1","Other/Unknown","T3","2",0.8828,0.1172,"LOW"
33,"1","Other/Unknown","T3","2",0.884,0.116,"LOW"
34,"1","Other/Unknown","T3","2",0.8848,0.1152,"LOW"
35,"1","Other/Unknown","T3","2",0.8843,0.1157,"LOW"
36,"1","Other/Unknown","T3","2",0.8847,0.1153,"LOW"
37,"1","Other/Unknown","T3","2",0.8843,0.1157,"LOW"
38,"1","Other/Unknown","T3","2",0.8845,0.1155,"LOW"
39,"1","Other/Unknown","T3","2",0.8886,0.1114,"LOW"
40,"1","Other/Unknown","T3","2",0.8894,0.1106,"LOW"
41,"1","Other/Unknown","T3","2",0.8903,0.1097,"LOW"
42,"1","Other/Unknown","T3","2",0.8903,0.1097,"LOW"
43,"1","Other/Unknown","T3","2",0.8918,0.1082,"LOW"
44,"1","Other/Unknown","T3","2",0.8913,0.1087,"LOW"
45,"1","Other/Unknown","T3","2",0.8909,0.1091,"LOW"
46,"1","Other/Unknown","T3","2",0.8904,0.1096,"LOW"
47,"1","Other/Unknown","T3","2",0.8905,0.1095,"LOW"
48,"1","Other/Unknown","T3","2",0.8905,0.1095,"LOW"
49,"1","Other/Unknown","T3","2",0.8909,0.1091,"LOW"
50,"1","Other/Unknown","T3","2",0.8909,0.1091,"LOW"
51,"1","Other/Unknown","T3","2",0.893,0.107,"LOW"
52,"1","Other/Unknown","T3","2",0.8936,0.1064,"LOW"
53,"1","Other/Unknown","T3","2",0.8945,0.1055,"LOW"
54,"1","Other/Unknown","T3","2",0.8925,0.1075,"LOW"
55,"1","Other/Unknown","T3","2",0.8928,0.1072,"LOW"
56,"1","Other/Unknown","T3","2",0.8927,0.1073,"LOW"
57,"1","Other/Unknown","T3","2",0.8929,0.1071,"LOW"
58,"1","Other/Unknown","T3","2",0.8945,0.1055,"LOW"
59,"1","Other/Unknown","T3","2",0.8945,0.1055,"LOW"
60,"1","Other/Unknown","T3","2",0.8948,0.1052,"LOW"
61,"1","Other/Unknown","T3","2",0.8942,0.1058,"LOW"
62,"1","Other/Unknown","T3","2",0.8943,0.1057,"LOW"
63,"1","Other/Unknown","T3","2",0.8948,0.1052,"LOW"
64,"1","Other/Unknown","T3","2",0.8943,0.1057,"LOW"
65,"1","Other/Unknown","T3","2",0.8952,0.1048,"LOW"
66,"1","Other/Unknown","T3","2",0.8952,0.1048,"LOW"
67,"1","Other/Unknown","T3","2",0.8968,0.1032,"LOW"
68,"1","Other/Unknown","T3","2",0.8964,0.1036,"LOW"
69,"1","Other/Unknown","T3","2",0.8962,0.1038,"LOW"
70,"1","Other/Unknown","T3","2",0.8966,0.1034,"LOW"
71,"1","Other/Unknown","T3","2",0.8962,0.1038,"LOW"
72,"1","Other/Unknown","T3","2",0.8964,0.1036,"LOW"
73,"1","Other/Unknown","T3","2",0.8957,0.1043,"LOW"
74,"1","Other/Unknown","T3","2",0.8955,0.1045,"LOW"
75,"1","Other/Unknown","T3","2",0.8947,0.1053,"LOW"
76,"1","Other/Unknown","T3","2",0.8956,0.1044,"LOW"
77,"1","Other/Unknown","T3","2",0.8936,0.1064,"LOW"
78,"1","Other/Unknown","T3","2",0.8935,0.1065,"LOW"
79,"1","Other/Unknown","T3","2",0.8925,0.1075,"LOW"
80,"1","Other/Unknown","T3","2",0.8932,0.1068,"LOW"
81,"1","Other/Unknown","T3","2",0.8963,0.1037,"LOW"
82,"1","Other/Unknown","T3","2",0.8973,0.1027,"LOW"
83,"1","Other/Unknown","T3","2",0.8975,0.1025,"LOW"
84,"1","Other/Unknown","T3","2",0.8973,0.1027,"LOW"
85,"1","Other/Unknown","T3","2",0.8974,0.1026,"LOW"
86,"1","Other/Unknown","T3","2",0.896,0.104,"LOW"
87,"1","Other/Unknown","T3","2",0.8982,0.1018,"LOW"
88,"1","Other/Unknown","T3","2",0.8983,0.1017,"LOW"
89,"1","Other/Unknown","T3","2",0.899,0.101,"LOW"
90,"1","Other/Unknown","T3","2",0.899,0.101,"LOW"
91,"1","Other/Unknown","T3","2",0.899,0.101,"LOW"
92,"1","Other/Unknown","T3","2",0.899,0.101,"LOW"
93,"1","Other/Unknown","T3","2",0.899,0.101,"LOW"
94,"1","Other/Unknown","T3","2",0.899,0.101,"LOW"
95,"1","Other/Unknown","T3","2",0.899,0.101,"LOW"
96,"1","Other/Unknown","T3","2",0.899,0.101,"LOW"
97,"1","Other/Unknown","T3","2",0.899,0.101,"LOW"
98,"1","Other/Unknown","T3","2",0.899,0.101,"LOW"
99,"1","Other/Unknown","T3","2",0.899,0.101,"LOW"
0,"2","Other/Unknown","T3","2",0.8587,0.1413,"LOW"
1,"2","Other/Unknown","T3","2",0.8586,0.1414,"LOW"
2,"2","Other/Unknown","T3","2",0.864,0.136,"LOW"
3,"2","Other/Unknown","T3","2",0.8575,0.1425,"LOW"
4,"2","Other/Unknown","T3","2",0.8628,0.1372,"LOW"
5,"2","Other/Unknown","T3","2",0.8629,0.1371,"LOW"
6,"2","Other/Unknown","T3","2",0.8663,0.1337,"LOW"
7,"2","Other/Unknown","T3","2",0.8673,0.1327,"LOW"
8,"2","Other/Unknown","T3","2",0.8654,0.1346,"LOW"
9,"2","Other/Unknown","T3","2",0.8653,0.1347,"LOW"
10,"2","Other/Unknown","T3","2",0.8675,0.1325,"LOW"
11,"2","Other/Unknown","T3","2",0.869,0.131,"LOW"
12,"2","Other/Unknown","T3","2",0.872,0.128,"LOW"
13,"2","Other/Unknown","T3","2",0.8723,0.1277,"LOW"
14,"2","Other/Unknown","T3","2",0.8732,0.1268,"LOW"
15,"2","Other/Unknown","T3","2",0.8732,0.1268,"LOW"
16,"2","Other/Unknown","T3","2",0.875,0.125,"LOW"
17,"2","Other/Unknown","T3","2",0.8762,0.1238,"LOW"
18,"2","Other/Unknown","T3","2",0.8794,0.1206,"LOW"
19,"2","Other/Unknown","T3","2",0.8783,0.1217,"LOW"
20,"2","Other/Unknown","T3","2",0.8783,0.1217,"LOW"
21,"2","Other/Unknown","T3","2",0.8786,0.1214,"LOW"
22,"2","Other/Unknown","T3","2",0.8784,0.1216,"LOW"
23,"2","Other/Unknown","T3","2",0.8791,0.1209,"LOW"
24,"2","Other/Unknown","T3","2",0.8792,0.1208,"LOW"
25,"2","Other/Unknown","T3","2",0.882,0.118,"LOW"
26,"2","Other/Unknown","T3","2",0.8808,0.1192,"LOW"
27,"2","Other/Unknown","T3","2",0.8817,0.1183,"LOW"
28,"2","Other/Unknown","T3","2",0.881,0.119,"LOW"
29,"2","Other/Unknown","T3","2",0.88,0.12,"LOW"
30,"2","Other/Unknown","T3","2",0.8818,0.1182,"LOW"
31,"2","Other/Unknown","T3","2",0.8828,0.1172,"LOW"
32,"2","Other/Unknown","T3","2",0.8855,0.1145,"LOW"
33,"2","Other/Unknown","T3","2",0.8858,0.1142,"LOW"
34,"2","Other/Unknown","T3","2",0.8861,0.1139,"LOW"
35,"2","Other/Unknown","T3","2",0.8864,0.1136,"LOW"
36,"2","Other/Unknown","T3","2",0.8864,0.1136,"LOW"
37,"2","Other/Unknown","T3","2",0.8857,0.1143,"LOW"
38,"2","Other/Unknown","T3","2",0.8861,0.1139,"LOW"
39,"2","Other/Unknown","T3","2",0.8856,0.1144,"LOW"
40,"2","Other/Unknown","T3","2",0.8857,0.1143,"LOW"
41,"2","Other/Unknown","T3","2",0.8866,0.1134,"LOW"
42,"2","Other/Unknown","T3","2",0.887,0.113,"LOW"
43,"2","Other/Unknown","T3","2",0.887,0.113,"LOW"
44,"2","Other/Unknown","T3","2",0.8868,0.1132,"LOW"
45,"2","Other/Unknown","T3","2",0.8861,0.1139,"LOW"
46,"2","Other/Unknown","T3","2",0.885,0.115,"LOW"
47,"2","Other/Unknown","T3","2",0.885,0.115,"LOW"
48,"2","Other/Unknown","T3","2",0.8856,0.1144,"LOW"
49,"2","Other/Unknown","T3","2",0.8862,0.1138,"LOW"
50,"2","Other/Unknown","T3","2",0.8861,0.1139,"LOW"
51,"2","Other/Unknown","T3","2",0.8853,0.1147,"LOW"
52,"2","Other/Unknown","T3","2",0.885,0.115,"LOW"
53,"2","Other/Unknown","T3","2",0.885,0.115,"LOW"
54,"2","Other/Unknown","T3","2",0.883,0.117,"LOW"
55,"2","Other/Unknown","T3","2",0.8829,0.1171,"LOW"
56,"2","Other/Unknown","T3","2",0.8827,0.1173,"LOW"
57,"2","Other/Unknown","T3","2",0.8824,0.1176,"LOW"
58,"2","Other/Unknown","T3","2",0.8827,0.1173,"LOW"
59,"2","Other/Unknown","T3","2",0.8818,0.1182,"LOW"
60,"2","Other/Unknown","T3","2",0.8805,0.1195,"LOW"
61,"2","Other/Unknown","T3","2",0.8804,0.1196,"LOW"
62,"2","Other/Unknown","T3","2",0.8802,0.1198,"LOW"
63,"2","Other/Unknown","T3","2",0.8805,0.1195,"LOW"
64,"2","Other/Unknown","T3","2",0.8797,0.1203,"LOW"
65,"2","Other/Unknown","T3","2",0.8817,0.1183,"LOW"
66,"2","Other/Unknown","T3","2",0.8817,0.1183,"LOW"
67,"2","Other/Unknown","T3","2",0.8828,0.1172,"LOW"
68,"2","Other/Unknown","T3","2",0.8828,0.1172,"LOW"
69,"2","Other/Unknown","T3","2",0.883,0.117,"LOW"
70,"2","Other/Unknown","T3","2",0.8835,0.1165,"LOW"
71,"2","Other/Unknown","T3","2",0.8842,0.1158,"LOW"
72,"2","Other/Unknown","T3","2",0.8846,0.1154,"LOW"
73,"2","Other/Unknown","T3","2",0.8845,0.1155,"LOW"
74,"2","Other/Unknown","T3","2",0.8859,0.1141,"LOW"
75,"2","Other/Unknown","T3","2",0.8861,0.1139,"LOW"
76,"2","Other/Unknown","T3","2",0.8866,0.1134,"LOW"
77,"2","Other/Unknown","T3","2",0.8842,0.1158,"LOW"
78,"2","Other/Unknown","T3","2",0.8848,0.1152,"LOW"
79,"2","Other/Unknown","T3","2",0.8847,0.1153,"LOW"
80,"2","Other/Unknown","T3","2",0.8842,0.1158,"LOW"
81,"2","Other/Unknown","T3","2",0.887,0.113,"LOW"
82,"2","Other/Unknown","T3","2",0.8874,0.1126,"LOW"
83,"2","Other/Unknown","T3","2",0.8885,0.1115,"LOW"
84,"2","Other/Unknown","T3","2",0.8888,0.1112,"LOW"
85,"2","Other/Unknown","T3","2",0.8886,0.1114,"LOW"
86,"2","Other/Unknown","T3","2",0.8874,0.1126,"LOW"
87,"2","Other/Unknown","T3","2",0.8899,0.1101,"LOW"
88,"2","Other/Unknown","T3","2",0.8908,0.1092,"LOW"
89,"2","Other/Unknown","T3","2",0.8915,0.1085,"LOW"
90,"2","Other/Unknown","T3","2",0.8915,0.1085,"LOW"
91,"2","Other/Unknown","T3","2",0.8915,0.1085,"LOW"
92,"2","Other/Unknown","T3","2",0.8915,0.1085,"LOW"
93,"2","Other/Unknown","T3","2",0.8915,0.1085,"LOW"
94,"2","Other/Unknown","T3","2",0.8915,0.1085,"LOW"
95,"2","Other/Unknown","T3","2",0.8915,0.1085,"LOW"
96,"2","Other/Unknown","T3","2",0.8915,0.1085,"LOW"
97,"2","Other/Unknown","T3","2",0.8915,0.1085,"LOW"
98,"2","Other/Unknown","T3","2",0.8915,0.1085,"LOW"
99,"2","Other/Unknown","T3","2",0.8915,0.1085,"LOW"
0,"1","N0","T4","2",0.8899,0.1101,"LOW"
1,"1","N0","T4","2",0.8919,0.1081,"LOW"
2,"1","N0","T4","2",0.8947,0.1053,"LOW"
3,"1","N0","T4","2",0.8859,0.1141,"LOW"
4,"1","N0","T4","2",0.8901,0.1099,"LOW"
5,"1","N0","T4","2",0.8935,0.1065,"LOW"
6,"1","N0","T4","2",0.8959,0.1041,"LOW"
7,"1","N0","T4","2",0.896,0.104,"LOW"
8,"1","N0","T4","2",0.8937,0.1063,"LOW"
9,"1","N0","T4","2",0.8928,0.1072,"LOW"
10,"1","N0","T4","2",0.8961,0.1039,"LOW"
11,"1","N0","T4","2",0.8986,0.1014,"LOW"
12,"1","N0","T4","2",0.9018,0.0982,"LOW"
13,"1","N0","T4","2",0.9034,0.0966,"LOW"
14,"1","N0","T4","2",0.9049,0.0951,"LOW"
15,"1","N0","T4","2",0.9061,0.0939,"LOW"
16,"1","N0","T4","2",0.9097,0.0903,"LOW"
17,"1","N0","T4","2",0.9101,0.0899,"LOW"
18,"1","N0","T4","2",0.9095,0.0905,"LOW"
19,"1","N0","T4","2",0.9114,0.0886,"LOW"
20,"1","N0","T4","2",0.9094,0.0906,"LOW"
21,"1","N0","T4","2",0.9091,0.0909,"LOW"
22,"1","N0","T4","2",0.9109,0.0891,"LOW"
23,"1","N0","T4","2",0.9112,0.0888,"LOW"
24,"1","N0","T4","2",0.912,0.088,"LOW"
25,"1","N0","T4","2",0.9116,0.0884,"LOW"
26,"1","N0","T4","2",0.9127,0.0873,"LOW"
27,"1","N0","T4","2",0.913,0.087,"LOW"
28,"1","N0","T4","2",0.9127,0.0873,"LOW"
29,"1","N0","T4","2",0.9114,0.0886,"LOW"
30,"1","N0","T4","2",0.9087,0.0913,"LOW"
31,"1","N0","T4","2",0.9102,0.0898,"LOW"
32,"1","N0","T4","2",0.9102,0.0898,"LOW"
33,"1","N0","T4","2",0.9099,0.0901,"LOW"
34,"1","N0","T4","2",0.9099,0.0901,"LOW"
35,"1","N0","T4","2",0.9074,0.0926,"LOW"
36,"1","N0","T4","2",0.9078,0.0922,"LOW"
37,"1","N0","T4","2",0.9064,0.0936,"LOW"
38,"1","N0","T4","2",0.9109,0.0891,"LOW"
39,"1","N0","T4","2",0.9131,0.0869,"LOW"
40,"1","N0","T4","2",0.9165,0.0835,"LOW"
41,"1","N0","T4","2",0.9176,0.0824,"LOW"
42,"1","N0","T4","2",0.9175,0.0825,"LOW"
43,"1","N0","T4","2",0.921,0.079,"LOW"
44,"1","N0","T4","2",0.9209,0.0791,"LOW"
45,"1","N0","T4","2",0.9205,0.0795,"LOW"
46,"1","N0","T4","2",0.9204,0.0796,"LOW"
47,"1","N0","T4","2",0.9207,0.0793,"LOW"
48,"1","N0","T4","2",0.9209,0.0791,"LOW"
49,"1","N0","T4","2",0.9206,0.0794,"LOW"
50,"1","N0","T4","2",0.9217,0.0783,"LOW"
51,"1","N0","T4","2",0.9211,0.0789,"LOW"
52,"1","N0","T4","2",0.9206,0.0794,"LOW"
53,"1","N0","T4","2",0.9209,0.0791,"LOW"
54,"1","N0","T4","2",0.9208,0.0792,"LOW"
55,"1","N0","T4","2",0.9198,0.0802,"LOW"
56,"1","N0","T4","2",0.9199,0.0801,"LOW"
57,"1","N0","T4","2",0.9203,0.0797,"LOW"
58,"1","N0","T4","2",0.9207,0.0793,"LOW"
59,"1","N0","T4","2",0.9208,0.0792,"LOW"
60,"1","N0","T4","2",0.92,0.08,"LOW"
61,"1","N0","T4","2",0.9213,0.0787,"LOW"
62,"1","N0","T4","2",0.9214,0.0786,"LOW"
63,"1","N0","T4","2",0.9218,0.0782,"LOW"
64,"1","N0","T4","2",0.9219,0.0781,"LOW"
65,"1","N0","T4","2",0.9231,0.0769,"LOW"
66,"1","N0","T4","2",0.9227,0.0773,"LOW"
67,"1","N0","T4","2",0.9229,0.0771,"LOW"
68,"1","N0","T4","2",0.9218,0.0782,"LOW"
69,"1","N0","T4","2",0.922,0.078,"LOW"
70,"1","N0","T4","2",0.9215,0.0785,"LOW"
71,"1","N0","T4","2",0.9223,0.0777,"LOW"
72,"1","N0","T4","2",0.9224,0.0776,"LOW"
73,"1","N0","T4","2",0.9222,0.0778,"LOW"
74,"1","N0","T4","2",0.9227,0.0773,"LOW"
75,"1","N0","T4","2",0.922,0.078,"LOW"
76,"1","N0","T4","2",0.9219,0.0781,"LOW"
77,"1","N0","T4","2",0.9221,0.0779,"LOW"
78,"1","N0","T4","2",0.9207,0.0793,"LOW"
79,"1","N0","T4","2",0.9193,0.0807,"LOW"
80,"1","N0","T4","2",0.9184,0.0816,"LOW"
81,"1","N0","T4","2",0.9178,0.0822,"LOW"
82,"1","N0","T4","2",0.9153,0.0847,"LOW"
83,"1","N0","T4","2",0.916,0.084,"LOW"
84,"1","N0","T4","2",0.9162,0.0838,"LOW"
85,"1","N0","T4","2",0.9148,0.0852,"LOW"
86,"1","N0","T4","2",0.9145,0.0855,"LOW"
87,"1","N0","T4","2",0.9136,0.0864,"LOW"
88,"1","N0","T4","2",0.9141,0.0859,"LOW"
89,"1","N0","T4","2",0.9152,0.0848,"LOW"
90,"1","N0","T4","2",0.9136,0.0864,"LOW"
91,"1","N0","T4","2",0.9136,0.0864,"LOW"
92,"1","N0","T4","2",0.9136,0.0864,"LOW"
93,"1","N0","T4","2",0.9136,0.0864,"LOW"
94,"1","N0","T4","2",0.9136,0.0864,"LOW"
95,"1","N0","T4","2",0.9136,0.0864,"LOW"
96,"1","N0","T4","2",0.9136,0.0864,"LOW"
97,"1","N0","T4","2",0.9136,0.0864,"LOW"
98,"1","N0","T4","2",0.9136,0.0864,"LOW"
99,"1","N0","T4","2",0.9136,0.0864,"LOW"
0,"2","N0","T4","2",0.8988,0.1012,"LOW"
1,"2","N0","T4","2",0.9001,0.0999,"LOW"
2,"2","N0","T4","2",0.903,0.097,"LOW"
3,"2","N0","T4","2",0.9,0.1,"LOW"
4,"2","N0","T4","2",0.9056,0.0944,"LOW"
5,"2","N0","T4","2",0.9064,0.0936,"LOW"
6,"2","N0","T4","2",0.9088,0.0912,"LOW"
7,"2","N0","T4","2",0.9099,0.0901,"LOW"
8,"2","N0","T4","2",0.9085,0.0915,"LOW"
9,"2","N0","T4","2",0.9084,0.0916,"LOW"
10,"2","N0","T4","2",0.9116,0.0884,"LOW"
11,"2","N0","T4","2",0.9142,0.0858,"LOW"
12,"2","N0","T4","2",0.9175,0.0825,"LOW"
13,"2","N0","T4","2",0.9181,0.0819,"LOW"
14,"2","N0","T4","2",0.9185,0.0815,"LOW"
15,"2","N0","T4","2",0.9203,0.0797,"LOW"
16,"2","N0","T4","2",0.922,0.078,"LOW"
17,"2","N0","T4","2",0.9227,0.0773,"LOW"
18,"2","N0","T4","2",0.923,0.077,"LOW"
19,"2","N0","T4","2",0.9231,0.0769,"LOW"
20,"2","N0","T4","2",0.9231,0.0769,"LOW"
21,"2","N0","T4","2",0.9235,0.0765,"LOW"
22,"2","N0","T4","2",0.9244,0.0756,"LOW"
23,"2","N0","T4","2",0.9242,0.0758,"LOW"
24,"2","N0","T4","2",0.924,0.076,"LOW"
25,"2","N0","T4","2",0.9237,0.0763,"LOW"
26,"2","N0","T4","2",0.9236,0.0764,"LOW"
27,"2","N0","T4","2",0.9237,0.0763,"LOW"
28,"2","N0","T4","2",0.9234,0.0766,"LOW"
29,"2","N0","T4","2",0.9232,0.0768,"LOW"
30,"2","N0","T4","2",0.9227,0.0773,"LOW"
31,"2","N0","T4","2",0.9221,0.0779,"LOW"
32,"2","N0","T4","2",0.9211,0.0789,"LOW"
33,"2","N0","T4","2",0.9209,0.0791,"LOW"
34,"2","N0","T4","2",0.9207,0.0793,"LOW"
35,"2","N0","T4","2",0.9194,0.0806,"LOW"
36,"2","N0","T4","2",0.9195,0.0805,"LOW"
37,"2","N0","T4","2",0.9199,0.0801,"LOW"
38,"2","N0","T4","2",0.9218,0.0782,"LOW"
39,"2","N0","T4","2",0.9212,0.0788,"LOW"
40,"2","N0","T4","2",0.9215,0.0785,"LOW"
41,"2","N0","T4","2",0.9221,0.0779,"LOW"
42,"2","N0","T4","2",0.9217,0.0783,"LOW"
43,"2","N0","T4","2",0.9236,0.0764,"LOW"
44,"2","N0","T4","2",0.9235,0.0765,"LOW"
45,"2","N0","T4","2",0.9232,0.0768,"LOW"
46,"2","N0","T4","2",0.923,0.077,"LOW"
47,"2","N0","T4","2",0.9233,0.0767,"LOW"
48,"2","N0","T4","2",0.9235,0.0765,"LOW"
49,"2","N0","T4","2",0.9236,0.0764,"LOW"
50,"2","N0","T4","2",0.9233,0.0767,"LOW"
51,"2","N0","T4","2",0.9226,0.0774,"LOW"
52,"2","N0","T4","2",0.923,0.077,"LOW"
53,"2","N0","T4","2",0.9232,0.0768,"LOW"
54,"2","N0","T4","2",0.9231,0.0769,"LOW"
55,"2","N0","T4","2",0.9218,0.0782,"LOW"
56,"2","N0","T4","2",0.9222,0.0778,"LOW"
57,"2","N0","T4","2",0.9218,0.0782,"LOW"
58,"2","N0","T4","2",0.9224,0.0776,"LOW"
59,"2","N0","T4","2",0.9225,0.0775,"LOW"
60,"2","N0","T4","2",0.9217,0.0783,"LOW"
61,"2","N0","T4","2",0.9225,0.0775,"LOW"
62,"2","N0","T4","2",0.9224,0.0776,"LOW"
63,"2","N0","T4","2",0.9247,0.0753,"LOW"
64,"2","N0","T4","2",0.9249,0.0751,"LOW"
65,"2","N0","T4","2",0.9252,0.0748,"LOW"
66,"2","N0","T4","2",0.9256,0.0744,"LOW"
67,"2","N0","T4","2",0.9254,0.0746,"LOW"
68,"2","N0","T4","2",0.9254,0.0746,"LOW"
69,"2","N0","T4","2",0.9273,0.0727,"LOW"
70,"2","N0","T4","2",0.928,0.072,"LOW"
71,"2","N0","T4","2",0.9285,0.0715,"LOW"
72,"2","N0","T4","2",0.9282,0.0718,"LOW"
73,"2","N0","T4","2",0.9281,0.0719,"LOW"
74,"2","N0","T4","2",0.929,0.071,"LOW"
75,"2","N0","T4","2",0.9297,0.0703,"LOW"
76,"2","N0","T4","2",0.9294,0.0706,"LOW"
77,"2","N0","T4","2",0.9282,0.0718,"LOW"
78,"2","N0","T4","2",0.9274,0.0726,"LOW"
79,"2","N0","T4","2",0.9254,0.0746,"LOW"
80,"2","N0","T4","2",0.927,0.073,"LOW"
81,"2","N0","T4","2",0.9268,0.0732,"LOW"
82,"2","N0","T4","2",0.9261,0.0739,"LOW"
83,"2","N0","T4","2",0.927,0.073,"LOW"
84,"2","N0","T4","2",0.9271,0.0729,"LOW"
85,"2","N0","T4","2",0.9265,0.0735,"LOW"
86,"2","N0","T4","2",0.9259,0.0741,"LOW"
87,"2","N0","T4","2",0.9258,0.0742,"LOW"
88,"2","N0","T4","2",0.9259,0.0741,"LOW"
89,"2","N0","T4","2",0.926,0.074,"LOW"
90,"2","N0","T4","2",0.9234,0.0766,"LOW"
91,"2","N0","T4","2",0.9234,0.0766,"LOW"
92,"2","N0","T4","2",0.9234,0.0766,"LOW"
93,"2","N0","T4","2",0.9234,0.0766,"LOW"
94,"2","N0","T4","2",0.9234,0.0766,"LOW"
95,"2","N0","T4","2",0.9234,0.0766,"LOW"
96,"2","N0","T4","2",0.9234,0.0766,"LOW"
97,"2","N0","T4","2",0.9234,0.0766,"LOW"
98,"2","N0","T4","2",0.9234,0.0766,"LOW"
99,"2","N0","T4","2",0.9234,0.0766,"LOW"
0,"1","N1","T4","2",0.7163,0.2837,"LOW"
1,"1","N1","T4","2",0.7158,0.2842,"LOW"
2,"1","N1","T4","2",0.7163,0.2837,"LOW"
3,"1","N1","T4","2",0.7164,0.2836,"LOW"
4,"1","N1","T4","2",0.7204,0.2796,"LOW"
5,"1","N1","T4","2",0.7228,0.2772,"LOW"
6,"1","N1","T4","2",0.7278,0.2722,"LOW"
7,"1","N1","T4","2",0.7274,0.2726,"LOW"
8,"1","N1","T4","2",0.7266,0.2734,"LOW"
9,"1","N1","T4","2",0.7263,0.2737,"LOW"
10,"1","N1","T4","2",0.7261,0.2739,"LOW"
11,"1","N1","T4","2",0.7252,0.2748,"LOW"
12,"1","N1","T4","2",0.7278,0.2722,"LOW"
13,"1","N1","T4","2",0.7289,0.2711,"LOW"
14,"1","N1","T4","2",0.7318,0.2682,"LOW"
15,"1","N1","T4","2",0.7318,0.2682,"LOW"
16,"1","N1","T4","2",0.737,0.263,"LOW"
17,"1","N1","T4","2",0.7366,0.2634,"LOW"
18,"1","N1","T4","2",0.7361,0.2639,"LOW"
19,"1","N1","T4","2",0.738,0.262,"LOW"
20,"1","N1","T4","2",0.738,0.262,"LOW"
21,"1","N1","T4","2",0.7397,0.2603,"LOW"
22,"1","N1","T4","2",0.7417,0.2583,"LOW"
23,"1","N1","T4","2",0.7445,0.2555,"LOW"
24,"1","N1","T4","2",0.7438,0.2562,"LOW"
25,"1","N1","T4","2",0.7464,0.2536,"LOW"
26,"1","N1","T4","2",0.7486,0.2514,"LOW"
27,"1","N1","T4","2",0.7471,0.2529,"LOW"
28,"1","N1","T4","2",0.7486,0.2514,"LOW"
29,"1","N1","T4","2",0.7485,0.2515,"LOW"
30,"1","N1","T4","2",0.7454,0.2546,"LOW"
31,"1","N1","T4","2",0.7436,0.2564,"LOW"
32,"1","N1","T4","2",0.7415,0.2585,"LOW"
33,"1","N1","T4","2",0.7438,0.2562,"LOW"
34,"1","N1","T4","2",0.7412,0.2588,"LOW"
35,"1","N1","T4","2",0.7417,0.2583,"LOW"
36,"1","N1","T4","2",0.7406,0.2594,"LOW"
37,"1","N1","T4","2",0.7367,0.2633,"LOW"
38,"1","N1","T4","2",0.7384,0.2616,"LOW"
39,"1","N1","T4","2",0.7397,0.2603,"LOW"
40,"1","N1","T4","2",0.7415,0.2585,"LOW"
41,"1","N1","T4","2",0.7437,0.2563,"LOW"
42,"1","N1","T4","2",0.7436,0.2564,"LOW"
43,"1","N1","T4","2",0.7462,0.2538,"LOW"
44,"1","N1","T4","2",0.7439,0.2561,"LOW"
45,"1","N1","T4","2",0.7443,0.2557,"LOW"
46,"1","N1","T4","2",0.7444,0.2556,"LOW"
47,"1","N1","T4","2",0.7446,0.2554,"LOW"
48,"1","N1","T4","2",0.7433,0.2567,"LOW"
49,"1","N1","T4","2",0.7442,0.2558,"LOW"
50,"1","N1","T4","2",0.7413,0.2587,"LOW"
51,"1","N1","T4","2",0.7397,0.2603,"LOW"
52,"1","N1","T4","2",0.7391,0.2609,"LOW"
53,"1","N1","T4","2",0.7374,0.2626,"LOW"
54,"1","N1","T4","2",0.738,0.262,"LOW"
55,"1","N1","T4","2",0.7346,0.2654,"LOW"
56,"1","N1","T4","2",0.736,0.264,"LOW"
57,"1","N1","T4","2",0.7355,0.2645,"LOW"
58,"1","N1","T4","2",0.7343,0.2657,"LOW"
59,"1","N1","T4","2",0.7363,0.2637,"LOW"
60,"1","N1","T4","2",0.7399,0.2601,"LOW"
61,"1","N1","T4","2",0.7412,0.2588,"LOW"
62,"1","N1","T4","2",0.7399,0.2601,"LOW"
63,"1","N1","T4","2",0.7384,0.2616,"LOW"
64,"1","N1","T4","2",0.7396,0.2604,"LOW"
65,"1","N1","T4","2",0.7386,0.2614,"LOW"
66,"1","N1","T4","2",0.7407,0.2593,"LOW"
67,"1","N1","T4","2",0.7405,0.2595,"LOW"
68,"1","N1","T4","2",0.7366,0.2634,"LOW"
69,"1","N1","T4","2",0.7381,0.2619,"LOW"
70,"1","N1","T4","2",0.741,0.259,"LOW"
71,"1","N1","T4","2",0.7378,0.2622,"LOW"
72,"1","N1","T4","2",0.7365,0.2635,"LOW"
73,"1","N1","T4","2",0.7372,0.2628,"LOW"
74,"1","N1","T4","2",0.7383,0.2617,"LOW"
75,"1","N1","T4","2",0.7355,0.2645,"LOW"
76,"1","N1","T4","2",0.7334,0.2666,"LOW"
77,"1","N1","T4","2",0.7318,0.2682,"LOW"
78,"1","N1","T4","2",0.7321,0.2679,"LOW"
79,"1","N1","T4","2",0.7316,0.2684,"LOW"
80,"1","N1","T4","2",0.7316,0.2684,"LOW"
81,"1","N1","T4","2",0.7307,0.2693,"LOW"
82,"1","N1","T4","2",0.7296,0.2704,"LOW"
83,"1","N1","T4","2",0.7346,0.2654,"LOW"
84,"1","N1","T4","2",0.7319,0.2681,"LOW"
85,"1","N1","T4","2",0.7247,0.2753,"LOW"
86,"1","N1","T4","2",0.727,0.273,"LOW"
87,"1","N1","T4","2",0.7265,0.2735,"LOW"
88,"1","N1","T4","2",0.7266,0.2734,"LOW"
89,"1","N1","T4","2",0.7277,0.2723,"LOW"
90,"1","N1","T4","2",0.7259,0.2741,"LOW"
91,"1","N1","T4","2",0.7259,0.2741,"LOW"
92,"1","N1","T4","2",0.7259,0.2741,"LOW"
93,"1","N1","T4","2",0.7259,0.2741,"LOW"
94,"1","N1","T4","2",0.7259,0.2741,"LOW"
95,"1","N1","T4","2",0.7259,0.2741,"LOW"
96,"1","N1","T4","2",0.7259,0.2741,"LOW"
97,"1","N1","T4","2",0.7259,0.2741,"LOW"
98,"1","N1","T4","2",0.7259,0.2741,"LOW"
99,"1","N1","T4","2",0.7259,0.2741,"LOW"
0,"2","N1","T4","2",0.7096,0.2904,"LOW"
1,"2","N1","T4","2",0.71,0.29,"LOW"
2,"2","N1","T4","2",0.7142,0.2858,"LOW"
3,"2","N1","T4","2",0.7164,0.2836,"LOW"
4,"2","N1","T4","2",0.723,0.277,"LOW"
5,"2","N1","T4","2",0.7257,0.2743,"LOW"
6,"2","N1","T4","2",0.7295,0.2705,"LOW"
7,"2","N1","T4","2",0.7326,0.2674,"LOW"
8,"2","N1","T4","2",0.7307,0.2693,"LOW"
9,"2","N1","T4","2",0.7278,0.2722,"LOW"
10,"2","N1","T4","2",0.7301,0.2699,"LOW"
11,"2","N1","T4","2",0.7306,0.2694,"LOW"
12,"2","N1","T4","2",0.734,0.266,"LOW"
13,"2","N1","T4","2",0.7354,0.2646,"LOW"
14,"2","N1","T4","2",0.7361,0.2639,"LOW"
15,"2","N1","T4","2",0.7368,0.2632,"LOW"
16,"2","N1","T4","2",0.7426,0.2574,"LOW"
17,"2","N1","T4","2",0.7411,0.2589,"LOW"
18,"2","N1","T4","2",0.7406,0.2594,"LOW"
19,"2","N1","T4","2",0.7436,0.2564,"LOW"
20,"2","N1","T4","2",0.7436,0.2564,"LOW"
21,"2","N1","T4","2",0.7466,0.2534,"LOW"
22,"2","N1","T4","2",0.7498,0.2502,"LOW"
23,"2","N1","T4","2",0.7526,0.2474,"LOW"
24,"2","N1","T4","2",0.7522,0.2478,"LOW"
25,"2","N1","T4","2",0.7542,0.2458,"LOW"
26,"2","N1","T4","2",0.7585,0.2415,"LOW"
27,"2","N1","T4","2",0.76,0.24,"LOW"
28,"2","N1","T4","2",0.7614,0.2386,"LOW"
29,"2","N1","T4","2",0.7623,0.2377,"LOW"
30,"2","N1","T4","2",0.757,0.243,"LOW"
31,"2","N1","T4","2",0.7565,0.2435,"LOW"
32,"2","N1","T4","2",0.7523,0.2477,"LOW"
33,"2","N1","T4","2",0.7548,0.2452,"LOW"
34,"2","N1","T4","2",0.7545,0.2455,"LOW"
35,"2","N1","T4","2",0.7551,0.2449,"LOW"
36,"2","N1","T4","2",0.7541,0.2459,"LOW"
37,"2","N1","T4","2",0.7533,0.2467,"LOW"
38,"2","N1","T4","2",0.7539,0.2461,"LOW"
39,"2","N1","T4","2",0.7515,0.2485,"LOW"
40,"2","N1","T4","2",0.7524,0.2476,"LOW"
41,"2","N1","T4","2",0.753,0.247,"LOW"
42,"2","N1","T4","2",0.7529,0.2471,"LOW"
43,"2","N1","T4","2",0.7548,0.2452,"LOW"
44,"2","N1","T4","2",0.7515,0.2485,"LOW"
45,"2","N1","T4","2",0.751,0.249,"LOW"
46,"2","N1","T4","2",0.7491,0.2509,"LOW"
47,"2","N1","T4","2",0.7493,0.2507,"LOW"
48,"2","N1","T4","2",0.748,0.252,"LOW"
49,"2","N1","T4","2",0.746,0.254,"LOW"
50,"2","N1","T4","2",0.7438,0.2562,"LOW"
51,"2","N1","T4","2",0.7429,0.2571,"LOW"
52,"2","N1","T4","2",0.746,0.254,"LOW"
53,"2","N1","T4","2",0.7451,0.2549,"LOW"
54,"2","N1","T4","2",0.7471,0.2529,"LOW"
55,"2","N1","T4","2",0.7422,0.2578,"LOW"
56,"2","N1","T4","2",0.7438,0.2562,"LOW"
57,"2","N1","T4","2",0.7435,0.2565,"LOW"
58,"2","N1","T4","2",0.7399,0.2601,"LOW"
59,"2","N1","T4","2",0.7419,0.2581,"LOW"
60,"2","N1","T4","2",0.746,0.254,"LOW"
61,"2","N1","T4","2",0.7454,0.2546,"LOW"
62,"2","N1","T4","2",0.7455,0.2545,"LOW"
63,"2","N1","T4","2",0.743,0.257,"LOW"
64,"2","N1","T4","2",0.7419,0.2581,"LOW"
65,"2","N1","T4","2",0.7412,0.2588,"LOW"
66,"2","N1","T4","2",0.7409,0.2591,"LOW"
67,"2","N1","T4","2",0.7426,0.2574,"LOW"
68,"2","N1","T4","2",0.7392,0.2608,"LOW"
69,"2","N1","T4","2",0.7417,0.2583,"LOW"
70,"2","N1","T4","2",0.7441,0.2559,"LOW"
71,"2","N1","T4","2",0.7423,0.2577,"LOW"
72,"2","N1","T4","2",0.7421,0.2579,"LOW"
73,"2","N1","T4","2",0.7427,0.2573,"LOW"
74,"2","N1","T4","2",0.7452,0.2548,"LOW"
75,"2","N1","T4","2",0.745,0.255,"LOW"
76,"2","N1","T4","2",0.7449,0.2551,"LOW"
77,"2","N1","T4","2",0.7422,0.2578,"LOW"
78,"2","N1","T4","2",0.741,0.259,"LOW"
79,"2","N1","T4","2",0.741,0.259,"LOW"
80,"2","N1","T4","2",0.7428,0.2572,"LOW"
81,"2","N1","T4","2",0.7428,0.2572,"LOW"
82,"2","N1","T4","2",0.7443,0.2557,"LOW"
83,"2","N1","T4","2",0.7454,0.2546,"LOW"
84,"2","N1","T4","2",0.7447,0.2553,"LOW"
85,"2","N1","T4","2",0.7431,0.2569,"LOW"
86,"2","N1","T4","2",0.7445,0.2555,"LOW"
87,"2","N1","T4","2",0.7441,0.2559,"LOW"
88,"2","N1","T4","2",0.745,0.255,"LOW"
89,"2","N1","T4","2",0.7457,0.2543,"LOW"
90,"2","N1","T4","2",0.7442,0.2558,"LOW"
91,"2","N1","T4","2",0.7442,0.2558,"LOW"
92,"2","N1","T4","2",0.7442,0.2558,"LOW"
93,"2","N1","T4","2",0.7442,0.2558,"LOW"
94,"2","N1","T4","2",0.7442,0.2558,"LOW"
95,"2","N1","T4","2",0.7442,0.2558,"LOW"
96,"2","N1","T4","2",0.7442,0.2558,"LOW"
97,"2","N1","T4","2",0.7442,0.2558,"LOW"
98,"2","N1","T4","2",0.7442,0.2558,"LOW"
99,"2","N1","T4","2",0.7442,0.2558,"LOW"
0,"1","Other/Unknown","T4","2",0.8502,0.1498,"LOW"
1,"1","Other/Unknown","T4","2",0.8522,0.1478,"LOW"
2,"1","Other/Unknown","T4","2",0.8524,0.1476,"LOW"
3,"1","Other/Unknown","T4","2",0.8442,0.1558,"LOW"
4,"1","Other/Unknown","T4","2",0.8468,0.1532,"LOW"
5,"1","Other/Unknown","T4","2",0.8462,0.1538,"LOW"
6,"1","Other/Unknown","T4","2",0.8497,0.1503,"LOW"
7,"1","Other/Unknown","T4","2",0.8493,0.1507,"LOW"
8,"1","Other/Unknown","T4","2",0.8485,0.1515,"LOW"
9,"1","Other/Unknown","T4","2",0.849,0.151,"LOW"
10,"1","Other/Unknown","T4","2",0.8496,0.1504,"LOW"
11,"1","Other/Unknown","T4","2",0.8528,0.1472,"LOW"
12,"1","Other/Unknown","T4","2",0.8572,0.1428,"LOW"
13,"1","Other/Unknown","T4","2",0.8591,0.1409,"LOW"
14,"1","Other/Unknown","T4","2",0.8603,0.1397,"LOW"
15,"1","Other/Unknown","T4","2",0.8599,0.1401,"LOW"
16,"1","Other/Unknown","T4","2",0.861,0.139,"LOW"
17,"1","Other/Unknown","T4","2",0.8614,0.1386,"LOW"
18,"1","Other/Unknown","T4","2",0.8648,0.1352,"LOW"
19,"1","Other/Unknown","T4","2",0.865,0.135,"LOW"
20,"1","Other/Unknown","T4","2",0.865,0.135,"LOW"
21,"1","Other/Unknown","T4","2",0.8646,0.1354,"LOW"
22,"1","Other/Unknown","T4","2",0.866,0.134,"LOW"
23,"1","Other/Unknown","T4","2",0.8672,0.1328,"LOW"
24,"1","Other/Unknown","T4","2",0.8667,0.1333,"LOW"
25,"1","Other/Unknown","T4","2",0.8679,0.1321,"LOW"
26,"1","Other/Unknown","T4","2",0.8671,0.1329,"LOW"
27,"1","Other/Unknown","T4","2",0.8705,0.1295,"LOW"
28,"1","Other/Unknown","T4","2",0.8705,0.1295,"LOW"
29,"1","Other/Unknown","T4","2",0.8719,0.1281,"LOW"
30,"1","Other/Unknown","T4","2",0.8721,0.1279,"LOW"
31,"1","Other/Unknown","T4","2",0.8751,0.1249,"LOW"
32,"1","Other/Unknown","T4","2",0.8794,0.1206,"LOW"
33,"1","Other/Unknown","T4","2",0.8806,0.1194,"LOW"
34,"1","Other/Unknown","T4","2",0.8814,0.1186,"LOW"
35,"1","Other/Unknown","T4","2",0.881,0.119,"LOW"
36,"1","Other/Unknown","T4","2",0.8814,0.1186,"LOW"
37,"1","Other/Unknown","T4","2",0.881,0.119,"LOW"
38,"1","Other/Unknown","T4","2",0.881,0.119,"LOW"
39,"1","Other/Unknown","T4","2",0.8851,0.1149,"LOW"
40,"1","Other/Unknown","T4","2",0.8859,0.1141,"LOW"
41,"1","Other/Unknown","T4","2",0.8876,0.1124,"LOW"
42,"1","Other/Unknown","T4","2",0.8886,0.1114,"LOW"
43,"1","Other/Unknown","T4","2",0.8902,0.1098,"LOW"
44,"1","Other/Unknown","T4","2",0.8898,0.1102,"LOW"
45,"1","Other/Unknown","T4","2",0.8894,0.1106,"LOW"
46,"1","Other/Unknown","T4","2",0.8889,0.1111,"LOW"
47,"1","Other/Unknown","T4","2",0.889,0.111,"LOW"
48,"1","Other/Unknown","T4","2",0.889,0.111,"LOW"
49,"1","Other/Unknown","T4","2",0.8894,0.1106,"LOW"
50,"1","Other/Unknown","T4","2",0.8894,0.1106,"LOW"
51,"1","Other/Unknown","T4","2",0.8907,0.1093,"LOW"
52,"1","Other/Unknown","T4","2",0.8913,0.1087,"LOW"
53,"1","Other/Unknown","T4","2",0.8922,0.1078,"LOW"
54,"1","Other/Unknown","T4","2",0.8923,0.1077,"LOW"
55,"1","Other/Unknown","T4","2",0.8916,0.1084,"LOW"
56,"1","Other/Unknown","T4","2",0.8915,0.1085,"LOW"
57,"1","Other/Unknown","T4","2",0.8916,0.1084,"LOW"
58,"1","Other/Unknown","T4","2",0.8937,0.1063,"LOW"
59,"1","Other/Unknown","T4","2",0.8938,0.1062,"LOW"
60,"1","Other/Unknown","T4","2",0.8945,0.1055,"LOW"
61,"1","Other/Unknown","T4","2",0.894,0.106,"LOW"
62,"1","Other/Unknown","T4","2",0.8941,0.1059,"LOW"
63,"1","Other/Unknown","T4","2",0.8948,0.1052,"LOW"
64,"1","Other/Unknown","T4","2",0.8942,0.1058,"LOW"
65,"1","Other/Unknown","T4","2",0.8941,0.1059,"LOW"
66,"1","Other/Unknown","T4","2",0.8942,0.1058,"LOW"
67,"1","Other/Unknown","T4","2",0.8948,0.1052,"LOW"
68,"1","Other/Unknown","T4","2",0.8943,0.1057,"LOW"
69,"1","Other/Unknown","T4","2",0.8943,0.1057,"LOW"
70,"1","Other/Unknown","T4","2",0.895,0.105,"LOW"
71,"1","Other/Unknown","T4","2",0.8946,0.1054,"LOW"
72,"1","Other/Unknown","T4","2",0.895,0.105,"LOW"
73,"1","Other/Unknown","T4","2",0.8943,0.1057,"LOW"
74,"1","Other/Unknown","T4","2",0.8953,0.1047,"LOW"
75,"1","Other/Unknown","T4","2",0.8945,0.1055,"LOW"
76,"1","Other/Unknown","T4","2",0.8954,0.1046,"LOW"
77,"1","Other/Unknown","T4","2",0.8935,0.1065,"LOW"
78,"1","Other/Unknown","T4","2",0.8936,0.1064,"LOW"
79,"1","Other/Unknown","T4","2",0.8926,0.1074,"LOW"
80,"1","Other/Unknown","T4","2",0.8933,0.1067,"LOW"
81,"1","Other/Unknown","T4","2",0.8964,0.1036,"LOW"
82,"1","Other/Unknown","T4","2",0.8963,0.1037,"LOW"
83,"1","Other/Unknown","T4","2",0.8964,0.1036,"LOW"
84,"1","Other/Unknown","T4","2",0.8962,0.1038,"LOW"
85,"1","Other/Unknown","T4","2",0.896,0.104,"LOW"
86,"1","Other/Unknown","T4","2",0.8966,0.1034,"LOW"
87,"1","Other/Unknown","T4","2",0.8971,0.1029,"LOW"
88,"1","Other/Unknown","T4","2",0.8972,0.1028,"LOW"
89,"1","Other/Unknown","T4","2",0.8979,0.1021,"LOW"
90,"1","Other/Unknown","T4","2",0.8979,0.1021,"LOW"
91,"1","Other/Unknown","T4","2",0.8979,0.1021,"LOW"
92,"1","Other/Unknown","T4","2",0.8979,0.1021,"LOW"
93,"1","Other/Unknown","T4","2",0.8979,0.1021,"LOW"
94,"1","Other/Unknown","T4","2",0.8979,0.1021,"LOW"
95,"1","Other/Unknown","T4","2",0.8979,0.1021,"LOW"
96,"1","Other/Unknown","T4","2",0.8979,0.1021,"LOW"
97,"1","Other/Unknown","T4","2",0.8979,0.1021,"LOW"
98,"1","Other/Unknown","T4","2",0.8979,0.1021,"LOW"
99,"1","Other/Unknown","T4","2",0.8979,0.1021,"LOW"
0,"2","Other/Unknown","T4","2",0.8564,0.1436,"LOW"
1,"2","Other/Unknown","T4","2",0.8563,0.1437,"LOW"
2,"2","Other/Unknown","T4","2",0.8617,0.1383,"LOW"
3,"2","Other/Unknown","T4","2",0.8552,0.1448,"LOW"
4,"2","Other/Unknown","T4","2",0.8605,0.1395,"LOW"
5,"2","Other/Unknown","T4","2",0.8611,0.1389,"LOW"
6,"2","Other/Unknown","T4","2",0.8646,0.1354,"LOW"
7,"2","Other/Unknown","T4","2",0.8657,0.1343,"LOW"
8,"2","Other/Unknown","T4","2",0.8637,0.1363,"LOW"
9,"2","Other/Unknown","T4","2",0.8636,0.1364,"LOW"
10,"2","Other/Unknown","T4","2",0.8659,0.1341,"LOW"
11,"2","Other/Unknown","T4","2",0.8673,0.1327,"LOW"
12,"2","Other/Unknown","T4","2",0.8704,0.1296,"LOW"
13,"2","Other/Unknown","T4","2",0.8703,0.1297,"LOW"
14,"2","Other/Unknown","T4","2",0.8713,0.1287,"LOW"
15,"2","Other/Unknown","T4","2",0.8713,0.1287,"LOW"
16,"2","Other/Unknown","T4","2",0.873,0.127,"LOW"
17,"2","Other/Unknown","T4","2",0.8735,0.1265,"LOW"
18,"2","Other/Unknown","T4","2",0.8765,0.1235,"LOW"
19,"2","Other/Unknown","T4","2",0.8756,0.1244,"LOW"
20,"2","Other/Unknown","T4","2",0.8756,0.1244,"LOW"
21,"2","Other/Unknown","T4","2",0.8759,0.1241,"LOW"
22,"2","Other/Unknown","T4","2",0.8756,0.1244,"LOW"
23,"2","Other/Unknown","T4","2",0.8764,0.1236,"LOW"
24,"2","Other/Unknown","T4","2",0.8764,0.1236,"LOW"
25,"2","Other/Unknown","T4","2",0.8778,0.1222,"LOW"
26,"2","Other/Unknown","T4","2",0.8766,0.1234,"LOW"
27,"2","Other/Unknown","T4","2",0.8777,0.1223,"LOW"
28,"2","Other/Unknown","T4","2",0.8771,0.1229,"LOW"
29,"2","Other/Unknown","T4","2",0.8761,0.1239,"LOW"
30,"2","Other/Unknown","T4","2",0.8779,0.1221,"LOW"
31,"2","Other/Unknown","T4","2",0.8789,0.1211,"LOW"
32,"2","Other/Unknown","T4","2",0.8815,0.1185,"LOW"
33,"2","Other/Unknown","T4","2",0.8819,0.1181,"LOW"
34,"2","Other/Unknown","T4","2",0.8821,0.1179,"LOW"
35,"2","Other/Unknown","T4","2",0.882,0.118,"LOW"
36,"2","Other/Unknown","T4","2",0.882,0.118,"LOW"
37,"2","Other/Unknown","T4","2",0.8813,0.1187,"LOW"
38,"2","Other/Unknown","T4","2",0.8815,0.1185,"LOW"
39,"2","Other/Unknown","T4","2",0.881,0.119,"LOW"
40,"2","Other/Unknown","T4","2",0.8811,0.1189,"LOW"
41,"2","Other/Unknown","T4","2",0.8821,0.1179,"LOW"
42,"2","Other/Unknown","T4","2",0.8836,0.1164,"LOW"
43,"2","Other/Unknown","T4","2",0.8833,0.1167,"LOW"
44,"2","Other/Unknown","T4","2",0.8832,0.1168,"LOW"
45,"2","Other/Unknown","T4","2",0.8824,0.1176,"LOW"
46,"2","Other/Unknown","T4","2",0.8814,0.1186,"LOW"
47,"2","Other/Unknown","T4","2",0.8813,0.1187,"LOW"
48,"2","Other/Unknown","T4","2",0.8819,0.1181,"LOW"
49,"2","Other/Unknown","T4","2",0.8826,0.1174,"LOW"
50,"2","Other/Unknown","T4","2",0.8824,0.1176,"LOW"
51,"2","Other/Unknown","T4","2",0.8816,0.1184,"LOW"
52,"2","Other/Unknown","T4","2",0.8813,0.1187,"LOW"
53,"2","Other/Unknown","T4","2",0.8813,0.1187,"LOW"
54,"2","Other/Unknown","T4","2",0.8813,0.1187,"LOW"
55,"2","Other/Unknown","T4","2",0.8802,0.1198,"LOW"
56,"2","Other/Unknown","T4","2",0.88,0.12,"LOW"
57,"2","Other/Unknown","T4","2",0.8797,0.1203,"LOW"
58,"2","Other/Unknown","T4","2",0.8806,0.1194,"LOW"
59,"2","Other/Unknown","T4","2",0.8797,0.1203,"LOW"
60,"2","Other/Unknown","T4","2",0.8799,0.1201,"LOW"
61,"2","Other/Unknown","T4","2",0.8799,0.1201,"LOW"
62,"2","Other/Unknown","T4","2",0.8797,0.1203,"LOW"
63,"2","Other/Unknown","T4","2",0.8801,0.1199,"LOW"
64,"2","Other/Unknown","T4","2",0.8793,0.1207,"LOW"
65,"2","Other/Unknown","T4","2",0.8803,0.1197,"LOW"
66,"2","Other/Unknown","T4","2",0.8802,0.1198,"LOW"
67,"2","Other/Unknown","T4","2",0.8802,0.1198,"LOW"
68,"2","Other/Unknown","T4","2",0.8802,0.1198,"LOW"
69,"2","Other/Unknown","T4","2",0.8807,0.1193,"LOW"
70,"2","Other/Unknown","T4","2",0.8814,0.1186,"LOW"
71,"2","Other/Unknown","T4","2",0.8822,0.1178,"LOW"
72,"2","Other/Unknown","T4","2",0.8826,0.1174,"LOW"
73,"2","Other/Unknown","T4","2",0.8824,0.1176,"LOW"
74,"2","Other/Unknown","T4","2",0.8847,0.1153,"LOW"
75,"2","Other/Unknown","T4","2",0.8849,0.1151,"LOW"
76,"2","Other/Unknown","T4","2",0.8855,0.1145,"LOW"
77,"2","Other/Unknown","T4","2",0.883,0.117,"LOW"
78,"2","Other/Unknown","T4","2",0.884,0.116,"LOW"
79,"2","Other/Unknown","T4","2",0.8838,0.1162,"LOW"
80,"2","Other/Unknown","T4","2",0.8833,0.1167,"LOW"
81,"2","Other/Unknown","T4","2",0.8861,0.1139,"LOW"
82,"2","Other/Unknown","T4","2",0.8865,0.1135,"LOW"
83,"2","Other/Unknown","T4","2",0.8877,0.1123,"LOW"
84,"2","Other/Unknown","T4","2",0.888,0.112,"LOW"
85,"2","Other/Unknown","T4","2",0.8877,0.1123,"LOW"
86,"2","Other/Unknown","T4","2",0.8885,0.1115,"LOW"
87,"2","Other/Unknown","T4","2",0.8893,0.1107,"LOW"
88,"2","Other/Unknown","T4","2",0.8902,0.1098,"LOW"
89,"2","Other/Unknown","T4","2",0.8911,0.1089,"LOW"
90,"2","Other/Unknown","T4","2",0.8911,0.1089,"LOW"
91,"2","Other/Unknown","T4","2",0.8911,0.1089,"LOW"
92,"2","Other/Unknown","T4","2",0.8911,0.1089,"LOW"
93,"2","Other/Unknown","T4","2",0.8911,0.1089,"LOW"
94,"2","Other/Unknown","T4","2",0.8911,0.1089,"LOW"
95,"2","Other/Unknown","T4","2",0.8911,0.1089,"LOW"
96,"2","Other/Unknown","T4","2",0.8911,0.1089,"LOW"
97,"2","Other/Unknown","T4","2",0.8911,0.1089,"LOW"
98,"2","Other/Unknown","T4","2",0.8911,0.1089,"LOW"
99,"2","Other/Unknown","T4","2",0.8911,0.1089,"LOW"
0,"1","N0","T0","3",0.8482,0.1518,"LOW"
1,"1","N0","T0","3",0.8472,0.1528,"LOW"
2,"1","N0","T0","3",0.8407,0.1593,"LOW"
3,"1","N0","T0","3",0.8262,0.1738,"LOW"
4,"1","N0","T0","3",0.8324,0.1676,"LOW"
5,"1","N0","T0","3",0.8444,0.1556,"LOW"
6,"1","N0","T0","3",0.8508,0.1492,"LOW"
7,"1","N0","T0","3",0.8529,0.1471,"LOW"
8,"1","N0","T0","3",0.851,0.149,"LOW"
9,"1","N0","T0","3",0.8535,0.1465,"LOW"
10,"1","N0","T0","3",0.864,0.136,"LOW"
11,"1","N0","T0","3",0.8662,0.1338,"LOW"
12,"1","N0","T0","3",0.8705,0.1295,"LOW"
13,"1","N0","T0","3",0.874,0.126,"LOW"
14,"1","N0","T0","3",0.8759,0.1241,"LOW"
15,"1","N0","T0","3",0.8773,0.1227,"LOW"
16,"1","N0","T0","3",0.8785,0.1215,"LOW"
17,"1","N0","T0","3",0.883,0.117,"LOW"
18,"1","N0","T0","3",0.8849,0.1151,"LOW"
19,"1","N0","T0","3",0.8873,0.1127,"LOW"
20,"1","N0","T0","3",0.8861,0.1139,"LOW"
21,"1","N0","T0","3",0.8864,0.1136,"LOW"
22,"1","N0","T0","3",0.8876,0.1124,"LOW"
23,"1","N0","T0","3",0.8886,0.1114,"LOW"
24,"1","N0","T0","3",0.8915,0.1085,"LOW"
25,"1","N0","T0","3",0.8927,0.1073,"LOW"
26,"1","N0","T0","3",0.8933,0.1067,"LOW"
27,"1","N0","T0","3",0.8932,0.1068,"LOW"
28,"1","N0","T0","3",0.8926,0.1074,"LOW"
29,"1","N0","T0","3",0.8931,0.1069,"LOW"
30,"1","N0","T0","3",0.8936,0.1064,"LOW"
31,"1","N0","T0","3",0.8927,0.1073,"LOW"
32,"1","N0","T0","3",0.8919,0.1081,"LOW"
33,"1","N0","T0","3",0.8912,0.1088,"LOW"
34,"1","N0","T0","3",0.8931,0.1069,"LOW"
35,"1","N0","T0","3",0.8963,0.1037,"LOW"
36,"1","N0","T0","3",0.8968,0.1032,"LOW"
37,"1","N0","T0","3",0.8972,0.1028,"LOW"
38,"1","N0","T0","3",0.9024,0.0976,"LOW"
39,"1","N0","T0","3",0.9042,0.0958,"LOW"
40,"1","N0","T0","3",0.9056,0.0944,"LOW"
41,"1","N0","T0","3",0.9071,0.0929,"LOW"
42,"1","N0","T0","3",0.9072,0.0928,"LOW"
43,"1","N0","T0","3",0.9083,0.0917,"LOW"
44,"1","N0","T0","3",0.9087,0.0913,"LOW"
45,"1","N0","T0","3",0.9089,0.0911,"LOW"
46,"1","N0","T0","3",0.9102,0.0898,"LOW"
47,"1","N0","T0","3",0.911,0.089,"LOW"
48,"1","N0","T0","3",0.9107,0.0893,"LOW"
49,"1","N0","T0","3",0.909,0.091,"LOW"
50,"1","N0","T0","3",0.9091,0.0909,"LOW"
51,"1","N0","T0","3",0.91,0.09,"LOW"
52,"1","N0","T0","3",0.91,0.09,"LOW"
53,"1","N0","T0","3",0.9102,0.0898,"LOW"
54,"1","N0","T0","3",0.9101,0.0899,"LOW"
55,"1","N0","T0","3",0.9105,0.0895,"LOW"
56,"1","N0","T0","3",0.9107,0.0893,"LOW"
57,"1","N0","T0","3",0.911,0.089,"LOW"
58,"1","N0","T0","3",0.9133,0.0867,"LOW"
59,"1","N0","T0","3",0.9133,0.0867,"LOW"
60,"1","N0","T0","3",0.9135,0.0865,"LOW"
61,"1","N0","T0","3",0.9137,0.0863,"LOW"
62,"1","N0","T0","3",0.9142,0.0858,"LOW"
63,"1","N0","T0","3",0.9134,0.0866,"LOW"
64,"1","N0","T0","3",0.9146,0.0854,"LOW"
65,"1","N0","T0","3",0.9144,0.0856,"LOW"
66,"1","N0","T0","3",0.9146,0.0854,"LOW"
67,"1","N0","T0","3",0.9148,0.0852,"LOW"
68,"1","N0","T0","3",0.9148,0.0852,"LOW"
69,"1","N0","T0","3",0.9149,0.0851,"LOW"
70,"1","N0","T0","3",0.9151,0.0849,"LOW"
71,"1","N0","T0","3",0.9146,0.0854,"LOW"
72,"1","N0","T0","3",0.9143,0.0857,"LOW"
73,"1","N0","T0","3",0.9139,0.0861,"LOW"
74,"1","N0","T0","3",0.9139,0.0861,"LOW"
75,"1","N0","T0","3",0.914,0.086,"LOW"
76,"1","N0","T0","3",0.914,0.086,"LOW"
77,"1","N0","T0","3",0.914,0.086,"LOW"
78,"1","N0","T0","3",0.9138,0.0862,"LOW"
79,"1","N0","T0","3",0.9135,0.0865,"LOW"
80,"1","N0","T0","3",0.9132,0.0868,"LOW"
81,"1","N0","T0","3",0.9136,0.0864,"LOW"
82,"1","N0","T0","3",0.9146,0.0854,"LOW"
83,"1","N0","T0","3",0.9152,0.0848,"LOW"
84,"1","N0","T0","3",0.9155,0.0845,"LOW"
85,"1","N0","T0","3",0.9153,0.0847,"LOW"
86,"1","N0","T0","3",0.9129,0.0871,"LOW"
87,"1","N0","T0","3",0.9144,0.0856,"LOW"
88,"1","N0","T0","3",0.9145,0.0855,"LOW"
89,"1","N0","T0","3",0.9159,0.0841,"LOW"
90,"1","N0","T0","3",0.9164,0.0836,"LOW"
91,"1","N0","T0","3",0.9164,0.0836,"LOW"
92,"1","N0","T0","3",0.9164,0.0836,"LOW"
93,"1","N0","T0","3",0.9164,0.0836,"LOW"
94,"1","N0","T0","3",0.9164,0.0836,"LOW"
95,"1","N0","T0","3",0.9164,0.0836,"LOW"
96,"1","N0","T0","3",0.9164,0.0836,"LOW"
97,"1","N0","T0","3",0.9164,0.0836,"LOW"
98,"1","N0","T0","3",0.9164,0.0836,"LOW"
99,"1","N0","T0","3",0.9164,0.0836,"LOW"
0,"2","N0","T0","3",0.8586,0.1414,"LOW"
1,"2","N0","T0","3",0.8563,0.1437,"LOW"
2,"2","N0","T0","3",0.8506,0.1494,"LOW"
3,"2","N0","T0","3",0.8381,0.1619,"LOW"
4,"2","N0","T0","3",0.8458,0.1542,"LOW"
5,"2","N0","T0","3",0.8486,0.1514,"LOW"
6,"2","N0","T0","3",0.8505,0.1495,"LOW"
7,"2","N0","T0","3",0.8548,0.1452,"LOW"
8,"2","N0","T0","3",0.8551,0.1449,"LOW"
9,"2","N0","T0","3",0.8578,0.1422,"LOW"
10,"2","N0","T0","3",0.8649,0.1351,"LOW"
11,"2","N0","T0","3",0.8677,0.1323,"LOW"
12,"2","N0","T0","3",0.8713,0.1287,"LOW"
13,"2","N0","T0","3",0.8744,0.1256,"LOW"
14,"2","N0","T0","3",0.8762,0.1238,"LOW"
15,"2","N0","T0","3",0.878,0.122,"LOW"
16,"2","N0","T0","3",0.8782,0.1218,"LOW"
17,"2","N0","T0","3",0.8786,0.1214,"LOW"
18,"2","N0","T0","3",0.881,0.119,"LOW"
19,"2","N0","T0","3",0.883,0.117,"LOW"
20,"2","N0","T0","3",0.8843,0.1157,"LOW"
21,"2","N0","T0","3",0.8843,0.1157,"LOW"
22,"2","N0","T0","3",0.885,0.115,"LOW"
23,"2","N0","T0","3",0.8855,0.1145,"LOW"
24,"2","N0","T0","3",0.8856,0.1144,"LOW"
25,"2","N0","T0","3",0.8861,0.1139,"LOW"
26,"2","N0","T0","3",0.8862,0.1138,"LOW"
27,"2","N0","T0","3",0.8867,0.1133,"LOW"
28,"2","N0","T0","3",0.8865,0.1135,"LOW"
29,"2","N0","T0","3",0.8865,0.1135,"LOW"
30,"2","N0","T0","3",0.8892,0.1108,"LOW"
31,"2","N0","T0","3",0.8885,0.1115,"LOW"
32,"2","N0","T0","3",0.8886,0.1114,"LOW"
33,"2","N0","T0","3",0.8899,0.1101,"LOW"
34,"2","N0","T0","3",0.89,0.11,"LOW"
35,"2","N0","T0","3",0.89,0.11,"LOW"
36,"2","N0","T0","3",0.8929,0.1071,"LOW"
37,"2","N0","T0","3",0.8951,0.1049,"LOW"
38,"2","N0","T0","3",0.8991,0.1009,"LOW"
39,"2","N0","T0","3",0.9007,0.0993,"LOW"
40,"2","N0","T0","3",0.9029,0.0971,"LOW"
41,"2","N0","T0","3",0.9047,0.0953,"LOW"
42,"2","N0","T0","3",0.9062,0.0938,"LOW"
43,"2","N0","T0","3",0.9061,0.0939,"LOW"
44,"2","N0","T0","3",0.9068,0.0932,"LOW"
45,"2","N0","T0","3",0.907,0.093,"LOW"
46,"2","N0","T0","3",0.9076,0.0924,"LOW"
47,"2","N0","T0","3",0.9096,0.0904,"LOW"
48,"2","N0","T0","3",0.9096,0.0904,"LOW"
49,"2","N0","T0","3",0.9081,0.0919,"LOW"
50,"2","N0","T0","3",0.9083,0.0917,"LOW"
51,"2","N0","T0","3",0.908,0.092,"LOW"
52,"2","N0","T0","3",0.9075,0.0925,"LOW"
53,"2","N0","T0","3",0.9086,0.0914,"LOW"
54,"2","N0","T0","3",0.9078,0.0922,"LOW"
55,"2","N0","T0","3",0.9077,0.0923,"LOW"
56,"2","N0","T0","3",0.9077,0.0923,"LOW"
57,"2","N0","T0","3",0.9072,0.0928,"LOW"
58,"2","N0","T0","3",0.9099,0.0901,"LOW"
59,"2","N0","T0","3",0.9093,0.0907,"LOW"
60,"2","N0","T0","3",0.9096,0.0904,"LOW"
61,"2","N0","T0","3",0.91,0.09,"LOW"
62,"2","N0","T0","3",0.9102,0.0898,"LOW"
63,"2","N0","T0","3",0.9124,0.0876,"LOW"
64,"2","N0","T0","3",0.9122,0.0878,"LOW"
65,"2","N0","T0","3",0.912,0.088,"LOW"
66,"2","N0","T0","3",0.9117,0.0883,"LOW"
67,"2","N0","T0","3",0.9116,0.0884,"LOW"
68,"2","N0","T0","3",0.9115,0.0885,"LOW"
69,"2","N0","T0","3",0.9118,0.0882,"LOW"
70,"2","N0","T0","3",0.9118,0.0882,"LOW"
71,"2","N0","T0","3",0.9113,0.0887,"LOW"
72,"2","N0","T0","3",0.9112,0.0888,"LOW"
73,"2","N0","T0","3",0.9108,0.0892,"LOW"
74,"2","N0","T0","3",0.9109,0.0891,"LOW"
75,"2","N0","T0","3",0.91,0.09,"LOW"
76,"2","N0","T0","3",0.91,0.09,"LOW"
77,"2","N0","T0","3",0.9098,0.0902,"LOW"
78,"2","N0","T0","3",0.9091,0.0909,"LOW"
79,"2","N0","T0","3",0.9096,0.0904,"LOW"
80,"2","N0","T0","3",0.909,0.091,"LOW"
81,"2","N0","T0","3",0.908,0.092,"LOW"
82,"2","N0","T0","3",0.9083,0.0917,"LOW"
83,"2","N0","T0","3",0.9101,0.0899,"LOW"
84,"2","N0","T0","3",0.911,0.089,"LOW"
85,"2","N0","T0","3",0.9109,0.0891,"LOW"
86,"2","N0","T0","3",0.9088,0.0912,"LOW"
87,"2","N0","T0","3",0.91,0.09,"LOW"
88,"2","N0","T0","3",0.91,0.09,"LOW"
89,"2","N0","T0","3",0.911,0.089,"LOW"
90,"2","N0","T0","3",0.9117,0.0883,"LOW"
91,"2","N0","T0","3",0.9117,0.0883,"LOW"
92,"2","N0","T0","3",0.9117,0.0883,"LOW"
93,"2","N0","T0","3",0.9117,0.0883,"LOW"
94,"2","N0","T0","3",0.9117,0.0883,"LOW"
95,"2","N0","T0","3",0.9117,0.0883,"LOW"
96,"2","N0","T0","3",0.9117,0.0883,"LOW"
97,"2","N0","T0","3",0.9117,0.0883,"LOW"
98,"2","N0","T0","3",0.9117,0.0883,"LOW"
99,"2","N0","T0","3",0.9117,0.0883,"LOW"
0,"1","N1","T0","3",0.6402,0.3598,"LOW"
1,"1","N1","T0","3",0.6366,0.3634,"LOW"
2,"1","N1","T0","3",0.6284,0.3716,"LOW"
3,"1","N1","T0","3",0.6229,0.3771,"LOW"
4,"1","N1","T0","3",0.625,0.375,"LOW"
5,"1","N1","T0","3",0.6278,0.3722,"LOW"
6,"1","N1","T0","3",0.6324,0.3676,"LOW"
7,"1","N1","T0","3",0.6328,0.3672,"LOW"
8,"1","N1","T0","3",0.629,0.371,"LOW"
9,"1","N1","T0","3",0.6274,0.3726,"LOW"
10,"1","N1","T0","3",0.6284,0.3716,"LOW"
11,"1","N1","T0","3",0.6239,0.3761,"LOW"
12,"1","N1","T0","3",0.6278,0.3722,"LOW"
13,"1","N1","T0","3",0.6251,0.3749,"LOW"
14,"1","N1","T0","3",0.6255,0.3745,"LOW"
15,"1","N1","T0","3",0.6255,0.3745,"LOW"
16,"1","N1","T0","3",0.6271,0.3729,"LOW"
17,"1","N1","T0","3",0.6273,0.3727,"LOW"
18,"1","N1","T0","3",0.6295,0.3705,"LOW"
19,"1","N1","T0","3",0.6312,0.3688,"LOW"
20,"1","N1","T0","3",0.6324,0.3676,"LOW"
21,"1","N1","T0","3",0.6339,0.3661,"LOW"
22,"1","N1","T0","3",0.6334,0.3666,"LOW"
23,"1","N1","T0","3",0.6329,0.3671,"LOW"
24,"1","N1","T0","3",0.629,0.371,"LOW"
25,"1","N1","T0","3",0.6324,0.3676,"LOW"
26,"1","N1","T0","3",0.6333,0.3667,"LOW"
27,"1","N1","T0","3",0.6359,0.3641,"LOW"
28,"1","N1","T0","3",0.6373,0.3627,"LOW"
29,"1","N1","T0","3",0.6392,0.3608,"LOW"
30,"1","N1","T0","3",0.6363,0.3637,"LOW"
31,"1","N1","T0","3",0.634,0.366,"LOW"
32,"1","N1","T0","3",0.6317,0.3683,"LOW"
33,"1","N1","T0","3",0.6345,0.3655,"LOW"
34,"1","N1","T0","3",0.6336,0.3664,"LOW"
35,"1","N1","T0","3",0.6335,0.3665,"LOW"
36,"1","N1","T0","3",0.6325,0.3675,"LOW"
37,"1","N1","T0","3",0.6275,0.3725,"LOW"
38,"1","N1","T0","3",0.6286,0.3714,"LOW"
39,"1","N1","T0","3",0.6236,0.3764,"LOW"
40,"1","N1","T0","3",0.6227,0.3773,"LOW"
41,"1","N1","T0","3",0.623,0.377,"LOW"
42,"1","N1","T0","3",0.6216,0.3784,"LOW"
43,"1","N1","T0","3",0.6209,0.3791,"LOW"
44,"1","N1","T0","3",0.6161,0.3839,"LOW"
45,"1","N1","T0","3",0.6183,0.3817,"LOW"
46,"1","N1","T0","3",0.6187,0.3813,"LOW"
47,"1","N1","T0","3",0.62,0.38,"LOW"
48,"1","N1","T0","3",0.6185,0.3815,"LOW"
49,"1","N1","T0","3",0.6146,0.3854,"LOW"
50,"1","N1","T0","3",0.6146,0.3854,"LOW"
51,"1","N1","T0","3",0.6115,0.3885,"LOW"
52,"1","N1","T0","3",0.6126,0.3874,"LOW"
53,"1","N1","T0","3",0.6131,0.3869,"LOW"
54,"1","N1","T0","3",0.6136,0.3864,"LOW"
55,"1","N1","T0","3",0.613,0.387,"LOW"
56,"1","N1","T0","3",0.6111,0.3889,"LOW"
57,"1","N1","T0","3",0.6116,0.3884,"LOW"
58,"1","N1","T0","3",0.6113,0.3887,"LOW"
59,"1","N1","T0","3",0.6113,0.3887,"LOW"
60,"1","N1","T0","3",0.6131,0.3869,"LOW"
61,"1","N1","T0","3",0.6143,0.3857,"LOW"
62,"1","N1","T0","3",0.614,0.386,"LOW"
63,"1","N1","T0","3",0.6133,0.3867,"LOW"
64,"1","N1","T0","3",0.6142,0.3858,"LOW"
65,"1","N1","T0","3",0.6129,0.3871,"LOW"
66,"1","N1","T0","3",0.6134,0.3866,"LOW"
67,"1","N1","T0","3",0.6102,0.3898,"LOW"
68,"1","N1","T0","3",0.6093,0.3907,"LOW"
69,"1","N1","T0","3",0.6098,0.3902,"LOW"
70,"1","N1","T0","3",0.6121,0.3879,"LOW"
71,"1","N1","T0","3",0.6125,0.3875,"LOW"
72,"1","N1","T0","3",0.61,0.39,"LOW"
73,"1","N1","T0","3",0.6133,0.3867,"LOW"
74,"1","N1","T0","3",0.6115,0.3885,"LOW"
75,"1","N1","T0","3",0.6106,0.3894,"LOW"
76,"1","N1","T0","3",0.6086,0.3914,"LOW"
77,"1","N1","T0","3",0.6037,0.3963,"LOW"
78,"1","N1","T0","3",0.6052,0.3948,"LOW"
79,"1","N1","T0","3",0.6046,0.3954,"LOW"
80,"1","N1","T0","3",0.6052,0.3948,"LOW"
81,"1","N1","T0","3",0.6061,0.3939,"LOW"
82,"1","N1","T0","3",0.6084,0.3916,"LOW"
83,"1","N1","T0","3",0.6132,0.3868,"LOW"
84,"1","N1","T0","3",0.6115,0.3885,"LOW"
85,"1","N1","T0","3",0.6105,0.3895,"LOW"
86,"1","N1","T0","3",0.6154,0.3846,"LOW"
87,"1","N1","T0","3",0.6161,0.3839,"LOW"
88,"1","N1","T0","3",0.6171,0.3829,"LOW"
89,"1","N1","T0","3",0.6183,0.3817,"LOW"
90,"1","N1","T0","3",0.6184,0.3816,"LOW"
91,"1","N1","T0","3",0.6184,0.3816,"LOW"
92,"1","N1","T0","3",0.6184,0.3816,"LOW"
93,"1","N1","T0","3",0.6184,0.3816,"LOW"
94,"1","N1","T0","3",0.6184,0.3816,"LOW"
95,"1","N1","T0","3",0.6184,0.3816,"LOW"
96,"1","N1","T0","3",0.6184,0.3816,"LOW"
97,"1","N1","T0","3",0.6184,0.3816,"LOW"
98,"1","N1","T0","3",0.6184,0.3816,"LOW"
99,"1","N1","T0","3",0.6184,0.3816,"LOW"
0,"2","N1","T0","3",0.6739,0.3261,"LOW"
1,"2","N1","T0","3",0.6734,0.3266,"LOW"
2,"2","N1","T0","3",0.667,0.333,"LOW"
3,"2","N1","T0","3",0.6587,0.3413,"LOW"
4,"2","N1","T0","3",0.6598,0.3402,"LOW"
5,"2","N1","T0","3",0.6542,0.3458,"LOW"
6,"2","N1","T0","3",0.6561,0.3439,"LOW"
7,"2","N1","T0","3",0.6594,0.3406,"LOW"
8,"2","N1","T0","3",0.656,0.344,"LOW"
9,"2","N1","T0","3",0.6555,0.3445,"LOW"
10,"2","N1","T0","3",0.6568,0.3432,"LOW"
11,"2","N1","T0","3",0.6513,0.3487,"LOW"
12,"2","N1","T0","3",0.654,0.346,"LOW"
13,"2","N1","T0","3",0.6538,0.3462,"LOW"
14,"2","N1","T0","3",0.6529,0.3471,"LOW"
15,"2","N1","T0","3",0.6533,0.3467,"LOW"
16,"2","N1","T0","3",0.6531,0.3469,"LOW"
17,"2","N1","T0","3",0.654,0.346,"LOW"
18,"2","N1","T0","3",0.6562,0.3438,"LOW"
19,"2","N1","T0","3",0.6598,0.3402,"LOW"
20,"2","N1","T0","3",0.6629,0.3371,"LOW"
21,"2","N1","T0","3",0.6663,0.3337,"LOW"
22,"2","N1","T0","3",0.6672,0.3328,"LOW"
23,"2","N1","T0","3",0.6682,0.3318,"LOW"
24,"2","N1","T0","3",0.6678,0.3322,"LOW"
25,"2","N1","T0","3",0.6722,0.3278,"LOW"
26,"2","N1","T0","3",0.676,0.324,"LOW"
27,"2","N1","T0","3",0.6791,0.3209,"LOW"
28,"2","N1","T0","3",0.6805,0.3195,"LOW"
29,"2","N1","T0","3",0.6821,0.3179,"LOW"
30,"2","N1","T0","3",0.6863,0.3137,"LOW"
31,"2","N1","T0","3",0.6842,0.3158,"LOW"
32,"2","N1","T0","3",0.6815,0.3185,"LOW"
33,"2","N1","T0","3",0.6851,0.3149,"LOW"
34,"2","N1","T0","3",0.6859,0.3141,"LOW"
35,"2","N1","T0","3",0.6836,0.3164,"LOW"
36,"2","N1","T0","3",0.6859,0.3141,"LOW"
37,"2","N1","T0","3",0.6888,0.3112,"LOW"
38,"2","N1","T0","3",0.6896,0.3104,"LOW"
39,"2","N1","T0","3",0.6857,0.3143,"LOW"
40,"2","N1","T0","3",0.6863,0.3137,"LOW"
41,"2","N1","T0","3",0.6891,0.3109,"LOW"
42,"2","N1","T0","3",0.6883,0.3117,"LOW"
43,"2","N1","T0","3",0.6883,0.3117,"LOW"
44,"2","N1","T0","3",0.6826,0.3174,"LOW"
45,"2","N1","T0","3",0.6831,0.3169,"LOW"
46,"2","N1","T0","3",0.6842,0.3158,"LOW"
47,"2","N1","T0","3",0.6871,0.3129,"LOW"
48,"2","N1","T0","3",0.6881,0.3119,"LOW"
49,"2","N1","T0","3",0.6849,0.3151,"LOW"
50,"2","N1","T0","3",0.6846,0.3154,"LOW"
51,"2","N1","T0","3",0.6825,0.3175,"LOW"
52,"2","N1","T0","3",0.6867,0.3133,"LOW"
53,"2","N1","T0","3",0.6858,0.3142,"LOW"
54,"2","N1","T0","3",0.6857,0.3143,"LOW"
55,"2","N1","T0","3",0.6835,0.3165,"LOW"
56,"2","N1","T0","3",0.6807,0.3193,"LOW"
57,"2","N1","T0","3",0.6801,0.3199,"LOW"
58,"2","N1","T0","3",0.6787,0.3213,"LOW"
59,"2","N1","T0","3",0.6787,0.3213,"LOW"
60,"2","N1","T0","3",0.678,0.322,"LOW"
61,"2","N1","T0","3",0.6801,0.3199,"LOW"
62,"2","N1","T0","3",0.6836,0.3164,"LOW"
63,"2","N1","T0","3",0.6817,0.3183,"LOW"
64,"2","N1","T0","3",0.6793,0.3207,"LOW"
65,"2","N1","T0","3",0.6778,0.3222,"LOW"
66,"2","N1","T0","3",0.6776,0.3224,"LOW"
67,"2","N1","T0","3",0.678,0.322,"LOW"
68,"2","N1","T0","3",0.6779,0.3221,"LOW"
69,"2","N1","T0","3",0.6751,0.3249,"LOW"
70,"2","N1","T0","3",0.6731,0.3269,"LOW"
71,"2","N1","T0","3",0.6732,0.3268,"LOW"
72,"2","N1","T0","3",0.6714,0.3286,"LOW"
73,"2","N1","T0","3",0.6682,0.3318,"LOW"
74,"2","N1","T0","3",0.6682,0.3318,"LOW"
75,"2","N1","T0","3",0.665,0.335,"LOW"
76,"2","N1","T0","3",0.665,0.335,"LOW"
77,"2","N1","T0","3",0.6628,0.3372,"LOW"
78,"2","N1","T0","3",0.6599,0.3401,"LOW"
79,"2","N1","T0","3",0.6597,0.3403,"LOW"
80,"2","N1","T0","3",0.6604,0.3396,"LOW"
81,"2","N1","T0","3",0.6623,0.3377,"LOW"
82,"2","N1","T0","3",0.6635,0.3365,"LOW"
83,"2","N1","T0","3",0.6652,0.3348,"LOW"
84,"2","N1","T0","3",0.6654,0.3346,"LOW"
85,"2","N1","T0","3",0.6661,0.3339,"LOW"
86,"2","N1","T0","3",0.6701,0.3299,"LOW"
87,"2","N1","T0","3",0.6704,0.3296,"LOW"
88,"2","N1","T0","3",0.671,0.329,"LOW"
89,"2","N1","T0","3",0.6724,0.3276,"LOW"
90,"2","N1","T0","3",0.6763,0.3237,"LOW"
91,"2","N1","T0","3",0.6763,0.3237,"LOW"
92,"2","N1","T0","3",0.6763,0.3237,"LOW"
93,"2","N1","T0","3",0.6763,0.3237,"LOW"
94,"2","N1","T0","3",0.6763,0.3237,"LOW"
95,"2","N1","T0","3",0.6763,0.3237,"LOW"
96,"2","N1","T0","3",0.6763,0.3237,"LOW"
97,"2","N1","T0","3",0.6763,0.3237,"LOW"
98,"2","N1","T0","3",0.6763,0.3237,"LOW"
99,"2","N1","T0","3",0.6763,0.3237,"LOW"
0,"1","Other/Unknown","T0","3",0.7503,0.2497,"LOW"
1,"1","Other/Unknown","T0","3",0.7545,0.2455,"LOW"
2,"1","Other/Unknown","T0","3",0.745,0.255,"LOW"
3,"1","Other/Unknown","T0","3",0.734,0.266,"LOW"
4,"1","Other/Unknown","T0","3",0.7437,0.2563,"LOW"
5,"1","Other/Unknown","T0","3",0.7491,0.2509,"LOW"
6,"1","Other/Unknown","T0","3",0.75,0.25,"LOW"
7,"1","Other/Unknown","T0","3",0.7515,0.2485,"LOW"
8,"1","Other/Unknown","T0","3",0.752,0.248,"LOW"
9,"1","Other/Unknown","T0","3",0.7534,0.2466,"LOW"
10,"1","Other/Unknown","T0","3",0.7551,0.2449,"LOW"
11,"1","Other/Unknown","T0","3",0.7581,0.2419,"LOW"
12,"1","Other/Unknown","T0","3",0.764,0.236,"LOW"
13,"1","Other/Unknown","T0","3",0.7703,0.2297,"LOW"
14,"1","Other/Unknown","T0","3",0.7703,0.2297,"LOW"
15,"1","Other/Unknown","T0","3",0.773,0.227,"LOW"
16,"1","Other/Unknown","T0","3",0.7731,0.2269,"LOW"
17,"1","Other/Unknown","T0","3",0.7753,0.2247,"LOW"
18,"1","Other/Unknown","T0","3",0.7794,0.2206,"LOW"
19,"1","Other/Unknown","T0","3",0.7816,0.2184,"LOW"
20,"1","Other/Unknown","T0","3",0.7836,0.2164,"LOW"
21,"1","Other/Unknown","T0","3",0.7858,0.2142,"LOW"
22,"1","Other/Unknown","T0","3",0.7881,0.2119,"LOW"
23,"1","Other/Unknown","T0","3",0.7916,0.2084,"LOW"
24,"1","Other/Unknown","T0","3",0.7921,0.2079,"LOW"
25,"1","Other/Unknown","T0","3",0.7954,0.2046,"LOW"
26,"1","Other/Unknown","T0","3",0.7979,0.2021,"LOW"
27,"1","Other/Unknown","T0","3",0.7987,0.2013,"LOW"
28,"1","Other/Unknown","T0","3",0.7987,0.2013,"LOW"
29,"1","Other/Unknown","T0","3",0.8005,0.1995,"LOW"
30,"1","Other/Unknown","T0","3",0.8025,0.1975,"LOW"
31,"1","Other/Unknown","T0","3",0.803,0.197,"LOW"
32,"1","Other/Unknown","T0","3",0.8065,0.1935,"LOW"
33,"1","Other/Unknown","T0","3",0.8078,0.1922,"LOW"
34,"1","Other/Unknown","T0","3",0.8097,0.1903,"LOW"
35,"1","Other/Unknown","T0","3",0.81,0.19,"LOW"
36,"1","Other/Unknown","T0","3",0.8128,0.1872,"LOW"
37,"1","Other/Unknown","T0","3",0.8145,0.1855,"LOW"
38,"1","Other/Unknown","T0","3",0.82,0.18,"LOW"
39,"1","Other/Unknown","T0","3",0.8247,0.1753,"LOW"
40,"1","Other/Unknown","T0","3",0.8261,0.1739,"LOW"
41,"1","Other/Unknown","T0","3",0.8291,0.1709,"LOW"
42,"1","Other/Unknown","T0","3",0.8301,0.1699,"LOW"
43,"1","Other/Unknown","T0","3",0.8307,0.1693,"LOW"
44,"1","Other/Unknown","T0","3",0.831,0.169,"LOW"
45,"1","Other/Unknown","T0","3",0.8309,0.1691,"LOW"
46,"1","Other/Unknown","T0","3",0.8315,0.1685,"LOW"
47,"1","Other/Unknown","T0","3",0.8319,0.1681,"LOW"
48,"1","Other/Unknown","T0","3",0.8316,0.1684,"LOW"
49,"1","Other/Unknown","T0","3",0.8305,0.1695,"LOW"
50,"1","Other/Unknown","T0","3",0.8305,0.1695,"LOW"
51,"1","Other/Unknown","T0","3",0.8308,0.1692,"LOW"
52,"1","Other/Unknown","T0","3",0.831,0.169,"LOW"
53,"1","Other/Unknown","T0","3",0.8313,0.1687,"LOW"
54,"1","Other/Unknown","T0","3",0.8319,0.1681,"LOW"
55,"1","Other/Unknown","T0","3",0.8319,0.1681,"LOW"
56,"1","Other/Unknown","T0","3",0.8314,0.1686,"LOW"
57,"1","Other/Unknown","T0","3",0.8321,0.1679,"LOW"
58,"1","Other/Unknown","T0","3",0.8356,0.1644,"LOW"
59,"1","Other/Unknown","T0","3",0.8349,0.1651,"LOW"
60,"1","Other/Unknown","T0","3",0.8361,0.1639,"LOW"
61,"1","Other/Unknown","T0","3",0.8342,0.1658,"LOW"
62,"1","Other/Unknown","T0","3",0.8339,0.1661,"LOW"
63,"1","Other/Unknown","T0","3",0.8344,0.1656,"LOW"
64,"1","Other/Unknown","T0","3",0.8335,0.1665,"LOW"
65,"1","Other/Unknown","T0","3",0.8327,0.1673,"LOW"
66,"1","Other/Unknown","T0","3",0.8332,0.1668,"LOW"
67,"1","Other/Unknown","T0","3",0.8326,0.1674,"LOW"
68,"1","Other/Unknown","T0","3",0.8324,0.1676,"LOW"
69,"1","Other/Unknown","T0","3",0.832,0.168,"LOW"
70,"1","Other/Unknown","T0","3",0.8322,0.1678,"LOW"
71,"1","Other/Unknown","T0","3",0.8328,0.1672,"LOW"
72,"1","Other/Unknown","T0","3",0.8319,0.1681,"LOW"
73,"1","Other/Unknown","T0","3",0.8316,0.1684,"LOW"
74,"1","Other/Unknown","T0","3",0.832,0.168,"LOW"
75,"1","Other/Unknown","T0","3",0.8315,0.1685,"LOW"
76,"1","Other/Unknown","T0","3",0.8322,0.1678,"LOW"
77,"1","Other/Unknown","T0","3",0.833,0.167,"LOW"
78,"1","Other/Unknown","T0","3",0.8348,0.1652,"LOW"
79,"1","Other/Unknown","T0","3",0.8345,0.1655,"LOW"
80,"1","Other/Unknown","T0","3",0.8343,0.1657,"LOW"
81,"1","Other/Unknown","T0","3",0.834,0.166,"LOW"
82,"1","Other/Unknown","T0","3",0.8369,0.1631,"LOW"
83,"1","Other/Unknown","T0","3",0.8403,0.1597,"LOW"
84,"1","Other/Unknown","T0","3",0.8405,0.1595,"LOW"
85,"1","Other/Unknown","T0","3",0.8409,0.1591,"LOW"
86,"1","Other/Unknown","T0","3",0.8411,0.1589,"LOW"
87,"1","Other/Unknown","T0","3",0.843,0.157,"LOW"
88,"1","Other/Unknown","T0","3",0.8431,0.1569,"LOW"
89,"1","Other/Unknown","T0","3",0.8444,0.1556,"LOW"
90,"1","Other/Unknown","T0","3",0.8446,0.1554,"LOW"
91,"1","Other/Unknown","T0","3",0.8446,0.1554,"LOW"
92,"1","Other/Unknown","T0","3",0.8446,0.1554,"LOW"
93,"1","Other/Unknown","T0","3",0.8446,0.1554,"LOW"
94,"1","Other/Unknown","T0","3",0.8446,0.1554,"LOW"
95,"1","Other/Unknown","T0","3",0.8446,0.1554,"LOW"
96,"1","Other/Unknown","T0","3",0.8446,0.1554,"LOW"
97,"1","Other/Unknown","T0","3",0.8446,0.1554,"LOW"
98,"1","Other/Unknown","T0","3",0.8446,0.1554,"LOW"
99,"1","Other/Unknown","T0","3",0.8446,0.1554,"LOW"
0,"2","Other/Unknown","T0","3",0.7515,0.2485,"LOW"
1,"2","Other/Unknown","T0","3",0.7547,0.2453,"LOW"
2,"2","Other/Unknown","T0","3",0.7505,0.2495,"LOW"
3,"2","Other/Unknown","T0","3",0.7427,0.2573,"LOW"
4,"2","Other/Unknown","T0","3",0.7542,0.2458,"LOW"
5,"2","Other/Unknown","T0","3",0.7591,0.2409,"LOW"
6,"2","Other/Unknown","T0","3",0.7629,0.2371,"LOW"
7,"2","Other/Unknown","T0","3",0.7675,0.2325,"LOW"
8,"2","Other/Unknown","T0","3",0.7673,0.2327,"LOW"
9,"2","Other/Unknown","T0","3",0.7687,0.2313,"LOW"
10,"2","Other/Unknown","T0","3",0.7718,0.2282,"LOW"
11,"2","Other/Unknown","T0","3",0.7729,0.2271,"LOW"
12,"2","Other/Unknown","T0","3",0.7798,0.2202,"LOW"
13,"2","Other/Unknown","T0","3",0.7761,0.2239,"LOW"
14,"2","Other/Unknown","T0","3",0.7771,0.2229,"LOW"
15,"2","Other/Unknown","T0","3",0.7784,0.2216,"LOW"
16,"2","Other/Unknown","T0","3",0.7807,0.2193,"LOW"
17,"2","Other/Unknown","T0","3",0.7816,0.2184,"LOW"
18,"2","Other/Unknown","T0","3",0.785,0.215,"LOW"
19,"2","Other/Unknown","T0","3",0.7879,0.2121,"LOW"
20,"2","Other/Unknown","T0","3",0.7869,0.2131,"LOW"
21,"2","Other/Unknown","T0","3",0.7852,0.2148,"LOW"
22,"2","Other/Unknown","T0","3",0.7855,0.2145,"LOW"
23,"2","Other/Unknown","T0","3",0.7864,0.2136,"LOW"
24,"2","Other/Unknown","T0","3",0.7873,0.2127,"LOW"
25,"2","Other/Unknown","T0","3",0.7897,0.2103,"LOW"
26,"2","Other/Unknown","T0","3",0.7911,0.2089,"LOW"
27,"2","Other/Unknown","T0","3",0.7909,0.2091,"LOW"
28,"2","Other/Unknown","T0","3",0.7907,0.2093,"LOW"
29,"2","Other/Unknown","T0","3",0.7937,0.2063,"LOW"
30,"2","Other/Unknown","T0","3",0.7945,0.2055,"LOW"
31,"2","Other/Unknown","T0","3",0.7962,0.2038,"LOW"
32,"2","Other/Unknown","T0","3",0.7974,0.2026,"LOW"
33,"2","Other/Unknown","T0","3",0.7961,0.2039,"LOW"
34,"2","Other/Unknown","T0","3",0.7962,0.2038,"LOW"
35,"2","Other/Unknown","T0","3",0.796,0.204,"LOW"
36,"2","Other/Unknown","T0","3",0.7989,0.2011,"LOW"
37,"2","Other/Unknown","T0","3",0.8005,0.1995,"LOW"
38,"2","Other/Unknown","T0","3",0.8059,0.1941,"LOW"
39,"2","Other/Unknown","T0","3",0.8061,0.1939,"LOW"
40,"2","Other/Unknown","T0","3",0.8057,0.1943,"LOW"
41,"2","Other/Unknown","T0","3",0.8113,0.1887,"LOW"
42,"2","Other/Unknown","T0","3",0.815,0.185,"LOW"
43,"2","Other/Unknown","T0","3",0.8161,0.1839,"LOW"
44,"2","Other/Unknown","T0","3",0.8163,0.1837,"LOW"
45,"2","Other/Unknown","T0","3",0.8159,0.1841,"LOW"
46,"2","Other/Unknown","T0","3",0.8155,0.1845,"LOW"
47,"2","Other/Unknown","T0","3",0.8136,0.1864,"LOW"
48,"2","Other/Unknown","T0","3",0.8145,0.1855,"LOW"
49,"2","Other/Unknown","T0","3",0.8134,0.1866,"LOW"
50,"2","Other/Unknown","T0","3",0.8124,0.1876,"LOW"
51,"2","Other/Unknown","T0","3",0.8114,0.1886,"LOW"
52,"2","Other/Unknown","T0","3",0.8109,0.1891,"LOW"
53,"2","Other/Unknown","T0","3",0.8125,0.1875,"LOW"
54,"2","Other/Unknown","T0","3",0.8121,0.1879,"LOW"
55,"2","Other/Unknown","T0","3",0.8122,0.1878,"LOW"
56,"2","Other/Unknown","T0","3",0.8111,0.1889,"LOW"
57,"2","Other/Unknown","T0","3",0.8113,0.1887,"LOW"
58,"2","Other/Unknown","T0","3",0.8127,0.1873,"LOW"
59,"2","Other/Unknown","T0","3",0.8151,0.1849,"LOW"
60,"2","Other/Unknown","T0","3",0.8163,0.1837,"LOW"
61,"2","Other/Unknown","T0","3",0.8164,0.1836,"LOW"
62,"2","Other/Unknown","T0","3",0.8174,0.1826,"LOW"
63,"2","Other/Unknown","T0","3",0.8189,0.1811,"LOW"
64,"2","Other/Unknown","T0","3",0.8187,0.1813,"LOW"
65,"2","Other/Unknown","T0","3",0.8193,0.1807,"LOW"
66,"2","Other/Unknown","T0","3",0.8211,0.1789,"LOW"
67,"2","Other/Unknown","T0","3",0.819,0.181,"LOW"
68,"2","Other/Unknown","T0","3",0.8188,0.1812,"LOW"
69,"2","Other/Unknown","T0","3",0.8189,0.1811,"LOW"
70,"2","Other/Unknown","T0","3",0.8202,0.1798,"LOW"
71,"2","Other/Unknown","T0","3",0.8234,0.1766,"LOW"
72,"2","Other/Unknown","T0","3",0.8236,0.1764,"LOW"
73,"2","Other/Unknown","T0","3",0.8248,0.1752,"LOW"
74,"2","Other/Unknown","T0","3",0.8246,0.1754,"LOW"
75,"2","Other/Unknown","T0","3",0.8244,0.1756,"LOW"
76,"2","Other/Unknown","T0","3",0.8255,0.1745,"LOW"
77,"2","Other/Unknown","T0","3",0.826,0.174,"LOW"
78,"2","Other/Unknown","T0","3",0.8269,0.1731,"LOW"
79,"2","Other/Unknown","T0","3",0.8276,0.1724,"LOW"
80,"2","Other/Unknown","T0","3",0.8267,0.1733,"LOW"
81,"2","Other/Unknown","T0","3",0.8265,0.1735,"LOW"
82,"2","Other/Unknown","T0","3",0.8259,0.1741,"LOW"
83,"2","Other/Unknown","T0","3",0.8298,0.1702,"LOW"
84,"2","Other/Unknown","T0","3",0.8323,0.1677,"LOW"
85,"2","Other/Unknown","T0","3",0.8337,0.1663,"LOW"
86,"2","Other/Unknown","T0","3",0.8346,0.1654,"LOW"
87,"2","Other/Unknown","T0","3",0.8383,0.1617,"LOW"
88,"2","Other/Unknown","T0","3",0.8391,0.1609,"LOW"
89,"2","Other/Unknown","T0","3",0.8407,0.1593,"LOW"
90,"2","Other/Unknown","T0","3",0.8416,0.1584,"LOW"
91,"2","Other/Unknown","T0","3",0.8416,0.1584,"LOW"
92,"2","Other/Unknown","T0","3",0.8416,0.1584,"LOW"
93,"2","Other/Unknown","T0","3",0.8416,0.1584,"LOW"
94,"2","Other/Unknown","T0","3",0.8416,0.1584,"LOW"
95,"2","Other/Unknown","T0","3",0.8416,0.1584,"LOW"
96,"2","Other/Unknown","T0","3",0.8416,0.1584,"LOW"
97,"2","Other/Unknown","T0","3",0.8416,0.1584,"LOW"
98,"2","Other/Unknown","T0","3",0.8416,0.1584,"LOW"
99,"2","Other/Unknown","T0","3",0.8416,0.1584,"LOW"
0,"1","N0","Other/Unknown","3",0.8088,0.1912,"LOW"
1,"1","N0","Other/Unknown","3",0.8064,0.1936,"LOW"
2,"1","N0","Other/Unknown","3",0.8004,0.1996,"LOW"
3,"1","N0","Other/Unknown","3",0.7867,0.2133,"LOW"
4,"1","N0","Other/Unknown","3",0.7934,0.2066,"LOW"
5,"1","N0","Other/Unknown","3",0.8065,0.1935,"LOW"
6,"1","N0","Other/Unknown","3",0.8115,0.1885,"LOW"
7,"1","N0","Other/Unknown","3",0.812,0.188,"LOW"
8,"1","N0","Other/Unknown","3",0.8106,0.1894,"LOW"
9,"1","N0","Other/Unknown","3",0.8153,0.1847,"LOW"
10,"1","N0","Other/Unknown","3",0.8234,0.1766,"LOW"
11,"1","N0","Other/Unknown","3",0.8257,0.1743,"LOW"
12,"1","N0","Other/Unknown","3",0.8295,0.1705,"LOW"
13,"1","N0","Other/Unknown","3",0.8321,0.1679,"LOW"
14,"1","N0","Other/Unknown","3",0.8361,0.1639,"LOW"
15,"1","N0","Other/Unknown","3",0.8378,0.1622,"LOW"
16,"1","N0","Other/Unknown","3",0.8387,0.1613,"LOW"
17,"1","N0","Other/Unknown","3",0.8427,0.1573,"LOW"
18,"1","N0","Other/Unknown","3",0.848,0.152,"LOW"
19,"1","N0","Other/Unknown","3",0.852,0.148,"LOW"
20,"1","N0","Other/Unknown","3",0.8509,0.1491,"LOW"
21,"1","N0","Other/Unknown","3",0.8509,0.1491,"LOW"
22,"1","N0","Other/Unknown","3",0.853,0.147,"LOW"
23,"1","N0","Other/Unknown","3",0.8545,0.1455,"LOW"
24,"1","N0","Other/Unknown","3",0.8609,0.1391,"LOW"
25,"1","N0","Other/Unknown","3",0.8633,0.1367,"LOW"
26,"1","N0","Other/Unknown","3",0.8652,0.1348,"LOW"
27,"1","N0","Other/Unknown","3",0.8659,0.1341,"LOW"
28,"1","N0","Other/Unknown","3",0.8665,0.1335,"LOW"
29,"1","N0","Other/Unknown","3",0.8675,0.1325,"LOW"
30,"1","N0","Other/Unknown","3",0.8708,0.1292,"LOW"
31,"1","N0","Other/Unknown","3",0.872,0.128,"LOW"
32,"1","N0","Other/Unknown","3",0.8689,0.1311,"LOW"
33,"1","N0","Other/Unknown","3",0.8684,0.1316,"LOW"
34,"1","N0","Other/Unknown","3",0.8701,0.1299,"LOW"
35,"1","N0","Other/Unknown","3",0.8704,0.1296,"LOW"
36,"1","N0","Other/Unknown","3",0.8702,0.1298,"LOW"
37,"1","N0","Other/Unknown","3",0.8713,0.1287,"LOW"
38,"1","N0","Other/Unknown","3",0.876,0.124,"LOW"
39,"1","N0","Other/Unknown","3",0.8769,0.1231,"LOW"
40,"1","N0","Other/Unknown","3",0.8789,0.1211,"LOW"
41,"1","N0","Other/Unknown","3",0.8807,0.1193,"LOW"
42,"1","N0","Other/Unknown","3",0.8809,0.1191,"LOW"
43,"1","N0","Other/Unknown","3",0.8828,0.1172,"LOW"
44,"1","N0","Other/Unknown","3",0.884,0.116,"LOW"
45,"1","N0","Other/Unknown","3",0.8855,0.1145,"LOW"
46,"1","N0","Other/Unknown","3",0.8864,0.1136,"LOW"
47,"1","N0","Other/Unknown","3",0.888,0.112,"LOW"
48,"1","N0","Other/Unknown","3",0.8896,0.1104,"LOW"
49,"1","N0","Other/Unknown","3",0.8904,0.1096,"LOW"
50,"1","N0","Other/Unknown","3",0.8903,0.1097,"LOW"
51,"1","N0","Other/Unknown","3",0.8912,0.1088,"LOW"
52,"1","N0","Other/Unknown","3",0.8903,0.1097,"LOW"
53,"1","N0","Other/Unknown","3",0.8902,0.1098,"LOW"
54,"1","N0","Other/Unknown","3",0.8898,0.1102,"LOW"
55,"1","N0","Other/Unknown","3",0.8901,0.1099,"LOW"
56,"1","N0","Other/Unknown","3",0.8919,0.1081,"LOW"
57,"1","N0","Other/Unknown","3",0.8919,0.1081,"LOW"
58,"1","N0","Other/Unknown","3",0.8918,0.1082,"LOW"
59,"1","N0","Other/Unknown","3",0.891,0.109,"LOW"
60,"1","N0","Other/Unknown","3",0.8902,0.1098,"LOW"
61,"1","N0","Other/Unknown","3",0.8907,0.1093,"LOW"
62,"1","N0","Other/Unknown","3",0.8904,0.1096,"LOW"
63,"1","N0","Other/Unknown","3",0.8889,0.1111,"LOW"
64,"1","N0","Other/Unknown","3",0.8915,0.1085,"LOW"
65,"1","N0","Other/Unknown","3",0.8929,0.1071,"LOW"
66,"1","N0","Other/Unknown","3",0.894,0.106,"LOW"
67,"1","N0","Other/Unknown","3",0.8942,0.1058,"LOW"
68,"1","N0","Other/Unknown","3",0.8943,0.1057,"LOW"
69,"1","N0","Other/Unknown","3",0.8951,0.1049,"LOW"
70,"1","N0","Other/Unknown","3",0.8957,0.1043,"LOW"
71,"1","N0","Other/Unknown","3",0.8954,0.1046,"LOW"
72,"1","N0","Other/Unknown","3",0.8953,0.1047,"LOW"
73,"1","N0","Other/Unknown","3",0.8952,0.1048,"LOW"
74,"1","N0","Other/Unknown","3",0.8952,0.1048,"LOW"
75,"1","N0","Other/Unknown","3",0.8951,0.1049,"LOW"
76,"1","N0","Other/Unknown","3",0.8972,0.1028,"LOW"
77,"1","N0","Other/Unknown","3",0.8973,0.1027,"LOW"
78,"1","N0","Other/Unknown","3",0.8967,0.1033,"LOW"
79,"1","N0","Other/Unknown","3",0.8965,0.1035,"LOW"
80,"1","N0","Other/Unknown","3",0.8965,0.1035,"LOW"
81,"1","N0","Other/Unknown","3",0.8941,0.1059,"LOW"
82,"1","N0","Other/Unknown","3",0.8949,0.1051,"LOW"
83,"1","N0","Other/Unknown","3",0.895,0.105,"LOW"
84,"1","N0","Other/Unknown","3",0.8954,0.1046,"LOW"
85,"1","N0","Other/Unknown","3",0.8952,0.1048,"LOW"
86,"1","N0","Other/Unknown","3",0.8962,0.1038,"LOW"
87,"1","N0","Other/Unknown","3",0.8965,0.1035,"LOW"
88,"1","N0","Other/Unknown","3",0.8965,0.1035,"LOW"
89,"1","N0","Other/Unknown","3",0.8973,0.1027,"LOW"
90,"1","N0","Other/Unknown","3",0.8976,0.1024,"LOW"
91,"1","N0","Other/Unknown","3",0.8976,0.1024,"LOW"
92,"1","N0","Other/Unknown","3",0.8976,0.1024,"LOW"
93,"1","N0","Other/Unknown","3",0.8976,0.1024,"LOW"
94,"1","N0","Other/Unknown","3",0.8976,0.1024,"LOW"
95,"1","N0","Other/Unknown","3",0.8976,0.1024,"LOW"
96,"1","N0","Other/Unknown","3",0.8976,0.1024,"LOW"
97,"1","N0","Other/Unknown","3",0.8976,0.1024,"LOW"
98,"1","N0","Other/Unknown","3",0.8976,0.1024,"LOW"
99,"1","N0","Other/Unknown","3",0.8976,0.1024,"LOW"
0,"2","N0","Other/Unknown","3",0.8358,0.1642,"LOW"
1,"2","N0","Other/Unknown","3",0.8268,0.1732,"LOW"
2,"2","N0","Other/Unknown","3",0.8208,0.1792,"LOW"
3,"2","N0","Other/Unknown","3",0.8133,0.1867,"LOW"
4,"2","N0","Other/Unknown","3",0.8222,0.1778,"LOW"
5,"2","N0","Other/Unknown","3",0.8238,0.1762,"LOW"
6,"2","N0","Other/Unknown","3",0.8247,0.1753,"LOW"
7,"2","N0","Other/Unknown","3",0.8247,0.1753,"LOW"
8,"2","N0","Other/Unknown","3",0.8252,0.1748,"LOW"
9,"2","N0","Other/Unknown","3",0.8271,0.1729,"LOW"
10,"2","N0","Other/Unknown","3",0.8329,0.1671,"LOW"
11,"2","N0","Other/Unknown","3",0.8345,0.1655,"LOW"
12,"2","N0","Other/Unknown","3",0.8392,0.1608,"LOW"
13,"2","N0","Other/Unknown","3",0.8416,0.1584,"LOW"
14,"2","N0","Other/Unknown","3",0.8448,0.1552,"LOW"
15,"2","N0","Other/Unknown","3",0.8465,0.1535,"LOW"
16,"2","N0","Other/Unknown","3",0.8472,0.1528,"LOW"
17,"2","N0","Other/Unknown","3",0.8472,0.1528,"LOW"
18,"2","N0","Other/Unknown","3",0.8517,0.1483,"LOW"
19,"2","N0","Other/Unknown","3",0.8555,0.1445,"LOW"
20,"2","N0","Other/Unknown","3",0.8558,0.1442,"LOW"
21,"2","N0","Other/Unknown","3",0.8568,0.1432,"LOW"
22,"2","N0","Other/Unknown","3",0.8582,0.1418,"LOW"
23,"2","N0","Other/Unknown","3",0.8594,0.1406,"LOW"
24,"2","N0","Other/Unknown","3",0.8622,0.1378,"LOW"
25,"2","N0","Other/Unknown","3",0.8631,0.1369,"LOW"
26,"2","N0","Other/Unknown","3",0.8649,0.1351,"LOW"
27,"2","N0","Other/Unknown","3",0.8659,0.1341,"LOW"
28,"2","N0","Other/Unknown","3",0.8661,0.1339,"LOW"
29,"2","N0","Other/Unknown","3",0.8665,0.1335,"LOW"
30,"2","N0","Other/Unknown","3",0.8718,0.1282,"LOW"
31,"2","N0","Other/Unknown","3",0.8722,0.1278,"LOW"
32,"2","N0","Other/Unknown","3",0.8688,0.1312,"LOW"
33,"2","N0","Other/Unknown","3",0.8695,0.1305,"LOW"
34,"2","N0","Other/Unknown","3",0.868,0.132,"LOW"
35,"2","N0","Other/Unknown","3",0.8645,0.1355,"LOW"
36,"2","N0","Other/Unknown","3",0.8662,0.1338,"LOW"
37,"2","N0","Other/Unknown","3",0.8709,0.1291,"LOW"
38,"2","N0","Other/Unknown","3",0.8751,0.1249,"LOW"
39,"2","N0","Other/Unknown","3",0.8764,0.1236,"LOW"
40,"2","N0","Other/Unknown","3",0.8781,0.1219,"LOW"
41,"2","N0","Other/Unknown","3",0.8803,0.1197,"LOW"
42,"2","N0","Other/Unknown","3",0.8822,0.1178,"LOW"
43,"2","N0","Other/Unknown","3",0.8838,0.1162,"LOW"
44,"2","N0","Other/Unknown","3",0.8835,0.1165,"LOW"
45,"2","N0","Other/Unknown","3",0.885,0.115,"LOW"
46,"2","N0","Other/Unknown","3",0.8854,0.1146,"LOW"
47,"2","N0","Other/Unknown","3",0.8883,0.1117,"LOW"
48,"2","N0","Other/Unknown","3",0.8889,0.1111,"LOW"
49,"2","N0","Other/Unknown","3",0.89,0.11,"LOW"
50,"2","N0","Other/Unknown","3",0.8892,0.1108,"LOW"
51,"2","N0","Other/Unknown","3",0.8909,0.1091,"LOW"
52,"2","N0","Other/Unknown","3",0.8894,0.1106,"LOW"
53,"2","N0","Other/Unknown","3",0.8901,0.1099,"LOW"
54,"2","N0","Other/Unknown","3",0.89,0.11,"LOW"
55,"2","N0","Other/Unknown","3",0.8901,0.1099,"LOW"
56,"2","N0","Other/Unknown","3",0.8914,0.1086,"LOW"
57,"2","N0","Other/Unknown","3",0.8916,0.1084,"LOW"
58,"2","N0","Other/Unknown","3",0.8915,0.1085,"LOW"
59,"2","N0","Other/Unknown","3",0.8911,0.1089,"LOW"
60,"2","N0","Other/Unknown","3",0.8904,0.1096,"LOW"
61,"2","N0","Other/Unknown","3",0.8916,0.1084,"LOW"
62,"2","N0","Other/Unknown","3",0.8925,0.1075,"LOW"
63,"2","N0","Other/Unknown","3",0.8937,0.1063,"LOW"
64,"2","N0","Other/Unknown","3",0.8939,0.1061,"LOW"
65,"2","N0","Other/Unknown","3",0.8949,0.1051,"LOW"
66,"2","N0","Other/Unknown","3",0.895,0.105,"LOW"
67,"2","N0","Other/Unknown","3",0.8952,0.1048,"LOW"
68,"2","N0","Other/Unknown","3",0.8952,0.1048,"LOW"
69,"2","N0","Other/Unknown","3",0.8958,0.1042,"LOW"
70,"2","N0","Other/Unknown","3",0.8964,0.1036,"LOW"
71,"2","N0","Other/Unknown","3",0.8959,0.1041,"LOW"
72,"2","N0","Other/Unknown","3",0.8954,0.1046,"LOW"
73,"2","N0","Other/Unknown","3",0.8953,0.1047,"LOW"
74,"2","N0","Other/Unknown","3",0.8951,0.1049,"LOW"
75,"2","N0","Other/Unknown","3",0.895,0.105,"LOW"
76,"2","N0","Other/Unknown","3",0.8955,0.1045,"LOW"
77,"2","N0","Other/Unknown","3",0.8955,0.1045,"LOW"
78,"2","N0","Other/Unknown","3",0.8937,0.1063,"LOW"
79,"2","N0","Other/Unknown","3",0.8938,0.1062,"LOW"
80,"2","N0","Other/Unknown","3",0.8935,0.1065,"LOW"
81,"2","N0","Other/Unknown","3",0.8917,0.1083,"LOW"
82,"2","N0","Other/Unknown","3",0.8922,0.1078,"LOW"
83,"2","N0","Other/Unknown","3",0.8924,0.1076,"LOW"
84,"2","N0","Other/Unknown","3",0.8927,0.1073,"LOW"
85,"2","N0","Other/Unknown","3",0.8927,0.1073,"LOW"
86,"2","N0","Other/Unknown","3",0.8937,0.1063,"LOW"
87,"2","N0","Other/Unknown","3",0.8942,0.1058,"LOW"
88,"2","N0","Other/Unknown","3",0.8945,0.1055,"LOW"
89,"2","N0","Other/Unknown","3",0.8959,0.1041,"LOW"
90,"2","N0","Other/Unknown","3",0.8963,0.1037,"LOW"
91,"2","N0","Other/Unknown","3",0.8963,0.1037,"LOW"
92,"2","N0","Other/Unknown","3",0.8963,0.1037,"LOW"
93,"2","N0","Other/Unknown","3",0.8963,0.1037,"LOW"
94,"2","N0","Other/Unknown","3",0.8963,0.1037,"LOW"
95,"2","N0","Other/Unknown","3",0.8963,0.1037,"LOW"
96,"2","N0","Other/Unknown","3",0.8963,0.1037,"LOW"
97,"2","N0","Other/Unknown","3",0.8963,0.1037,"LOW"
98,"2","N0","Other/Unknown","3",0.8963,0.1037,"LOW"
99,"2","N0","Other/Unknown","3",0.8963,0.1037,"LOW"
0,"1","N1","Other/Unknown","3",0.5708,0.4292,"LOW"
1,"1","N1","Other/Unknown","3",0.5639,0.4361,"LOW"
2,"1","N1","Other/Unknown","3",0.5555,0.4445,"LOW"
3,"1","N1","Other/Unknown","3",0.5515,0.4485,"LOW"
4,"1","N1","Other/Unknown","3",0.554,0.446,"LOW"
5,"1","N1","Other/Unknown","3",0.555,0.445,"LOW"
6,"1","N1","Other/Unknown","3",0.5557,0.4443,"LOW"
7,"1","N1","Other/Unknown","3",0.5546,0.4454,"LOW"
8,"1","N1","Other/Unknown","3",0.5514,0.4486,"LOW"
9,"1","N1","Other/Unknown","3",0.5543,0.4457,"LOW"
10,"1","N1","Other/Unknown","3",0.5553,0.4447,"LOW"
11,"1","N1","Other/Unknown","3",0.5517,0.4483,"LOW"
12,"1","N1","Other/Unknown","3",0.5556,0.4444,"LOW"
13,"1","N1","Other/Unknown","3",0.5542,0.4458,"LOW"
14,"1","N1","Other/Unknown","3",0.5545,0.4455,"LOW"
15,"1","N1","Other/Unknown","3",0.5545,0.4455,"LOW"
16,"1","N1","Other/Unknown","3",0.5569,0.4431,"LOW"
17,"1","N1","Other/Unknown","3",0.5577,0.4423,"LOW"
18,"1","N1","Other/Unknown","3",0.5641,0.4359,"LOW"
19,"1","N1","Other/Unknown","3",0.5663,0.4337,"LOW"
20,"1","N1","Other/Unknown","3",0.5678,0.4322,"LOW"
21,"1","N1","Other/Unknown","3",0.5666,0.4334,"LOW"
22,"1","N1","Other/Unknown","3",0.5666,0.4334,"LOW"
23,"1","N1","Other/Unknown","3",0.5662,0.4338,"LOW"
24,"1","N1","Other/Unknown","3",0.5661,0.4339,"LOW"
25,"1","N1","Other/Unknown","3",0.5671,0.4329,"LOW"
26,"1","N1","Other/Unknown","3",0.5667,0.4333,"LOW"
27,"1","N1","Other/Unknown","3",0.5652,0.4348,"LOW"
28,"1","N1","Other/Unknown","3",0.566,0.434,"LOW"
29,"1","N1","Other/Unknown","3",0.5665,0.4335,"LOW"
30,"1","N1","Other/Unknown","3",0.5675,0.4325,"LOW"
31,"1","N1","Other/Unknown","3",0.5651,0.4349,"LOW"
32,"1","N1","Other/Unknown","3",0.5671,0.4329,"LOW"
33,"1","N1","Other/Unknown","3",0.5698,0.4302,"LOW"
34,"1","N1","Other/Unknown","3",0.5689,0.4311,"LOW"
35,"1","N1","Other/Unknown","3",0.5681,0.4319,"LOW"
36,"1","N1","Other/Unknown","3",0.5675,0.4325,"LOW"
37,"1","N1","Other/Unknown","3",0.5638,0.4362,"LOW"
38,"1","N1","Other/Unknown","3",0.5648,0.4352,"LOW"
39,"1","N1","Other/Unknown","3",0.5616,0.4384,"LOW"
40,"1","N1","Other/Unknown","3",0.561,0.439,"LOW"
41,"1","N1","Other/Unknown","3",0.5612,0.4388,"LOW"
42,"1","N1","Other/Unknown","3",0.5614,0.4386,"LOW"
43,"1","N1","Other/Unknown","3",0.5631,0.4369,"LOW"
44,"1","N1","Other/Unknown","3",0.5593,0.4407,"LOW"
45,"1","N1","Other/Unknown","3",0.5622,0.4378,"LOW"
46,"1","N1","Other/Unknown","3",0.5615,0.4385,"LOW"
47,"1","N1","Other/Unknown","3",0.5613,0.4387,"LOW"
48,"1","N1","Other/Unknown","3",0.5613,0.4387,"LOW"
49,"1","N1","Other/Unknown","3",0.5616,0.4384,"LOW"
50,"1","N1","Other/Unknown","3",0.5615,0.4385,"LOW"
51,"1","N1","Other/Unknown","3",0.5605,0.4395,"LOW"
52,"1","N1","Other/Unknown","3",0.5634,0.4366,"LOW"
53,"1","N1","Other/Unknown","3",0.5641,0.4359,"LOW"
54,"1","N1","Other/Unknown","3",0.5644,0.4356,"LOW"
55,"1","N1","Other/Unknown","3",0.5635,0.4365,"LOW"
56,"1","N1","Other/Unknown","3",0.5587,0.4413,"LOW"
57,"1","N1","Other/Unknown","3",0.5588,0.4412,"LOW"
58,"1","N1","Other/Unknown","3",0.5563,0.4437,"LOW"
59,"1","N1","Other/Unknown","3",0.5561,0.4439,"LOW"
60,"1","N1","Other/Unknown","3",0.5573,0.4427,"LOW"
61,"1","N1","Other/Unknown","3",0.5569,0.4431,"LOW"
62,"1","N1","Other/Unknown","3",0.5542,0.4458,"LOW"
63,"1","N1","Other/Unknown","3",0.5513,0.4487,"LOW"
64,"1","N1","Other/Unknown","3",0.5528,0.4472,"LOW"
65,"1","N1","Other/Unknown","3",0.552,0.448,"LOW"
66,"1","N1","Other/Unknown","3",0.552,0.448,"LOW"
67,"1","N1","Other/Unknown","3",0.5507,0.4493,"LOW"
68,"1","N1","Other/Unknown","3",0.5529,0.4471,"LOW"
69,"1","N1","Other/Unknown","3",0.5508,0.4492,"LOW"
70,"1","N1","Other/Unknown","3",0.5573,0.4427,"LOW"
71,"1","N1","Other/Unknown","3",0.5567,0.4433,"LOW"
72,"1","N1","Other/Unknown","3",0.5576,0.4424,"LOW"
73,"1","N1","Other/Unknown","3",0.5628,0.4372,"LOW"
74,"1","N1","Other/Unknown","3",0.561,0.439,"LOW"
75,"1","N1","Other/Unknown","3",0.5613,0.4387,"LOW"
76,"1","N1","Other/Unknown","3",0.5608,0.4392,"LOW"
77,"1","N1","Other/Unknown","3",0.5561,0.4439,"LOW"
78,"1","N1","Other/Unknown","3",0.5572,0.4428,"LOW"
79,"1","N1","Other/Unknown","3",0.5567,0.4433,"LOW"
80,"1","N1","Other/Unknown","3",0.5564,0.4436,"LOW"
81,"1","N1","Other/Unknown","3",0.557,0.443,"LOW"
82,"1","N1","Other/Unknown","3",0.5588,0.4412,"LOW"
83,"1","N1","Other/Unknown","3",0.559,0.441,"LOW"
84,"1","N1","Other/Unknown","3",0.5593,0.4407,"LOW"
85,"1","N1","Other/Unknown","3",0.5573,0.4427,"LOW"
86,"1","N1","Other/Unknown","3",0.5635,0.4365,"LOW"
87,"1","N1","Other/Unknown","3",0.5663,0.4337,"LOW"
88,"1","N1","Other/Unknown","3",0.5681,0.4319,"LOW"
89,"1","N1","Other/Unknown","3",0.5704,0.4296,"LOW"
90,"1","N1","Other/Unknown","3",0.5705,0.4295,"LOW"
91,"1","N1","Other/Unknown","3",0.5705,0.4295,"LOW"
92,"1","N1","Other/Unknown","3",0.5705,0.4295,"LOW"
93,"1","N1","Other/Unknown","3",0.5705,0.4295,"LOW"
94,"1","N1","Other/Unknown","3",0.5705,0.4295,"LOW"
95,"1","N1","Other/Unknown","3",0.5705,0.4295,"LOW"
96,"1","N1","Other/Unknown","3",0.5705,0.4295,"LOW"
97,"1","N1","Other/Unknown","3",0.5705,0.4295,"LOW"
98,"1","N1","Other/Unknown","3",0.5705,0.4295,"LOW"
99,"1","N1","Other/Unknown","3",0.5705,0.4295,"LOW"
0,"2","N1","Other/Unknown","3",0.5928,0.4072,"LOW"
1,"2","N1","Other/Unknown","3",0.5877,0.4123,"LOW"
2,"2","N1","Other/Unknown","3",0.5818,0.4182,"LOW"
3,"2","N1","Other/Unknown","3",0.5758,0.4242,"LOW"
4,"2","N1","Other/Unknown","3",0.5796,0.4204,"LOW"
5,"2","N1","Other/Unknown","3",0.5735,0.4265,"LOW"
6,"2","N1","Other/Unknown","3",0.5712,0.4288,"LOW"
7,"2","N1","Other/Unknown","3",0.572,0.428,"LOW"
8,"2","N1","Other/Unknown","3",0.5666,0.4334,"LOW"
9,"2","N1","Other/Unknown","3",0.566,0.434,"LOW"
10,"2","N1","Other/Unknown","3",0.5677,0.4323,"LOW"
11,"2","N1","Other/Unknown","3",0.5648,0.4352,"LOW"
12,"2","N1","Other/Unknown","3",0.5695,0.4305,"LOW"
13,"2","N1","Other/Unknown","3",0.5665,0.4335,"LOW"
14,"2","N1","Other/Unknown","3",0.5656,0.4344,"LOW"
15,"2","N1","Other/Unknown","3",0.5665,0.4335,"LOW"
16,"2","N1","Other/Unknown","3",0.5669,0.4331,"LOW"
17,"2","N1","Other/Unknown","3",0.5672,0.4328,"LOW"
18,"2","N1","Other/Unknown","3",0.5735,0.4265,"LOW"
19,"2","N1","Other/Unknown","3",0.5761,0.4239,"LOW"
20,"2","N1","Other/Unknown","3",0.5787,0.4213,"LOW"
21,"2","N1","Other/Unknown","3",0.5767,0.4233,"LOW"
22,"2","N1","Other/Unknown","3",0.5767,0.4233,"LOW"
23,"2","N1","Other/Unknown","3",0.5759,0.4241,"LOW"
24,"2","N1","Other/Unknown","3",0.5771,0.4229,"LOW"
25,"2","N1","Other/Unknown","3",0.5793,0.4207,"LOW"
26,"2","N1","Other/Unknown","3",0.582,0.418,"LOW"
27,"2","N1","Other/Unknown","3",0.5827,0.4173,"LOW"
28,"2","N1","Other/Unknown","3",0.5836,0.4164,"LOW"
29,"2","N1","Other/Unknown","3",0.583,0.417,"LOW"
30,"2","N1","Other/Unknown","3",0.5836,0.4164,"LOW"
31,"2","N1","Other/Unknown","3",0.5826,0.4174,"LOW"
32,"2","N1","Other/Unknown","3",0.5839,0.4161,"LOW"
33,"2","N1","Other/Unknown","3",0.5868,0.4132,"LOW"
34,"2","N1","Other/Unknown","3",0.5869,0.4131,"LOW"
35,"2","N1","Other/Unknown","3",0.5851,0.4149,"LOW"
36,"2","N1","Other/Unknown","3",0.5857,0.4143,"LOW"
37,"2","N1","Other/Unknown","3",0.5855,0.4145,"LOW"
38,"2","N1","Other/Unknown","3",0.5868,0.4132,"LOW"
39,"2","N1","Other/Unknown","3",0.5861,0.4139,"LOW"
40,"2","N1","Other/Unknown","3",0.5867,0.4133,"LOW"
41,"2","N1","Other/Unknown","3",0.589,0.411,"LOW"
42,"2","N1","Other/Unknown","3",0.5873,0.4127,"LOW"
43,"2","N1","Other/Unknown","3",0.5902,0.4098,"LOW"
44,"2","N1","Other/Unknown","3",0.5861,0.4139,"LOW"
45,"2","N1","Other/Unknown","3",0.5879,0.4121,"LOW"
46,"2","N1","Other/Unknown","3",0.5858,0.4142,"LOW"
47,"2","N1","Other/Unknown","3",0.5868,0.4132,"LOW"
48,"2","N1","Other/Unknown","3",0.5892,0.4108,"LOW"
49,"2","N1","Other/Unknown","3",0.59,0.41,"LOW"
50,"2","N1","Other/Unknown","3",0.5883,0.4117,"LOW"
51,"2","N1","Other/Unknown","3",0.5871,0.4129,"LOW"
52,"2","N1","Other/Unknown","3",0.5876,0.4124,"LOW"
53,"2","N1","Other/Unknown","3",0.5867,0.4133,"LOW"
54,"2","N1","Other/Unknown","3",0.5851,0.4149,"LOW"
55,"2","N1","Other/Unknown","3",0.5831,0.4169,"LOW"
56,"2","N1","Other/Unknown","3",0.5782,0.4218,"LOW"
57,"2","N1","Other/Unknown","3",0.5784,0.4216,"LOW"
58,"2","N1","Other/Unknown","3",0.575,0.425,"LOW"
59,"2","N1","Other/Unknown","3",0.575,0.425,"LOW"
60,"2","N1","Other/Unknown","3",0.5751,0.4249,"LOW"
61,"2","N1","Other/Unknown","3",0.5752,0.4248,"LOW"
62,"2","N1","Other/Unknown","3",0.5751,0.4249,"LOW"
63,"2","N1","Other/Unknown","3",0.5728,0.4272,"LOW"
64,"2","N1","Other/Unknown","3",0.5715,0.4285,"LOW"
65,"2","N1","Other/Unknown","3",0.5711,0.4289,"LOW"
66,"2","N1","Other/Unknown","3",0.5734,0.4266,"LOW"
67,"2","N1","Other/Unknown","3",0.5744,0.4256,"LOW"
68,"2","N1","Other/Unknown","3",0.5746,0.4254,"LOW"
69,"2","N1","Other/Unknown","3",0.5708,0.4292,"LOW"
70,"2","N1","Other/Unknown","3",0.5734,0.4266,"LOW"
71,"2","N1","Other/Unknown","3",0.5713,0.4287,"LOW"
72,"2","N1","Other/Unknown","3",0.5687,0.4313,"LOW"
73,"2","N1","Other/Unknown","3",0.5688,0.4312,"LOW"
74,"2","N1","Other/Unknown","3",0.5686,0.4314,"LOW"
75,"2","N1","Other/Unknown","3",0.5667,0.4333,"LOW"
76,"2","N1","Other/Unknown","3",0.5668,0.4332,"LOW"
77,"2","N1","Other/Unknown","3",0.5647,0.4353,"LOW"
78,"2","N1","Other/Unknown","3",0.5626,0.4374,"LOW"
79,"2","N1","Other/Unknown","3",0.5624,0.4376,"LOW"
80,"2","N1","Other/Unknown","3",0.5631,0.4369,"LOW"
81,"2","N1","Other/Unknown","3",0.5646,0.4354,"LOW"
82,"2","N1","Other/Unknown","3",0.5654,0.4346,"LOW"
83,"2","N1","Other/Unknown","3",0.5651,0.4349,"LOW"
84,"2","N1","Other/Unknown","3",0.5654,0.4346,"LOW"
85,"2","N1","Other/Unknown","3",0.5653,0.4347,"LOW"
86,"2","N1","Other/Unknown","3",0.571,0.429,"LOW"
87,"2","N1","Other/Unknown","3",0.5738,0.4262,"LOW"
88,"2","N1","Other/Unknown","3",0.5765,0.4235,"LOW"
89,"2","N1","Other/Unknown","3",0.5798,0.4202,"LOW"
90,"2","N1","Other/Unknown","3",0.584,0.416,"LOW"
91,"2","N1","Other/Unknown","3",0.584,0.416,"LOW"
92,"2","N1","Other/Unknown","3",0.584,0.416,"LOW"
93,"2","N1","Other/Unknown","3",0.584,0.416,"LOW"
94,"2","N1","Other/Unknown","3",0.584,0.416,"LOW"
95,"2","N1","Other/Unknown","3",0.584,0.416,"LOW"
96,"2","N1","Other/Unknown","3",0.584,0.416,"LOW"
97,"2","N1","Other/Unknown","3",0.584,0.416,"LOW"
98,"2","N1","Other/Unknown","3",0.584,0.416,"LOW"
99,"2","N1","Other/Unknown","3",0.584,0.416,"LOW"
0,"1","Other/Unknown","Other/Unknown","3",0.7505,0.2495,"LOW"
1,"1","Other/Unknown","Other/Unknown","3",0.7442,0.2558,"LOW"
2,"1","Other/Unknown","Other/Unknown","3",0.7359,0.2641,"LOW"
3,"1","Other/Unknown","Other/Unknown","3",0.7294,0.2706,"LOW"
4,"1","Other/Unknown","Other/Unknown","3",0.7331,0.2669,"LOW"
5,"1","Other/Unknown","Other/Unknown","3",0.7386,0.2614,"LOW"
6,"1","Other/Unknown","Other/Unknown","3",0.7393,0.2607,"LOW"
7,"1","Other/Unknown","Other/Unknown","3",0.741,0.259,"LOW"
8,"1","Other/Unknown","Other/Unknown","3",0.7424,0.2576,"LOW"
9,"1","Other/Unknown","Other/Unknown","3",0.7453,0.2547,"LOW"
10,"1","Other/Unknown","Other/Unknown","3",0.7432,0.2568,"LOW"
11,"1","Other/Unknown","Other/Unknown","3",0.7434,0.2566,"LOW"
12,"1","Other/Unknown","Other/Unknown","3",0.7452,0.2548,"LOW"
13,"1","Other/Unknown","Other/Unknown","3",0.7496,0.2504,"LOW"
14,"1","Other/Unknown","Other/Unknown","3",0.7515,0.2485,"LOW"
15,"1","Other/Unknown","Other/Unknown","3",0.7528,0.2472,"LOW"
16,"1","Other/Unknown","Other/Unknown","3",0.7518,0.2482,"LOW"
17,"1","Other/Unknown","Other/Unknown","3",0.7551,0.2449,"LOW"
18,"1","Other/Unknown","Other/Unknown","3",0.7641,0.2359,"LOW"
19,"1","Other/Unknown","Other/Unknown","3",0.7671,0.2329,"LOW"
20,"1","Other/Unknown","Other/Unknown","3",0.7723,0.2277,"LOW"
21,"1","Other/Unknown","Other/Unknown","3",0.7775,0.2225,"LOW"
22,"1","Other/Unknown","Other/Unknown","3",0.7799,0.2201,"LOW"
23,"1","Other/Unknown","Other/Unknown","3",0.784,0.216,"LOW"
24,"1","Other/Unknown","Other/Unknown","3",0.7875,0.2125,"LOW"
25,"1","Other/Unknown","Other/Unknown","3",0.7895,0.2105,"LOW"
26,"1","Other/Unknown","Other/Unknown","3",0.7927,0.2073,"LOW"
27,"1","Other/Unknown","Other/Unknown","3",0.7945,0.2055,"LOW"
28,"1","Other/Unknown","Other/Unknown","3",0.7949,0.2051,"LOW"
29,"1","Other/Unknown","Other/Unknown","3",0.7967,0.2033,"LOW"
30,"1","Other/Unknown","Other/Unknown","3",0.7995,0.2005,"LOW"
31,"1","Other/Unknown","Other/Unknown","3",0.8001,0.1999,"LOW"
32,"1","Other/Unknown","Other/Unknown","3",0.802,0.198,"LOW"
33,"1","Other/Unknown","Other/Unknown","3",0.8038,0.1962,"LOW"
34,"1","Other/Unknown","Other/Unknown","3",0.8037,0.1963,"LOW"
35,"1","Other/Unknown","Other/Unknown","3",0.8025,0.1975,"LOW"
36,"1","Other/Unknown","Other/Unknown","3",0.8059,0.1941,"LOW"
37,"1","Other/Unknown","Other/Unknown","3",0.8077,0.1923,"LOW"
38,"1","Other/Unknown","Other/Unknown","3",0.8111,0.1889,"LOW"
39,"1","Other/Unknown","Other/Unknown","3",0.8135,0.1865,"LOW"
40,"1","Other/Unknown","Other/Unknown","3",0.8152,0.1848,"LOW"
41,"1","Other/Unknown","Other/Unknown","3",0.8181,0.1819,"LOW"
42,"1","Other/Unknown","Other/Unknown","3",0.818,0.182,"LOW"
43,"1","Other/Unknown","Other/Unknown","3",0.8183,0.1817,"LOW"
44,"1","Other/Unknown","Other/Unknown","3",0.819,0.181,"LOW"
45,"1","Other/Unknown","Other/Unknown","3",0.8208,0.1792,"LOW"
46,"1","Other/Unknown","Other/Unknown","3",0.822,0.178,"LOW"
47,"1","Other/Unknown","Other/Unknown","3",0.8236,0.1764,"LOW"
48,"1","Other/Unknown","Other/Unknown","3",0.8236,0.1764,"LOW"
49,"1","Other/Unknown","Other/Unknown","3",0.8236,0.1764,"LOW"
50,"1","Other/Unknown","Other/Unknown","3",0.8236,0.1764,"LOW"
51,"1","Other/Unknown","Other/Unknown","3",0.8239,0.1761,"LOW"
52,"1","Other/Unknown","Other/Unknown","3",0.8241,0.1759,"LOW"
53,"1","Other/Unknown","Other/Unknown","3",0.8242,0.1758,"LOW"
54,"1","Other/Unknown","Other/Unknown","3",0.8257,0.1743,"LOW"
55,"1","Other/Unknown","Other/Unknown","3",0.8257,0.1743,"LOW"
56,"1","Other/Unknown","Other/Unknown","3",0.8275,0.1725,"LOW"
57,"1","Other/Unknown","Other/Unknown","3",0.8275,0.1725,"LOW"
58,"1","Other/Unknown","Other/Unknown","3",0.8278,0.1722,"LOW"
59,"1","Other/Unknown","Other/Unknown","3",0.8278,0.1722,"LOW"
60,"1","Other/Unknown","Other/Unknown","3",0.8286,0.1714,"LOW"
61,"1","Other/Unknown","Other/Unknown","3",0.8284,0.1716,"LOW"
62,"1","Other/Unknown","Other/Unknown","3",0.8293,0.1707,"LOW"
63,"1","Other/Unknown","Other/Unknown","3",0.8297,0.1703,"LOW"
64,"1","Other/Unknown","Other/Unknown","3",0.8299,0.1701,"LOW"
65,"1","Other/Unknown","Other/Unknown","3",0.8303,0.1697,"LOW"
66,"1","Other/Unknown","Other/Unknown","3",0.8318,0.1682,"LOW"
67,"1","Other/Unknown","Other/Unknown","3",0.8318,0.1682,"LOW"
68,"1","Other/Unknown","Other/Unknown","3",0.8316,0.1684,"LOW"
69,"1","Other/Unknown","Other/Unknown","3",0.8307,0.1693,"LOW"
70,"1","Other/Unknown","Other/Unknown","3",0.831,0.169,"LOW"
71,"1","Other/Unknown","Other/Unknown","3",0.8317,0.1683,"LOW"
72,"1","Other/Unknown","Other/Unknown","3",0.8317,0.1683,"LOW"
73,"1","Other/Unknown","Other/Unknown","3",0.832,0.168,"LOW"
74,"1","Other/Unknown","Other/Unknown","3",0.8321,0.1679,"LOW"
75,"1","Other/Unknown","Other/Unknown","3",0.8322,0.1678,"LOW"
76,"1","Other/Unknown","Other/Unknown","3",0.8336,0.1664,"LOW"
77,"1","Other/Unknown","Other/Unknown","3",0.834,0.166,"LOW"
78,"1","Other/Unknown","Other/Unknown","3",0.834,0.166,"LOW"
79,"1","Other/Unknown","Other/Unknown","3",0.8334,0.1666,"LOW"
80,"1","Other/Unknown","Other/Unknown","3",0.834,0.166,"LOW"
81,"1","Other/Unknown","Other/Unknown","3",0.8305,0.1695,"LOW"
82,"1","Other/Unknown","Other/Unknown","3",0.8311,0.1689,"LOW"
83,"1","Other/Unknown","Other/Unknown","3",0.8339,0.1661,"LOW"
84,"1","Other/Unknown","Other/Unknown","3",0.8344,0.1656,"LOW"
85,"1","Other/Unknown","Other/Unknown","3",0.8336,0.1664,"LOW"
86,"1","Other/Unknown","Other/Unknown","3",0.8361,0.1639,"LOW"
87,"1","Other/Unknown","Other/Unknown","3",0.8372,0.1628,"LOW"
88,"1","Other/Unknown","Other/Unknown","3",0.8372,0.1628,"LOW"
89,"1","Other/Unknown","Other/Unknown","3",0.8385,0.1615,"LOW"
90,"1","Other/Unknown","Other/Unknown","3",0.8387,0.1613,"LOW"
91,"1","Other/Unknown","Other/Unknown","3",0.8387,0.1613,"LOW"
92,"1","Other/Unknown","Other/Unknown","3",0.8387,0.1613,"LOW"
93,"1","Other/Unknown","Other/Unknown","3",0.8387,0.1613,"LOW"
94,"1","Other/Unknown","Other/Unknown","3",0.8387,0.1613,"LOW"
95,"1","Other/Unknown","Other/Unknown","3",0.8387,0.1613,"LOW"
96,"1","Other/Unknown","Other/Unknown","3",0.8387,0.1613,"LOW"
97,"1","Other/Unknown","Other/Unknown","3",0.8387,0.1613,"LOW"
98,"1","Other/Unknown","Other/Unknown","3",0.8387,0.1613,"LOW"
99,"1","Other/Unknown","Other/Unknown","3",0.8387,0.1613,"LOW"
0,"2","Other/Unknown","Other/Unknown","3",0.7622,0.2378,"LOW"
1,"2","Other/Unknown","Other/Unknown","3",0.7538,0.2462,"LOW"
2,"2","Other/Unknown","Other/Unknown","3",0.7499,0.2501,"LOW"
3,"2","Other/Unknown","Other/Unknown","3",0.7481,0.2519,"LOW"
4,"2","Other/Unknown","Other/Unknown","3",0.7558,0.2442,"LOW"
5,"2","Other/Unknown","Other/Unknown","3",0.7589,0.2411,"LOW"
6,"2","Other/Unknown","Other/Unknown","3",0.7622,0.2378,"LOW"
7,"2","Other/Unknown","Other/Unknown","3",0.7643,0.2357,"LOW"
8,"2","Other/Unknown","Other/Unknown","3",0.7647,0.2353,"LOW"
9,"2","Other/Unknown","Other/Unknown","3",0.7665,0.2335,"LOW"
10,"2","Other/Unknown","Other/Unknown","3",0.7666,0.2334,"LOW"
11,"2","Other/Unknown","Other/Unknown","3",0.7672,0.2328,"LOW"
12,"2","Other/Unknown","Other/Unknown","3",0.7712,0.2288,"LOW"
13,"2","Other/Unknown","Other/Unknown","3",0.7693,0.2307,"LOW"
14,"2","Other/Unknown","Other/Unknown","3",0.7696,0.2304,"LOW"
15,"2","Other/Unknown","Other/Unknown","3",0.7702,0.2298,"LOW"
16,"2","Other/Unknown","Other/Unknown","3",0.7683,0.2317,"LOW"
17,"2","Other/Unknown","Other/Unknown","3",0.7678,0.2322,"LOW"
18,"2","Other/Unknown","Other/Unknown","3",0.7724,0.2276,"LOW"
19,"2","Other/Unknown","Other/Unknown","3",0.7752,0.2248,"LOW"
20,"2","Other/Unknown","Other/Unknown","3",0.777,0.223,"LOW"
21,"2","Other/Unknown","Other/Unknown","3",0.7787,0.2213,"LOW"
22,"2","Other/Unknown","Other/Unknown","3",0.7791,0.2209,"LOW"
23,"2","Other/Unknown","Other/Unknown","3",0.7807,0.2193,"LOW"
24,"2","Other/Unknown","Other/Unknown","3",0.7839,0.2161,"LOW"
25,"2","Other/Unknown","Other/Unknown","3",0.7842,0.2158,"LOW"
26,"2","Other/Unknown","Other/Unknown","3",0.7867,0.2133,"LOW"
27,"2","Other/Unknown","Other/Unknown","3",0.7892,0.2108,"LOW"
28,"2","Other/Unknown","Other/Unknown","3",0.7893,0.2107,"LOW"
29,"2","Other/Unknown","Other/Unknown","3",0.7913,0.2087,"LOW"
30,"2","Other/Unknown","Other/Unknown","3",0.7926,0.2074,"LOW"
31,"2","Other/Unknown","Other/Unknown","3",0.7915,0.2085,"LOW"
32,"2","Other/Unknown","Other/Unknown","3",0.7911,0.2089,"LOW"
33,"2","Other/Unknown","Other/Unknown","3",0.7892,0.2108,"LOW"
34,"2","Other/Unknown","Other/Unknown","3",0.7881,0.2119,"LOW"
35,"2","Other/Unknown","Other/Unknown","3",0.7859,0.2141,"LOW"
36,"2","Other/Unknown","Other/Unknown","3",0.7884,0.2116,"LOW"
37,"2","Other/Unknown","Other/Unknown","3",0.7918,0.2082,"LOW"
38,"2","Other/Unknown","Other/Unknown","3",0.7963,0.2037,"LOW"
39,"2","Other/Unknown","Other/Unknown","3",0.7977,0.2023,"LOW"
40,"2","Other/Unknown","Other/Unknown","3",0.7994,0.2006,"LOW"
41,"2","Other/Unknown","Other/Unknown","3",0.8052,0.1948,"LOW"
42,"2","Other/Unknown","Other/Unknown","3",0.8078,0.1922,"LOW"
43,"2","Other/Unknown","Other/Unknown","3",0.809,0.191,"LOW"
44,"2","Other/Unknown","Other/Unknown","3",0.8086,0.1914,"LOW"
45,"2","Other/Unknown","Other/Unknown","3",0.8104,0.1896,"LOW"
46,"2","Other/Unknown","Other/Unknown","3",0.8133,0.1867,"LOW"
47,"2","Other/Unknown","Other/Unknown","3",0.8154,0.1846,"LOW"
48,"2","Other/Unknown","Other/Unknown","3",0.8156,0.1844,"LOW"
49,"2","Other/Unknown","Other/Unknown","3",0.8156,0.1844,"LOW"
50,"2","Other/Unknown","Other/Unknown","3",0.8159,0.1841,"LOW"
51,"2","Other/Unknown","Other/Unknown","3",0.8157,0.1843,"LOW"
52,"2","Other/Unknown","Other/Unknown","3",0.8157,0.1843,"LOW"
53,"2","Other/Unknown","Other/Unknown","3",0.815,0.185,"LOW"
54,"2","Other/Unknown","Other/Unknown","3",0.815,0.185,"LOW"
55,"2","Other/Unknown","Other/Unknown","3",0.8152,0.1848,"LOW"
56,"2","Other/Unknown","Other/Unknown","3",0.8147,0.1853,"LOW"
57,"2","Other/Unknown","Other/Unknown","3",0.8126,0.1874,"LOW"
58,"2","Other/Unknown","Other/Unknown","3",0.8116,0.1884,"LOW"
59,"2","Other/Unknown","Other/Unknown","3",0.8134,0.1866,"LOW"
60,"2","Other/Unknown","Other/Unknown","3",0.8141,0.1859,"LOW"
61,"2","Other/Unknown","Other/Unknown","3",0.8151,0.1849,"LOW"
62,"2","Other/Unknown","Other/Unknown","3",0.8189,0.1811,"LOW"
63,"2","Other/Unknown","Other/Unknown","3",0.8205,0.1795,"LOW"
64,"2","Other/Unknown","Other/Unknown","3",0.8206,0.1794,"LOW"
65,"2","Other/Unknown","Other/Unknown","3",0.8215,0.1785,"LOW"
66,"2","Other/Unknown","Other/Unknown","3",0.8224,0.1776,"LOW"
67,"2","Other/Unknown","Other/Unknown","3",0.8218,0.1782,"LOW"
68,"2","Other/Unknown","Other/Unknown","3",0.8223,0.1777,"LOW"
69,"2","Other/Unknown","Other/Unknown","3",0.8214,0.1786,"LOW"
70,"2","Other/Unknown","Other/Unknown","3",0.8226,0.1774,"LOW"
71,"2","Other/Unknown","Other/Unknown","3",0.825,0.175,"LOW"
72,"2","Other/Unknown","Other/Unknown","3",0.8249,0.1751,"LOW"
73,"2","Other/Unknown","Other/Unknown","3",0.8266,0.1734,"LOW"
74,"2","Other/Unknown","Other/Unknown","3",0.8262,0.1738,"LOW"
75,"2","Other/Unknown","Other/Unknown","3",0.8262,0.1738,"LOW"
76,"2","Other/Unknown","Other/Unknown","3",0.8244,0.1756,"LOW"
77,"2","Other/Unknown","Other/Unknown","3",0.8247,0.1753,"LOW"
78,"2","Other/Unknown","Other/Unknown","3",0.8253,0.1747,"LOW"
79,"2","Other/Unknown","Other/Unknown","3",0.8258,0.1742,"LOW"
80,"2","Other/Unknown","Other/Unknown","3",0.8249,0.1751,"LOW"
81,"2","Other/Unknown","Other/Unknown","3",0.8234,0.1766,"LOW"
82,"2","Other/Unknown","Other/Unknown","3",0.8206,0.1794,"LOW"
83,"2","Other/Unknown","Other/Unknown","3",0.8248,0.1752,"LOW"
84,"2","Other/Unknown","Other/Unknown","3",0.8296,0.1704,"LOW"
85,"2","Other/Unknown","Other/Unknown","3",0.8288,0.1712,"LOW"
86,"2","Other/Unknown","Other/Unknown","3",0.8318,0.1682,"LOW"
87,"2","Other/Unknown","Other/Unknown","3",0.8339,0.1661,"LOW"
88,"2","Other/Unknown","Other/Unknown","3",0.8343,0.1657,"LOW"
89,"2","Other/Unknown","Other/Unknown","3",0.8357,0.1643,"LOW"
90,"2","Other/Unknown","Other/Unknown","3",0.8363,0.1637,"LOW"
91,"2","Other/Unknown","Other/Unknown","3",0.8363,0.1637,"LOW"
92,"2","Other/Unknown","Other/Unknown","3",0.8363,0.1637,"LOW"
93,"2","Other/Unknown","Other/Unknown","3",0.8363,0.1637,"LOW"
94,"2","Other/Unknown","Other/Unknown","3",0.8363,0.1637,"LOW"
95,"2","Other/Unknown","Other/Unknown","3",0.8363,0.1637,"LOW"
96,"2","Other/Unknown","Other/Unknown","3",0.8363,0.1637,"LOW"
97,"2","Other/Unknown","Other/Unknown","3",0.8363,0.1637,"LOW"
98,"2","Other/Unknown","Other/Unknown","3",0.8363,0.1637,"LOW"
99,"2","Other/Unknown","Other/Unknown","3",0.8363,0.1637,"LOW"
0,"1","N0","T1","3",0.917,0.083,"LOW"
1,"1","N0","T1","3",0.9141,0.0859,"LOW"
2,"1","N0","T1","3",0.9094,0.0906,"LOW"
3,"1","N0","T1","3",0.8947,0.1053,"LOW"
4,"1","N0","T1","3",0.9002,0.0998,"LOW"
5,"1","N0","T1","3",0.9061,0.0939,"LOW"
6,"1","N0","T1","3",0.9095,0.0905,"LOW"
7,"1","N0","T1","3",0.9104,0.0896,"LOW"
8,"1","N0","T1","3",0.9093,0.0907,"LOW"
9,"1","N0","T1","3",0.9094,0.0906,"LOW"
10,"1","N0","T1","3",0.9167,0.0833,"LOW"
11,"1","N0","T1","3",0.9166,0.0834,"LOW"
12,"1","N0","T1","3",0.9202,0.0798,"LOW"
13,"1","N0","T1","3",0.9243,0.0757,"LOW"
14,"1","N0","T1","3",0.9247,0.0753,"LOW"
15,"1","N0","T1","3",0.9246,0.0754,"LOW"
16,"1","N0","T1","3",0.9245,0.0755,"LOW"
17,"1","N0","T1","3",0.9274,0.0726,"LOW"
18,"1","N0","T1","3",0.9294,0.0706,"LOW"
19,"1","N0","T1","3",0.9306,0.0694,"LOW"
20,"1","N0","T1","3",0.9284,0.0716,"LOW"
21,"1","N0","T1","3",0.9274,0.0726,"LOW"
22,"1","N0","T1","3",0.9294,0.0706,"LOW"
23,"1","N0","T1","3",0.9291,0.0709,"LOW"
24,"1","N0","T1","3",0.9292,0.0708,"LOW"
25,"1","N0","T1","3",0.9314,0.0686,"LOW"
26,"1","N0","T1","3",0.9317,0.0683,"LOW"
27,"1","N0","T1","3",0.9313,0.0687,"LOW"
28,"1","N0","T1","3",0.931,0.069,"LOW"
29,"1","N0","T1","3",0.9314,0.0686,"LOW"
30,"1","N0","T1","3",0.9309,0.0691,"LOW"
31,"1","N0","T1","3",0.9304,0.0696,"LOW"
32,"1","N0","T1","3",0.9307,0.0693,"LOW"
33,"1","N0","T1","3",0.9295,0.0705,"LOW"
34,"1","N0","T1","3",0.9306,0.0694,"LOW"
35,"1","N0","T1","3",0.9329,0.0671,"LOW"
36,"1","N0","T1","3",0.9331,0.0669,"LOW"
37,"1","N0","T1","3",0.9337,0.0663,"LOW"
38,"1","N0","T1","3",0.9368,0.0632,"LOW"
39,"1","N0","T1","3",0.9387,0.0613,"LOW"
40,"1","N0","T1","3",0.9393,0.0607,"LOW"
41,"1","N0","T1","3",0.9393,0.0607,"LOW"
42,"1","N0","T1","3",0.9387,0.0613,"LOW"
43,"1","N0","T1","3",0.9391,0.0609,"LOW"
44,"1","N0","T1","3",0.9396,0.0604,"LOW"
45,"1","N0","T1","3",0.9398,0.0602,"LOW"
46,"1","N0","T1","3",0.9403,0.0597,"LOW"
47,"1","N0","T1","3",0.9409,0.0591,"LOW"
48,"1","N0","T1","3",0.9405,0.0595,"LOW"
49,"1","N0","T1","3",0.9412,0.0588,"LOW"
50,"1","N0","T1","3",0.9413,0.0587,"LOW"
51,"1","N0","T1","3",0.9416,0.0584,"LOW"
52,"1","N0","T1","3",0.9409,0.0591,"LOW"
53,"1","N0","T1","3",0.941,0.059,"LOW"
54,"1","N0","T1","3",0.9412,0.0588,"LOW"
55,"1","N0","T1","3",0.9414,0.0586,"LOW"
56,"1","N0","T1","3",0.9409,0.0591,"LOW"
57,"1","N0","T1","3",0.9412,0.0588,"LOW"
58,"1","N0","T1","3",0.9412,0.0588,"LOW"
59,"1","N0","T1","3",0.9399,0.0601,"LOW"
60,"1","N0","T1","3",0.9398,0.0602,"LOW"
61,"1","N0","T1","3",0.9401,0.0599,"LOW"
62,"1","N0","T1","3",0.9401,0.0599,"LOW"
63,"1","N0","T1","3",0.9395,0.0605,"LOW"
64,"1","N0","T1","3",0.9399,0.0601,"LOW"
65,"1","N0","T1","3",0.9398,0.0602,"LOW"
66,"1","N0","T1","3",0.9396,0.0604,"LOW"
67,"1","N0","T1","3",0.9397,0.0603,"LOW"
68,"1","N0","T1","3",0.9397,0.0603,"LOW"
69,"1","N0","T1","3",0.9395,0.0605,"LOW"
70,"1","N0","T1","3",0.9393,0.0607,"LOW"
71,"1","N0","T1","3",0.9386,0.0614,"LOW"
72,"1","N0","T1","3",0.9381,0.0619,"LOW"
73,"1","N0","T1","3",0.9378,0.0622,"LOW"
74,"1","N0","T1","3",0.9376,0.0624,"LOW"
75,"1","N0","T1","3",0.9377,0.0623,"LOW"
76,"1","N0","T1","3",0.9365,0.0635,"LOW"
77,"1","N0","T1","3",0.9365,0.0635,"LOW"
78,"1","N0","T1","3",0.9367,0.0633,"LOW"
79,"1","N0","T1","3",0.9363,0.0637,"LOW"
80,"1","N0","T1","3",0.9363,0.0637,"LOW"
81,"1","N0","T1","3",0.9358,0.0642,"LOW"
82,"1","N0","T1","3",0.9371,0.0629,"LOW"
83,"1","N0","T1","3",0.9386,0.0614,"LOW"
84,"1","N0","T1","3",0.9385,0.0615,"LOW"
85,"1","N0","T1","3",0.9383,0.0617,"LOW"
86,"1","N0","T1","3",0.9365,0.0635,"LOW"
87,"1","N0","T1","3",0.9381,0.0619,"LOW"
88,"1","N0","T1","3",0.9382,0.0618,"LOW"
89,"1","N0","T1","3",0.9387,0.0613,"LOW"
90,"1","N0","T1","3",0.9391,0.0609,"LOW"
91,"1","N0","T1","3",0.9391,0.0609,"LOW"
92,"1","N0","T1","3",0.9391,0.0609,"LOW"
93,"1","N0","T1","3",0.9391,0.0609,"LOW"
94,"1","N0","T1","3",0.9391,0.0609,"LOW"
95,"1","N0","T1","3",0.9391,0.0609,"LOW"
96,"1","N0","T1","3",0.9391,0.0609,"LOW"
97,"1","N0","T1","3",0.9391,0.0609,"LOW"
98,"1","N0","T1","3",0.9391,0.0609,"LOW"
99,"1","N0","T1","3",0.9391,0.0609,"LOW"
0,"2","N0","T1","3",0.9196,0.0804,"LOW"
1,"2","N0","T1","3",0.9176,0.0824,"LOW"
2,"2","N0","T1","3",0.914,0.086,"LOW"
3,"2","N0","T1","3",0.9019,0.0981,"LOW"
4,"2","N0","T1","3",0.9103,0.0897,"LOW"
5,"2","N0","T1","3",0.9108,0.0892,"LOW"
6,"2","N0","T1","3",0.9105,0.0895,"LOW"
7,"2","N0","T1","3",0.914,0.086,"LOW"
8,"2","N0","T1","3",0.9151,0.0849,"LOW"
9,"2","N0","T1","3",0.9158,0.0842,"LOW"
10,"2","N0","T1","3",0.92,0.08,"LOW"
11,"2","N0","T1","3",0.9218,0.0782,"LOW"
12,"2","N0","T1","3",0.9244,0.0756,"LOW"
13,"2","N0","T1","3",0.9274,0.0726,"LOW"
14,"2","N0","T1","3",0.9284,0.0716,"LOW"
15,"2","N0","T1","3",0.9286,0.0714,"LOW"
16,"2","N0","T1","3",0.9277,0.0723,"LOW"
17,"2","N0","T1","3",0.9274,0.0726,"LOW"
18,"2","N0","T1","3",0.9298,0.0702,"LOW"
19,"2","N0","T1","3",0.9308,0.0692,"LOW"
20,"2","N0","T1","3",0.9305,0.0695,"LOW"
21,"2","N0","T1","3",0.9293,0.0707,"LOW"
22,"2","N0","T1","3",0.9307,0.0693,"LOW"
23,"2","N0","T1","3",0.931,0.069,"LOW"
24,"2","N0","T1","3",0.9311,0.0689,"LOW"
25,"2","N0","T1","3",0.931,0.069,"LOW"
26,"2","N0","T1","3",0.9318,0.0682,"LOW"
27,"2","N0","T1","3",0.9319,0.0681,"LOW"
28,"2","N0","T1","3",0.9324,0.0676,"LOW"
29,"2","N0","T1","3",0.9331,0.0669,"LOW"
30,"2","N0","T1","3",0.933,0.067,"LOW"
31,"2","N0","T1","3",0.9326,0.0674,"LOW"
32,"2","N0","T1","3",0.9336,0.0664,"LOW"
33,"2","N0","T1","3",0.9333,0.0667,"LOW"
34,"2","N0","T1","3",0.9321,0.0679,"LOW"
35,"2","N0","T1","3",0.9334,0.0666,"LOW"
36,"2","N0","T1","3",0.9331,0.0669,"LOW"
37,"2","N0","T1","3",0.9349,0.0651,"LOW"
38,"2","N0","T1","3",0.936,0.064,"LOW"
39,"2","N0","T1","3",0.9391,0.0609,"LOW"
40,"2","N0","T1","3",0.9398,0.0602,"LOW"
41,"2","N0","T1","3",0.9397,0.0603,"LOW"
42,"2","N0","T1","3",0.9402,0.0598,"LOW"
43,"2","N0","T1","3",0.9406,0.0594,"LOW"
44,"2","N0","T1","3",0.9405,0.0595,"LOW"
45,"2","N0","T1","3",0.9406,0.0594,"LOW"
46,"2","N0","T1","3",0.9408,0.0592,"LOW"
47,"2","N0","T1","3",0.9409,0.0591,"LOW"
48,"2","N0","T1","3",0.9405,0.0595,"LOW"
49,"2","N0","T1","3",0.9403,0.0597,"LOW"
50,"2","N0","T1","3",0.9397,0.0603,"LOW"
51,"2","N0","T1","3",0.9398,0.0602,"LOW"
52,"2","N0","T1","3",0.9391,0.0609,"LOW"
53,"2","N0","T1","3",0.9394,0.0606,"LOW"
54,"2","N0","T1","3",0.9387,0.0613,"LOW"
55,"2","N0","T1","3",0.9385,0.0615,"LOW"
56,"2","N0","T1","3",0.9376,0.0624,"LOW"
57,"2","N0","T1","3",0.9377,0.0623,"LOW"
58,"2","N0","T1","3",0.9381,0.0619,"LOW"
59,"2","N0","T1","3",0.937,0.063,"LOW"
60,"2","N0","T1","3",0.9369,0.0631,"LOW"
61,"2","N0","T1","3",0.9369,0.0631,"LOW"
62,"2","N0","T1","3",0.9374,0.0626,"LOW"
63,"2","N0","T1","3",0.9376,0.0624,"LOW"
64,"2","N0","T1","3",0.9372,0.0628,"LOW"
65,"2","N0","T1","3",0.9366,0.0634,"LOW"
66,"2","N0","T1","3",0.9359,0.0641,"LOW"
67,"2","N0","T1","3",0.9357,0.0643,"LOW"
68,"2","N0","T1","3",0.9359,0.0641,"LOW"
69,"2","N0","T1","3",0.9353,0.0647,"LOW"
70,"2","N0","T1","3",0.9352,0.0648,"LOW"
71,"2","N0","T1","3",0.9347,0.0653,"LOW"
72,"2","N0","T1","3",0.9341,0.0659,"LOW"
73,"2","N0","T1","3",0.9331,0.0669,"LOW"
74,"2","N0","T1","3",0.9328,0.0672,"LOW"
75,"2","N0","T1","3",0.9319,0.0681,"LOW"
76,"2","N0","T1","3",0.9293,0.0707,"LOW"
77,"2","N0","T1","3",0.9294,0.0706,"LOW"
78,"2","N0","T1","3",0.9296,0.0704,"LOW"
79,"2","N0","T1","3",0.9297,0.0703,"LOW"
80,"2","N0","T1","3",0.9301,0.0699,"LOW"
81,"2","N0","T1","3",0.93,0.07,"LOW"
82,"2","N0","T1","3",0.9307,0.0693,"LOW"
83,"2","N0","T1","3",0.9322,0.0678,"LOW"
84,"2","N0","T1","3",0.9342,0.0658,"LOW"
85,"2","N0","T1","3",0.9333,0.0667,"LOW"
86,"2","N0","T1","3",0.9315,0.0685,"LOW"
87,"2","N0","T1","3",0.9331,0.0669,"LOW"
88,"2","N0","T1","3",0.933,0.067,"LOW"
89,"2","N0","T1","3",0.9337,0.0663,"LOW"
90,"2","N0","T1","3",0.9345,0.0655,"LOW"
91,"2","N0","T1","3",0.9345,0.0655,"LOW"
92,"2","N0","T1","3",0.9345,0.0655,"LOW"
93,"2","N0","T1","3",0.9345,0.0655,"LOW"
94,"2","N0","T1","3",0.9345,0.0655,"LOW"
95,"2","N0","T1","3",0.9345,0.0655,"LOW"
96,"2","N0","T1","3",0.9345,0.0655,"LOW"
97,"2","N0","T1","3",0.9345,0.0655,"LOW"
98,"2","N0","T1","3",0.9345,0.0655,"LOW"
99,"2","N0","T1","3",0.9345,0.0655,"LOW"
0,"1","N1","T1","3",0.7354,0.2646,"LOW"
1,"1","N1","T1","3",0.7352,0.2648,"LOW"
2,"1","N1","T1","3",0.7285,0.2715,"LOW"
3,"1","N1","T1","3",0.7212,0.2788,"LOW"
4,"1","N1","T1","3",0.7218,0.2782,"LOW"
5,"1","N1","T1","3",0.7254,0.2746,"LOW"
6,"1","N1","T1","3",0.7283,0.2717,"LOW"
7,"1","N1","T1","3",0.7298,0.2702,"LOW"
8,"1","N1","T1","3",0.7251,0.2749,"LOW"
9,"1","N1","T1","3",0.7255,0.2745,"LOW"
10,"1","N1","T1","3",0.7244,0.2756,"LOW"
11,"1","N1","T1","3",0.7188,0.2812,"LOW"
12,"1","N1","T1","3",0.7193,0.2807,"LOW"
13,"1","N1","T1","3",0.7163,0.2837,"LOW"
14,"1","N1","T1","3",0.7144,0.2856,"LOW"
15,"1","N1","T1","3",0.7144,0.2856,"LOW"
16,"1","N1","T1","3",0.7134,0.2866,"LOW"
17,"1","N1","T1","3",0.7145,0.2855,"LOW"
18,"1","N1","T1","3",0.7167,0.2833,"LOW"
19,"1","N1","T1","3",0.7168,0.2832,"LOW"
20,"1","N1","T1","3",0.7148,0.2852,"LOW"
21,"1","N1","T1","3",0.7136,0.2864,"LOW"
22,"1","N1","T1","3",0.7139,0.2861,"LOW"
23,"1","N1","T1","3",0.7102,0.2898,"LOW"
24,"1","N1","T1","3",0.7047,0.2953,"LOW"
25,"1","N1","T1","3",0.7047,0.2953,"LOW"
26,"1","N1","T1","3",0.7043,0.2957,"LOW"
27,"1","N1","T1","3",0.7044,0.2956,"LOW"
28,"1","N1","T1","3",0.7049,0.2951,"LOW"
29,"1","N1","T1","3",0.7063,0.2937,"LOW"
30,"1","N1","T1","3",0.7008,0.2992,"LOW"
31,"1","N1","T1","3",0.6988,0.3012,"LOW"
32,"1","N1","T1","3",0.6981,0.3019,"LOW"
33,"1","N1","T1","3",0.6978,0.3022,"LOW"
34,"1","N1","T1","3",0.6963,0.3037,"LOW"
35,"1","N1","T1","3",0.6927,0.3073,"LOW"
36,"1","N1","T1","3",0.6897,0.3103,"LOW"
37,"1","N1","T1","3",0.6852,0.3148,"LOW"
38,"1","N1","T1","3",0.6857,0.3143,"LOW"
39,"1","N1","T1","3",0.6838,0.3162,"LOW"
40,"1","N1","T1","3",0.6818,0.3182,"LOW"
41,"1","N1","T1","3",0.6814,0.3186,"LOW"
42,"1","N1","T1","3",0.6812,0.3188,"LOW"
43,"1","N1","T1","3",0.6795,0.3205,"LOW"
44,"1","N1","T1","3",0.6796,0.3204,"LOW"
45,"1","N1","T1","3",0.6814,0.3186,"LOW"
46,"1","N1","T1","3",0.6813,0.3187,"LOW"
47,"1","N1","T1","3",0.682,0.318,"LOW"
48,"1","N1","T1","3",0.6805,0.3195,"LOW"
49,"1","N1","T1","3",0.677,0.323,"LOW"
50,"1","N1","T1","3",0.6769,0.3231,"LOW"
51,"1","N1","T1","3",0.6733,0.3267,"LOW"
52,"1","N1","T1","3",0.6744,0.3256,"LOW"
53,"1","N1","T1","3",0.6742,0.3258,"LOW"
54,"1","N1","T1","3",0.6734,0.3266,"LOW"
55,"1","N1","T1","3",0.6718,0.3282,"LOW"
56,"1","N1","T1","3",0.6705,0.3295,"LOW"
57,"1","N1","T1","3",0.6688,0.3312,"LOW"
58,"1","N1","T1","3",0.6673,0.3327,"LOW"
59,"1","N1","T1","3",0.6646,0.3354,"LOW"
60,"1","N1","T1","3",0.6653,0.3347,"LOW"
61,"1","N1","T1","3",0.6652,0.3348,"LOW"
62,"1","N1","T1","3",0.6675,0.3325,"LOW"
63,"1","N1","T1","3",0.6668,0.3332,"LOW"
64,"1","N1","T1","3",0.6684,0.3316,"LOW"
65,"1","N1","T1","3",0.6684,0.3316,"LOW"
66,"1","N1","T1","3",0.668,0.332,"LOW"
67,"1","N1","T1","3",0.6663,0.3337,"LOW"
68,"1","N1","T1","3",0.6659,0.3341,"LOW"
69,"1","N1","T1","3",0.6668,0.3332,"LOW"
70,"1","N1","T1","3",0.669,0.331,"LOW"
71,"1","N1","T1","3",0.6689,0.3311,"LOW"
72,"1","N1","T1","3",0.6689,0.3311,"LOW"
73,"1","N1","T1","3",0.6717,0.3283,"LOW"
74,"1","N1","T1","3",0.6697,0.3303,"LOW"
75,"1","N1","T1","3",0.6668,0.3332,"LOW"
76,"1","N1","T1","3",0.6648,0.3352,"LOW"
77,"1","N1","T1","3",0.6619,0.3381,"LOW"
78,"1","N1","T1","3",0.6633,0.3367,"LOW"
79,"1","N1","T1","3",0.6632,0.3368,"LOW"
80,"1","N1","T1","3",0.664,0.336,"LOW"
81,"1","N1","T1","3",0.665,0.335,"LOW"
82,"1","N1","T1","3",0.6678,0.3322,"LOW"
83,"1","N1","T1","3",0.6698,0.3302,"LOW"
84,"1","N1","T1","3",0.6679,0.3321,"LOW"
85,"1","N1","T1","3",0.668,0.332,"LOW"
86,"1","N1","T1","3",0.672,0.328,"LOW"
87,"1","N1","T1","3",0.6727,0.3273,"LOW"
88,"1","N1","T1","3",0.6737,0.3263,"LOW"
89,"1","N1","T1","3",0.6749,0.3251,"LOW"
90,"1","N1","T1","3",0.6749,0.3251,"LOW"
91,"1","N1","T1","3",0.6749,0.3251,"LOW"
92,"1","N1","T1","3",0.6749,0.3251,"LOW"
93,"1","N1","T1","3",0.6749,0.3251,"LOW"
94,"1","N1","T1","3",0.6749,0.3251,"LOW"
95,"1","N1","T1","3",0.6749,0.3251,"LOW"
96,"1","N1","T1","3",0.6749,0.3251,"LOW"
97,"1","N1","T1","3",0.6749,0.3251,"LOW"
98,"1","N1","T1","3",0.6749,0.3251,"LOW"
99,"1","N1","T1","3",0.6749,0.3251,"LOW"
0,"2","N1","T1","3",0.7952,0.2048,"LOW"
1,"2","N1","T1","3",0.7956,0.2044,"LOW"
2,"2","N1","T1","3",0.792,0.208,"LOW"
3,"2","N1","T1","3",0.7827,0.2173,"LOW"
4,"2","N1","T1","3",0.7827,0.2173,"LOW"
5,"2","N1","T1","3",0.7794,0.2206,"LOW"
6,"2","N1","T1","3",0.78,0.22,"LOW"
7,"2","N1","T1","3",0.7835,0.2165,"LOW"
8,"2","N1","T1","3",0.7809,0.2191,"LOW"
9,"2","N1","T1","3",0.7817,0.2183,"LOW"
10,"2","N1","T1","3",0.7828,0.2172,"LOW"
11,"2","N1","T1","3",0.7753,0.2247,"LOW"
12,"2","N1","T1","3",0.7767,0.2233,"LOW"
13,"2","N1","T1","3",0.7765,0.2235,"LOW"
14,"2","N1","T1","3",0.7746,0.2254,"LOW"
15,"2","N1","T1","3",0.7746,0.2254,"LOW"
16,"2","N1","T1","3",0.7722,0.2278,"LOW"
17,"2","N1","T1","3",0.7734,0.2266,"LOW"
18,"2","N1","T1","3",0.7756,0.2244,"LOW"
19,"2","N1","T1","3",0.7755,0.2245,"LOW"
20,"2","N1","T1","3",0.7735,0.2265,"LOW"
21,"2","N1","T1","3",0.7737,0.2263,"LOW"
22,"2","N1","T1","3",0.7741,0.2259,"LOW"
23,"2","N1","T1","3",0.7715,0.2285,"LOW"
24,"2","N1","T1","3",0.7683,0.2317,"LOW"
25,"2","N1","T1","3",0.7715,0.2285,"LOW"
26,"2","N1","T1","3",0.7728,0.2272,"LOW"
27,"2","N1","T1","3",0.7712,0.2288,"LOW"
28,"2","N1","T1","3",0.773,0.227,"LOW"
29,"2","N1","T1","3",0.7747,0.2253,"LOW"
30,"2","N1","T1","3",0.7728,0.2272,"LOW"
31,"2","N1","T1","3",0.771,0.229,"LOW"
32,"2","N1","T1","3",0.7703,0.2297,"LOW"
33,"2","N1","T1","3",0.7698,0.2302,"LOW"
34,"2","N1","T1","3",0.7682,0.2318,"LOW"
35,"2","N1","T1","3",0.765,0.235,"LOW"
36,"2","N1","T1","3",0.7625,0.2375,"LOW"
37,"2","N1","T1","3",0.7632,0.2368,"LOW"
38,"2","N1","T1","3",0.7628,0.2372,"LOW"
39,"2","N1","T1","3",0.7619,0.2381,"LOW"
40,"2","N1","T1","3",0.76,0.24,"LOW"
41,"2","N1","T1","3",0.7592,0.2408,"LOW"
42,"2","N1","T1","3",0.7601,0.2399,"LOW"
43,"2","N1","T1","3",0.7591,0.2409,"LOW"
44,"2","N1","T1","3",0.7579,0.2421,"LOW"
45,"2","N1","T1","3",0.7578,0.2422,"LOW"
46,"2","N1","T1","3",0.7585,0.2415,"LOW"
47,"2","N1","T1","3",0.7597,0.2403,"LOW"
48,"2","N1","T1","3",0.7608,0.2392,"LOW"
49,"2","N1","T1","3",0.7611,0.2389,"LOW"
50,"2","N1","T1","3",0.761,0.239,"LOW"
51,"2","N1","T1","3",0.757,0.243,"LOW"
52,"2","N1","T1","3",0.758,0.242,"LOW"
53,"2","N1","T1","3",0.758,0.242,"LOW"
54,"2","N1","T1","3",0.7586,0.2414,"LOW"
55,"2","N1","T1","3",0.7566,0.2434,"LOW"
56,"2","N1","T1","3",0.7543,0.2457,"LOW"
57,"2","N1","T1","3",0.7523,0.2477,"LOW"
58,"2","N1","T1","3",0.7508,0.2492,"LOW"
59,"2","N1","T1","3",0.7481,0.2519,"LOW"
60,"2","N1","T1","3",0.7474,0.2526,"LOW"
61,"2","N1","T1","3",0.7477,0.2523,"LOW"
62,"2","N1","T1","3",0.7494,0.2506,"LOW"
63,"2","N1","T1","3",0.7478,0.2522,"LOW"
64,"2","N1","T1","3",0.7473,0.2527,"LOW"
65,"2","N1","T1","3",0.744,0.256,"LOW"
66,"2","N1","T1","3",0.7433,0.2567,"LOW"
67,"2","N1","T1","3",0.7433,0.2567,"LOW"
68,"2","N1","T1","3",0.7431,0.2569,"LOW"
69,"2","N1","T1","3",0.7406,0.2594,"LOW"
70,"2","N1","T1","3",0.7409,0.2591,"LOW"
71,"2","N1","T1","3",0.7408,0.2592,"LOW"
72,"2","N1","T1","3",0.7387,0.2613,"LOW"
73,"2","N1","T1","3",0.7387,0.2613,"LOW"
74,"2","N1","T1","3",0.7385,0.2615,"LOW"
75,"2","N1","T1","3",0.7353,0.2647,"LOW"
76,"2","N1","T1","3",0.7353,0.2647,"LOW"
77,"2","N1","T1","3",0.7344,0.2656,"LOW"
78,"2","N1","T1","3",0.7333,0.2667,"LOW"
79,"2","N1","T1","3",0.7332,0.2668,"LOW"
80,"2","N1","T1","3",0.734,0.266,"LOW"
81,"2","N1","T1","3",0.734,0.266,"LOW"
82,"2","N1","T1","3",0.7365,0.2635,"LOW"
83,"2","N1","T1","3",0.7365,0.2635,"LOW"
84,"2","N1","T1","3",0.7368,0.2632,"LOW"
85,"2","N1","T1","3",0.7369,0.2631,"LOW"
86,"2","N1","T1","3",0.7404,0.2596,"LOW"
87,"2","N1","T1","3",0.7412,0.2588,"LOW"
88,"2","N1","T1","3",0.741,0.259,"LOW"
89,"2","N1","T1","3",0.7426,0.2574,"LOW"
90,"2","N1","T1","3",0.7455,0.2545,"LOW"
91,"2","N1","T1","3",0.7455,0.2545,"LOW"
92,"2","N1","T1","3",0.7455,0.2545,"LOW"
93,"2","N1","T1","3",0.7455,0.2545,"LOW"
94,"2","N1","T1","3",0.7455,0.2545,"LOW"
95,"2","N1","T1","3",0.7455,0.2545,"LOW"
96,"2","N1","T1","3",0.7455,0.2545,"LOW"
97,"2","N1","T1","3",0.7455,0.2545,"LOW"
98,"2","N1","T1","3",0.7455,0.2545,"LOW"
99,"2","N1","T1","3",0.7455,0.2545,"LOW"
0,"1","Other/Unknown","T1","3",0.7813,0.2187,"LOW"
1,"1","Other/Unknown","T1","3",0.7821,0.2179,"LOW"
2,"1","Other/Unknown","T1","3",0.7753,0.2247,"LOW"
3,"1","Other/Unknown","T1","3",0.766,0.234,"LOW"
4,"1","Other/Unknown","T1","3",0.7755,0.2245,"LOW"
5,"1","Other/Unknown","T1","3",0.7822,0.2178,"LOW"
6,"1","Other/Unknown","T1","3",0.7876,0.2124,"LOW"
7,"1","Other/Unknown","T1","3",0.7878,0.2122,"LOW"
8,"1","Other/Unknown","T1","3",0.7883,0.2117,"LOW"
9,"1","Other/Unknown","T1","3",0.789,0.211,"LOW"
10,"1","Other/Unknown","T1","3",0.7899,0.2101,"LOW"
11,"1","Other/Unknown","T1","3",0.7918,0.2082,"LOW"
12,"1","Other/Unknown","T1","3",0.7959,0.2041,"LOW"
13,"1","Other/Unknown","T1","3",0.8013,0.1987,"LOW"
14,"1","Other/Unknown","T1","3",0.8011,0.1989,"LOW"
15,"1","Other/Unknown","T1","3",0.8056,0.1944,"LOW"
16,"1","Other/Unknown","T1","3",0.8046,0.1954,"LOW"
17,"1","Other/Unknown","T1","3",0.8057,0.1943,"LOW"
18,"1","Other/Unknown","T1","3",0.8107,0.1893,"LOW"
19,"1","Other/Unknown","T1","3",0.8126,0.1874,"LOW"
20,"1","Other/Unknown","T1","3",0.811,0.189,"LOW"
21,"1","Other/Unknown","T1","3",0.8105,0.1895,"LOW"
22,"1","Other/Unknown","T1","3",0.8125,0.1875,"LOW"
23,"1","Other/Unknown","T1","3",0.816,0.184,"LOW"
24,"1","Other/Unknown","T1","3",0.8166,0.1834,"LOW"
25,"1","Other/Unknown","T1","3",0.8219,0.1781,"LOW"
26,"1","Other/Unknown","T1","3",0.8227,0.1773,"LOW"
27,"1","Other/Unknown","T1","3",0.8236,0.1764,"LOW"
28,"1","Other/Unknown","T1","3",0.8235,0.1765,"LOW"
29,"1","Other/Unknown","T1","3",0.8248,0.1752,"LOW"
30,"1","Other/Unknown","T1","3",0.8264,0.1736,"LOW"
31,"1","Other/Unknown","T1","3",0.8286,0.1714,"LOW"
32,"1","Other/Unknown","T1","3",0.8335,0.1665,"LOW"
33,"1","Other/Unknown","T1","3",0.8366,0.1634,"LOW"
34,"1","Other/Unknown","T1","3",0.8377,0.1623,"LOW"
35,"1","Other/Unknown","T1","3",0.8382,0.1618,"LOW"
36,"1","Other/Unknown","T1","3",0.8407,0.1593,"LOW"
37,"1","Other/Unknown","T1","3",0.8425,0.1575,"LOW"
38,"1","Other/Unknown","T1","3",0.8445,0.1555,"LOW"
39,"1","Other/Unknown","T1","3",0.8512,0.1488,"LOW"
40,"1","Other/Unknown","T1","3",0.852,0.148,"LOW"
41,"1","Other/Unknown","T1","3",0.8531,0.1469,"LOW"
42,"1","Other/Unknown","T1","3",0.8541,0.1459,"LOW"
43,"1","Other/Unknown","T1","3",0.8541,0.1459,"LOW"
44,"1","Other/Unknown","T1","3",0.8543,0.1457,"LOW"
45,"1","Other/Unknown","T1","3",0.8544,0.1456,"LOW"
46,"1","Other/Unknown","T1","3",0.8554,0.1446,"LOW"
47,"1","Other/Unknown","T1","3",0.8556,0.1444,"LOW"
48,"1","Other/Unknown","T1","3",0.8552,0.1448,"LOW"
49,"1","Other/Unknown","T1","3",0.8562,0.1438,"LOW"
50,"1","Other/Unknown","T1","3",0.8562,0.1438,"LOW"
51,"1","Other/Unknown","T1","3",0.8561,0.1439,"LOW"
52,"1","Other/Unknown","T1","3",0.8556,0.1444,"LOW"
53,"1","Other/Unknown","T1","3",0.8555,0.1445,"LOW"
54,"1","Other/Unknown","T1","3",0.8559,0.1441,"LOW"
55,"1","Other/Unknown","T1","3",0.8556,0.1444,"LOW"
56,"1","Other/Unknown","T1","3",0.8556,0.1444,"LOW"
57,"1","Other/Unknown","T1","3",0.8563,0.1437,"LOW"
58,"1","Other/Unknown","T1","3",0.8574,0.1426,"LOW"
59,"1","Other/Unknown","T1","3",0.8557,0.1443,"LOW"
60,"1","Other/Unknown","T1","3",0.856,0.144,"LOW"
61,"1","Other/Unknown","T1","3",0.8559,0.1441,"LOW"
62,"1","Other/Unknown","T1","3",0.8555,0.1445,"LOW"
63,"1","Other/Unknown","T1","3",0.8559,0.1441,"LOW"
64,"1","Other/Unknown","T1","3",0.8555,0.1445,"LOW"
65,"1","Other/Unknown","T1","3",0.8567,0.1433,"LOW"
66,"1","Other/Unknown","T1","3",0.8579,0.1421,"LOW"
67,"1","Other/Unknown","T1","3",0.8575,0.1425,"LOW"
68,"1","Other/Unknown","T1","3",0.8574,0.1426,"LOW"
69,"1","Other/Unknown","T1","3",0.8569,0.1431,"LOW"
70,"1","Other/Unknown","T1","3",0.858,0.142,"LOW"
71,"1","Other/Unknown","T1","3",0.8588,0.1412,"LOW"
72,"1","Other/Unknown","T1","3",0.8576,0.1424,"LOW"
73,"1","Other/Unknown","T1","3",0.8571,0.1429,"LOW"
74,"1","Other/Unknown","T1","3",0.8569,0.1431,"LOW"
75,"1","Other/Unknown","T1","3",0.8564,0.1436,"LOW"
76,"1","Other/Unknown","T1","3",0.857,0.143,"LOW"
77,"1","Other/Unknown","T1","3",0.8578,0.1422,"LOW"
78,"1","Other/Unknown","T1","3",0.8593,0.1407,"LOW"
79,"1","Other/Unknown","T1","3",0.8589,0.1411,"LOW"
80,"1","Other/Unknown","T1","3",0.8591,0.1409,"LOW"
81,"1","Other/Unknown","T1","3",0.8579,0.1421,"LOW"
82,"1","Other/Unknown","T1","3",0.8609,0.1391,"LOW"
83,"1","Other/Unknown","T1","3",0.864,0.136,"LOW"
84,"1","Other/Unknown","T1","3",0.8638,0.1362,"LOW"
85,"1","Other/Unknown","T1","3",0.8639,0.1361,"LOW"
86,"1","Other/Unknown","T1","3",0.8635,0.1365,"LOW"
87,"1","Other/Unknown","T1","3",0.8655,0.1345,"LOW"
88,"1","Other/Unknown","T1","3",0.8656,0.1344,"LOW"
89,"1","Other/Unknown","T1","3",0.867,0.133,"LOW"
90,"1","Other/Unknown","T1","3",0.8672,0.1328,"LOW"
91,"1","Other/Unknown","T1","3",0.8672,0.1328,"LOW"
92,"1","Other/Unknown","T1","3",0.8672,0.1328,"LOW"
93,"1","Other/Unknown","T1","3",0.8672,0.1328,"LOW"
94,"1","Other/Unknown","T1","3",0.8672,0.1328,"LOW"
95,"1","Other/Unknown","T1","3",0.8672,0.1328,"LOW"
96,"1","Other/Unknown","T1","3",0.8672,0.1328,"LOW"
97,"1","Other/Unknown","T1","3",0.8672,0.1328,"LOW"
98,"1","Other/Unknown","T1","3",0.8672,0.1328,"LOW"
99,"1","Other/Unknown","T1","3",0.8672,0.1328,"LOW"
0,"2","Other/Unknown","T1","3",0.7815,0.2185,"LOW"
1,"2","Other/Unknown","T1","3",0.783,0.217,"LOW"
2,"2","Other/Unknown","T1","3",0.7791,0.2209,"LOW"
3,"2","Other/Unknown","T1","3",0.7707,0.2293,"LOW"
4,"2","Other/Unknown","T1","3",0.7803,0.2197,"LOW"
5,"2","Other/Unknown","T1","3",0.7871,0.2129,"LOW"
6,"2","Other/Unknown","T1","3",0.793,0.207,"LOW"
7,"2","Other/Unknown","T1","3",0.7965,0.2035,"LOW"
8,"2","Other/Unknown","T1","3",0.797,0.203,"LOW"
9,"2","Other/Unknown","T1","3",0.7978,0.2022,"LOW"
10,"2","Other/Unknown","T1","3",0.799,0.201,"LOW"
11,"2","Other/Unknown","T1","3",0.8005,0.1995,"LOW"
12,"2","Other/Unknown","T1","3",0.8055,0.1945,"LOW"
13,"2","Other/Unknown","T1","3",0.804,0.196,"LOW"
14,"2","Other/Unknown","T1","3",0.8053,0.1947,"LOW"
15,"2","Other/Unknown","T1","3",0.808,0.192,"LOW"
16,"2","Other/Unknown","T1","3",0.8082,0.1918,"LOW"
17,"2","Other/Unknown","T1","3",0.808,0.192,"LOW"
18,"2","Other/Unknown","T1","3",0.8122,0.1878,"LOW"
19,"2","Other/Unknown","T1","3",0.8149,0.1851,"LOW"
20,"2","Other/Unknown","T1","3",0.814,0.186,"LOW"
21,"2","Other/Unknown","T1","3",0.8111,0.1889,"LOW"
22,"2","Other/Unknown","T1","3",0.8118,0.1882,"LOW"
23,"2","Other/Unknown","T1","3",0.8122,0.1878,"LOW"
24,"2","Other/Unknown","T1","3",0.8125,0.1875,"LOW"
25,"2","Other/Unknown","T1","3",0.8151,0.1849,"LOW"
26,"2","Other/Unknown","T1","3",0.8163,0.1837,"LOW"
27,"2","Other/Unknown","T1","3",0.8178,0.1822,"LOW"
28,"2","Other/Unknown","T1","3",0.8183,0.1817,"LOW"
29,"2","Other/Unknown","T1","3",0.8204,0.1796,"LOW"
30,"2","Other/Unknown","T1","3",0.8206,0.1794,"LOW"
31,"2","Other/Unknown","T1","3",0.8212,0.1788,"LOW"
32,"2","Other/Unknown","T1","3",0.8241,0.1759,"LOW"
33,"2","Other/Unknown","T1","3",0.8251,0.1749,"LOW"
34,"2","Other/Unknown","T1","3",0.8247,0.1753,"LOW"
35,"2","Other/Unknown","T1","3",0.8261,0.1739,"LOW"
36,"2","Other/Unknown","T1","3",0.8281,0.1719,"LOW"
37,"2","Other/Unknown","T1","3",0.8289,0.1711,"LOW"
38,"2","Other/Unknown","T1","3",0.8308,0.1692,"LOW"
39,"2","Other/Unknown","T1","3",0.8329,0.1671,"LOW"
40,"2","Other/Unknown","T1","3",0.8321,0.1679,"LOW"
41,"2","Other/Unknown","T1","3",0.8361,0.1639,"LOW"
42,"2","Other/Unknown","T1","3",0.8398,0.1602,"LOW"
43,"2","Other/Unknown","T1","3",0.8401,0.1599,"LOW"
44,"2","Other/Unknown","T1","3",0.84,0.16,"LOW"
45,"2","Other/Unknown","T1","3",0.8397,0.1603,"LOW"
46,"2","Other/Unknown","T1","3",0.8393,0.1607,"LOW"
47,"2","Other/Unknown","T1","3",0.8392,0.1608,"LOW"
48,"2","Other/Unknown","T1","3",0.8398,0.1602,"LOW"
49,"2","Other/Unknown","T1","3",0.8398,0.1602,"LOW"
50,"2","Other/Unknown","T1","3",0.8388,0.1612,"LOW"
51,"2","Other/Unknown","T1","3",0.8387,0.1613,"LOW"
52,"2","Other/Unknown","T1","3",0.8375,0.1625,"LOW"
53,"2","Other/Unknown","T1","3",0.8371,0.1629,"LOW"
54,"2","Other/Unknown","T1","3",0.8364,0.1636,"LOW"
55,"2","Other/Unknown","T1","3",0.8363,0.1637,"LOW"
56,"2","Other/Unknown","T1","3",0.8349,0.1651,"LOW"
57,"2","Other/Unknown","T1","3",0.8349,0.1651,"LOW"
58,"2","Other/Unknown","T1","3",0.8337,0.1663,"LOW"
59,"2","Other/Unknown","T1","3",0.8353,0.1647,"LOW"
60,"2","Other/Unknown","T1","3",0.8359,0.1641,"LOW"
61,"2","Other/Unknown","T1","3",0.836,0.164,"LOW"
62,"2","Other/Unknown","T1","3",0.8374,0.1626,"LOW"
63,"2","Other/Unknown","T1","3",0.8388,0.1612,"LOW"
64,"2","Other/Unknown","T1","3",0.8383,0.1617,"LOW"
65,"2","Other/Unknown","T1","3",0.8386,0.1614,"LOW"
66,"2","Other/Unknown","T1","3",0.84,0.16,"LOW"
67,"2","Other/Unknown","T1","3",0.8378,0.1622,"LOW"
68,"2","Other/Unknown","T1","3",0.8377,0.1623,"LOW"
69,"2","Other/Unknown","T1","3",0.8375,0.1625,"LOW"
70,"2","Other/Unknown","T1","3",0.8389,0.1611,"LOW"
71,"2","Other/Unknown","T1","3",0.8423,0.1577,"LOW"
72,"2","Other/Unknown","T1","3",0.8418,0.1582,"LOW"
73,"2","Other/Unknown","T1","3",0.8411,0.1589,"LOW"
74,"2","Other/Unknown","T1","3",0.8408,0.1592,"LOW"
75,"2","Other/Unknown","T1","3",0.8406,0.1594,"LOW"
76,"2","Other/Unknown","T1","3",0.8402,0.1598,"LOW"
77,"2","Other/Unknown","T1","3",0.8408,0.1592,"LOW"
78,"2","Other/Unknown","T1","3",0.8421,0.1579,"LOW"
79,"2","Other/Unknown","T1","3",0.8422,0.1578,"LOW"
80,"2","Other/Unknown","T1","3",0.8428,0.1572,"LOW"
81,"2","Other/Unknown","T1","3",0.8425,0.1575,"LOW"
82,"2","Other/Unknown","T1","3",0.8419,0.1581,"LOW"
83,"2","Other/Unknown","T1","3",0.8451,0.1549,"LOW"
84,"2","Other/Unknown","T1","3",0.8486,0.1514,"LOW"
85,"2","Other/Unknown","T1","3",0.8501,0.1499,"LOW"
86,"2","Other/Unknown","T1","3",0.8503,0.1497,"LOW"
87,"2","Other/Unknown","T1","3",0.854,0.146,"LOW"
88,"2","Other/Unknown","T1","3",0.854,0.146,"LOW"
89,"2","Other/Unknown","T1","3",0.8556,0.1444,"LOW"
90,"2","Other/Unknown","T1","3",0.8562,0.1438,"LOW"
91,"2","Other/Unknown","T1","3",0.8562,0.1438,"LOW"
92,"2","Other/Unknown","T1","3",0.8562,0.1438,"LOW"
93,"2","Other/Unknown","T1","3",0.8562,0.1438,"LOW"
94,"2","Other/Unknown","T1","3",0.8562,0.1438,"LOW"
95,"2","Other/Unknown","T1","3",0.8562,0.1438,"LOW"
96,"2","Other/Unknown","T1","3",0.8562,0.1438,"LOW"
97,"2","Other/Unknown","T1","3",0.8562,0.1438,"LOW"
98,"2","Other/Unknown","T1","3",0.8562,0.1438,"LOW"
99,"2","Other/Unknown","T1","3",0.8562,0.1438,"LOW"
0,"1","N0","T2","3",0.8509,0.1491,"LOW"
1,"1","N0","T2","3",0.8516,0.1484,"LOW"
2,"1","N0","T2","3",0.8447,0.1553,"LOW"
3,"1","N0","T2","3",0.8386,0.1614,"LOW"
4,"1","N0","T2","3",0.844,0.156,"LOW"
5,"1","N0","T2","3",0.8495,0.1505,"LOW"
6,"1","N0","T2","3",0.8564,0.1436,"LOW"
7,"1","N0","T2","3",0.8579,0.1421,"LOW"
8,"1","N0","T2","3",0.8603,0.1397,"LOW"
9,"1","N0","T2","3",0.8628,0.1372,"LOW"
10,"1","N0","T2","3",0.8676,0.1324,"LOW"
11,"1","N0","T2","3",0.8668,0.1332,"LOW"
12,"1","N0","T2","3",0.8709,0.1291,"LOW"
13,"1","N0","T2","3",0.874,0.126,"LOW"
14,"1","N0","T2","3",0.8751,0.1249,"LOW"
15,"1","N0","T2","3",0.8757,0.1243,"LOW"
16,"1","N0","T2","3",0.8765,0.1235,"LOW"
17,"1","N0","T2","3",0.8805,0.1195,"LOW"
18,"1","N0","T2","3",0.8834,0.1166,"LOW"
19,"1","N0","T2","3",0.8858,0.1142,"LOW"
20,"1","N0","T2","3",0.8868,0.1132,"LOW"
21,"1","N0","T2","3",0.8866,0.1134,"LOW"
22,"1","N0","T2","3",0.8893,0.1107,"LOW"
23,"1","N0","T2","3",0.8909,0.1091,"LOW"
24,"1","N0","T2","3",0.8905,0.1095,"LOW"
25,"1","N0","T2","3",0.8917,0.1083,"LOW"
26,"1","N0","T2","3",0.8924,0.1076,"LOW"
27,"1","N0","T2","3",0.8936,0.1064,"LOW"
28,"1","N0","T2","3",0.8932,0.1068,"LOW"
29,"1","N0","T2","3",0.8936,0.1064,"LOW"
30,"1","N0","T2","3",0.8937,0.1063,"LOW"
31,"1","N0","T2","3",0.8926,0.1074,"LOW"
32,"1","N0","T2","3",0.8945,0.1055,"LOW"
33,"1","N0","T2","3",0.8938,0.1062,"LOW"
34,"1","N0","T2","3",0.8944,0.1056,"LOW"
35,"1","N0","T2","3",0.8965,0.1035,"LOW"
36,"1","N0","T2","3",0.8971,0.1029,"LOW"
37,"1","N0","T2","3",0.8981,0.1019,"LOW"
38,"1","N0","T2","3",0.9006,0.0994,"LOW"
39,"1","N0","T2","3",0.9025,0.0975,"LOW"
40,"1","N0","T2","3",0.9039,0.0961,"LOW"
41,"1","N0","T2","3",0.9048,0.0952,"LOW"
42,"1","N0","T2","3",0.905,0.095,"LOW"
43,"1","N0","T2","3",0.9057,0.0943,"LOW"
44,"1","N0","T2","3",0.9061,0.0939,"LOW"
45,"1","N0","T2","3",0.9065,0.0935,"LOW"
46,"1","N0","T2","3",0.9077,0.0923,"LOW"
47,"1","N0","T2","3",0.9081,0.0919,"LOW"
48,"1","N0","T2","3",0.9078,0.0922,"LOW"
49,"1","N0","T2","3",0.908,0.092,"LOW"
50,"1","N0","T2","3",0.9081,0.0919,"LOW"
51,"1","N0","T2","3",0.9085,0.0915,"LOW"
52,"1","N0","T2","3",0.9087,0.0913,"LOW"
53,"1","N0","T2","3",0.909,0.091,"LOW"
54,"1","N0","T2","3",0.9091,0.0909,"LOW"
55,"1","N0","T2","3",0.9093,0.0907,"LOW"
56,"1","N0","T2","3",0.9093,0.0907,"LOW"
57,"1","N0","T2","3",0.9097,0.0903,"LOW"
58,"1","N0","T2","3",0.9098,0.0902,"LOW"
59,"1","N0","T2","3",0.9097,0.0903,"LOW"
60,"1","N0","T2","3",0.9101,0.0899,"LOW"
61,"1","N0","T2","3",0.9102,0.0898,"LOW"
62,"1","N0","T2","3",0.9106,0.0894,"LOW"
63,"1","N0","T2","3",0.9106,0.0894,"LOW"
64,"1","N0","T2","3",0.9104,0.0896,"LOW"
65,"1","N0","T2","3",0.9104,0.0896,"LOW"
66,"1","N0","T2","3",0.9103,0.0897,"LOW"
67,"1","N0","T2","3",0.9103,0.0897,"LOW"
68,"1","N0","T2","3",0.9101,0.0899,"LOW"
69,"1","N0","T2","3",0.9102,0.0898,"LOW"
70,"1","N0","T2","3",0.9098,0.0902,"LOW"
71,"1","N0","T2","3",0.9105,0.0895,"LOW"
72,"1","N0","T2","3",0.9103,0.0897,"LOW"
73,"1","N0","T2","3",0.9103,0.0897,"LOW"
74,"1","N0","T2","3",0.9102,0.0898,"LOW"
75,"1","N0","T2","3",0.9102,0.0898,"LOW"
76,"1","N0","T2","3",0.9097,0.0903,"LOW"
77,"1","N0","T2","3",0.9096,0.0904,"LOW"
78,"1","N0","T2","3",0.9096,0.0904,"LOW"
79,"1","N0","T2","3",0.9089,0.0911,"LOW"
80,"1","N0","T2","3",0.9088,0.0912,"LOW"
81,"1","N0","T2","3",0.9095,0.0905,"LOW"
82,"1","N0","T2","3",0.9097,0.0903,"LOW"
83,"1","N0","T2","3",0.9105,0.0895,"LOW"
84,"1","N0","T2","3",0.911,0.089,"LOW"
85,"1","N0","T2","3",0.9107,0.0893,"LOW"
86,"1","N0","T2","3",0.9102,0.0898,"LOW"
87,"1","N0","T2","3",0.9106,0.0894,"LOW"
88,"1","N0","T2","3",0.9106,0.0894,"LOW"
89,"1","N0","T2","3",0.912,0.088,"LOW"
90,"1","N0","T2","3",0.9121,0.0879,"LOW"
91,"1","N0","T2","3",0.9121,0.0879,"LOW"
92,"1","N0","T2","3",0.9121,0.0879,"LOW"
93,"1","N0","T2","3",0.9121,0.0879,"LOW"
94,"1","N0","T2","3",0.9121,0.0879,"LOW"
95,"1","N0","T2","3",0.9121,0.0879,"LOW"
96,"1","N0","T2","3",0.9121,0.0879,"LOW"
97,"1","N0","T2","3",0.9121,0.0879,"LOW"
98,"1","N0","T2","3",0.9121,0.0879,"LOW"
99,"1","N0","T2","3",0.9121,0.0879,"LOW"
0,"2","N0","T2","3",0.8516,0.1484,"LOW"
1,"2","N0","T2","3",0.8464,0.1536,"LOW"
2,"2","N0","T2","3",0.8404,0.1596,"LOW"
3,"2","N0","T2","3",0.8337,0.1663,"LOW"
4,"2","N0","T2","3",0.8402,0.1598,"LOW"
5,"2","N0","T2","3",0.8416,0.1584,"LOW"
6,"2","N0","T2","3",0.846,0.154,"LOW"
7,"2","N0","T2","3",0.8495,0.1505,"LOW"
8,"2","N0","T2","3",0.8517,0.1483,"LOW"
9,"2","N0","T2","3",0.8535,0.1465,"LOW"
10,"2","N0","T2","3",0.8566,0.1434,"LOW"
11,"2","N0","T2","3",0.8592,0.1408,"LOW"
12,"2","N0","T2","3",0.8641,0.1359,"LOW"
13,"2","N0","T2","3",0.8662,0.1338,"LOW"
14,"2","N0","T2","3",0.8668,0.1332,"LOW"
15,"2","N0","T2","3",0.8673,0.1327,"LOW"
16,"2","N0","T2","3",0.8673,0.1327,"LOW"
17,"2","N0","T2","3",0.8694,0.1306,"LOW"
18,"2","N0","T2","3",0.8726,0.1274,"LOW"
19,"2","N0","T2","3",0.8754,0.1246,"LOW"
20,"2","N0","T2","3",0.8774,0.1226,"LOW"
21,"2","N0","T2","3",0.8773,0.1227,"LOW"
22,"2","N0","T2","3",0.8793,0.1207,"LOW"
23,"2","N0","T2","3",0.8802,0.1198,"LOW"
24,"2","N0","T2","3",0.8809,0.1191,"LOW"
25,"2","N0","T2","3",0.8814,0.1186,"LOW"
26,"2","N0","T2","3",0.8818,0.1182,"LOW"
27,"2","N0","T2","3",0.8814,0.1186,"LOW"
28,"2","N0","T2","3",0.8811,0.1189,"LOW"
29,"2","N0","T2","3",0.8811,0.1189,"LOW"
30,"2","N0","T2","3",0.8829,0.1171,"LOW"
31,"2","N0","T2","3",0.883,0.117,"LOW"
32,"2","N0","T2","3",0.8851,0.1149,"LOW"
33,"2","N0","T2","3",0.8855,0.1145,"LOW"
34,"2","N0","T2","3",0.8853,0.1147,"LOW"
35,"2","N0","T2","3",0.886,0.114,"LOW"
36,"2","N0","T2","3",0.8898,0.1102,"LOW"
37,"2","N0","T2","3",0.8927,0.1073,"LOW"
38,"2","N0","T2","3",0.8962,0.1038,"LOW"
39,"2","N0","T2","3",0.8989,0.1011,"LOW"
40,"2","N0","T2","3",0.9002,0.0998,"LOW"
41,"2","N0","T2","3",0.9018,0.0982,"LOW"
42,"2","N0","T2","3",0.9031,0.0969,"LOW"
43,"2","N0","T2","3",0.9039,0.0961,"LOW"
44,"2","N0","T2","3",0.9043,0.0957,"LOW"
45,"2","N0","T2","3",0.905,0.095,"LOW"
46,"2","N0","T2","3",0.9057,0.0943,"LOW"
47,"2","N0","T2","3",0.9061,0.0939,"LOW"
48,"2","N0","T2","3",0.9062,0.0938,"LOW"
49,"2","N0","T2","3",0.9061,0.0939,"LOW"
50,"2","N0","T2","3",0.9061,0.0939,"LOW"
51,"2","N0","T2","3",0.9064,0.0936,"LOW"
52,"2","N0","T2","3",0.9068,0.0932,"LOW"
53,"2","N0","T2","3",0.9066,0.0934,"LOW"
54,"2","N0","T2","3",0.9065,0.0935,"LOW"
55,"2","N0","T2","3",0.9063,0.0937,"LOW"
56,"2","N0","T2","3",0.9061,0.0939,"LOW"
57,"2","N0","T2","3",0.9064,0.0936,"LOW"
58,"2","N0","T2","3",0.9073,0.0927,"LOW"
59,"2","N0","T2","3",0.9071,0.0929,"LOW"
60,"2","N0","T2","3",0.9075,0.0925,"LOW"
61,"2","N0","T2","3",0.908,0.092,"LOW"
62,"2","N0","T2","3",0.9083,0.0917,"LOW"
63,"2","N0","T2","3",0.9085,0.0915,"LOW"
64,"2","N0","T2","3",0.9085,0.0915,"LOW"
65,"2","N0","T2","3",0.9085,0.0915,"LOW"
66,"2","N0","T2","3",0.9083,0.0917,"LOW"
67,"2","N0","T2","3",0.9081,0.0919,"LOW"
68,"2","N0","T2","3",0.908,0.092,"LOW"
69,"2","N0","T2","3",0.908,0.092,"LOW"
70,"2","N0","T2","3",0.9076,0.0924,"LOW"
71,"2","N0","T2","3",0.9087,0.0913,"LOW"
72,"2","N0","T2","3",0.9086,0.0914,"LOW"
73,"2","N0","T2","3",0.9086,0.0914,"LOW"
74,"2","N0","T2","3",0.9089,0.0911,"LOW"
75,"2","N0","T2","3",0.9088,0.0912,"LOW"
76,"2","N0","T2","3",0.9085,0.0915,"LOW"
77,"2","N0","T2","3",0.9083,0.0917,"LOW"
78,"2","N0","T2","3",0.908,0.092,"LOW"
79,"2","N0","T2","3",0.9078,0.0922,"LOW"
80,"2","N0","T2","3",0.9075,0.0925,"LOW"
81,"2","N0","T2","3",0.9073,0.0927,"LOW"
82,"2","N0","T2","3",0.9065,0.0935,"LOW"
83,"2","N0","T2","3",0.9069,0.0931,"LOW"
84,"2","N0","T2","3",0.9072,0.0928,"LOW"
85,"2","N0","T2","3",0.9071,0.0929,"LOW"
86,"2","N0","T2","3",0.907,0.093,"LOW"
87,"2","N0","T2","3",0.9064,0.0936,"LOW"
88,"2","N0","T2","3",0.9053,0.0947,"LOW"
89,"2","N0","T2","3",0.9079,0.0921,"LOW"
90,"2","N0","T2","3",0.9083,0.0917,"LOW"
91,"2","N0","T2","3",0.9083,0.0917,"LOW"
92,"2","N0","T2","3",0.9083,0.0917,"LOW"
93,"2","N0","T2","3",0.9083,0.0917,"LOW"
94,"2","N0","T2","3",0.9083,0.0917,"LOW"
95,"2","N0","T2","3",0.9083,0.0917,"LOW"
96,"2","N0","T2","3",0.9083,0.0917,"LOW"
97,"2","N0","T2","3",0.9083,0.0917,"LOW"
98,"2","N0","T2","3",0.9083,0.0917,"LOW"
99,"2","N0","T2","3",0.9083,0.0917,"LOW"
0,"1","N1","T2","3",0.6071,0.3929,"LOW"
1,"1","N1","T2","3",0.6004,0.3996,"LOW"
2,"1","N1","T2","3",0.5929,0.4071,"LOW"
3,"1","N1","T2","3",0.5925,0.4075,"LOW"
4,"1","N1","T2","3",0.5946,0.4054,"LOW"
5,"1","N1","T2","3",0.597,0.403,"LOW"
6,"1","N1","T2","3",0.6002,0.3998,"LOW"
7,"1","N1","T2","3",0.5989,0.4011,"LOW"
8,"1","N1","T2","3",0.5961,0.4039,"LOW"
9,"1","N1","T2","3",0.5953,0.4047,"LOW"
10,"1","N1","T2","3",0.5968,0.4032,"LOW"
11,"1","N1","T2","3",0.5938,0.4062,"LOW"
12,"1","N1","T2","3",0.5955,0.4045,"LOW"
13,"1","N1","T2","3",0.5968,0.4032,"LOW"
14,"1","N1","T2","3",0.5985,0.4015,"LOW"
15,"1","N1","T2","3",0.5978,0.4022,"LOW"
16,"1","N1","T2","3",0.5996,0.4004,"LOW"
17,"1","N1","T2","3",0.6016,0.3984,"LOW"
18,"1","N1","T2","3",0.6042,0.3958,"LOW"
19,"1","N1","T2","3",0.606,0.394,"LOW"
20,"1","N1","T2","3",0.6098,0.3902,"LOW"
21,"1","N1","T2","3",0.6098,0.3902,"LOW"
22,"1","N1","T2","3",0.6092,0.3908,"LOW"
23,"1","N1","T2","3",0.612,0.388,"LOW"
24,"1","N1","T2","3",0.6108,0.3892,"LOW"
25,"1","N1","T2","3",0.6155,0.3845,"LOW"
26,"1","N1","T2","3",0.6179,0.3821,"LOW"
27,"1","N1","T2","3",0.622,0.378,"LOW"
28,"1","N1","T2","3",0.6234,0.3766,"LOW"
29,"1","N1","T2","3",0.6253,0.3747,"LOW"
30,"1","N1","T2","3",0.6269,0.3731,"LOW"
31,"1","N1","T2","3",0.6275,0.3725,"LOW"
32,"1","N1","T2","3",0.6321,0.3679,"LOW"
33,"1","N1","T2","3",0.6352,0.3648,"LOW"
34,"1","N1","T2","3",0.6394,0.3606,"LOW"
35,"1","N1","T2","3",0.6403,0.3597,"LOW"
36,"1","N1","T2","3",0.641,0.359,"LOW"
37,"1","N1","T2","3",0.6403,0.3597,"LOW"
38,"1","N1","T2","3",0.6407,0.3593,"LOW"
39,"1","N1","T2","3",0.6371,0.3629,"LOW"
40,"1","N1","T2","3",0.6352,0.3648,"LOW"
41,"1","N1","T2","3",0.6346,0.3654,"LOW"
42,"1","N1","T2","3",0.6333,0.3667,"LOW"
43,"1","N1","T2","3",0.6338,0.3662,"LOW"
44,"1","N1","T2","3",0.6352,0.3648,"LOW"
45,"1","N1","T2","3",0.6374,0.3626,"LOW"
46,"1","N1","T2","3",0.6377,0.3623,"LOW"
47,"1","N1","T2","3",0.6406,0.3594,"LOW"
48,"1","N1","T2","3",0.6395,0.3605,"LOW"
49,"1","N1","T2","3",0.6397,0.3603,"LOW"
50,"1","N1","T2","3",0.64,0.36,"LOW"
51,"1","N1","T2","3",0.6404,0.3596,"LOW"
52,"1","N1","T2","3",0.643,0.357,"LOW"
53,"1","N1","T2","3",0.6446,0.3554,"LOW"
54,"1","N1","T2","3",0.6458,0.3542,"LOW"
55,"1","N1","T2","3",0.6443,0.3557,"LOW"
56,"1","N1","T2","3",0.6448,0.3552,"LOW"
57,"1","N1","T2","3",0.6453,0.3547,"LOW"
58,"1","N1","T2","3",0.6448,0.3552,"LOW"
59,"1","N1","T2","3",0.6444,0.3556,"LOW"
60,"1","N1","T2","3",0.6472,0.3528,"LOW"
61,"1","N1","T2","3",0.6487,0.3513,"LOW"
62,"1","N1","T2","3",0.6488,0.3512,"LOW"
63,"1","N1","T2","3",0.6474,0.3526,"LOW"
64,"1","N1","T2","3",0.6474,0.3526,"LOW"
65,"1","N1","T2","3",0.6466,0.3534,"LOW"
66,"1","N1","T2","3",0.6473,0.3527,"LOW"
67,"1","N1","T2","3",0.6441,0.3559,"LOW"
68,"1","N1","T2","3",0.6409,0.3591,"LOW"
69,"1","N1","T2","3",0.6399,0.3601,"LOW"
70,"1","N1","T2","3",0.6385,0.3615,"LOW"
71,"1","N1","T2","3",0.6414,0.3586,"LOW"
72,"1","N1","T2","3",0.638,0.362,"LOW"
73,"1","N1","T2","3",0.6397,0.3603,"LOW"
74,"1","N1","T2","3",0.6378,0.3622,"LOW"
75,"1","N1","T2","3",0.6369,0.3631,"LOW"
76,"1","N1","T2","3",0.6349,0.3651,"LOW"
77,"1","N1","T2","3",0.6314,0.3686,"LOW"
78,"1","N1","T2","3",0.6321,0.3679,"LOW"
79,"1","N1","T2","3",0.6323,0.3677,"LOW"
80,"1","N1","T2","3",0.633,0.367,"LOW"
81,"1","N1","T2","3",0.6335,0.3665,"LOW"
82,"1","N1","T2","3",0.6352,0.3648,"LOW"
83,"1","N1","T2","3",0.6383,0.3617,"LOW"
84,"1","N1","T2","3",0.6366,0.3634,"LOW"
85,"1","N1","T2","3",0.6356,0.3644,"LOW"
86,"1","N1","T2","3",0.641,0.359,"LOW"
87,"1","N1","T2","3",0.6438,0.3562,"LOW"
88,"1","N1","T2","3",0.6447,0.3553,"LOW"
89,"1","N1","T2","3",0.6447,0.3553,"LOW"
90,"1","N1","T2","3",0.6461,0.3539,"LOW"
91,"1","N1","T2","3",0.6461,0.3539,"LOW"
92,"1","N1","T2","3",0.6461,0.3539,"LOW"
93,"1","N1","T2","3",0.6461,0.3539,"LOW"
94,"1","N1","T2","3",0.6461,0.3539,"LOW"
95,"1","N1","T2","3",0.6461,0.3539,"LOW"
96,"1","N1","T2","3",0.6461,0.3539,"LOW"
97,"1","N1","T2","3",0.6461,0.3539,"LOW"
98,"1","N1","T2","3",0.6461,0.3539,"LOW"
99,"1","N1","T2","3",0.6461,0.3539,"LOW"
0,"2","N1","T2","3",0.6123,0.3877,"LOW"
1,"2","N1","T2","3",0.6129,0.3871,"LOW"
2,"2","N1","T2","3",0.6097,0.3903,"LOW"
3,"2","N1","T2","3",0.606,0.394,"LOW"
4,"2","N1","T2","3",0.6072,0.3928,"LOW"
5,"2","N1","T2","3",0.6065,0.3935,"LOW"
6,"2","N1","T2","3",0.6094,0.3906,"LOW"
7,"2","N1","T2","3",0.6131,0.3869,"LOW"
8,"2","N1","T2","3",0.6131,0.3869,"LOW"
9,"2","N1","T2","3",0.6134,0.3866,"LOW"
10,"2","N1","T2","3",0.6145,0.3855,"LOW"
11,"2","N1","T2","3",0.6136,0.3864,"LOW"
12,"2","N1","T2","3",0.6158,0.3842,"LOW"
13,"2","N1","T2","3",0.6174,0.3826,"LOW"
14,"2","N1","T2","3",0.6191,0.3809,"LOW"
15,"2","N1","T2","3",0.6195,0.3805,"LOW"
16,"2","N1","T2","3",0.621,0.379,"LOW"
17,"2","N1","T2","3",0.6253,0.3747,"LOW"
18,"2","N1","T2","3",0.6292,0.3708,"LOW"
19,"2","N1","T2","3",0.6336,0.3664,"LOW"
20,"2","N1","T2","3",0.6395,0.3605,"LOW"
21,"2","N1","T2","3",0.6413,0.3587,"LOW"
22,"2","N1","T2","3",0.6442,0.3558,"LOW"
23,"2","N1","T2","3",0.6464,0.3536,"LOW"
24,"2","N1","T2","3",0.6487,0.3513,"LOW"
25,"2","N1","T2","3",0.6547,0.3453,"LOW"
26,"2","N1","T2","3",0.6594,0.3406,"LOW"
27,"2","N1","T2","3",0.6629,0.3371,"LOW"
28,"2","N1","T2","3",0.6643,0.3357,"LOW"
29,"2","N1","T2","3",0.6659,0.3341,"LOW"
30,"2","N1","T2","3",0.6708,0.3292,"LOW"
31,"2","N1","T2","3",0.6718,0.3282,"LOW"
32,"2","N1","T2","3",0.6763,0.3237,"LOW"
33,"2","N1","T2","3",0.6801,0.3199,"LOW"
34,"2","N1","T2","3",0.6841,0.3159,"LOW"
35,"2","N1","T2","3",0.6855,0.3145,"LOW"
36,"2","N1","T2","3",0.6901,0.3099,"LOW"
37,"2","N1","T2","3",0.6954,0.3046,"LOW"
38,"2","N1","T2","3",0.6979,0.3021,"LOW"
39,"2","N1","T2","3",0.6977,0.3023,"LOW"
40,"2","N1","T2","3",0.6985,0.3015,"LOW"
41,"2","N1","T2","3",0.7025,0.2975,"LOW"
42,"2","N1","T2","3",0.7022,0.2978,"LOW"
43,"2","N1","T2","3",0.7024,0.2976,"LOW"
44,"2","N1","T2","3",0.7015,0.2985,"LOW"
45,"2","N1","T2","3",0.7026,0.2974,"LOW"
46,"2","N1","T2","3",0.704,0.296,"LOW"
47,"2","N1","T2","3",0.7054,0.2946,"LOW"
48,"2","N1","T2","3",0.7079,0.2921,"LOW"
49,"2","N1","T2","3",0.7061,0.2939,"LOW"
50,"2","N1","T2","3",0.7061,0.2939,"LOW"
51,"2","N1","T2","3",0.706,0.294,"LOW"
52,"2","N1","T2","3",0.7104,0.2896,"LOW"
53,"2","N1","T2","3",0.7112,0.2888,"LOW"
54,"2","N1","T2","3",0.7112,0.2888,"LOW"
55,"2","N1","T2","3",0.7096,0.2904,"LOW"
56,"2","N1","T2","3",0.7086,0.2914,"LOW"
57,"2","N1","T2","3",0.7092,0.2908,"LOW"
58,"2","N1","T2","3",0.708,0.292,"LOW"
59,"2","N1","T2","3",0.7076,0.2924,"LOW"
60,"2","N1","T2","3",0.7067,0.2933,"LOW"
61,"2","N1","T2","3",0.7091,0.2909,"LOW"
62,"2","N1","T2","3",0.7125,0.2875,"LOW"
63,"2","N1","T2","3",0.712,0.288,"LOW"
64,"2","N1","T2","3",0.712,0.288,"LOW"
65,"2","N1","T2","3",0.712,0.288,"LOW"
66,"2","N1","T2","3",0.7106,0.2894,"LOW"
67,"2","N1","T2","3",0.7107,0.2893,"LOW"
68,"2","N1","T2","3",0.7082,0.2918,"LOW"
69,"2","N1","T2","3",0.7054,0.2946,"LOW"
70,"2","N1","T2","3",0.7034,0.2966,"LOW"
71,"2","N1","T2","3",0.7061,0.2939,"LOW"
72,"2","N1","T2","3",0.7062,0.2938,"LOW"
73,"2","N1","T2","3",0.7024,0.2976,"LOW"
74,"2","N1","T2","3",0.7009,0.2991,"LOW"
75,"2","N1","T2","3",0.6977,0.3023,"LOW"
76,"2","N1","T2","3",0.6977,0.3023,"LOW"
77,"2","N1","T2","3",0.6954,0.3046,"LOW"
78,"2","N1","T2","3",0.6929,0.3071,"LOW"
79,"2","N1","T2","3",0.6915,0.3085,"LOW"
80,"2","N1","T2","3",0.6922,0.3078,"LOW"
81,"2","N1","T2","3",0.6906,0.3094,"LOW"
82,"2","N1","T2","3",0.6924,0.3076,"LOW"
83,"2","N1","T2","3",0.6939,0.3061,"LOW"
84,"2","N1","T2","3",0.6942,0.3058,"LOW"
85,"2","N1","T2","3",0.6949,0.3051,"LOW"
86,"2","N1","T2","3",0.699,0.301,"LOW"
87,"2","N1","T2","3",0.6991,0.3009,"LOW"
88,"2","N1","T2","3",0.6984,0.3016,"LOW"
89,"2","N1","T2","3",0.7007,0.2993,"LOW"
90,"2","N1","T2","3",0.7053,0.2947,"LOW"
91,"2","N1","T2","3",0.7053,0.2947,"LOW"
92,"2","N1","T2","3",0.7053,0.2947,"LOW"
93,"2","N1","T2","3",0.7053,0.2947,"LOW"
94,"2","N1","T2","3",0.7053,0.2947,"LOW"
95,"2","N1","T2","3",0.7053,0.2947,"LOW"
96,"2","N1","T2","3",0.7053,0.2947,"LOW"
97,"2","N1","T2","3",0.7053,0.2947,"LOW"
98,"2","N1","T2","3",0.7053,0.2947,"LOW"
99,"2","N1","T2","3",0.7053,0.2947,"LOW"
0,"1","Other/Unknown","T2","3",0.739,0.261,"LOW"
1,"1","Other/Unknown","T2","3",0.7467,0.2533,"LOW"
2,"1","Other/Unknown","T2","3",0.7393,0.2607,"LOW"
3,"1","Other/Unknown","T2","3",0.7354,0.2646,"LOW"
4,"1","Other/Unknown","T2","3",0.7412,0.2588,"LOW"
5,"1","Other/Unknown","T2","3",0.7483,0.2517,"LOW"
6,"1","Other/Unknown","T2","3",0.7505,0.2495,"LOW"
7,"1","Other/Unknown","T2","3",0.751,0.249,"LOW"
8,"1","Other/Unknown","T2","3",0.7528,0.2472,"LOW"
9,"1","Other/Unknown","T2","3",0.7542,0.2458,"LOW"
10,"1","Other/Unknown","T2","3",0.7557,0.2443,"LOW"
11,"1","Other/Unknown","T2","3",0.7575,0.2425,"LOW"
12,"1","Other/Unknown","T2","3",0.7637,0.2363,"LOW"
13,"1","Other/Unknown","T2","3",0.7676,0.2324,"LOW"
14,"1","Other/Unknown","T2","3",0.7686,0.2314,"LOW"
15,"1","Other/Unknown","T2","3",0.7714,0.2286,"LOW"
16,"1","Other/Unknown","T2","3",0.7723,0.2277,"LOW"
17,"1","Other/Unknown","T2","3",0.7772,0.2228,"LOW"
18,"1","Other/Unknown","T2","3",0.7804,0.2196,"LOW"
19,"1","Other/Unknown","T2","3",0.7823,0.2177,"LOW"
20,"1","Other/Unknown","T2","3",0.7826,0.2174,"LOW"
21,"1","Other/Unknown","T2","3",0.7826,0.2174,"LOW"
22,"1","Other/Unknown","T2","3",0.7846,0.2154,"LOW"
23,"1","Other/Unknown","T2","3",0.7923,0.2077,"LOW"
24,"1","Other/Unknown","T2","3",0.7912,0.2088,"LOW"
25,"1","Other/Unknown","T2","3",0.7941,0.2059,"LOW"
26,"1","Other/Unknown","T2","3",0.7955,0.2045,"LOW"
27,"1","Other/Unknown","T2","3",0.7955,0.2045,"LOW"
28,"1","Other/Unknown","T2","3",0.7951,0.2049,"LOW"
29,"1","Other/Unknown","T2","3",0.7972,0.2028,"LOW"
30,"1","Other/Unknown","T2","3",0.7977,0.2023,"LOW"
31,"1","Other/Unknown","T2","3",0.7995,0.2005,"LOW"
32,"1","Other/Unknown","T2","3",0.8042,0.1958,"LOW"
33,"1","Other/Unknown","T2","3",0.8055,0.1945,"LOW"
34,"1","Other/Unknown","T2","3",0.8053,0.1947,"LOW"
35,"1","Other/Unknown","T2","3",0.8042,0.1958,"LOW"
36,"1","Other/Unknown","T2","3",0.8058,0.1942,"LOW"
37,"1","Other/Unknown","T2","3",0.8051,0.1949,"LOW"
38,"1","Other/Unknown","T2","3",0.8088,0.1912,"LOW"
39,"1","Other/Unknown","T2","3",0.8132,0.1868,"LOW"
40,"1","Other/Unknown","T2","3",0.8146,0.1854,"LOW"
41,"1","Other/Unknown","T2","3",0.8172,0.1828,"LOW"
42,"1","Other/Unknown","T2","3",0.8177,0.1823,"LOW"
43,"1","Other/Unknown","T2","3",0.8177,0.1823,"LOW"
44,"1","Other/Unknown","T2","3",0.8188,0.1812,"LOW"
45,"1","Other/Unknown","T2","3",0.8197,0.1803,"LOW"
46,"1","Other/Unknown","T2","3",0.8203,0.1797,"LOW"
47,"1","Other/Unknown","T2","3",0.8192,0.1808,"LOW"
48,"1","Other/Unknown","T2","3",0.818,0.182,"LOW"
49,"1","Other/Unknown","T2","3",0.8173,0.1827,"LOW"
50,"1","Other/Unknown","T2","3",0.8168,0.1832,"LOW"
51,"1","Other/Unknown","T2","3",0.8169,0.1831,"LOW"
52,"1","Other/Unknown","T2","3",0.8168,0.1832,"LOW"
53,"1","Other/Unknown","T2","3",0.817,0.183,"LOW"
54,"1","Other/Unknown","T2","3",0.817,0.183,"LOW"
55,"1","Other/Unknown","T2","3",0.8156,0.1844,"LOW"
56,"1","Other/Unknown","T2","3",0.8142,0.1858,"LOW"
57,"1","Other/Unknown","T2","3",0.8118,0.1882,"LOW"
58,"1","Other/Unknown","T2","3",0.8119,0.1881,"LOW"
59,"1","Other/Unknown","T2","3",0.811,0.189,"LOW"
60,"1","Other/Unknown","T2","3",0.8112,0.1888,"LOW"
61,"1","Other/Unknown","T2","3",0.8087,0.1913,"LOW"
62,"1","Other/Unknown","T2","3",0.8079,0.1921,"LOW"
63,"1","Other/Unknown","T2","3",0.807,0.193,"LOW"
64,"1","Other/Unknown","T2","3",0.807,0.193,"LOW"
65,"1","Other/Unknown","T2","3",0.8063,0.1937,"LOW"
66,"1","Other/Unknown","T2","3",0.8061,0.1939,"LOW"
67,"1","Other/Unknown","T2","3",0.802,0.198,"LOW"
68,"1","Other/Unknown","T2","3",0.8015,0.1985,"LOW"
69,"1","Other/Unknown","T2","3",0.8002,0.1998,"LOW"
70,"1","Other/Unknown","T2","3",0.8019,0.1981,"LOW"
71,"1","Other/Unknown","T2","3",0.8028,0.1972,"LOW"
72,"1","Other/Unknown","T2","3",0.8039,0.1961,"LOW"
73,"1","Other/Unknown","T2","3",0.8042,0.1958,"LOW"
74,"1","Other/Unknown","T2","3",0.8052,0.1948,"LOW"
75,"1","Other/Unknown","T2","3",0.8047,0.1953,"LOW"
76,"1","Other/Unknown","T2","3",0.8037,0.1963,"LOW"
77,"1","Other/Unknown","T2","3",0.8066,0.1934,"LOW"
78,"1","Other/Unknown","T2","3",0.8088,0.1912,"LOW"
79,"1","Other/Unknown","T2","3",0.8091,0.1909,"LOW"
80,"1","Other/Unknown","T2","3",0.809,0.191,"LOW"
81,"1","Other/Unknown","T2","3",0.8084,0.1916,"LOW"
82,"1","Other/Unknown","T2","3",0.8109,0.1891,"LOW"
83,"1","Other/Unknown","T2","3",0.8137,0.1863,"LOW"
84,"1","Other/Unknown","T2","3",0.816,0.184,"LOW"
85,"1","Other/Unknown","T2","3",0.8162,0.1838,"LOW"
86,"1","Other/Unknown","T2","3",0.8183,0.1817,"LOW"
87,"1","Other/Unknown","T2","3",0.8186,0.1814,"LOW"
88,"1","Other/Unknown","T2","3",0.8186,0.1814,"LOW"
89,"1","Other/Unknown","T2","3",0.8199,0.1801,"LOW"
90,"1","Other/Unknown","T2","3",0.8201,0.1799,"LOW"
91,"1","Other/Unknown","T2","3",0.8201,0.1799,"LOW"
92,"1","Other/Unknown","T2","3",0.8201,0.1799,"LOW"
93,"1","Other/Unknown","T2","3",0.8201,0.1799,"LOW"
94,"1","Other/Unknown","T2","3",0.8201,0.1799,"LOW"
95,"1","Other/Unknown","T2","3",0.8201,0.1799,"LOW"
96,"1","Other/Unknown","T2","3",0.8201,0.1799,"LOW"
97,"1","Other/Unknown","T2","3",0.8201,0.1799,"LOW"
98,"1","Other/Unknown","T2","3",0.8201,0.1799,"LOW"
99,"1","Other/Unknown","T2","3",0.8201,0.1799,"LOW"
0,"2","Other/Unknown","T2","3",0.7247,0.2753,"LOW"
1,"2","Other/Unknown","T2","3",0.7389,0.2611,"LOW"
2,"2","Other/Unknown","T2","3",0.7368,0.2632,"LOW"
3,"2","Other/Unknown","T2","3",0.735,0.265,"LOW"
4,"2","Other/Unknown","T2","3",0.7411,0.2589,"LOW"
5,"2","Other/Unknown","T2","3",0.7467,0.2533,"LOW"
6,"2","Other/Unknown","T2","3",0.7518,0.2482,"LOW"
7,"2","Other/Unknown","T2","3",0.7564,0.2436,"LOW"
8,"2","Other/Unknown","T2","3",0.7573,0.2427,"LOW"
9,"2","Other/Unknown","T2","3",0.7572,0.2428,"LOW"
10,"2","Other/Unknown","T2","3",0.759,0.241,"LOW"
11,"2","Other/Unknown","T2","3",0.7607,0.2393,"LOW"
12,"2","Other/Unknown","T2","3",0.769,0.231,"LOW"
13,"2","Other/Unknown","T2","3",0.7648,0.2352,"LOW"
14,"2","Other/Unknown","T2","3",0.7666,0.2334,"LOW"
15,"2","Other/Unknown","T2","3",0.7678,0.2322,"LOW"
16,"2","Other/Unknown","T2","3",0.7699,0.2301,"LOW"
17,"2","Other/Unknown","T2","3",0.7737,0.2263,"LOW"
18,"2","Other/Unknown","T2","3",0.776,0.224,"LOW"
19,"2","Other/Unknown","T2","3",0.7795,0.2205,"LOW"
20,"2","Other/Unknown","T2","3",0.7788,0.2212,"LOW"
21,"2","Other/Unknown","T2","3",0.7785,0.2215,"LOW"
22,"2","Other/Unknown","T2","3",0.7793,0.2207,"LOW"
23,"2","Other/Unknown","T2","3",0.7835,0.2165,"LOW"
24,"2","Other/Unknown","T2","3",0.7832,0.2168,"LOW"
25,"2","Other/Unknown","T2","3",0.785,0.215,"LOW"
26,"2","Other/Unknown","T2","3",0.7858,0.2142,"LOW"
27,"2","Other/Unknown","T2","3",0.7857,0.2143,"LOW"
28,"2","Other/Unknown","T2","3",0.7853,0.2147,"LOW"
29,"2","Other/Unknown","T2","3",0.7869,0.2131,"LOW"
30,"2","Other/Unknown","T2","3",0.7877,0.2123,"LOW"
31,"2","Other/Unknown","T2","3",0.7909,0.2091,"LOW"
32,"2","Other/Unknown","T2","3",0.7935,0.2065,"LOW"
33,"2","Other/Unknown","T2","3",0.7934,0.2066,"LOW"
34,"2","Other/Unknown","T2","3",0.7942,0.2058,"LOW"
35,"2","Other/Unknown","T2","3",0.7932,0.2068,"LOW"
36,"2","Other/Unknown","T2","3",0.7949,0.2051,"LOW"
37,"2","Other/Unknown","T2","3",0.7948,0.2052,"LOW"
38,"2","Other/Unknown","T2","3",0.7984,0.2016,"LOW"
39,"2","Other/Unknown","T2","3",0.8023,0.1977,"LOW"
40,"2","Other/Unknown","T2","3",0.8021,0.1979,"LOW"
41,"2","Other/Unknown","T2","3",0.8028,0.1972,"LOW"
42,"2","Other/Unknown","T2","3",0.8061,0.1939,"LOW"
43,"2","Other/Unknown","T2","3",0.8067,0.1933,"LOW"
44,"2","Other/Unknown","T2","3",0.8077,0.1923,"LOW"
45,"2","Other/Unknown","T2","3",0.8099,0.1901,"LOW"
46,"2","Other/Unknown","T2","3",0.8095,0.1905,"LOW"
47,"2","Other/Unknown","T2","3",0.8065,0.1935,"LOW"
48,"2","Other/Unknown","T2","3",0.8056,0.1944,"LOW"
49,"2","Other/Unknown","T2","3",0.8027,0.1973,"LOW"
50,"2","Other/Unknown","T2","3",0.8012,0.1988,"LOW"
51,"2","Other/Unknown","T2","3",0.796,0.204,"LOW"
52,"2","Other/Unknown","T2","3",0.7955,0.2045,"LOW"
53,"2","Other/Unknown","T2","3",0.7971,0.2029,"LOW"
54,"2","Other/Unknown","T2","3",0.7965,0.2035,"LOW"
55,"2","Other/Unknown","T2","3",0.7965,0.2035,"LOW"
56,"2","Other/Unknown","T2","3",0.7952,0.2048,"LOW"
57,"2","Other/Unknown","T2","3",0.794,0.206,"LOW"
58,"2","Other/Unknown","T2","3",0.7955,0.2045,"LOW"
59,"2","Other/Unknown","T2","3",0.7955,0.2045,"LOW"
60,"2","Other/Unknown","T2","3",0.7963,0.2037,"LOW"
61,"2","Other/Unknown","T2","3",0.7966,0.2034,"LOW"
62,"2","Other/Unknown","T2","3",0.7975,0.2025,"LOW"
63,"2","Other/Unknown","T2","3",0.7982,0.2018,"LOW"
64,"2","Other/Unknown","T2","3",0.7995,0.2005,"LOW"
65,"2","Other/Unknown","T2","3",0.7999,0.2001,"LOW"
66,"2","Other/Unknown","T2","3",0.8008,0.1992,"LOW"
67,"2","Other/Unknown","T2","3",0.7987,0.2013,"LOW"
68,"2","Other/Unknown","T2","3",0.7987,0.2013,"LOW"
69,"2","Other/Unknown","T2","3",0.7978,0.2022,"LOW"
70,"2","Other/Unknown","T2","3",0.7957,0.2043,"LOW"
71,"2","Other/Unknown","T2","3",0.7983,0.2017,"LOW"
72,"2","Other/Unknown","T2","3",0.7999,0.2001,"LOW"
73,"2","Other/Unknown","T2","3",0.8031,0.1969,"LOW"
74,"2","Other/Unknown","T2","3",0.8056,0.1944,"LOW"
75,"2","Other/Unknown","T2","3",0.8056,0.1944,"LOW"
76,"2","Other/Unknown","T2","3",0.8049,0.1951,"LOW"
77,"2","Other/Unknown","T2","3",0.8051,0.1949,"LOW"
78,"2","Other/Unknown","T2","3",0.8064,0.1936,"LOW"
79,"2","Other/Unknown","T2","3",0.8086,0.1914,"LOW"
80,"2","Other/Unknown","T2","3",0.808,0.192,"LOW"
81,"2","Other/Unknown","T2","3",0.809,0.191,"LOW"
82,"2","Other/Unknown","T2","3",0.8113,0.1887,"LOW"
83,"2","Other/Unknown","T2","3",0.8146,0.1854,"LOW"
84,"2","Other/Unknown","T2","3",0.8198,0.1802,"LOW"
85,"2","Other/Unknown","T2","3",0.821,0.179,"LOW"
86,"2","Other/Unknown","T2","3",0.8228,0.1772,"LOW"
87,"2","Other/Unknown","T2","3",0.824,0.176,"LOW"
88,"2","Other/Unknown","T2","3",0.8248,0.1752,"LOW"
89,"2","Other/Unknown","T2","3",0.8268,0.1732,"LOW"
90,"2","Other/Unknown","T2","3",0.8276,0.1724,"LOW"
91,"2","Other/Unknown","T2","3",0.8276,0.1724,"LOW"
92,"2","Other/Unknown","T2","3",0.8276,0.1724,"LOW"
93,"2","Other/Unknown","T2","3",0.8276,0.1724,"LOW"
94,"2","Other/Unknown","T2","3",0.8276,0.1724,"LOW"
95,"2","Other/Unknown","T2","3",0.8276,0.1724,"LOW"
96,"2","Other/Unknown","T2","3",0.8276,0.1724,"LOW"
97,"2","Other/Unknown","T2","3",0.8276,0.1724,"LOW"
98,"2","Other/Unknown","T2","3",0.8276,0.1724,"LOW"
99,"2","Other/Unknown","T2","3",0.8276,0.1724,"LOW"
0,"1","N0","T3","3",0.8647,0.1353,"LOW"
1,"1","N0","T3","3",0.8658,0.1342,"LOW"
2,"1","N0","T3","3",0.8593,0.1407,"LOW"
3,"1","N0","T3","3",0.8429,0.1571,"LOW"
4,"1","N0","T3","3",0.8491,0.1509,"LOW"
5,"1","N0","T3","3",0.8598,0.1402,"LOW"
6,"1","N0","T3","3",0.8648,0.1352,"LOW"
7,"1","N0","T3","3",0.867,0.133,"LOW"
8,"1","N0","T3","3",0.866,0.134,"LOW"
9,"1","N0","T3","3",0.8671,0.1329,"LOW"
10,"1","N0","T3","3",0.8775,0.1225,"LOW"
11,"1","N0","T3","3",0.8798,0.1202,"LOW"
12,"1","N0","T3","3",0.8841,0.1159,"LOW"
13,"1","N0","T3","3",0.887,0.113,"LOW"
14,"1","N0","T3","3",0.8893,0.1107,"LOW"
15,"1","N0","T3","3",0.8908,0.1092,"LOW"
16,"1","N0","T3","3",0.892,0.108,"LOW"
17,"1","N0","T3","3",0.8962,0.1038,"LOW"
18,"1","N0","T3","3",0.8983,0.1017,"LOW"
19,"1","N0","T3","3",0.9006,0.0994,"LOW"
20,"1","N0","T3","3",0.8994,0.1006,"LOW"
21,"1","N0","T3","3",0.8997,0.1003,"LOW"
22,"1","N0","T3","3",0.9006,0.0994,"LOW"
23,"1","N0","T3","3",0.9015,0.0985,"LOW"
24,"1","N0","T3","3",0.9048,0.0952,"LOW"
25,"1","N0","T3","3",0.9059,0.0941,"LOW"
26,"1","N0","T3","3",0.907,0.093,"LOW"
27,"1","N0","T3","3",0.9069,0.0931,"LOW"
28,"1","N0","T3","3",0.9063,0.0937,"LOW"
29,"1","N0","T3","3",0.9073,0.0927,"LOW"
30,"1","N0","T3","3",0.9078,0.0922,"LOW"
31,"1","N0","T3","3",0.9075,0.0925,"LOW"
32,"1","N0","T3","3",0.9069,0.0931,"LOW"
33,"1","N0","T3","3",0.9063,0.0937,"LOW"
34,"1","N0","T3","3",0.9077,0.0923,"LOW"
35,"1","N0","T3","3",0.9092,0.0908,"LOW"
36,"1","N0","T3","3",0.9106,0.0894,"LOW"
37,"1","N0","T3","3",0.911,0.089,"LOW"
38,"1","N0","T3","3",0.916,0.084,"LOW"
39,"1","N0","T3","3",0.9175,0.0825,"LOW"
40,"1","N0","T3","3",0.9182,0.0818,"LOW"
41,"1","N0","T3","3",0.9195,0.0805,"LOW"
42,"1","N0","T3","3",0.9199,0.0801,"LOW"
43,"1","N0","T3","3",0.9213,0.0787,"LOW"
44,"1","N0","T3","3",0.9215,0.0785,"LOW"
45,"1","N0","T3","3",0.9217,0.0783,"LOW"
46,"1","N0","T3","3",0.922,0.078,"LOW"
47,"1","N0","T3","3",0.9223,0.0777,"LOW"
48,"1","N0","T3","3",0.922,0.078,"LOW"
49,"1","N0","T3","3",0.9224,0.0776,"LOW"
50,"1","N0","T3","3",0.9225,0.0775,"LOW"
51,"1","N0","T3","3",0.9229,0.0771,"LOW"
52,"1","N0","T3","3",0.9229,0.0771,"LOW"
53,"1","N0","T3","3",0.9231,0.0769,"LOW"
54,"1","N0","T3","3",0.9211,0.0789,"LOW"
55,"1","N0","T3","3",0.9214,0.0786,"LOW"
56,"1","N0","T3","3",0.9212,0.0788,"LOW"
57,"1","N0","T3","3",0.9212,0.0788,"LOW"
58,"1","N0","T3","3",0.921,0.079,"LOW"
59,"1","N0","T3","3",0.921,0.079,"LOW"
60,"1","N0","T3","3",0.9212,0.0788,"LOW"
61,"1","N0","T3","3",0.9217,0.0783,"LOW"
62,"1","N0","T3","3",0.9224,0.0776,"LOW"
63,"1","N0","T3","3",0.9225,0.0775,"LOW"
64,"1","N0","T3","3",0.9237,0.0763,"LOW"
65,"1","N0","T3","3",0.9256,0.0744,"LOW"
66,"1","N0","T3","3",0.9256,0.0744,"LOW"
67,"1","N0","T3","3",0.9268,0.0732,"LOW"
68,"1","N0","T3","3",0.927,0.073,"LOW"
69,"1","N0","T3","3",0.9271,0.0729,"LOW"
70,"1","N0","T3","3",0.9281,0.0719,"LOW"
71,"1","N0","T3","3",0.9275,0.0725,"LOW"
72,"1","N0","T3","3",0.9275,0.0725,"LOW"
73,"1","N0","T3","3",0.9276,0.0724,"LOW"
74,"1","N0","T3","3",0.9276,0.0724,"LOW"
75,"1","N0","T3","3",0.9277,0.0723,"LOW"
76,"1","N0","T3","3",0.9276,0.0724,"LOW"
77,"1","N0","T3","3",0.9276,0.0724,"LOW"
78,"1","N0","T3","3",0.9274,0.0726,"LOW"
79,"1","N0","T3","3",0.9271,0.0729,"LOW"
80,"1","N0","T3","3",0.9268,0.0732,"LOW"
81,"1","N0","T3","3",0.9272,0.0728,"LOW"
82,"1","N0","T3","3",0.928,0.072,"LOW"
83,"1","N0","T3","3",0.9287,0.0713,"LOW"
84,"1","N0","T3","3",0.929,0.071,"LOW"
85,"1","N0","T3","3",0.9287,0.0713,"LOW"
86,"1","N0","T3","3",0.9264,0.0736,"LOW"
87,"1","N0","T3","3",0.9277,0.0723,"LOW"
88,"1","N0","T3","3",0.9278,0.0722,"LOW"
89,"1","N0","T3","3",0.9293,0.0707,"LOW"
90,"1","N0","T3","3",0.9298,0.0702,"LOW"
91,"1","N0","T3","3",0.9298,0.0702,"LOW"
92,"1","N0","T3","3",0.9298,0.0702,"LOW"
93,"1","N0","T3","3",0.9298,0.0702,"LOW"
94,"1","N0","T3","3",0.9298,0.0702,"LOW"
95,"1","N0","T3","3",0.9298,0.0702,"LOW"
96,"1","N0","T3","3",0.9298,0.0702,"LOW"
97,"1","N0","T3","3",0.9298,0.0702,"LOW"
98,"1","N0","T3","3",0.9298,0.0702,"LOW"
99,"1","N0","T3","3",0.9298,0.0702,"LOW"
0,"2","N0","T3","3",0.8679,0.1321,"LOW"
1,"2","N0","T3","3",0.8655,0.1345,"LOW"
2,"2","N0","T3","3",0.8599,0.1401,"LOW"
3,"2","N0","T3","3",0.848,0.152,"LOW"
4,"2","N0","T3","3",0.8558,0.1442,"LOW"
5,"2","N0","T3","3",0.8594,0.1406,"LOW"
6,"2","N0","T3","3",0.8592,0.1408,"LOW"
7,"2","N0","T3","3",0.8635,0.1365,"LOW"
8,"2","N0","T3","3",0.8647,0.1353,"LOW"
9,"2","N0","T3","3",0.8666,0.1334,"LOW"
10,"2","N0","T3","3",0.8737,0.1263,"LOW"
11,"2","N0","T3","3",0.8765,0.1235,"LOW"
12,"2","N0","T3","3",0.8801,0.1199,"LOW"
13,"2","N0","T3","3",0.8829,0.1171,"LOW"
14,"2","N0","T3","3",0.8837,0.1163,"LOW"
15,"2","N0","T3","3",0.8854,0.1146,"LOW"
16,"2","N0","T3","3",0.8857,0.1143,"LOW"
17,"2","N0","T3","3",0.8861,0.1139,"LOW"
18,"2","N0","T3","3",0.8887,0.1113,"LOW"
19,"2","N0","T3","3",0.8905,0.1095,"LOW"
20,"2","N0","T3","3",0.8918,0.1082,"LOW"
21,"2","N0","T3","3",0.8921,0.1079,"LOW"
22,"2","N0","T3","3",0.8924,0.1076,"LOW"
23,"2","N0","T3","3",0.8929,0.1071,"LOW"
24,"2","N0","T3","3",0.8933,0.1067,"LOW"
25,"2","N0","T3","3",0.8938,0.1062,"LOW"
26,"2","N0","T3","3",0.8938,0.1062,"LOW"
27,"2","N0","T3","3",0.8945,0.1055,"LOW"
28,"2","N0","T3","3",0.8943,0.1057,"LOW"
29,"2","N0","T3","3",0.8948,0.1052,"LOW"
30,"2","N0","T3","3",0.8975,0.1025,"LOW"
31,"2","N0","T3","3",0.8968,0.1032,"LOW"
32,"2","N0","T3","3",0.8969,0.1031,"LOW"
33,"2","N0","T3","3",0.8982,0.1018,"LOW"
34,"2","N0","T3","3",0.8979,0.1021,"LOW"
35,"2","N0","T3","3",0.8965,0.1035,"LOW"
36,"2","N0","T3","3",0.9003,0.0997,"LOW"
37,"2","N0","T3","3",0.9025,0.0975,"LOW"
38,"2","N0","T3","3",0.9063,0.0937,"LOW"
39,"2","N0","T3","3",0.908,0.092,"LOW"
40,"2","N0","T3","3",0.9095,0.0905,"LOW"
41,"2","N0","T3","3",0.911,0.089,"LOW"
42,"2","N0","T3","3",0.912,0.088,"LOW"
43,"2","N0","T3","3",0.9121,0.0879,"LOW"
44,"2","N0","T3","3",0.9128,0.0872,"LOW"
45,"2","N0","T3","3",0.9129,0.0871,"LOW"
46,"2","N0","T3","3",0.9129,0.0871,"LOW"
47,"2","N0","T3","3",0.9149,0.0851,"LOW"
48,"2","N0","T3","3",0.915,0.085,"LOW"
49,"2","N0","T3","3",0.9151,0.0849,"LOW"
50,"2","N0","T3","3",0.9154,0.0846,"LOW"
51,"2","N0","T3","3",0.9151,0.0849,"LOW"
52,"2","N0","T3","3",0.9151,0.0849,"LOW"
53,"2","N0","T3","3",0.9144,0.0856,"LOW"
54,"2","N0","T3","3",0.9119,0.0881,"LOW"
55,"2","N0","T3","3",0.9115,0.0885,"LOW"
56,"2","N0","T3","3",0.911,0.089,"LOW"
57,"2","N0","T3","3",0.9099,0.0901,"LOW"
58,"2","N0","T3","3",0.9105,0.0895,"LOW"
59,"2","N0","T3","3",0.91,0.09,"LOW"
60,"2","N0","T3","3",0.9092,0.0908,"LOW"
61,"2","N0","T3","3",0.91,0.09,"LOW"
62,"2","N0","T3","3",0.9109,0.0891,"LOW"
63,"2","N0","T3","3",0.9136,0.0864,"LOW"
64,"2","N0","T3","3",0.9135,0.0865,"LOW"
65,"2","N0","T3","3",0.9152,0.0848,"LOW"
66,"2","N0","T3","3",0.9149,0.0851,"LOW"
67,"2","N0","T3","3",0.9158,0.0842,"LOW"
68,"2","N0","T3","3",0.9159,0.0841,"LOW"
69,"2","N0","T3","3",0.9162,0.0838,"LOW"
70,"2","N0","T3","3",0.9172,0.0828,"LOW"
71,"2","N0","T3","3",0.9167,0.0833,"LOW"
72,"2","N0","T3","3",0.9166,0.0834,"LOW"
73,"2","N0","T3","3",0.9166,0.0834,"LOW"
74,"2","N0","T3","3",0.9167,0.0833,"LOW"
75,"2","N0","T3","3",0.9158,0.0842,"LOW"
76,"2","N0","T3","3",0.9162,0.0838,"LOW"
77,"2","N0","T3","3",0.9159,0.0841,"LOW"
78,"2","N0","T3","3",0.9153,0.0847,"LOW"
79,"2","N0","T3","3",0.9158,0.0842,"LOW"
80,"2","N0","T3","3",0.9152,0.0848,"LOW"
81,"2","N0","T3","3",0.914,0.086,"LOW"
82,"2","N0","T3","3",0.9145,0.0855,"LOW"
83,"2","N0","T3","3",0.9162,0.0838,"LOW"
84,"2","N0","T3","3",0.9172,0.0828,"LOW"
85,"2","N0","T3","3",0.9171,0.0829,"LOW"
86,"2","N0","T3","3",0.9149,0.0851,"LOW"
87,"2","N0","T3","3",0.916,0.084,"LOW"
88,"2","N0","T3","3",0.916,0.084,"LOW"
89,"2","N0","T3","3",0.917,0.083,"LOW"
90,"2","N0","T3","3",0.9179,0.0821,"LOW"
91,"2","N0","T3","3",0.9179,0.0821,"LOW"
92,"2","N0","T3","3",0.9179,0.0821,"LOW"
93,"2","N0","T3","3",0.9179,0.0821,"LOW"
94,"2","N0","T3","3",0.9179,0.0821,"LOW"
95,"2","N0","T3","3",0.9179,0.0821,"LOW"
96,"2","N0","T3","3",0.9179,0.0821,"LOW"
97,"2","N0","T3","3",0.9179,0.0821,"LOW"
98,"2","N0","T3","3",0.9179,0.0821,"LOW"
99,"2","N0","T3","3",0.9179,0.0821,"LOW"
0,"1","N1","T3","3",0.6639,0.3361,"LOW"
1,"1","N1","T3","3",0.6603,0.3397,"LOW"
2,"1","N1","T3","3",0.6522,0.3478,"LOW"
3,"1","N1","T3","3",0.6467,0.3533,"LOW"
4,"1","N1","T3","3",0.6487,0.3513,"LOW"
5,"1","N1","T3","3",0.6523,0.3477,"LOW"
6,"1","N1","T3","3",0.6564,0.3436,"LOW"
7,"1","N1","T3","3",0.6567,0.3433,"LOW"
8,"1","N1","T3","3",0.6538,0.3462,"LOW"
9,"1","N1","T3","3",0.6538,0.3462,"LOW"
10,"1","N1","T3","3",0.6548,0.3452,"LOW"
11,"1","N1","T3","3",0.6503,0.3497,"LOW"
12,"1","N1","T3","3",0.6542,0.3458,"LOW"
13,"1","N1","T3","3",0.6516,0.3484,"LOW"
14,"1","N1","T3","3",0.6504,0.3496,"LOW"
15,"1","N1","T3","3",0.6503,0.3497,"LOW"
16,"1","N1","T3","3",0.652,0.348,"LOW"
17,"1","N1","T3","3",0.652,0.348,"LOW"
18,"1","N1","T3","3",0.6542,0.3458,"LOW"
19,"1","N1","T3","3",0.6566,0.3434,"LOW"
20,"1","N1","T3","3",0.6578,0.3422,"LOW"
21,"1","N1","T3","3",0.6593,0.3407,"LOW"
22,"1","N1","T3","3",0.6593,0.3407,"LOW"
23,"1","N1","T3","3",0.6587,0.3413,"LOW"
24,"1","N1","T3","3",0.6549,0.3451,"LOW"
25,"1","N1","T3","3",0.6582,0.3418,"LOW"
26,"1","N1","T3","3",0.6595,0.3405,"LOW"
27,"1","N1","T3","3",0.6622,0.3378,"LOW"
28,"1","N1","T3","3",0.6636,0.3364,"LOW"
29,"1","N1","T3","3",0.6653,0.3347,"LOW"
30,"1","N1","T3","3",0.6624,0.3376,"LOW"
31,"1","N1","T3","3",0.6594,0.3406,"LOW"
32,"1","N1","T3","3",0.6571,0.3429,"LOW"
33,"1","N1","T3","3",0.6599,0.3401,"LOW"
34,"1","N1","T3","3",0.6586,0.3414,"LOW"
35,"1","N1","T3","3",0.658,0.342,"LOW"
36,"1","N1","T3","3",0.6578,0.3422,"LOW"
37,"1","N1","T3","3",0.6528,0.3472,"LOW"
38,"1","N1","T3","3",0.6551,0.3449,"LOW"
39,"1","N1","T3","3",0.6517,0.3483,"LOW"
40,"1","N1","T3","3",0.6515,0.3485,"LOW"
41,"1","N1","T3","3",0.6518,0.3482,"LOW"
42,"1","N1","T3","3",0.6507,0.3493,"LOW"
43,"1","N1","T3","3",0.6516,0.3484,"LOW"
44,"1","N1","T3","3",0.6467,0.3533,"LOW"
45,"1","N1","T3","3",0.6485,0.3515,"LOW"
46,"1","N1","T3","3",0.6482,0.3518,"LOW"
47,"1","N1","T3","3",0.6489,0.3511,"LOW"
48,"1","N1","T3","3",0.6475,0.3525,"LOW"
49,"1","N1","T3","3",0.6456,0.3544,"LOW"
50,"1","N1","T3","3",0.6455,0.3545,"LOW"
51,"1","N1","T3","3",0.6419,0.3581,"LOW"
52,"1","N1","T3","3",0.643,0.357,"LOW"
53,"1","N1","T3","3",0.6437,0.3563,"LOW"
54,"1","N1","T3","3",0.6426,0.3574,"LOW"
55,"1","N1","T3","3",0.6419,0.3581,"LOW"
56,"1","N1","T3","3",0.6394,0.3606,"LOW"
57,"1","N1","T3","3",0.6394,0.3606,"LOW"
58,"1","N1","T3","3",0.6367,0.3633,"LOW"
59,"1","N1","T3","3",0.6367,0.3633,"LOW"
60,"1","N1","T3","3",0.6384,0.3616,"LOW"
61,"1","N1","T3","3",0.6397,0.3603,"LOW"
62,"1","N1","T3","3",0.6398,0.3602,"LOW"
63,"1","N1","T3","3",0.6391,0.3609,"LOW"
64,"1","N1","T3","3",0.6399,0.3601,"LOW"
65,"1","N1","T3","3",0.6397,0.3603,"LOW"
66,"1","N1","T3","3",0.6392,0.3608,"LOW"
67,"1","N1","T3","3",0.639,0.361,"LOW"
68,"1","N1","T3","3",0.6381,0.3619,"LOW"
69,"1","N1","T3","3",0.6386,0.3614,"LOW"
70,"1","N1","T3","3",0.6406,0.3594,"LOW"
71,"1","N1","T3","3",0.641,0.359,"LOW"
72,"1","N1","T3","3",0.6384,0.3616,"LOW"
73,"1","N1","T3","3",0.6418,0.3582,"LOW"
74,"1","N1","T3","3",0.64,0.36,"LOW"
75,"1","N1","T3","3",0.6391,0.3609,"LOW"
76,"1","N1","T3","3",0.6371,0.3629,"LOW"
77,"1","N1","T3","3",0.6322,0.3678,"LOW"
78,"1","N1","T3","3",0.6337,0.3663,"LOW"
79,"1","N1","T3","3",0.6331,0.3669,"LOW"
80,"1","N1","T3","3",0.6337,0.3663,"LOW"
81,"1","N1","T3","3",0.6346,0.3654,"LOW"
82,"1","N1","T3","3",0.6354,0.3646,"LOW"
83,"1","N1","T3","3",0.6402,0.3598,"LOW"
84,"1","N1","T3","3",0.6384,0.3616,"LOW"
85,"1","N1","T3","3",0.6375,0.3625,"LOW"
86,"1","N1","T3","3",0.6424,0.3576,"LOW"
87,"1","N1","T3","3",0.6431,0.3569,"LOW"
88,"1","N1","T3","3",0.6441,0.3559,"LOW"
89,"1","N1","T3","3",0.6454,0.3546,"LOW"
90,"1","N1","T3","3",0.6455,0.3545,"LOW"
91,"1","N1","T3","3",0.6455,0.3545,"LOW"
92,"1","N1","T3","3",0.6455,0.3545,"LOW"
93,"1","N1","T3","3",0.6455,0.3545,"LOW"
94,"1","N1","T3","3",0.6455,0.3545,"LOW"
95,"1","N1","T3","3",0.6455,0.3545,"LOW"
96,"1","N1","T3","3",0.6455,0.3545,"LOW"
97,"1","N1","T3","3",0.6455,0.3545,"LOW"
98,"1","N1","T3","3",0.6455,0.3545,"LOW"
99,"1","N1","T3","3",0.6455,0.3545,"LOW"
0,"2","N1","T3","3",0.6893,0.3107,"LOW"
1,"2","N1","T3","3",0.6889,0.3111,"LOW"
2,"2","N1","T3","3",0.6824,0.3176,"LOW"
3,"2","N1","T3","3",0.6741,0.3259,"LOW"
4,"2","N1","T3","3",0.6752,0.3248,"LOW"
5,"2","N1","T3","3",0.6706,0.3294,"LOW"
6,"2","N1","T3","3",0.6711,0.3289,"LOW"
7,"2","N1","T3","3",0.6744,0.3256,"LOW"
8,"2","N1","T3","3",0.6719,0.3281,"LOW"
9,"2","N1","T3","3",0.6707,0.3293,"LOW"
10,"2","N1","T3","3",0.6719,0.3281,"LOW"
11,"2","N1","T3","3",0.6664,0.3336,"LOW"
12,"2","N1","T3","3",0.6692,0.3308,"LOW"
13,"2","N1","T3","3",0.6685,0.3315,"LOW"
14,"2","N1","T3","3",0.6666,0.3334,"LOW"
15,"2","N1","T3","3",0.667,0.333,"LOW"
16,"2","N1","T3","3",0.6668,0.3332,"LOW"
17,"2","N1","T3","3",0.6675,0.3325,"LOW"
18,"2","N1","T3","3",0.6697,0.3303,"LOW"
19,"2","N1","T3","3",0.6737,0.3263,"LOW"
20,"2","N1","T3","3",0.6768,0.3232,"LOW"
21,"2","N1","T3","3",0.6804,0.3196,"LOW"
22,"2","N1","T3","3",0.681,0.319,"LOW"
23,"2","N1","T3","3",0.6819,0.3181,"LOW"
24,"2","N1","T3","3",0.6815,0.3185,"LOW"
25,"2","N1","T3","3",0.686,0.314,"LOW"
26,"2","N1","T3","3",0.6896,0.3104,"LOW"
27,"2","N1","T3","3",0.6928,0.3072,"LOW"
28,"2","N1","T3","3",0.6942,0.3058,"LOW"
29,"2","N1","T3","3",0.6956,0.3044,"LOW"
30,"2","N1","T3","3",0.6998,0.3002,"LOW"
31,"2","N1","T3","3",0.6977,0.3023,"LOW"
32,"2","N1","T3","3",0.695,0.305,"LOW"
33,"2","N1","T3","3",0.6986,0.3014,"LOW"
34,"2","N1","T3","3",0.699,0.301,"LOW"
35,"2","N1","T3","3",0.6969,0.3031,"LOW"
36,"2","N1","T3","3",0.7,0.3,"LOW"
37,"2","N1","T3","3",0.703,0.297,"LOW"
38,"2","N1","T3","3",0.704,0.296,"LOW"
39,"2","N1","T3","3",0.7014,0.2986,"LOW"
40,"2","N1","T3","3",0.7015,0.2985,"LOW"
41,"2","N1","T3","3",0.7042,0.2958,"LOW"
42,"2","N1","T3","3",0.7035,0.2965,"LOW"
43,"2","N1","T3","3",0.7043,0.2957,"LOW"
44,"2","N1","T3","3",0.6986,0.3014,"LOW"
45,"2","N1","T3","3",0.6988,0.3012,"LOW"
46,"2","N1","T3","3",0.6991,0.3009,"LOW"
47,"2","N1","T3","3",0.7021,0.2979,"LOW"
48,"2","N1","T3","3",0.7031,0.2969,"LOW"
49,"2","N1","T3","3",0.7014,0.2986,"LOW"
50,"2","N1","T3","3",0.7011,0.2989,"LOW"
51,"2","N1","T3","3",0.699,0.301,"LOW"
52,"2","N1","T3","3",0.7042,0.2958,"LOW"
53,"2","N1","T3","3",0.7018,0.2982,"LOW"
54,"2","N1","T3","3",0.6999,0.3001,"LOW"
55,"2","N1","T3","3",0.6974,0.3026,"LOW"
56,"2","N1","T3","3",0.694,0.306,"LOW"
57,"2","N1","T3","3",0.6929,0.3071,"LOW"
58,"2","N1","T3","3",0.6895,0.3105,"LOW"
59,"2","N1","T3","3",0.6895,0.3105,"LOW"
60,"2","N1","T3","3",0.6878,0.3122,"LOW"
61,"2","N1","T3","3",0.6899,0.3101,"LOW"
62,"2","N1","T3","3",0.6943,0.3057,"LOW"
63,"2","N1","T3","3",0.6921,0.3079,"LOW"
64,"2","N1","T3","3",0.6902,0.3098,"LOW"
65,"2","N1","T3","3",0.6898,0.3102,"LOW"
66,"2","N1","T3","3",0.6905,0.3095,"LOW"
67,"2","N1","T3","3",0.6919,0.3081,"LOW"
68,"2","N1","T3","3",0.6918,0.3082,"LOW"
69,"2","N1","T3","3",0.689,0.311,"LOW"
70,"2","N1","T3","3",0.6886,0.3114,"LOW"
71,"2","N1","T3","3",0.6888,0.3112,"LOW"
72,"2","N1","T3","3",0.6849,0.3151,"LOW"
73,"2","N1","T3","3",0.6818,0.3182,"LOW"
74,"2","N1","T3","3",0.6817,0.3183,"LOW"
75,"2","N1","T3","3",0.6786,0.3214,"LOW"
76,"2","N1","T3","3",0.679,0.321,"LOW"
77,"2","N1","T3","3",0.6768,0.3232,"LOW"
78,"2","N1","T3","3",0.6739,0.3261,"LOW"
79,"2","N1","T3","3",0.6737,0.3263,"LOW"
80,"2","N1","T3","3",0.6744,0.3256,"LOW"
81,"2","N1","T3","3",0.6763,0.3237,"LOW"
82,"2","N1","T3","3",0.6771,0.3229,"LOW"
83,"2","N1","T3","3",0.6787,0.3213,"LOW"
84,"2","N1","T3","3",0.679,0.321,"LOW"
85,"2","N1","T3","3",0.6797,0.3203,"LOW"
86,"2","N1","T3","3",0.6836,0.3164,"LOW"
87,"2","N1","T3","3",0.684,0.316,"LOW"
88,"2","N1","T3","3",0.6846,0.3154,"LOW"
89,"2","N1","T3","3",0.6861,0.3139,"LOW"
90,"2","N1","T3","3",0.69,0.31,"LOW"
91,"2","N1","T3","3",0.69,0.31,"LOW"
92,"2","N1","T3","3",0.69,0.31,"LOW"
93,"2","N1","T3","3",0.69,0.31,"LOW"
94,"2","N1","T3","3",0.69,0.31,"LOW"
95,"2","N1","T3","3",0.69,0.31,"LOW"
96,"2","N1","T3","3",0.69,0.31,"LOW"
97,"2","N1","T3","3",0.69,0.31,"LOW"
98,"2","N1","T3","3",0.69,0.31,"LOW"
99,"2","N1","T3","3",0.69,0.31,"LOW"
0,"1","Other/Unknown","T3","3",0.7635,0.2365,"LOW"
1,"1","Other/Unknown","T3","3",0.7657,0.2343,"LOW"
2,"1","Other/Unknown","T3","3",0.7562,0.2438,"LOW"
3,"1","Other/Unknown","T3","3",0.7452,0.2548,"LOW"
4,"1","Other/Unknown","T3","3",0.755,0.245,"LOW"
5,"1","Other/Unknown","T3","3",0.7603,0.2397,"LOW"
6,"1","Other/Unknown","T3","3",0.7619,0.2381,"LOW"
7,"1","Other/Unknown","T3","3",0.7633,0.2367,"LOW"
8,"1","Other/Unknown","T3","3",0.7639,0.2361,"LOW"
9,"1","Other/Unknown","T3","3",0.7652,0.2348,"LOW"
10,"1","Other/Unknown","T3","3",0.7669,0.2331,"LOW"
11,"1","Other/Unknown","T3","3",0.7699,0.2301,"LOW"
12,"1","Other/Unknown","T3","3",0.7758,0.2242,"LOW"
13,"1","Other/Unknown","T3","3",0.7822,0.2178,"LOW"
14,"1","Other/Unknown","T3","3",0.7822,0.2178,"LOW"
15,"1","Other/Unknown","T3","3",0.7849,0.2151,"LOW"
16,"1","Other/Unknown","T3","3",0.785,0.215,"LOW"
17,"1","Other/Unknown","T3","3",0.7877,0.2123,"LOW"
18,"1","Other/Unknown","T3","3",0.792,0.208,"LOW"
19,"1","Other/Unknown","T3","3",0.7943,0.2057,"LOW"
20,"1","Other/Unknown","T3","3",0.7963,0.2037,"LOW"
21,"1","Other/Unknown","T3","3",0.7984,0.2016,"LOW"
22,"1","Other/Unknown","T3","3",0.8004,0.1996,"LOW"
23,"1","Other/Unknown","T3","3",0.8038,0.1962,"LOW"
24,"1","Other/Unknown","T3","3",0.8043,0.1957,"LOW"
25,"1","Other/Unknown","T3","3",0.8077,0.1923,"LOW"
26,"1","Other/Unknown","T3","3",0.8101,0.1899,"LOW"
27,"1","Other/Unknown","T3","3",0.8109,0.1891,"LOW"
28,"1","Other/Unknown","T3","3",0.8109,0.1891,"LOW"
29,"1","Other/Unknown","T3","3",0.8127,0.1873,"LOW"
30,"1","Other/Unknown","T3","3",0.8148,0.1852,"LOW"
31,"1","Other/Unknown","T3","3",0.8153,0.1847,"LOW"
32,"1","Other/Unknown","T3","3",0.8188,0.1812,"LOW"
33,"1","Other/Unknown","T3","3",0.82,0.18,"LOW"
34,"1","Other/Unknown","T3","3",0.8235,0.1765,"LOW"
35,"1","Other/Unknown","T3","3",0.8223,0.1777,"LOW"
36,"1","Other/Unknown","T3","3",0.8239,0.1761,"LOW"
37,"1","Other/Unknown","T3","3",0.8256,0.1744,"LOW"
38,"1","Other/Unknown","T3","3",0.8312,0.1688,"LOW"
39,"1","Other/Unknown","T3","3",0.8358,0.1642,"LOW"
40,"1","Other/Unknown","T3","3",0.8371,0.1629,"LOW"
41,"1","Other/Unknown","T3","3",0.8402,0.1598,"LOW"
42,"1","Other/Unknown","T3","3",0.8401,0.1599,"LOW"
43,"1","Other/Unknown","T3","3",0.8409,0.1591,"LOW"
44,"1","Other/Unknown","T3","3",0.8411,0.1589,"LOW"
45,"1","Other/Unknown","T3","3",0.841,0.159,"LOW"
46,"1","Other/Unknown","T3","3",0.8416,0.1584,"LOW"
47,"1","Other/Unknown","T3","3",0.842,0.158,"LOW"
48,"1","Other/Unknown","T3","3",0.8416,0.1584,"LOW"
49,"1","Other/Unknown","T3","3",0.841,0.159,"LOW"
50,"1","Other/Unknown","T3","3",0.841,0.159,"LOW"
51,"1","Other/Unknown","T3","3",0.8413,0.1587,"LOW"
52,"1","Other/Unknown","T3","3",0.8416,0.1584,"LOW"
53,"1","Other/Unknown","T3","3",0.8417,0.1583,"LOW"
54,"1","Other/Unknown","T3","3",0.8403,0.1597,"LOW"
55,"1","Other/Unknown","T3","3",0.8404,0.1596,"LOW"
56,"1","Other/Unknown","T3","3",0.8408,0.1592,"LOW"
57,"1","Other/Unknown","T3","3",0.8416,0.1584,"LOW"
58,"1","Other/Unknown","T3","3",0.843,0.157,"LOW"
59,"1","Other/Unknown","T3","3",0.8417,0.1583,"LOW"
60,"1","Other/Unknown","T3","3",0.8429,0.1571,"LOW"
61,"1","Other/Unknown","T3","3",0.841,0.159,"LOW"
62,"1","Other/Unknown","T3","3",0.8408,0.1592,"LOW"
63,"1","Other/Unknown","T3","3",0.8412,0.1588,"LOW"
64,"1","Other/Unknown","T3","3",0.841,0.159,"LOW"
65,"1","Other/Unknown","T3","3",0.8421,0.1579,"LOW"
66,"1","Other/Unknown","T3","3",0.8425,0.1575,"LOW"
67,"1","Other/Unknown","T3","3",0.8429,0.1571,"LOW"
68,"1","Other/Unknown","T3","3",0.8429,0.1571,"LOW"
69,"1","Other/Unknown","T3","3",0.8425,0.1575,"LOW"
70,"1","Other/Unknown","T3","3",0.8431,0.1569,"LOW"
71,"1","Other/Unknown","T3","3",0.8436,0.1564,"LOW"
72,"1","Other/Unknown","T3","3",0.843,0.157,"LOW"
73,"1","Other/Unknown","T3","3",0.8427,0.1573,"LOW"
74,"1","Other/Unknown","T3","3",0.8427,0.1573,"LOW"
75,"1","Other/Unknown","T3","3",0.8422,0.1578,"LOW"
76,"1","Other/Unknown","T3","3",0.8429,0.1571,"LOW"
77,"1","Other/Unknown","T3","3",0.8437,0.1563,"LOW"
78,"1","Other/Unknown","T3","3",0.8449,0.1551,"LOW"
79,"1","Other/Unknown","T3","3",0.8447,0.1553,"LOW"
80,"1","Other/Unknown","T3","3",0.8445,0.1555,"LOW"
81,"1","Other/Unknown","T3","3",0.8441,0.1559,"LOW"
82,"1","Other/Unknown","T3","3",0.8462,0.1538,"LOW"
83,"1","Other/Unknown","T3","3",0.8495,0.1505,"LOW"
84,"1","Other/Unknown","T3","3",0.8498,0.1502,"LOW"
85,"1","Other/Unknown","T3","3",0.8501,0.1499,"LOW"
86,"1","Other/Unknown","T3","3",0.8504,0.1496,"LOW"
87,"1","Other/Unknown","T3","3",0.8523,0.1477,"LOW"
88,"1","Other/Unknown","T3","3",0.8524,0.1476,"LOW"
89,"1","Other/Unknown","T3","3",0.8536,0.1464,"LOW"
90,"1","Other/Unknown","T3","3",0.8538,0.1462,"LOW"
91,"1","Other/Unknown","T3","3",0.8538,0.1462,"LOW"
92,"1","Other/Unknown","T3","3",0.8538,0.1462,"LOW"
93,"1","Other/Unknown","T3","3",0.8538,0.1462,"LOW"
94,"1","Other/Unknown","T3","3",0.8538,0.1462,"LOW"
95,"1","Other/Unknown","T3","3",0.8538,0.1462,"LOW"
96,"1","Other/Unknown","T3","3",0.8538,0.1462,"LOW"
97,"1","Other/Unknown","T3","3",0.8538,0.1462,"LOW"
98,"1","Other/Unknown","T3","3",0.8538,0.1462,"LOW"
99,"1","Other/Unknown","T3","3",0.8538,0.1462,"LOW"
0,"2","Other/Unknown","T3","3",0.7674,0.2326,"LOW"
1,"2","Other/Unknown","T3","3",0.7686,0.2314,"LOW"
2,"2","Other/Unknown","T3","3",0.7644,0.2356,"LOW"
3,"2","Other/Unknown","T3","3",0.7567,0.2433,"LOW"
4,"2","Other/Unknown","T3","3",0.7682,0.2318,"LOW"
5,"2","Other/Unknown","T3","3",0.7731,0.2269,"LOW"
6,"2","Other/Unknown","T3","3",0.7767,0.2233,"LOW"
7,"2","Other/Unknown","T3","3",0.7813,0.2187,"LOW"
8,"2","Other/Unknown","T3","3",0.781,0.219,"LOW"
9,"2","Other/Unknown","T3","3",0.7824,0.2176,"LOW"
10,"2","Other/Unknown","T3","3",0.7855,0.2145,"LOW"
11,"2","Other/Unknown","T3","3",0.7866,0.2134,"LOW"
12,"2","Other/Unknown","T3","3",0.7935,0.2065,"LOW"
13,"2","Other/Unknown","T3","3",0.7898,0.2102,"LOW"
14,"2","Other/Unknown","T3","3",0.7908,0.2092,"LOW"
15,"2","Other/Unknown","T3","3",0.7921,0.2079,"LOW"
16,"2","Other/Unknown","T3","3",0.7944,0.2056,"LOW"
17,"2","Other/Unknown","T3","3",0.7957,0.2043,"LOW"
18,"2","Other/Unknown","T3","3",0.7994,0.2006,"LOW"
19,"2","Other/Unknown","T3","3",0.8024,0.1976,"LOW"
20,"2","Other/Unknown","T3","3",0.8024,0.1976,"LOW"
21,"2","Other/Unknown","T3","3",0.8007,0.1993,"LOW"
22,"2","Other/Unknown","T3","3",0.8006,0.1994,"LOW"
23,"2","Other/Unknown","T3","3",0.8015,0.1985,"LOW"
24,"2","Other/Unknown","T3","3",0.8024,0.1976,"LOW"
25,"2","Other/Unknown","T3","3",0.8048,0.1952,"LOW"
26,"2","Other/Unknown","T3","3",0.8062,0.1938,"LOW"
27,"2","Other/Unknown","T3","3",0.806,0.194,"LOW"
28,"2","Other/Unknown","T3","3",0.8058,0.1942,"LOW"
29,"2","Other/Unknown","T3","3",0.8072,0.1928,"LOW"
30,"2","Other/Unknown","T3","3",0.8081,0.1919,"LOW"
31,"2","Other/Unknown","T3","3",0.8097,0.1903,"LOW"
32,"2","Other/Unknown","T3","3",0.8109,0.1891,"LOW"
33,"2","Other/Unknown","T3","3",0.8096,0.1904,"LOW"
34,"2","Other/Unknown","T3","3",0.8114,0.1886,"LOW"
35,"2","Other/Unknown","T3","3",0.8101,0.1899,"LOW"
36,"2","Other/Unknown","T3","3",0.8119,0.1881,"LOW"
37,"2","Other/Unknown","T3","3",0.8134,0.1866,"LOW"
38,"2","Other/Unknown","T3","3",0.8189,0.1811,"LOW"
39,"2","Other/Unknown","T3","3",0.819,0.181,"LOW"
40,"2","Other/Unknown","T3","3",0.8185,0.1815,"LOW"
41,"2","Other/Unknown","T3","3",0.8241,0.1759,"LOW"
42,"2","Other/Unknown","T3","3",0.8268,0.1732,"LOW"
43,"2","Other/Unknown","T3","3",0.8281,0.1719,"LOW"
44,"2","Other/Unknown","T3","3",0.8283,0.1717,"LOW"
45,"2","Other/Unknown","T3","3",0.8279,0.1721,"LOW"
46,"2","Other/Unknown","T3","3",0.8275,0.1725,"LOW"
47,"2","Other/Unknown","T3","3",0.8256,0.1744,"LOW"
48,"2","Other/Unknown","T3","3",0.8265,0.1735,"LOW"
49,"2","Other/Unknown","T3","3",0.8259,0.1741,"LOW"
50,"2","Other/Unknown","T3","3",0.8249,0.1751,"LOW"
51,"2","Other/Unknown","T3","3",0.8239,0.1761,"LOW"
52,"2","Other/Unknown","T3","3",0.8229,0.1771,"LOW"
53,"2","Other/Unknown","T3","3",0.8239,0.1761,"LOW"
54,"2","Other/Unknown","T3","3",0.8215,0.1785,"LOW"
55,"2","Other/Unknown","T3","3",0.8216,0.1784,"LOW"
56,"2","Other/Unknown","T3","3",0.8208,0.1792,"LOW"
57,"2","Other/Unknown","T3","3",0.8205,0.1795,"LOW"
58,"2","Other/Unknown","T3","3",0.8189,0.1811,"LOW"
59,"2","Other/Unknown","T3","3",0.8212,0.1788,"LOW"
60,"2","Other/Unknown","T3","3",0.8214,0.1786,"LOW"
61,"2","Other/Unknown","T3","3",0.8215,0.1785,"LOW"
62,"2","Other/Unknown","T3","3",0.823,0.177,"LOW"
63,"2","Other/Unknown","T3","3",0.8243,0.1757,"LOW"
64,"2","Other/Unknown","T3","3",0.8241,0.1759,"LOW"
65,"2","Other/Unknown","T3","3",0.8264,0.1736,"LOW"
66,"2","Other/Unknown","T3","3",0.8271,0.1729,"LOW"
67,"2","Other/Unknown","T3","3",0.8256,0.1744,"LOW"
68,"2","Other/Unknown","T3","3",0.8256,0.1744,"LOW"
69,"2","Other/Unknown","T3","3",0.8257,0.1743,"LOW"
70,"2","Other/Unknown","T3","3",0.8273,0.1727,"LOW"
71,"2","Other/Unknown","T3","3",0.8305,0.1695,"LOW"
72,"2","Other/Unknown","T3","3",0.8307,0.1693,"LOW"
73,"2","Other/Unknown","T3","3",0.831,0.169,"LOW"
74,"2","Other/Unknown","T3","3",0.8309,0.1691,"LOW"
75,"2","Other/Unknown","T3","3",0.8307,0.1693,"LOW"
76,"2","Other/Unknown","T3","3",0.8318,0.1682,"LOW"
77,"2","Other/Unknown","T3","3",0.8323,0.1677,"LOW"
78,"2","Other/Unknown","T3","3",0.8331,0.1669,"LOW"
79,"2","Other/Unknown","T3","3",0.8339,0.1661,"LOW"
80,"2","Other/Unknown","T3","3",0.8331,0.1669,"LOW"
81,"2","Other/Unknown","T3","3",0.8329,0.1671,"LOW"
82,"2","Other/Unknown","T3","3",0.8315,0.1685,"LOW"
83,"2","Other/Unknown","T3","3",0.8353,0.1647,"LOW"
84,"2","Other/Unknown","T3","3",0.8379,0.1621,"LOW"
85,"2","Other/Unknown","T3","3",0.8392,0.1608,"LOW"
86,"2","Other/Unknown","T3","3",0.8402,0.1598,"LOW"
87,"2","Other/Unknown","T3","3",0.8438,0.1562,"LOW"
88,"2","Other/Unknown","T3","3",0.8447,0.1553,"LOW"
89,"2","Other/Unknown","T3","3",0.8461,0.1539,"LOW"
90,"2","Other/Unknown","T3","3",0.8467,0.1533,"LOW"
91,"2","Other/Unknown","T3","3",0.8467,0.1533,"LOW"
92,"2","Other/Unknown","T3","3",0.8467,0.1533,"LOW"
93,"2","Other/Unknown","T3","3",0.8467,0.1533,"LOW"
94,"2","Other/Unknown","T3","3",0.8467,0.1533,"LOW"
95,"2","Other/Unknown","T3","3",0.8467,0.1533,"LOW"
96,"2","Other/Unknown","T3","3",0.8467,0.1533,"LOW"
97,"2","Other/Unknown","T3","3",0.8467,0.1533,"LOW"
98,"2","Other/Unknown","T3","3",0.8467,0.1533,"LOW"
99,"2","Other/Unknown","T3","3",0.8467,0.1533,"LOW"
0,"1","N0","T4","3",0.8522,0.1478,"LOW"
1,"1","N0","T4","3",0.8518,0.1482,"LOW"
2,"1","N0","T4","3",0.8452,0.1548,"LOW"
3,"1","N0","T4","3",0.8308,0.1692,"LOW"
4,"1","N0","T4","3",0.8369,0.1631,"LOW"
5,"1","N0","T4","3",0.8496,0.1504,"LOW"
6,"1","N0","T4","3",0.8551,0.1449,"LOW"
7,"1","N0","T4","3",0.8572,0.1428,"LOW"
8,"1","N0","T4","3",0.8558,0.1442,"LOW"
9,"1","N0","T4","3",0.8582,0.1418,"LOW"
10,"1","N0","T4","3",0.8674,0.1326,"LOW"
11,"1","N0","T4","3",0.8696,0.1304,"LOW"
12,"1","N0","T4","3",0.8739,0.1261,"LOW"
13,"1","N0","T4","3",0.8772,0.1228,"LOW"
14,"1","N0","T4","3",0.8791,0.1209,"LOW"
15,"1","N0","T4","3",0.8806,0.1194,"LOW"
16,"1","N0","T4","3",0.8818,0.1182,"LOW"
17,"1","N0","T4","3",0.8858,0.1142,"LOW"
18,"1","N0","T4","3",0.8877,0.1123,"LOW"
19,"1","N0","T4","3",0.8902,0.1098,"LOW"
20,"1","N0","T4","3",0.8884,0.1116,"LOW"
21,"1","N0","T4","3",0.8887,0.1113,"LOW"
22,"1","N0","T4","3",0.8907,0.1093,"LOW"
23,"1","N0","T4","3",0.8916,0.1084,"LOW"
24,"1","N0","T4","3",0.8945,0.1055,"LOW"
25,"1","N0","T4","3",0.8957,0.1043,"LOW"
26,"1","N0","T4","3",0.8954,0.1046,"LOW"
27,"1","N0","T4","3",0.8952,0.1048,"LOW"
28,"1","N0","T4","3",0.8946,0.1054,"LOW"
29,"1","N0","T4","3",0.8956,0.1044,"LOW"
30,"1","N0","T4","3",0.8954,0.1046,"LOW"
31,"1","N0","T4","3",0.8946,0.1054,"LOW"
32,"1","N0","T4","3",0.8938,0.1062,"LOW"
33,"1","N0","T4","3",0.8931,0.1069,"LOW"
34,"1","N0","T4","3",0.8949,0.1051,"LOW"
35,"1","N0","T4","3",0.8978,0.1022,"LOW"
36,"1","N0","T4","3",0.8983,0.1017,"LOW"
37,"1","N0","T4","3",0.8987,0.1013,"LOW"
38,"1","N0","T4","3",0.9033,0.0967,"LOW"
39,"1","N0","T4","3",0.9044,0.0956,"LOW"
40,"1","N0","T4","3",0.9059,0.0941,"LOW"
41,"1","N0","T4","3",0.9072,0.0928,"LOW"
42,"1","N0","T4","3",0.9077,0.0923,"LOW"
43,"1","N0","T4","3",0.9086,0.0914,"LOW"
44,"1","N0","T4","3",0.9089,0.0911,"LOW"
45,"1","N0","T4","3",0.9087,0.0913,"LOW"
46,"1","N0","T4","3",0.9099,0.0901,"LOW"
47,"1","N0","T4","3",0.91,0.09,"LOW"
48,"1","N0","T4","3",0.9097,0.0903,"LOW"
49,"1","N0","T4","3",0.9101,0.0899,"LOW"
50,"1","N0","T4","3",0.9102,0.0898,"LOW"
51,"1","N0","T4","3",0.9083,0.0917,"LOW"
52,"1","N0","T4","3",0.9074,0.0926,"LOW"
53,"1","N0","T4","3",0.9078,0.0922,"LOW"
54,"1","N0","T4","3",0.9058,0.0942,"LOW"
55,"1","N0","T4","3",0.904,0.096,"LOW"
56,"1","N0","T4","3",0.9032,0.0968,"LOW"
57,"1","N0","T4","3",0.9013,0.0987,"LOW"
58,"1","N0","T4","3",0.9016,0.0984,"LOW"
59,"1","N0","T4","3",0.9016,0.0984,"LOW"
60,"1","N0","T4","3",0.9008,0.0992,"LOW"
61,"1","N0","T4","3",0.9021,0.0979,"LOW"
62,"1","N0","T4","3",0.9044,0.0956,"LOW"
63,"1","N0","T4","3",0.9058,0.0942,"LOW"
64,"1","N0","T4","3",0.907,0.093,"LOW"
65,"1","N0","T4","3",0.9078,0.0922,"LOW"
66,"1","N0","T4","3",0.908,0.092,"LOW"
67,"1","N0","T4","3",0.9082,0.0918,"LOW"
68,"1","N0","T4","3",0.9082,0.0918,"LOW"
69,"1","N0","T4","3",0.9094,0.0906,"LOW"
70,"1","N0","T4","3",0.9103,0.0897,"LOW"
71,"1","N0","T4","3",0.9099,0.0901,"LOW"
72,"1","N0","T4","3",0.9098,0.0902,"LOW"
73,"1","N0","T4","3",0.9095,0.0905,"LOW"
74,"1","N0","T4","3",0.9107,0.0893,"LOW"
75,"1","N0","T4","3",0.9107,0.0893,"LOW"
76,"1","N0","T4","3",0.9107,0.0893,"LOW"
77,"1","N0","T4","3",0.9116,0.0884,"LOW"
78,"1","N0","T4","3",0.9119,0.0881,"LOW"
79,"1","N0","T4","3",0.914,0.086,"LOW"
80,"1","N0","T4","3",0.9138,0.0862,"LOW"
81,"1","N0","T4","3",0.9141,0.0859,"LOW"
82,"1","N0","T4","3",0.9147,0.0853,"LOW"
83,"1","N0","T4","3",0.9152,0.0848,"LOW"
84,"1","N0","T4","3",0.9153,0.0847,"LOW"
85,"1","N0","T4","3",0.9153,0.0847,"LOW"
86,"1","N0","T4","3",0.9149,0.0851,"LOW"
87,"1","N0","T4","3",0.9146,0.0854,"LOW"
88,"1","N0","T4","3",0.9147,0.0853,"LOW"
89,"1","N0","T4","3",0.916,0.084,"LOW"
90,"1","N0","T4","3",0.9165,0.0835,"LOW"
91,"1","N0","T4","3",0.9165,0.0835,"LOW"
92,"1","N0","T4","3",0.9165,0.0835,"LOW"
93,"1","N0","T4","3",0.9165,0.0835,"LOW"
94,"1","N0","T4","3",0.9165,0.0835,"LOW"
95,"1","N0","T4","3",0.9165,0.0835,"LOW"
96,"1","N0","T4","3",0.9165,0.0835,"LOW"
97,"1","N0","T4","3",0.9165,0.0835,"LOW"
98,"1","N0","T4","3",0.9165,0.0835,"LOW"
99,"1","N0","T4","3",0.9165,0.0835,"LOW"
0,"2","N0","T4","3",0.8624,0.1376,"LOW"
1,"2","N0","T4","3",0.8603,0.1397,"LOW"
2,"2","N0","T4","3",0.8547,0.1453,"LOW"
3,"2","N0","T4","3",0.8428,0.1572,"LOW"
4,"2","N0","T4","3",0.8506,0.1494,"LOW"
5,"2","N0","T4","3",0.8539,0.1461,"LOW"
6,"2","N0","T4","3",0.8549,0.1451,"LOW"
7,"2","N0","T4","3",0.8592,0.1408,"LOW"
8,"2","N0","T4","3",0.8601,0.1399,"LOW"
9,"2","N0","T4","3",0.8628,0.1372,"LOW"
10,"2","N0","T4","3",0.8691,0.1309,"LOW"
11,"2","N0","T4","3",0.8716,0.1284,"LOW"
12,"2","N0","T4","3",0.8753,0.1247,"LOW"
13,"2","N0","T4","3",0.878,0.122,"LOW"
14,"2","N0","T4","3",0.88,0.12,"LOW"
15,"2","N0","T4","3",0.8818,0.1182,"LOW"
16,"2","N0","T4","3",0.8821,0.1179,"LOW"
17,"2","N0","T4","3",0.8823,0.1177,"LOW"
18,"2","N0","T4","3",0.8847,0.1153,"LOW"
19,"2","N0","T4","3",0.8867,0.1133,"LOW"
20,"2","N0","T4","3",0.887,0.113,"LOW"
21,"2","N0","T4","3",0.8871,0.1129,"LOW"
22,"2","N0","T4","3",0.8885,0.1115,"LOW"
23,"2","N0","T4","3",0.8889,0.1111,"LOW"
24,"2","N0","T4","3",0.889,0.111,"LOW"
25,"2","N0","T4","3",0.8895,0.1105,"LOW"
26,"2","N0","T4","3",0.8893,0.1107,"LOW"
27,"2","N0","T4","3",0.889,0.111,"LOW"
28,"2","N0","T4","3",0.8888,0.1112,"LOW"
29,"2","N0","T4","3",0.8892,0.1108,"LOW"
30,"2","N0","T4","3",0.892,0.108,"LOW"
31,"2","N0","T4","3",0.8913,0.1087,"LOW"
32,"2","N0","T4","3",0.8909,0.1091,"LOW"
33,"2","N0","T4","3",0.8923,0.1077,"LOW"
34,"2","N0","T4","3",0.8924,0.1076,"LOW"
35,"2","N0","T4","3",0.8911,0.1089,"LOW"
36,"2","N0","T4","3",0.894,0.106,"LOW"
37,"2","N0","T4","3",0.8962,0.1038,"LOW"
38,"2","N0","T4","3",0.8994,0.1006,"LOW"
39,"2","N0","T4","3",0.9006,0.0994,"LOW"
40,"2","N0","T4","3",0.9022,0.0978,"LOW"
41,"2","N0","T4","3",0.9039,0.0961,"LOW"
42,"2","N0","T4","3",0.9053,0.0947,"LOW"
43,"2","N0","T4","3",0.9044,0.0956,"LOW"
44,"2","N0","T4","3",0.9046,0.0954,"LOW"
45,"2","N0","T4","3",0.9045,0.0955,"LOW"
46,"2","N0","T4","3",0.9052,0.0948,"LOW"
47,"2","N0","T4","3",0.9067,0.0933,"LOW"
48,"2","N0","T4","3",0.9068,0.0932,"LOW"
49,"2","N0","T4","3",0.9074,0.0926,"LOW"
50,"2","N0","T4","3",0.9076,0.0924,"LOW"
51,"2","N0","T4","3",0.9054,0.0946,"LOW"
52,"2","N0","T4","3",0.9035,0.0965,"LOW"
53,"2","N0","T4","3",0.9045,0.0955,"LOW"
54,"2","N0","T4","3",0.902,0.098,"LOW"
55,"2","N0","T4","3",0.9004,0.0996,"LOW"
56,"2","N0","T4","3",0.8993,0.1007,"LOW"
57,"2","N0","T4","3",0.8989,0.1011,"LOW"
58,"2","N0","T4","3",0.8995,0.1005,"LOW"
59,"2","N0","T4","3",0.8995,0.1005,"LOW"
60,"2","N0","T4","3",0.8988,0.1012,"LOW"
61,"2","N0","T4","3",0.9003,0.0997,"LOW"
62,"2","N0","T4","3",0.9022,0.0978,"LOW"
63,"2","N0","T4","3",0.9049,0.0951,"LOW"
64,"2","N0","T4","3",0.9054,0.0946,"LOW"
65,"2","N0","T4","3",0.9061,0.0939,"LOW"
66,"2","N0","T4","3",0.9066,0.0934,"LOW"
67,"2","N0","T4","3",0.9065,0.0935,"LOW"
68,"2","N0","T4","3",0.9064,0.0936,"LOW"
69,"2","N0","T4","3",0.9086,0.0914,"LOW"
70,"2","N0","T4","3",0.9095,0.0905,"LOW"
71,"2","N0","T4","3",0.9099,0.0901,"LOW"
72,"2","N0","T4","3",0.9098,0.0902,"LOW"
73,"2","N0","T4","3",0.9094,0.0906,"LOW"
74,"2","N0","T4","3",0.9106,0.0894,"LOW"
75,"2","N0","T4","3",0.9095,0.0905,"LOW"
76,"2","N0","T4","3",0.9095,0.0905,"LOW"
77,"2","N0","T4","3",0.9103,0.0897,"LOW"
78,"2","N0","T4","3",0.9098,0.0902,"LOW"
79,"2","N0","T4","3",0.9117,0.0883,"LOW"
80,"2","N0","T4","3",0.9113,0.0887,"LOW"
81,"2","N0","T4","3",0.9103,0.0897,"LOW"
82,"2","N0","T4","3",0.9106,0.0894,"LOW"
83,"2","N0","T4","3",0.9118,0.0882,"LOW"
84,"2","N0","T4","3",0.9125,0.0875,"LOW"
85,"2","N0","T4","3",0.9125,0.0875,"LOW"
86,"2","N0","T4","3",0.9124,0.0876,"LOW"
87,"2","N0","T4","3",0.9118,0.0882,"LOW"
88,"2","N0","T4","3",0.9118,0.0882,"LOW"
89,"2","N0","T4","3",0.9128,0.0872,"LOW"
90,"2","N0","T4","3",0.9135,0.0865,"LOW"
91,"2","N0","T4","3",0.9135,0.0865,"LOW"
92,"2","N0","T4","3",0.9135,0.0865,"LOW"
93,"2","N0","T4","3",0.9135,0.0865,"LOW"
94,"2","N0","T4","3",0.9135,0.0865,"LOW"
95,"2","N0","T4","3",0.9135,0.0865,"LOW"
96,"2","N0","T4","3",0.9135,0.0865,"LOW"
97,"2","N0","T4","3",0.9135,0.0865,"LOW"
98,"2","N0","T4","3",0.9135,0.0865,"LOW"
99,"2","N0","T4","3",0.9135,0.0865,"LOW"
0,"1","N1","T4","3",0.6564,0.3436,"LOW"
1,"1","N1","T4","3",0.6528,0.3472,"LOW"
2,"1","N1","T4","3",0.6447,0.3553,"LOW"
3,"1","N1","T4","3",0.6392,0.3608,"LOW"
4,"1","N1","T4","3",0.6412,0.3588,"LOW"
5,"1","N1","T4","3",0.6447,0.3553,"LOW"
6,"1","N1","T4","3",0.648,0.352,"LOW"
7,"1","N1","T4","3",0.6484,0.3516,"LOW"
8,"1","N1","T4","3",0.6452,0.3548,"LOW"
9,"1","N1","T4","3",0.6436,0.3564,"LOW"
10,"1","N1","T4","3",0.6446,0.3554,"LOW"
11,"1","N1","T4","3",0.6401,0.3599,"LOW"
12,"1","N1","T4","3",0.644,0.356,"LOW"
13,"1","N1","T4","3",0.6413,0.3587,"LOW"
14,"1","N1","T4","3",0.6417,0.3583,"LOW"
15,"1","N1","T4","3",0.6417,0.3583,"LOW"
16,"1","N1","T4","3",0.6433,0.3567,"LOW"
17,"1","N1","T4","3",0.6435,0.3565,"LOW"
18,"1","N1","T4","3",0.6457,0.3543,"LOW"
19,"1","N1","T4","3",0.6476,0.3524,"LOW"
20,"1","N1","T4","3",0.6479,0.3521,"LOW"
21,"1","N1","T4","3",0.6495,0.3505,"LOW"
22,"1","N1","T4","3",0.6489,0.3511,"LOW"
23,"1","N1","T4","3",0.6484,0.3516,"LOW"
24,"1","N1","T4","3",0.6446,0.3554,"LOW"
25,"1","N1","T4","3",0.6479,0.3521,"LOW"
26,"1","N1","T4","3",0.6497,0.3503,"LOW"
27,"1","N1","T4","3",0.6523,0.3477,"LOW"
28,"1","N1","T4","3",0.6537,0.3463,"LOW"
29,"1","N1","T4","3",0.6554,0.3446,"LOW"
30,"1","N1","T4","3",0.6519,0.3481,"LOW"
31,"1","N1","T4","3",0.6496,0.3504,"LOW"
32,"1","N1","T4","3",0.6473,0.3527,"LOW"
33,"1","N1","T4","3",0.6501,0.3499,"LOW"
34,"1","N1","T4","3",0.6492,0.3508,"LOW"
35,"1","N1","T4","3",0.6501,0.3499,"LOW"
36,"1","N1","T4","3",0.649,0.351,"LOW"
37,"1","N1","T4","3",0.644,0.356,"LOW"
38,"1","N1","T4","3",0.6452,0.3548,"LOW"
39,"1","N1","T4","3",0.6434,0.3566,"LOW"
40,"1","N1","T4","3",0.6425,0.3575,"LOW"
41,"1","N1","T4","3",0.6428,0.3572,"LOW"
42,"1","N1","T4","3",0.6418,0.3582,"LOW"
43,"1","N1","T4","3",0.6424,0.3576,"LOW"
44,"1","N1","T4","3",0.6376,0.3624,"LOW"
45,"1","N1","T4","3",0.6394,0.3606,"LOW"
46,"1","N1","T4","3",0.6391,0.3609,"LOW"
47,"1","N1","T4","3",0.6399,0.3601,"LOW"
48,"1","N1","T4","3",0.6385,0.3615,"LOW"
49,"1","N1","T4","3",0.6366,0.3634,"LOW"
50,"1","N1","T4","3",0.6365,0.3635,"LOW"
51,"1","N1","T4","3",0.6346,0.3654,"LOW"
52,"1","N1","T4","3",0.6337,0.3663,"LOW"
53,"1","N1","T4","3",0.633,0.367,"LOW"
54,"1","N1","T4","3",0.6336,0.3664,"LOW"
55,"1","N1","T4","3",0.6307,0.3693,"LOW"
56,"1","N1","T4","3",0.6282,0.3718,"LOW"
57,"1","N1","T4","3",0.6265,0.3735,"LOW"
58,"1","N1","T4","3",0.6242,0.3758,"LOW"
59,"1","N1","T4","3",0.6242,0.3758,"LOW"
60,"1","N1","T4","3",0.6264,0.3736,"LOW"
61,"1","N1","T4","3",0.628,0.372,"LOW"
62,"1","N1","T4","3",0.6277,0.3723,"LOW"
63,"1","N1","T4","3",0.6303,0.3697,"LOW"
64,"1","N1","T4","3",0.6312,0.3688,"LOW"
65,"1","N1","T4","3",0.63,0.37,"LOW"
66,"1","N1","T4","3",0.6304,0.3696,"LOW"
67,"1","N1","T4","3",0.6272,0.3728,"LOW"
68,"1","N1","T4","3",0.6264,0.3736,"LOW"
69,"1","N1","T4","3",0.6268,0.3732,"LOW"
70,"1","N1","T4","3",0.6292,0.3708,"LOW"
71,"1","N1","T4","3",0.6298,0.3702,"LOW"
72,"1","N1","T4","3",0.6273,0.3727,"LOW"
73,"1","N1","T4","3",0.6306,0.3694,"LOW"
74,"1","N1","T4","3",0.6292,0.3708,"LOW"
75,"1","N1","T4","3",0.6282,0.3718,"LOW"
76,"1","N1","T4","3",0.6261,0.3739,"LOW"
77,"1","N1","T4","3",0.6213,0.3787,"LOW"
78,"1","N1","T4","3",0.6233,0.3767,"LOW"
79,"1","N1","T4","3",0.623,0.377,"LOW"
80,"1","N1","T4","3",0.6237,0.3763,"LOW"
81,"1","N1","T4","3",0.6242,0.3758,"LOW"
82,"1","N1","T4","3",0.6265,0.3735,"LOW"
83,"1","N1","T4","3",0.6313,0.3687,"LOW"
84,"1","N1","T4","3",0.6294,0.3706,"LOW"
85,"1","N1","T4","3",0.6294,0.3706,"LOW"
86,"1","N1","T4","3",0.6342,0.3658,"LOW"
87,"1","N1","T4","3",0.635,0.365,"LOW"
88,"1","N1","T4","3",0.636,0.364,"LOW"
89,"1","N1","T4","3",0.6372,0.3628,"LOW"
90,"1","N1","T4","3",0.6373,0.3627,"LOW"
91,"1","N1","T4","3",0.6373,0.3627,"LOW"
92,"1","N1","T4","3",0.6373,0.3627,"LOW"
93,"1","N1","T4","3",0.6373,0.3627,"LOW"
94,"1","N1","T4","3",0.6373,0.3627,"LOW"
95,"1","N1","T4","3",0.6373,0.3627,"LOW"
96,"1","N1","T4","3",0.6373,0.3627,"LOW"
97,"1","N1","T4","3",0.6373,0.3627,"LOW"
98,"1","N1","T4","3",0.6373,0.3627,"LOW"
99,"1","N1","T4","3",0.6373,0.3627,"LOW"
0,"2","N1","T4","3",0.6843,0.3157,"LOW"
1,"2","N1","T4","3",0.6839,0.3161,"LOW"
2,"2","N1","T4","3",0.6775,0.3225,"LOW"
3,"2","N1","T4","3",0.6691,0.3309,"LOW"
4,"2","N1","T4","3",0.6702,0.3298,"LOW"
5,"2","N1","T4","3",0.6647,0.3353,"LOW"
6,"2","N1","T4","3",0.6652,0.3348,"LOW"
7,"2","N1","T4","3",0.6686,0.3314,"LOW"
8,"2","N1","T4","3",0.6657,0.3343,"LOW"
9,"2","N1","T4","3",0.6653,0.3347,"LOW"
10,"2","N1","T4","3",0.6665,0.3335,"LOW"
11,"2","N1","T4","3",0.6627,0.3373,"LOW"
12,"2","N1","T4","3",0.6655,0.3345,"LOW"
13,"2","N1","T4","3",0.665,0.335,"LOW"
14,"2","N1","T4","3",0.6641,0.3359,"LOW"
15,"2","N1","T4","3",0.6645,0.3355,"LOW"
16,"2","N1","T4","3",0.6643,0.3357,"LOW"
17,"2","N1","T4","3",0.6651,0.3349,"LOW"
18,"2","N1","T4","3",0.6674,0.3326,"LOW"
19,"2","N1","T4","3",0.6711,0.3289,"LOW"
20,"2","N1","T4","3",0.6729,0.3271,"LOW"
21,"2","N1","T4","3",0.6763,0.3237,"LOW"
22,"2","N1","T4","3",0.6773,0.3227,"LOW"
23,"2","N1","T4","3",0.6782,0.3218,"LOW"
24,"2","N1","T4","3",0.6759,0.3241,"LOW"
25,"2","N1","T4","3",0.6803,0.3197,"LOW"
26,"2","N1","T4","3",0.6846,0.3154,"LOW"
27,"2","N1","T4","3",0.6877,0.3123,"LOW"
28,"2","N1","T4","3",0.6891,0.3109,"LOW"
29,"2","N1","T4","3",0.6906,0.3094,"LOW"
30,"2","N1","T4","3",0.6947,0.3053,"LOW"
31,"2","N1","T4","3",0.6927,0.3073,"LOW"
32,"2","N1","T4","3",0.6899,0.3101,"LOW"
33,"2","N1","T4","3",0.6935,0.3065,"LOW"
34,"2","N1","T4","3",0.6944,0.3056,"LOW"
35,"2","N1","T4","3",0.693,0.307,"LOW"
36,"2","N1","T4","3",0.6953,0.3047,"LOW"
37,"2","N1","T4","3",0.6982,0.3018,"LOW"
38,"2","N1","T4","3",0.699,0.301,"LOW"
39,"2","N1","T4","3",0.6987,0.3013,"LOW"
40,"2","N1","T4","3",0.6993,0.3007,"LOW"
41,"2","N1","T4","3",0.702,0.298,"LOW"
42,"2","N1","T4","3",0.7013,0.2987,"LOW"
43,"2","N1","T4","3",0.7011,0.2989,"LOW"
44,"2","N1","T4","3",0.6953,0.3047,"LOW"
45,"2","N1","T4","3",0.6955,0.3045,"LOW"
46,"2","N1","T4","3",0.6959,0.3041,"LOW"
47,"2","N1","T4","3",0.6988,0.3012,"LOW"
48,"2","N1","T4","3",0.6999,0.3001,"LOW"
49,"2","N1","T4","3",0.6986,0.3014,"LOW"
50,"2","N1","T4","3",0.6984,0.3016,"LOW"
51,"2","N1","T4","3",0.6963,0.3037,"LOW"
52,"2","N1","T4","3",0.6976,0.3024,"LOW"
53,"2","N1","T4","3",0.6967,0.3033,"LOW"
54,"2","N1","T4","3",0.6965,0.3035,"LOW"
55,"2","N1","T4","3",0.6928,0.3072,"LOW"
56,"2","N1","T4","3",0.6894,0.3106,"LOW"
57,"2","N1","T4","3",0.6889,0.3111,"LOW"
58,"2","N1","T4","3",0.6855,0.3145,"LOW"
59,"2","N1","T4","3",0.6855,0.3145,"LOW"
60,"2","N1","T4","3",0.6852,0.3148,"LOW"
61,"2","N1","T4","3",0.6876,0.3124,"LOW"
62,"2","N1","T4","3",0.6912,0.3088,"LOW"
63,"2","N1","T4","3",0.6893,0.3107,"LOW"
64,"2","N1","T4","3",0.6875,0.3125,"LOW"
65,"2","N1","T4","3",0.6861,0.3139,"LOW"
66,"2","N1","T4","3",0.6866,0.3134,"LOW"
67,"2","N1","T4","3",0.6869,0.3131,"LOW"
68,"2","N1","T4","3",0.6868,0.3132,"LOW"
69,"2","N1","T4","3",0.684,0.316,"LOW"
70,"2","N1","T4","3",0.684,0.316,"LOW"
71,"2","N1","T4","3",0.6844,0.3156,"LOW"
72,"2","N1","T4","3",0.6806,0.3194,"LOW"
73,"2","N1","T4","3",0.6774,0.3226,"LOW"
74,"2","N1","T4","3",0.6778,0.3222,"LOW"
75,"2","N1","T4","3",0.6745,0.3255,"LOW"
76,"2","N1","T4","3",0.6745,0.3255,"LOW"
77,"2","N1","T4","3",0.6736,0.3264,"LOW"
78,"2","N1","T4","3",0.6709,0.3291,"LOW"
79,"2","N1","T4","3",0.6707,0.3293,"LOW"
80,"2","N1","T4","3",0.6714,0.3286,"LOW"
81,"2","N1","T4","3",0.6724,0.3276,"LOW"
82,"2","N1","T4","3",0.6736,0.3264,"LOW"
83,"2","N1","T4","3",0.6747,0.3253,"LOW"
84,"2","N1","T4","3",0.6748,0.3252,"LOW"
85,"2","N1","T4","3",0.6756,0.3244,"LOW"
86,"2","N1","T4","3",0.6795,0.3205,"LOW"
87,"2","N1","T4","3",0.6799,0.3201,"LOW"
88,"2","N1","T4","3",0.6805,0.3195,"LOW"
89,"2","N1","T4","3",0.6819,0.3181,"LOW"
90,"2","N1","T4","3",0.6858,0.3142,"LOW"
91,"2","N1","T4","3",0.6858,0.3142,"LOW"
92,"2","N1","T4","3",0.6858,0.3142,"LOW"
93,"2","N1","T4","3",0.6858,0.3142,"LOW"
94,"2","N1","T4","3",0.6858,0.3142,"LOW"
95,"2","N1","T4","3",0.6858,0.3142,"LOW"
96,"2","N1","T4","3",0.6858,0.3142,"LOW"
97,"2","N1","T4","3",0.6858,0.3142,"LOW"
98,"2","N1","T4","3",0.6858,0.3142,"LOW"
99,"2","N1","T4","3",0.6858,0.3142,"LOW"
0,"1","Other/Unknown","T4","3",0.7577,0.2423,"LOW"
1,"1","Other/Unknown","T4","3",0.7621,0.2379,"LOW"
2,"1","Other/Unknown","T4","3",0.7527,0.2473,"LOW"
3,"1","Other/Unknown","T4","3",0.7417,0.2583,"LOW"
4,"1","Other/Unknown","T4","3",0.7514,0.2486,"LOW"
5,"1","Other/Unknown","T4","3",0.7568,0.2432,"LOW"
6,"1","Other/Unknown","T4","3",0.7577,0.2423,"LOW"
7,"1","Other/Unknown","T4","3",0.7592,0.2408,"LOW"
8,"1","Other/Unknown","T4","3",0.7597,0.2403,"LOW"
9,"1","Other/Unknown","T4","3",0.7611,0.2389,"LOW"
10,"1","Other/Unknown","T4","3",0.7628,0.2372,"LOW"
11,"1","Other/Unknown","T4","3",0.7658,0.2342,"LOW"
12,"1","Other/Unknown","T4","3",0.7717,0.2283,"LOW"
13,"1","Other/Unknown","T4","3",0.7776,0.2224,"LOW"
14,"1","Other/Unknown","T4","3",0.7777,0.2223,"LOW"
15,"1","Other/Unknown","T4","3",0.7804,0.2196,"LOW"
16,"1","Other/Unknown","T4","3",0.7805,0.2195,"LOW"
17,"1","Other/Unknown","T4","3",0.7822,0.2178,"LOW"
18,"1","Other/Unknown","T4","3",0.7864,0.2136,"LOW"
19,"1","Other/Unknown","T4","3",0.7886,0.2114,"LOW"
20,"1","Other/Unknown","T4","3",0.7906,0.2094,"LOW"
21,"1","Other/Unknown","T4","3",0.7927,0.2073,"LOW"
22,"1","Other/Unknown","T4","3",0.7951,0.2049,"LOW"
23,"1","Other/Unknown","T4","3",0.7985,0.2015,"LOW"
24,"1","Other/Unknown","T4","3",0.799,0.201,"LOW"
25,"1","Other/Unknown","T4","3",0.8009,0.1991,"LOW"
26,"1","Other/Unknown","T4","3",0.8026,0.1974,"LOW"
27,"1","Other/Unknown","T4","3",0.8033,0.1967,"LOW"
28,"1","Other/Unknown","T4","3",0.8033,0.1967,"LOW"
29,"1","Other/Unknown","T4","3",0.8052,0.1948,"LOW"
30,"1","Other/Unknown","T4","3",0.8064,0.1936,"LOW"
31,"1","Other/Unknown","T4","3",0.8069,0.1931,"LOW"
32,"1","Other/Unknown","T4","3",0.8104,0.1896,"LOW"
33,"1","Other/Unknown","T4","3",0.8117,0.1883,"LOW"
34,"1","Other/Unknown","T4","3",0.8135,0.1865,"LOW"
35,"1","Other/Unknown","T4","3",0.8139,0.1861,"LOW"
36,"1","Other/Unknown","T4","3",0.8166,0.1834,"LOW"
37,"1","Other/Unknown","T4","3",0.8183,0.1817,"LOW"
38,"1","Other/Unknown","T4","3",0.8238,0.1762,"LOW"
39,"1","Other/Unknown","T4","3",0.8285,0.1715,"LOW"
40,"1","Other/Unknown","T4","3",0.8299,0.1701,"LOW"
41,"1","Other/Unknown","T4","3",0.833,0.167,"LOW"
42,"1","Other/Unknown","T4","3",0.8339,0.1661,"LOW"
43,"1","Other/Unknown","T4","3",0.8348,0.1652,"LOW"
44,"1","Other/Unknown","T4","3",0.835,0.165,"LOW"
45,"1","Other/Unknown","T4","3",0.8349,0.1651,"LOW"
46,"1","Other/Unknown","T4","3",0.8355,0.1645,"LOW"
47,"1","Other/Unknown","T4","3",0.8359,0.1641,"LOW"
48,"1","Other/Unknown","T4","3",0.8356,0.1644,"LOW"
49,"1","Other/Unknown","T4","3",0.8352,0.1648,"LOW"
50,"1","Other/Unknown","T4","3",0.8352,0.1648,"LOW"
51,"1","Other/Unknown","T4","3",0.8328,0.1672,"LOW"
52,"1","Other/Unknown","T4","3",0.833,0.167,"LOW"
53,"1","Other/Unknown","T4","3",0.8332,0.1668,"LOW"
54,"1","Other/Unknown","T4","3",0.8338,0.1662,"LOW"
55,"1","Other/Unknown","T4","3",0.8329,0.1671,"LOW"
56,"1","Other/Unknown","T4","3",0.8329,0.1671,"LOW"
57,"1","Other/Unknown","T4","3",0.8317,0.1683,"LOW"
58,"1","Other/Unknown","T4","3",0.8331,0.1669,"LOW"
59,"1","Other/Unknown","T4","3",0.8319,0.1681,"LOW"
60,"1","Other/Unknown","T4","3",0.8325,0.1675,"LOW"
61,"1","Other/Unknown","T4","3",0.8306,0.1694,"LOW"
62,"1","Other/Unknown","T4","3",0.8322,0.1678,"LOW"
63,"1","Other/Unknown","T4","3",0.8346,0.1654,"LOW"
64,"1","Other/Unknown","T4","3",0.8344,0.1656,"LOW"
65,"1","Other/Unknown","T4","3",0.8344,0.1656,"LOW"
66,"1","Other/Unknown","T4","3",0.8353,0.1647,"LOW"
67,"1","Other/Unknown","T4","3",0.8347,0.1653,"LOW"
68,"1","Other/Unknown","T4","3",0.8345,0.1655,"LOW"
69,"1","Other/Unknown","T4","3",0.8341,0.1659,"LOW"
70,"1","Other/Unknown","T4","3",0.835,0.165,"LOW"
71,"1","Other/Unknown","T4","3",0.8356,0.1644,"LOW"
72,"1","Other/Unknown","T4","3",0.8367,0.1633,"LOW"
73,"1","Other/Unknown","T4","3",0.8364,0.1636,"LOW"
74,"1","Other/Unknown","T4","3",0.8377,0.1623,"LOW"
75,"1","Other/Unknown","T4","3",0.8372,0.1628,"LOW"
76,"1","Other/Unknown","T4","3",0.8379,0.1621,"LOW"
77,"1","Other/Unknown","T4","3",0.8386,0.1614,"LOW"
78,"1","Other/Unknown","T4","3",0.84,0.16,"LOW"
79,"1","Other/Unknown","T4","3",0.8398,0.1602,"LOW"
80,"1","Other/Unknown","T4","3",0.8397,0.1603,"LOW"
81,"1","Other/Unknown","T4","3",0.8393,0.1607,"LOW"
82,"1","Other/Unknown","T4","3",0.8407,0.1593,"LOW"
83,"1","Other/Unknown","T4","3",0.8433,0.1567,"LOW"
84,"1","Other/Unknown","T4","3",0.8436,0.1564,"LOW"
85,"1","Other/Unknown","T4","3",0.8436,0.1564,"LOW"
86,"1","Other/Unknown","T4","3",0.8458,0.1542,"LOW"
87,"1","Other/Unknown","T4","3",0.8461,0.1539,"LOW"
88,"1","Other/Unknown","T4","3",0.8462,0.1538,"LOW"
89,"1","Other/Unknown","T4","3",0.8471,0.1529,"LOW"
90,"1","Other/Unknown","T4","3",0.8473,0.1527,"LOW"
91,"1","Other/Unknown","T4","3",0.8473,0.1527,"LOW"
92,"1","Other/Unknown","T4","3",0.8473,0.1527,"LOW"
93,"1","Other/Unknown","T4","3",0.8473,0.1527,"LOW"
94,"1","Other/Unknown","T4","3",0.8473,0.1527,"LOW"
95,"1","Other/Unknown","T4","3",0.8473,0.1527,"LOW"
96,"1","Other/Unknown","T4","3",0.8473,0.1527,"LOW"
97,"1","Other/Unknown","T4","3",0.8473,0.1527,"LOW"
98,"1","Other/Unknown","T4","3",0.8473,0.1527,"LOW"
99,"1","Other/Unknown","T4","3",0.8473,0.1527,"LOW"
0,"2","Other/Unknown","T4","3",0.7568,0.2432,"LOW"
1,"2","Other/Unknown","T4","3",0.7603,0.2397,"LOW"
2,"2","Other/Unknown","T4","3",0.7561,0.2439,"LOW"
3,"2","Other/Unknown","T4","3",0.7483,0.2517,"LOW"
4,"2","Other/Unknown","T4","3",0.7598,0.2402,"LOW"
5,"2","Other/Unknown","T4","3",0.7653,0.2347,"LOW"
6,"2","Other/Unknown","T4","3",0.769,0.231,"LOW"
7,"2","Other/Unknown","T4","3",0.7737,0.2263,"LOW"
8,"2","Other/Unknown","T4","3",0.7734,0.2266,"LOW"
9,"2","Other/Unknown","T4","3",0.7749,0.2251,"LOW"
10,"2","Other/Unknown","T4","3",0.7779,0.2221,"LOW"
11,"2","Other/Unknown","T4","3",0.7791,0.2209,"LOW"
12,"2","Other/Unknown","T4","3",0.786,0.214,"LOW"
13,"2","Other/Unknown","T4","3",0.7825,0.2175,"LOW"
14,"2","Other/Unknown","T4","3",0.7836,0.2164,"LOW"
15,"2","Other/Unknown","T4","3",0.7848,0.2152,"LOW"
16,"2","Other/Unknown","T4","3",0.7872,0.2128,"LOW"
17,"2","Other/Unknown","T4","3",0.7877,0.2123,"LOW"
18,"2","Other/Unknown","T4","3",0.7912,0.2088,"LOW"
19,"2","Other/Unknown","T4","3",0.7941,0.2059,"LOW"
20,"2","Other/Unknown","T4","3",0.7931,0.2069,"LOW"
21,"2","Other/Unknown","T4","3",0.7914,0.2086,"LOW"
22,"2","Other/Unknown","T4","3",0.7916,0.2084,"LOW"
23,"2","Other/Unknown","T4","3",0.7925,0.2075,"LOW"
24,"2","Other/Unknown","T4","3",0.7934,0.2066,"LOW"
25,"2","Other/Unknown","T4","3",0.7944,0.2056,"LOW"
26,"2","Other/Unknown","T4","3",0.7955,0.2045,"LOW"
27,"2","Other/Unknown","T4","3",0.7954,0.2046,"LOW"
28,"2","Other/Unknown","T4","3",0.7952,0.2048,"LOW"
29,"2","Other/Unknown","T4","3",0.7983,0.2017,"LOW"
30,"2","Other/Unknown","T4","3",0.7991,0.2009,"LOW"
31,"2","Other/Unknown","T4","3",0.8007,0.1993,"LOW"
32,"2","Other/Unknown","T4","3",0.8019,0.1981,"LOW"
33,"2","Other/Unknown","T4","3",0.8006,0.1994,"LOW"
34,"2","Other/Unknown","T4","3",0.8008,0.1992,"LOW"
35,"2","Other/Unknown","T4","3",0.7997,0.2003,"LOW"
36,"2","Other/Unknown","T4","3",0.8027,0.1973,"LOW"
37,"2","Other/Unknown","T4","3",0.8042,0.1958,"LOW"
38,"2","Other/Unknown","T4","3",0.8096,0.1904,"LOW"
39,"2","Other/Unknown","T4","3",0.8098,0.1902,"LOW"
40,"2","Other/Unknown","T4","3",0.8094,0.1906,"LOW"
41,"2","Other/Unknown","T4","3",0.815,0.185,"LOW"
42,"2","Other/Unknown","T4","3",0.8187,0.1813,"LOW"
43,"2","Other/Unknown","T4","3",0.8198,0.1802,"LOW"
44,"2","Other/Unknown","T4","3",0.8199,0.1801,"LOW"
45,"2","Other/Unknown","T4","3",0.8194,0.1806,"LOW"
46,"2","Other/Unknown","T4","3",0.8195,0.1805,"LOW"
47,"2","Other/Unknown","T4","3",0.8177,0.1823,"LOW"
48,"2","Other/Unknown","T4","3",0.8186,0.1814,"LOW"
49,"2","Other/Unknown","T4","3",0.8182,0.1818,"LOW"
50,"2","Other/Unknown","T4","3",0.8172,0.1828,"LOW"
51,"2","Other/Unknown","T4","3",0.8142,0.1858,"LOW"
52,"2","Other/Unknown","T4","3",0.8137,0.1863,"LOW"
53,"2","Other/Unknown","T4","3",0.8153,0.1847,"LOW"
54,"2","Other/Unknown","T4","3",0.8149,0.1851,"LOW"
55,"2","Other/Unknown","T4","3",0.814,0.186,"LOW"
56,"2","Other/Unknown","T4","3",0.8126,0.1874,"LOW"
57,"2","Other/Unknown","T4","3",0.8123,0.1877,"LOW"
58,"2","Other/Unknown","T4","3",0.8121,0.1879,"LOW"
59,"2","Other/Unknown","T4","3",0.8145,0.1855,"LOW"
60,"2","Other/Unknown","T4","3",0.8151,0.1849,"LOW"
61,"2","Other/Unknown","T4","3",0.8153,0.1847,"LOW"
62,"2","Other/Unknown","T4","3",0.818,0.182,"LOW"
63,"2","Other/Unknown","T4","3",0.8195,0.1805,"LOW"
64,"2","Other/Unknown","T4","3",0.8194,0.1806,"LOW"
65,"2","Other/Unknown","T4","3",0.8206,0.1794,"LOW"
66,"2","Other/Unknown","T4","3",0.8224,0.1776,"LOW"
67,"2","Other/Unknown","T4","3",0.8203,0.1797,"LOW"
68,"2","Other/Unknown","T4","3",0.8201,0.1799,"LOW"
69,"2","Other/Unknown","T4","3",0.8202,0.1798,"LOW"
70,"2","Other/Unknown","T4","3",0.8222,0.1778,"LOW"
71,"2","Other/Unknown","T4","3",0.8254,0.1746,"LOW"
72,"2","Other/Unknown","T4","3",0.8256,0.1744,"LOW"
73,"2","Other/Unknown","T4","3",0.8268,0.1732,"LOW"
74,"2","Other/Unknown","T4","3",0.8274,0.1726,"LOW"
75,"2","Other/Unknown","T4","3",0.8272,0.1728,"LOW"
76,"2","Other/Unknown","T4","3",0.8283,0.1717,"LOW"
77,"2","Other/Unknown","T4","3",0.8288,0.1712,"LOW"
78,"2","Other/Unknown","T4","3",0.8299,0.1701,"LOW"
79,"2","Other/Unknown","T4","3",0.8304,0.1696,"LOW"
80,"2","Other/Unknown","T4","3",0.8295,0.1705,"LOW"
81,"2","Other/Unknown","T4","3",0.8293,0.1707,"LOW"
82,"2","Other/Unknown","T4","3",0.8287,0.1713,"LOW"
83,"2","Other/Unknown","T4","3",0.8319,0.1681,"LOW"
84,"2","Other/Unknown","T4","3",0.8344,0.1656,"LOW"
85,"2","Other/Unknown","T4","3",0.8358,0.1642,"LOW"
86,"2","Other/Unknown","T4","3",0.8387,0.1613,"LOW"
87,"2","Other/Unknown","T4","3",0.8407,0.1593,"LOW"
88,"2","Other/Unknown","T4","3",0.8416,0.1584,"LOW"
89,"2","Other/Unknown","T4","3",0.8425,0.1575,"LOW"
90,"2","Other/Unknown","T4","3",0.8434,0.1566,"LOW"
91,"2","Other/Unknown","T4","3",0.8434,0.1566,"LOW"
92,"2","Other/Unknown","T4","3",0.8434,0.1566,"LOW"
93,"2","Other/Unknown","T4","3",0.8434,0.1566,"LOW"
94,"2","Other/Unknown","T4","3",0.8434,0.1566,"LOW"
95,"2","Other/Unknown","T4","3",0.8434,0.1566,"LOW"
96,"2","Other/Unknown","T4","3",0.8434,0.1566,"LOW"
97,"2","Other/Unknown","T4","3",0.8434,0.1566,"LOW"
98,"2","Other/Unknown","T4","3",0.8434,0.1566,"LOW"
99,"2","Other/Unknown","T4","3",0.8434,0.1566,"LOW"
0,"1","N0","T0","Other/Unknown",0.7228,0.2772,"LOW"
1,"1","N0","T0","Other/Unknown",0.7141,0.2859,"LOW"
2,"1","N0","T0","Other/Unknown",0.714,0.286,"LOW"
3,"1","N0","T0","Other/Unknown",0.7106,0.2894,"LOW"
4,"1","N0","T0","Other/Unknown",0.7124,0.2876,"LOW"
5,"1","N0","T0","Other/Unknown",0.7171,0.2829,"LOW"
6,"1","N0","T0","Other/Unknown",0.7245,0.2755,"LOW"
7,"1","N0","T0","Other/Unknown",0.7272,0.2728,"LOW"
8,"1","N0","T0","Other/Unknown",0.7275,0.2725,"LOW"
9,"1","N0","T0","Other/Unknown",0.7291,0.2709,"LOW"
10,"1","N0","T0","Other/Unknown",0.7356,0.2644,"LOW"
11,"1","N0","T0","Other/Unknown",0.7375,0.2625,"LOW"
12,"1","N0","T0","Other/Unknown",0.7394,0.2606,"LOW"
13,"1","N0","T0","Other/Unknown",0.7445,0.2555,"LOW"
14,"1","N0","T0","Other/Unknown",0.747,0.253,"LOW"
15,"1","N0","T0","Other/Unknown",0.7523,0.2477,"LOW"
16,"1","N0","T0","Other/Unknown",0.7581,0.2419,"LOW"
17,"1","N0","T0","Other/Unknown",0.7588,0.2412,"LOW"
18,"1","N0","T0","Other/Unknown",0.7594,0.2406,"LOW"
19,"1","N0","T0","Other/Unknown",0.7609,0.2391,"LOW"
20,"1","N0","T0","Other/Unknown",0.7589,0.2411,"LOW"
21,"1","N0","T0","Other/Unknown",0.7596,0.2404,"LOW"
22,"1","N0","T0","Other/Unknown",0.7619,0.2381,"LOW"
23,"1","N0","T0","Other/Unknown",0.7621,0.2379,"LOW"
24,"1","N0","T0","Other/Unknown",0.7667,0.2333,"LOW"
25,"1","N0","T0","Other/Unknown",0.7671,0.2329,"LOW"
26,"1","N0","T0","Other/Unknown",0.7719,0.2281,"LOW"
27,"1","N0","T0","Other/Unknown",0.7762,0.2238,"LOW"
28,"1","N0","T0","Other/Unknown",0.7781,0.2219,"LOW"
29,"1","N0","T0","Other/Unknown",0.7814,0.2186,"LOW"
30,"1","N0","T0","Other/Unknown",0.7826,0.2174,"LOW"
31,"1","N0","T0","Other/Unknown",0.7837,0.2163,"LOW"
32,"1","N0","T0","Other/Unknown",0.785,0.215,"LOW"
33,"1","N0","T0","Other/Unknown",0.7885,0.2115,"LOW"
34,"1","N0","T0","Other/Unknown",0.7937,0.2063,"LOW"
35,"1","N0","T0","Other/Unknown",0.7981,0.2019,"LOW"
36,"1","N0","T0","Other/Unknown",0.7996,0.2004,"LOW"
37,"1","N0","T0","Other/Unknown",0.8,0.2,"LOW"
38,"1","N0","T0","Other/Unknown",0.8022,0.1978,"LOW"
39,"1","N0","T0","Other/Unknown",0.8065,0.1935,"LOW"
40,"1","N0","T0","Other/Unknown",0.8077,0.1923,"LOW"
41,"1","N0","T0","Other/Unknown",0.8101,0.1899,"LOW"
42,"1","N0","T0","Other/Unknown",0.8109,0.1891,"LOW"
43,"1","N0","T0","Other/Unknown",0.8122,0.1878,"LOW"
44,"1","N0","T0","Other/Unknown",0.8131,0.1869,"LOW"
45,"1","N0","T0","Other/Unknown",0.813,0.187,"LOW"
46,"1","N0","T0","Other/Unknown",0.8154,0.1846,"LOW"
47,"1","N0","T0","Other/Unknown",0.8164,0.1836,"LOW"
48,"1","N0","T0","Other/Unknown",0.8172,0.1828,"LOW"
49,"1","N0","T0","Other/Unknown",0.8148,0.1852,"LOW"
50,"1","N0","T0","Other/Unknown",0.8158,0.1842,"LOW"
51,"1","N0","T0","Other/Unknown",0.8175,0.1825,"LOW"
52,"1","N0","T0","Other/Unknown",0.8184,0.1816,"LOW"
53,"1","N0","T0","Other/Unknown",0.8183,0.1817,"LOW"
54,"1","N0","T0","Other/Unknown",0.8197,0.1803,"LOW"
55,"1","N0","T0","Other/Unknown",0.8202,0.1798,"LOW"
56,"1","N0","T0","Other/Unknown",0.8204,0.1796,"LOW"
57,"1","N0","T0","Other/Unknown",0.819,0.181,"LOW"
58,"1","N0","T0","Other/Unknown",0.8225,0.1775,"LOW"
59,"1","N0","T0","Other/Unknown",0.8175,0.1825,"LOW"
60,"1","N0","T0","Other/Unknown",0.8147,0.1853,"LOW"
61,"1","N0","T0","Other/Unknown",0.8156,0.1844,"LOW"
62,"1","N0","T0","Other/Unknown",0.8156,0.1844,"LOW"
63,"1","N0","T0","Other/Unknown",0.816,0.184,"LOW"
64,"1","N0","T0","Other/Unknown",0.8174,0.1826,"LOW"
65,"1","N0","T0","Other/Unknown",0.8205,0.1795,"LOW"
66,"1","N0","T0","Other/Unknown",0.8233,0.1767,"LOW"
67,"1","N0","T0","Other/Unknown",0.8239,0.1761,"LOW"
68,"1","N0","T0","Other/Unknown",0.8243,0.1757,"LOW"
69,"1","N0","T0","Other/Unknown",0.8248,0.1752,"LOW"
70,"1","N0","T0","Other/Unknown",0.8255,0.1745,"LOW"
71,"1","N0","T0","Other/Unknown",0.8282,0.1718,"LOW"
72,"1","N0","T0","Other/Unknown",0.8286,0.1714,"LOW"
73,"1","N0","T0","Other/Unknown",0.8289,0.1711,"LOW"
74,"1","N0","T0","Other/Unknown",0.8277,0.1723,"LOW"
75,"1","N0","T0","Other/Unknown",0.828,0.172,"LOW"
76,"1","N0","T0","Other/Unknown",0.8279,0.1721,"LOW"
77,"1","N0","T0","Other/Unknown",0.8309,0.1691,"LOW"
78,"1","N0","T0","Other/Unknown",0.8298,0.1702,"LOW"
79,"1","N0","T0","Other/Unknown",0.8301,0.1699,"LOW"
80,"1","N0","T0","Other/Unknown",0.8317,0.1683,"LOW"
81,"1","N0","T0","Other/Unknown",0.8319,0.1681,"LOW"
82,"1","N0","T0","Other/Unknown",0.8332,0.1668,"LOW"
83,"1","N0","T0","Other/Unknown",0.8338,0.1662,"LOW"
84,"1","N0","T0","Other/Unknown",0.8291,0.1709,"LOW"
85,"1","N0","T0","Other/Unknown",0.8293,0.1707,"LOW"
86,"1","N0","T0","Other/Unknown",0.8265,0.1735,"LOW"
87,"1","N0","T0","Other/Unknown",0.8319,0.1681,"LOW"
88,"1","N0","T0","Other/Unknown",0.8336,0.1664,"LOW"
89,"1","N0","T0","Other/Unknown",0.8371,0.1629,"LOW"
90,"1","N0","T0","Other/Unknown",0.8375,0.1625,"LOW"
91,"1","N0","T0","Other/Unknown",0.8375,0.1625,"LOW"
92,"1","N0","T0","Other/Unknown",0.8375,0.1625,"LOW"
93,"1","N0","T0","Other/Unknown",0.8375,0.1625,"LOW"
94,"1","N0","T0","Other/Unknown",0.8375,0.1625,"LOW"
95,"1","N0","T0","Other/Unknown",0.8375,0.1625,"LOW"
96,"1","N0","T0","Other/Unknown",0.8375,0.1625,"LOW"
97,"1","N0","T0","Other/Unknown",0.8375,0.1625,"LOW"
98,"1","N0","T0","Other/Unknown",0.8375,0.1625,"LOW"
99,"1","N0","T0","Other/Unknown",0.8375,0.1625,"LOW"
0,"2","N0","T0","Other/Unknown",0.7409,0.2591,"LOW"
1,"2","N0","T0","Other/Unknown",0.7389,0.2611,"LOW"
2,"2","N0","T0","Other/Unknown",0.7365,0.2635,"LOW"
3,"2","N0","T0","Other/Unknown",0.7305,0.2695,"LOW"
4,"2","N0","T0","Other/Unknown",0.7337,0.2663,"LOW"
5,"2","N0","T0","Other/Unknown",0.7333,0.2667,"LOW"
6,"2","N0","T0","Other/Unknown",0.7367,0.2633,"LOW"
7,"2","N0","T0","Other/Unknown",0.7418,0.2582,"LOW"
8,"2","N0","T0","Other/Unknown",0.7409,0.2591,"LOW"
9,"2","N0","T0","Other/Unknown",0.7411,0.2589,"LOW"
10,"2","N0","T0","Other/Unknown",0.7492,0.2508,"LOW"
11,"2","N0","T0","Other/Unknown",0.7527,0.2473,"LOW"
12,"2","N0","T0","Other/Unknown",0.7545,0.2455,"LOW"
13,"2","N0","T0","Other/Unknown",0.7584,0.2416,"LOW"
14,"2","N0","T0","Other/Unknown",0.7606,0.2394,"LOW"
15,"2","N0","T0","Other/Unknown",0.7638,0.2362,"LOW"
16,"2","N0","T0","Other/Unknown",0.7692,0.2308,"LOW"
17,"2","N0","T0","Other/Unknown",0.7697,0.2303,"LOW"
18,"2","N0","T0","Other/Unknown",0.7701,0.2299,"LOW"
19,"2","N0","T0","Other/Unknown",0.7733,0.2267,"LOW"
20,"2","N0","T0","Other/Unknown",0.7727,0.2273,"LOW"
21,"2","N0","T0","Other/Unknown",0.7741,0.2259,"LOW"
22,"2","N0","T0","Other/Unknown",0.7774,0.2226,"LOW"
23,"2","N0","T0","Other/Unknown",0.776,0.224,"LOW"
24,"2","N0","T0","Other/Unknown",0.7747,0.2253,"LOW"
25,"2","N0","T0","Other/Unknown",0.7743,0.2257,"LOW"
26,"2","N0","T0","Other/Unknown",0.7785,0.2215,"LOW"
27,"2","N0","T0","Other/Unknown",0.784,0.216,"LOW"
28,"2","N0","T0","Other/Unknown",0.7844,0.2156,"LOW"
29,"2","N0","T0","Other/Unknown",0.7863,0.2137,"LOW"
30,"2","N0","T0","Other/Unknown",0.789,0.211,"LOW"
31,"2","N0","T0","Other/Unknown",0.7909,0.2091,"LOW"
32,"2","N0","T0","Other/Unknown",0.7928,0.2072,"LOW"
33,"2","N0","T0","Other/Unknown",0.7953,0.2047,"LOW"
34,"2","N0","T0","Other/Unknown",0.7988,0.2012,"LOW"
35,"2","N0","T0","Other/Unknown",0.8022,0.1978,"LOW"
36,"2","N0","T0","Other/Unknown",0.803,0.197,"LOW"
37,"2","N0","T0","Other/Unknown",0.8045,0.1955,"LOW"
38,"2","N0","T0","Other/Unknown",0.8056,0.1944,"LOW"
39,"2","N0","T0","Other/Unknown",0.8077,0.1923,"LOW"
40,"2","N0","T0","Other/Unknown",0.8088,0.1912,"LOW"
41,"2","N0","T0","Other/Unknown",0.8096,0.1904,"LOW"
42,"2","N0","T0","Other/Unknown",0.8104,0.1896,"LOW"
43,"2","N0","T0","Other/Unknown",0.811,0.189,"LOW"
44,"2","N0","T0","Other/Unknown",0.813,0.187,"LOW"
45,"2","N0","T0","Other/Unknown",0.8143,0.1857,"LOW"
46,"2","N0","T0","Other/Unknown",0.8161,0.1839,"LOW"
47,"2","N0","T0","Other/Unknown",0.8183,0.1817,"LOW"
48,"2","N0","T0","Other/Unknown",0.818,0.182,"LOW"
49,"2","N0","T0","Other/Unknown",0.8155,0.1845,"LOW"
50,"2","N0","T0","Other/Unknown",0.816,0.184,"LOW"
51,"2","N0","T0","Other/Unknown",0.817,0.183,"LOW"
52,"2","N0","T0","Other/Unknown",0.8168,0.1832,"LOW"
53,"2","N0","T0","Other/Unknown",0.8171,0.1829,"LOW"
54,"2","N0","T0","Other/Unknown",0.8187,0.1813,"LOW"
55,"2","N0","T0","Other/Unknown",0.8188,0.1812,"LOW"
56,"2","N0","T0","Other/Unknown",0.8196,0.1804,"LOW"
57,"2","N0","T0","Other/Unknown",0.8197,0.1803,"LOW"
58,"2","N0","T0","Other/Unknown",0.8224,0.1776,"LOW"
59,"2","N0","T0","Other/Unknown",0.8171,0.1829,"LOW"
60,"2","N0","T0","Other/Unknown",0.8148,0.1852,"LOW"
61,"2","N0","T0","Other/Unknown",0.8175,0.1825,"LOW"
62,"2","N0","T0","Other/Unknown",0.8182,0.1818,"LOW"
63,"2","N0","T0","Other/Unknown",0.8209,0.1791,"LOW"
64,"2","N0","T0","Other/Unknown",0.8225,0.1775,"LOW"
65,"2","N0","T0","Other/Unknown",0.8243,0.1757,"LOW"
66,"2","N0","T0","Other/Unknown",0.8263,0.1737,"LOW"
67,"2","N0","T0","Other/Unknown",0.8271,0.1729,"LOW"
68,"2","N0","T0","Other/Unknown",0.8271,0.1729,"LOW"
69,"2","N0","T0","Other/Unknown",0.8261,0.1739,"LOW"
70,"2","N0","T0","Other/Unknown",0.826,0.174,"LOW"
71,"2","N0","T0","Other/Unknown",0.827,0.173,"LOW"
72,"2","N0","T0","Other/Unknown",0.8271,0.1729,"LOW"
73,"2","N0","T0","Other/Unknown",0.8266,0.1734,"LOW"
74,"2","N0","T0","Other/Unknown",0.8251,0.1749,"LOW"
75,"2","N0","T0","Other/Unknown",0.8258,0.1742,"LOW"
76,"2","N0","T0","Other/Unknown",0.8253,0.1747,"LOW"
77,"2","N0","T0","Other/Unknown",0.8288,0.1712,"LOW"
78,"2","N0","T0","Other/Unknown",0.8286,0.1714,"LOW"
79,"2","N0","T0","Other/Unknown",0.8292,0.1708,"LOW"
80,"2","N0","T0","Other/Unknown",0.8312,0.1688,"LOW"
81,"2","N0","T0","Other/Unknown",0.8314,0.1686,"LOW"
82,"2","N0","T0","Other/Unknown",0.8321,0.1679,"LOW"
83,"2","N0","T0","Other/Unknown",0.8328,0.1672,"LOW"
84,"2","N0","T0","Other/Unknown",0.8264,0.1736,"LOW"
85,"2","N0","T0","Other/Unknown",0.8265,0.1735,"LOW"
86,"2","N0","T0","Other/Unknown",0.8233,0.1767,"LOW"
87,"2","N0","T0","Other/Unknown",0.8247,0.1753,"LOW"
88,"2","N0","T0","Other/Unknown",0.8261,0.1739,"LOW"
89,"2","N0","T0","Other/Unknown",0.8311,0.1689,"LOW"
90,"2","N0","T0","Other/Unknown",0.8319,0.1681,"LOW"
91,"2","N0","T0","Other/Unknown",0.8319,0.1681,"LOW"
92,"2","N0","T0","Other/Unknown",0.8319,0.1681,"LOW"
93,"2","N0","T0","Other/Unknown",0.8319,0.1681,"LOW"
94,"2","N0","T0","Other/Unknown",0.8319,0.1681,"LOW"
95,"2","N0","T0","Other/Unknown",0.8319,0.1681,"LOW"
96,"2","N0","T0","Other/Unknown",0.8319,0.1681,"LOW"
97,"2","N0","T0","Other/Unknown",0.8319,0.1681,"LOW"
98,"2","N0","T0","Other/Unknown",0.8319,0.1681,"LOW"
99,"2","N0","T0","Other/Unknown",0.8319,0.1681,"LOW"
0,"1","N1","T0","Other/Unknown",0.4744,0.5256,"HIGH"
1,"1","N1","T0","Other/Unknown",0.4656,0.5344,"HIGH"
2,"1","N1","T0","Other/Unknown",0.4653,0.5347,"HIGH"
3,"1","N1","T0","Other/Unknown",0.4632,0.5368,"HIGH"
4,"1","N1","T0","Other/Unknown",0.4636,0.5364,"HIGH"
5,"1","N1","T0","Other/Unknown",0.4647,0.5353,"HIGH"
6,"1","N1","T0","Other/Unknown",0.4671,0.5329,"HIGH"
7,"1","N1","T0","Other/Unknown",0.4673,0.5327,"HIGH"
8,"1","N1","T0","Other/Unknown",0.4711,0.5289,"HIGH"
9,"1","N1","T0","Other/Unknown",0.4721,0.5279,"HIGH"
10,"1","N1","T0","Other/Unknown",0.4741,0.5259,"HIGH"
11,"1","N1","T0","Other/Unknown",0.4763,0.5237,"HIGH"
12,"1","N1","T0","Other/Unknown",0.4786,0.5214,"HIGH"
13,"1","N1","T0","Other/Unknown",0.4835,0.5165,"HIGH"
14,"1","N1","T0","Other/Unknown",0.489,0.511,"HIGH"
15,"1","N1","T0","Other/Unknown",0.4889,0.5111,"HIGH"
16,"1","N1","T0","Other/Unknown",0.4936,0.5064,"HIGH"
17,"1","N1","T0","Other/Unknown",0.4943,0.5057,"HIGH"
18,"1","N1","T0","Other/Unknown",0.4955,0.5045,"HIGH"
19,"1","N1","T0","Other/Unknown",0.4957,0.5043,"HIGH"
20,"1","N1","T0","Other/Unknown",0.4999,0.5001,"HIGH"
21,"1","N1","T0","Other/Unknown",0.5027,0.4973,"LOW"
22,"1","N1","T0","Other/Unknown",0.502,0.498,"LOW"
23,"1","N1","T0","Other/Unknown",0.5036,0.4964,"LOW"
24,"1","N1","T0","Other/Unknown",0.5036,0.4964,"LOW"
25,"1","N1","T0","Other/Unknown",0.5034,0.4966,"LOW"
26,"1","N1","T0","Other/Unknown",0.5036,0.4964,"LOW"
27,"1","N1","T0","Other/Unknown",0.5032,0.4968,"LOW"
28,"1","N1","T0","Other/Unknown",0.5049,0.4951,"LOW"
29,"1","N1","T0","Other/Unknown",0.507,0.493,"LOW"
30,"1","N1","T0","Other/Unknown",0.5081,0.4919,"LOW"
31,"1","N1","T0","Other/Unknown",0.5108,0.4892,"LOW"
32,"1","N1","T0","Other/Unknown",0.5074,0.4926,"LOW"
33,"1","N1","T0","Other/Unknown",0.51,0.49,"LOW"
34,"1","N1","T0","Other/Unknown",0.5108,0.4892,"LOW"
35,"1","N1","T0","Other/Unknown",0.5109,0.4891,"LOW"
36,"1","N1","T0","Other/Unknown",0.5117,0.4883,"LOW"
37,"1","N1","T0","Other/Unknown",0.5108,0.4892,"LOW"
38,"1","N1","T0","Other/Unknown",0.5113,0.4887,"LOW"
39,"1","N1","T0","Other/Unknown",0.5118,0.4882,"LOW"
40,"1","N1","T0","Other/Unknown",0.5103,0.4897,"LOW"
41,"1","N1","T0","Other/Unknown",0.5102,0.4898,"LOW"
42,"1","N1","T0","Other/Unknown",0.5115,0.4885,"LOW"
43,"1","N1","T0","Other/Unknown",0.5138,0.4862,"LOW"
44,"1","N1","T0","Other/Unknown",0.5088,0.4912,"LOW"
45,"1","N1","T0","Other/Unknown",0.5086,0.4914,"LOW"
46,"1","N1","T0","Other/Unknown",0.5119,0.4881,"LOW"
47,"1","N1","T0","Other/Unknown",0.5152,0.4848,"LOW"
48,"1","N1","T0","Other/Unknown",0.516,0.484,"LOW"
49,"1","N1","T0","Other/Unknown",0.5128,0.4872,"LOW"
50,"1","N1","T0","Other/Unknown",0.5138,0.4862,"LOW"
51,"1","N1","T0","Other/Unknown",0.5134,0.4866,"LOW"
52,"1","N1","T0","Other/Unknown",0.5132,0.4868,"LOW"
53,"1","N1","T0","Other/Unknown",0.5127,0.4873,"LOW"
54,"1","N1","T0","Other/Unknown",0.5129,0.4871,"LOW"
55,"1","N1","T0","Other/Unknown",0.5127,0.4873,"LOW"
56,"1","N1","T0","Other/Unknown",0.5122,0.4878,"LOW"
57,"1","N1","T0","Other/Unknown",0.5124,0.4876,"LOW"
58,"1","N1","T0","Other/Unknown",0.5156,0.4844,"LOW"
59,"1","N1","T0","Other/Unknown",0.5149,0.4851,"LOW"
60,"1","N1","T0","Other/Unknown",0.5151,0.4849,"LOW"
61,"1","N1","T0","Other/Unknown",0.5141,0.4859,"LOW"
62,"1","N1","T0","Other/Unknown",0.5176,0.4824,"LOW"
63,"1","N1","T0","Other/Unknown",0.5203,0.4797,"LOW"
64,"1","N1","T0","Other/Unknown",0.5218,0.4782,"LOW"
65,"1","N1","T0","Other/Unknown",0.524,0.476,"LOW"
66,"1","N1","T0","Other/Unknown",0.5223,0.4777,"LOW"
67,"1","N1","T0","Other/Unknown",0.5208,0.4792,"LOW"
68,"1","N1","T0","Other/Unknown",0.5206,0.4794,"LOW"
69,"1","N1","T0","Other/Unknown",0.5226,0.4774,"LOW"
70,"1","N1","T0","Other/Unknown",0.5276,0.4724,"LOW"
71,"1","N1","T0","Other/Unknown",0.5296,0.4704,"LOW"
72,"1","N1","T0","Other/Unknown",0.5289,0.4711,"LOW"
73,"1","N1","T0","Other/Unknown",0.5272,0.4728,"LOW"
74,"1","N1","T0","Other/Unknown",0.5276,0.4724,"LOW"
75,"1","N1","T0","Other/Unknown",0.5257,0.4743,"LOW"
76,"1","N1","T0","Other/Unknown",0.5254,0.4746,"LOW"
77,"1","N1","T0","Other/Unknown",0.5257,0.4743,"LOW"
78,"1","N1","T0","Other/Unknown",0.5263,0.4737,"LOW"
79,"1","N1","T0","Other/Unknown",0.5271,0.4729,"LOW"
80,"1","N1","T0","Other/Unknown",0.5267,0.4733,"LOW"
81,"1","N1","T0","Other/Unknown",0.5251,0.4749,"LOW"
82,"1","N1","T0","Other/Unknown",0.527,0.473,"LOW"
83,"1","N1","T0","Other/Unknown",0.5284,0.4716,"LOW"
84,"1","N1","T0","Other/Unknown",0.5257,0.4743,"LOW"
85,"1","N1","T0","Other/Unknown",0.5263,0.4737,"LOW"
86,"1","N1","T0","Other/Unknown",0.53,0.47,"LOW"
87,"1","N1","T0","Other/Unknown",0.5311,0.4689,"LOW"
88,"1","N1","T0","Other/Unknown",0.5324,0.4676,"LOW"
89,"1","N1","T0","Other/Unknown",0.5353,0.4647,"LOW"
90,"1","N1","T0","Other/Unknown",0.5406,0.4594,"LOW"
91,"1","N1","T0","Other/Unknown",0.5406,0.4594,"LOW"
92,"1","N1","T0","Other/Unknown",0.5406,0.4594,"LOW"
93,"1","N1","T0","Other/Unknown",0.5406,0.4594,"LOW"
94,"1","N1","T0","Other/Unknown",0.5406,0.4594,"LOW"
95,"1","N1","T0","Other/Unknown",0.5406,0.4594,"LOW"
96,"1","N1","T0","Other/Unknown",0.5406,0.4594,"LOW"
97,"1","N1","T0","Other/Unknown",0.5406,0.4594,"LOW"
98,"1","N1","T0","Other/Unknown",0.5406,0.4594,"LOW"
99,"1","N1","T0","Other/Unknown",0.5406,0.4594,"LOW"
0,"2","N1","T0","Other/Unknown",0.5047,0.4953,"LOW"
1,"2","N1","T0","Other/Unknown",0.5015,0.4985,"LOW"
2,"2","N1","T0","Other/Unknown",0.5002,0.4998,"LOW"
3,"2","N1","T0","Other/Unknown",0.4975,0.5025,"HIGH"
4,"2","N1","T0","Other/Unknown",0.4982,0.5018,"HIGH"
5,"2","N1","T0","Other/Unknown",0.4957,0.5043,"HIGH"
6,"2","N1","T0","Other/Unknown",0.4974,0.5026,"HIGH"
7,"2","N1","T0","Other/Unknown",0.5005,0.4995,"LOW"
8,"2","N1","T0","Other/Unknown",0.4986,0.5014,"HIGH"
9,"2","N1","T0","Other/Unknown",0.4972,0.5028,"HIGH"
10,"2","N1","T0","Other/Unknown",0.5,0.5,"HIGH"
11,"2","N1","T0","Other/Unknown",0.4996,0.5004,"HIGH"
12,"2","N1","T0","Other/Unknown",0.4994,0.5006,"HIGH"
13,"2","N1","T0","Other/Unknown",0.5046,0.4954,"LOW"
14,"2","N1","T0","Other/Unknown",0.5072,0.4928,"LOW"
15,"2","N1","T0","Other/Unknown",0.5094,0.4906,"LOW"
16,"2","N1","T0","Other/Unknown",0.5126,0.4874,"LOW"
17,"2","N1","T0","Other/Unknown",0.5145,0.4855,"LOW"
18,"2","N1","T0","Other/Unknown",0.5159,0.4841,"LOW"
19,"2","N1","T0","Other/Unknown",0.5196,0.4804,"LOW"
20,"2","N1","T0","Other/Unknown",0.5232,0.4768,"LOW"
21,"2","N1","T0","Other/Unknown",0.5262,0.4738,"LOW"
22,"2","N1","T0","Other/Unknown",0.5254,0.4746,"LOW"
23,"2","N1","T0","Other/Unknown",0.5274,0.4726,"LOW"
24,"2","N1","T0","Other/Unknown",0.5277,0.4723,"LOW"
25,"2","N1","T0","Other/Unknown",0.5294,0.4706,"LOW"
26,"2","N1","T0","Other/Unknown",0.5324,0.4676,"LOW"
27,"2","N1","T0","Other/Unknown",0.5344,0.4656,"LOW"
28,"2","N1","T0","Other/Unknown",0.5354,0.4646,"LOW"
29,"2","N1","T0","Other/Unknown",0.5386,0.4614,"LOW"
30,"2","N1","T0","Other/Unknown",0.5418,0.4582,"LOW"
31,"2","N1","T0","Other/Unknown",0.5432,0.4568,"LOW"
32,"2","N1","T0","Other/Unknown",0.5405,0.4595,"LOW"
33,"2","N1","T0","Other/Unknown",0.5439,0.4561,"LOW"
34,"2","N1","T0","Other/Unknown",0.5479,0.4521,"LOW"
35,"2","N1","T0","Other/Unknown",0.5452,0.4548,"LOW"
36,"2","N1","T0","Other/Unknown",0.5466,0.4534,"LOW"
37,"2","N1","T0","Other/Unknown",0.5481,0.4519,"LOW"
38,"2","N1","T0","Other/Unknown",0.5465,0.4535,"LOW"
39,"2","N1","T0","Other/Unknown",0.5471,0.4529,"LOW"
40,"2","N1","T0","Other/Unknown",0.5462,0.4538,"LOW"
41,"2","N1","T0","Other/Unknown",0.5485,0.4515,"LOW"
42,"2","N1","T0","Other/Unknown",0.5479,0.4521,"LOW"
43,"2","N1","T0","Other/Unknown",0.5488,0.4512,"LOW"
44,"2","N1","T0","Other/Unknown",0.5444,0.4556,"LOW"
45,"2","N1","T0","Other/Unknown",0.544,0.456,"LOW"
46,"2","N1","T0","Other/Unknown",0.5429,0.4571,"LOW"
47,"2","N1","T0","Other/Unknown",0.5478,0.4522,"LOW"
48,"2","N1","T0","Other/Unknown",0.5458,0.4542,"LOW"
49,"2","N1","T0","Other/Unknown",0.5454,0.4546,"LOW"
50,"2","N1","T0","Other/Unknown",0.5463,0.4537,"LOW"
51,"2","N1","T0","Other/Unknown",0.5457,0.4543,"LOW"
52,"2","N1","T0","Other/Unknown",0.5466,0.4534,"LOW"
53,"2","N1","T0","Other/Unknown",0.5478,0.4522,"LOW"
54,"2","N1","T0","Other/Unknown",0.548,0.452,"LOW"
55,"2","N1","T0","Other/Unknown",0.5473,0.4527,"LOW"
56,"2","N1","T0","Other/Unknown",0.5474,0.4526,"LOW"
57,"2","N1","T0","Other/Unknown",0.5486,0.4514,"LOW"
58,"2","N1","T0","Other/Unknown",0.5507,0.4493,"LOW"
59,"2","N1","T0","Other/Unknown",0.5474,0.4526,"LOW"
60,"2","N1","T0","Other/Unknown",0.5491,0.4509,"LOW"
61,"2","N1","T0","Other/Unknown",0.551,0.449,"LOW"
62,"2","N1","T0","Other/Unknown",0.5534,0.4466,"LOW"
63,"2","N1","T0","Other/Unknown",0.5532,0.4468,"LOW"
64,"2","N1","T0","Other/Unknown",0.5519,0.4481,"LOW"
65,"2","N1","T0","Other/Unknown",0.554,0.446,"LOW"
66,"2","N1","T0","Other/Unknown",0.5563,0.4437,"LOW"
67,"2","N1","T0","Other/Unknown",0.5546,0.4454,"LOW"
68,"2","N1","T0","Other/Unknown",0.5543,0.4457,"LOW"
69,"2","N1","T0","Other/Unknown",0.5546,0.4454,"LOW"
70,"2","N1","T0","Other/Unknown",0.5597,0.4403,"LOW"
71,"2","N1","T0","Other/Unknown",0.5605,0.4395,"LOW"
72,"2","N1","T0","Other/Unknown",0.5634,0.4366,"LOW"
73,"2","N1","T0","Other/Unknown",0.5638,0.4362,"LOW"
74,"2","N1","T0","Other/Unknown",0.5645,0.4355,"LOW"
75,"2","N1","T0","Other/Unknown",0.5667,0.4333,"LOW"
76,"2","N1","T0","Other/Unknown",0.5679,0.4321,"LOW"
77,"2","N1","T0","Other/Unknown",0.5693,0.4307,"LOW"
78,"2","N1","T0","Other/Unknown",0.5688,0.4312,"LOW"
79,"2","N1","T0","Other/Unknown",0.57,0.43,"LOW"
80,"2","N1","T0","Other/Unknown",0.5696,0.4304,"LOW"
81,"2","N1","T0","Other/Unknown",0.5699,0.4301,"LOW"
82,"2","N1","T0","Other/Unknown",0.5728,0.4272,"LOW"
83,"2","N1","T0","Other/Unknown",0.5752,0.4248,"LOW"
84,"2","N1","T0","Other/Unknown",0.5714,0.4286,"LOW"
85,"2","N1","T0","Other/Unknown",0.5727,0.4273,"LOW"
86,"2","N1","T0","Other/Unknown",0.5774,0.4226,"LOW"
87,"2","N1","T0","Other/Unknown",0.5771,0.4229,"LOW"
88,"2","N1","T0","Other/Unknown",0.5809,0.4191,"LOW"
89,"2","N1","T0","Other/Unknown",0.5844,0.4156,"LOW"
90,"2","N1","T0","Other/Unknown",0.5959,0.4041,"LOW"
91,"2","N1","T0","Other/Unknown",0.5959,0.4041,"LOW"
92,"2","N1","T0","Other/Unknown",0.5959,0.4041,"LOW"
93,"2","N1","T0","Other/Unknown",0.5959,0.4041,"LOW"
94,"2","N1","T0","Other/Unknown",0.5959,0.4041,"LOW"
95,"2","N1","T0","Other/Unknown",0.5959,0.4041,"LOW"
96,"2","N1","T0","Other/Unknown",0.5959,0.4041,"LOW"
97,"2","N1","T0","Other/Unknown",0.5959,0.4041,"LOW"
98,"2","N1","T0","Other/Unknown",0.5959,0.4041,"LOW"
99,"2","N1","T0","Other/Unknown",0.5959,0.4041,"LOW"
0,"1","Other/Unknown","T0","Other/Unknown",0.6019,0.3981,"LOW"
1,"1","Other/Unknown","T0","Other/Unknown",0.5972,0.4028,"LOW"
2,"1","Other/Unknown","T0","Other/Unknown",0.5943,0.4057,"LOW"
3,"1","Other/Unknown","T0","Other/Unknown",0.5964,0.4036,"LOW"
4,"1","Other/Unknown","T0","Other/Unknown",0.6016,0.3984,"LOW"
5,"1","Other/Unknown","T0","Other/Unknown",0.6026,0.3974,"LOW"
6,"1","Other/Unknown","T0","Other/Unknown",0.6081,0.3919,"LOW"
7,"1","Other/Unknown","T0","Other/Unknown",0.6114,0.3886,"LOW"
8,"1","Other/Unknown","T0","Other/Unknown",0.6147,0.3853,"LOW"
9,"1","Other/Unknown","T0","Other/Unknown",0.6155,0.3845,"LOW"
10,"1","Other/Unknown","T0","Other/Unknown",0.6175,0.3825,"LOW"
11,"1","Other/Unknown","T0","Other/Unknown",0.6224,0.3776,"LOW"
12,"1","Other/Unknown","T0","Other/Unknown",0.625,0.375,"LOW"
13,"1","Other/Unknown","T0","Other/Unknown",0.6303,0.3697,"LOW"
14,"1","Other/Unknown","T0","Other/Unknown",0.6304,0.3696,"LOW"
15,"1","Other/Unknown","T0","Other/Unknown",0.6337,0.3663,"LOW"
16,"1","Other/Unknown","T0","Other/Unknown",0.6344,0.3656,"LOW"
17,"1","Other/Unknown","T0","Other/Unknown",0.6373,0.3627,"LOW"
18,"1","Other/Unknown","T0","Other/Unknown",0.6424,0.3576,"LOW"
19,"1","Other/Unknown","T0","Other/Unknown",0.6451,0.3549,"LOW"
20,"1","Other/Unknown","T0","Other/Unknown",0.6453,0.3547,"LOW"
21,"1","Other/Unknown","T0","Other/Unknown",0.6462,0.3538,"LOW"
22,"1","Other/Unknown","T0","Other/Unknown",0.6495,0.3505,"LOW"
23,"1","Other/Unknown","T0","Other/Unknown",0.65,0.35,"LOW"
24,"1","Other/Unknown","T0","Other/Unknown",0.6515,0.3485,"LOW"
25,"1","Other/Unknown","T0","Other/Unknown",0.6564,0.3436,"LOW"
26,"1","Other/Unknown","T0","Other/Unknown",0.6565,0.3435,"LOW"
27,"1","Other/Unknown","T0","Other/Unknown",0.6596,0.3404,"LOW"
28,"1","Other/Unknown","T0","Other/Unknown",0.6616,0.3384,"LOW"
29,"1","Other/Unknown","T0","Other/Unknown",0.6666,0.3334,"LOW"
30,"1","Other/Unknown","T0","Other/Unknown",0.6697,0.3303,"LOW"
31,"1","Other/Unknown","T0","Other/Unknown",0.6712,0.3288,"LOW"
32,"1","Other/Unknown","T0","Other/Unknown",0.6755,0.3245,"LOW"
33,"1","Other/Unknown","T0","Other/Unknown",0.6827,0.3173,"LOW"
34,"1","Other/Unknown","T0","Other/Unknown",0.6864,0.3136,"LOW"
35,"1","Other/Unknown","T0","Other/Unknown",0.6876,0.3124,"LOW"
36,"1","Other/Unknown","T0","Other/Unknown",0.6888,0.3112,"LOW"
37,"1","Other/Unknown","T0","Other/Unknown",0.6919,0.3081,"LOW"
38,"1","Other/Unknown","T0","Other/Unknown",0.6933,0.3067,"LOW"
39,"1","Other/Unknown","T0","Other/Unknown",0.6969,0.3031,"LOW"
40,"1","Other/Unknown","T0","Other/Unknown",0.6969,0.3031,"LOW"
41,"1","Other/Unknown","T0","Other/Unknown",0.7005,0.2995,"LOW"
42,"1","Other/Unknown","T0","Other/Unknown",0.7023,0.2977,"LOW"
43,"1","Other/Unknown","T0","Other/Unknown",0.7026,0.2974,"LOW"
44,"1","Other/Unknown","T0","Other/Unknown",0.7038,0.2962,"LOW"
45,"1","Other/Unknown","T0","Other/Unknown",0.7049,0.2951,"LOW"
46,"1","Other/Unknown","T0","Other/Unknown",0.7054,0.2946,"LOW"
47,"1","Other/Unknown","T0","Other/Unknown",0.7052,0.2948,"LOW"
48,"1","Other/Unknown","T0","Other/Unknown",0.7064,0.2936,"LOW"
49,"1","Other/Unknown","T0","Other/Unknown",0.7063,0.2937,"LOW"
50,"1","Other/Unknown","T0","Other/Unknown",0.7059,0.2941,"LOW"
51,"1","Other/Unknown","T0","Other/Unknown",0.7088,0.2912,"LOW"
52,"1","Other/Unknown","T0","Other/Unknown",0.709,0.291,"LOW"
53,"1","Other/Unknown","T0","Other/Unknown",0.7094,0.2906,"LOW"
54,"1","Other/Unknown","T0","Other/Unknown",0.7098,0.2902,"LOW"
55,"1","Other/Unknown","T0","Other/Unknown",0.7091,0.2909,"LOW"
56,"1","Other/Unknown","T0","Other/Unknown",0.7075,0.2925,"LOW"
57,"1","Other/Unknown","T0","Other/Unknown",0.7048,0.2952,"LOW"
58,"1","Other/Unknown","T0","Other/Unknown",0.7087,0.2913,"LOW"
59,"1","Other/Unknown","T0","Other/Unknown",0.7059,0.2941,"LOW"
60,"1","Other/Unknown","T0","Other/Unknown",0.7076,0.2924,"LOW"
61,"1","Other/Unknown","T0","Other/Unknown",0.7061,0.2939,"LOW"
62,"1","Other/Unknown","T0","Other/Unknown",0.7062,0.2938,"LOW"
63,"1","Other/Unknown","T0","Other/Unknown",0.7061,0.2939,"LOW"
64,"1","Other/Unknown","T0","Other/Unknown",0.7055,0.2945,"LOW"
65,"1","Other/Unknown","T0","Other/Unknown",0.7073,0.2927,"LOW"
66,"1","Other/Unknown","T0","Other/Unknown",0.7105,0.2895,"LOW"
67,"1","Other/Unknown","T0","Other/Unknown",0.7109,0.2891,"LOW"
68,"1","Other/Unknown","T0","Other/Unknown",0.7121,0.2879,"LOW"
69,"1","Other/Unknown","T0","Other/Unknown",0.7122,0.2878,"LOW"
70,"1","Other/Unknown","T0","Other/Unknown",0.7131,0.2869,"LOW"
71,"1","Other/Unknown","T0","Other/Unknown",0.7147,0.2853,"LOW"
72,"1","Other/Unknown","T0","Other/Unknown",0.7157,0.2843,"LOW"
73,"1","Other/Unknown","T0","Other/Unknown",0.716,0.284,"LOW"
74,"1","Other/Unknown","T0","Other/Unknown",0.7175,0.2825,"LOW"
75,"1","Other/Unknown","T0","Other/Unknown",0.7175,0.2825,"LOW"
76,"1","Other/Unknown","T0","Other/Unknown",0.7163,0.2837,"LOW"
77,"1","Other/Unknown","T0","Other/Unknown",0.7173,0.2827,"LOW"
78,"1","Other/Unknown","T0","Other/Unknown",0.7183,0.2817,"LOW"
79,"1","Other/Unknown","T0","Other/Unknown",0.7196,0.2804,"LOW"
80,"1","Other/Unknown","T0","Other/Unknown",0.7198,0.2802,"LOW"
81,"1","Other/Unknown","T0","Other/Unknown",0.7207,0.2793,"LOW"
82,"1","Other/Unknown","T0","Other/Unknown",0.7242,0.2758,"LOW"
83,"1","Other/Unknown","T0","Other/Unknown",0.725,0.275,"LOW"
84,"1","Other/Unknown","T0","Other/Unknown",0.725,0.275,"LOW"
85,"1","Other/Unknown","T0","Other/Unknown",0.7253,0.2747,"LOW"
86,"1","Other/Unknown","T0","Other/Unknown",0.7249,0.2751,"LOW"
87,"1","Other/Unknown","T0","Other/Unknown",0.7286,0.2714,"LOW"
88,"1","Other/Unknown","T0","Other/Unknown",0.7309,0.2691,"LOW"
89,"1","Other/Unknown","T0","Other/Unknown",0.7323,0.2677,"LOW"
90,"1","Other/Unknown","T0","Other/Unknown",0.7329,0.2671,"LOW"
91,"1","Other/Unknown","T0","Other/Unknown",0.7329,0.2671,"LOW"
92,"1","Other/Unknown","T0","Other/Unknown",0.7329,0.2671,"LOW"
93,"1","Other/Unknown","T0","Other/Unknown",0.7329,0.2671,"LOW"
94,"1","Other/Unknown","T0","Other/Unknown",0.7329,0.2671,"LOW"
95,"1","Other/Unknown","T0","Other/Unknown",0.7329,0.2671,"LOW"
96,"1","Other/Unknown","T0","Other/Unknown",0.7329,0.2671,"LOW"
97,"1","Other/Unknown","T0","Other/Unknown",0.7329,0.2671,"LOW"
98,"1","Other/Unknown","T0","Other/Unknown",0.7329,0.2671,"LOW"
99,"1","Other/Unknown","T0","Other/Unknown",0.7329,0.2671,"LOW"
0,"2","Other/Unknown","T0","Other/Unknown",0.6399,0.3601,"LOW"
1,"2","Other/Unknown","T0","Other/Unknown",0.6404,0.3596,"LOW"
2,"2","Other/Unknown","T0","Other/Unknown",0.6392,0.3608,"LOW"
3,"2","Other/Unknown","T0","Other/Unknown",0.6344,0.3656,"LOW"
4,"2","Other/Unknown","T0","Other/Unknown",0.6407,0.3593,"LOW"
5,"2","Other/Unknown","T0","Other/Unknown",0.6412,0.3588,"LOW"
6,"2","Other/Unknown","T0","Other/Unknown",0.6483,0.3517,"LOW"
7,"2","Other/Unknown","T0","Other/Unknown",0.6531,0.3469,"LOW"
8,"2","Other/Unknown","T0","Other/Unknown",0.6534,0.3466,"LOW"
9,"2","Other/Unknown","T0","Other/Unknown",0.6535,0.3465,"LOW"
10,"2","Other/Unknown","T0","Other/Unknown",0.6546,0.3454,"LOW"
11,"2","Other/Unknown","T0","Other/Unknown",0.6575,0.3425,"LOW"
12,"2","Other/Unknown","T0","Other/Unknown",0.6623,0.3377,"LOW"
13,"2","Other/Unknown","T0","Other/Unknown",0.6611,0.3389,"LOW"
14,"2","Other/Unknown","T0","Other/Unknown",0.6617,0.3383,"LOW"
15,"2","Other/Unknown","T0","Other/Unknown",0.6641,0.3359,"LOW"
16,"2","Other/Unknown","T0","Other/Unknown",0.6656,0.3344,"LOW"
17,"2","Other/Unknown","T0","Other/Unknown",0.6673,0.3327,"LOW"
18,"2","Other/Unknown","T0","Other/Unknown",0.6716,0.3284,"LOW"
19,"2","Other/Unknown","T0","Other/Unknown",0.6762,0.3238,"LOW"
20,"2","Other/Unknown","T0","Other/Unknown",0.6759,0.3241,"LOW"
21,"2","Other/Unknown","T0","Other/Unknown",0.6764,0.3236,"LOW"
22,"2","Other/Unknown","T0","Other/Unknown",0.6798,0.3202,"LOW"
23,"2","Other/Unknown","T0","Other/Unknown",0.682,0.318,"LOW"
24,"2","Other/Unknown","T0","Other/Unknown",0.6823,0.3177,"LOW"
25,"2","Other/Unknown","T0","Other/Unknown",0.6889,0.3111,"LOW"
26,"2","Other/Unknown","T0","Other/Unknown",0.6894,0.3106,"LOW"
27,"2","Other/Unknown","T0","Other/Unknown",0.6939,0.3061,"LOW"
28,"2","Other/Unknown","T0","Other/Unknown",0.6947,0.3053,"LOW"
29,"2","Other/Unknown","T0","Other/Unknown",0.6998,0.3002,"LOW"
30,"2","Other/Unknown","T0","Other/Unknown",0.7023,0.2977,"LOW"
31,"2","Other/Unknown","T0","Other/Unknown",0.7046,0.2954,"LOW"
32,"2","Other/Unknown","T0","Other/Unknown",0.7058,0.2942,"LOW"
33,"2","Other/Unknown","T0","Other/Unknown",0.7097,0.2903,"LOW"
34,"2","Other/Unknown","T0","Other/Unknown",0.7111,0.2889,"LOW"
35,"2","Other/Unknown","T0","Other/Unknown",0.715,0.285,"LOW"
36,"2","Other/Unknown","T0","Other/Unknown",0.715,0.285,"LOW"
37,"2","Other/Unknown","T0","Other/Unknown",0.7177,0.2823,"LOW"
38,"2","Other/Unknown","T0","Other/Unknown",0.7181,0.2819,"LOW"
39,"2","Other/Unknown","T0","Other/Unknown",0.7198,0.2802,"LOW"
40,"2","Other/Unknown","T0","Other/Unknown",0.7222,0.2778,"LOW"
41,"2","Other/Unknown","T0","Other/Unknown",0.7235,0.2765,"LOW"
42,"2","Other/Unknown","T0","Other/Unknown",0.7244,0.2756,"LOW"
43,"2","Other/Unknown","T0","Other/Unknown",0.7243,0.2757,"LOW"
44,"2","Other/Unknown","T0","Other/Unknown",0.7267,0.2733,"LOW"
45,"2","Other/Unknown","T0","Other/Unknown",0.7264,0.2736,"LOW"
46,"2","Other/Unknown","T0","Other/Unknown",0.7267,0.2733,"LOW"
47,"2","Other/Unknown","T0","Other/Unknown",0.7275,0.2725,"LOW"
48,"2","Other/Unknown","T0","Other/Unknown",0.7286,0.2714,"LOW"
49,"2","Other/Unknown","T0","Other/Unknown",0.7284,0.2716,"LOW"
50,"2","Other/Unknown","T0","Other/Unknown",0.7279,0.2721,"LOW"
51,"2","Other/Unknown","T0","Other/Unknown",0.7275,0.2725,"LOW"
52,"2","Other/Unknown","T0","Other/Unknown",0.7271,0.2729,"LOW"
53,"2","Other/Unknown","T0","Other/Unknown",0.7275,0.2725,"LOW"
54,"2","Other/Unknown","T0","Other/Unknown",0.7278,0.2722,"LOW"
55,"2","Other/Unknown","T0","Other/Unknown",0.7277,0.2723,"LOW"
56,"2","Other/Unknown","T0","Other/Unknown",0.7263,0.2737,"LOW"
57,"2","Other/Unknown","T0","Other/Unknown",0.7257,0.2743,"LOW"
58,"2","Other/Unknown","T0","Other/Unknown",0.7276,0.2724,"LOW"
59,"2","Other/Unknown","T0","Other/Unknown",0.7235,0.2765,"LOW"
60,"2","Other/Unknown","T0","Other/Unknown",0.7259,0.2741,"LOW"
61,"2","Other/Unknown","T0","Other/Unknown",0.7281,0.2719,"LOW"
62,"2","Other/Unknown","T0","Other/Unknown",0.7289,0.2711,"LOW"
63,"2","Other/Unknown","T0","Other/Unknown",0.7302,0.2698,"LOW"
64,"2","Other/Unknown","T0","Other/Unknown",0.7316,0.2684,"LOW"
65,"2","Other/Unknown","T0","Other/Unknown",0.7304,0.2696,"LOW"
66,"2","Other/Unknown","T0","Other/Unknown",0.7321,0.2679,"LOW"
67,"2","Other/Unknown","T0","Other/Unknown",0.7329,0.2671,"LOW"
68,"2","Other/Unknown","T0","Other/Unknown",0.7341,0.2659,"LOW"
69,"2","Other/Unknown","T0","Other/Unknown",0.7338,0.2662,"LOW"
70,"2","Other/Unknown","T0","Other/Unknown",0.7342,0.2658,"LOW"
71,"2","Other/Unknown","T0","Other/Unknown",0.7364,0.2636,"LOW"
72,"2","Other/Unknown","T0","Other/Unknown",0.7369,0.2631,"LOW"
73,"2","Other/Unknown","T0","Other/Unknown",0.7369,0.2631,"LOW"
74,"2","Other/Unknown","T0","Other/Unknown",0.7373,0.2627,"LOW"
75,"2","Other/Unknown","T0","Other/Unknown",0.7377,0.2623,"LOW"
76,"2","Other/Unknown","T0","Other/Unknown",0.7364,0.2636,"LOW"
77,"2","Other/Unknown","T0","Other/Unknown",0.7379,0.2621,"LOW"
78,"2","Other/Unknown","T0","Other/Unknown",0.738,0.262,"LOW"
79,"2","Other/Unknown","T0","Other/Unknown",0.7412,0.2588,"LOW"
80,"2","Other/Unknown","T0","Other/Unknown",0.7406,0.2594,"LOW"
81,"2","Other/Unknown","T0","Other/Unknown",0.742,0.258,"LOW"
82,"2","Other/Unknown","T0","Other/Unknown",0.7421,0.2579,"LOW"
83,"2","Other/Unknown","T0","Other/Unknown",0.7428,0.2572,"LOW"
84,"2","Other/Unknown","T0","Other/Unknown",0.7401,0.2599,"LOW"
85,"2","Other/Unknown","T0","Other/Unknown",0.7399,0.2601,"LOW"
86,"2","Other/Unknown","T0","Other/Unknown",0.7377,0.2623,"LOW"
87,"2","Other/Unknown","T0","Other/Unknown",0.7408,0.2592,"LOW"
88,"2","Other/Unknown","T0","Other/Unknown",0.7415,0.2585,"LOW"
89,"2","Other/Unknown","T0","Other/Unknown",0.744,0.256,"LOW"
90,"2","Other/Unknown","T0","Other/Unknown",0.7416,0.2584,"LOW"
91,"2","Other/Unknown","T0","Other/Unknown",0.7416,0.2584,"LOW"
92,"2","Other/Unknown","T0","Other/Unknown",0.7416,0.2584,"LOW"
93,"2","Other/Unknown","T0","Other/Unknown",0.7416,0.2584,"LOW"
94,"2","Other/Unknown","T0","Other/Unknown",0.7416,0.2584,"LOW"
95,"2","Other/Unknown","T0","Other/Unknown",0.7416,0.2584,"LOW"
96,"2","Other/Unknown","T0","Other/Unknown",0.7416,0.2584,"LOW"
97,"2","Other/Unknown","T0","Other/Unknown",0.7416,0.2584,"LOW"
98,"2","Other/Unknown","T0","Other/Unknown",0.7416,0.2584,"LOW"
99,"2","Other/Unknown","T0","Other/Unknown",0.7416,0.2584,"LOW"
0,"1","N0","Other/Unknown","Other/Unknown",0.6883,0.3117,"LOW"
1,"1","N0","Other/Unknown","Other/Unknown",0.6822,0.3178,"LOW"
2,"1","N0","Other/Unknown","Other/Unknown",0.6808,0.3192,"LOW"
3,"1","N0","Other/Unknown","Other/Unknown",0.6796,0.3204,"LOW"
4,"1","N0","Other/Unknown","Other/Unknown",0.6817,0.3183,"LOW"
5,"1","N0","Other/Unknown","Other/Unknown",0.6856,0.3144,"LOW"
6,"1","N0","Other/Unknown","Other/Unknown",0.6891,0.3109,"LOW"
7,"1","N0","Other/Unknown","Other/Unknown",0.6861,0.3139,"LOW"
8,"1","N0","Other/Unknown","Other/Unknown",0.6862,0.3138,"LOW"
9,"1","N0","Other/Unknown","Other/Unknown",0.6854,0.3146,"LOW"
10,"1","N0","Other/Unknown","Other/Unknown",0.6888,0.3112,"LOW"
11,"1","N0","Other/Unknown","Other/Unknown",0.6921,0.3079,"LOW"
12,"1","N0","Other/Unknown","Other/Unknown",0.6951,0.3049,"LOW"
13,"1","N0","Other/Unknown","Other/Unknown",0.6997,0.3003,"LOW"
14,"1","N0","Other/Unknown","Other/Unknown",0.7027,0.2973,"LOW"
15,"1","N0","Other/Unknown","Other/Unknown",0.7056,0.2944,"LOW"
16,"1","N0","Other/Unknown","Other/Unknown",0.7105,0.2895,"LOW"
17,"1","N0","Other/Unknown","Other/Unknown",0.7121,0.2879,"LOW"
18,"1","N0","Other/Unknown","Other/Unknown",0.7137,0.2863,"LOW"
19,"1","N0","Other/Unknown","Other/Unknown",0.7116,0.2884,"LOW"
20,"1","N0","Other/Unknown","Other/Unknown",0.7068,0.2932,"LOW"
21,"1","N0","Other/Unknown","Other/Unknown",0.7064,0.2936,"LOW"
22,"1","N0","Other/Unknown","Other/Unknown",0.7044,0.2956,"LOW"
23,"1","N0","Other/Unknown","Other/Unknown",0.7033,0.2967,"LOW"
24,"1","N0","Other/Unknown","Other/Unknown",0.7066,0.2934,"LOW"
25,"1","N0","Other/Unknown","Other/Unknown",0.707,0.293,"LOW"
26,"1","N0","Other/Unknown","Other/Unknown",0.7096,0.2904,"LOW"
27,"1","N0","Other/Unknown","Other/Unknown",0.7169,0.2831,"LOW"
28,"1","N0","Other/Unknown","Other/Unknown",0.7178,0.2822,"LOW"
29,"1","N0","Other/Unknown","Other/Unknown",0.723,0.277,"LOW"
30,"1","N0","Other/Unknown","Other/Unknown",0.7243,0.2757,"LOW"
31,"1","N0","Other/Unknown","Other/Unknown",0.7283,0.2717,"LOW"
32,"1","N0","Other/Unknown","Other/Unknown",0.7314,0.2686,"LOW"
33,"1","N0","Other/Unknown","Other/Unknown",0.7345,0.2655,"LOW"
34,"1","N0","Other/Unknown","Other/Unknown",0.7387,0.2613,"LOW"
35,"1","N0","Other/Unknown","Other/Unknown",0.7434,0.2566,"LOW"
36,"1","N0","Other/Unknown","Other/Unknown",0.7436,0.2564,"LOW"
37,"1","N0","Other/Unknown","Other/Unknown",0.7429,0.2571,"LOW"
38,"1","N0","Other/Unknown","Other/Unknown",0.7444,0.2556,"LOW"
39,"1","N0","Other/Unknown","Other/Unknown",0.7489,0.2511,"LOW"
40,"1","N0","Other/Unknown","Other/Unknown",0.7524,0.2476,"LOW"
41,"1","N0","Other/Unknown","Other/Unknown",0.755,0.245,"LOW"
42,"1","N0","Other/Unknown","Other/Unknown",0.7557,0.2443,"LOW"
43,"1","N0","Other/Unknown","Other/Unknown",0.7578,0.2422,"LOW"
44,"1","N0","Other/Unknown","Other/Unknown",0.7564,0.2436,"LOW"
45,"1","N0","Other/Unknown","Other/Unknown",0.757,0.243,"LOW"
46,"1","N0","Other/Unknown","Other/Unknown",0.7578,0.2422,"LOW"
47,"1","N0","Other/Unknown","Other/Unknown",0.7601,0.2399,"LOW"
48,"1","N0","Other/Unknown","Other/Unknown",0.7608,0.2392,"LOW"
49,"1","N0","Other/Unknown","Other/Unknown",0.7616,0.2384,"LOW"
50,"1","N0","Other/Unknown","Other/Unknown",0.7633,0.2367,"LOW"
51,"1","N0","Other/Unknown","Other/Unknown",0.7639,0.2361,"LOW"
52,"1","N0","Other/Unknown","Other/Unknown",0.7644,0.2356,"LOW"
53,"1","N0","Other/Unknown","Other/Unknown",0.7645,0.2355,"LOW"
54,"1","N0","Other/Unknown","Other/Unknown",0.7659,0.2341,"LOW"
55,"1","N0","Other/Unknown","Other/Unknown",0.7659,0.2341,"LOW"
56,"1","N0","Other/Unknown","Other/Unknown",0.7682,0.2318,"LOW"
57,"1","N0","Other/Unknown","Other/Unknown",0.7699,0.2301,"LOW"
58,"1","N0","Other/Unknown","Other/Unknown",0.7699,0.2301,"LOW"
59,"1","N0","Other/Unknown","Other/Unknown",0.7694,0.2306,"LOW"
60,"1","N0","Other/Unknown","Other/Unknown",0.7698,0.2302,"LOW"
61,"1","N0","Other/Unknown","Other/Unknown",0.771,0.229,"LOW"
62,"1","N0","Other/Unknown","Other/Unknown",0.7737,0.2263,"LOW"
63,"1","N0","Other/Unknown","Other/Unknown",0.7753,0.2247,"LOW"
64,"1","N0","Other/Unknown","Other/Unknown",0.7761,0.2239,"LOW"
65,"1","N0","Other/Unknown","Other/Unknown",0.7779,0.2221,"LOW"
66,"1","N0","Other/Unknown","Other/Unknown",0.7788,0.2212,"LOW"
67,"1","N0","Other/Unknown","Other/Unknown",0.7789,0.2211,"LOW"
68,"1","N0","Other/Unknown","Other/Unknown",0.7786,0.2214,"LOW"
69,"1","N0","Other/Unknown","Other/Unknown",0.7788,0.2212,"LOW"
70,"1","N0","Other/Unknown","Other/Unknown",0.7792,0.2208,"LOW"
71,"1","N0","Other/Unknown","Other/Unknown",0.7798,0.2202,"LOW"
72,"1","N0","Other/Unknown","Other/Unknown",0.7801,0.2199,"LOW"
73,"1","N0","Other/Unknown","Other/Unknown",0.7808,0.2192,"LOW"
74,"1","N0","Other/Unknown","Other/Unknown",0.7817,0.2183,"LOW"
75,"1","N0","Other/Unknown","Other/Unknown",0.7824,0.2176,"LOW"
76,"1","N0","Other/Unknown","Other/Unknown",0.7839,0.2161,"LOW"
77,"1","N0","Other/Unknown","Other/Unknown",0.7844,0.2156,"LOW"
78,"1","N0","Other/Unknown","Other/Unknown",0.7833,0.2167,"LOW"
79,"1","N0","Other/Unknown","Other/Unknown",0.7831,0.2169,"LOW"
80,"1","N0","Other/Unknown","Other/Unknown",0.7827,0.2173,"LOW"
81,"1","N0","Other/Unknown","Other/Unknown",0.7826,0.2174,"LOW"
82,"1","N0","Other/Unknown","Other/Unknown",0.7825,0.2175,"LOW"
83,"1","N0","Other/Unknown","Other/Unknown",0.7828,0.2172,"LOW"
84,"1","N0","Other/Unknown","Other/Unknown",0.7828,0.2172,"LOW"
85,"1","N0","Other/Unknown","Other/Unknown",0.7844,0.2156,"LOW"
86,"1","N0","Other/Unknown","Other/Unknown",0.7865,0.2135,"LOW"
87,"1","N0","Other/Unknown","Other/Unknown",0.7877,0.2123,"LOW"
88,"1","N0","Other/Unknown","Other/Unknown",0.7882,0.2118,"LOW"
89,"1","N0","Other/Unknown","Other/Unknown",0.7916,0.2084,"LOW"
90,"1","N0","Other/Unknown","Other/Unknown",0.7924,0.2076,"LOW"
91,"1","N0","Other/Unknown","Other/Unknown",0.7924,0.2076,"LOW"
92,"1","N0","Other/Unknown","Other/Unknown",0.7924,0.2076,"LOW"
93,"1","N0","Other/Unknown","Other/Unknown",0.7924,0.2076,"LOW"
94,"1","N0","Other/Unknown","Other/Unknown",0.7924,0.2076,"LOW"
95,"1","N0","Other/Unknown","Other/Unknown",0.7924,0.2076,"LOW"
96,"1","N0","Other/Unknown","Other/Unknown",0.7924,0.2076,"LOW"
97,"1","N0","Other/Unknown","Other/Unknown",0.7924,0.2076,"LOW"
98,"1","N0","Other/Unknown","Other/Unknown",0.7924,0.2076,"LOW"
99,"1","N0","Other/Unknown","Other/Unknown",0.7924,0.2076,"LOW"
0,"2","N0","Other/Unknown","Other/Unknown",0.7168,0.2832,"LOW"
1,"2","N0","Other/Unknown","Other/Unknown",0.7107,0.2893,"LOW"
2,"2","N0","Other/Unknown","Other/Unknown",0.7116,0.2884,"LOW"
3,"2","N0","Other/Unknown","Other/Unknown",0.7077,0.2923,"LOW"
4,"2","N0","Other/Unknown","Other/Unknown",0.7108,0.2892,"LOW"
5,"2","N0","Other/Unknown","Other/Unknown",0.7075,0.2925,"LOW"
6,"2","N0","Other/Unknown","Other/Unknown",0.7099,0.2901,"LOW"
7,"2","N0","Other/Unknown","Other/Unknown",0.7094,0.2906,"LOW"
8,"2","N0","Other/Unknown","Other/Unknown",0.7098,0.2902,"LOW"
9,"2","N0","Other/Unknown","Other/Unknown",0.7097,0.2903,"LOW"
10,"2","N0","Other/Unknown","Other/Unknown",0.7168,0.2832,"LOW"
11,"2","N0","Other/Unknown","Other/Unknown",0.7182,0.2818,"LOW"
12,"2","N0","Other/Unknown","Other/Unknown",0.7216,0.2784,"LOW"
13,"2","N0","Other/Unknown","Other/Unknown",0.7248,0.2752,"LOW"
14,"2","N0","Other/Unknown","Other/Unknown",0.7278,0.2722,"LOW"
15,"2","N0","Other/Unknown","Other/Unknown",0.7316,0.2684,"LOW"
16,"2","N0","Other/Unknown","Other/Unknown",0.737,0.263,"LOW"
17,"2","N0","Other/Unknown","Other/Unknown",0.7397,0.2603,"LOW"
18,"2","N0","Other/Unknown","Other/Unknown",0.7407,0.2593,"LOW"
19,"2","N0","Other/Unknown","Other/Unknown",0.7453,0.2547,"LOW"
20,"2","N0","Other/Unknown","Other/Unknown",0.7436,0.2564,"LOW"
21,"2","N0","Other/Unknown","Other/Unknown",0.7434,0.2566,"LOW"
22,"2","N0","Other/Unknown","Other/Unknown",0.7424,0.2576,"LOW"
23,"2","N0","Other/Unknown","Other/Unknown",0.7407,0.2593,"LOW"
24,"2","N0","Other/Unknown","Other/Unknown",0.7386,0.2614,"LOW"
25,"2","N0","Other/Unknown","Other/Unknown",0.7397,0.2603,"LOW"
26,"2","N0","Other/Unknown","Other/Unknown",0.7433,0.2567,"LOW"
27,"2","N0","Other/Unknown","Other/Unknown",0.7484,0.2516,"LOW"
28,"2","N0","Other/Unknown","Other/Unknown",0.7488,0.2512,"LOW"
29,"2","N0","Other/Unknown","Other/Unknown",0.7497,0.2503,"LOW"
30,"2","N0","Other/Unknown","Other/Unknown",0.7524,0.2476,"LOW"
31,"2","N0","Other/Unknown","Other/Unknown",0.7578,0.2422,"LOW"
32,"2","N0","Other/Unknown","Other/Unknown",0.7601,0.2399,"LOW"
33,"2","N0","Other/Unknown","Other/Unknown",0.7644,0.2356,"LOW"
34,"2","N0","Other/Unknown","Other/Unknown",0.7664,0.2336,"LOW"
35,"2","N0","Other/Unknown","Other/Unknown",0.7692,0.2308,"LOW"
36,"2","N0","Other/Unknown","Other/Unknown",0.7708,0.2292,"LOW"
37,"2","N0","Other/Unknown","Other/Unknown",0.7709,0.2291,"LOW"
38,"2","N0","Other/Unknown","Other/Unknown",0.7719,0.2281,"LOW"
39,"2","N0","Other/Unknown","Other/Unknown",0.7741,0.2259,"LOW"
40,"2","N0","Other/Unknown","Other/Unknown",0.7736,0.2264,"LOW"
41,"2","N0","Other/Unknown","Other/Unknown",0.7746,0.2254,"LOW"
42,"2","N0","Other/Unknown","Other/Unknown",0.7752,0.2248,"LOW"
43,"2","N0","Other/Unknown","Other/Unknown",0.7759,0.2241,"LOW"
44,"2","N0","Other/Unknown","Other/Unknown",0.7763,0.2237,"LOW"
45,"2","N0","Other/Unknown","Other/Unknown",0.7761,0.2239,"LOW"
46,"2","N0","Other/Unknown","Other/Unknown",0.7776,0.2224,"LOW"
47,"2","N0","Other/Unknown","Other/Unknown",0.7824,0.2176,"LOW"
48,"2","N0","Other/Unknown","Other/Unknown",0.7824,0.2176,"LOW"
49,"2","N0","Other/Unknown","Other/Unknown",0.7837,0.2163,"LOW"
50,"2","N0","Other/Unknown","Other/Unknown",0.7829,0.2171,"LOW"
51,"2","N0","Other/Unknown","Other/Unknown",0.785,0.215,"LOW"
52,"2","N0","Other/Unknown","Other/Unknown",0.7852,0.2148,"LOW"
53,"2","N0","Other/Unknown","Other/Unknown",0.7844,0.2156,"LOW"
54,"2","N0","Other/Unknown","Other/Unknown",0.7874,0.2126,"LOW"
55,"2","N0","Other/Unknown","Other/Unknown",0.7874,0.2126,"LOW"
56,"2","N0","Other/Unknown","Other/Unknown",0.7881,0.2119,"LOW"
57,"2","N0","Other/Unknown","Other/Unknown",0.7887,0.2113,"LOW"
58,"2","N0","Other/Unknown","Other/Unknown",0.7891,0.2109,"LOW"
59,"2","N0","Other/Unknown","Other/Unknown",0.7898,0.2102,"LOW"
60,"2","N0","Other/Unknown","Other/Unknown",0.7903,0.2097,"LOW"
61,"2","N0","Other/Unknown","Other/Unknown",0.7904,0.2096,"LOW"
62,"2","N0","Other/Unknown","Other/Unknown",0.7916,0.2084,"LOW"
63,"2","N0","Other/Unknown","Other/Unknown",0.7926,0.2074,"LOW"
64,"2","N0","Other/Unknown","Other/Unknown",0.7929,0.2071,"LOW"
65,"2","N0","Other/Unknown","Other/Unknown",0.7945,0.2055,"LOW"
66,"2","N0","Other/Unknown","Other/Unknown",0.7951,0.2049,"LOW"
67,"2","N0","Other/Unknown","Other/Unknown",0.7951,0.2049,"LOW"
68,"2","N0","Other/Unknown","Other/Unknown",0.7951,0.2049,"LOW"
69,"2","N0","Other/Unknown","Other/Unknown",0.7951,0.2049,"LOW"
70,"2","N0","Other/Unknown","Other/Unknown",0.7964,0.2036,"LOW"
71,"2","N0","Other/Unknown","Other/Unknown",0.7971,0.2029,"LOW"
72,"2","N0","Other/Unknown","Other/Unknown",0.7979,0.2021,"LOW"
73,"2","N0","Other/Unknown","Other/Unknown",0.7982,0.2018,"LOW"
74,"2","N0","Other/Unknown","Other/Unknown",0.7995,0.2005,"LOW"
75,"2","N0","Other/Unknown","Other/Unknown",0.8001,0.1999,"LOW"
76,"2","N0","Other/Unknown","Other/Unknown",0.8008,0.1992,"LOW"
77,"2","N0","Other/Unknown","Other/Unknown",0.8024,0.1976,"LOW"
78,"2","N0","Other/Unknown","Other/Unknown",0.8018,0.1982,"LOW"
79,"2","N0","Other/Unknown","Other/Unknown",0.8017,0.1983,"LOW"
80,"2","N0","Other/Unknown","Other/Unknown",0.802,0.198,"LOW"
81,"2","N0","Other/Unknown","Other/Unknown",0.802,0.198,"LOW"
82,"2","N0","Other/Unknown","Other/Unknown",0.8022,0.1978,"LOW"
83,"2","N0","Other/Unknown","Other/Unknown",0.8033,0.1967,"LOW"
84,"2","N0","Other/Unknown","Other/Unknown",0.8027,0.1973,"LOW"
85,"2","N0","Other/Unknown","Other/Unknown",0.8042,0.1958,"LOW"
86,"2","N0","Other/Unknown","Other/Unknown",0.8049,0.1951,"LOW"
87,"2","N0","Other/Unknown","Other/Unknown",0.8061,0.1939,"LOW"
88,"2","N0","Other/Unknown","Other/Unknown",0.8064,0.1936,"LOW"
89,"2","N0","Other/Unknown","Other/Unknown",0.8088,0.1912,"LOW"
90,"2","N0","Other/Unknown","Other/Unknown",0.8083,0.1917,"LOW"
91,"2","N0","Other/Unknown","Other/Unknown",0.8083,0.1917,"LOW"
92,"2","N0","Other/Unknown","Other/Unknown",0.8083,0.1917,"LOW"
93,"2","N0","Other/Unknown","Other/Unknown",0.8083,0.1917,"LOW"
94,"2","N0","Other/Unknown","Other/Unknown",0.8083,0.1917,"LOW"
95,"2","N0","Other/Unknown","Other/Unknown",0.8083,0.1917,"LOW"
96,"2","N0","Other/Unknown","Other/Unknown",0.8083,0.1917,"LOW"
97,"2","N0","Other/Unknown","Other/Unknown",0.8083,0.1917,"LOW"
98,"2","N0","Other/Unknown","Other/Unknown",0.8083,0.1917,"LOW"
99,"2","N0","Other/Unknown","Other/Unknown",0.8083,0.1917,"LOW"
0,"1","N1","Other/Unknown","Other/Unknown",0.4503,0.5497,"HIGH"
1,"1","N1","Other/Unknown","Other/Unknown",0.4469,0.5531,"HIGH"
2,"1","N1","Other/Unknown","Other/Unknown",0.4472,0.5528,"HIGH"
3,"1","N1","Other/Unknown","Other/Unknown",0.4477,0.5523,"HIGH"
4,"1","N1","Other/Unknown","Other/Unknown",0.4507,0.5493,"HIGH"
5,"1","N1","Other/Unknown","Other/Unknown",0.449,0.551,"HIGH"
6,"1","N1","Other/Unknown","Other/Unknown",0.4499,0.5501,"HIGH"
7,"1","N1","Other/Unknown","Other/Unknown",0.4491,0.5509,"HIGH"
8,"1","N1","Other/Unknown","Other/Unknown",0.45,0.55,"HIGH"
9,"1","N1","Other/Unknown","Other/Unknown",0.451,0.549,"HIGH"
10,"1","N1","Other/Unknown","Other/Unknown",0.4541,0.5459,"HIGH"
11,"1","N1","Other/Unknown","Other/Unknown",0.4542,0.5458,"HIGH"
12,"1","N1","Other/Unknown","Other/Unknown",0.4585,0.5415,"HIGH"
13,"1","N1","Other/Unknown","Other/Unknown",0.4615,0.5385,"HIGH"
14,"1","N1","Other/Unknown","Other/Unknown",0.4671,0.5329,"HIGH"
15,"1","N1","Other/Unknown","Other/Unknown",0.4675,0.5325,"HIGH"
16,"1","N1","Other/Unknown","Other/Unknown",0.4719,0.5281,"HIGH"
17,"1","N1","Other/Unknown","Other/Unknown",0.4724,0.5276,"HIGH"
18,"1","N1","Other/Unknown","Other/Unknown",0.4772,0.5228,"HIGH"
19,"1","N1","Other/Unknown","Other/Unknown",0.4774,0.5226,"HIGH"
20,"1","N1","Other/Unknown","Other/Unknown",0.4834,0.5166,"HIGH"
21,"1","N1","Other/Unknown","Other/Unknown",0.4841,0.5159,"HIGH"
22,"1","N1","Other/Unknown","Other/Unknown",0.4826,0.5174,"HIGH"
23,"1","N1","Other/Unknown","Other/Unknown",0.4823,0.5177,"HIGH"
24,"1","N1","Other/Unknown","Other/Unknown",0.4838,0.5162,"HIGH"
25,"1","N1","Other/Unknown","Other/Unknown",0.4838,0.5162,"HIGH"
26,"1","N1","Other/Unknown","Other/Unknown",0.4823,0.5177,"HIGH"
27,"1","N1","Other/Unknown","Other/Unknown",0.4822,0.5178,"HIGH"
28,"1","N1","Other/Unknown","Other/Unknown",0.4816,0.5184,"HIGH"
29,"1","N1","Other/Unknown","Other/Unknown",0.4823,0.5177,"HIGH"
30,"1","N1","Other/Unknown","Other/Unknown",0.4845,0.5155,"HIGH"
31,"1","N1","Other/Unknown","Other/Unknown",0.4849,0.5151,"HIGH"
32,"1","N1","Other/Unknown","Other/Unknown",0.4877,0.5123,"HIGH"
33,"1","N1","Other/Unknown","Other/Unknown",0.4905,0.5095,"HIGH"
34,"1","N1","Other/Unknown","Other/Unknown",0.4935,0.5065,"HIGH"
35,"1","N1","Other/Unknown","Other/Unknown",0.4926,0.5074,"HIGH"
36,"1","N1","Other/Unknown","Other/Unknown",0.4956,0.5044,"HIGH"
37,"1","N1","Other/Unknown","Other/Unknown",0.4952,0.5048,"HIGH"
38,"1","N1","Other/Unknown","Other/Unknown",0.4963,0.5037,"HIGH"
39,"1","N1","Other/Unknown","Other/Unknown",0.4981,0.5019,"HIGH"
40,"1","N1","Other/Unknown","Other/Unknown",0.497,0.503,"HIGH"
41,"1","N1","Other/Unknown","Other/Unknown",0.4975,0.5025,"HIGH"
42,"1","N1","Other/Unknown","Other/Unknown",0.4979,0.5021,"HIGH"
43,"1","N1","Other/Unknown","Other/Unknown",0.5013,0.4987,"LOW"
44,"1","N1","Other/Unknown","Other/Unknown",0.5001,0.4999,"LOW"
45,"1","N1","Other/Unknown","Other/Unknown",0.5013,0.4987,"LOW"
46,"1","N1","Other/Unknown","Other/Unknown",0.5019,0.4981,"LOW"
47,"1","N1","Other/Unknown","Other/Unknown",0.5065,0.4935,"LOW"
48,"1","N1","Other/Unknown","Other/Unknown",0.5097,0.4903,"LOW"
49,"1","N1","Other/Unknown","Other/Unknown",0.5094,0.4906,"LOW"
50,"1","N1","Other/Unknown","Other/Unknown",0.5107,0.4893,"LOW"
51,"1","N1","Other/Unknown","Other/Unknown",0.5108,0.4892,"LOW"
52,"1","N1","Other/Unknown","Other/Unknown",0.5106,0.4894,"LOW"
53,"1","N1","Other/Unknown","Other/Unknown",0.5102,0.4898,"LOW"
54,"1","N1","Other/Unknown","Other/Unknown",0.5105,0.4895,"LOW"
55,"1","N1","Other/Unknown","Other/Unknown",0.51,0.49,"LOW"
56,"1","N1","Other/Unknown","Other/Unknown",0.5093,0.4907,"LOW"
57,"1","N1","Other/Unknown","Other/Unknown",0.5098,0.4902,"LOW"
58,"1","N1","Other/Unknown","Other/Unknown",0.5085,0.4915,"LOW"
59,"1","N1","Other/Unknown","Other/Unknown",0.5085,0.4915,"LOW"
60,"1","N1","Other/Unknown","Other/Unknown",0.5078,0.4922,"LOW"
61,"1","N1","Other/Unknown","Other/Unknown",0.5075,0.4925,"LOW"
62,"1","N1","Other/Unknown","Other/Unknown",0.5095,0.4905,"LOW"
63,"1","N1","Other/Unknown","Other/Unknown",0.5108,0.4892,"LOW"
64,"1","N1","Other/Unknown","Other/Unknown",0.5137,0.4863,"LOW"
65,"1","N1","Other/Unknown","Other/Unknown",0.5148,0.4852,"LOW"
66,"1","N1","Other/Unknown","Other/Unknown",0.5139,0.4861,"LOW"
67,"1","N1","Other/Unknown","Other/Unknown",0.514,0.486,"LOW"
68,"1","N1","Other/Unknown","Other/Unknown",0.514,0.486,"LOW"
69,"1","N1","Other/Unknown","Other/Unknown",0.5179,0.4821,"LOW"
70,"1","N1","Other/Unknown","Other/Unknown",0.5228,0.4772,"LOW"
71,"1","N1","Other/Unknown","Other/Unknown",0.5239,0.4761,"LOW"
72,"1","N1","Other/Unknown","Other/Unknown",0.5245,0.4755,"LOW"
73,"1","N1","Other/Unknown","Other/Unknown",0.5243,0.4757,"LOW"
74,"1","N1","Other/Unknown","Other/Unknown",0.5257,0.4743,"LOW"
75,"1","N1","Other/Unknown","Other/Unknown",0.5233,0.4767,"LOW"
76,"1","N1","Other/Unknown","Other/Unknown",0.5203,0.4797,"LOW"
77,"1","N1","Other/Unknown","Other/Unknown",0.5204,0.4796,"LOW"
78,"1","N1","Other/Unknown","Other/Unknown",0.5193,0.4807,"LOW"
79,"1","N1","Other/Unknown","Other/Unknown",0.5197,0.4803,"LOW"
80,"1","N1","Other/Unknown","Other/Unknown",0.5167,0.4833,"LOW"
81,"1","N1","Other/Unknown","Other/Unknown",0.5147,0.4853,"LOW"
82,"1","N1","Other/Unknown","Other/Unknown",0.5159,0.4841,"LOW"
83,"1","N1","Other/Unknown","Other/Unknown",0.517,0.483,"LOW"
84,"1","N1","Other/Unknown","Other/Unknown",0.5138,0.4862,"LOW"
85,"1","N1","Other/Unknown","Other/Unknown",0.512,0.488,"LOW"
86,"1","N1","Other/Unknown","Other/Unknown",0.5147,0.4853,"LOW"
87,"1","N1","Other/Unknown","Other/Unknown",0.5172,0.4828,"LOW"
88,"1","N1","Other/Unknown","Other/Unknown",0.5178,0.4822,"LOW"
89,"1","N1","Other/Unknown","Other/Unknown",0.5218,0.4782,"LOW"
90,"1","N1","Other/Unknown","Other/Unknown",0.5232,0.4768,"LOW"
91,"1","N1","Other/Unknown","Other/Unknown",0.5232,0.4768,"LOW"
92,"1","N1","Other/Unknown","Other/Unknown",0.5232,0.4768,"LOW"
93,"1","N1","Other/Unknown","Other/Unknown",0.5232,0.4768,"LOW"
94,"1","N1","Other/Unknown","Other/Unknown",0.5232,0.4768,"LOW"
95,"1","N1","Other/Unknown","Other/Unknown",0.5232,0.4768,"LOW"
96,"1","N1","Other/Unknown","Other/Unknown",0.5232,0.4768,"LOW"
97,"1","N1","Other/Unknown","Other/Unknown",0.5232,0.4768,"LOW"
98,"1","N1","Other/Unknown","Other/Unknown",0.5232,0.4768,"LOW"
99,"1","N1","Other/Unknown","Other/Unknown",0.5232,0.4768,"LOW"
0,"2","N1","Other/Unknown","Other/Unknown",0.4762,0.5238,"HIGH"
1,"2","N1","Other/Unknown","Other/Unknown",0.4748,0.5252,"HIGH"
2,"2","N1","Other/Unknown","Other/Unknown",0.4753,0.5247,"HIGH"
3,"2","N1","Other/Unknown","Other/Unknown",0.4737,0.5263,"HIGH"
4,"2","N1","Other/Unknown","Other/Unknown",0.4792,0.5208,"HIGH"
5,"2","N1","Other/Unknown","Other/Unknown",0.4747,0.5253,"HIGH"
6,"2","N1","Other/Unknown","Other/Unknown",0.4753,0.5247,"HIGH"
7,"2","N1","Other/Unknown","Other/Unknown",0.4754,0.5246,"HIGH"
8,"2","N1","Other/Unknown","Other/Unknown",0.4724,0.5276,"HIGH"
9,"2","N1","Other/Unknown","Other/Unknown",0.4714,0.5286,"HIGH"
10,"2","N1","Other/Unknown","Other/Unknown",0.474,0.526,"HIGH"
11,"2","N1","Other/Unknown","Other/Unknown",0.4744,0.5256,"HIGH"
12,"2","N1","Other/Unknown","Other/Unknown",0.4754,0.5246,"HIGH"
13,"2","N1","Other/Unknown","Other/Unknown",0.4766,0.5234,"HIGH"
14,"2","N1","Other/Unknown","Other/Unknown",0.4804,0.5196,"HIGH"
15,"2","N1","Other/Unknown","Other/Unknown",0.4831,0.5169,"HIGH"
16,"2","N1","Other/Unknown","Other/Unknown",0.4855,0.5145,"HIGH"
17,"2","N1","Other/Unknown","Other/Unknown",0.489,0.511,"HIGH"
18,"2","N1","Other/Unknown","Other/Unknown",0.4932,0.5068,"HIGH"
19,"2","N1","Other/Unknown","Other/Unknown",0.4954,0.5046,"HIGH"
20,"2","N1","Other/Unknown","Other/Unknown",0.4985,0.5015,"HIGH"
21,"2","N1","Other/Unknown","Other/Unknown",0.4985,0.5015,"HIGH"
22,"2","N1","Other/Unknown","Other/Unknown",0.4976,0.5024,"HIGH"
23,"2","N1","Other/Unknown","Other/Unknown",0.4986,0.5014,"HIGH"
24,"2","N1","Other/Unknown","Other/Unknown",0.4969,0.5031,"HIGH"
25,"2","N1","Other/Unknown","Other/Unknown",0.4981,0.5019,"HIGH"
26,"2","N1","Other/Unknown","Other/Unknown",0.4997,0.5003,"HIGH"
27,"2","N1","Other/Unknown","Other/Unknown",0.5002,0.4998,"LOW"
28,"2","N1","Other/Unknown","Other/Unknown",0.5007,0.4993,"LOW"
29,"2","N1","Other/Unknown","Other/Unknown",0.5006,0.4994,"LOW"
30,"2","N1","Other/Unknown","Other/Unknown",0.5031,0.4969,"LOW"
31,"2","N1","Other/Unknown","Other/Unknown",0.5051,0.4949,"LOW"
32,"2","N1","Other/Unknown","Other/Unknown",0.5075,0.4925,"LOW"
33,"2","N1","Other/Unknown","Other/Unknown",0.5121,0.4879,"LOW"
34,"2","N1","Other/Unknown","Other/Unknown",0.5152,0.4848,"LOW"
35,"2","N1","Other/Unknown","Other/Unknown",0.5137,0.4863,"LOW"
36,"2","N1","Other/Unknown","Other/Unknown",0.518,0.482,"LOW"
37,"2","N1","Other/Unknown","Other/Unknown",0.5177,0.4823,"LOW"
38,"2","N1","Other/Unknown","Other/Unknown",0.5174,0.4826,"LOW"
39,"2","N1","Other/Unknown","Other/Unknown",0.5201,0.4799,"LOW"
40,"2","N1","Other/Unknown","Other/Unknown",0.5195,0.4805,"LOW"
41,"2","N1","Other/Unknown","Other/Unknown",0.5221,0.4779,"LOW"
42,"2","N1","Other/Unknown","Other/Unknown",0.5221,0.4779,"LOW"
43,"2","N1","Other/Unknown","Other/Unknown",0.5238,0.4762,"LOW"
44,"2","N1","Other/Unknown","Other/Unknown",0.5231,0.4769,"LOW"
45,"2","N1","Other/Unknown","Other/Unknown",0.5224,0.4776,"LOW"
46,"2","N1","Other/Unknown","Other/Unknown",0.5202,0.4798,"LOW"
47,"2","N1","Other/Unknown","Other/Unknown",0.5284,0.4716,"LOW"
48,"2","N1","Other/Unknown","Other/Unknown",0.5295,0.4705,"LOW"
49,"2","N1","Other/Unknown","Other/Unknown",0.5318,0.4682,"LOW"
50,"2","N1","Other/Unknown","Other/Unknown",0.5335,0.4665,"LOW"
51,"2","N1","Other/Unknown","Other/Unknown",0.534,0.466,"LOW"
52,"2","N1","Other/Unknown","Other/Unknown",0.5332,0.4668,"LOW"
53,"2","N1","Other/Unknown","Other/Unknown",0.5361,0.4639,"LOW"
54,"2","N1","Other/Unknown","Other/Unknown",0.5369,0.4631,"LOW"
55,"2","N1","Other/Unknown","Other/Unknown",0.5361,0.4639,"LOW"
56,"2","N1","Other/Unknown","Other/Unknown",0.5348,0.4652,"LOW"
57,"2","N1","Other/Unknown","Other/Unknown",0.5369,0.4631,"LOW"
58,"2","N1","Other/Unknown","Other/Unknown",0.5394,0.4606,"LOW"
59,"2","N1","Other/Unknown","Other/Unknown",0.5398,0.4602,"LOW"
60,"2","N1","Other/Unknown","Other/Unknown",0.54,0.46,"LOW"
61,"2","N1","Other/Unknown","Other/Unknown",0.5405,0.4595,"LOW"
62,"2","N1","Other/Unknown","Other/Unknown",0.543,0.457,"LOW"
63,"2","N1","Other/Unknown","Other/Unknown",0.5442,0.4558,"LOW"
64,"2","N1","Other/Unknown","Other/Unknown",0.5489,0.4511,"LOW"
65,"2","N1","Other/Unknown","Other/Unknown",0.5518,0.4482,"LOW"
66,"2","N1","Other/Unknown","Other/Unknown",0.5545,0.4455,"LOW"
67,"2","N1","Other/Unknown","Other/Unknown",0.5561,0.4439,"LOW"
68,"2","N1","Other/Unknown","Other/Unknown",0.5561,0.4439,"LOW"
69,"2","N1","Other/Unknown","Other/Unknown",0.5571,0.4429,"LOW"
70,"2","N1","Other/Unknown","Other/Unknown",0.5616,0.4384,"LOW"
71,"2","N1","Other/Unknown","Other/Unknown",0.5619,0.4381,"LOW"
72,"2","N1","Other/Unknown","Other/Unknown",0.5661,0.4339,"LOW"
73,"2","N1","Other/Unknown","Other/Unknown",0.5676,0.4324,"LOW"
74,"2","N1","Other/Unknown","Other/Unknown",0.5707,0.4293,"LOW"
75,"2","N1","Other/Unknown","Other/Unknown",0.5737,0.4263,"LOW"
76,"2","N1","Other/Unknown","Other/Unknown",0.5742,0.4258,"LOW"
77,"2","N1","Other/Unknown","Other/Unknown",0.5748,0.4252,"LOW"
78,"2","N1","Other/Unknown","Other/Unknown",0.5732,0.4268,"LOW"
79,"2","N1","Other/Unknown","Other/Unknown",0.574,0.426,"LOW"
80,"2","N1","Other/Unknown","Other/Unknown",0.5717,0.4283,"LOW"
81,"2","N1","Other/Unknown","Other/Unknown",0.5687,0.4313,"LOW"
82,"2","N1","Other/Unknown","Other/Unknown",0.5721,0.4279,"LOW"
83,"2","N1","Other/Unknown","Other/Unknown",0.5762,0.4238,"LOW"
84,"2","N1","Other/Unknown","Other/Unknown",0.5742,0.4258,"LOW"
85,"2","N1","Other/Unknown","Other/Unknown",0.5735,0.4265,"LOW"
86,"2","N1","Other/Unknown","Other/Unknown",0.5755,0.4245,"LOW"
87,"2","N1","Other/Unknown","Other/Unknown",0.5783,0.4217,"LOW"
88,"2","N1","Other/Unknown","Other/Unknown",0.58,0.42,"LOW"
89,"2","N1","Other/Unknown","Other/Unknown",0.5834,0.4166,"LOW"
90,"2","N1","Other/Unknown","Other/Unknown",0.5875,0.4125,"LOW"
91,"2","N1","Other/Unknown","Other/Unknown",0.5875,0.4125,"LOW"
92,"2","N1","Other/Unknown","Other/Unknown",0.5875,0.4125,"LOW"
93,"2","N1","Other/Unknown","Other/Unknown",0.5875,0.4125,"LOW"
94,"2","N1","Other/Unknown","Other/Unknown",0.5875,0.4125,"LOW"
95,"2","N1","Other/Unknown","Other/Unknown",0.5875,0.4125,"LOW"
96,"2","N1","Other/Unknown","Other/Unknown",0.5875,0.4125,"LOW"
97,"2","N1","Other/Unknown","Other/Unknown",0.5875,0.4125,"LOW"
98,"2","N1","Other/Unknown","Other/Unknown",0.5875,0.4125,"LOW"
99,"2","N1","Other/Unknown","Other/Unknown",0.5875,0.4125,"LOW"
0,"1","Other/Unknown","Other/Unknown","Other/Unknown",0.667,0.333,"LOW"
1,"1","Other/Unknown","Other/Unknown","Other/Unknown",0.6656,0.3344,"LOW"
2,"1","Other/Unknown","Other/Unknown","Other/Unknown",0.6632,0.3368,"LOW"
3,"1","Other/Unknown","Other/Unknown","Other/Unknown",0.6637,0.3363,"LOW"
4,"1","Other/Unknown","Other/Unknown","Other/Unknown",0.6655,0.3345,"LOW"
5,"1","Other/Unknown","Other/Unknown","Other/Unknown",0.6647,0.3353,"LOW"
6,"1","Other/Unknown","Other/Unknown","Other/Unknown",0.6676,0.3324,"LOW"
7,"1","Other/Unknown","Other/Unknown","Other/Unknown",0.667,0.333,"LOW"
8,"1","Other/Unknown","Other/Unknown","Other/Unknown",0.6689,0.3311,"LOW"
9,"1","Other/Unknown","Other/Unknown","Other/Unknown",0.6693,0.3307,"LOW"
10,"1","Other/Unknown","Other/Unknown","Other/Unknown",0.6701,0.3299,"LOW"
11,"1","Other/Unknown","Other/Unknown","Other/Unknown",0.6694,0.3306,"LOW"
12,"1","Other/Unknown","Other/Unknown","Other/Unknown",0.6707,0.3293,"LOW"
13,"1","Other/Unknown","Other/Unknown","Other/Unknown",0.677,0.323,"LOW"
14,"1","Other/Unknown","Other/Unknown","Other/Unknown",0.6813,0.3187,"LOW"
15,"1","Other/Unknown","Other/Unknown","Other/Unknown",0.6838,0.3162,"LOW"
16,"1","Other/Unknown","Other/Unknown","Other/Unknown",0.6842,0.3158,"LOW"
17,"1","Other/Unknown","Other/Unknown","Other/Unknown",0.6887,0.3113,"LOW"
18,"1","Other/Unknown","Other/Unknown","Other/Unknown",0.6926,0.3074,"LOW"
19,"1","Other/Unknown","Other/Unknown","Other/Unknown",0.6963,0.3037,"LOW"
20,"1","Other/Unknown","Other/Unknown","Other/Unknown",0.6975,0.3025,"LOW"
21,"1","Other/Unknown","Other/Unknown","Other/Unknown",0.6989,0.3011,"LOW"
22,"1","Other/Unknown","Other/Unknown","Other/Unknown",0.6991,0.3009,"LOW"
23,"1","Other/Unknown","Other/Unknown","Other/Unknown",0.7011,0.2989,"LOW"
24,"1","Other/Unknown","Other/Unknown","Other/Unknown",0.7036,0.2964,"LOW"
25,"1","Other/Unknown","Other/Unknown","Other/Unknown",0.7049,0.2951,"LOW"
26,"1","Other/Unknown","Other/Unknown","Other/Unknown",0.707,0.293,"LOW"
27,"1","Other/Unknown","Other/Unknown","Other/Unknown",0.7093,0.2907,"LOW"
28,"1","Other/Unknown","Other/Unknown","Other/Unknown",0.7097,0.2903,"LOW"
29,"1","Other/Unknown","Other/Unknown","Other/Unknown",0.7111,0.2889,"LOW"
30,"1","Other/Unknown","Other/Unknown","Other/Unknown",0.7119,0.2881,"LOW"
31,"1","Other/Unknown","Other/Unknown","Other/Unknown",0.7136,0.2864,"LOW"
32,"1","Other/Unknown","Other/Unknown","Other/Unknown",0.716,0.284,"LOW"
33,"1","Other/Unknown","Other/Unknown","Other/Unknown",0.7175,0.2825,"LOW"
34,"1","Other/Unknown","Other/Unknown","Other/Unknown",0.7186,0.2814,"LOW"
35,"1","Other/Unknown","Other/Unknown","Other/Unknown",0.7199,0.2801,"LOW"
36,"1","Other/Unknown","Other/Unknown","Other/Unknown",0.7219,0.2781,"LOW"
37,"1","Other/Unknown","Other/Unknown","Other/Unknown",0.7235,0.2765,"LOW"
38,"1","Other/Unknown","Other/Unknown","Other/Unknown",0.7234,0.2766,"LOW"
39,"1","Other/Unknown","Other/Unknown","Other/Unknown",0.7241,0.2759,"LOW"
40,"1","Other/Unknown","Other/Unknown","Other/Unknown",0.7241,0.2759,"LOW"
41,"1","Other/Unknown","Other/Unknown","Other/Unknown",0.7241,0.2759,"LOW"
42,"1","Other/Unknown","Other/Unknown","Other/Unknown",0.7251,0.2749,"LOW"
43,"1","Other/Unknown","Other/Unknown","Other/Unknown",0.7252,0.2748,"LOW"
44,"1","Other/Unknown","Other/Unknown","Other/Unknown",0.7257,0.2743,"LOW"
45,"1","Other/Unknown","Other/Unknown","Other/Unknown",0.7259,0.2741,"LOW"
46,"1","Other/Unknown","Other/Unknown","Other/Unknown",0.727,0.273,"LOW"
47,"1","Other/Unknown","Other/Unknown","Other/Unknown",0.728,0.272,"LOW"
48,"1","Other/Unknown","Other/Unknown","Other/Unknown",0.728,0.272,"LOW"
49,"1","Other/Unknown","Other/Unknown","Other/Unknown",0.7286,0.2714,"LOW"
50,"1","Other/Unknown","Other/Unknown","Other/Unknown",0.7282,0.2718,"LOW"
51,"1","Other/Unknown","Other/Unknown","Other/Unknown",0.7289,0.2711,"LOW"
52,"1","Other/Unknown","Other/Unknown","Other/Unknown",0.7291,0.2709,"LOW"
53,"1","Other/Unknown","Other/Unknown","Other/Unknown",0.7291,0.2709,"LOW"
54,"1","Other/Unknown","Other/Unknown","Other/Unknown",0.7297,0.2703,"LOW"
55,"1","Other/Unknown","Other/Unknown","Other/Unknown",0.7295,0.2705,"LOW"
56,"1","Other/Unknown","Other/Unknown","Other/Unknown",0.7303,0.2697,"LOW"
57,"1","Other/Unknown","Other/Unknown","Other/Unknown",0.7304,0.2696,"LOW"
58,"1","Other/Unknown","Other/Unknown","Other/Unknown",0.7306,0.2694,"LOW"
59,"1","Other/Unknown","Other/Unknown","Other/Unknown",0.7306,0.2694,"LOW"
60,"1","Other/Unknown","Other/Unknown","Other/Unknown",0.7299,0.2701,"LOW"
61,"1","Other/Unknown","Other/Unknown","Other/Unknown",0.7297,0.2703,"LOW"
62,"1","Other/Unknown","Other/Unknown","Other/Unknown",0.7307,0.2693,"LOW"
63,"1","Other/Unknown","Other/Unknown","Other/Unknown",0.7306,0.2694,"LOW"
64,"1","Other/Unknown","Other/Unknown","Other/Unknown",0.7309,0.2691,"LOW"
65,"1","Other/Unknown","Other/Unknown","Other/Unknown",0.7313,0.2687,"LOW"
66,"1","Other/Unknown","Other/Unknown","Other/Unknown",0.7315,0.2685,"LOW"
67,"1","Other/Unknown","Other/Unknown","Other/Unknown",0.7319,0.2681,"LOW"
68,"1","Other/Unknown","Other/Unknown","Other/Unknown",0.7319,0.2681,"LOW"
69,"1","Other/Unknown","Other/Unknown","Other/Unknown",0.732,0.268,"LOW"
70,"1","Other/Unknown","Other/Unknown","Other/Unknown",0.7326,0.2674,"LOW"
71,"1","Other/Unknown","Other/Unknown","Other/Unknown",0.7327,0.2673,"LOW"
72,"1","Other/Unknown","Other/Unknown","Other/Unknown",0.7335,0.2665,"LOW"
73,"1","Other/Unknown","Other/Unknown","Other/Unknown",0.7337,0.2663,"LOW"
74,"1","Other/Unknown","Other/Unknown","Other/Unknown",0.7338,0.2662,"LOW"
75,"1","Other/Unknown","Other/Unknown","Other/Unknown",0.7337,0.2663,"LOW"
76,"1","Other/Unknown","Other/Unknown","Other/Unknown",0.7356,0.2644,"LOW"
77,"1","Other/Unknown","Other/Unknown","Other/Unknown",0.7364,0.2636,"LOW"
78,"1","Other/Unknown","Other/Unknown","Other/Unknown",0.7358,0.2642,"LOW"
79,"1","Other/Unknown","Other/Unknown","Other/Unknown",0.7359,0.2641,"LOW"
80,"1","Other/Unknown","Other/Unknown","Other/Unknown",0.7356,0.2644,"LOW"
81,"1","Other/Unknown","Other/Unknown","Other/Unknown",0.7358,0.2642,"LOW"
82,"1","Other/Unknown","Other/Unknown","Other/Unknown",0.7366,0.2634,"LOW"
83,"1","Other/Unknown","Other/Unknown","Other/Unknown",0.7361,0.2639,"LOW"
84,"1","Other/Unknown","Other/Unknown","Other/Unknown",0.7365,0.2635,"LOW"
85,"1","Other/Unknown","Other/Unknown","Other/Unknown",0.7378,0.2622,"LOW"
86,"1","Other/Unknown","Other/Unknown","Other/Unknown",0.7395,0.2605,"LOW"
87,"1","Other/Unknown","Other/Unknown","Other/Unknown",0.7419,0.2581,"LOW"
88,"1","Other/Unknown","Other/Unknown","Other/Unknown",0.7412,0.2588,"LOW"
89,"1","Other/Unknown","Other/Unknown","Other/Unknown",0.7433,0.2567,"LOW"
90,"1","Other/Unknown","Other/Unknown","Other/Unknown",0.7445,0.2555,"LOW"
91,"1","Other/Unknown","Other/Unknown","Other/Unknown",0.7445,0.2555,"LOW"
92,"1","Other/Unknown","Other/Unknown","Other/Unknown",0.7445,0.2555,"LOW"
93,"1","Other/Unknown","Other/Unknown","Other/Unknown",0.7445,0.2555,"LOW"
94,"1","Other/Unknown","Other/Unknown","Other/Unknown",0.7445,0.2555,"LOW"
95,"1","Other/Unknown","Other/Unknown","Other/Unknown",0.7445,0.2555,"LOW"
96,"1","Other/Unknown","Other/Unknown","Other/Unknown",0.7445,0.2555,"LOW"
97,"1","Other/Unknown","Other/Unknown","Other/Unknown",0.7445,0.2555,"LOW"
98,"1","Other/Unknown","Other/Unknown","Other/Unknown",0.7445,0.2555,"LOW"
99,"1","Other/Unknown","Other/Unknown","Other/Unknown",0.7445,0.2555,"LOW"
0,"2","Other/Unknown","Other/Unknown","Other/Unknown",0.6926,0.3074,"LOW"
1,"2","Other/Unknown","Other/Unknown","Other/Unknown",0.6931,0.3069,"LOW"
2,"2","Other/Unknown","Other/Unknown","Other/Unknown",0.6921,0.3079,"LOW"
3,"2","Other/Unknown","Other/Unknown","Other/Unknown",0.6911,0.3089,"LOW"
4,"2","Other/Unknown","Other/Unknown","Other/Unknown",0.694,0.306,"LOW"
5,"2","Other/Unknown","Other/Unknown","Other/Unknown",0.6923,0.3077,"LOW"
6,"2","Other/Unknown","Other/Unknown","Other/Unknown",0.6981,0.3019,"LOW"
7,"2","Other/Unknown","Other/Unknown","Other/Unknown",0.6971,0.3029,"LOW"
8,"2","Other/Unknown","Other/Unknown","Other/Unknown",0.6968,0.3032,"LOW"
9,"2","Other/Unknown","Other/Unknown","Other/Unknown",0.6967,0.3033,"LOW"
10,"2","Other/Unknown","Other/Unknown","Other/Unknown",0.698,0.302,"LOW"
11,"2","Other/Unknown","Other/Unknown","Other/Unknown",0.6968,0.3032,"LOW"
12,"2","Other/Unknown","Other/Unknown","Other/Unknown",0.6979,0.3021,"LOW"
13,"2","Other/Unknown","Other/Unknown","Other/Unknown",0.6987,0.3013,"LOW"
14,"2","Other/Unknown","Other/Unknown","Other/Unknown",0.7017,0.2983,"LOW"
15,"2","Other/Unknown","Other/Unknown","Other/Unknown",0.7036,0.2964,"LOW"
16,"2","Other/Unknown","Other/Unknown","Other/Unknown",0.7021,0.2979,"LOW"
17,"2","Other/Unknown","Other/Unknown","Other/Unknown",0.704,0.296,"LOW"
18,"2","Other/Unknown","Other/Unknown","Other/Unknown",0.7071,0.2929,"LOW"
19,"2","Other/Unknown","Other/Unknown","Other/Unknown",0.7128,0.2872,"LOW"
20,"2","Other/Unknown","Other/Unknown","Other/Unknown",0.7123,0.2877,"LOW"
21,"2","Other/Unknown","Other/Unknown","Other/Unknown",0.7139,0.2861,"LOW"
22,"2","Other/Unknown","Other/Unknown","Other/Unknown",0.7159,0.2841,"LOW"
23,"2","Other/Unknown","Other/Unknown","Other/Unknown",0.7184,0.2816,"LOW"
24,"2","Other/Unknown","Other/Unknown","Other/Unknown",0.7196,0.2804,"LOW"
25,"2","Other/Unknown","Other/Unknown","Other/Unknown",0.7229,0.2771,"LOW"
26,"2","Other/Unknown","Other/Unknown","Other/Unknown",0.7245,0.2755,"LOW"
27,"2","Other/Unknown","Other/Unknown","Other/Unknown",0.7275,0.2725,"LOW"
28,"2","Other/Unknown","Other/Unknown","Other/Unknown",0.7279,0.2721,"LOW"
29,"2","Other/Unknown","Other/Unknown","Other/Unknown",0.7297,0.2703,"LOW"
30,"2","Other/Unknown","Other/Unknown","Other/Unknown",0.7319,0.2681,"LOW"
31,"2","Other/Unknown","Other/Unknown","Other/Unknown",0.7338,0.2662,"LOW"
32,"2","Other/Unknown","Other/Unknown","Other/Unknown",0.7351,0.2649,"LOW"
33,"2","Other/Unknown","Other/Unknown","Other/Unknown",0.7359,0.2641,"LOW"
34,"2","Other/Unknown","Other/Unknown","Other/Unknown",0.7364,0.2636,"LOW"
35,"2","Other/Unknown","Other/Unknown","Other/Unknown",0.7378,0.2622,"LOW"
36,"2","Other/Unknown","Other/Unknown","Other/Unknown",0.7391,0.2609,"LOW"
37,"2","Other/Unknown","Other/Unknown","Other/Unknown",0.7407,0.2593,"LOW"
38,"2","Other/Unknown","Other/Unknown","Other/Unknown",0.741,0.259,"LOW"
39,"2","Other/Unknown","Other/Unknown","Other/Unknown",0.7422,0.2578,"LOW"
40,"2","Other/Unknown","Other/Unknown","Other/Unknown",0.7446,0.2554,"LOW"
41,"2","Other/Unknown","Other/Unknown","Other/Unknown",0.745,0.255,"LOW"
42,"2","Other/Unknown","Other/Unknown","Other/Unknown",0.7445,0.2555,"LOW"
43,"2","Other/Unknown","Other/Unknown","Other/Unknown",0.7447,0.2553,"LOW"
44,"2","Other/Unknown","Other/Unknown","Other/Unknown",0.7457,0.2543,"LOW"
45,"2","Other/Unknown","Other/Unknown","Other/Unknown",0.746,0.254,"LOW"
46,"2","Other/Unknown","Other/Unknown","Other/Unknown",0.7475,0.2525,"LOW"
47,"2","Other/Unknown","Other/Unknown","Other/Unknown",0.7497,0.2503,"LOW"
48,"2","Other/Unknown","Other/Unknown","Other/Unknown",0.7494,0.2506,"LOW"
49,"2","Other/Unknown","Other/Unknown","Other/Unknown",0.7505,0.2495,"LOW"
50,"2","Other/Unknown","Other/Unknown","Other/Unknown",0.75,0.25,"LOW"
51,"2","Other/Unknown","Other/Unknown","Other/Unknown",0.7503,0.2497,"LOW"
52,"2","Other/Unknown","Other/Unknown","Other/Unknown",0.7506,0.2494,"LOW"
53,"2","Other/Unknown","Other/Unknown","Other/Unknown",0.7506,0.2494,"LOW"
54,"2","Other/Unknown","Other/Unknown","Other/Unknown",0.751,0.249,"LOW"
55,"2","Other/Unknown","Other/Unknown","Other/Unknown",0.7506,0.2494,"LOW"
56,"2","Other/Unknown","Other/Unknown","Other/Unknown",0.7507,0.2493,"LOW"
57,"2","Other/Unknown","Other/Unknown","Other/Unknown",0.7508,0.2492,"LOW"
58,"2","Other/Unknown","Other/Unknown","Other/Unknown",0.7507,0.2493,"LOW"
59,"2","Other/Unknown","Other/Unknown","Other/Unknown",0.7509,0.2491,"LOW"
60,"2","Other/Unknown","Other/Unknown","Other/Unknown",0.7506,0.2494,"LOW"
61,"2","Other/Unknown","Other/Unknown","Other/Unknown",0.7505,0.2495,"LOW"
62,"2","Other/Unknown","Other/Unknown","Other/Unknown",0.7507,0.2493,"LOW"
63,"2","Other/Unknown","Other/Unknown","Other/Unknown",0.7513,0.2487,"LOW"
64,"2","Other/Unknown","Other/Unknown","Other/Unknown",0.7515,0.2485,"LOW"
65,"2","Other/Unknown","Other/Unknown","Other/Unknown",0.7524,0.2476,"LOW"
66,"2","Other/Unknown","Other/Unknown","Other/Unknown",0.7531,0.2469,"LOW"
67,"2","Other/Unknown","Other/Unknown","Other/Unknown",0.7531,0.2469,"LOW"
68,"2","Other/Unknown","Other/Unknown","Other/Unknown",0.7536,0.2464,"LOW"
69,"2","Other/Unknown","Other/Unknown","Other/Unknown",0.7537,0.2463,"LOW"
70,"2","Other/Unknown","Other/Unknown","Other/Unknown",0.7543,0.2457,"LOW"
71,"2","Other/Unknown","Other/Unknown","Other/Unknown",0.7545,0.2455,"LOW"
72,"2","Other/Unknown","Other/Unknown","Other/Unknown",0.7536,0.2464,"LOW"
73,"2","Other/Unknown","Other/Unknown","Other/Unknown",0.7534,0.2466,"LOW"
74,"2","Other/Unknown","Other/Unknown","Other/Unknown",0.7531,0.2469,"LOW"
75,"2","Other/Unknown","Other/Unknown","Other/Unknown",0.7532,0.2468,"LOW"
76,"2","Other/Unknown","Other/Unknown","Other/Unknown",0.7536,0.2464,"LOW"
77,"2","Other/Unknown","Other/Unknown","Other/Unknown",0.7541,0.2459,"LOW"
78,"2","Other/Unknown","Other/Unknown","Other/Unknown",0.7539,0.2461,"LOW"
79,"2","Other/Unknown","Other/Unknown","Other/Unknown",0.7535,0.2465,"LOW"
80,"2","Other/Unknown","Other/Unknown","Other/Unknown",0.7523,0.2477,"LOW"
81,"2","Other/Unknown","Other/Unknown","Other/Unknown",0.7528,0.2472,"LOW"
82,"2","Other/Unknown","Other/Unknown","Other/Unknown",0.7526,0.2474,"LOW"
83,"2","Other/Unknown","Other/Unknown","Other/Unknown",0.7522,0.2478,"LOW"
84,"2","Other/Unknown","Other/Unknown","Other/Unknown",0.7522,0.2478,"LOW"
85,"2","Other/Unknown","Other/Unknown","Other/Unknown",0.753,0.247,"LOW"
86,"2","Other/Unknown","Other/Unknown","Other/Unknown",0.7529,0.2471,"LOW"
87,"2","Other/Unknown","Other/Unknown","Other/Unknown",0.7544,0.2456,"LOW"
88,"2","Other/Unknown","Other/Unknown","Other/Unknown",0.7537,0.2463,"LOW"
89,"2","Other/Unknown","Other/Unknown","Other/Unknown",0.7546,0.2454,"LOW"
90,"2","Other/Unknown","Other/Unknown","Other/Unknown",0.7504,0.2496,"LOW"
91,"2","Other/Unknown","Other/Unknown","Other/Unknown",0.7504,0.2496,"LOW"
92,"2","Other/Unknown","Other/Unknown","Other/Unknown",0.7504,0.2496,"LOW"
93,"2","Other/Unknown","Other/Unknown","Other/Unknown",0.7504,0.2496,"LOW"
94,"2","Other/Unknown","Other/Unknown","Other/Unknown",0.7504,0.2496,"LOW"
95,"2","Other/Unknown","Other/Unknown","Other/Unknown",0.7504,0.2496,"LOW"
96,"2","Other/Unknown","Other/Unknown","Other/Unknown",0.7504,0.2496,"LOW"
97,"2","Other/Unknown","Other/Unknown","Other/Unknown",0.7504,0.2496,"LOW"
98,"2","Other/Unknown","Other/Unknown","Other/Unknown",0.7504,0.2496,"LOW"
99,"2","Other/Unknown","Other/Unknown","Other/Unknown",0.7504,0.2496,"LOW"
0,"1","N0","T1","Other/Unknown",0.7893,0.2107,"LOW"
1,"1","N0","T1","Other/Unknown",0.7841,0.2159,"LOW"
2,"1","N0","T1","Other/Unknown",0.782,0.218,"LOW"
3,"1","N0","T1","Other/Unknown",0.7756,0.2244,"LOW"
4,"1","N0","T1","Other/Unknown",0.7772,0.2228,"LOW"
5,"1","N0","T1","Other/Unknown",0.7813,0.2187,"LOW"
6,"1","N0","T1","Other/Unknown",0.7867,0.2133,"LOW"
7,"1","N0","T1","Other/Unknown",0.7885,0.2115,"LOW"
8,"1","N0","T1","Other/Unknown",0.7899,0.2101,"LOW"
9,"1","N0","T1","Other/Unknown",0.7901,0.2099,"LOW"
10,"1","N0","T1","Other/Unknown",0.7954,0.2046,"LOW"
11,"1","N0","T1","Other/Unknown",0.7986,0.2014,"LOW"
12,"1","N0","T1","Other/Unknown",0.8027,0.1973,"LOW"
13,"1","N0","T1","Other/Unknown",0.8079,0.1921,"LOW"
14,"1","N0","T1","Other/Unknown",0.8116,0.1884,"LOW"
15,"1","N0","T1","Other/Unknown",0.814,0.186,"LOW"
16,"1","N0","T1","Other/Unknown",0.8164,0.1836,"LOW"
17,"1","N0","T1","Other/Unknown",0.8162,0.1838,"LOW"
18,"1","N0","T1","Other/Unknown",0.8147,0.1853,"LOW"
19,"1","N0","T1","Other/Unknown",0.8154,0.1846,"LOW"
20,"1","N0","T1","Other/Unknown",0.8128,0.1872,"LOW"
21,"1","N0","T1","Other/Unknown",0.8123,0.1877,"LOW"
22,"1","N0","T1","Other/Unknown",0.8149,0.1851,"LOW"
23,"1","N0","T1","Other/Unknown",0.8162,0.1838,"LOW"
24,"1","N0","T1","Other/Unknown",0.8185,0.1815,"LOW"
25,"1","N0","T1","Other/Unknown",0.8213,0.1787,"LOW"
26,"1","N0","T1","Other/Unknown",0.8229,0.1771,"LOW"
27,"1","N0","T1","Other/Unknown",0.8237,0.1763,"LOW"
28,"1","N0","T1","Other/Unknown",0.8252,0.1748,"LOW"
29,"1","N0","T1","Other/Unknown",0.8266,0.1734,"LOW"
30,"1","N0","T1","Other/Unknown",0.8263,0.1737,"LOW"
31,"1","N0","T1","Other/Unknown",0.827,0.173,"LOW"
32,"1","N0","T1","Other/Unknown",0.8279,0.1721,"LOW"
33,"1","N0","T1","Other/Unknown",0.8331,0.1669,"LOW"
34,"1","N0","T1","Other/Unknown",0.8382,0.1618,"LOW"
35,"1","N0","T1","Other/Unknown",0.8405,0.1595,"LOW"
36,"1","N0","T1","Other/Unknown",0.8417,0.1583,"LOW"
37,"1","N0","T1","Other/Unknown",0.8431,0.1569,"LOW"
38,"1","N0","T1","Other/Unknown",0.8455,0.1545,"LOW"
39,"1","N0","T1","Other/Unknown",0.85,0.15,"LOW"
40,"1","N0","T1","Other/Unknown",0.8515,0.1485,"LOW"
41,"1","N0","T1","Other/Unknown",0.8515,0.1485,"LOW"
42,"1","N0","T1","Other/Unknown",0.8524,0.1476,"LOW"
43,"1","N0","T1","Other/Unknown",0.8537,0.1463,"LOW"
44,"1","N0","T1","Other/Unknown",0.8567,0.1433,"LOW"
45,"1","N0","T1","Other/Unknown",0.8585,0.1415,"LOW"
46,"1","N0","T1","Other/Unknown",0.8595,0.1405,"LOW"
47,"1","N0","T1","Other/Unknown",0.862,0.138,"LOW"
48,"1","N0","T1","Other/Unknown",0.8634,0.1366,"LOW"
49,"1","N0","T1","Other/Unknown",0.8648,0.1352,"LOW"
50,"1","N0","T1","Other/Unknown",0.8651,0.1349,"LOW"
51,"1","N0","T1","Other/Unknown",0.8668,0.1332,"LOW"
52,"1","N0","T1","Other/Unknown",0.8672,0.1328,"LOW"
53,"1","N0","T1","Other/Unknown",0.8665,0.1335,"LOW"
54,"1","N0","T1","Other/Unknown",0.868,0.132,"LOW"
55,"1","N0","T1","Other/Unknown",0.8688,0.1312,"LOW"
56,"1","N0","T1","Other/Unknown",0.8683,0.1317,"LOW"
57,"1","N0","T1","Other/Unknown",0.8679,0.1321,"LOW"
58,"1","N0","T1","Other/Unknown",0.8692,0.1308,"LOW"
59,"1","N0","T1","Other/Unknown",0.871,0.129,"LOW"
60,"1","N0","T1","Other/Unknown",0.8716,0.1284,"LOW"
61,"1","N0","T1","Other/Unknown",0.8724,0.1276,"LOW"
62,"1","N0","T1","Other/Unknown",0.8721,0.1279,"LOW"
63,"1","N0","T1","Other/Unknown",0.8727,0.1273,"LOW"
64,"1","N0","T1","Other/Unknown",0.8731,0.1269,"LOW"
65,"1","N0","T1","Other/Unknown",0.8737,0.1263,"LOW"
66,"1","N0","T1","Other/Unknown",0.8741,0.1259,"LOW"
67,"1","N0","T1","Other/Unknown",0.8734,0.1266,"LOW"
68,"1","N0","T1","Other/Unknown",0.8737,0.1263,"LOW"
69,"1","N0","T1","Other/Unknown",0.8757,0.1243,"LOW"
70,"1","N0","T1","Other/Unknown",0.8757,0.1243,"LOW"
71,"1","N0","T1","Other/Unknown",0.8766,0.1234,"LOW"
72,"1","N0","T1","Other/Unknown",0.8766,0.1234,"LOW"
73,"1","N0","T1","Other/Unknown",0.8766,0.1234,"LOW"
74,"1","N0","T1","Other/Unknown",0.8775,0.1225,"LOW"
75,"1","N0","T1","Other/Unknown",0.8779,0.1221,"LOW"
76,"1","N0","T1","Other/Unknown",0.8785,0.1215,"LOW"
77,"1","N0","T1","Other/Unknown",0.8789,0.1211,"LOW"
78,"1","N0","T1","Other/Unknown",0.8786,0.1214,"LOW"
79,"1","N0","T1","Other/Unknown",0.8787,0.1213,"LOW"
80,"1","N0","T1","Other/Unknown",0.8767,0.1233,"LOW"
81,"1","N0","T1","Other/Unknown",0.8769,0.1231,"LOW"
82,"1","N0","T1","Other/Unknown",0.8765,0.1235,"LOW"
83,"1","N0","T1","Other/Unknown",0.8768,0.1232,"LOW"
84,"1","N0","T1","Other/Unknown",0.8721,0.1279,"LOW"
85,"1","N0","T1","Other/Unknown",0.8705,0.1295,"LOW"
86,"1","N0","T1","Other/Unknown",0.8648,0.1352,"LOW"
87,"1","N0","T1","Other/Unknown",0.871,0.129,"LOW"
88,"1","N0","T1","Other/Unknown",0.8743,0.1257,"LOW"
89,"1","N0","T1","Other/Unknown",0.878,0.122,"LOW"
90,"1","N0","T1","Other/Unknown",0.879,0.121,"LOW"
91,"1","N0","T1","Other/Unknown",0.879,0.121,"LOW"
92,"1","N0","T1","Other/Unknown",0.879,0.121,"LOW"
93,"1","N0","T1","Other/Unknown",0.879,0.121,"LOW"
94,"1","N0","T1","Other/Unknown",0.879,0.121,"LOW"
95,"1","N0","T1","Other/Unknown",0.879,0.121,"LOW"
96,"1","N0","T1","Other/Unknown",0.879,0.121,"LOW"
97,"1","N0","T1","Other/Unknown",0.879,0.121,"LOW"
98,"1","N0","T1","Other/Unknown",0.879,0.121,"LOW"
99,"1","N0","T1","Other/Unknown",0.879,0.121,"LOW"
0,"2","N0","T1","Other/Unknown",0.7927,0.2073,"LOW"
1,"2","N0","T1","Other/Unknown",0.7933,0.2067,"LOW"
2,"2","N0","T1","Other/Unknown",0.7914,0.2086,"LOW"
3,"2","N0","T1","Other/Unknown",0.7807,0.2193,"LOW"
4,"2","N0","T1","Other/Unknown",0.7851,0.2149,"LOW"
5,"2","N0","T1","Other/Unknown",0.7891,0.2109,"LOW"
6,"2","N0","T1","Other/Unknown",0.7932,0.2068,"LOW"
7,"2","N0","T1","Other/Unknown",0.7986,0.2014,"LOW"
8,"2","N0","T1","Other/Unknown",0.8005,0.1995,"LOW"
9,"2","N0","T1","Other/Unknown",0.8007,0.1993,"LOW"
10,"2","N0","T1","Other/Unknown",0.8092,0.1908,"LOW"
11,"2","N0","T1","Other/Unknown",0.8106,0.1894,"LOW"
12,"2","N0","T1","Other/Unknown",0.8138,0.1862,"LOW"
13,"2","N0","T1","Other/Unknown",0.8175,0.1825,"LOW"
14,"2","N0","T1","Other/Unknown",0.8202,0.1798,"LOW"
15,"2","N0","T1","Other/Unknown",0.8205,0.1795,"LOW"
16,"2","N0","T1","Other/Unknown",0.8237,0.1763,"LOW"
17,"2","N0","T1","Other/Unknown",0.8244,0.1756,"LOW"
18,"2","N0","T1","Other/Unknown",0.8241,0.1759,"LOW"
19,"2","N0","T1","Other/Unknown",0.8257,0.1743,"LOW"
20,"2","N0","T1","Other/Unknown",0.825,0.175,"LOW"
21,"2","N0","T1","Other/Unknown",0.8246,0.1754,"LOW"
22,"2","N0","T1","Other/Unknown",0.8315,0.1685,"LOW"
23,"2","N0","T1","Other/Unknown",0.8332,0.1668,"LOW"
24,"2","N0","T1","Other/Unknown",0.8347,0.1653,"LOW"
25,"2","N0","T1","Other/Unknown",0.8371,0.1629,"LOW"
26,"2","N0","T1","Other/Unknown",0.8407,0.1593,"LOW"
27,"2","N0","T1","Other/Unknown",0.8417,0.1583,"LOW"
28,"2","N0","T1","Other/Unknown",0.8424,0.1576,"LOW"
29,"2","N0","T1","Other/Unknown",0.8435,0.1565,"LOW"
30,"2","N0","T1","Other/Unknown",0.8445,0.1555,"LOW"
31,"2","N0","T1","Other/Unknown",0.8457,0.1543,"LOW"
32,"2","N0","T1","Other/Unknown",0.8478,0.1522,"LOW"
33,"2","N0","T1","Other/Unknown",0.8485,0.1515,"LOW"
34,"2","N0","T1","Other/Unknown",0.8515,0.1485,"LOW"
35,"2","N0","T1","Other/Unknown",0.8515,0.1485,"LOW"
36,"2","N0","T1","Other/Unknown",0.8522,0.1478,"LOW"
37,"2","N0","T1","Other/Unknown",0.8543,0.1457,"LOW"
38,"2","N0","T1","Other/Unknown",0.8552,0.1448,"LOW"
39,"2","N0","T1","Other/Unknown",0.8601,0.1399,"LOW"
40,"2","N0","T1","Other/Unknown",0.8619,0.1381,"LOW"
41,"2","N0","T1","Other/Unknown",0.8635,0.1365,"LOW"
42,"2","N0","T1","Other/Unknown",0.8645,0.1355,"LOW"
43,"2","N0","T1","Other/Unknown",0.8646,0.1354,"LOW"
44,"2","N0","T1","Other/Unknown",0.8672,0.1328,"LOW"
45,"2","N0","T1","Other/Unknown",0.8677,0.1323,"LOW"
46,"2","N0","T1","Other/Unknown",0.8687,0.1313,"LOW"
47,"2","N0","T1","Other/Unknown",0.8707,0.1293,"LOW"
48,"2","N0","T1","Other/Unknown",0.8712,0.1288,"LOW"
49,"2","N0","T1","Other/Unknown",0.8723,0.1277,"LOW"
50,"2","N0","T1","Other/Unknown",0.8734,0.1266,"LOW"
51,"2","N0","T1","Other/Unknown",0.8746,0.1254,"LOW"
52,"2","N0","T1","Other/Unknown",0.8762,0.1238,"LOW"
53,"2","N0","T1","Other/Unknown",0.8767,0.1233,"LOW"
54,"2","N0","T1","Other/Unknown",0.8782,0.1218,"LOW"
55,"2","N0","T1","Other/Unknown",0.8789,0.1211,"LOW"
56,"2","N0","T1","Other/Unknown",0.8791,0.1209,"LOW"
57,"2","N0","T1","Other/Unknown",0.8798,0.1202,"LOW"
58,"2","N0","T1","Other/Unknown",0.8801,0.1199,"LOW"
59,"2","N0","T1","Other/Unknown",0.88,0.12,"LOW"
60,"2","N0","T1","Other/Unknown",0.8806,0.1194,"LOW"
61,"2","N0","T1","Other/Unknown",0.8816,0.1184,"LOW"
62,"2","N0","T1","Other/Unknown",0.8819,0.1181,"LOW"
63,"2","N0","T1","Other/Unknown",0.8827,0.1173,"LOW"
64,"2","N0","T1","Other/Unknown",0.8839,0.1161,"LOW"
65,"2","N0","T1","Other/Unknown",0.8846,0.1154,"LOW"
66,"2","N0","T1","Other/Unknown",0.8847,0.1153,"LOW"
67,"2","N0","T1","Other/Unknown",0.885,0.115,"LOW"
68,"2","N0","T1","Other/Unknown",0.885,0.115,"LOW"
69,"2","N0","T1","Other/Unknown",0.885,0.115,"LOW"
70,"2","N0","T1","Other/Unknown",0.8856,0.1144,"LOW"
71,"2","N0","T1","Other/Unknown",0.8863,0.1137,"LOW"
72,"2","N0","T1","Other/Unknown",0.8865,0.1135,"LOW"
73,"2","N0","T1","Other/Unknown",0.8857,0.1143,"LOW"
74,"2","N0","T1","Other/Unknown",0.8858,0.1142,"LOW"
75,"2","N0","T1","Other/Unknown",0.8866,0.1134,"LOW"
76,"2","N0","T1","Other/Unknown",0.8867,0.1133,"LOW"
77,"2","N0","T1","Other/Unknown",0.8877,0.1123,"LOW"
78,"2","N0","T1","Other/Unknown",0.8875,0.1125,"LOW"
79,"2","N0","T1","Other/Unknown",0.8879,0.1121,"LOW"
80,"2","N0","T1","Other/Unknown",0.888,0.112,"LOW"
81,"2","N0","T1","Other/Unknown",0.888,0.112,"LOW"
82,"2","N0","T1","Other/Unknown",0.8875,0.1125,"LOW"
83,"2","N0","T1","Other/Unknown",0.8879,0.1121,"LOW"
84,"2","N0","T1","Other/Unknown",0.8812,0.1188,"LOW"
85,"2","N0","T1","Other/Unknown",0.8779,0.1221,"LOW"
86,"2","N0","T1","Other/Unknown",0.8716,0.1284,"LOW"
87,"2","N0","T1","Other/Unknown",0.8729,0.1271,"LOW"
88,"2","N0","T1","Other/Unknown",0.8753,0.1247,"LOW"
89,"2","N0","T1","Other/Unknown",0.8804,0.1196,"LOW"
90,"2","N0","T1","Other/Unknown",0.8796,0.1204,"LOW"
91,"2","N0","T1","Other/Unknown",0.8796,0.1204,"LOW"
92,"2","N0","T1","Other/Unknown",0.8796,0.1204,"LOW"
93,"2","N0","T1","Other/Unknown",0.8796,0.1204,"LOW"
94,"2","N0","T1","Other/Unknown",0.8796,0.1204,"LOW"
95,"2","N0","T1","Other/Unknown",0.8796,0.1204,"LOW"
96,"2","N0","T1","Other/Unknown",0.8796,0.1204,"LOW"
97,"2","N0","T1","Other/Unknown",0.8796,0.1204,"LOW"
98,"2","N0","T1","Other/Unknown",0.8796,0.1204,"LOW"
99,"2","N0","T1","Other/Unknown",0.8796,0.1204,"LOW"
0,"1","N1","T1","Other/Unknown",0.5337,0.4663,"LOW"
1,"1","N1","T1","Other/Unknown",0.528,0.472,"LOW"
2,"1","N1","T1","Other/Unknown",0.5259,0.4741,"LOW"
3,"1","N1","T1","Other/Unknown",0.5221,0.4779,"LOW"
4,"1","N1","T1","Other/Unknown",0.5208,0.4792,"LOW"
5,"1","N1","T1","Other/Unknown",0.5227,0.4773,"LOW"
6,"1","N1","T1","Other/Unknown",0.5266,0.4734,"LOW"
7,"1","N1","T1","Other/Unknown",0.5298,0.4702,"LOW"
8,"1","N1","T1","Other/Unknown",0.5336,0.4664,"LOW"
9,"1","N1","T1","Other/Unknown",0.5338,0.4662,"LOW"
10,"1","N1","T1","Other/Unknown",0.5393,0.4607,"LOW"
11,"1","N1","T1","Other/Unknown",0.5412,0.4588,"LOW"
12,"1","N1","T1","Other/Unknown",0.5467,0.4533,"LOW"
13,"1","N1","T1","Other/Unknown",0.5505,0.4495,"LOW"
14,"1","N1","T1","Other/Unknown",0.5535,0.4465,"LOW"
15,"1","N1","T1","Other/Unknown",0.5562,0.4438,"LOW"
16,"1","N1","T1","Other/Unknown",0.5594,0.4406,"LOW"
17,"1","N1","T1","Other/Unknown",0.5598,0.4402,"LOW"
18,"1","N1","T1","Other/Unknown",0.5584,0.4416,"LOW"
19,"1","N1","T1","Other/Unknown",0.5592,0.4408,"LOW"
20,"1","N1","T1","Other/Unknown",0.5611,0.4389,"LOW"
21,"1","N1","T1","Other/Unknown",0.5608,0.4392,"LOW"
22,"1","N1","T1","Other/Unknown",0.5604,0.4396,"LOW"
23,"1","N1","T1","Other/Unknown",0.5604,0.4396,"LOW"
24,"1","N1","T1","Other/Unknown",0.5607,0.4393,"LOW"
25,"1","N1","T1","Other/Unknown",0.5612,0.4388,"LOW"
26,"1","N1","T1","Other/Unknown",0.5612,0.4388,"LOW"
27,"1","N1","T1","Other/Unknown",0.5583,0.4417,"LOW"
28,"1","N1","T1","Other/Unknown",0.5604,0.4396,"LOW"
29,"1","N1","T1","Other/Unknown",0.5608,0.4392,"LOW"
30,"1","N1","T1","Other/Unknown",0.56,0.44,"LOW"
31,"1","N1","T1","Other/Unknown",0.5618,0.4382,"LOW"
32,"1","N1","T1","Other/Unknown",0.5595,0.4405,"LOW"
33,"1","N1","T1","Other/Unknown",0.5606,0.4394,"LOW"
34,"1","N1","T1","Other/Unknown",0.5612,0.4388,"LOW"
35,"1","N1","T1","Other/Unknown",0.5601,0.4399,"LOW"
36,"1","N1","T1","Other/Unknown",0.5604,0.4396,"LOW"
37,"1","N1","T1","Other/Unknown",0.5623,0.4377,"LOW"
38,"1","N1","T1","Other/Unknown",0.5624,0.4376,"LOW"
39,"1","N1","T1","Other/Unknown",0.5619,0.4381,"LOW"
40,"1","N1","T1","Other/Unknown",0.5623,0.4377,"LOW"
41,"1","N1","T1","Other/Unknown",0.5615,0.4385,"LOW"
42,"1","N1","T1","Other/Unknown",0.563,0.437,"LOW"
43,"1","N1","T1","Other/Unknown",0.564,0.436,"LOW"
44,"1","N1","T1","Other/Unknown",0.5634,0.4366,"LOW"
45,"1","N1","T1","Other/Unknown",0.5657,0.4343,"LOW"
46,"1","N1","T1","Other/Unknown",0.5691,0.4309,"LOW"
47,"1","N1","T1","Other/Unknown",0.5733,0.4267,"LOW"
48,"1","N1","T1","Other/Unknown",0.5745,0.4255,"LOW"
49,"1","N1","T1","Other/Unknown",0.5764,0.4236,"LOW"
50,"1","N1","T1","Other/Unknown",0.5776,0.4224,"LOW"
51,"1","N1","T1","Other/Unknown",0.582,0.418,"LOW"
52,"1","N1","T1","Other/Unknown",0.585,0.415,"LOW"
53,"1","N1","T1","Other/Unknown",0.5848,0.4152,"LOW"
54,"1","N1","T1","Other/Unknown",0.5852,0.4148,"LOW"
55,"1","N1","T1","Other/Unknown",0.5865,0.4135,"LOW"
56,"1","N1","T1","Other/Unknown",0.5859,0.4141,"LOW"
57,"1","N1","T1","Other/Unknown",0.5876,0.4124,"LOW"
58,"1","N1","T1","Other/Unknown",0.589,0.411,"LOW"
59,"1","N1","T1","Other/Unknown",0.5926,0.4074,"LOW"
60,"1","N1","T1","Other/Unknown",0.5948,0.4052,"LOW"
61,"1","N1","T1","Other/Unknown",0.5955,0.4045,"LOW"
62,"1","N1","T1","Other/Unknown",0.6005,0.3995,"LOW"
63,"1","N1","T1","Other/Unknown",0.6032,0.3968,"LOW"
64,"1","N1","T1","Other/Unknown",0.6019,0.3981,"LOW"
65,"1","N1","T1","Other/Unknown",0.6019,0.3981,"LOW"
66,"1","N1","T1","Other/Unknown",0.6011,0.3989,"LOW"
67,"1","N1","T1","Other/Unknown",0.5995,0.4005,"LOW"
68,"1","N1","T1","Other/Unknown",0.6011,0.3989,"LOW"
69,"1","N1","T1","Other/Unknown",0.6048,0.3952,"LOW"
70,"1","N1","T1","Other/Unknown",0.6096,0.3904,"LOW"
71,"1","N1","T1","Other/Unknown",0.6101,0.3899,"LOW"
72,"1","N1","T1","Other/Unknown",0.6136,0.3864,"LOW"
73,"1","N1","T1","Other/Unknown",0.6119,0.3881,"LOW"
74,"1","N1","T1","Other/Unknown",0.6124,0.3876,"LOW"
75,"1","N1","T1","Other/Unknown",0.6112,0.3888,"LOW"
76,"1","N1","T1","Other/Unknown",0.6108,0.3892,"LOW"
77,"1","N1","T1","Other/Unknown",0.6102,0.3898,"LOW"
78,"1","N1","T1","Other/Unknown",0.611,0.389,"LOW"
79,"1","N1","T1","Other/Unknown",0.6123,0.3877,"LOW"
80,"1","N1","T1","Other/Unknown",0.611,0.389,"LOW"
81,"1","N1","T1","Other/Unknown",0.6104,0.3896,"LOW"
82,"1","N1","T1","Other/Unknown",0.6104,0.3896,"LOW"
83,"1","N1","T1","Other/Unknown",0.6108,0.3892,"LOW"
84,"1","N1","T1","Other/Unknown",0.6087,0.3913,"LOW"
85,"1","N1","T1","Other/Unknown",0.609,0.391,"LOW"
86,"1","N1","T1","Other/Unknown",0.6111,0.3889,"LOW"
87,"1","N1","T1","Other/Unknown",0.612,0.388,"LOW"
88,"1","N1","T1","Other/Unknown",0.6142,0.3858,"LOW"
89,"1","N1","T1","Other/Unknown",0.6181,0.3819,"LOW"
90,"1","N1","T1","Other/Unknown",0.6213,0.3787,"LOW"
91,"1","N1","T1","Other/Unknown",0.6213,0.3787,"LOW"
92,"1","N1","T1","Other/Unknown",0.6213,0.3787,"LOW"
93,"1","N1","T1","Other/Unknown",0.6213,0.3787,"LOW"
94,"1","N1","T1","Other/Unknown",0.6213,0.3787,"LOW"
95,"1","N1","T1","Other/Unknown",0.6213,0.3787,"LOW"
96,"1","N1","T1","Other/Unknown",0.6213,0.3787,"LOW"
97,"1","N1","T1","Other/Unknown",0.6213,0.3787,"LOW"
98,"1","N1","T1","Other/Unknown",0.6213,0.3787,"LOW"
99,"1","N1","T1","Other/Unknown",0.6213,0.3787,"LOW"
0,"2","N1","T1","Other/Unknown",0.5927,0.4073,"LOW"
1,"2","N1","T1","Other/Unknown",0.589,0.411,"LOW"
2,"2","N1","T1","Other/Unknown",0.5894,0.4106,"LOW"
3,"2","N1","T1","Other/Unknown",0.5854,0.4146,"LOW"
4,"2","N1","T1","Other/Unknown",0.5849,0.4151,"LOW"
5,"2","N1","T1","Other/Unknown",0.5861,0.4139,"LOW"
6,"2","N1","T1","Other/Unknown",0.5889,0.4111,"LOW"
7,"2","N1","T1","Other/Unknown",0.5924,0.4076,"LOW"
8,"2","N1","T1","Other/Unknown",0.5909,0.4091,"LOW"
9,"2","N1","T1","Other/Unknown",0.5921,0.4079,"LOW"
10,"2","N1","T1","Other/Unknown",0.5973,0.4027,"LOW"
11,"2","N1","T1","Other/Unknown",0.5958,0.4042,"LOW"
12,"2","N1","T1","Other/Unknown",0.5999,0.4001,"LOW"
13,"2","N1","T1","Other/Unknown",0.6055,0.3945,"LOW"
14,"2","N1","T1","Other/Unknown",0.6075,0.3925,"LOW"
15,"2","N1","T1","Other/Unknown",0.6102,0.3898,"LOW"
16,"2","N1","T1","Other/Unknown",0.6127,0.3873,"LOW"
17,"2","N1","T1","Other/Unknown",0.6154,0.3846,"LOW"
18,"2","N1","T1","Other/Unknown",0.6138,0.3862,"LOW"
19,"2","N1","T1","Other/Unknown",0.6161,0.3839,"LOW"
20,"2","N1","T1","Other/Unknown",0.6176,0.3824,"LOW"
21,"2","N1","T1","Other/Unknown",0.6172,0.3828,"LOW"
22,"2","N1","T1","Other/Unknown",0.6187,0.3813,"LOW"
23,"2","N1","T1","Other/Unknown",0.6189,0.3811,"LOW"
24,"2","N1","T1","Other/Unknown",0.6227,0.3773,"LOW"
25,"2","N1","T1","Other/Unknown",0.6245,0.3755,"LOW"
26,"2","N1","T1","Other/Unknown",0.6266,0.3734,"LOW"
27,"2","N1","T1","Other/Unknown",0.6254,0.3746,"LOW"
28,"2","N1","T1","Other/Unknown",0.628,0.372,"LOW"
29,"2","N1","T1","Other/Unknown",0.629,0.371,"LOW"
30,"2","N1","T1","Other/Unknown",0.6287,0.3713,"LOW"
31,"2","N1","T1","Other/Unknown",0.632,0.368,"LOW"
32,"2","N1","T1","Other/Unknown",0.6287,0.3713,"LOW"
33,"2","N1","T1","Other/Unknown",0.6291,0.3709,"LOW"
34,"2","N1","T1","Other/Unknown",0.6321,0.3679,"LOW"
35,"2","N1","T1","Other/Unknown",0.6315,0.3685,"LOW"
36,"2","N1","T1","Other/Unknown",0.632,0.368,"LOW"
37,"2","N1","T1","Other/Unknown",0.6352,0.3648,"LOW"
38,"2","N1","T1","Other/Unknown",0.6322,0.3678,"LOW"
39,"2","N1","T1","Other/Unknown",0.6339,0.3661,"LOW"
40,"2","N1","T1","Other/Unknown",0.6339,0.3661,"LOW"
41,"2","N1","T1","Other/Unknown",0.6337,0.3663,"LOW"
42,"2","N1","T1","Other/Unknown",0.6339,0.3661,"LOW"
43,"2","N1","T1","Other/Unknown",0.6318,0.3682,"LOW"
44,"2","N1","T1","Other/Unknown",0.6326,0.3674,"LOW"
45,"2","N1","T1","Other/Unknown",0.6327,0.3673,"LOW"
46,"2","N1","T1","Other/Unknown",0.6312,0.3688,"LOW"
47,"2","N1","T1","Other/Unknown",0.632,0.368,"LOW"
48,"2","N1","T1","Other/Unknown",0.6314,0.3686,"LOW"
49,"2","N1","T1","Other/Unknown",0.6356,0.3644,"LOW"
50,"2","N1","T1","Other/Unknown",0.6369,0.3631,"LOW"
51,"2","N1","T1","Other/Unknown",0.6372,0.3628,"LOW"
52,"2","N1","T1","Other/Unknown",0.6382,0.3618,"LOW"
53,"2","N1","T1","Other/Unknown",0.6409,0.3591,"LOW"
54,"2","N1","T1","Other/Unknown",0.6444,0.3556,"LOW"
55,"2","N1","T1","Other/Unknown",0.6474,0.3526,"LOW"
56,"2","N1","T1","Other/Unknown",0.6475,0.3525,"LOW"
57,"2","N1","T1","Other/Unknown",0.6486,0.3514,"LOW"
58,"2","N1","T1","Other/Unknown",0.6499,0.3501,"LOW"
59,"2","N1","T1","Other/Unknown",0.6464,0.3536,"LOW"
60,"2","N1","T1","Other/Unknown",0.6485,0.3515,"LOW"
61,"2","N1","T1","Other/Unknown",0.6474,0.3526,"LOW"
62,"2","N1","T1","Other/Unknown",0.6471,0.3529,"LOW"
63,"2","N1","T1","Other/Unknown",0.6445,0.3555,"LOW"
64,"2","N1","T1","Other/Unknown",0.6395,0.3605,"LOW"
65,"2","N1","T1","Other/Unknown",0.6388,0.3612,"LOW"
66,"2","N1","T1","Other/Unknown",0.6402,0.3598,"LOW"
67,"2","N1","T1","Other/Unknown",0.6396,0.3604,"LOW"
68,"2","N1","T1","Other/Unknown",0.6413,0.3587,"LOW"
69,"2","N1","T1","Other/Unknown",0.6441,0.3559,"LOW"
70,"2","N1","T1","Other/Unknown",0.6496,0.3504,"LOW"
71,"2","N1","T1","Other/Unknown",0.6524,0.3476,"LOW"
72,"2","N1","T1","Other/Unknown",0.6574,0.3426,"LOW"
73,"2","N1","T1","Other/Unknown",0.6583,0.3417,"LOW"
74,"2","N1","T1","Other/Unknown",0.6587,0.3413,"LOW"
75,"2","N1","T1","Other/Unknown",0.6615,0.3385,"LOW"
76,"2","N1","T1","Other/Unknown",0.6627,0.3373,"LOW"
77,"2","N1","T1","Other/Unknown",0.6621,0.3379,"LOW"
78,"2","N1","T1","Other/Unknown",0.6611,0.3389,"LOW"
79,"2","N1","T1","Other/Unknown",0.6629,0.3371,"LOW"
80,"2","N1","T1","Other/Unknown",0.6627,0.3373,"LOW"
81,"2","N1","T1","Other/Unknown",0.664,0.336,"LOW"
82,"2","N1","T1","Other/Unknown",0.6648,0.3352,"LOW"
83,"2","N1","T1","Other/Unknown",0.6649,0.3351,"LOW"
84,"2","N1","T1","Other/Unknown",0.6612,0.3388,"LOW"
85,"2","N1","T1","Other/Unknown",0.6616,0.3384,"LOW"
86,"2","N1","T1","Other/Unknown",0.6634,0.3366,"LOW"
87,"2","N1","T1","Other/Unknown",0.663,0.337,"LOW"
88,"2","N1","T1","Other/Unknown",0.6641,0.3359,"LOW"
89,"2","N1","T1","Other/Unknown",0.6687,0.3313,"LOW"
90,"2","N1","T1","Other/Unknown",0.6744,0.3256,"LOW"
91,"2","N1","T1","Other/Unknown",0.6744,0.3256,"LOW"
92,"2","N1","T1","Other/Unknown",0.6744,0.3256,"LOW"
93,"2","N1","T1","Other/Unknown",0.6744,0.3256,"LOW"
94,"2","N1","T1","Other/Unknown",0.6744,0.3256,"LOW"
95,"2","N1","T1","Other/Unknown",0.6744,0.3256,"LOW"
96,"2","N1","T1","Other/Unknown",0.6744,0.3256,"LOW"
97,"2","N1","T1","Other/Unknown",0.6744,0.3256,"LOW"
98,"2","N1","T1","Other/Unknown",0.6744,0.3256,"LOW"
99,"2","N1","T1","Other/Unknown",0.6744,0.3256,"LOW"
0,"1","Other/Unknown","T1","Other/Unknown",0.6182,0.3818,"LOW"
1,"1","Other/Unknown","T1","Other/Unknown",0.615,0.385,"LOW"
2,"1","Other/Unknown","T1","Other/Unknown",0.6136,0.3864,"LOW"
3,"1","Other/Unknown","T1","Other/Unknown",0.6092,0.3908,"LOW"
4,"1","Other/Unknown","T1","Other/Unknown",0.6151,0.3849,"LOW"
5,"1","Other/Unknown","T1","Other/Unknown",0.6196,0.3804,"LOW"
6,"1","Other/Unknown","T1","Other/Unknown",0.6287,0.3713,"LOW"
7,"1","Other/Unknown","T1","Other/Unknown",0.6319,0.3681,"LOW"
8,"1","Other/Unknown","T1","Other/Unknown",0.635,0.365,"LOW"
9,"1","Other/Unknown","T1","Other/Unknown",0.6357,0.3643,"LOW"
10,"1","Other/Unknown","T1","Other/Unknown",0.6401,0.3599,"LOW"
11,"1","Other/Unknown","T1","Other/Unknown",0.6437,0.3563,"LOW"
12,"1","Other/Unknown","T1","Other/Unknown",0.6465,0.3535,"LOW"
13,"1","Other/Unknown","T1","Other/Unknown",0.6504,0.3496,"LOW"
14,"1","Other/Unknown","T1","Other/Unknown",0.6537,0.3463,"LOW"
15,"1","Other/Unknown","T1","Other/Unknown",0.6559,0.3441,"LOW"
16,"1","Other/Unknown","T1","Other/Unknown",0.6572,0.3428,"LOW"
17,"1","Other/Unknown","T1","Other/Unknown",0.6579,0.3421,"LOW"
18,"1","Other/Unknown","T1","Other/Unknown",0.6603,0.3397,"LOW"
19,"1","Other/Unknown","T1","Other/Unknown",0.6639,0.3361,"LOW"
20,"1","Other/Unknown","T1","Other/Unknown",0.6617,0.3383,"LOW"
21,"1","Other/Unknown","T1","Other/Unknown",0.6624,0.3376,"LOW"
22,"1","Other/Unknown","T1","Other/Unknown",0.6658,0.3342,"LOW"
23,"1","Other/Unknown","T1","Other/Unknown",0.6666,0.3334,"LOW"
24,"1","Other/Unknown","T1","Other/Unknown",0.6694,0.3306,"LOW"
25,"1","Other/Unknown","T1","Other/Unknown",0.6744,0.3256,"LOW"
26,"1","Other/Unknown","T1","Other/Unknown",0.6737,0.3263,"LOW"
27,"1","Other/Unknown","T1","Other/Unknown",0.6749,0.3251,"LOW"
28,"1","Other/Unknown","T1","Other/Unknown",0.6769,0.3231,"LOW"
29,"1","Other/Unknown","T1","Other/Unknown",0.6799,0.3201,"LOW"
30,"1","Other/Unknown","T1","Other/Unknown",0.6823,0.3177,"LOW"
31,"1","Other/Unknown","T1","Other/Unknown",0.6856,0.3144,"LOW"
32,"1","Other/Unknown","T1","Other/Unknown",0.6897,0.3103,"LOW"
33,"1","Other/Unknown","T1","Other/Unknown",0.699,0.301,"LOW"
34,"1","Other/Unknown","T1","Other/Unknown",0.7031,0.2969,"LOW"
35,"1","Other/Unknown","T1","Other/Unknown",0.7036,0.2964,"LOW"
36,"1","Other/Unknown","T1","Other/Unknown",0.7045,0.2955,"LOW"
37,"1","Other/Unknown","T1","Other/Unknown",0.7075,0.2925,"LOW"
38,"1","Other/Unknown","T1","Other/Unknown",0.7085,0.2915,"LOW"
39,"1","Other/Unknown","T1","Other/Unknown",0.717,0.283,"LOW"
40,"1","Other/Unknown","T1","Other/Unknown",0.7169,0.2831,"LOW"
41,"1","Other/Unknown","T1","Other/Unknown",0.7192,0.2808,"LOW"
42,"1","Other/Unknown","T1","Other/Unknown",0.7202,0.2798,"LOW"
43,"1","Other/Unknown","T1","Other/Unknown",0.721,0.279,"LOW"
44,"1","Other/Unknown","T1","Other/Unknown",0.7256,0.2744,"LOW"
45,"1","Other/Unknown","T1","Other/Unknown",0.7293,0.2707,"LOW"
46,"1","Other/Unknown","T1","Other/Unknown",0.7298,0.2702,"LOW"
47,"1","Other/Unknown","T1","Other/Unknown",0.7302,0.2698,"LOW"
48,"1","Other/Unknown","T1","Other/Unknown",0.7311,0.2689,"LOW"
49,"1","Other/Unknown","T1","Other/Unknown",0.7329,0.2671,"LOW"
50,"1","Other/Unknown","T1","Other/Unknown",0.7325,0.2675,"LOW"
51,"1","Other/Unknown","T1","Other/Unknown",0.7343,0.2657,"LOW"
52,"1","Other/Unknown","T1","Other/Unknown",0.7333,0.2667,"LOW"
53,"1","Other/Unknown","T1","Other/Unknown",0.7332,0.2668,"LOW"
54,"1","Other/Unknown","T1","Other/Unknown",0.7336,0.2664,"LOW"
55,"1","Other/Unknown","T1","Other/Unknown",0.7351,0.2649,"LOW"
56,"1","Other/Unknown","T1","Other/Unknown",0.7309,0.2691,"LOW"
57,"1","Other/Unknown","T1","Other/Unknown",0.7274,0.2726,"LOW"
58,"1","Other/Unknown","T1","Other/Unknown",0.7294,0.2706,"LOW"
59,"1","Other/Unknown","T1","Other/Unknown",0.7278,0.2722,"LOW"
60,"1","Other/Unknown","T1","Other/Unknown",0.731,0.269,"LOW"
61,"1","Other/Unknown","T1","Other/Unknown",0.7315,0.2685,"LOW"
62,"1","Other/Unknown","T1","Other/Unknown",0.7318,0.2682,"LOW"
63,"1","Other/Unknown","T1","Other/Unknown",0.7316,0.2684,"LOW"
64,"1","Other/Unknown","T1","Other/Unknown",0.7339,0.2661,"LOW"
65,"1","Other/Unknown","T1","Other/Unknown",0.7369,0.2631,"LOW"
66,"1","Other/Unknown","T1","Other/Unknown",0.7375,0.2625,"LOW"
67,"1","Other/Unknown","T1","Other/Unknown",0.7382,0.2618,"LOW"
68,"1","Other/Unknown","T1","Other/Unknown",0.7393,0.2607,"LOW"
69,"1","Other/Unknown","T1","Other/Unknown",0.7394,0.2606,"LOW"
70,"1","Other/Unknown","T1","Other/Unknown",0.7412,0.2588,"LOW"
71,"1","Other/Unknown","T1","Other/Unknown",0.7429,0.2571,"LOW"
72,"1","Other/Unknown","T1","Other/Unknown",0.7431,0.2569,"LOW"
73,"1","Other/Unknown","T1","Other/Unknown",0.7431,0.2569,"LOW"
74,"1","Other/Unknown","T1","Other/Unknown",0.7474,0.2526,"LOW"
75,"1","Other/Unknown","T1","Other/Unknown",0.7488,0.2512,"LOW"
76,"1","Other/Unknown","T1","Other/Unknown",0.7475,0.2525,"LOW"
77,"1","Other/Unknown","T1","Other/Unknown",0.7497,0.2503,"LOW"
78,"1","Other/Unknown","T1","Other/Unknown",0.7519,0.2481,"LOW"
79,"1","Other/Unknown","T1","Other/Unknown",0.7549,0.2451,"LOW"
80,"1","Other/Unknown","T1","Other/Unknown",0.7554,0.2446,"LOW"
81,"1","Other/Unknown","T1","Other/Unknown",0.7562,0.2438,"LOW"
82,"1","Other/Unknown","T1","Other/Unknown",0.7586,0.2414,"LOW"
83,"1","Other/Unknown","T1","Other/Unknown",0.7601,0.2399,"LOW"
84,"1","Other/Unknown","T1","Other/Unknown",0.7596,0.2404,"LOW"
85,"1","Other/Unknown","T1","Other/Unknown",0.7597,0.2403,"LOW"
86,"1","Other/Unknown","T1","Other/Unknown",0.758,0.242,"LOW"
87,"1","Other/Unknown","T1","Other/Unknown",0.7622,0.2378,"LOW"
88,"1","Other/Unknown","T1","Other/Unknown",0.7632,0.2368,"LOW"
89,"1","Other/Unknown","T1","Other/Unknown",0.7648,0.2352,"LOW"
90,"1","Other/Unknown","T1","Other/Unknown",0.7653,0.2347,"LOW"
91,"1","Other/Unknown","T1","Other/Unknown",0.7653,0.2347,"LOW"
92,"1","Other/Unknown","T1","Other/Unknown",0.7653,0.2347,"LOW"
93,"1","Other/Unknown","T1","Other/Unknown",0.7653,0.2347,"LOW"
94,"1","Other/Unknown","T1","Other/Unknown",0.7653,0.2347,"LOW"
95,"1","Other/Unknown","T1","Other/Unknown",0.7653,0.2347,"LOW"
96,"1","Other/Unknown","T1","Other/Unknown",0.7653,0.2347,"LOW"
97,"1","Other/Unknown","T1","Other/Unknown",0.7653,0.2347,"LOW"
98,"1","Other/Unknown","T1","Other/Unknown",0.7653,0.2347,"LOW"
99,"1","Other/Unknown","T1","Other/Unknown",0.7653,0.2347,"LOW"
0,"2","Other/Unknown","T1","Other/Unknown",0.6522,0.3478,"LOW"
1,"2","Other/Unknown","T1","Other/Unknown",0.6563,0.3437,"LOW"
2,"2","Other/Unknown","T1","Other/Unknown",0.6582,0.3418,"LOW"
3,"2","Other/Unknown","T1","Other/Unknown",0.6519,0.3481,"LOW"
4,"2","Other/Unknown","T1","Other/Unknown",0.6587,0.3413,"LOW"
5,"2","Other/Unknown","T1","Other/Unknown",0.6634,0.3366,"LOW"
6,"2","Other/Unknown","T1","Other/Unknown",0.6721,0.3279,"LOW"
7,"2","Other/Unknown","T1","Other/Unknown",0.6758,0.3242,"LOW"
8,"2","Other/Unknown","T1","Other/Unknown",0.6767,0.3233,"LOW"
9,"2","Other/Unknown","T1","Other/Unknown",0.6769,0.3231,"LOW"
10,"2","Other/Unknown","T1","Other/Unknown",0.6792,0.3208,"LOW"
11,"2","Other/Unknown","T1","Other/Unknown",0.6816,0.3184,"LOW"
12,"2","Other/Unknown","T1","Other/Unknown",0.6854,0.3146,"LOW"
13,"2","Other/Unknown","T1","Other/Unknown",0.6845,0.3155,"LOW"
14,"2","Other/Unknown","T1","Other/Unknown",0.6881,0.3119,"LOW"
15,"2","Other/Unknown","T1","Other/Unknown",0.6895,0.3105,"LOW"
16,"2","Other/Unknown","T1","Other/Unknown",0.6915,0.3085,"LOW"
17,"2","Other/Unknown","T1","Other/Unknown",0.691,0.309,"LOW"
18,"2","Other/Unknown","T1","Other/Unknown",0.6928,0.3072,"LOW"
19,"2","Other/Unknown","T1","Other/Unknown",0.6977,0.3023,"LOW"
20,"2","Other/Unknown","T1","Other/Unknown",0.6972,0.3028,"LOW"
21,"2","Other/Unknown","T1","Other/Unknown",0.6973,0.3027,"LOW"
22,"2","Other/Unknown","T1","Other/Unknown",0.7009,0.2991,"LOW"
23,"2","Other/Unknown","T1","Other/Unknown",0.7035,0.2965,"LOW"
24,"2","Other/Unknown","T1","Other/Unknown",0.7042,0.2958,"LOW"
25,"2","Other/Unknown","T1","Other/Unknown",0.7088,0.2912,"LOW"
26,"2","Other/Unknown","T1","Other/Unknown",0.7096,0.2904,"LOW"
27,"2","Other/Unknown","T1","Other/Unknown",0.7129,0.2871,"LOW"
28,"2","Other/Unknown","T1","Other/Unknown",0.7145,0.2855,"LOW"
29,"2","Other/Unknown","T1","Other/Unknown",0.7166,0.2834,"LOW"
30,"2","Other/Unknown","T1","Other/Unknown",0.7201,0.2799,"LOW"
31,"2","Other/Unknown","T1","Other/Unknown",0.7217,0.2783,"LOW"
32,"2","Other/Unknown","T1","Other/Unknown",0.724,0.276,"LOW"
33,"2","Other/Unknown","T1","Other/Unknown",0.7275,0.2725,"LOW"
34,"2","Other/Unknown","T1","Other/Unknown",0.7298,0.2702,"LOW"
35,"2","Other/Unknown","T1","Other/Unknown",0.7307,0.2693,"LOW"
36,"2","Other/Unknown","T1","Other/Unknown",0.7311,0.2689,"LOW"
37,"2","Other/Unknown","T1","Other/Unknown",0.7335,0.2665,"LOW"
38,"2","Other/Unknown","T1","Other/Unknown",0.733,0.267,"LOW"
39,"2","Other/Unknown","T1","Other/Unknown",0.7406,0.2594,"LOW"
40,"2","Other/Unknown","T1","Other/Unknown",0.7428,0.2572,"LOW"
41,"2","Other/Unknown","T1","Other/Unknown",0.7431,0.2569,"LOW"
42,"2","Other/Unknown","T1","Other/Unknown",0.7436,0.2564,"LOW"
43,"2","Other/Unknown","T1","Other/Unknown",0.7428,0.2572,"LOW"
44,"2","Other/Unknown","T1","Other/Unknown",0.7475,0.2525,"LOW"
45,"2","Other/Unknown","T1","Other/Unknown",0.7486,0.2514,"LOW"
46,"2","Other/Unknown","T1","Other/Unknown",0.749,0.251,"LOW"
47,"2","Other/Unknown","T1","Other/Unknown",0.7504,0.2496,"LOW"
48,"2","Other/Unknown","T1","Other/Unknown",0.7518,0.2482,"LOW"
49,"2","Other/Unknown","T1","Other/Unknown",0.7531,0.2469,"LOW"
50,"2","Other/Unknown","T1","Other/Unknown",0.7526,0.2474,"LOW"
51,"2","Other/Unknown","T1","Other/Unknown",0.7525,0.2475,"LOW"
52,"2","Other/Unknown","T1","Other/Unknown",0.7515,0.2485,"LOW"
53,"2","Other/Unknown","T1","Other/Unknown",0.7515,0.2485,"LOW"
54,"2","Other/Unknown","T1","Other/Unknown",0.752,0.248,"LOW"
55,"2","Other/Unknown","T1","Other/Unknown",0.7533,0.2467,"LOW"
56,"2","Other/Unknown","T1","Other/Unknown",0.7514,0.2486,"LOW"
57,"2","Other/Unknown","T1","Other/Unknown",0.7518,0.2482,"LOW"
58,"2","Other/Unknown","T1","Other/Unknown",0.7517,0.2483,"LOW"
59,"2","Other/Unknown","T1","Other/Unknown",0.7505,0.2495,"LOW"
60,"2","Other/Unknown","T1","Other/Unknown",0.7545,0.2455,"LOW"
61,"2","Other/Unknown","T1","Other/Unknown",0.7559,0.2441,"LOW"
62,"2","Other/Unknown","T1","Other/Unknown",0.7561,0.2439,"LOW"
63,"2","Other/Unknown","T1","Other/Unknown",0.7574,0.2426,"LOW"
64,"2","Other/Unknown","T1","Other/Unknown",0.7585,0.2415,"LOW"
65,"2","Other/Unknown","T1","Other/Unknown",0.7585,0.2415,"LOW"
66,"2","Other/Unknown","T1","Other/Unknown",0.7596,0.2404,"LOW"
67,"2","Other/Unknown","T1","Other/Unknown",0.7598,0.2402,"LOW"
68,"2","Other/Unknown","T1","Other/Unknown",0.7609,0.2391,"LOW"
69,"2","Other/Unknown","T1","Other/Unknown",0.7615,0.2385,"LOW"
70,"2","Other/Unknown","T1","Other/Unknown",0.7623,0.2377,"LOW"
71,"2","Other/Unknown","T1","Other/Unknown",0.7639,0.2361,"LOW"
72,"2","Other/Unknown","T1","Other/Unknown",0.7643,0.2357,"LOW"
73,"2","Other/Unknown","T1","Other/Unknown",0.7643,0.2357,"LOW"
74,"2","Other/Unknown","T1","Other/Unknown",0.7665,0.2335,"LOW"
75,"2","Other/Unknown","T1","Other/Unknown",0.7671,0.2329,"LOW"
76,"2","Other/Unknown","T1","Other/Unknown",0.7662,0.2338,"LOW"
77,"2","Other/Unknown","T1","Other/Unknown",0.7662,0.2338,"LOW"
78,"2","Other/Unknown","T1","Other/Unknown",0.7667,0.2333,"LOW"
79,"2","Other/Unknown","T1","Other/Unknown",0.7717,0.2283,"LOW"
80,"2","Other/Unknown","T1","Other/Unknown",0.7722,0.2278,"LOW"
81,"2","Other/Unknown","T1","Other/Unknown",0.773,0.227,"LOW"
82,"2","Other/Unknown","T1","Other/Unknown",0.7733,0.2267,"LOW"
83,"2","Other/Unknown","T1","Other/Unknown",0.7747,0.2253,"LOW"
84,"2","Other/Unknown","T1","Other/Unknown",0.7715,0.2285,"LOW"
85,"2","Other/Unknown","T1","Other/Unknown",0.7696,0.2304,"LOW"
86,"2","Other/Unknown","T1","Other/Unknown",0.7667,0.2333,"LOW"
87,"2","Other/Unknown","T1","Other/Unknown",0.7688,0.2312,"LOW"
88,"2","Other/Unknown","T1","Other/Unknown",0.7715,0.2285,"LOW"
89,"2","Other/Unknown","T1","Other/Unknown",0.7742,0.2258,"LOW"
90,"2","Other/Unknown","T1","Other/Unknown",0.7734,0.2266,"LOW"
91,"2","Other/Unknown","T1","Other/Unknown",0.7734,0.2266,"LOW"
92,"2","Other/Unknown","T1","Other/Unknown",0.7734,0.2266,"LOW"
93,"2","Other/Unknown","T1","Other/Unknown",0.7734,0.2266,"LOW"
94,"2","Other/Unknown","T1","Other/Unknown",0.7734,0.2266,"LOW"
95,"2","Other/Unknown","T1","Other/Unknown",0.7734,0.2266,"LOW"
96,"2","Other/Unknown","T1","Other/Unknown",0.7734,0.2266,"LOW"
97,"2","Other/Unknown","T1","Other/Unknown",0.7734,0.2266,"LOW"
98,"2","Other/Unknown","T1","Other/Unknown",0.7734,0.2266,"LOW"
99,"2","Other/Unknown","T1","Other/Unknown",0.7734,0.2266,"LOW"
0,"1","N0","T2","Other/Unknown",0.722,0.278,"LOW"
1,"1","N0","T2","Other/Unknown",0.7169,0.2831,"LOW"
2,"1","N0","T2","Other/Unknown",0.7161,0.2839,"LOW"
3,"1","N0","T2","Other/Unknown",0.7161,0.2839,"LOW"
4,"1","N0","T2","Other/Unknown",0.7153,0.2847,"LOW"
5,"1","N0","T2","Other/Unknown",0.7235,0.2765,"LOW"
6,"1","N0","T2","Other/Unknown",0.729,0.271,"LOW"
7,"1","N0","T2","Other/Unknown",0.7308,0.2692,"LOW"
8,"1","N0","T2","Other/Unknown",0.7309,0.2691,"LOW"
9,"1","N0","T2","Other/Unknown",0.7316,0.2684,"LOW"
10,"1","N0","T2","Other/Unknown",0.7362,0.2638,"LOW"
11,"1","N0","T2","Other/Unknown",0.737,0.263,"LOW"
12,"1","N0","T2","Other/Unknown",0.7385,0.2615,"LOW"
13,"1","N0","T2","Other/Unknown",0.7428,0.2572,"LOW"
14,"1","N0","T2","Other/Unknown",0.7458,0.2542,"LOW"
15,"1","N0","T2","Other/Unknown",0.75,0.25,"LOW"
16,"1","N0","T2","Other/Unknown",0.7539,0.2461,"LOW"
17,"1","N0","T2","Other/Unknown",0.756,0.244,"LOW"
18,"1","N0","T2","Other/Unknown",0.7608,0.2392,"LOW"
19,"1","N0","T2","Other/Unknown",0.7623,0.2377,"LOW"
20,"1","N0","T2","Other/Unknown",0.7668,0.2332,"LOW"
21,"1","N0","T2","Other/Unknown",0.7685,0.2315,"LOW"
22,"1","N0","T2","Other/Unknown",0.7713,0.2287,"LOW"
23,"1","N0","T2","Other/Unknown",0.7737,0.2263,"LOW"
24,"1","N0","T2","Other/Unknown",0.7756,0.2244,"LOW"
25,"1","N0","T2","Other/Unknown",0.7784,0.2216,"LOW"
26,"1","N0","T2","Other/Unknown",0.7821,0.2179,"LOW"
27,"1","N0","T2","Other/Unknown",0.7864,0.2136,"LOW"
28,"1","N0","T2","Other/Unknown",0.7862,0.2138,"LOW"
29,"1","N0","T2","Other/Unknown",0.7879,0.2121,"LOW"
30,"1","N0","T2","Other/Unknown",0.7896,0.2104,"LOW"
31,"1","N0","T2","Other/Unknown",0.7913,0.2087,"LOW"
32,"1","N0","T2","Other/Unknown",0.792,0.208,"LOW"
33,"1","N0","T2","Other/Unknown",0.7955,0.2045,"LOW"
34,"1","N0","T2","Other/Unknown",0.7962,0.2038,"LOW"
35,"1","N0","T2","Other/Unknown",0.7983,0.2017,"LOW"
36,"1","N0","T2","Other/Unknown",0.7983,0.2017,"LOW"
37,"1","N0","T2","Other/Unknown",0.7986,0.2014,"LOW"
38,"1","N0","T2","Other/Unknown",0.8001,0.1999,"LOW"
39,"1","N0","T2","Other/Unknown",0.8031,0.1969,"LOW"
40,"1","N0","T2","Other/Unknown",0.8057,0.1943,"LOW"
41,"1","N0","T2","Other/Unknown",0.8081,0.1919,"LOW"
42,"1","N0","T2","Other/Unknown",0.8091,0.1909,"LOW"
43,"1","N0","T2","Other/Unknown",0.8108,0.1892,"LOW"
44,"1","N0","T2","Other/Unknown",0.8131,0.1869,"LOW"
45,"1","N0","T2","Other/Unknown",0.8163,0.1837,"LOW"
46,"1","N0","T2","Other/Unknown",0.8195,0.1805,"LOW"
47,"1","N0","T2","Other/Unknown",0.8207,0.1793,"LOW"
48,"1","N0","T2","Other/Unknown",0.8219,0.1781,"LOW"
49,"1","N0","T2","Other/Unknown",0.8233,0.1767,"LOW"
50,"1","N0","T2","Other/Unknown",0.8237,0.1763,"LOW"
51,"1","N0","T2","Other/Unknown",0.8248,0.1752,"LOW"
52,"1","N0","T2","Other/Unknown",0.826,0.174,"LOW"
53,"1","N0","T2","Other/Unknown",0.8269,0.1731,"LOW"
54,"1","N0","T2","Other/Unknown",0.8279,0.1721,"LOW"
55,"1","N0","T2","Other/Unknown",0.8284,0.1716,"LOW"
56,"1","N0","T2","Other/Unknown",0.8291,0.1709,"LOW"
57,"1","N0","T2","Other/Unknown",0.8299,0.1701,"LOW"
58,"1","N0","T2","Other/Unknown",0.8307,0.1693,"LOW"
59,"1","N0","T2","Other/Unknown",0.8309,0.1691,"LOW"
60,"1","N0","T2","Other/Unknown",0.831,0.169,"LOW"
61,"1","N0","T2","Other/Unknown",0.8319,0.1681,"LOW"
62,"1","N0","T2","Other/Unknown",0.8321,0.1679,"LOW"
63,"1","N0","T2","Other/Unknown",0.8323,0.1677,"LOW"
64,"1","N0","T2","Other/Unknown",0.8326,0.1674,"LOW"
65,"1","N0","T2","Other/Unknown",0.8331,0.1669,"LOW"
66,"1","N0","T2","Other/Unknown",0.8336,0.1664,"LOW"
67,"1","N0","T2","Other/Unknown",0.8339,0.1661,"LOW"
68,"1","N0","T2","Other/Unknown",0.834,0.166,"LOW"
69,"1","N0","T2","Other/Unknown",0.834,0.166,"LOW"
70,"1","N0","T2","Other/Unknown",0.8346,0.1654,"LOW"
71,"1","N0","T2","Other/Unknown",0.8356,0.1644,"LOW"
72,"1","N0","T2","Other/Unknown",0.836,0.164,"LOW"
73,"1","N0","T2","Other/Unknown",0.8362,0.1638,"LOW"
74,"1","N0","T2","Other/Unknown",0.8362,0.1638,"LOW"
75,"1","N0","T2","Other/Unknown",0.8365,0.1635,"LOW"
76,"1","N0","T2","Other/Unknown",0.8363,0.1637,"LOW"
77,"1","N0","T2","Other/Unknown",0.8365,0.1635,"LOW"
78,"1","N0","T2","Other/Unknown",0.8367,0.1633,"LOW"
79,"1","N0","T2","Other/Unknown",0.8364,0.1636,"LOW"
80,"1","N0","T2","Other/Unknown",0.8363,0.1637,"LOW"
81,"1","N0","T2","Other/Unknown",0.8366,0.1634,"LOW"
82,"1","N0","T2","Other/Unknown",0.8365,0.1635,"LOW"
83,"1","N0","T2","Other/Unknown",0.8368,0.1632,"LOW"
84,"1","N0","T2","Other/Unknown",0.8366,0.1634,"LOW"
85,"1","N0","T2","Other/Unknown",0.8363,0.1637,"LOW"
86,"1","N0","T2","Other/Unknown",0.8363,0.1637,"LOW"
87,"1","N0","T2","Other/Unknown",0.8383,0.1617,"LOW"
88,"1","N0","T2","Other/Unknown",0.8392,0.1608,"LOW"
89,"1","N0","T2","Other/Unknown",0.8403,0.1597,"LOW"
90,"1","N0","T2","Other/Unknown",0.8401,0.1599,"LOW"
91,"1","N0","T2","Other/Unknown",0.8401,0.1599,"LOW"
92,"1","N0","T2","Other/Unknown",0.8401,0.1599,"LOW"
93,"1","N0","T2","Other/Unknown",0.8401,0.1599,"LOW"
94,"1","N0","T2","Other/Unknown",0.8401,0.1599,"LOW"
95,"1","N0","T2","Other/Unknown",0.8401,0.1599,"LOW"
96,"1","N0","T2","Other/Unknown",0.8401,0.1599,"LOW"
97,"1","N0","T2","Other/Unknown",0.8401,0.1599,"LOW"
98,"1","N0","T2","Other/Unknown",0.8401,0.1599,"LOW"
99,"1","N0","T2","Other/Unknown",0.8401,0.1599,"LOW"
0,"2","N0","T2","Other/Unknown",0.7545,0.2455,"LOW"
1,"2","N0","T2","Other/Unknown",0.7547,0.2453,"LOW"
2,"2","N0","T2","Other/Unknown",0.7503,0.2497,"LOW"
3,"2","N0","T2","Other/Unknown",0.7472,0.2528,"LOW"
4,"2","N0","T2","Other/Unknown",0.748,0.252,"LOW"
5,"2","N0","T2","Other/Unknown",0.75,0.25,"LOW"
6,"2","N0","T2","Other/Unknown",0.7521,0.2479,"LOW"
7,"2","N0","T2","Other/Unknown",0.7552,0.2448,"LOW"
8,"2","N0","T2","Other/Unknown",0.7566,0.2434,"LOW"
9,"2","N0","T2","Other/Unknown",0.7564,0.2436,"LOW"
10,"2","N0","T2","Other/Unknown",0.7608,0.2392,"LOW"
11,"2","N0","T2","Other/Unknown",0.7644,0.2356,"LOW"
12,"2","N0","T2","Other/Unknown",0.7668,0.2332,"LOW"
13,"2","N0","T2","Other/Unknown",0.7693,0.2307,"LOW"
14,"2","N0","T2","Other/Unknown",0.7708,0.2292,"LOW"
15,"2","N0","T2","Other/Unknown",0.7719,0.2281,"LOW"
16,"2","N0","T2","Other/Unknown",0.7731,0.2269,"LOW"
17,"2","N0","T2","Other/Unknown",0.7751,0.2249,"LOW"
18,"2","N0","T2","Other/Unknown",0.78,0.22,"LOW"
19,"2","N0","T2","Other/Unknown",0.7826,0.2174,"LOW"
20,"2","N0","T2","Other/Unknown",0.7855,0.2145,"LOW"
21,"2","N0","T2","Other/Unknown",0.7877,0.2123,"LOW"
22,"2","N0","T2","Other/Unknown",0.7908,0.2092,"LOW"
23,"2","N0","T2","Other/Unknown",0.7918,0.2082,"LOW"
24,"2","N0","T2","Other/Unknown",0.7916,0.2084,"LOW"
25,"2","N0","T2","Other/Unknown",0.7956,0.2044,"LOW"
26,"2","N0","T2","Other/Unknown",0.7984,0.2016,"LOW"
27,"2","N0","T2","Other/Unknown",0.8023,0.1977,"LOW"
28,"2","N0","T2","Other/Unknown",0.803,0.197,"LOW"
29,"2","N0","T2","Other/Unknown",0.8045,0.1955,"LOW"
30,"2","N0","T2","Other/Unknown",0.8057,0.1943,"LOW"
31,"2","N0","T2","Other/Unknown",0.8067,0.1933,"LOW"
32,"2","N0","T2","Other/Unknown",0.8083,0.1917,"LOW"
33,"2","N0","T2","Other/Unknown",0.8107,0.1893,"LOW"
34,"2","N0","T2","Other/Unknown",0.811,0.189,"LOW"
35,"2","N0","T2","Other/Unknown",0.8132,0.1868,"LOW"
36,"2","N0","T2","Other/Unknown",0.8137,0.1863,"LOW"
37,"2","N0","T2","Other/Unknown",0.8141,0.1859,"LOW"
38,"2","N0","T2","Other/Unknown",0.8158,0.1842,"LOW"
39,"2","N0","T2","Other/Unknown",0.8183,0.1817,"LOW"
40,"2","N0","T2","Other/Unknown",0.8198,0.1802,"LOW"
41,"2","N0","T2","Other/Unknown",0.8207,0.1793,"LOW"
42,"2","N0","T2","Other/Unknown",0.822,0.178,"LOW"
43,"2","N0","T2","Other/Unknown",0.824,0.176,"LOW"
44,"2","N0","T2","Other/Unknown",0.826,0.174,"LOW"
45,"2","N0","T2","Other/Unknown",0.8284,0.1716,"LOW"
46,"2","N0","T2","Other/Unknown",0.8311,0.1689,"LOW"
47,"2","N0","T2","Other/Unknown",0.8322,0.1678,"LOW"
48,"2","N0","T2","Other/Unknown",0.8329,0.1671,"LOW"
49,"2","N0","T2","Other/Unknown",0.8343,0.1657,"LOW"
50,"2","N0","T2","Other/Unknown",0.8345,0.1655,"LOW"
51,"2","N0","T2","Other/Unknown",0.8345,0.1655,"LOW"
52,"2","N0","T2","Other/Unknown",0.8353,0.1647,"LOW"
53,"2","N0","T2","Other/Unknown",0.8352,0.1648,"LOW"
54,"2","N0","T2","Other/Unknown",0.8366,0.1634,"LOW"
55,"2","N0","T2","Other/Unknown",0.8368,0.1632,"LOW"
56,"2","N0","T2","Other/Unknown",0.8374,0.1626,"LOW"
57,"2","N0","T2","Other/Unknown",0.8385,0.1615,"LOW"
58,"2","N0","T2","Other/Unknown",0.8387,0.1613,"LOW"
59,"2","N0","T2","Other/Unknown",0.8395,0.1605,"LOW"
60,"2","N0","T2","Other/Unknown",0.8399,0.1601,"LOW"
61,"2","N0","T2","Other/Unknown",0.8405,0.1595,"LOW"
62,"2","N0","T2","Other/Unknown",0.8405,0.1595,"LOW"
63,"2","N0","T2","Other/Unknown",0.8408,0.1592,"LOW"
64,"2","N0","T2","Other/Unknown",0.8415,0.1585,"LOW"
65,"2","N0","T2","Other/Unknown",0.8421,0.1579,"LOW"
66,"2","N0","T2","Other/Unknown",0.8418,0.1582,"LOW"
67,"2","N0","T2","Other/Unknown",0.8419,0.1581,"LOW"
68,"2","N0","T2","Other/Unknown",0.8419,0.1581,"LOW"
69,"2","N0","T2","Other/Unknown",0.8422,0.1578,"LOW"
70,"2","N0","T2","Other/Unknown",0.8428,0.1572,"LOW"
71,"2","N0","T2","Other/Unknown",0.8441,0.1559,"LOW"
72,"2","N0","T2","Other/Unknown",0.8448,0.1552,"LOW"
73,"2","N0","T2","Other/Unknown",0.8448,0.1552,"LOW"
74,"2","N0","T2","Other/Unknown",0.8445,0.1555,"LOW"
75,"2","N0","T2","Other/Unknown",0.8445,0.1555,"LOW"
76,"2","N0","T2","Other/Unknown",0.8441,0.1559,"LOW"
77,"2","N0","T2","Other/Unknown",0.844,0.156,"LOW"
78,"2","N0","T2","Other/Unknown",0.844,0.156,"LOW"
79,"2","N0","T2","Other/Unknown",0.8438,0.1562,"LOW"
80,"2","N0","T2","Other/Unknown",0.8433,0.1567,"LOW"
81,"2","N0","T2","Other/Unknown",0.8435,0.1565,"LOW"
82,"2","N0","T2","Other/Unknown",0.8431,0.1569,"LOW"
83,"2","N0","T2","Other/Unknown",0.8435,0.1565,"LOW"
84,"2","N0","T2","Other/Unknown",0.8424,0.1576,"LOW"
85,"2","N0","T2","Other/Unknown",0.8425,0.1575,"LOW"
86,"2","N0","T2","Other/Unknown",0.8425,0.1575,"LOW"
87,"2","N0","T2","Other/Unknown",0.8417,0.1583,"LOW"
88,"2","N0","T2","Other/Unknown",0.8419,0.1581,"LOW"
89,"2","N0","T2","Other/Unknown",0.8436,0.1564,"LOW"
90,"2","N0","T2","Other/Unknown",0.8429,0.1571,"LOW"
91,"2","N0","T2","Other/Unknown",0.8429,0.1571,"LOW"
92,"2","N0","T2","Other/Unknown",0.8429,0.1571,"LOW"
93,"2","N0","T2","Other/Unknown",0.8429,0.1571,"LOW"
94,"2","N0","T2","Other/Unknown",0.8429,0.1571,"LOW"
95,"2","N0","T2","Other/Unknown",0.8429,0.1571,"LOW"
96,"2","N0","T2","Other/Unknown",0.8429,0.1571,"LOW"
97,"2","N0","T2","Other/Unknown",0.8429,0.1571,"LOW"
98,"2","N0","T2","Other/Unknown",0.8429,0.1571,"LOW"
99,"2","N0","T2","Other/Unknown",0.8429,0.1571,"LOW"
0,"1","N1","T2","Other/Unknown",0.5265,0.4735,"LOW"
1,"1","N1","T2","Other/Unknown",0.5224,0.4776,"LOW"
2,"1","N1","T2","Other/Unknown",0.5215,0.4785,"LOW"
3,"1","N1","T2","Other/Unknown",0.5234,0.4766,"LOW"
4,"1","N1","T2","Other/Unknown",0.5243,0.4757,"LOW"
5,"1","N1","T2","Other/Unknown",0.523,0.477,"LOW"
6,"1","N1","T2","Other/Unknown",0.523,0.477,"LOW"
7,"1","N1","T2","Other/Unknown",0.5228,0.4772,"LOW"
8,"1","N1","T2","Other/Unknown",0.5235,0.4765,"LOW"
9,"1","N1","T2","Other/Unknown",0.5253,0.4747,"LOW"
10,"1","N1","T2","Other/Unknown",0.5269,0.4731,"LOW"
11,"1","N1","T2","Other/Unknown",0.5312,0.4688,"LOW"
12,"1","N1","T2","Other/Unknown",0.5301,0.4699,"LOW"
13,"1","N1","T2","Other/Unknown",0.5333,0.4667,"LOW"
14,"1","N1","T2","Other/Unknown",0.538,0.462,"LOW"
15,"1","N1","T2","Other/Unknown",0.5394,0.4606,"LOW"
16,"1","N1","T2","Other/Unknown",0.5427,0.4573,"LOW"
17,"1","N1","T2","Other/Unknown",0.5449,0.4551,"LOW"
18,"1","N1","T2","Other/Unknown",0.5446,0.4554,"LOW"
19,"1","N1","T2","Other/Unknown",0.5441,0.4559,"LOW"
20,"1","N1","T2","Other/Unknown",0.5494,0.4506,"LOW"
21,"1","N1","T2","Other/Unknown",0.5519,0.4481,"LOW"
22,"1","N1","T2","Other/Unknown",0.5536,0.4464,"LOW"
23,"1","N1","T2","Other/Unknown",0.5556,0.4444,"LOW"
24,"1","N1","T2","Other/Unknown",0.5558,0.4442,"LOW"
25,"1","N1","T2","Other/Unknown",0.5566,0.4434,"LOW"
26,"1","N1","T2","Other/Unknown",0.5593,0.4407,"LOW"
27,"1","N1","T2","Other/Unknown",0.5607,0.4393,"LOW"
28,"1","N1","T2","Other/Unknown",0.5611,0.4389,"LOW"
29,"1","N1","T2","Other/Unknown",0.5633,0.4367,"LOW"
30,"1","N1","T2","Other/Unknown",0.5665,0.4335,"LOW"
31,"1","N1","T2","Other/Unknown",0.5686,0.4314,"LOW"
32,"1","N1","T2","Other/Unknown",0.5698,0.4302,"LOW"
33,"1","N1","T2","Other/Unknown",0.5729,0.4271,"LOW"
34,"1","N1","T2","Other/Unknown",0.5742,0.4258,"LOW"
35,"1","N1","T2","Other/Unknown",0.574,0.426,"LOW"
36,"1","N1","T2","Other/Unknown",0.5743,0.4257,"LOW"
37,"1","N1","T2","Other/Unknown",0.5764,0.4236,"LOW"
38,"1","N1","T2","Other/Unknown",0.5774,0.4226,"LOW"
39,"1","N1","T2","Other/Unknown",0.5783,0.4217,"LOW"
40,"1","N1","T2","Other/Unknown",0.578,0.422,"LOW"
41,"1","N1","T2","Other/Unknown",0.5782,0.4218,"LOW"
42,"1","N1","T2","Other/Unknown",0.5789,0.4211,"LOW"
43,"1","N1","T2","Other/Unknown",0.5804,0.4196,"LOW"
44,"1","N1","T2","Other/Unknown",0.5809,0.4191,"LOW"
45,"1","N1","T2","Other/Unknown",0.5829,0.4171,"LOW"
46,"1","N1","T2","Other/Unknown",0.5857,0.4143,"LOW"
47,"1","N1","T2","Other/Unknown",0.589,0.411,"LOW"
48,"1","N1","T2","Other/Unknown",0.589,0.411,"LOW"
49,"1","N1","T2","Other/Unknown",0.5874,0.4126,"LOW"
50,"1","N1","T2","Other/Unknown",0.5866,0.4134,"LOW"
51,"1","N1","T2","Other/Unknown",0.5887,0.4113,"LOW"
52,"1","N1","T2","Other/Unknown",0.5875,0.4125,"LOW"
53,"1","N1","T2","Other/Unknown",0.5868,0.4132,"LOW"
54,"1","N1","T2","Other/Unknown",0.587,0.413,"LOW"
55,"1","N1","T2","Other/Unknown",0.5875,0.4125,"LOW"
56,"1","N1","T2","Other/Unknown",0.5878,0.4122,"LOW"
57,"1","N1","T2","Other/Unknown",0.5894,0.4106,"LOW"
58,"1","N1","T2","Other/Unknown",0.5897,0.4103,"LOW"
59,"1","N1","T2","Other/Unknown",0.5899,0.4101,"LOW"
60,"1","N1","T2","Other/Unknown",0.5908,0.4092,"LOW"
61,"1","N1","T2","Other/Unknown",0.5904,0.4096,"LOW"
62,"1","N1","T2","Other/Unknown",0.5906,0.4094,"LOW"
63,"1","N1","T2","Other/Unknown",0.5908,0.4092,"LOW"
64,"1","N1","T2","Other/Unknown",0.5906,0.4094,"LOW"
65,"1","N1","T2","Other/Unknown",0.592,0.408,"LOW"
66,"1","N1","T2","Other/Unknown",0.5914,0.4086,"LOW"
67,"1","N1","T2","Other/Unknown",0.59,0.41,"LOW"
68,"1","N1","T2","Other/Unknown",0.5903,0.4097,"LOW"
69,"1","N1","T2","Other/Unknown",0.5905,0.4095,"LOW"
70,"1","N1","T2","Other/Unknown",0.592,0.408,"LOW"
71,"1","N1","T2","Other/Unknown",0.594,0.406,"LOW"
72,"1","N1","T2","Other/Unknown",0.591,0.409,"LOW"
73,"1","N1","T2","Other/Unknown",0.5912,0.4088,"LOW"
74,"1","N1","T2","Other/Unknown",0.592,0.408,"LOW"
75,"1","N1","T2","Other/Unknown",0.5929,0.4071,"LOW"
76,"1","N1","T2","Other/Unknown",0.5933,0.4067,"LOW"
77,"1","N1","T2","Other/Unknown",0.5937,0.4063,"LOW"
78,"1","N1","T2","Other/Unknown",0.5951,0.4049,"LOW"
79,"1","N1","T2","Other/Unknown",0.5961,0.4039,"LOW"
80,"1","N1","T2","Other/Unknown",0.595,0.405,"LOW"
81,"1","N1","T2","Other/Unknown",0.5931,0.4069,"LOW"
82,"1","N1","T2","Other/Unknown",0.594,0.406,"LOW"
83,"1","N1","T2","Other/Unknown",0.5957,0.4043,"LOW"
84,"1","N1","T2","Other/Unknown",0.5954,0.4046,"LOW"
85,"1","N1","T2","Other/Unknown",0.5956,0.4044,"LOW"
86,"1","N1","T2","Other/Unknown",0.5994,0.4006,"LOW"
87,"1","N1","T2","Other/Unknown",0.601,0.399,"LOW"
88,"1","N1","T2","Other/Unknown",0.6019,0.3981,"LOW"
89,"1","N1","T2","Other/Unknown",0.6011,0.3989,"LOW"
90,"1","N1","T2","Other/Unknown",0.6066,0.3934,"LOW"
91,"1","N1","T2","Other/Unknown",0.6066,0.3934,"LOW"
92,"1","N1","T2","Other/Unknown",0.6066,0.3934,"LOW"
93,"1","N1","T2","Other/Unknown",0.6066,0.3934,"LOW"
94,"1","N1","T2","Other/Unknown",0.6066,0.3934,"LOW"
95,"1","N1","T2","Other/Unknown",0.6066,0.3934,"LOW"
96,"1","N1","T2","Other/Unknown",0.6066,0.3934,"LOW"
97,"1","N1","T2","Other/Unknown",0.6066,0.3934,"LOW"
98,"1","N1","T2","Other/Unknown",0.6066,0.3934,"LOW"
99,"1","N1","T2","Other/Unknown",0.6066,0.3934,"LOW"
0,"2","N1","T2","Other/Unknown",0.5088,0.4912,"LOW"
1,"2","N1","T2","Other/Unknown",0.5073,0.4927,"LOW"
2,"2","N1","T2","Other/Unknown",0.5051,0.4949,"LOW"
3,"2","N1","T2","Other/Unknown",0.505,0.495,"LOW"
4,"2","N1","T2","Other/Unknown",0.504,0.496,"LOW"
5,"2","N1","T2","Other/Unknown",0.5027,0.4973,"LOW"
6,"2","N1","T2","Other/Unknown",0.5039,0.4961,"LOW"
7,"2","N1","T2","Other/Unknown",0.507,0.493,"LOW"
8,"2","N1","T2","Other/Unknown",0.5075,0.4925,"LOW"
9,"2","N1","T2","Other/Unknown",0.505,0.495,"LOW"
10,"2","N1","T2","Other/Unknown",0.5066,0.4934,"LOW"
11,"2","N1","T2","Other/Unknown",0.5109,0.4891,"LOW"
12,"2","N1","T2","Other/Unknown",0.5071,0.4929,"LOW"
13,"2","N1","T2","Other/Unknown",0.5101,0.4899,"LOW"
14,"2","N1","T2","Other/Unknown",0.5122,0.4878,"LOW"
15,"2","N1","T2","Other/Unknown",0.5147,0.4853,"LOW"
16,"2","N1","T2","Other/Unknown",0.5172,0.4828,"LOW"
17,"2","N1","T2","Other/Unknown",0.5218,0.4782,"LOW"
18,"2","N1","T2","Other/Unknown",0.5223,0.4777,"LOW"
19,"2","N1","T2","Other/Unknown",0.5251,0.4749,"LOW"
20,"2","N1","T2","Other/Unknown",0.5314,0.4686,"LOW"
21,"2","N1","T2","Other/Unknown",0.5338,0.4662,"LOW"
22,"2","N1","T2","Other/Unknown",0.5369,0.4631,"LOW"
23,"2","N1","T2","Other/Unknown",0.5395,0.4605,"LOW"
24,"2","N1","T2","Other/Unknown",0.5399,0.4601,"LOW"
25,"2","N1","T2","Other/Unknown",0.5417,0.4583,"LOW"
26,"2","N1","T2","Other/Unknown",0.5459,0.4541,"LOW"
27,"2","N1","T2","Other/Unknown",0.5469,0.4531,"LOW"
28,"2","N1","T2","Other/Unknown",0.5473,0.4527,"LOW"
29,"2","N1","T2","Other/Unknown",0.5501,0.4499,"LOW"
30,"2","N1","T2","Other/Unknown",0.5511,0.4489,"LOW"
31,"2","N1","T2","Other/Unknown",0.5533,0.4467,"LOW"
32,"2","N1","T2","Other/Unknown",0.5552,0.4448,"LOW"
33,"2","N1","T2","Other/Unknown",0.5567,0.4433,"LOW"
34,"2","N1","T2","Other/Unknown",0.5594,0.4406,"LOW"
35,"2","N1","T2","Other/Unknown",0.558,0.442,"LOW"
36,"2","N1","T2","Other/Unknown",0.5593,0.4407,"LOW"
37,"2","N1","T2","Other/Unknown",0.5613,0.4387,"LOW"
38,"2","N1","T2","Other/Unknown",0.5612,0.4388,"LOW"
39,"2","N1","T2","Other/Unknown",0.562,0.438,"LOW"
40,"2","N1","T2","Other/Unknown",0.5613,0.4387,"LOW"
41,"2","N1","T2","Other/Unknown",0.5652,0.4348,"LOW"
42,"2","N1","T2","Other/Unknown",0.5671,0.4329,"LOW"
43,"2","N1","T2","Other/Unknown",0.5687,0.4313,"LOW"
44,"2","N1","T2","Other/Unknown",0.5691,0.4309,"LOW"
45,"2","N1","T2","Other/Unknown",0.5685,0.4315,"LOW"
46,"2","N1","T2","Other/Unknown",0.5702,0.4298,"LOW"
47,"2","N1","T2","Other/Unknown",0.5719,0.4281,"LOW"
48,"2","N1","T2","Other/Unknown",0.571,0.429,"LOW"
49,"2","N1","T2","Other/Unknown",0.57,0.43,"LOW"
50,"2","N1","T2","Other/Unknown",0.571,0.429,"LOW"
51,"2","N1","T2","Other/Unknown",0.5722,0.4278,"LOW"
52,"2","N1","T2","Other/Unknown",0.574,0.426,"LOW"
53,"2","N1","T2","Other/Unknown",0.5738,0.4262,"LOW"
54,"2","N1","T2","Other/Unknown",0.574,0.426,"LOW"
55,"2","N1","T2","Other/Unknown",0.5744,0.4256,"LOW"
56,"2","N1","T2","Other/Unknown",0.5744,0.4256,"LOW"
57,"2","N1","T2","Other/Unknown",0.575,0.425,"LOW"
58,"2","N1","T2","Other/Unknown",0.5752,0.4248,"LOW"
59,"2","N1","T2","Other/Unknown",0.5747,0.4253,"LOW"
60,"2","N1","T2","Other/Unknown",0.5764,0.4236,"LOW"
61,"2","N1","T2","Other/Unknown",0.5779,0.4221,"LOW"
62,"2","N1","T2","Other/Unknown",0.5791,0.4209,"LOW"
63,"2","N1","T2","Other/Unknown",0.5801,0.4199,"LOW"
64,"2","N1","T2","Other/Unknown",0.5805,0.4195,"LOW"
65,"2","N1","T2","Other/Unknown",0.5822,0.4178,"LOW"
66,"2","N1","T2","Other/Unknown",0.5832,0.4168,"LOW"
67,"2","N1","T2","Other/Unknown",0.5823,0.4177,"LOW"
68,"2","N1","T2","Other/Unknown",0.5825,0.4175,"LOW"
69,"2","N1","T2","Other/Unknown",0.5842,0.4158,"LOW"
70,"2","N1","T2","Other/Unknown",0.5868,0.4132,"LOW"
71,"2","N1","T2","Other/Unknown",0.5876,0.4124,"LOW"
72,"2","N1","T2","Other/Unknown",0.5878,0.4122,"LOW"
73,"2","N1","T2","Other/Unknown",0.5891,0.4109,"LOW"
74,"2","N1","T2","Other/Unknown",0.5891,0.4109,"LOW"
75,"2","N1","T2","Other/Unknown",0.5898,0.4102,"LOW"
76,"2","N1","T2","Other/Unknown",0.5931,0.4069,"LOW"
77,"2","N1","T2","Other/Unknown",0.5961,0.4039,"LOW"
78,"2","N1","T2","Other/Unknown",0.5972,0.4028,"LOW"
79,"2","N1","T2","Other/Unknown",0.5983,0.4017,"LOW"
80,"2","N1","T2","Other/Unknown",0.598,0.402,"LOW"
81,"2","N1","T2","Other/Unknown",0.5982,0.4018,"LOW"
82,"2","N1","T2","Other/Unknown",0.601,0.399,"LOW"
83,"2","N1","T2","Other/Unknown",0.6021,0.3979,"LOW"
84,"2","N1","T2","Other/Unknown",0.6015,0.3985,"LOW"
85,"2","N1","T2","Other/Unknown",0.6027,0.3973,"LOW"
86,"2","N1","T2","Other/Unknown",0.6076,0.3924,"LOW"
87,"2","N1","T2","Other/Unknown",0.6068,0.3932,"LOW"
88,"2","N1","T2","Other/Unknown",0.6097,0.3903,"LOW"
89,"2","N1","T2","Other/Unknown",0.6083,0.3917,"LOW"
90,"2","N1","T2","Other/Unknown",0.6219,0.3781,"LOW"
91,"2","N1","T2","Other/Unknown",0.6219,0.3781,"LOW"
92,"2","N1","T2","Other/Unknown",0.6219,0.3781,"LOW"
93,"2","N1","T2","Other/Unknown",0.6219,0.3781,"LOW"
94,"2","N1","T2","Other/Unknown",0.6219,0.3781,"LOW"
95,"2","N1","T2","Other/Unknown",0.6219,0.3781,"LOW"
96,"2","N1","T2","Other/Unknown",0.6219,0.3781,"LOW"
97,"2","N1","T2","Other/Unknown",0.6219,0.3781,"LOW"
98,"2","N1","T2","Other/Unknown",0.6219,0.3781,"LOW"
99,"2","N1","T2","Other/Unknown",0.6219,0.3781,"LOW"
0,"1","Other/Unknown","T2","Other/Unknown",0.5988,0.4012,"LOW"
1,"1","Other/Unknown","T2","Other/Unknown",0.591,0.409,"LOW"
2,"1","Other/Unknown","T2","Other/Unknown",0.5866,0.4134,"LOW"
3,"1","Other/Unknown","T2","Other/Unknown",0.5897,0.4103,"LOW"
4,"1","Other/Unknown","T2","Other/Unknown",0.5894,0.4106,"LOW"
5,"1","Other/Unknown","T2","Other/Unknown",0.5914,0.4086,"LOW"
6,"1","Other/Unknown","T2","Other/Unknown",0.5928,0.4072,"LOW"
7,"1","Other/Unknown","T2","Other/Unknown",0.5956,0.4044,"LOW"
8,"1","Other/Unknown","T2","Other/Unknown",0.597,0.403,"LOW"
9,"1","Other/Unknown","T2","Other/Unknown",0.5976,0.4024,"LOW"
10,"1","Other/Unknown","T2","Other/Unknown",0.5992,0.4008,"LOW"
11,"1","Other/Unknown","T2","Other/Unknown",0.6019,0.3981,"LOW"
12,"1","Other/Unknown","T2","Other/Unknown",0.6073,0.3927,"LOW"
13,"1","Other/Unknown","T2","Other/Unknown",0.6103,0.3897,"LOW"
14,"1","Other/Unknown","T2","Other/Unknown",0.6117,0.3883,"LOW"
15,"1","Other/Unknown","T2","Other/Unknown",0.6139,0.3861,"LOW"
16,"1","Other/Unknown","T2","Other/Unknown",0.6145,0.3855,"LOW"
17,"1","Other/Unknown","T2","Other/Unknown",0.6142,0.3858,"LOW"
18,"1","Other/Unknown","T2","Other/Unknown",0.6197,0.3803,"LOW"
19,"1","Other/Unknown","T2","Other/Unknown",0.6222,0.3778,"LOW"
20,"1","Other/Unknown","T2","Other/Unknown",0.6224,0.3776,"LOW"
21,"1","Other/Unknown","T2","Other/Unknown",0.6238,0.3762,"LOW"
22,"1","Other/Unknown","T2","Other/Unknown",0.625,0.375,"LOW"
23,"1","Other/Unknown","T2","Other/Unknown",0.6273,0.3727,"LOW"
24,"1","Other/Unknown","T2","Other/Unknown",0.6303,0.3697,"LOW"
25,"1","Other/Unknown","T2","Other/Unknown",0.6332,0.3668,"LOW"
26,"1","Other/Unknown","T2","Other/Unknown",0.6346,0.3654,"LOW"
27,"1","Other/Unknown","T2","Other/Unknown",0.6406,0.3594,"LOW"
28,"1","Other/Unknown","T2","Other/Unknown",0.6405,0.3595,"LOW"
29,"1","Other/Unknown","T2","Other/Unknown",0.6456,0.3544,"LOW"
30,"1","Other/Unknown","T2","Other/Unknown",0.6475,0.3525,"LOW"
31,"1","Other/Unknown","T2","Other/Unknown",0.6492,0.3508,"LOW"
32,"1","Other/Unknown","T2","Other/Unknown",0.652,0.348,"LOW"
33,"1","Other/Unknown","T2","Other/Unknown",0.6586,0.3414,"LOW"
34,"1","Other/Unknown","T2","Other/Unknown",0.6621,0.3379,"LOW"
35,"1","Other/Unknown","T2","Other/Unknown",0.6627,0.3373,"LOW"
36,"1","Other/Unknown","T2","Other/Unknown",0.6606,0.3394,"LOW"
37,"1","Other/Unknown","T2","Other/Unknown",0.6616,0.3384,"LOW"
38,"1","Other/Unknown","T2","Other/Unknown",0.6635,0.3365,"LOW"
39,"1","Other/Unknown","T2","Other/Unknown",0.6683,0.3317,"LOW"
40,"1","Other/Unknown","T2","Other/Unknown",0.6717,0.3283,"LOW"
41,"1","Other/Unknown","T2","Other/Unknown",0.6747,0.3253,"LOW"
42,"1","Other/Unknown","T2","Other/Unknown",0.6751,0.3249,"LOW"
43,"1","Other/Unknown","T2","Other/Unknown",0.6758,0.3242,"LOW"
44,"1","Other/Unknown","T2","Other/Unknown",0.6795,0.3205,"LOW"
45,"1","Other/Unknown","T2","Other/Unknown",0.6809,0.3191,"LOW"
46,"1","Other/Unknown","T2","Other/Unknown",0.6811,0.3189,"LOW"
47,"1","Other/Unknown","T2","Other/Unknown",0.6809,0.3191,"LOW"
48,"1","Other/Unknown","T2","Other/Unknown",0.6809,0.3191,"LOW"
49,"1","Other/Unknown","T2","Other/Unknown",0.6821,0.3179,"LOW"
50,"1","Other/Unknown","T2","Other/Unknown",0.6821,0.3179,"LOW"
51,"1","Other/Unknown","T2","Other/Unknown",0.6831,0.3169,"LOW"
52,"1","Other/Unknown","T2","Other/Unknown",0.6858,0.3142,"LOW"
53,"1","Other/Unknown","T2","Other/Unknown",0.6863,0.3137,"LOW"
54,"1","Other/Unknown","T2","Other/Unknown",0.6866,0.3134,"LOW"
55,"1","Other/Unknown","T2","Other/Unknown",0.6868,0.3132,"LOW"
56,"1","Other/Unknown","T2","Other/Unknown",0.6873,0.3127,"LOW"
57,"1","Other/Unknown","T2","Other/Unknown",0.6892,0.3108,"LOW"
58,"1","Other/Unknown","T2","Other/Unknown",0.6892,0.3108,"LOW"
59,"1","Other/Unknown","T2","Other/Unknown",0.6896,0.3104,"LOW"
60,"1","Other/Unknown","T2","Other/Unknown",0.6883,0.3117,"LOW"
61,"1","Other/Unknown","T2","Other/Unknown",0.688,0.312,"LOW"
62,"1","Other/Unknown","T2","Other/Unknown",0.6851,0.3149,"LOW"
63,"1","Other/Unknown","T2","Other/Unknown",0.6844,0.3156,"LOW"
64,"1","Other/Unknown","T2","Other/Unknown",0.6841,0.3159,"LOW"
65,"1","Other/Unknown","T2","Other/Unknown",0.6851,0.3149,"LOW"
66,"1","Other/Unknown","T2","Other/Unknown",0.6838,0.3162,"LOW"
67,"1","Other/Unknown","T2","Other/Unknown",0.6827,0.3173,"LOW"
68,"1","Other/Unknown","T2","Other/Unknown",0.6827,0.3173,"LOW"
69,"1","Other/Unknown","T2","Other/Unknown",0.6827,0.3173,"LOW"
70,"1","Other/Unknown","T2","Other/Unknown",0.6838,0.3162,"LOW"
71,"1","Other/Unknown","T2","Other/Unknown",0.6841,0.3159,"LOW"
72,"1","Other/Unknown","T2","Other/Unknown",0.6863,0.3137,"LOW"
73,"1","Other/Unknown","T2","Other/Unknown",0.6865,0.3135,"LOW"
74,"1","Other/Unknown","T2","Other/Unknown",0.6872,0.3128,"LOW"
75,"1","Other/Unknown","T2","Other/Unknown",0.6873,0.3127,"LOW"
76,"1","Other/Unknown","T2","Other/Unknown",0.6874,0.3126,"LOW"
77,"1","Other/Unknown","T2","Other/Unknown",0.6852,0.3148,"LOW"
78,"1","Other/Unknown","T2","Other/Unknown",0.6855,0.3145,"LOW"
79,"1","Other/Unknown","T2","Other/Unknown",0.686,0.314,"LOW"
80,"1","Other/Unknown","T2","Other/Unknown",0.6862,0.3138,"LOW"
81,"1","Other/Unknown","T2","Other/Unknown",0.6862,0.3138,"LOW"
82,"1","Other/Unknown","T2","Other/Unknown",0.6893,0.3107,"LOW"
83,"1","Other/Unknown","T2","Other/Unknown",0.6893,0.3107,"LOW"
84,"1","Other/Unknown","T2","Other/Unknown",0.6897,0.3103,"LOW"
85,"1","Other/Unknown","T2","Other/Unknown",0.6899,0.3101,"LOW"
86,"1","Other/Unknown","T2","Other/Unknown",0.6907,0.3093,"LOW"
87,"1","Other/Unknown","T2","Other/Unknown",0.6925,0.3075,"LOW"
88,"1","Other/Unknown","T2","Other/Unknown",0.694,0.306,"LOW"
89,"1","Other/Unknown","T2","Other/Unknown",0.6974,0.3026,"LOW"
90,"1","Other/Unknown","T2","Other/Unknown",0.6978,0.3022,"LOW"
91,"1","Other/Unknown","T2","Other/Unknown",0.6978,0.3022,"LOW"
92,"1","Other/Unknown","T2","Other/Unknown",0.6978,0.3022,"LOW"
93,"1","Other/Unknown","T2","Other/Unknown",0.6978,0.3022,"LOW"
94,"1","Other/Unknown","T2","Other/Unknown",0.6978,0.3022,"LOW"
95,"1","Other/Unknown","T2","Other/Unknown",0.6978,0.3022,"LOW"
96,"1","Other/Unknown","T2","Other/Unknown",0.6978,0.3022,"LOW"
97,"1","Other/Unknown","T2","Other/Unknown",0.6978,0.3022,"LOW"
98,"1","Other/Unknown","T2","Other/Unknown",0.6978,0.3022,"LOW"
99,"1","Other/Unknown","T2","Other/Unknown",0.6978,0.3022,"LOW"
0,"2","Other/Unknown","T2","Other/Unknown",0.6355,0.3645,"LOW"
1,"2","Other/Unknown","T2","Other/Unknown",0.6311,0.3689,"LOW"
2,"2","Other/Unknown","T2","Other/Unknown",0.6258,0.3742,"LOW"
3,"2","Other/Unknown","T2","Other/Unknown",0.6209,0.3791,"LOW"
4,"2","Other/Unknown","T2","Other/Unknown",0.6217,0.3783,"LOW"
5,"2","Other/Unknown","T2","Other/Unknown",0.6216,0.3784,"LOW"
6,"2","Other/Unknown","T2","Other/Unknown",0.6267,0.3733,"LOW"
7,"2","Other/Unknown","T2","Other/Unknown",0.6305,0.3695,"LOW"
8,"2","Other/Unknown","T2","Other/Unknown",0.6313,0.3687,"LOW"
9,"2","Other/Unknown","T2","Other/Unknown",0.6311,0.3689,"LOW"
10,"2","Other/Unknown","T2","Other/Unknown",0.6327,0.3673,"LOW"
11,"2","Other/Unknown","T2","Other/Unknown",0.6351,0.3649,"LOW"
12,"2","Other/Unknown","T2","Other/Unknown",0.6409,0.3591,"LOW"
13,"2","Other/Unknown","T2","Other/Unknown",0.6394,0.3606,"LOW"
14,"2","Other/Unknown","T2","Other/Unknown",0.6413,0.3587,"LOW"
15,"2","Other/Unknown","T2","Other/Unknown",0.6428,0.3572,"LOW"
16,"2","Other/Unknown","T2","Other/Unknown",0.6442,0.3558,"LOW"
17,"2","Other/Unknown","T2","Other/Unknown",0.6467,0.3533,"LOW"
18,"2","Other/Unknown","T2","Other/Unknown",0.6526,0.3474,"LOW"
19,"2","Other/Unknown","T2","Other/Unknown",0.6572,0.3428,"LOW"
20,"2","Other/Unknown","T2","Other/Unknown",0.6575,0.3425,"LOW"
21,"2","Other/Unknown","T2","Other/Unknown",0.6583,0.3417,"LOW"
22,"2","Other/Unknown","T2","Other/Unknown",0.6601,0.3399,"LOW"
23,"2","Other/Unknown","T2","Other/Unknown",0.6618,0.3382,"LOW"
24,"2","Other/Unknown","T2","Other/Unknown",0.6614,0.3386,"LOW"
25,"2","Other/Unknown","T2","Other/Unknown",0.6663,0.3337,"LOW"
26,"2","Other/Unknown","T2","Other/Unknown",0.6681,0.3319,"LOW"
27,"2","Other/Unknown","T2","Other/Unknown",0.6733,0.3267,"LOW"
28,"2","Other/Unknown","T2","Other/Unknown",0.674,0.326,"LOW"
29,"2","Other/Unknown","T2","Other/Unknown",0.6786,0.3214,"LOW"
30,"2","Other/Unknown","T2","Other/Unknown",0.6792,0.3208,"LOW"
31,"2","Other/Unknown","T2","Other/Unknown",0.6824,0.3176,"LOW"
32,"2","Other/Unknown","T2","Other/Unknown",0.6828,0.3172,"LOW"
33,"2","Other/Unknown","T2","Other/Unknown",0.6868,0.3132,"LOW"
34,"2","Other/Unknown","T2","Other/Unknown",0.689,0.311,"LOW"
35,"2","Other/Unknown","T2","Other/Unknown",0.693,0.307,"LOW"
36,"2","Other/Unknown","T2","Other/Unknown",0.6919,0.3081,"LOW"
37,"2","Other/Unknown","T2","Other/Unknown",0.6934,0.3066,"LOW"
38,"2","Other/Unknown","T2","Other/Unknown",0.6943,0.3057,"LOW"
39,"2","Other/Unknown","T2","Other/Unknown",0.6984,0.3016,"LOW"
40,"2","Other/Unknown","T2","Other/Unknown",0.702,0.298,"LOW"
41,"2","Other/Unknown","T2","Other/Unknown",0.7036,0.2964,"LOW"
42,"2","Other/Unknown","T2","Other/Unknown",0.7054,0.2946,"LOW"
43,"2","Other/Unknown","T2","Other/Unknown",0.7056,0.2944,"LOW"
44,"2","Other/Unknown","T2","Other/Unknown",0.71,0.29,"LOW"
45,"2","Other/Unknown","T2","Other/Unknown",0.7107,0.2893,"LOW"
46,"2","Other/Unknown","T2","Other/Unknown",0.7108,0.2892,"LOW"
47,"2","Other/Unknown","T2","Other/Unknown",0.7102,0.2898,"LOW"
48,"2","Other/Unknown","T2","Other/Unknown",0.7091,0.2909,"LOW"
49,"2","Other/Unknown","T2","Other/Unknown",0.7103,0.2897,"LOW"
50,"2","Other/Unknown","T2","Other/Unknown",0.7103,0.2897,"LOW"
51,"2","Other/Unknown","T2","Other/Unknown",0.7096,0.2904,"LOW"
52,"2","Other/Unknown","T2","Other/Unknown",0.7106,0.2894,"LOW"
53,"2","Other/Unknown","T2","Other/Unknown",0.711,0.289,"LOW"
54,"2","Other/Unknown","T2","Other/Unknown",0.7115,0.2885,"LOW"
55,"2","Other/Unknown","T2","Other/Unknown",0.7118,0.2882,"LOW"
56,"2","Other/Unknown","T2","Other/Unknown",0.7109,0.2891,"LOW"
57,"2","Other/Unknown","T2","Other/Unknown",0.7119,0.2881,"LOW"
58,"2","Other/Unknown","T2","Other/Unknown",0.7116,0.2884,"LOW"
59,"2","Other/Unknown","T2","Other/Unknown",0.7133,0.2867,"LOW"
60,"2","Other/Unknown","T2","Other/Unknown",0.7143,0.2857,"LOW"
61,"2","Other/Unknown","T2","Other/Unknown",0.7146,0.2854,"LOW"
62,"2","Other/Unknown","T2","Other/Unknown",0.7134,0.2866,"LOW"
63,"2","Other/Unknown","T2","Other/Unknown",0.7137,0.2863,"LOW"
64,"2","Other/Unknown","T2","Other/Unknown",0.7161,0.2839,"LOW"
65,"2","Other/Unknown","T2","Other/Unknown",0.7156,0.2844,"LOW"
66,"2","Other/Unknown","T2","Other/Unknown",0.7142,0.2858,"LOW"
67,"2","Other/Unknown","T2","Other/Unknown",0.7143,0.2857,"LOW"
68,"2","Other/Unknown","T2","Other/Unknown",0.7143,0.2857,"LOW"
69,"2","Other/Unknown","T2","Other/Unknown",0.7148,0.2852,"LOW"
70,"2","Other/Unknown","T2","Other/Unknown",0.7158,0.2842,"LOW"
71,"2","Other/Unknown","T2","Other/Unknown",0.7166,0.2834,"LOW"
72,"2","Other/Unknown","T2","Other/Unknown",0.7182,0.2818,"LOW"
73,"2","Other/Unknown","T2","Other/Unknown",0.7186,0.2814,"LOW"
74,"2","Other/Unknown","T2","Other/Unknown",0.7189,0.2811,"LOW"
75,"2","Other/Unknown","T2","Other/Unknown",0.7185,0.2815,"LOW"
76,"2","Other/Unknown","T2","Other/Unknown",0.7167,0.2833,"LOW"
77,"2","Other/Unknown","T2","Other/Unknown",0.7182,0.2818,"LOW"
78,"2","Other/Unknown","T2","Other/Unknown",0.7192,0.2808,"LOW"
79,"2","Other/Unknown","T2","Other/Unknown",0.7217,0.2783,"LOW"
80,"2","Other/Unknown","T2","Other/Unknown",0.723,0.277,"LOW"
81,"2","Other/Unknown","T2","Other/Unknown",0.724,0.276,"LOW"
82,"2","Other/Unknown","T2","Other/Unknown",0.7248,0.2752,"LOW"
83,"2","Other/Unknown","T2","Other/Unknown",0.7253,0.2747,"LOW"
84,"2","Other/Unknown","T2","Other/Unknown",0.7271,0.2729,"LOW"
85,"2","Other/Unknown","T2","Other/Unknown",0.7275,0.2725,"LOW"
86,"2","Other/Unknown","T2","Other/Unknown",0.7274,0.2726,"LOW"
87,"2","Other/Unknown","T2","Other/Unknown",0.7287,0.2713,"LOW"
88,"2","Other/Unknown","T2","Other/Unknown",0.7287,0.2713,"LOW"
89,"2","Other/Unknown","T2","Other/Unknown",0.73,0.27,"LOW"
90,"2","Other/Unknown","T2","Other/Unknown",0.7294,0.2706,"LOW"
91,"2","Other/Unknown","T2","Other/Unknown",0.7294,0.2706,"LOW"
92,"2","Other/Unknown","T2","Other/Unknown",0.7294,0.2706,"LOW"
93,"2","Other/Unknown","T2","Other/Unknown",0.7294,0.2706,"LOW"
94,"2","Other/Unknown","T2","Other/Unknown",0.7294,0.2706,"LOW"
95,"2","Other/Unknown","T2","Other/Unknown",0.7294,0.2706,"LOW"
96,"2","Other/Unknown","T2","Other/Unknown",0.7294,0.2706,"LOW"
97,"2","Other/Unknown","T2","Other/Unknown",0.7294,0.2706,"LOW"
98,"2","Other/Unknown","T2","Other/Unknown",0.7294,0.2706,"LOW"
99,"2","Other/Unknown","T2","Other/Unknown",0.7294,0.2706,"LOW"
0,"1","N0","T3","Other/Unknown",0.7822,0.2178,"LOW"
1,"1","N0","T3","Other/Unknown",0.7759,0.2241,"LOW"
2,"1","N0","T3","Other/Unknown",0.7753,0.2247,"LOW"
3,"1","N0","T3","Other/Unknown",0.7713,0.2287,"LOW"
4,"1","N0","T3","Other/Unknown",0.7733,0.2267,"LOW"
5,"1","N0","T3","Other/Unknown",0.7771,0.2229,"LOW"
6,"1","N0","T3","Other/Unknown",0.7817,0.2183,"LOW"
7,"1","N0","T3","Other/Unknown",0.7844,0.2156,"LOW"
8,"1","N0","T3","Other/Unknown",0.7847,0.2153,"LOW"
9,"1","N0","T3","Other/Unknown",0.7863,0.2137,"LOW"
10,"1","N0","T3","Other/Unknown",0.7928,0.2072,"LOW"
11,"1","N0","T3","Other/Unknown",0.7959,0.2041,"LOW"
12,"1","N0","T3","Other/Unknown",0.7969,0.2031,"LOW"
13,"1","N0","T3","Other/Unknown",0.8031,0.1969,"LOW"
14,"1","N0","T3","Other/Unknown",0.8065,0.1935,"LOW"
15,"1","N0","T3","Other/Unknown",0.8111,0.1889,"LOW"
16,"1","N0","T3","Other/Unknown",0.8169,0.1831,"LOW"
17,"1","N0","T3","Other/Unknown",0.8185,0.1815,"LOW"
18,"1","N0","T3","Other/Unknown",0.8203,0.1797,"LOW"
19,"1","N0","T3","Other/Unknown",0.8217,0.1783,"LOW"
20,"1","N0","T3","Other/Unknown",0.8199,0.1801,"LOW"
21,"1","N0","T3","Other/Unknown",0.8206,0.1794,"LOW"
22,"1","N0","T3","Other/Unknown",0.8228,0.1772,"LOW"
23,"1","N0","T3","Other/Unknown",0.8232,0.1768,"LOW"
24,"1","N0","T3","Other/Unknown",0.8292,0.1708,"LOW"
25,"1","N0","T3","Other/Unknown",0.831,0.169,"LOW"
26,"1","N0","T3","Other/Unknown",0.8357,0.1643,"LOW"
27,"1","N0","T3","Other/Unknown",0.8391,0.1609,"LOW"
28,"1","N0","T3","Other/Unknown",0.841,0.159,"LOW"
29,"1","N0","T3","Other/Unknown",0.8442,0.1558,"LOW"
30,"1","N0","T3","Other/Unknown",0.8457,0.1543,"LOW"
31,"1","N0","T3","Other/Unknown",0.8465,0.1535,"LOW"
32,"1","N0","T3","Other/Unknown",0.8488,0.1512,"LOW"
33,"1","N0","T3","Other/Unknown",0.8515,0.1485,"LOW"
34,"1","N0","T3","Other/Unknown",0.8567,0.1433,"LOW"
35,"1","N0","T3","Other/Unknown",0.8587,0.1413,"LOW"
36,"1","N0","T3","Other/Unknown",0.86,0.14,"LOW"
37,"1","N0","T3","Other/Unknown",0.8605,0.1395,"LOW"
38,"1","N0","T3","Other/Unknown",0.8638,0.1362,"LOW"
39,"1","N0","T3","Other/Unknown",0.8667,0.1333,"LOW"
40,"1","N0","T3","Other/Unknown",0.8678,0.1322,"LOW"
41,"1","N0","T3","Other/Unknown",0.8701,0.1299,"LOW"
42,"1","N0","T3","Other/Unknown",0.871,0.129,"LOW"
43,"1","N0","T3","Other/Unknown",0.8722,0.1278,"LOW"
44,"1","N0","T3","Other/Unknown",0.8739,0.1261,"LOW"
45,"1","N0","T3","Other/Unknown",0.875,0.125,"LOW"
46,"1","N0","T3","Other/Unknown",0.8747,0.1253,"LOW"
47,"1","N0","T3","Other/Unknown",0.8747,0.1253,"LOW"
48,"1","N0","T3","Other/Unknown",0.8755,0.1245,"LOW"
49,"1","N0","T3","Other/Unknown",0.8738,0.1262,"LOW"
50,"1","N0","T3","Other/Unknown",0.8744,0.1256,"LOW"
51,"1","N0","T3","Other/Unknown",0.8758,0.1242,"LOW"
52,"1","N0","T3","Other/Unknown",0.8763,0.1237,"LOW"
53,"1","N0","T3","Other/Unknown",0.8758,0.1242,"LOW"
54,"1","N0","T3","Other/Unknown",0.8739,0.1261,"LOW"
55,"1","N0","T3","Other/Unknown",0.8726,0.1274,"LOW"
56,"1","N0","T3","Other/Unknown",0.8684,0.1316,"LOW"
57,"1","N0","T3","Other/Unknown",0.8672,0.1328,"LOW"
58,"1","N0","T3","Other/Unknown",0.8657,0.1343,"LOW"
59,"1","N0","T3","Other/Unknown",0.8624,0.1376,"LOW"
60,"1","N0","T3","Other/Unknown",0.8603,0.1397,"LOW"
61,"1","N0","T3","Other/Unknown",0.8607,0.1393,"LOW"
62,"1","N0","T3","Other/Unknown",0.8673,0.1327,"LOW"
63,"1","N0","T3","Other/Unknown",0.8706,0.1294,"LOW"
64,"1","N0","T3","Other/Unknown",0.8716,0.1284,"LOW"
65,"1","N0","T3","Other/Unknown",0.8786,0.1214,"LOW"
66,"1","N0","T3","Other/Unknown",0.8844,0.1156,"LOW"
67,"1","N0","T3","Other/Unknown",0.8862,0.1138,"LOW"
68,"1","N0","T3","Other/Unknown",0.8869,0.1131,"LOW"
69,"1","N0","T3","Other/Unknown",0.8871,0.1129,"LOW"
70,"1","N0","T3","Other/Unknown",0.8887,0.1113,"LOW"
71,"1","N0","T3","Other/Unknown",0.8888,0.1112,"LOW"
72,"1","N0","T3","Other/Unknown",0.8885,0.1115,"LOW"
73,"1","N0","T3","Other/Unknown",0.8893,0.1107,"LOW"
74,"1","N0","T3","Other/Unknown",0.8896,0.1104,"LOW"
75,"1","N0","T3","Other/Unknown",0.8898,0.1102,"LOW"
76,"1","N0","T3","Other/Unknown",0.8902,0.1098,"LOW"
77,"1","N0","T3","Other/Unknown",0.8903,0.1097,"LOW"
78,"1","N0","T3","Other/Unknown",0.8892,0.1108,"LOW"
79,"1","N0","T3","Other/Unknown",0.8883,0.1117,"LOW"
80,"1","N0","T3","Other/Unknown",0.8879,0.1121,"LOW"
81,"1","N0","T3","Other/Unknown",0.8877,0.1123,"LOW"
82,"1","N0","T3","Other/Unknown",0.8886,0.1114,"LOW"
83,"1","N0","T3","Other/Unknown",0.8891,0.1109,"LOW"
84,"1","N0","T3","Other/Unknown",0.8864,0.1136,"LOW"
85,"1","N0","T3","Other/Unknown",0.8862,0.1138,"LOW"
86,"1","N0","T3","Other/Unknown",0.8832,0.1168,"LOW"
87,"1","N0","T3","Other/Unknown",0.8876,0.1124,"LOW"
88,"1","N0","T3","Other/Unknown",0.8887,0.1113,"LOW"
89,"1","N0","T3","Other/Unknown",0.8892,0.1108,"LOW"
90,"1","N0","T3","Other/Unknown",0.8896,0.1104,"LOW"
91,"1","N0","T3","Other/Unknown",0.8896,0.1104,"LOW"
92,"1","N0","T3","Other/Unknown",0.8896,0.1104,"LOW"
93,"1","N0","T3","Other/Unknown",0.8896,0.1104,"LOW"
94,"1","N0","T3","Other/Unknown",0.8896,0.1104,"LOW"
95,"1","N0","T3","Other/Unknown",0.8896,0.1104,"LOW"
96,"1","N0","T3","Other/Unknown",0.8896,0.1104,"LOW"
97,"1","N0","T3","Other/Unknown",0.8896,0.1104,"LOW"
98,"1","N0","T3","Other/Unknown",0.8896,0.1104,"LOW"
99,"1","N0","T3","Other/Unknown",0.8896,0.1104,"LOW"
0,"2","N0","T3","Other/Unknown",0.7825,0.2175,"LOW"
1,"2","N0","T3","Other/Unknown",0.782,0.218,"LOW"
2,"2","N0","T3","Other/Unknown",0.7787,0.2213,"LOW"
3,"2","N0","T3","Other/Unknown",0.7726,0.2274,"LOW"
4,"2","N0","T3","Other/Unknown",0.776,0.224,"LOW"
5,"2","N0","T3","Other/Unknown",0.7766,0.2234,"LOW"
6,"2","N0","T3","Other/Unknown",0.7772,0.2228,"LOW"
7,"2","N0","T3","Other/Unknown",0.7823,0.2177,"LOW"
8,"2","N0","T3","Other/Unknown",0.7816,0.2184,"LOW"
9,"2","N0","T3","Other/Unknown",0.7818,0.2182,"LOW"
10,"2","N0","T3","Other/Unknown",0.7887,0.2113,"LOW"
11,"2","N0","T3","Other/Unknown",0.7924,0.2076,"LOW"
12,"2","N0","T3","Other/Unknown",0.7936,0.2064,"LOW"
13,"2","N0","T3","Other/Unknown",0.7967,0.2033,"LOW"
14,"2","N0","T3","Other/Unknown",0.798,0.202,"LOW"
15,"2","N0","T3","Other/Unknown",0.801,0.199,"LOW"
16,"2","N0","T3","Other/Unknown",0.8063,0.1937,"LOW"
17,"2","N0","T3","Other/Unknown",0.8065,0.1935,"LOW"
18,"2","N0","T3","Other/Unknown",0.8073,0.1927,"LOW"
19,"2","N0","T3","Other/Unknown",0.8106,0.1894,"LOW"
20,"2","N0","T3","Other/Unknown",0.8101,0.1899,"LOW"
21,"2","N0","T3","Other/Unknown",0.8116,0.1884,"LOW"
22,"2","N0","T3","Other/Unknown",0.8145,0.1855,"LOW"
23,"2","N0","T3","Other/Unknown",0.8134,0.1866,"LOW"
24,"2","N0","T3","Other/Unknown",0.8134,0.1866,"LOW"
25,"2","N0","T3","Other/Unknown",0.8167,0.1833,"LOW"
26,"2","N0","T3","Other/Unknown",0.8202,0.1798,"LOW"
27,"2","N0","T3","Other/Unknown",0.8246,0.1754,"LOW"
28,"2","N0","T3","Other/Unknown",0.825,0.175,"LOW"
29,"2","N0","T3","Other/Unknown",0.8264,0.1736,"LOW"
30,"2","N0","T3","Other/Unknown",0.8291,0.1709,"LOW"
31,"2","N0","T3","Other/Unknown",0.8315,0.1685,"LOW"
32,"2","N0","T3","Other/Unknown",0.8331,0.1669,"LOW"
33,"2","N0","T3","Other/Unknown",0.834,0.166,"LOW"
34,"2","N0","T3","Other/Unknown",0.8382,0.1618,"LOW"
35,"2","N0","T3","Other/Unknown",0.8398,0.1602,"LOW"
36,"2","N0","T3","Other/Unknown",0.841,0.159,"LOW"
37,"2","N0","T3","Other/Unknown",0.8424,0.1576,"LOW"
38,"2","N0","T3","Other/Unknown",0.8443,0.1557,"LOW"
39,"2","N0","T3","Other/Unknown",0.8462,0.1538,"LOW"
40,"2","N0","T3","Other/Unknown",0.8467,0.1533,"LOW"
41,"2","N0","T3","Other/Unknown",0.8476,0.1524,"LOW"
42,"2","N0","T3","Other/Unknown",0.8475,0.1525,"LOW"
43,"2","N0","T3","Other/Unknown",0.8475,0.1525,"LOW"
44,"2","N0","T3","Other/Unknown",0.848,0.152,"LOW"
45,"2","N0","T3","Other/Unknown",0.8498,0.1502,"LOW"
46,"2","N0","T3","Other/Unknown",0.8503,0.1497,"LOW"
47,"2","N0","T3","Other/Unknown",0.8513,0.1487,"LOW"
48,"2","N0","T3","Other/Unknown",0.8516,0.1484,"LOW"
49,"2","N0","T3","Other/Unknown",0.8502,0.1498,"LOW"
50,"2","N0","T3","Other/Unknown",0.8505,0.1495,"LOW"
51,"2","N0","T3","Other/Unknown",0.8515,0.1485,"LOW"
52,"2","N0","T3","Other/Unknown",0.8519,0.1481,"LOW"
53,"2","N0","T3","Other/Unknown",0.8487,0.1513,"LOW"
54,"2","N0","T3","Other/Unknown",0.8451,0.1549,"LOW"
55,"2","N0","T3","Other/Unknown",0.843,0.157,"LOW"
56,"2","N0","T3","Other/Unknown",0.8379,0.1621,"LOW"
57,"2","N0","T3","Other/Unknown",0.8374,0.1626,"LOW"
58,"2","N0","T3","Other/Unknown",0.8348,0.1652,"LOW"
59,"2","N0","T3","Other/Unknown",0.8293,0.1707,"LOW"
60,"2","N0","T3","Other/Unknown",0.826,0.174,"LOW"
61,"2","N0","T3","Other/Unknown",0.8299,0.1701,"LOW"
62,"2","N0","T3","Other/Unknown",0.8389,0.1611,"LOW"
63,"2","N0","T3","Other/Unknown",0.8445,0.1555,"LOW"
64,"2","N0","T3","Other/Unknown",0.8461,0.1539,"LOW"
65,"2","N0","T3","Other/Unknown",0.8522,0.1478,"LOW"
66,"2","N0","T3","Other/Unknown",0.8578,0.1422,"LOW"
67,"2","N0","T3","Other/Unknown",0.8599,0.1401,"LOW"
68,"2","N0","T3","Other/Unknown",0.8606,0.1394,"LOW"
69,"2","N0","T3","Other/Unknown",0.8608,0.1392,"LOW"
70,"2","N0","T3","Other/Unknown",0.8624,0.1376,"LOW"
71,"2","N0","T3","Other/Unknown",0.8627,0.1373,"LOW"
72,"2","N0","T3","Other/Unknown",0.8639,0.1361,"LOW"
73,"2","N0","T3","Other/Unknown",0.8634,0.1366,"LOW"
74,"2","N0","T3","Other/Unknown",0.863,0.137,"LOW"
75,"2","N0","T3","Other/Unknown",0.8637,0.1363,"LOW"
76,"2","N0","T3","Other/Unknown",0.8641,0.1359,"LOW"
77,"2","N0","T3","Other/Unknown",0.8648,0.1352,"LOW"
78,"2","N0","T3","Other/Unknown",0.8646,0.1354,"LOW"
79,"2","N0","T3","Other/Unknown",0.8652,0.1348,"LOW"
80,"2","N0","T3","Other/Unknown",0.865,0.135,"LOW"
81,"2","N0","T3","Other/Unknown",0.8649,0.1351,"LOW"
82,"2","N0","T3","Other/Unknown",0.8658,0.1342,"LOW"
83,"2","N0","T3","Other/Unknown",0.8666,0.1334,"LOW"
84,"2","N0","T3","Other/Unknown",0.8626,0.1374,"LOW"
85,"2","N0","T3","Other/Unknown",0.8626,0.1374,"LOW"
86,"2","N0","T3","Other/Unknown",0.8593,0.1407,"LOW"
87,"2","N0","T3","Other/Unknown",0.8606,0.1394,"LOW"
88,"2","N0","T3","Other/Unknown",0.8608,0.1392,"LOW"
89,"2","N0","T3","Other/Unknown",0.8637,0.1363,"LOW"
90,"2","N0","T3","Other/Unknown",0.8632,0.1368,"LOW"
91,"2","N0","T3","Other/Unknown",0.8632,0.1368,"LOW"
92,"2","N0","T3","Other/Unknown",0.8632,0.1368,"LOW"
93,"2","N0","T3","Other/Unknown",0.8632,0.1368,"LOW"
94,"2","N0","T3","Other/Unknown",0.8632,0.1368,"LOW"
95,"2","N0","T3","Other/Unknown",0.8632,0.1368,"LOW"
96,"2","N0","T3","Other/Unknown",0.8632,0.1368,"LOW"
97,"2","N0","T3","Other/Unknown",0.8632,0.1368,"LOW"
98,"2","N0","T3","Other/Unknown",0.8632,0.1368,"LOW"
99,"2","N0","T3","Other/Unknown",0.8632,0.1368,"LOW"
0,"1","N1","T3","Other/Unknown",0.5429,0.4571,"LOW"
1,"1","N1","T3","Other/Unknown",0.5355,0.4645,"LOW"
2,"1","N1","T3","Other/Unknown",0.5347,0.4653,"LOW"
3,"1","N1","T3","Other/Unknown",0.5326,0.4674,"LOW"
4,"1","N1","T3","Other/Unknown",0.5332,0.4668,"LOW"
5,"1","N1","T3","Other/Unknown",0.5335,0.4665,"LOW"
6,"1","N1","T3","Other/Unknown",0.5357,0.4643,"LOW"
7,"1","N1","T3","Other/Unknown",0.5365,0.4635,"LOW"
8,"1","N1","T3","Other/Unknown",0.5404,0.4596,"LOW"
9,"1","N1","T3","Other/Unknown",0.5414,0.4586,"LOW"
10,"1","N1","T3","Other/Unknown",0.5436,0.4564,"LOW"
11,"1","N1","T3","Other/Unknown",0.5447,0.4553,"LOW"
12,"1","N1","T3","Other/Unknown",0.547,0.453,"LOW"
13,"1","N1","T3","Other/Unknown",0.5533,0.4467,"LOW"
14,"1","N1","T3","Other/Unknown",0.5574,0.4426,"LOW"
15,"1","N1","T3","Other/Unknown",0.5569,0.4431,"LOW"
16,"1","N1","T3","Other/Unknown",0.5615,0.4385,"LOW"
17,"1","N1","T3","Other/Unknown",0.5624,0.4376,"LOW"
18,"1","N1","T3","Other/Unknown",0.5648,0.4352,"LOW"
19,"1","N1","T3","Other/Unknown",0.5657,0.4343,"LOW"
20,"1","N1","T3","Other/Unknown",0.57,0.43,"LOW"
21,"1","N1","T3","Other/Unknown",0.5718,0.4282,"LOW"
22,"1","N1","T3","Other/Unknown",0.5711,0.4289,"LOW"
23,"1","N1","T3","Other/Unknown",0.573,0.427,"LOW"
24,"1","N1","T3","Other/Unknown",0.573,0.427,"LOW"
25,"1","N1","T3","Other/Unknown",0.5728,0.4272,"LOW"
26,"1","N1","T3","Other/Unknown",0.5734,0.4266,"LOW"
27,"1","N1","T3","Other/Unknown",0.5729,0.4271,"LOW"
28,"1","N1","T3","Other/Unknown",0.5747,0.4253,"LOW"
29,"1","N1","T3","Other/Unknown",0.5768,0.4232,"LOW"
30,"1","N1","T3","Other/Unknown",0.5778,0.4222,"LOW"
31,"1","N1","T3","Other/Unknown",0.5798,0.4202,"LOW"
32,"1","N1","T3","Other/Unknown",0.5763,0.4237,"LOW"
33,"1","N1","T3","Other/Unknown",0.5781,0.4219,"LOW"
34,"1","N1","T3","Other/Unknown",0.5786,0.4214,"LOW"
35,"1","N1","T3","Other/Unknown",0.58,0.42,"LOW"
36,"1","N1","T3","Other/Unknown",0.5816,0.4184,"LOW"
37,"1","N1","T3","Other/Unknown",0.5808,0.4192,"LOW"
38,"1","N1","T3","Other/Unknown",0.582,0.418,"LOW"
39,"1","N1","T3","Other/Unknown",0.5824,0.4176,"LOW"
40,"1","N1","T3","Other/Unknown",0.5825,0.4175,"LOW"
41,"1","N1","T3","Other/Unknown",0.5824,0.4176,"LOW"
42,"1","N1","T3","Other/Unknown",0.584,0.416,"LOW"
43,"1","N1","T3","Other/Unknown",0.5876,0.4124,"LOW"
44,"1","N1","T3","Other/Unknown",0.5836,0.4164,"LOW"
45,"1","N1","T3","Other/Unknown",0.5835,0.4165,"LOW"
46,"1","N1","T3","Other/Unknown",0.5862,0.4138,"LOW"
47,"1","N1","T3","Other/Unknown",0.5876,0.4124,"LOW"
48,"1","N1","T3","Other/Unknown",0.5883,0.4117,"LOW"
49,"1","N1","T3","Other/Unknown",0.5891,0.4109,"LOW"
50,"1","N1","T3","Other/Unknown",0.5907,0.4093,"LOW"
51,"1","N1","T3","Other/Unknown",0.5883,0.4117,"LOW"
52,"1","N1","T3","Other/Unknown",0.588,0.412,"LOW"
53,"1","N1","T3","Other/Unknown",0.5878,0.4122,"LOW"
54,"1","N1","T3","Other/Unknown",0.5861,0.4139,"LOW"
55,"1","N1","T3","Other/Unknown",0.5855,0.4145,"LOW"
56,"1","N1","T3","Other/Unknown",0.5834,0.4166,"LOW"
57,"1","N1","T3","Other/Unknown",0.5834,0.4166,"LOW"
58,"1","N1","T3","Other/Unknown",0.5811,0.4189,"LOW"
59,"1","N1","T3","Other/Unknown",0.5805,0.4195,"LOW"
60,"1","N1","T3","Other/Unknown",0.5807,0.4193,"LOW"
61,"1","N1","T3","Other/Unknown",0.5797,0.4203,"LOW"
62,"1","N1","T3","Other/Unknown",0.5842,0.4158,"LOW"
63,"1","N1","T3","Other/Unknown",0.5868,0.4132,"LOW"
64,"1","N1","T3","Other/Unknown",0.5872,0.4128,"LOW"
65,"1","N1","T3","Other/Unknown",0.5904,0.4096,"LOW"
66,"1","N1","T3","Other/Unknown",0.5887,0.4113,"LOW"
67,"1","N1","T3","Other/Unknown",0.5899,0.4101,"LOW"
68,"1","N1","T3","Other/Unknown",0.59,0.41,"LOW"
69,"1","N1","T3","Other/Unknown",0.5914,0.4086,"LOW"
70,"1","N1","T3","Other/Unknown",0.5957,0.4043,"LOW"
71,"1","N1","T3","Other/Unknown",0.5968,0.4032,"LOW"
72,"1","N1","T3","Other/Unknown",0.596,0.404,"LOW"
73,"1","N1","T3","Other/Unknown",0.5943,0.4057,"LOW"
74,"1","N1","T3","Other/Unknown",0.5947,0.4053,"LOW"
75,"1","N1","T3","Other/Unknown",0.593,0.407,"LOW"
76,"1","N1","T3","Other/Unknown",0.5931,0.4069,"LOW"
77,"1","N1","T3","Other/Unknown",0.5918,0.4082,"LOW"
78,"1","N1","T3","Other/Unknown",0.5924,0.4076,"LOW"
79,"1","N1","T3","Other/Unknown",0.5931,0.4069,"LOW"
80,"1","N1","T3","Other/Unknown",0.5928,0.4072,"LOW"
81,"1","N1","T3","Other/Unknown",0.5912,0.4088,"LOW"
82,"1","N1","T3","Other/Unknown",0.5931,0.4069,"LOW"
83,"1","N1","T3","Other/Unknown",0.5943,0.4057,"LOW"
84,"1","N1","T3","Other/Unknown",0.5936,0.4064,"LOW"
85,"1","N1","T3","Other/Unknown",0.593,0.407,"LOW"
86,"1","N1","T3","Other/Unknown",0.5967,0.4033,"LOW"
87,"1","N1","T3","Other/Unknown",0.5978,0.4022,"LOW"
88,"1","N1","T3","Other/Unknown",0.5992,0.4008,"LOW"
89,"1","N1","T3","Other/Unknown",0.6,0.4,"LOW"
90,"1","N1","T3","Other/Unknown",0.6052,0.3948,"LOW"
91,"1","N1","T3","Other/Unknown",0.6052,0.3948,"LOW"
92,"1","N1","T3","Other/Unknown",0.6052,0.3948,"LOW"
93,"1","N1","T3","Other/Unknown",0.6052,0.3948,"LOW"
94,"1","N1","T3","Other/Unknown",0.6052,0.3948,"LOW"
95,"1","N1","T3","Other/Unknown",0.6052,0.3948,"LOW"
96,"1","N1","T3","Other/Unknown",0.6052,0.3948,"LOW"
97,"1","N1","T3","Other/Unknown",0.6052,0.3948,"LOW"
98,"1","N1","T3","Other/Unknown",0.6052,0.3948,"LOW"
99,"1","N1","T3","Other/Unknown",0.6052,0.3948,"LOW"
0,"2","N1","T3","Other/Unknown",0.5584,0.4416,"LOW"
1,"2","N1","T3","Other/Unknown",0.5564,0.4436,"LOW"
2,"2","N1","T3","Other/Unknown",0.5551,0.4449,"LOW"
3,"2","N1","T3","Other/Unknown",0.5524,0.4476,"LOW"
4,"2","N1","T3","Other/Unknown",0.5533,0.4467,"LOW"
5,"2","N1","T3","Other/Unknown",0.5505,0.4495,"LOW"
6,"2","N1","T3","Other/Unknown",0.5524,0.4476,"LOW"
7,"2","N1","T3","Other/Unknown",0.5555,0.4445,"LOW"
8,"2","N1","T3","Other/Unknown",0.5538,0.4462,"LOW"
9,"2","N1","T3","Other/Unknown",0.5524,0.4476,"LOW"
10,"2","N1","T3","Other/Unknown",0.5553,0.4447,"LOW"
11,"2","N1","T3","Other/Unknown",0.5549,0.4451,"LOW"
12,"2","N1","T3","Other/Unknown",0.5548,0.4452,"LOW"
13,"2","N1","T3","Other/Unknown",0.559,0.441,"LOW"
14,"2","N1","T3","Other/Unknown",0.5608,0.4392,"LOW"
15,"2","N1","T3","Other/Unknown",0.5625,0.4375,"LOW"
16,"2","N1","T3","Other/Unknown",0.5658,0.4342,"LOW"
17,"2","N1","T3","Other/Unknown",0.5677,0.4323,"LOW"
18,"2","N1","T3","Other/Unknown",0.5697,0.4303,"LOW"
19,"2","N1","T3","Other/Unknown",0.5737,0.4263,"LOW"
20,"2","N1","T3","Other/Unknown",0.5775,0.4225,"LOW"
21,"2","N1","T3","Other/Unknown",0.5796,0.4204,"LOW"
22,"2","N1","T3","Other/Unknown",0.5796,0.4204,"LOW"
23,"2","N1","T3","Other/Unknown",0.5819,0.4181,"LOW"
24,"2","N1","T3","Other/Unknown",0.5821,0.4179,"LOW"
25,"2","N1","T3","Other/Unknown",0.5839,0.4161,"LOW"
26,"2","N1","T3","Other/Unknown",0.5852,0.4148,"LOW"
27,"2","N1","T3","Other/Unknown",0.5872,0.4128,"LOW"
28,"2","N1","T3","Other/Unknown",0.5882,0.4118,"LOW"
29,"2","N1","T3","Other/Unknown",0.5914,0.4086,"LOW"
30,"2","N1","T3","Other/Unknown",0.5945,0.4055,"LOW"
31,"2","N1","T3","Other/Unknown",0.5979,0.4021,"LOW"
32,"2","N1","T3","Other/Unknown",0.5952,0.4048,"LOW"
33,"2","N1","T3","Other/Unknown",0.5973,0.4027,"LOW"
34,"2","N1","T3","Other/Unknown",0.6015,0.3985,"LOW"
35,"2","N1","T3","Other/Unknown",0.6,0.4,"LOW"
36,"2","N1","T3","Other/Unknown",0.6018,0.3982,"LOW"
37,"2","N1","T3","Other/Unknown",0.6033,0.3967,"LOW"
38,"2","N1","T3","Other/Unknown",0.6025,0.3975,"LOW"
39,"2","N1","T3","Other/Unknown",0.6035,0.3965,"LOW"
40,"2","N1","T3","Other/Unknown",0.6038,0.3962,"LOW"
41,"2","N1","T3","Other/Unknown",0.606,0.394,"LOW"
42,"2","N1","T3","Other/Unknown",0.6067,0.3933,"LOW"
43,"2","N1","T3","Other/Unknown",0.6084,0.3916,"LOW"
44,"2","N1","T3","Other/Unknown",0.6035,0.3965,"LOW"
45,"2","N1","T3","Other/Unknown",0.6027,0.3973,"LOW"
46,"2","N1","T3","Other/Unknown",0.6008,0.3992,"LOW"
47,"2","N1","T3","Other/Unknown",0.6035,0.3965,"LOW"
48,"2","N1","T3","Other/Unknown",0.6022,0.3978,"LOW"
49,"2","N1","T3","Other/Unknown",0.6033,0.3967,"LOW"
50,"2","N1","T3","Other/Unknown",0.6048,0.3952,"LOW"
51,"2","N1","T3","Other/Unknown",0.6039,0.3961,"LOW"
52,"2","N1","T3","Other/Unknown",0.6041,0.3959,"LOW"
53,"2","N1","T3","Other/Unknown",0.6008,0.3992,"LOW"
54,"2","N1","T3","Other/Unknown",0.5977,0.4023,"LOW"
55,"2","N1","T3","Other/Unknown",0.5964,0.4036,"LOW"
56,"2","N1","T3","Other/Unknown",0.5963,0.4037,"LOW"
57,"2","N1","T3","Other/Unknown",0.5965,0.4035,"LOW"
58,"2","N1","T3","Other/Unknown",0.5937,0.4063,"LOW"
59,"2","N1","T3","Other/Unknown",0.5903,0.4097,"LOW"
60,"2","N1","T3","Other/Unknown",0.5909,0.4091,"LOW"
61,"2","N1","T3","Other/Unknown",0.5932,0.4068,"LOW"
62,"2","N1","T3","Other/Unknown",0.5984,0.4016,"LOW"
63,"2","N1","T3","Other/Unknown",0.5979,0.4021,"LOW"
64,"2","N1","T3","Other/Unknown",0.5955,0.4045,"LOW"
65,"2","N1","T3","Other/Unknown",0.5986,0.4014,"LOW"
66,"2","N1","T3","Other/Unknown",0.6013,0.3987,"LOW"
67,"2","N1","T3","Other/Unknown",0.6015,0.3985,"LOW"
68,"2","N1","T3","Other/Unknown",0.6015,0.3985,"LOW"
69,"2","N1","T3","Other/Unknown",0.6028,0.3972,"LOW"
70,"2","N1","T3","Other/Unknown",0.6088,0.3912,"LOW"
71,"2","N1","T3","Other/Unknown",0.6092,0.3908,"LOW"
72,"2","N1","T3","Other/Unknown",0.6121,0.3879,"LOW"
73,"2","N1","T3","Other/Unknown",0.6125,0.3875,"LOW"
74,"2","N1","T3","Other/Unknown",0.6127,0.3873,"LOW"
75,"2","N1","T3","Other/Unknown",0.6151,0.3849,"LOW"
76,"2","N1","T3","Other/Unknown",0.616,0.384,"LOW"
77,"2","N1","T3","Other/Unknown",0.6157,0.3843,"LOW"
78,"2","N1","T3","Other/Unknown",0.6153,0.3847,"LOW"
79,"2","N1","T3","Other/Unknown",0.6164,0.3836,"LOW"
80,"2","N1","T3","Other/Unknown",0.6161,0.3839,"LOW"
81,"2","N1","T3","Other/Unknown",0.6162,0.3838,"LOW"
82,"2","N1","T3","Other/Unknown",0.6192,0.3808,"LOW"
83,"2","N1","T3","Other/Unknown",0.6213,0.3787,"LOW"
84,"2","N1","T3","Other/Unknown",0.6196,0.3804,"LOW"
85,"2","N1","T3","Other/Unknown",0.6208,0.3792,"LOW"
86,"2","N1","T3","Other/Unknown",0.6256,0.3744,"LOW"
87,"2","N1","T3","Other/Unknown",0.6252,0.3748,"LOW"
88,"2","N1","T3","Other/Unknown",0.6284,0.3716,"LOW"
89,"2","N1","T3","Other/Unknown",0.63,0.37,"LOW"
90,"2","N1","T3","Other/Unknown",0.6398,0.3602,"LOW"
91,"2","N1","T3","Other/Unknown",0.6398,0.3602,"LOW"
92,"2","N1","T3","Other/Unknown",0.6398,0.3602,"LOW"
93,"2","N1","T3","Other/Unknown",0.6398,0.3602,"LOW"
94,"2","N1","T3","Other/Unknown",0.6398,0.3602,"LOW"
95,"2","N1","T3","Other/Unknown",0.6398,0.3602,"LOW"
96,"2","N1","T3","Other/Unknown",0.6398,0.3602,"LOW"
97,"2","N1","T3","Other/Unknown",0.6398,0.3602,"LOW"
98,"2","N1","T3","Other/Unknown",0.6398,0.3602,"LOW"
99,"2","N1","T3","Other/Unknown",0.6398,0.3602,"LOW"
0,"1","Other/Unknown","T3","Other/Unknown",0.652,0.348,"LOW"
1,"1","Other/Unknown","T3","Other/Unknown",0.6475,0.3525,"LOW"
2,"1","Other/Unknown","T3","Other/Unknown",0.643,0.357,"LOW"
3,"1","Other/Unknown","T3","Other/Unknown",0.645,0.355,"LOW"
4,"1","Other/Unknown","T3","Other/Unknown",0.6502,0.3498,"LOW"
5,"1","Other/Unknown","T3","Other/Unknown",0.6512,0.3488,"LOW"
6,"1","Other/Unknown","T3","Other/Unknown",0.6564,0.3436,"LOW"
7,"1","Other/Unknown","T3","Other/Unknown",0.6597,0.3403,"LOW"
8,"1","Other/Unknown","T3","Other/Unknown",0.663,0.337,"LOW"
9,"1","Other/Unknown","T3","Other/Unknown",0.6637,0.3363,"LOW"
10,"1","Other/Unknown","T3","Other/Unknown",0.6642,0.3358,"LOW"
11,"1","Other/Unknown","T3","Other/Unknown",0.6677,0.3323,"LOW"
12,"1","Other/Unknown","T3","Other/Unknown",0.6702,0.3298,"LOW"
13,"1","Other/Unknown","T3","Other/Unknown",0.6767,0.3233,"LOW"
14,"1","Other/Unknown","T3","Other/Unknown",0.6768,0.3232,"LOW"
15,"1","Other/Unknown","T3","Other/Unknown",0.6801,0.3199,"LOW"
16,"1","Other/Unknown","T3","Other/Unknown",0.6809,0.3191,"LOW"
17,"1","Other/Unknown","T3","Other/Unknown",0.6843,0.3157,"LOW"
18,"1","Other/Unknown","T3","Other/Unknown",0.6902,0.3098,"LOW"
19,"1","Other/Unknown","T3","Other/Unknown",0.6937,0.3063,"LOW"
20,"1","Other/Unknown","T3","Other/Unknown",0.6939,0.3061,"LOW"
21,"1","Other/Unknown","T3","Other/Unknown",0.6948,0.3052,"LOW"
22,"1","Other/Unknown","T3","Other/Unknown",0.6981,0.3019,"LOW"
23,"1","Other/Unknown","T3","Other/Unknown",0.6988,0.3012,"LOW"
24,"1","Other/Unknown","T3","Other/Unknown",0.7006,0.2994,"LOW"
25,"1","Other/Unknown","T3","Other/Unknown",0.7062,0.2938,"LOW"
26,"1","Other/Unknown","T3","Other/Unknown",0.7063,0.2937,"LOW"
27,"1","Other/Unknown","T3","Other/Unknown",0.7095,0.2905,"LOW"
28,"1","Other/Unknown","T3","Other/Unknown",0.7115,0.2885,"LOW"
29,"1","Other/Unknown","T3","Other/Unknown",0.7166,0.2834,"LOW"
30,"1","Other/Unknown","T3","Other/Unknown",0.7192,0.2808,"LOW"
31,"1","Other/Unknown","T3","Other/Unknown",0.7206,0.2794,"LOW"
32,"1","Other/Unknown","T3","Other/Unknown",0.7255,0.2745,"LOW"
33,"1","Other/Unknown","T3","Other/Unknown",0.7309,0.2691,"LOW"
34,"1","Other/Unknown","T3","Other/Unknown",0.7342,0.2658,"LOW"
35,"1","Other/Unknown","T3","Other/Unknown",0.7359,0.2641,"LOW"
36,"1","Other/Unknown","T3","Other/Unknown",0.7376,0.2624,"LOW"
37,"1","Other/Unknown","T3","Other/Unknown",0.7416,0.2584,"LOW"
38,"1","Other/Unknown","T3","Other/Unknown",0.7432,0.2568,"LOW"
39,"1","Other/Unknown","T3","Other/Unknown",0.7468,0.2532,"LOW"
40,"1","Other/Unknown","T3","Other/Unknown",0.7466,0.2534,"LOW"
41,"1","Other/Unknown","T3","Other/Unknown",0.75,0.25,"LOW"
42,"1","Other/Unknown","T3","Other/Unknown",0.7504,0.2496,"LOW"
43,"1","Other/Unknown","T3","Other/Unknown",0.7501,0.2499,"LOW"
44,"1","Other/Unknown","T3","Other/Unknown",0.7516,0.2484,"LOW"
45,"1","Other/Unknown","T3","Other/Unknown",0.751,0.249,"LOW"
46,"1","Other/Unknown","T3","Other/Unknown",0.7509,0.2491,"LOW"
47,"1","Other/Unknown","T3","Other/Unknown",0.7512,0.2488,"LOW"
48,"1","Other/Unknown","T3","Other/Unknown",0.7523,0.2477,"LOW"
49,"1","Other/Unknown","T3","Other/Unknown",0.7506,0.2494,"LOW"
50,"1","Other/Unknown","T3","Other/Unknown",0.7506,0.2494,"LOW"
51,"1","Other/Unknown","T3","Other/Unknown",0.7535,0.2465,"LOW"
52,"1","Other/Unknown","T3","Other/Unknown",0.7536,0.2464,"LOW"
53,"1","Other/Unknown","T3","Other/Unknown",0.7531,0.2469,"LOW"
54,"1","Other/Unknown","T3","Other/Unknown",0.7515,0.2485,"LOW"
55,"1","Other/Unknown","T3","Other/Unknown",0.7508,0.2492,"LOW"
56,"1","Other/Unknown","T3","Other/Unknown",0.7475,0.2525,"LOW"
57,"1","Other/Unknown","T3","Other/Unknown",0.7443,0.2557,"LOW"
58,"1","Other/Unknown","T3","Other/Unknown",0.743,0.257,"LOW"
59,"1","Other/Unknown","T3","Other/Unknown",0.7393,0.2607,"LOW"
60,"1","Other/Unknown","T3","Other/Unknown",0.7399,0.2601,"LOW"
61,"1","Other/Unknown","T3","Other/Unknown",0.7388,0.2612,"LOW"
62,"1","Other/Unknown","T3","Other/Unknown",0.7421,0.2579,"LOW"
63,"1","Other/Unknown","T3","Other/Unknown",0.742,0.258,"LOW"
64,"1","Other/Unknown","T3","Other/Unknown",0.7424,0.2576,"LOW"
65,"1","Other/Unknown","T3","Other/Unknown",0.7476,0.2524,"LOW"
66,"1","Other/Unknown","T3","Other/Unknown",0.7507,0.2493,"LOW"
67,"1","Other/Unknown","T3","Other/Unknown",0.7522,0.2478,"LOW"
68,"1","Other/Unknown","T3","Other/Unknown",0.7533,0.2467,"LOW"
69,"1","Other/Unknown","T3","Other/Unknown",0.7534,0.2466,"LOW"
70,"1","Other/Unknown","T3","Other/Unknown",0.7541,0.2459,"LOW"
71,"1","Other/Unknown","T3","Other/Unknown",0.7557,0.2443,"LOW"
72,"1","Other/Unknown","T3","Other/Unknown",0.7561,0.2439,"LOW"
73,"1","Other/Unknown","T3","Other/Unknown",0.7563,0.2437,"LOW"
74,"1","Other/Unknown","T3","Other/Unknown",0.7572,0.2428,"LOW"
75,"1","Other/Unknown","T3","Other/Unknown",0.7571,0.2429,"LOW"
76,"1","Other/Unknown","T3","Other/Unknown",0.7563,0.2437,"LOW"
77,"1","Other/Unknown","T3","Other/Unknown",0.7575,0.2425,"LOW"
78,"1","Other/Unknown","T3","Other/Unknown",0.7587,0.2413,"LOW"
79,"1","Other/Unknown","T3","Other/Unknown",0.7591,0.2409,"LOW"
80,"1","Other/Unknown","T3","Other/Unknown",0.7593,0.2407,"LOW"
81,"1","Other/Unknown","T3","Other/Unknown",0.7602,0.2398,"LOW"
82,"1","Other/Unknown","T3","Other/Unknown",0.7638,0.2362,"LOW"
83,"1","Other/Unknown","T3","Other/Unknown",0.7645,0.2355,"LOW"
84,"1","Other/Unknown","T3","Other/Unknown",0.7645,0.2355,"LOW"
85,"1","Other/Unknown","T3","Other/Unknown",0.7648,0.2352,"LOW"
86,"1","Other/Unknown","T3","Other/Unknown",0.7644,0.2356,"LOW"
87,"1","Other/Unknown","T3","Other/Unknown",0.7676,0.2324,"LOW"
88,"1","Other/Unknown","T3","Other/Unknown",0.7698,0.2302,"LOW"
89,"1","Other/Unknown","T3","Other/Unknown",0.7707,0.2293,"LOW"
90,"1","Other/Unknown","T3","Other/Unknown",0.7712,0.2288,"LOW"
91,"1","Other/Unknown","T3","Other/Unknown",0.7712,0.2288,"LOW"
92,"1","Other/Unknown","T3","Other/Unknown",0.7712,0.2288,"LOW"
93,"1","Other/Unknown","T3","Other/Unknown",0.7712,0.2288,"LOW"
94,"1","Other/Unknown","T3","Other/Unknown",0.7712,0.2288,"LOW"
95,"1","Other/Unknown","T3","Other/Unknown",0.7712,0.2288,"LOW"
96,"1","Other/Unknown","T3","Other/Unknown",0.7712,0.2288,"LOW"
97,"1","Other/Unknown","T3","Other/Unknown",0.7712,0.2288,"LOW"
98,"1","Other/Unknown","T3","Other/Unknown",0.7712,0.2288,"LOW"
99,"1","Other/Unknown","T3","Other/Unknown",0.7712,0.2288,"LOW"
0,"2","Other/Unknown","T3","Other/Unknown",0.676,0.324,"LOW"
1,"2","Other/Unknown","T3","Other/Unknown",0.6766,0.3234,"LOW"
2,"2","Other/Unknown","T3","Other/Unknown",0.6739,0.3261,"LOW"
3,"2","Other/Unknown","T3","Other/Unknown",0.6691,0.3309,"LOW"
4,"2","Other/Unknown","T3","Other/Unknown",0.6754,0.3246,"LOW"
5,"2","Other/Unknown","T3","Other/Unknown",0.6758,0.3242,"LOW"
6,"2","Other/Unknown","T3","Other/Unknown",0.6824,0.3176,"LOW"
7,"2","Other/Unknown","T3","Other/Unknown",0.6872,0.3128,"LOW"
8,"2","Other/Unknown","T3","Other/Unknown",0.6874,0.3126,"LOW"
9,"2","Other/Unknown","T3","Other/Unknown",0.6876,0.3124,"LOW"
10,"2","Other/Unknown","T3","Other/Unknown",0.6886,0.3114,"LOW"
11,"2","Other/Unknown","T3","Other/Unknown",0.6903,0.3097,"LOW"
12,"2","Other/Unknown","T3","Other/Unknown",0.6951,0.3049,"LOW"
13,"2","Other/Unknown","T3","Other/Unknown",0.6929,0.3071,"LOW"
14,"2","Other/Unknown","T3","Other/Unknown",0.6935,0.3065,"LOW"
15,"2","Other/Unknown","T3","Other/Unknown",0.6959,0.3041,"LOW"
16,"2","Other/Unknown","T3","Other/Unknown",0.6974,0.3026,"LOW"
17,"2","Other/Unknown","T3","Other/Unknown",0.6989,0.3011,"LOW"
18,"2","Other/Unknown","T3","Other/Unknown",0.7044,0.2956,"LOW"
19,"2","Other/Unknown","T3","Other/Unknown",0.7093,0.2907,"LOW"
20,"2","Other/Unknown","T3","Other/Unknown",0.7089,0.2911,"LOW"
21,"2","Other/Unknown","T3","Other/Unknown",0.7094,0.2906,"LOW"
22,"2","Other/Unknown","T3","Other/Unknown",0.7128,0.2872,"LOW"
23,"2","Other/Unknown","T3","Other/Unknown",0.7153,0.2847,"LOW"
24,"2","Other/Unknown","T3","Other/Unknown",0.7158,0.2842,"LOW"
25,"2","Other/Unknown","T3","Other/Unknown",0.7229,0.2771,"LOW"
26,"2","Other/Unknown","T3","Other/Unknown",0.7229,0.2771,"LOW"
27,"2","Other/Unknown","T3","Other/Unknown",0.7277,0.2723,"LOW"
28,"2","Other/Unknown","T3","Other/Unknown",0.7285,0.2715,"LOW"
29,"2","Other/Unknown","T3","Other/Unknown",0.7325,0.2675,"LOW"
30,"2","Other/Unknown","T3","Other/Unknown",0.735,0.265,"LOW"
31,"2","Other/Unknown","T3","Other/Unknown",0.7373,0.2627,"LOW"
32,"2","Other/Unknown","T3","Other/Unknown",0.7383,0.2617,"LOW"
33,"2","Other/Unknown","T3","Other/Unknown",0.74,0.26,"LOW"
34,"2","Other/Unknown","T3","Other/Unknown",0.7416,0.2584,"LOW"
35,"2","Other/Unknown","T3","Other/Unknown",0.7439,0.2561,"LOW"
36,"2","Other/Unknown","T3","Other/Unknown",0.7443,0.2557,"LOW"
37,"2","Other/Unknown","T3","Other/Unknown",0.7476,0.2524,"LOW"
38,"2","Other/Unknown","T3","Other/Unknown",0.7482,0.2518,"LOW"
39,"2","Other/Unknown","T3","Other/Unknown",0.7497,0.2503,"LOW"
40,"2","Other/Unknown","T3","Other/Unknown",0.7516,0.2484,"LOW"
41,"2","Other/Unknown","T3","Other/Unknown",0.7526,0.2474,"LOW"
42,"2","Other/Unknown","T3","Other/Unknown",0.7522,0.2478,"LOW"
43,"2","Other/Unknown","T3","Other/Unknown",0.7521,0.2479,"LOW"
44,"2","Other/Unknown","T3","Other/Unknown",0.7539,0.2461,"LOW"
45,"2","Other/Unknown","T3","Other/Unknown",0.7538,0.2462,"LOW"
46,"2","Other/Unknown","T3","Other/Unknown",0.7541,0.2459,"LOW"
47,"2","Other/Unknown","T3","Other/Unknown",0.7553,0.2447,"LOW"
48,"2","Other/Unknown","T3","Other/Unknown",0.7564,0.2436,"LOW"
49,"2","Other/Unknown","T3","Other/Unknown",0.755,0.245,"LOW"
50,"2","Other/Unknown","T3","Other/Unknown",0.755,0.245,"LOW"
51,"2","Other/Unknown","T3","Other/Unknown",0.7546,0.2454,"LOW"
52,"2","Other/Unknown","T3","Other/Unknown",0.7536,0.2464,"LOW"
53,"2","Other/Unknown","T3","Other/Unknown",0.7506,0.2494,"LOW"
54,"2","Other/Unknown","T3","Other/Unknown",0.749,0.251,"LOW"
55,"2","Other/Unknown","T3","Other/Unknown",0.7488,0.2512,"LOW"
56,"2","Other/Unknown","T3","Other/Unknown",0.7459,0.2541,"LOW"
57,"2","Other/Unknown","T3","Other/Unknown",0.744,0.256,"LOW"
58,"2","Other/Unknown","T3","Other/Unknown",0.7411,0.2589,"LOW"
59,"2","Other/Unknown","T3","Other/Unknown",0.7367,0.2633,"LOW"
60,"2","Other/Unknown","T3","Other/Unknown",0.737,0.263,"LOW"
61,"2","Other/Unknown","T3","Other/Unknown",0.7416,0.2584,"LOW"
62,"2","Other/Unknown","T3","Other/Unknown",0.7461,0.2539,"LOW"
63,"2","Other/Unknown","T3","Other/Unknown",0.7472,0.2528,"LOW"
64,"2","Other/Unknown","T3","Other/Unknown",0.7485,0.2515,"LOW"
65,"2","Other/Unknown","T3","Other/Unknown",0.7522,0.2478,"LOW"
66,"2","Other/Unknown","T3","Other/Unknown",0.7543,0.2457,"LOW"
67,"2","Other/Unknown","T3","Other/Unknown",0.7561,0.2439,"LOW"
68,"2","Other/Unknown","T3","Other/Unknown",0.7573,0.2427,"LOW"
69,"2","Other/Unknown","T3","Other/Unknown",0.758,0.242,"LOW"
70,"2","Other/Unknown","T3","Other/Unknown",0.7587,0.2413,"LOW"
71,"2","Other/Unknown","T3","Other/Unknown",0.7609,0.2391,"LOW"
72,"2","Other/Unknown","T3","Other/Unknown",0.7613,0.2387,"LOW"
73,"2","Other/Unknown","T3","Other/Unknown",0.7616,0.2384,"LOW"
74,"2","Other/Unknown","T3","Other/Unknown",0.7614,0.2386,"LOW"
75,"2","Other/Unknown","T3","Other/Unknown",0.762,0.238,"LOW"
76,"2","Other/Unknown","T3","Other/Unknown",0.7611,0.2389,"LOW"
77,"2","Other/Unknown","T3","Other/Unknown",0.7629,0.2371,"LOW"
78,"2","Other/Unknown","T3","Other/Unknown",0.7629,0.2371,"LOW"
79,"2","Other/Unknown","T3","Other/Unknown",0.7663,0.2337,"LOW"
80,"2","Other/Unknown","T3","Other/Unknown",0.7659,0.2341,"LOW"
81,"2","Other/Unknown","T3","Other/Unknown",0.7673,0.2327,"LOW"
82,"2","Other/Unknown","T3","Other/Unknown",0.7674,0.2326,"LOW"
83,"2","Other/Unknown","T3","Other/Unknown",0.7681,0.2319,"LOW"
84,"2","Other/Unknown","T3","Other/Unknown",0.7654,0.2346,"LOW"
85,"2","Other/Unknown","T3","Other/Unknown",0.7652,0.2348,"LOW"
86,"2","Other/Unknown","T3","Other/Unknown",0.763,0.237,"LOW"
87,"2","Other/Unknown","T3","Other/Unknown",0.7662,0.2338,"LOW"
88,"2","Other/Unknown","T3","Other/Unknown",0.7664,0.2336,"LOW"
89,"2","Other/Unknown","T3","Other/Unknown",0.7687,0.2313,"LOW"
90,"2","Other/Unknown","T3","Other/Unknown",0.7661,0.2339,"LOW"
91,"2","Other/Unknown","T3","Other/Unknown",0.7661,0.2339,"LOW"
92,"2","Other/Unknown","T3","Other/Unknown",0.7661,0.2339,"LOW"
93,"2","Other/Unknown","T3","Other/Unknown",0.7661,0.2339,"LOW"
94,"2","Other/Unknown","T3","Other/Unknown",0.7661,0.2339,"LOW"
95,"2","Other/Unknown","T3","Other/Unknown",0.7661,0.2339,"LOW"
96,"2","Other/Unknown","T3","Other/Unknown",0.7661,0.2339,"LOW"
97,"2","Other/Unknown","T3","Other/Unknown",0.7661,0.2339,"LOW"
98,"2","Other/Unknown","T3","Other/Unknown",0.7661,0.2339,"LOW"
99,"2","Other/Unknown","T3","Other/Unknown",0.7661,0.2339,"LOW"
0,"1","N0","T4","Other/Unknown",0.7644,0.2356,"LOW"
1,"1","N0","T4","Other/Unknown",0.7557,0.2443,"LOW"
2,"1","N0","T4","Other/Unknown",0.7555,0.2445,"LOW"
3,"1","N0","T4","Other/Unknown",0.7526,0.2474,"LOW"
4,"1","N0","T4","Other/Unknown",0.754,0.246,"LOW"
5,"1","N0","T4","Other/Unknown",0.7599,0.2401,"LOW"
6,"1","N0","T4","Other/Unknown",0.7673,0.2327,"LOW"
7,"1","N0","T4","Other/Unknown",0.7703,0.2297,"LOW"
8,"1","N0","T4","Other/Unknown",0.7711,0.2289,"LOW"
9,"1","N0","T4","Other/Unknown",0.772,0.228,"LOW"
10,"1","N0","T4","Other/Unknown",0.7776,0.2224,"LOW"
11,"1","N0","T4","Other/Unknown",0.7795,0.2205,"LOW"
12,"1","N0","T4","Other/Unknown",0.7817,0.2183,"LOW"
13,"1","N0","T4","Other/Unknown",0.7871,0.2129,"LOW"
14,"1","N0","T4","Other/Unknown",0.7892,0.2108,"LOW"
15,"1","N0","T4","Other/Unknown",0.7945,0.2055,"LOW"
16,"1","N0","T4","Other/Unknown",0.8004,0.1996,"LOW"
17,"1","N0","T4","Other/Unknown",0.8021,0.1979,"LOW"
18,"1","N0","T4","Other/Unknown",0.8026,0.1974,"LOW"
19,"1","N0","T4","Other/Unknown",0.804,0.196,"LOW"
20,"1","N0","T4","Other/Unknown",0.8019,0.1981,"LOW"
21,"1","N0","T4","Other/Unknown",0.8019,0.1981,"LOW"
22,"1","N0","T4","Other/Unknown",0.8047,0.1953,"LOW"
23,"1","N0","T4","Other/Unknown",0.8049,0.1951,"LOW"
24,"1","N0","T4","Other/Unknown",0.8095,0.1905,"LOW"
25,"1","N0","T4","Other/Unknown",0.8113,0.1887,"LOW"
26,"1","N0","T4","Other/Unknown",0.8149,0.1851,"LOW"
27,"1","N0","T4","Other/Unknown",0.8174,0.1826,"LOW"
28,"1","N0","T4","Other/Unknown",0.8197,0.1803,"LOW"
29,"1","N0","T4","Other/Unknown",0.8236,0.1764,"LOW"
30,"1","N0","T4","Other/Unknown",0.8243,0.1757,"LOW"
31,"1","N0","T4","Other/Unknown",0.8257,0.1743,"LOW"
32,"1","N0","T4","Other/Unknown",0.8279,0.1721,"LOW"
33,"1","N0","T4","Other/Unknown",0.8295,0.1705,"LOW"
34,"1","N0","T4","Other/Unknown",0.8338,0.1662,"LOW"
35,"1","N0","T4","Other/Unknown",0.8369,0.1631,"LOW"
36,"1","N0","T4","Other/Unknown",0.8385,0.1615,"LOW"
37,"1","N0","T4","Other/Unknown",0.8394,0.1606,"LOW"
38,"1","N0","T4","Other/Unknown",0.8416,0.1584,"LOW"
39,"1","N0","T4","Other/Unknown",0.8438,0.1562,"LOW"
40,"1","N0","T4","Other/Unknown",0.8451,0.1549,"LOW"
41,"1","N0","T4","Other/Unknown",0.847,0.153,"LOW"
42,"1","N0","T4","Other/Unknown",0.8477,0.1523,"LOW"
43,"1","N0","T4","Other/Unknown",0.8497,0.1503,"LOW"
44,"1","N0","T4","Other/Unknown",0.8505,0.1495,"LOW"
45,"1","N0","T4","Other/Unknown",0.8508,0.1492,"LOW"
46,"1","N0","T4","Other/Unknown",0.8519,0.1481,"LOW"
47,"1","N0","T4","Other/Unknown",0.851,0.149,"LOW"
48,"1","N0","T4","Other/Unknown",0.8516,0.1484,"LOW"
49,"1","N0","T4","Other/Unknown",0.8527,0.1473,"LOW"
50,"1","N0","T4","Other/Unknown",0.8524,0.1476,"LOW"
51,"1","N0","T4","Other/Unknown",0.8512,0.1488,"LOW"
52,"1","N0","T4","Other/Unknown",0.8503,0.1497,"LOW"
53,"1","N0","T4","Other/Unknown",0.8506,0.1494,"LOW"
54,"1","N0","T4","Other/Unknown",0.8483,0.1517,"LOW"
55,"1","N0","T4","Other/Unknown",0.8456,0.1544,"LOW"
56,"1","N0","T4","Other/Unknown",0.8409,0.1591,"LOW"
57,"1","N0","T4","Other/Unknown",0.835,0.165,"LOW"
58,"1","N0","T4","Other/Unknown",0.8332,0.1668,"LOW"
59,"1","N0","T4","Other/Unknown",0.8244,0.1756,"LOW"
60,"1","N0","T4","Other/Unknown",0.8205,0.1795,"LOW"
61,"1","N0","T4","Other/Unknown",0.8211,0.1789,"LOW"
62,"1","N0","T4","Other/Unknown",0.8221,0.1779,"LOW"
63,"1","N0","T4","Other/Unknown",0.8248,0.1752,"LOW"
64,"1","N0","T4","Other/Unknown",0.828,0.172,"LOW"
65,"1","N0","T4","Other/Unknown",0.8334,0.1666,"LOW"
66,"1","N0","T4","Other/Unknown",0.838,0.162,"LOW"
67,"1","N0","T4","Other/Unknown",0.839,0.161,"LOW"
68,"1","N0","T4","Other/Unknown",0.8393,0.1607,"LOW"
69,"1","N0","T4","Other/Unknown",0.8407,0.1593,"LOW"
70,"1","N0","T4","Other/Unknown",0.8431,0.1569,"LOW"
71,"1","N0","T4","Other/Unknown",0.8466,0.1534,"LOW"
72,"1","N0","T4","Other/Unknown",0.8495,0.1505,"LOW"
73,"1","N0","T4","Other/Unknown",0.8519,0.1481,"LOW"
74,"1","N0","T4","Other/Unknown",0.8515,0.1485,"LOW"
75,"1","N0","T4","Other/Unknown",0.8521,0.1479,"LOW"
76,"1","N0","T4","Other/Unknown",0.8525,0.1475,"LOW"
77,"1","N0","T4","Other/Unknown",0.8542,0.1458,"LOW"
78,"1","N0","T4","Other/Unknown",0.8538,0.1462,"LOW"
79,"1","N0","T4","Other/Unknown",0.8568,0.1432,"LOW"
80,"1","N0","T4","Other/Unknown",0.8593,0.1407,"LOW"
81,"1","N0","T4","Other/Unknown",0.8599,0.1401,"LOW"
82,"1","N0","T4","Other/Unknown",0.8608,0.1392,"LOW"
83,"1","N0","T4","Other/Unknown",0.8612,0.1388,"LOW"
84,"1","N0","T4","Other/Unknown",0.8588,0.1412,"LOW"
85,"1","N0","T4","Other/Unknown",0.859,0.141,"LOW"
86,"1","N0","T4","Other/Unknown",0.859,0.141,"LOW"
87,"1","N0","T4","Other/Unknown",0.8595,0.1405,"LOW"
88,"1","N0","T4","Other/Unknown",0.8598,0.1402,"LOW"
89,"1","N0","T4","Other/Unknown",0.8633,0.1367,"LOW"
90,"1","N0","T4","Other/Unknown",0.8635,0.1365,"LOW"
91,"1","N0","T4","Other/Unknown",0.8635,0.1365,"LOW"
92,"1","N0","T4","Other/Unknown",0.8635,0.1365,"LOW"
93,"1","N0","T4","Other/Unknown",0.8635,0.1365,"LOW"
94,"1","N0","T4","Other/Unknown",0.8635,0.1365,"LOW"
95,"1","N0","T4","Other/Unknown",0.8635,0.1365,"LOW"
96,"1","N0","T4","Other/Unknown",0.8635,0.1365,"LOW"
97,"1","N0","T4","Other/Unknown",0.8635,0.1365,"LOW"
98,"1","N0","T4","Other/Unknown",0.8635,0.1365,"LOW"
99,"1","N0","T4","Other/Unknown",0.8635,0.1365,"LOW"
0,"2","N0","T4","Other/Unknown",0.7726,0.2274,"LOW"
1,"2","N0","T4","Other/Unknown",0.7714,0.2286,"LOW"
2,"2","N0","T4","Other/Unknown",0.7706,0.2294,"LOW"
3,"2","N0","T4","Other/Unknown",0.7651,0.2349,"LOW"
4,"2","N0","T4","Other/Unknown",0.7679,0.2321,"LOW"
5,"2","N0","T4","Other/Unknown",0.767,0.233,"LOW"
6,"2","N0","T4","Other/Unknown",0.7707,0.2293,"LOW"
7,"2","N0","T4","Other/Unknown",0.7742,0.2258,"LOW"
8,"2","N0","T4","Other/Unknown",0.7739,0.2261,"LOW"
9,"2","N0","T4","Other/Unknown",0.7741,0.2259,"LOW"
10,"2","N0","T4","Other/Unknown",0.781,0.219,"LOW"
11,"2","N0","T4","Other/Unknown",0.7842,0.2158,"LOW"
12,"2","N0","T4","Other/Unknown",0.7865,0.2135,"LOW"
13,"2","N0","T4","Other/Unknown",0.7901,0.2099,"LOW"
14,"2","N0","T4","Other/Unknown",0.7921,0.2079,"LOW"
15,"2","N0","T4","Other/Unknown",0.7953,0.2047,"LOW"
16,"2","N0","T4","Other/Unknown",0.7991,0.2009,"LOW"
17,"2","N0","T4","Other/Unknown",0.7998,0.2002,"LOW"
18,"2","N0","T4","Other/Unknown",0.8012,0.1988,"LOW"
19,"2","N0","T4","Other/Unknown",0.8044,0.1956,"LOW"
20,"2","N0","T4","Other/Unknown",0.8037,0.1963,"LOW"
21,"2","N0","T4","Other/Unknown",0.8037,0.1963,"LOW"
22,"2","N0","T4","Other/Unknown",0.8071,0.1929,"LOW"
23,"2","N0","T4","Other/Unknown",0.8063,0.1937,"LOW"
24,"2","N0","T4","Other/Unknown",0.8055,0.1945,"LOW"
25,"2","N0","T4","Other/Unknown",0.8081,0.1919,"LOW"
26,"2","N0","T4","Other/Unknown",0.8117,0.1883,"LOW"
27,"2","N0","T4","Other/Unknown",0.8158,0.1842,"LOW"
28,"2","N0","T4","Other/Unknown",0.816,0.184,"LOW"
29,"2","N0","T4","Other/Unknown",0.8184,0.1816,"LOW"
30,"2","N0","T4","Other/Unknown",0.8211,0.1789,"LOW"
31,"2","N0","T4","Other/Unknown",0.8232,0.1768,"LOW"
32,"2","N0","T4","Other/Unknown",0.8246,0.1754,"LOW"
33,"2","N0","T4","Other/Unknown",0.8268,0.1732,"LOW"
34,"2","N0","T4","Other/Unknown",0.8299,0.1701,"LOW"
35,"2","N0","T4","Other/Unknown",0.8313,0.1687,"LOW"
36,"2","N0","T4","Other/Unknown",0.8327,0.1673,"LOW"
37,"2","N0","T4","Other/Unknown",0.8347,0.1653,"LOW"
38,"2","N0","T4","Other/Unknown",0.8354,0.1646,"LOW"
39,"2","N0","T4","Other/Unknown",0.8374,0.1626,"LOW"
40,"2","N0","T4","Other/Unknown",0.8387,0.1613,"LOW"
41,"2","N0","T4","Other/Unknown",0.84,0.16,"LOW"
42,"2","N0","T4","Other/Unknown",0.8409,0.1591,"LOW"
43,"2","N0","T4","Other/Unknown",0.841,0.159,"LOW"
44,"2","N0","T4","Other/Unknown",0.8413,0.1587,"LOW"
45,"2","N0","T4","Other/Unknown",0.8421,0.1579,"LOW"
46,"2","N0","T4","Other/Unknown",0.8419,0.1581,"LOW"
47,"2","N0","T4","Other/Unknown",0.8427,0.1573,"LOW"
48,"2","N0","T4","Other/Unknown",0.8425,0.1575,"LOW"
49,"2","N0","T4","Other/Unknown",0.8427,0.1573,"LOW"
50,"2","N0","T4","Other/Unknown",0.8424,0.1576,"LOW"
51,"2","N0","T4","Other/Unknown",0.8405,0.1595,"LOW"
52,"2","N0","T4","Other/Unknown",0.8393,0.1607,"LOW"
53,"2","N0","T4","Other/Unknown",0.8385,0.1615,"LOW"
54,"2","N0","T4","Other/Unknown",0.8372,0.1628,"LOW"
55,"2","N0","T4","Other/Unknown",0.8354,0.1646,"LOW"
56,"2","N0","T4","Other/Unknown",0.833,0.167,"LOW"
57,"2","N0","T4","Other/Unknown",0.8317,0.1683,"LOW"
58,"2","N0","T4","Other/Unknown",0.8282,0.1718,"LOW"
59,"2","N0","T4","Other/Unknown",0.824,0.176,"LOW"
60,"2","N0","T4","Other/Unknown",0.8203,0.1797,"LOW"
61,"2","N0","T4","Other/Unknown",0.8226,0.1774,"LOW"
62,"2","N0","T4","Other/Unknown",0.8251,0.1749,"LOW"
63,"2","N0","T4","Other/Unknown",0.8303,0.1697,"LOW"
64,"2","N0","T4","Other/Unknown",0.8347,0.1653,"LOW"
65,"2","N0","T4","Other/Unknown",0.8418,0.1582,"LOW"
66,"2","N0","T4","Other/Unknown",0.8461,0.1539,"LOW"
67,"2","N0","T4","Other/Unknown",0.8469,0.1531,"LOW"
68,"2","N0","T4","Other/Unknown",0.8475,0.1525,"LOW"
69,"2","N0","T4","Other/Unknown",0.8494,0.1506,"LOW"
70,"2","N0","T4","Other/Unknown",0.8519,0.1481,"LOW"
71,"2","N0","T4","Other/Unknown",0.8544,0.1456,"LOW"
72,"2","N0","T4","Other/Unknown",0.8548,0.1452,"LOW"
73,"2","N0","T4","Other/Unknown",0.8549,0.1451,"LOW"
74,"2","N0","T4","Other/Unknown",0.8544,0.1456,"LOW"
75,"2","N0","T4","Other/Unknown",0.8551,0.1449,"LOW"
76,"2","N0","T4","Other/Unknown",0.8556,0.1444,"LOW"
77,"2","N0","T4","Other/Unknown",0.8578,0.1422,"LOW"
78,"2","N0","T4","Other/Unknown",0.8579,0.1421,"LOW"
79,"2","N0","T4","Other/Unknown",0.8612,0.1388,"LOW"
80,"2","N0","T4","Other/Unknown",0.863,0.137,"LOW"
81,"2","N0","T4","Other/Unknown",0.8632,0.1368,"LOW"
82,"2","N0","T4","Other/Unknown",0.8641,0.1359,"LOW"
83,"2","N0","T4","Other/Unknown",0.8642,0.1358,"LOW"
84,"2","N0","T4","Other/Unknown",0.8603,0.1397,"LOW"
85,"2","N0","T4","Other/Unknown",0.8599,0.1401,"LOW"
86,"2","N0","T4","Other/Unknown",0.8584,0.1416,"LOW"
87,"2","N0","T4","Other/Unknown",0.8578,0.1422,"LOW"
88,"2","N0","T4","Other/Unknown",0.8582,0.1418,"LOW"
89,"2","N0","T4","Other/Unknown",0.8626,0.1374,"LOW"
90,"2","N0","T4","Other/Unknown",0.8623,0.1377,"LOW"
91,"2","N0","T4","Other/Unknown",0.8623,0.1377,"LOW"
92,"2","N0","T4","Other/Unknown",0.8623,0.1377,"LOW"
93,"2","N0","T4","Other/Unknown",0.8623,0.1377,"LOW"
94,"2","N0","T4","Other/Unknown",0.8623,0.1377,"LOW"
95,"2","N0","T4","Other/Unknown",0.8623,0.1377,"LOW"
96,"2","N0","T4","Other/Unknown",0.8623,0.1377,"LOW"
97,"2","N0","T4","Other/Unknown",0.8623,0.1377,"LOW"
98,"2","N0","T4","Other/Unknown",0.8623,0.1377,"LOW"
99,"2","N0","T4","Other/Unknown",0.8623,0.1377,"LOW"
0,"1","N1","T4","Other/Unknown",0.5185,0.4815,"LOW"
1,"1","N1","T4","Other/Unknown",0.5098,0.4902,"LOW"
2,"1","N1","T4","Other/Unknown",0.5094,0.4906,"LOW"
3,"1","N1","T4","Other/Unknown",0.5074,0.4926,"LOW"
4,"1","N1","T4","Other/Unknown",0.5078,0.4922,"LOW"
5,"1","N1","T4","Other/Unknown",0.5091,0.4909,"LOW"
6,"1","N1","T4","Other/Unknown",0.5115,0.4885,"LOW"
7,"1","N1","T4","Other/Unknown",0.5117,0.4883,"LOW"
8,"1","N1","T4","Other/Unknown",0.5161,0.4839,"LOW"
9,"1","N1","T4","Other/Unknown",0.5164,0.4836,"LOW"
10,"1","N1","T4","Other/Unknown",0.519,0.481,"LOW"
11,"1","N1","T4","Other/Unknown",0.5212,0.4788,"LOW"
12,"1","N1","T4","Other/Unknown",0.5235,0.4765,"LOW"
13,"1","N1","T4","Other/Unknown",0.5284,0.4716,"LOW"
14,"1","N1","T4","Other/Unknown",0.5343,0.4657,"LOW"
15,"1","N1","T4","Other/Unknown",0.5343,0.4657,"LOW"
16,"1","N1","T4","Other/Unknown",0.5389,0.4611,"LOW"
17,"1","N1","T4","Other/Unknown",0.5397,0.4603,"LOW"
18,"1","N1","T4","Other/Unknown",0.5407,0.4593,"LOW"
19,"1","N1","T4","Other/Unknown",0.5409,0.4591,"LOW"
20,"1","N1","T4","Other/Unknown",0.5449,0.4551,"LOW"
21,"1","N1","T4","Other/Unknown",0.5467,0.4533,"LOW"
22,"1","N1","T4","Other/Unknown",0.5468,0.4532,"LOW"
23,"1","N1","T4","Other/Unknown",0.5483,0.4517,"LOW"
24,"1","N1","T4","Other/Unknown",0.5484,0.4516,"LOW"
25,"1","N1","T4","Other/Unknown",0.5493,0.4507,"LOW"
26,"1","N1","T4","Other/Unknown",0.5494,0.4506,"LOW"
27,"1","N1","T4","Other/Unknown",0.5489,0.4511,"LOW"
28,"1","N1","T4","Other/Unknown",0.5511,0.4489,"LOW"
29,"1","N1","T4","Other/Unknown",0.5533,0.4467,"LOW"
30,"1","N1","T4","Other/Unknown",0.5538,0.4462,"LOW"
31,"1","N1","T4","Other/Unknown",0.5576,0.4424,"LOW"
32,"1","N1","T4","Other/Unknown",0.5542,0.4458,"LOW"
33,"1","N1","T4","Other/Unknown",0.5568,0.4432,"LOW"
34,"1","N1","T4","Other/Unknown",0.5576,0.4424,"LOW"
35,"1","N1","T4","Other/Unknown",0.5585,0.4415,"LOW"
36,"1","N1","T4","Other/Unknown",0.5592,0.4408,"LOW"
37,"1","N1","T4","Other/Unknown",0.5584,0.4416,"LOW"
38,"1","N1","T4","Other/Unknown",0.5587,0.4413,"LOW"
39,"1","N1","T4","Other/Unknown",0.5596,0.4404,"LOW"
40,"1","N1","T4","Other/Unknown",0.5581,0.4419,"LOW"
41,"1","N1","T4","Other/Unknown",0.558,0.442,"LOW"
42,"1","N1","T4","Other/Unknown",0.5594,0.4406,"LOW"
43,"1","N1","T4","Other/Unknown",0.5629,0.4371,"LOW"
44,"1","N1","T4","Other/Unknown",0.5585,0.4415,"LOW"
45,"1","N1","T4","Other/Unknown",0.5606,0.4394,"LOW"
46,"1","N1","T4","Other/Unknown",0.5634,0.4366,"LOW"
47,"1","N1","T4","Other/Unknown",0.5664,0.4336,"LOW"
48,"1","N1","T4","Other/Unknown",0.5665,0.4335,"LOW"
49,"1","N1","T4","Other/Unknown",0.5659,0.4341,"LOW"
50,"1","N1","T4","Other/Unknown",0.567,0.433,"LOW"
51,"1","N1","T4","Other/Unknown",0.5693,0.4307,"LOW"
52,"1","N1","T4","Other/Unknown",0.568,0.432,"LOW"
53,"1","N1","T4","Other/Unknown",0.5677,0.4323,"LOW"
54,"1","N1","T4","Other/Unknown",0.5665,0.4335,"LOW"
55,"1","N1","T4","Other/Unknown",0.5637,0.4363,"LOW"
56,"1","N1","T4","Other/Unknown",0.5627,0.4373,"LOW"
57,"1","N1","T4","Other/Unknown",0.5598,0.4402,"LOW"
58,"1","N1","T4","Other/Unknown",0.5606,0.4394,"LOW"
59,"1","N1","T4","Other/Unknown",0.5581,0.4419,"LOW"
60,"1","N1","T4","Other/Unknown",0.5588,0.4412,"LOW"
61,"1","N1","T4","Other/Unknown",0.5592,0.4408,"LOW"
62,"1","N1","T4","Other/Unknown",0.563,0.437,"LOW"
63,"1","N1","T4","Other/Unknown",0.5672,0.4328,"LOW"
64,"1","N1","T4","Other/Unknown",0.5687,0.4313,"LOW"
65,"1","N1","T4","Other/Unknown",0.5709,0.4291,"LOW"
66,"1","N1","T4","Other/Unknown",0.5705,0.4295,"LOW"
67,"1","N1","T4","Other/Unknown",0.5695,0.4305,"LOW"
68,"1","N1","T4","Other/Unknown",0.5693,0.4307,"LOW"
69,"1","N1","T4","Other/Unknown",0.5713,0.4287,"LOW"
70,"1","N1","T4","Other/Unknown",0.5746,0.4254,"LOW"
71,"1","N1","T4","Other/Unknown",0.5772,0.4228,"LOW"
72,"1","N1","T4","Other/Unknown",0.5768,0.4232,"LOW"
73,"1","N1","T4","Other/Unknown",0.5796,0.4204,"LOW"
74,"1","N1","T4","Other/Unknown",0.5804,0.4196,"LOW"
75,"1","N1","T4","Other/Unknown",0.5776,0.4224,"LOW"
76,"1","N1","T4","Other/Unknown",0.5773,0.4227,"LOW"
77,"1","N1","T4","Other/Unknown",0.5784,0.4216,"LOW"
78,"1","N1","T4","Other/Unknown",0.5796,0.4204,"LOW"
79,"1","N1","T4","Other/Unknown",0.5807,0.4193,"LOW"
80,"1","N1","T4","Other/Unknown",0.581,0.419,"LOW"
81,"1","N1","T4","Other/Unknown",0.5795,0.4205,"LOW"
82,"1","N1","T4","Other/Unknown",0.5824,0.4176,"LOW"
83,"1","N1","T4","Other/Unknown",0.5838,0.4162,"LOW"
84,"1","N1","T4","Other/Unknown",0.5811,0.4189,"LOW"
85,"1","N1","T4","Other/Unknown",0.5816,0.4184,"LOW"
86,"1","N1","T4","Other/Unknown",0.5853,0.4147,"LOW"
87,"1","N1","T4","Other/Unknown",0.5862,0.4138,"LOW"
88,"1","N1","T4","Other/Unknown",0.5874,0.4126,"LOW"
89,"1","N1","T4","Other/Unknown",0.5893,0.4107,"LOW"
90,"1","N1","T4","Other/Unknown",0.594,0.406,"LOW"
91,"1","N1","T4","Other/Unknown",0.594,0.406,"LOW"
92,"1","N1","T4","Other/Unknown",0.594,0.406,"LOW"
93,"1","N1","T4","Other/Unknown",0.594,0.406,"LOW"
94,"1","N1","T4","Other/Unknown",0.594,0.406,"LOW"
95,"1","N1","T4","Other/Unknown",0.594,0.406,"LOW"
96,"1","N1","T4","Other/Unknown",0.594,0.406,"LOW"
97,"1","N1","T4","Other/Unknown",0.594,0.406,"LOW"
98,"1","N1","T4","Other/Unknown",0.594,0.406,"LOW"
99,"1","N1","T4","Other/Unknown",0.594,0.406,"LOW"
0,"2","N1","T4","Other/Unknown",0.5471,0.4529,"LOW"
1,"2","N1","T4","Other/Unknown",0.5439,0.4561,"LOW"
2,"2","N1","T4","Other/Unknown",0.5425,0.4575,"LOW"
3,"2","N1","T4","Other/Unknown",0.5399,0.4601,"LOW"
4,"2","N1","T4","Other/Unknown",0.5406,0.4594,"LOW"
5,"2","N1","T4","Other/Unknown",0.5381,0.4619,"LOW"
6,"2","N1","T4","Other/Unknown",0.5398,0.4602,"LOW"
7,"2","N1","T4","Other/Unknown",0.5429,0.4571,"LOW"
8,"2","N1","T4","Other/Unknown",0.5416,0.4584,"LOW"
9,"2","N1","T4","Other/Unknown",0.5402,0.4598,"LOW"
10,"2","N1","T4","Other/Unknown",0.5429,0.4571,"LOW"
11,"2","N1","T4","Other/Unknown",0.5442,0.4558,"LOW"
12,"2","N1","T4","Other/Unknown",0.544,0.456,"LOW"
13,"2","N1","T4","Other/Unknown",0.549,0.451,"LOW"
14,"2","N1","T4","Other/Unknown",0.5516,0.4484,"LOW"
15,"2","N1","T4","Other/Unknown",0.5535,0.4465,"LOW"
16,"2","N1","T4","Other/Unknown",0.5561,0.4439,"LOW"
17,"2","N1","T4","Other/Unknown",0.5579,0.4421,"LOW"
18,"2","N1","T4","Other/Unknown",0.5598,0.4402,"LOW"
19,"2","N1","T4","Other/Unknown",0.5635,0.4365,"LOW"
20,"2","N1","T4","Other/Unknown",0.5669,0.4331,"LOW"
21,"2","N1","T4","Other/Unknown",0.5685,0.4315,"LOW"
22,"2","N1","T4","Other/Unknown",0.5676,0.4324,"LOW"
23,"2","N1","T4","Other/Unknown",0.5697,0.4303,"LOW"
24,"2","N1","T4","Other/Unknown",0.5684,0.4316,"LOW"
25,"2","N1","T4","Other/Unknown",0.5707,0.4293,"LOW"
26,"2","N1","T4","Other/Unknown",0.5732,0.4268,"LOW"
27,"2","N1","T4","Other/Unknown",0.5752,0.4248,"LOW"
28,"2","N1","T4","Other/Unknown",0.576,0.424,"LOW"
29,"2","N1","T4","Other/Unknown",0.5793,0.4207,"LOW"
30,"2","N1","T4","Other/Unknown",0.5825,0.4175,"LOW"
31,"2","N1","T4","Other/Unknown",0.5865,0.4135,"LOW"
32,"2","N1","T4","Other/Unknown",0.5832,0.4168,"LOW"
33,"2","N1","T4","Other/Unknown",0.5865,0.4135,"LOW"
34,"2","N1","T4","Other/Unknown",0.5905,0.4095,"LOW"
35,"2","N1","T4","Other/Unknown",0.5892,0.4108,"LOW"
36,"2","N1","T4","Other/Unknown",0.5907,0.4093,"LOW"
37,"2","N1","T4","Other/Unknown",0.5922,0.4078,"LOW"
38,"2","N1","T4","Other/Unknown",0.5906,0.4094,"LOW"
39,"2","N1","T4","Other/Unknown",0.5928,0.4072,"LOW"
40,"2","N1","T4","Other/Unknown",0.5919,0.4081,"LOW"
41,"2","N1","T4","Other/Unknown",0.5942,0.4058,"LOW"
42,"2","N1","T4","Other/Unknown",0.5941,0.4059,"LOW"
43,"2","N1","T4","Other/Unknown",0.595,0.405,"LOW"
44,"2","N1","T4","Other/Unknown",0.5929,0.4071,"LOW"
45,"2","N1","T4","Other/Unknown",0.5936,0.4064,"LOW"
46,"2","N1","T4","Other/Unknown",0.5919,0.4081,"LOW"
47,"2","N1","T4","Other/Unknown",0.5953,0.4047,"LOW"
48,"2","N1","T4","Other/Unknown",0.5943,0.4057,"LOW"
49,"2","N1","T4","Other/Unknown",0.5954,0.4046,"LOW"
50,"2","N1","T4","Other/Unknown",0.5958,0.4042,"LOW"
51,"2","N1","T4","Other/Unknown",0.5952,0.4048,"LOW"
52,"2","N1","T4","Other/Unknown",0.5946,0.4054,"LOW"
53,"2","N1","T4","Other/Unknown",0.5941,0.4059,"LOW"
54,"2","N1","T4","Other/Unknown",0.5933,0.4067,"LOW"
55,"2","N1","T4","Other/Unknown",0.5911,0.4089,"LOW"
56,"2","N1","T4","Other/Unknown",0.5908,0.4092,"LOW"
57,"2","N1","T4","Other/Unknown",0.5903,0.4097,"LOW"
58,"2","N1","T4","Other/Unknown",0.59,0.41,"LOW"
59,"2","N1","T4","Other/Unknown",0.5888,0.4112,"LOW"
60,"2","N1","T4","Other/Unknown",0.5902,0.4098,"LOW"
61,"2","N1","T4","Other/Unknown",0.5915,0.4085,"LOW"
62,"2","N1","T4","Other/Unknown",0.5932,0.4068,"LOW"
63,"2","N1","T4","Other/Unknown",0.593,0.407,"LOW"
64,"2","N1","T4","Other/Unknown",0.5924,0.4076,"LOW"
65,"2","N1","T4","Other/Unknown",0.5945,0.4055,"LOW"
66,"2","N1","T4","Other/Unknown",0.5976,0.4024,"LOW"
67,"2","N1","T4","Other/Unknown",0.5959,0.4041,"LOW"
68,"2","N1","T4","Other/Unknown",0.5956,0.4044,"LOW"
69,"2","N1","T4","Other/Unknown",0.5969,0.4031,"LOW"
70,"2","N1","T4","Other/Unknown",0.6005,0.3995,"LOW"
71,"2","N1","T4","Other/Unknown",0.6019,0.3981,"LOW"
72,"2","N1","T4","Other/Unknown",0.6044,0.3956,"LOW"
73,"2","N1","T4","Other/Unknown",0.6057,0.3943,"LOW"
74,"2","N1","T4","Other/Unknown",0.6063,0.3937,"LOW"
75,"2","N1","T4","Other/Unknown",0.6077,0.3923,"LOW"
76,"2","N1","T4","Other/Unknown",0.6094,0.3906,"LOW"
77,"2","N1","T4","Other/Unknown",0.6114,0.3886,"LOW"
78,"2","N1","T4","Other/Unknown",0.6113,0.3887,"LOW"
79,"2","N1","T4","Other/Unknown",0.6128,0.3872,"LOW"
80,"2","N1","T4","Other/Unknown",0.6124,0.3876,"LOW"
81,"2","N1","T4","Other/Unknown",0.6125,0.3875,"LOW"
82,"2","N1","T4","Other/Unknown",0.6165,0.3835,"LOW"
83,"2","N1","T4","Other/Unknown",0.6183,0.3817,"LOW"
84,"2","N1","T4","Other/Unknown",0.6146,0.3854,"LOW"
85,"2","N1","T4","Other/Unknown",0.6153,0.3847,"LOW"
86,"2","N1","T4","Other/Unknown",0.6198,0.3802,"LOW"
87,"2","N1","T4","Other/Unknown",0.6192,0.3808,"LOW"
88,"2","N1","T4","Other/Unknown",0.6217,0.3783,"LOW"
89,"2","N1","T4","Other/Unknown",0.6242,0.3758,"LOW"
90,"2","N1","T4","Other/Unknown",0.6343,0.3657,"LOW"
91,"2","N1","T4","Other/Unknown",0.6343,0.3657,"LOW"
92,"2","N1","T4","Other/Unknown",0.6343,0.3657,"LOW"
93,"2","N1","T4","Other/Unknown",0.6343,0.3657,"LOW"
94,"2","N1","T4","Other/Unknown",0.6343,0.3657,"LOW"
95,"2","N1","T4","Other/Unknown",0.6343,0.3657,"LOW"
96,"2","N1","T4","Other/Unknown",0.6343,0.3657,"LOW"
97,"2","N1","T4","Other/Unknown",0.6343,0.3657,"LOW"
98,"2","N1","T4","Other/Unknown",0.6343,0.3657,"LOW"
99,"2","N1","T4","Other/Unknown",0.6343,0.3657,"LOW"
0,"1","Other/Unknown","T4","Other/Unknown",0.6391,0.3609,"LOW"
1,"1","Other/Unknown","T4","Other/Unknown",0.6345,0.3655,"LOW"
2,"1","Other/Unknown","T4","Other/Unknown",0.6316,0.3684,"LOW"
3,"1","Other/Unknown","T4","Other/Unknown",0.6336,0.3664,"LOW"
4,"1","Other/Unknown","T4","Other/Unknown",0.6388,0.3612,"LOW"
5,"1","Other/Unknown","T4","Other/Unknown",0.6398,0.3602,"LOW"
6,"1","Other/Unknown","T4","Other/Unknown",0.6454,0.3546,"LOW"
7,"1","Other/Unknown","T4","Other/Unknown",0.6486,0.3514,"LOW"
8,"1","Other/Unknown","T4","Other/Unknown",0.6519,0.3481,"LOW"
9,"1","Other/Unknown","T4","Other/Unknown",0.6526,0.3474,"LOW"
10,"1","Other/Unknown","T4","Other/Unknown",0.6547,0.3453,"LOW"
11,"1","Other/Unknown","T4","Other/Unknown",0.6596,0.3404,"LOW"
12,"1","Other/Unknown","T4","Other/Unknown",0.6616,0.3384,"LOW"
13,"1","Other/Unknown","T4","Other/Unknown",0.6666,0.3334,"LOW"
14,"1","Other/Unknown","T4","Other/Unknown",0.6667,0.3333,"LOW"
15,"1","Other/Unknown","T4","Other/Unknown",0.67,0.33,"LOW"
16,"1","Other/Unknown","T4","Other/Unknown",0.6707,0.3293,"LOW"
17,"1","Other/Unknown","T4","Other/Unknown",0.6716,0.3284,"LOW"
18,"1","Other/Unknown","T4","Other/Unknown",0.6768,0.3232,"LOW"
19,"1","Other/Unknown","T4","Other/Unknown",0.6795,0.3205,"LOW"
20,"1","Other/Unknown","T4","Other/Unknown",0.6811,0.3189,"LOW"
21,"1","Other/Unknown","T4","Other/Unknown",0.6813,0.3187,"LOW"
22,"1","Other/Unknown","T4","Other/Unknown",0.683,0.317,"LOW"
23,"1","Other/Unknown","T4","Other/Unknown",0.6835,0.3165,"LOW"
24,"1","Other/Unknown","T4","Other/Unknown",0.6851,0.3149,"LOW"
25,"1","Other/Unknown","T4","Other/Unknown",0.6887,0.3113,"LOW"
26,"1","Other/Unknown","T4","Other/Unknown",0.6881,0.3119,"LOW"
27,"1","Other/Unknown","T4","Other/Unknown",0.6908,0.3092,"LOW"
28,"1","Other/Unknown","T4","Other/Unknown",0.6928,0.3072,"LOW"
29,"1","Other/Unknown","T4","Other/Unknown",0.6983,0.3017,"LOW"
30,"1","Other/Unknown","T4","Other/Unknown",0.7009,0.2991,"LOW"
31,"1","Other/Unknown","T4","Other/Unknown",0.7029,0.2971,"LOW"
32,"1","Other/Unknown","T4","Other/Unknown",0.707,0.293,"LOW"
33,"1","Other/Unknown","T4","Other/Unknown",0.7142,0.2858,"LOW"
34,"1","Other/Unknown","T4","Other/Unknown",0.7177,0.2823,"LOW"
35,"1","Other/Unknown","T4","Other/Unknown",0.7197,0.2803,"LOW"
36,"1","Other/Unknown","T4","Other/Unknown",0.7208,0.2792,"LOW"
37,"1","Other/Unknown","T4","Other/Unknown",0.7245,0.2755,"LOW"
38,"1","Other/Unknown","T4","Other/Unknown",0.7259,0.2741,"LOW"
39,"1","Other/Unknown","T4","Other/Unknown",0.7301,0.2699,"LOW"
40,"1","Other/Unknown","T4","Other/Unknown",0.7294,0.2706,"LOW"
41,"1","Other/Unknown","T4","Other/Unknown",0.7329,0.2671,"LOW"
42,"1","Other/Unknown","T4","Other/Unknown",0.7343,0.2657,"LOW"
43,"1","Other/Unknown","T4","Other/Unknown",0.7346,0.2654,"LOW"
44,"1","Other/Unknown","T4","Other/Unknown",0.735,0.265,"LOW"
45,"1","Other/Unknown","T4","Other/Unknown",0.7363,0.2637,"LOW"
46,"1","Other/Unknown","T4","Other/Unknown",0.7368,0.2632,"LOW"
47,"1","Other/Unknown","T4","Other/Unknown",0.7359,0.2641,"LOW"
48,"1","Other/Unknown","T4","Other/Unknown",0.7365,0.2635,"LOW"
49,"1","Other/Unknown","T4","Other/Unknown",0.7378,0.2622,"LOW"
50,"1","Other/Unknown","T4","Other/Unknown",0.7378,0.2622,"LOW"
51,"1","Other/Unknown","T4","Other/Unknown",0.7381,0.2619,"LOW"
52,"1","Other/Unknown","T4","Other/Unknown",0.7378,0.2622,"LOW"
53,"1","Other/Unknown","T4","Other/Unknown",0.7383,0.2617,"LOW"
54,"1","Other/Unknown","T4","Other/Unknown",0.7387,0.2613,"LOW"
55,"1","Other/Unknown","T4","Other/Unknown",0.737,0.263,"LOW"
56,"1","Other/Unknown","T4","Other/Unknown",0.7367,0.2633,"LOW"
57,"1","Other/Unknown","T4","Other/Unknown",0.732,0.268,"LOW"
58,"1","Other/Unknown","T4","Other/Unknown",0.7333,0.2667,"LOW"
59,"1","Other/Unknown","T4","Other/Unknown",0.7287,0.2713,"LOW"
60,"1","Other/Unknown","T4","Other/Unknown",0.728,0.272,"LOW"
61,"1","Other/Unknown","T4","Other/Unknown",0.727,0.273,"LOW"
62,"1","Other/Unknown","T4","Other/Unknown",0.7284,0.2716,"LOW"
63,"1","Other/Unknown","T4","Other/Unknown",0.7306,0.2694,"LOW"
64,"1","Other/Unknown","T4","Other/Unknown",0.733,0.267,"LOW"
65,"1","Other/Unknown","T4","Other/Unknown",0.7339,0.2661,"LOW"
66,"1","Other/Unknown","T4","Other/Unknown",0.739,0.261,"LOW"
67,"1","Other/Unknown","T4","Other/Unknown",0.7395,0.2605,"LOW"
68,"1","Other/Unknown","T4","Other/Unknown",0.7406,0.2594,"LOW"
69,"1","Other/Unknown","T4","Other/Unknown",0.7409,0.2591,"LOW"
70,"1","Other/Unknown","T4","Other/Unknown",0.7432,0.2568,"LOW"
71,"1","Other/Unknown","T4","Other/Unknown",0.7447,0.2553,"LOW"
72,"1","Other/Unknown","T4","Other/Unknown",0.7453,0.2547,"LOW"
73,"1","Other/Unknown","T4","Other/Unknown",0.7457,0.2543,"LOW"
74,"1","Other/Unknown","T4","Other/Unknown",0.7475,0.2525,"LOW"
75,"1","Other/Unknown","T4","Other/Unknown",0.7466,0.2534,"LOW"
76,"1","Other/Unknown","T4","Other/Unknown",0.7459,0.2541,"LOW"
77,"1","Other/Unknown","T4","Other/Unknown",0.7469,0.2531,"LOW"
78,"1","Other/Unknown","T4","Other/Unknown",0.7485,0.2515,"LOW"
79,"1","Other/Unknown","T4","Other/Unknown",0.7492,0.2508,"LOW"
80,"1","Other/Unknown","T4","Other/Unknown",0.7497,0.2503,"LOW"
81,"1","Other/Unknown","T4","Other/Unknown",0.7506,0.2494,"LOW"
82,"1","Other/Unknown","T4","Other/Unknown",0.7529,0.2471,"LOW"
83,"1","Other/Unknown","T4","Other/Unknown",0.7529,0.2471,"LOW"
84,"1","Other/Unknown","T4","Other/Unknown",0.7529,0.2471,"LOW"
85,"1","Other/Unknown","T4","Other/Unknown",0.7529,0.2471,"LOW"
86,"1","Other/Unknown","T4","Other/Unknown",0.7545,0.2455,"LOW"
87,"1","Other/Unknown","T4","Other/Unknown",0.7563,0.2437,"LOW"
88,"1","Other/Unknown","T4","Other/Unknown",0.7584,0.2416,"LOW"
89,"1","Other/Unknown","T4","Other/Unknown",0.7598,0.2402,"LOW"
90,"1","Other/Unknown","T4","Other/Unknown",0.7604,0.2396,"LOW"
91,"1","Other/Unknown","T4","Other/Unknown",0.7604,0.2396,"LOW"
92,"1","Other/Unknown","T4","Other/Unknown",0.7604,0.2396,"LOW"
93,"1","Other/Unknown","T4","Other/Unknown",0.7604,0.2396,"LOW"
94,"1","Other/Unknown","T4","Other/Unknown",0.7604,0.2396,"LOW"
95,"1","Other/Unknown","T4","Other/Unknown",0.7604,0.2396,"LOW"
96,"1","Other/Unknown","T4","Other/Unknown",0.7604,0.2396,"LOW"
97,"1","Other/Unknown","T4","Other/Unknown",0.7604,0.2396,"LOW"
98,"1","Other/Unknown","T4","Other/Unknown",0.7604,0.2396,"LOW"
99,"1","Other/Unknown","T4","Other/Unknown",0.7604,0.2396,"LOW"
0,"2","Other/Unknown","T4","Other/Unknown",0.6612,0.3388,"LOW"
1,"2","Other/Unknown","T4","Other/Unknown",0.6622,0.3378,"LOW"
2,"2","Other/Unknown","T4","Other/Unknown",0.6611,0.3389,"LOW"
3,"2","Other/Unknown","T4","Other/Unknown",0.6564,0.3436,"LOW"
4,"2","Other/Unknown","T4","Other/Unknown",0.6626,0.3374,"LOW"
5,"2","Other/Unknown","T4","Other/Unknown",0.6629,0.3371,"LOW"
6,"2","Other/Unknown","T4","Other/Unknown",0.67,0.33,"LOW"
7,"2","Other/Unknown","T4","Other/Unknown",0.6748,0.3252,"LOW"
8,"2","Other/Unknown","T4","Other/Unknown",0.6737,0.3263,"LOW"
9,"2","Other/Unknown","T4","Other/Unknown",0.6738,0.3262,"LOW"
10,"2","Other/Unknown","T4","Other/Unknown",0.6749,0.3251,"LOW"
11,"2","Other/Unknown","T4","Other/Unknown",0.6779,0.3221,"LOW"
12,"2","Other/Unknown","T4","Other/Unknown",0.6832,0.3168,"LOW"
13,"2","Other/Unknown","T4","Other/Unknown",0.682,0.318,"LOW"
14,"2","Other/Unknown","T4","Other/Unknown",0.6826,0.3174,"LOW"
15,"2","Other/Unknown","T4","Other/Unknown",0.6851,0.3149,"LOW"
16,"2","Other/Unknown","T4","Other/Unknown",0.6871,0.3129,"LOW"
17,"2","Other/Unknown","T4","Other/Unknown",0.6889,0.3111,"LOW"
18,"2","Other/Unknown","T4","Other/Unknown",0.6932,0.3068,"LOW"
19,"2","Other/Unknown","T4","Other/Unknown",0.6978,0.3022,"LOW"
20,"2","Other/Unknown","T4","Other/Unknown",0.6989,0.3011,"LOW"
21,"2","Other/Unknown","T4","Other/Unknown",0.6984,0.3016,"LOW"
22,"2","Other/Unknown","T4","Other/Unknown",0.7017,0.2983,"LOW"
23,"2","Other/Unknown","T4","Other/Unknown",0.7045,0.2955,"LOW"
24,"2","Other/Unknown","T4","Other/Unknown",0.704,0.296,"LOW"
25,"2","Other/Unknown","T4","Other/Unknown",0.7093,0.2907,"LOW"
26,"2","Other/Unknown","T4","Other/Unknown",0.7095,0.2905,"LOW"
27,"2","Other/Unknown","T4","Other/Unknown",0.7139,0.2861,"LOW"
28,"2","Other/Unknown","T4","Other/Unknown",0.7147,0.2853,"LOW"
29,"2","Other/Unknown","T4","Other/Unknown",0.7202,0.2798,"LOW"
30,"2","Other/Unknown","T4","Other/Unknown",0.7228,0.2772,"LOW"
31,"2","Other/Unknown","T4","Other/Unknown",0.7255,0.2745,"LOW"
32,"2","Other/Unknown","T4","Other/Unknown",0.7268,0.2732,"LOW"
33,"2","Other/Unknown","T4","Other/Unknown",0.7307,0.2693,"LOW"
34,"2","Other/Unknown","T4","Other/Unknown",0.7321,0.2679,"LOW"
35,"2","Other/Unknown","T4","Other/Unknown",0.7354,0.2646,"LOW"
36,"2","Other/Unknown","T4","Other/Unknown",0.7355,0.2645,"LOW"
37,"2","Other/Unknown","T4","Other/Unknown",0.7384,0.2616,"LOW"
38,"2","Other/Unknown","T4","Other/Unknown",0.7388,0.2612,"LOW"
39,"2","Other/Unknown","T4","Other/Unknown",0.741,0.259,"LOW"
40,"2","Other/Unknown","T4","Other/Unknown",0.7419,0.2581,"LOW"
41,"2","Other/Unknown","T4","Other/Unknown",0.7426,0.2574,"LOW"
42,"2","Other/Unknown","T4","Other/Unknown",0.7444,0.2556,"LOW"
43,"2","Other/Unknown","T4","Other/Unknown",0.7449,0.2551,"LOW"
44,"2","Other/Unknown","T4","Other/Unknown",0.7459,0.2541,"LOW"
45,"2","Other/Unknown","T4","Other/Unknown",0.7459,0.2541,"LOW"
46,"2","Other/Unknown","T4","Other/Unknown",0.7458,0.2542,"LOW"
47,"2","Other/Unknown","T4","Other/Unknown",0.7459,0.2541,"LOW"
48,"2","Other/Unknown","T4","Other/Unknown",0.7474,0.2526,"LOW"
49,"2","Other/Unknown","T4","Other/Unknown",0.7481,0.2519,"LOW"
50,"2","Other/Unknown","T4","Other/Unknown",0.748,0.252,"LOW"
51,"2","Other/Unknown","T4","Other/Unknown",0.7461,0.2539,"LOW"
52,"2","Other/Unknown","T4","Other/Unknown",0.7457,0.2543,"LOW"
53,"2","Other/Unknown","T4","Other/Unknown",0.7462,0.2538,"LOW"
54,"2","Other/Unknown","T4","Other/Unknown",0.7465,0.2535,"LOW"
55,"2","Other/Unknown","T4","Other/Unknown",0.7454,0.2546,"LOW"
56,"2","Other/Unknown","T4","Other/Unknown",0.7454,0.2546,"LOW"
57,"2","Other/Unknown","T4","Other/Unknown",0.7442,0.2558,"LOW"
58,"2","Other/Unknown","T4","Other/Unknown",0.7445,0.2555,"LOW"
59,"2","Other/Unknown","T4","Other/Unknown",0.741,0.259,"LOW"
60,"2","Other/Unknown","T4","Other/Unknown",0.7404,0.2596,"LOW"
61,"2","Other/Unknown","T4","Other/Unknown",0.7412,0.2588,"LOW"
62,"2","Other/Unknown","T4","Other/Unknown",0.7436,0.2564,"LOW"
63,"2","Other/Unknown","T4","Other/Unknown",0.7453,0.2547,"LOW"
64,"2","Other/Unknown","T4","Other/Unknown",0.7493,0.2507,"LOW"
65,"2","Other/Unknown","T4","Other/Unknown",0.7499,0.2501,"LOW"
66,"2","Other/Unknown","T4","Other/Unknown",0.7531,0.2469,"LOW"
67,"2","Other/Unknown","T4","Other/Unknown",0.7539,0.2461,"LOW"
68,"2","Other/Unknown","T4","Other/Unknown",0.7551,0.2449,"LOW"
69,"2","Other/Unknown","T4","Other/Unknown",0.7554,0.2446,"LOW"
70,"2","Other/Unknown","T4","Other/Unknown",0.7573,0.2427,"LOW"
71,"2","Other/Unknown","T4","Other/Unknown",0.7595,0.2405,"LOW"
72,"2","Other/Unknown","T4","Other/Unknown",0.7599,0.2401,"LOW"
73,"2","Other/Unknown","T4","Other/Unknown",0.76,0.24,"LOW"
74,"2","Other/Unknown","T4","Other/Unknown",0.7612,0.2388,"LOW"
75,"2","Other/Unknown","T4","Other/Unknown",0.7611,0.2389,"LOW"
76,"2","Other/Unknown","T4","Other/Unknown",0.7603,0.2397,"LOW"
77,"2","Other/Unknown","T4","Other/Unknown",0.7611,0.2389,"LOW"
78,"2","Other/Unknown","T4","Other/Unknown",0.7616,0.2384,"LOW"
79,"2","Other/Unknown","T4","Other/Unknown",0.7646,0.2354,"LOW"
80,"2","Other/Unknown","T4","Other/Unknown",0.7647,0.2353,"LOW"
81,"2","Other/Unknown","T4","Other/Unknown",0.7655,0.2345,"LOW"
82,"2","Other/Unknown","T4","Other/Unknown",0.7655,0.2345,"LOW"
83,"2","Other/Unknown","T4","Other/Unknown",0.7655,0.2345,"LOW"
84,"2","Other/Unknown","T4","Other/Unknown",0.7648,0.2352,"LOW"
85,"2","Other/Unknown","T4","Other/Unknown",0.7648,0.2352,"LOW"
86,"2","Other/Unknown","T4","Other/Unknown",0.7646,0.2354,"LOW"
87,"2","Other/Unknown","T4","Other/Unknown",0.765,0.235,"LOW"
88,"2","Other/Unknown","T4","Other/Unknown",0.7657,0.2343,"LOW"
89,"2","Other/Unknown","T4","Other/Unknown",0.7682,0.2318,"LOW"
90,"2","Other/Unknown","T4","Other/Unknown",0.7657,0.2343,"LOW"
91,"2","Other/Unknown","T4","Other/Unknown",0.7657,0.2343,"LOW"
92,"2","Other/Unknown","T4","Other/Unknown",0.7657,0.2343,"LOW"
93,"2","Other/Unknown","T4","Other/Unknown",0.7657,0.2343,"LOW"
94,"2","Other/Unknown","T4","Other/Unknown",0.7657,0.2343,"LOW"
95,"2","Other/Unknown","T4","Other/Unknown",0.7657,0.2343,"LOW"
96,"2","Other/Unknown","T4","Other/Unknown",0.7657,0.2343,"LOW"
97,"2","Other/Unknown","T4","Other/Unknown",0.7657,0.2343,"LOW"
98,"2","Other/Unknown","T4","Other/Unknown",0.7657,0.2343,"LOW"
99,"2","Other/Unknown","T4","Other/Unknown",0.7657,0.2343,"LOW"
