"AGE","SEX","TNM_N_cat","TNM_T_cat","no_metastasis","metastasis","risk_level"
0,"1","N0","T0",0.9545,0.0455,"LOW"
1,"1","N0","T0",0.9561,0.0439,"LOW"
2,"1","N0","T0",0.9561,0.0439,"LOW"
3,"1","N0","T0",0.9561,0.0439,"LOW"
4,"1","N0","T0",0.9561,0.0439,"LOW"
5,"1","N0","T0",0.9561,0.0439,"LOW"
6,"1","N0","T0",0.9561,0.0439,"LOW"
7,"1","N0","T0",0.9561,0.0439,"LOW"
8,"1","N0","T0",0.9561,0.0439,"LOW"
9,"1","N0","T0",0.9561,0.0439,"LOW"
10,"1","N0","T0",0.9561,0.0439,"LOW"
11,"1","N0","T0",0.9561,0.0439,"LOW"
12,"1","N0","T0",0.9561,0.0439,"LOW"
13,"1","N0","T0",0.9561,0.0439,"LOW"
14,"1","N0","T0",0.9561,0.0439,"LOW"
15,"1","N0","T0",0.9561,0.0439,"LOW"
16,"1","N0","T0",0.9561,0.0439,"LOW"
17,"1","N0","T0",0.9561,0.0439,"LOW"
18,"1","N0","T0",0.9561,0.0439,"LOW"
19,"1","N0","T0",0.9561,0.0439,"LOW"
20,"1","N0","T0",0.9561,0.0439,"LOW"
21,"1","N0","T0",0.9561,0.0439,"LOW"
22,"1","N0","T0",0.9561,0.0439,"LOW"
23,"1","N0","T0",0.9561,0.0439,"LOW"
24,"1","N0","T0",0.9561,0.0439,"LOW"
25,"1","N0","T0",0.9569,0.0431,"LOW"
26,"1","N0","T0",0.9569,0.0431,"LOW"
27,"1","N0","T0",0.9537,0.0463,"LOW"
28,"1","N0","T0",0.9497,0.0503,"LOW"
29,"1","N0","T0",0.9257,0.0743,"LOW"
30,"1","N0","T0",0.9536,0.0464,"LOW"
31,"1","N0","T0",0.9602,0.0398,"LOW"
32,"1","N0","T0",0.9567,0.0433,"LOW"
33,"1","N0","T0",0.9556,0.0444,"LOW"
34,"1","N0","T0",0.954,0.046,"LOW"
35,"1","N0","T0",0.9563,0.0437,"LOW"
36,"1","N0","T0",0.9595,0.0405,"LOW"
37,"1","N0","T0",0.9599,0.0401,"LOW"
38,"1","N0","T0",0.9601,0.0399,"LOW"
39,"1","N0","T0",0.9595,0.0405,"LOW"
40,"1","N0","T0",0.9578,0.0422,"LOW"
41,"1","N0","T0",0.9594,0.0406,"LOW"
42,"1","N0","T0",0.9593,0.0407,"LOW"
43,"1","N0","T0",0.9581,0.0419,"LOW"
44,"1","N0","T0",0.9585,0.0415,"LOW"
45,"1","N0","T0",0.9585,0.0415,"LOW"
46,"1","N0","T0",0.9576,0.0424,"LOW"
47,"1","N0","T0",0.9558,0.0442,"LOW"
48,"1","N0","T0",0.9559,0.0441,"LOW"
49,"1","N0","T0",0.9559,0.0441,"LOW"
50,"1","N0","T0",0.9554,0.0446,"LOW"
51,"1","N0","T0",0.9542,0.0458,"LOW"
52,"1","N0","T0",0.9531,0.0469,"LOW"
53,"1","N0","T0",0.9536,0.0464,"LOW"
54,"1","N0","T0",0.9535,0.0465,"LOW"
55,"1","N0","T0",0.9534,0.0466,"LOW"
56,"1","N0","T0",0.953,0.047,"LOW"
57,"1","N0","T0",0.9209,0.0791,"LOW"
58,"1","N0","T0",0.9345,0.0655,"LOW"
59,"1","N0","T0",0.9193,0.0807,"LOW"
60,"1","N0","T0",0.9047,0.0953,"LOW"
61,"1","N0","T0",0.9186,0.0814,"LOW"
62,"1","N0","T0",0.9149,0.0851,"LOW"
63,"1","N0","T0",0.9084,0.0916,"LOW"
64,"1","N0","T0",0.9078,0.0922,"LOW"
65,"1","N0","T0",0.9121,0.0879,"LOW"
66,"1","N0","T0",0.9138,0.0862,"LOW"
67,"1","N0","T0",0.917,0.083,"LOW"
68,"1","N0","T0",0.908,0.092,"LOW"
69,"1","N0","T0",0.8984,0.1016,"LOW"
70,"1","N0","T0",0.8946,0.1054,"LOW"
71,"1","N0","T0",0.9029,0.0971,"LOW"
72,"1","N0","T0",0.91,0.09,"LOW"
73,"1","N0","T0",0.903,0.097,"LOW"
74,"1","N0","T0",0.9132,0.0868,"LOW"
75,"1","N0","T0",0.9081,0.0919,"LOW"
76,"1","N0","T0",0.9113,0.0887,"LOW"
77,"1","N0","T0",0.9202,0.0798,"LOW"
78,"1","N0","T0",0.9277,0.0723,"LOW"
79,"1","N0","T0",0.9248,0.0752,"LOW"
80,"1","N0","T0",0.9286,0.0714,"LOW"
81,"1","N0","T0",0.9384,0.0616,"LOW"
82,"1","N0","T0",0.9388,0.0612,"LOW"
83,"1","N0","T0",0.9394,0.0606,"LOW"
84,"1","N0","T0",0.9373,0.0627,"LOW"
85,"1","N0","T0",0.9204,0.0796,"LOW"
86,"1","N0","T0",0.9139,0.0861,"LOW"
87,"1","N0","T0",0.9221,0.0779,"LOW"
88,"1","N0","T0",0.9121,0.0879,"LOW"
89,"1","N0","T0",0.9267,0.0733,"LOW"
90,"1","N0","T0",0.8698,0.1302,"LOW"
91,"1","N0","T0",0.8698,0.1302,"LOW"
92,"1","N0","T0",0.8698,0.1302,"LOW"
93,"1","N0","T0",0.8698,0.1302,"LOW"
94,"1","N0","T0",0.8698,0.1302,"LOW"
95,"1","N0","T0",0.8698,0.1302,"LOW"
96,"1","N0","T0",0.8698,0.1302,"LOW"
97,"1","N0","T0",0.8698,0.1302,"LOW"
98,"1","N0","T0",0.8698,0.1302,"LOW"
99,"1","N0","T0",0.8698,0.1302,"LOW"
0,"2","N0","T0",0.9111,0.0889,"LOW"
1,"2","N0","T0",0.9117,0.0883,"LOW"
2,"2","N0","T0",0.9112,0.0888,"LOW"
3,"2","N0","T0",0.9112,0.0888,"LOW"
4,"2","N0","T0",0.9112,0.0888,"LOW"
5,"2","N0","T0",0.9112,0.0888,"LOW"
6,"2","N0","T0",0.9112,0.0888,"LOW"
7,"2","N0","T0",0.9112,0.0888,"LOW"
8,"2","N0","T0",0.9112,0.0888,"LOW"
9,"2","N0","T0",0.9112,0.0888,"LOW"
10,"2","N0","T0",0.9112,0.0888,"LOW"
11,"2","N0","T0",0.9112,0.0888,"LOW"
12,"2","N0","T0",0.9112,0.0888,"LOW"
13,"2","N0","T0",0.9112,0.0888,"LOW"
14,"2","N0","T0",0.9112,0.0888,"LOW"
15,"2","N0","T0",0.9112,0.0888,"LOW"
16,"2","N0","T0",0.9112,0.0888,"LOW"
17,"2","N0","T0",0.9112,0.0888,"LOW"
18,"2","N0","T0",0.9112,0.0888,"LOW"
19,"2","N0","T0",0.9112,0.0888,"LOW"
20,"2","N0","T0",0.9112,0.0888,"LOW"
21,"2","N0","T0",0.9112,0.0888,"LOW"
22,"2","N0","T0",0.9112,0.0888,"LOW"
23,"2","N0","T0",0.9082,0.0918,"LOW"
24,"2","N0","T0",0.9062,0.0938,"LOW"
25,"2","N0","T0",0.9184,0.0816,"LOW"
26,"2","N0","T0",0.9164,0.0836,"LOW"
27,"2","N0","T0",0.9013,0.0987,"LOW"
28,"2","N0","T0",0.9161,0.0839,"LOW"
29,"2","N0","T0",0.9108,0.0892,"LOW"
30,"2","N0","T0",0.9195,0.0805,"LOW"
31,"2","N0","T0",0.9201,0.0799,"LOW"
32,"2","N0","T0",0.8949,0.1051,"LOW"
33,"2","N0","T0",0.9217,0.0783,"LOW"
34,"2","N0","T0",0.9332,0.0668,"LOW"
35,"2","N0","T0",0.9332,0.0668,"LOW"
36,"2","N0","T0",0.9348,0.0652,"LOW"
37,"2","N0","T0",0.9337,0.0663,"LOW"
38,"2","N0","T0",0.9348,0.0652,"LOW"
39,"2","N0","T0",0.9346,0.0654,"LOW"
40,"2","N0","T0",0.9331,0.0669,"LOW"
41,"2","N0","T0",0.935,0.065,"LOW"
42,"2","N0","T0",0.9334,0.0666,"LOW"
43,"2","N0","T0",0.9339,0.0661,"LOW"
44,"2","N0","T0",0.9341,0.0659,"LOW"
45,"2","N0","T0",0.9339,0.0661,"LOW"
46,"2","N0","T0",0.93,0.07,"LOW"
47,"2","N0","T0",0.9276,0.0724,"LOW"
48,"2","N0","T0",0.931,0.069,"LOW"
49,"2","N0","T0",0.9226,0.0774,"LOW"
50,"2","N0","T0",0.9206,0.0794,"LOW"
51,"2","N0","T0",0.819,0.181,"LOW"
52,"2","N0","T0",0.8446,0.1554,"LOW"
53,"2","N0","T0",0.9077,0.0923,"LOW"
54,"2","N0","T0",0.9204,0.0796,"LOW"
55,"2","N0","T0",0.9204,0.0796,"LOW"
56,"2","N0","T0",0.9192,0.0808,"LOW"
57,"2","N0","T0",0.881,0.119,"LOW"
58,"2","N0","T0",0.8977,0.1023,"LOW"
59,"2","N0","T0",0.8925,0.1075,"LOW"
60,"2","N0","T0",0.8647,0.1353,"LOW"
61,"2","N0","T0",0.8493,0.1507,"LOW"
62,"2","N0","T0",0.8945,0.1055,"LOW"
63,"2","N0","T0",0.8948,0.1052,"LOW"
64,"2","N0","T0",0.8824,0.1176,"LOW"
65,"2","N0","T0",0.8986,0.1014,"LOW"
66,"2","N0","T0",0.8906,0.1094,"LOW"
67,"2","N0","T0",0.8935,0.1065,"LOW"
68,"2","N0","T0",0.8459,0.1541,"LOW"
69,"2","N0","T0",0.859,0.141,"LOW"
70,"2","N0","T0",0.8525,0.1475,"LOW"
71,"2","N0","T0",0.9043,0.0957,"LOW"
72,"2","N0","T0",0.9067,0.0933,"LOW"
73,"2","N0","T0",0.9079,0.0921,"LOW"
74,"2","N0","T0",0.9033,0.0967,"LOW"
75,"2","N0","T0",0.8938,0.1062,"LOW"
76,"2","N0","T0",0.8983,0.1017,"LOW"
77,"2","N0","T0",0.8979,0.1021,"LOW"
78,"2","N0","T0",0.8317,0.1683,"LOW"
79,"2","N0","T0",0.8963,0.1037,"LOW"
80,"2","N0","T0",0.8957,0.1043,"LOW"
81,"2","N0","T0",0.8626,0.1374,"LOW"
82,"2","N0","T0",0.8618,0.1382,"LOW"
83,"2","N0","T0",0.8519,0.1481,"LOW"
84,"2","N0","T0",0.8099,0.1901,"LOW"
85,"2","N0","T0",0.8502,0.1498,"LOW"
86,"2","N0","T0",0.8645,0.1355,"LOW"
87,"2","N0","T0",0.905,0.095,"LOW"
88,"2","N0","T0",0.9143,0.0857,"LOW"
89,"2","N0","T0",0.9165,0.0835,"LOW"
90,"2","N0","T0",0.9207,0.0793,"LOW"
91,"2","N0","T0",0.9207,0.0793,"LOW"
92,"2","N0","T0",0.9207,0.0793,"LOW"
93,"2","N0","T0",0.9207,0.0793,"LOW"
94,"2","N0","T0",0.9207,0.0793,"LOW"
95,"2","N0","T0",0.9207,0.0793,"LOW"
96,"2","N0","T0",0.9207,0.0793,"LOW"
97,"2","N0","T0",0.9207,0.0793,"LOW"
98,"2","N0","T0",0.9207,0.0793,"LOW"
99,"2","N0","T0",0.9207,0.0793,"LOW"
0,"1","N1","T0",0.4564,0.5436,"HIGH"
1,"1","N1","T0",0.4572,0.5428,"HIGH"
2,"1","N1","T0",0.4572,0.5428,"HIGH"
3,"1","N1","T0",0.4572,0.5428,"HIGH"
4,"1","N1","T0",0.4572,0.5428,"HIGH"
5,"1","N1","T0",0.4572,0.5428,"HIGH"
6,"1","N1","T0",0.4572,0.5428,"HIGH"
7,"1","N1","T0",0.4572,0.5428,"HIGH"
8,"1","N1","T0",0.4572,0.5428,"HIGH"
9,"1","N1","T0",0.4572,0.5428,"HIGH"
10,"1","N1","T0",0.4572,0.5428,"HIGH"
11,"1","N1","T0",0.4572,0.5428,"HIGH"
12,"1","N1","T0",0.4572,0.5428,"HIGH"
13,"1","N1","T0",0.4572,0.5428,"HIGH"
14,"1","N1","T0",0.4572,0.5428,"HIGH"
15,"1","N1","T0",0.4572,0.5428,"HIGH"
16,"1","N1","T0",0.4572,0.5428,"HIGH"
17,"1","N1","T0",0.4572,0.5428,"HIGH"
18,"1","N1","T0",0.4572,0.5428,"HIGH"
19,"1","N1","T0",0.4572,0.5428,"HIGH"
20,"1","N1","T0",0.4492,0.5508,"HIGH"
21,"1","N1","T0",0.4472,0.5528,"HIGH"
22,"1","N1","T0",0.4472,0.5528,"HIGH"
23,"1","N1","T0",0.4472,0.5528,"HIGH"
24,"1","N1","T0",0.4472,0.5528,"HIGH"
25,"1","N1","T0",0.4472,0.5528,"HIGH"
26,"1","N1","T0",0.4472,0.5528,"HIGH"
27,"1","N1","T0",0.4472,0.5528,"HIGH"
28,"1","N1","T0",0.4496,0.5504,"HIGH"
29,"1","N1","T0",0.4898,0.5102,"HIGH"
30,"1","N1","T0",0.4958,0.5042,"HIGH"
31,"1","N1","T0",0.4958,0.5042,"HIGH"
32,"1","N1","T0",0.4958,0.5042,"HIGH"
33,"1","N1","T0",0.4958,0.5042,"HIGH"
34,"1","N1","T0",0.4958,0.5042,"HIGH"
35,"1","N1","T0",0.4918,0.5082,"HIGH"
36,"1","N1","T0",0.4758,0.5242,"HIGH"
37,"1","N1","T0",0.4648,0.5352,"HIGH"
38,"1","N1","T0",0.4747,0.5253,"HIGH"
39,"1","N1","T0",0.4881,0.5119,"HIGH"
40,"1","N1","T0",0.4309,0.5691,"HIGH"
41,"1","N1","T0",0.4349,0.5651,"HIGH"
42,"1","N1","T0",0.3955,0.6045,"HIGH"
43,"1","N1","T0",0.378,0.622,"HIGH"
44,"1","N1","T0",0.3747,0.6253,"HIGH"
45,"1","N1","T0",0.3522,0.6478,"HIGH"
46,"1","N1","T0",0.3058,0.6942,"HIGH"
47,"1","N1","T0",0.3163,0.6837,"HIGH"
48,"1","N1","T0",0.364,0.636,"HIGH"
49,"1","N1","T0",0.3972,0.6028,"HIGH"
50,"1","N1","T0",0.3822,0.6178,"HIGH"
51,"1","N1","T0",0.397,0.603,"HIGH"
52,"1","N1","T0",0.3949,0.6051,"HIGH"
53,"1","N1","T0",0.3616,0.6384,"HIGH"
54,"1","N1","T0",0.3349,0.6651,"HIGH"
55,"1","N1","T0",0.3023,0.6977,"HIGH"
56,"1","N1","T0",0.2956,0.7044,"HIGH"
57,"1","N1","T0",0.2748,0.7252,"HIGH"
58,"1","N1","T0",0.2313,0.7687,"HIGH"
59,"1","N1","T0",0.2451,0.7549,"HIGH"
60,"1","N1","T0",0.25,0.75,"HIGH"
61,"1","N1","T0",0.242,0.758,"HIGH"
62,"1","N1","T0",0.2325,0.7675,"HIGH"
63,"1","N1","T0",0.2664,0.7336,"HIGH"
64,"1","N1","T0",0.2407,0.7593,"HIGH"
65,"1","N1","T0",0.2372,0.7628,"HIGH"
66,"1","N1","T0",0.2064,0.7936,"HIGH"
67,"1","N1","T0",0.211,0.789,"HIGH"
68,"1","N1","T0",0.2258,0.7742,"HIGH"
69,"1","N1","T0",0.2289,0.7711,"HIGH"
70,"1","N1","T0",0.2539,0.7461,"HIGH"
71,"1","N1","T0",0.2942,0.7058,"HIGH"
72,"1","N1","T0",0.3115,0.6885,"HIGH"
73,"1","N1","T0",0.3692,0.6308,"HIGH"
74,"1","N1","T0",0.4022,0.5978,"HIGH"
75,"1","N1","T0",0.5432,0.4568,"LOW"
76,"1","N1","T0",0.5514,0.4486,"LOW"
77,"1","N1","T0",0.5691,0.4309,"LOW"
78,"1","N1","T0",0.5473,0.4527,"LOW"
79,"1","N1","T0",0.5933,0.4067,"LOW"
80,"1","N1","T0",0.6046,0.3954,"LOW"
81,"1","N1","T0",0.6236,0.3764,"LOW"
82,"1","N1","T0",0.6343,0.3657,"LOW"
83,"1","N1","T0",0.6061,0.3939,"LOW"
84,"1","N1","T0",0.6376,0.3624,"LOW"
85,"1","N1","T0",0.616,0.384,"LOW"
86,"1","N1","T0",0.5944,0.4056,"LOW"
87,"1","N1","T0",0.599,0.401,"LOW"
88,"1","N1","T0",0.5905,0.4095,"LOW"
89,"1","N1","T0",0.5936,0.4064,"LOW"
90,"1","N1","T0",0.6405,0.3595,"LOW"
91,"1","N1","T0",0.6405,0.3595,"LOW"
92,"1","N1","T0",0.6405,0.3595,"LOW"
93,"1","N1","T0",0.6405,0.3595,"LOW"
94,"1","N1","T0",0.6405,0.3595,"LOW"
95,"1","N1","T0",0.6405,0.3595,"LOW"
96,"1","N1","T0",0.6405,0.3595,"LOW"
97,"1","N1","T0",0.6405,0.3595,"LOW"
98,"1","N1","T0",0.6405,0.3595,"LOW"
99,"1","N1","T0",0.6405,0.3595,"LOW"
0,"2","N1","T0",0.4023,0.5977,"HIGH"
1,"2","N1","T0",0.4032,0.5968,"HIGH"
2,"2","N1","T0",0.4032,0.5968,"HIGH"
3,"2","N1","T0",0.4032,0.5968,"HIGH"
4,"2","N1","T0",0.4032,0.5968,"HIGH"
5,"2","N1","T0",0.4032,0.5968,"HIGH"
6,"2","N1","T0",0.4032,0.5968,"HIGH"
7,"2","N1","T0",0.4032,0.5968,"HIGH"
8,"2","N1","T0",0.4032,0.5968,"HIGH"
9,"2","N1","T0",0.4032,0.5968,"HIGH"
10,"2","N1","T0",0.4032,0.5968,"HIGH"
11,"2","N1","T0",0.4032,0.5968,"HIGH"
12,"2","N1","T0",0.4032,0.5968,"HIGH"
13,"2","N1","T0",0.4032,0.5968,"HIGH"
14,"2","N1","T0",0.4032,0.5968,"HIGH"
15,"2","N1","T0",0.4032,0.5968,"HIGH"
16,"2","N1","T0",0.4032,0.5968,"HIGH"
17,"2","N1","T0",0.4032,0.5968,"HIGH"
18,"2","N1","T0",0.4032,0.5968,"HIGH"
19,"2","N1","T0",0.4032,0.5968,"HIGH"
20,"2","N1","T0",0.3813,0.6187,"HIGH"
21,"2","N1","T0",0.3773,0.6227,"HIGH"
22,"2","N1","T0",0.3773,0.6227,"HIGH"
23,"2","N1","T0",0.3773,0.6227,"HIGH"
24,"2","N1","T0",0.3773,0.6227,"HIGH"
25,"2","N1","T0",0.3773,0.6227,"HIGH"
26,"2","N1","T0",0.3773,0.6227,"HIGH"
27,"2","N1","T0",0.3753,0.6247,"HIGH"
28,"2","N1","T0",0.3832,0.6168,"HIGH"
29,"2","N1","T0",0.4271,0.5729,"HIGH"
30,"2","N1","T0",0.4169,0.5831,"HIGH"
31,"2","N1","T0",0.4168,0.5832,"HIGH"
32,"2","N1","T0",0.4179,0.5821,"HIGH"
33,"2","N1","T0",0.4179,0.5821,"HIGH"
34,"2","N1","T0",0.416,0.584,"HIGH"
35,"2","N1","T0",0.3885,0.6115,"HIGH"
36,"2","N1","T0",0.3704,0.6296,"HIGH"
37,"2","N1","T0",0.3604,0.6396,"HIGH"
38,"2","N1","T0",0.3794,0.6206,"HIGH"
39,"2","N1","T0",0.3833,0.6167,"HIGH"
40,"2","N1","T0",0.3346,0.6654,"HIGH"
41,"2","N1","T0",0.3362,0.6638,"HIGH"
42,"2","N1","T0",0.2963,0.7037,"HIGH"
43,"2","N1","T0",0.2828,0.7172,"HIGH"
44,"2","N1","T0",0.2944,0.7056,"HIGH"
45,"2","N1","T0",0.2939,0.7061,"HIGH"
46,"2","N1","T0",0.2535,0.7465,"HIGH"
47,"2","N1","T0",0.2445,0.7555,"HIGH"
48,"2","N1","T0",0.2501,0.7499,"HIGH"
49,"2","N1","T0",0.3197,0.6803,"HIGH"
50,"2","N1","T0",0.324,0.676,"HIGH"
51,"2","N1","T0",0.3365,0.6635,"HIGH"
52,"2","N1","T0",0.3495,0.6505,"HIGH"
53,"2","N1","T0",0.3277,0.6723,"HIGH"
54,"2","N1","T0",0.3295,0.6705,"HIGH"
55,"2","N1","T0",0.3256,0.6744,"HIGH"
56,"2","N1","T0",0.3025,0.6975,"HIGH"
57,"2","N1","T0",0.2822,0.7178,"HIGH"
58,"2","N1","T0",0.2489,0.7511,"HIGH"
59,"2","N1","T0",0.2501,0.7499,"HIGH"
60,"2","N1","T0",0.2563,0.7437,"HIGH"
61,"2","N1","T0",0.2675,0.7325,"HIGH"
62,"2","N1","T0",0.3103,0.6897,"HIGH"
63,"2","N1","T0",0.31,0.69,"HIGH"
64,"2","N1","T0",0.2763,0.7237,"HIGH"
65,"2","N1","T0",0.2509,0.7491,"HIGH"
66,"2","N1","T0",0.2262,0.7738,"HIGH"
67,"2","N1","T0",0.2598,0.7402,"HIGH"
68,"2","N1","T0",0.2467,0.7533,"HIGH"
69,"2","N1","T0",0.2668,0.7332,"HIGH"
70,"2","N1","T0",0.3021,0.6979,"HIGH"
71,"2","N1","T0",0.3227,0.6773,"HIGH"
72,"2","N1","T0",0.3304,0.6696,"HIGH"
73,"2","N1","T0",0.3259,0.6741,"HIGH"
74,"2","N1","T0",0.3544,0.6456,"HIGH"
75,"2","N1","T0",0.4339,0.5661,"HIGH"
76,"2","N1","T0",0.4648,0.5352,"HIGH"
77,"2","N1","T0",0.4865,0.5135,"HIGH"
78,"2","N1","T0",0.4551,0.5449,"HIGH"
79,"2","N1","T0",0.478,0.522,"HIGH"
80,"2","N1","T0",0.5275,0.4725,"LOW"
81,"2","N1","T0",0.5221,0.4779,"LOW"
82,"2","N1","T0",0.5283,0.4717,"LOW"
83,"2","N1","T0",0.4972,0.5028,"HIGH"
84,"2","N1","T0",0.5082,0.4918,"LOW"
85,"2","N1","T0",0.584,0.416,"LOW"
86,"2","N1","T0",0.5815,0.4185,"LOW"
87,"2","N1","T0",0.6056,0.3944,"LOW"
88,"2","N1","T0",0.6162,0.3838,"LOW"
89,"2","N1","T0",0.6047,0.3953,"LOW"
90,"2","N1","T0",0.5398,0.4602,"LOW"
91,"2","N1","T0",0.5398,0.4602,"LOW"
92,"2","N1","T0",0.5398,0.4602,"LOW"
93,"2","N1","T0",0.5398,0.4602,"LOW"
94,"2","N1","T0",0.5398,0.4602,"LOW"
95,"2","N1","T0",0.5398,0.4602,"LOW"
96,"2","N1","T0",0.5398,0.4602,"LOW"
97,"2","N1","T0",0.5398,0.4602,"LOW"
98,"2","N1","T0",0.5398,0.4602,"LOW"
99,"2","N1","T0",0.5398,0.4602,"LOW"
0,"1","N2","T0",0.3817,0.6183,"HIGH"
1,"1","N2","T0",0.3817,0.6183,"HIGH"
2,"1","N2","T0",0.3817,0.6183,"HIGH"
3,"1","N2","T0",0.3817,0.6183,"HIGH"
4,"1","N2","T0",0.3817,0.6183,"HIGH"
5,"1","N2","T0",0.3817,0.6183,"HIGH"
6,"1","N2","T0",0.3817,0.6183,"HIGH"
7,"1","N2","T0",0.3817,0.6183,"HIGH"
8,"1","N2","T0",0.3817,0.6183,"HIGH"
9,"1","N2","T0",0.3817,0.6183,"HIGH"
10,"1","N2","T0",0.3817,0.6183,"HIGH"
11,"1","N2","T0",0.3817,0.6183,"HIGH"
12,"1","N2","T0",0.3817,0.6183,"HIGH"
13,"1","N2","T0",0.3817,0.6183,"HIGH"
14,"1","N2","T0",0.3817,0.6183,"HIGH"
15,"1","N2","T0",0.3817,0.6183,"HIGH"
16,"1","N2","T0",0.3817,0.6183,"HIGH"
17,"1","N2","T0",0.3817,0.6183,"HIGH"
18,"1","N2","T0",0.3817,0.6183,"HIGH"
19,"1","N2","T0",0.3817,0.6183,"HIGH"
20,"1","N2","T0",0.3817,0.6183,"HIGH"
21,"1","N2","T0",0.3817,0.6183,"HIGH"
22,"1","N2","T0",0.3817,0.6183,"HIGH"
23,"1","N2","T0",0.3817,0.6183,"HIGH"
24,"1","N2","T0",0.3817,0.6183,"HIGH"
25,"1","N2","T0",0.3937,0.6063,"HIGH"
26,"1","N2","T0",0.4023,0.5977,"HIGH"
27,"1","N2","T0",0.4023,0.5977,"HIGH"
28,"1","N2","T0",0.4023,0.5977,"HIGH"
29,"1","N2","T0",0.4023,0.5977,"HIGH"
30,"1","N2","T0",0.4481,0.5519,"HIGH"
31,"1","N2","T0",0.4856,0.5144,"HIGH"
32,"1","N2","T0",0.4267,0.5733,"HIGH"
33,"1","N2","T0",0.4086,0.5914,"HIGH"
34,"1","N2","T0",0.4569,0.5431,"HIGH"
35,"1","N2","T0",0.4942,0.5058,"HIGH"
36,"1","N2","T0",0.5064,0.4936,"LOW"
37,"1","N2","T0",0.5321,0.4679,"LOW"
38,"1","N2","T0",0.5253,0.4747,"LOW"
39,"1","N2","T0",0.3841,0.6159,"HIGH"
40,"1","N2","T0",0.3581,0.6419,"HIGH"
41,"1","N2","T0",0.3879,0.6121,"HIGH"
42,"1","N2","T0",0.3201,0.6799,"HIGH"
43,"1","N2","T0",0.3224,0.6776,"HIGH"
44,"1","N2","T0",0.3307,0.6693,"HIGH"
45,"1","N2","T0",0.4084,0.5916,"HIGH"
46,"1","N2","T0",0.4207,0.5793,"HIGH"
47,"1","N2","T0",0.4225,0.5775,"HIGH"
48,"1","N2","T0",0.3981,0.6019,"HIGH"
49,"1","N2","T0",0.4058,0.5942,"HIGH"
50,"1","N2","T0",0.4189,0.5811,"HIGH"
51,"1","N2","T0",0.4421,0.5579,"HIGH"
52,"1","N2","T0",0.4305,0.5695,"HIGH"
53,"1","N2","T0",0.4421,0.5579,"HIGH"
54,"1","N2","T0",0.4353,0.5647,"HIGH"
55,"1","N2","T0",0.4679,0.5321,"HIGH"
56,"1","N2","T0",0.4479,0.5521,"HIGH"
57,"1","N2","T0",0.3861,0.6139,"HIGH"
58,"1","N2","T0",0.3885,0.6115,"HIGH"
59,"1","N2","T0",0.3792,0.6208,"HIGH"
60,"1","N2","T0",0.3733,0.6267,"HIGH"
61,"1","N2","T0",0.3497,0.6503,"HIGH"
62,"1","N2","T0",0.3478,0.6522,"HIGH"
63,"1","N2","T0",0.3337,0.6663,"HIGH"
64,"1","N2","T0",0.3302,0.6698,"HIGH"
65,"1","N2","T0",0.3123,0.6877,"HIGH"
66,"1","N2","T0",0.2463,0.7537,"HIGH"
67,"1","N2","T0",0.2238,0.7762,"HIGH"
68,"1","N2","T0",0.2048,0.7952,"HIGH"
69,"1","N2","T0",0.2094,0.7906,"HIGH"
70,"1","N2","T0",0.2024,0.7976,"HIGH"
71,"1","N2","T0",0.2001,0.7999,"HIGH"
72,"1","N2","T0",0.1912,0.8088,"HIGH"
73,"1","N2","T0",0.1992,0.8008,"HIGH"
74,"1","N2","T0",0.2029,0.7971,"HIGH"
75,"1","N2","T0",0.221,0.779,"HIGH"
76,"1","N2","T0",0.2216,0.7784,"HIGH"
77,"1","N2","T0",0.2316,0.7684,"HIGH"
78,"1","N2","T0",0.2582,0.7418,"HIGH"
79,"1","N2","T0",0.2409,0.7591,"HIGH"
80,"1","N2","T0",0.2256,0.7744,"HIGH"
81,"1","N2","T0",0.2075,0.7925,"HIGH"
82,"1","N2","T0",0.2606,0.7394,"HIGH"
83,"1","N2","T0",0.2944,0.7056,"HIGH"
84,"1","N2","T0",0.3616,0.6384,"HIGH"
85,"1","N2","T0",0.3654,0.6346,"HIGH"
86,"1","N2","T0",0.3617,0.6383,"HIGH"
87,"1","N2","T0",0.5874,0.4126,"LOW"
88,"1","N2","T0",0.5581,0.4419,"LOW"
89,"1","N2","T0",0.6515,0.3485,"LOW"
90,"1","N2","T0",0.5349,0.4651,"LOW"
91,"1","N2","T0",0.5349,0.4651,"LOW"
92,"1","N2","T0",0.5349,0.4651,"LOW"
93,"1","N2","T0",0.5349,0.4651,"LOW"
94,"1","N2","T0",0.5349,0.4651,"LOW"
95,"1","N2","T0",0.5349,0.4651,"LOW"
96,"1","N2","T0",0.5349,0.4651,"LOW"
97,"1","N2","T0",0.5349,0.4651,"LOW"
98,"1","N2","T0",0.5349,0.4651,"LOW"
99,"1","N2","T0",0.5349,0.4651,"LOW"
0,"2","N2","T0",0.2613,0.7387,"HIGH"
1,"2","N2","T0",0.2613,0.7387,"HIGH"
2,"2","N2","T0",0.2613,0.7387,"HIGH"
3,"2","N2","T0",0.2613,0.7387,"HIGH"
4,"2","N2","T0",0.2613,0.7387,"HIGH"
5,"2","N2","T0",0.2613,0.7387,"HIGH"
6,"2","N2","T0",0.2613,0.7387,"HIGH"
7,"2","N2","T0",0.2613,0.7387,"HIGH"
8,"2","N2","T0",0.2613,0.7387,"HIGH"
9,"2","N2","T0",0.2613,0.7387,"HIGH"
10,"2","N2","T0",0.2613,0.7387,"HIGH"
11,"2","N2","T0",0.2613,0.7387,"HIGH"
12,"2","N2","T0",0.2613,0.7387,"HIGH"
13,"2","N2","T0",0.2613,0.7387,"HIGH"
14,"2","N2","T0",0.2613,0.7387,"HIGH"
15,"2","N2","T0",0.2613,0.7387,"HIGH"
16,"2","N2","T0",0.2613,0.7387,"HIGH"
17,"2","N2","T0",0.2613,0.7387,"HIGH"
18,"2","N2","T0",0.2613,0.7387,"HIGH"
19,"2","N2","T0",0.2613,0.7387,"HIGH"
20,"2","N2","T0",0.2613,0.7387,"HIGH"
21,"2","N2","T0",0.2613,0.7387,"HIGH"
22,"2","N2","T0",0.2613,0.7387,"HIGH"
23,"2","N2","T0",0.2613,0.7387,"HIGH"
24,"2","N2","T0",0.2613,0.7387,"HIGH"
25,"2","N2","T0",0.2903,0.7097,"HIGH"
26,"2","N2","T0",0.2923,0.7077,"HIGH"
27,"2","N2","T0",0.2923,0.7077,"HIGH"
28,"2","N2","T0",0.2923,0.7077,"HIGH"
29,"2","N2","T0",0.2923,0.7077,"HIGH"
30,"2","N2","T0",0.3783,0.6217,"HIGH"
31,"2","N2","T0",0.4288,0.5712,"HIGH"
32,"2","N2","T0",0.3836,0.6164,"HIGH"
33,"2","N2","T0",0.3146,0.6854,"HIGH"
34,"2","N2","T0",0.3112,0.6888,"HIGH"
35,"2","N2","T0",0.2831,0.7169,"HIGH"
36,"2","N2","T0",0.2938,0.7062,"HIGH"
37,"2","N2","T0",0.2784,0.7216,"HIGH"
38,"2","N2","T0",0.2642,0.7358,"HIGH"
39,"2","N2","T0",0.2482,0.7518,"HIGH"
40,"2","N2","T0",0.306,0.694,"HIGH"
41,"2","N2","T0",0.3906,0.6094,"HIGH"
42,"2","N2","T0",0.4465,0.5535,"HIGH"
43,"2","N2","T0",0.4185,0.5815,"HIGH"
44,"2","N2","T0",0.3679,0.6321,"HIGH"
45,"2","N2","T0",0.3896,0.6104,"HIGH"
46,"2","N2","T0",0.4747,0.5253,"HIGH"
47,"2","N2","T0",0.4644,0.5356,"HIGH"
48,"2","N2","T0",0.44,0.56,"HIGH"
49,"2","N2","T0",0.516,0.484,"LOW"
50,"2","N2","T0",0.5077,0.4923,"LOW"
51,"2","N2","T0",0.5524,0.4476,"LOW"
52,"2","N2","T0",0.549,0.451,"LOW"
53,"2","N2","T0",0.5902,0.4098,"LOW"
54,"2","N2","T0",0.5391,0.4609,"LOW"
55,"2","N2","T0",0.561,0.439,"LOW"
56,"2","N2","T0",0.55,0.45,"LOW"
57,"2","N2","T0",0.5053,0.4947,"LOW"
58,"2","N2","T0",0.5151,0.4849,"LOW"
59,"2","N2","T0",0.5133,0.4867,"LOW"
60,"2","N2","T0",0.5408,0.4592,"LOW"
61,"2","N2","T0",0.5412,0.4588,"LOW"
62,"2","N2","T0",0.5468,0.4532,"LOW"
63,"2","N2","T0",0.5586,0.4414,"LOW"
64,"2","N2","T0",0.5846,0.4154,"LOW"
65,"2","N2","T0",0.5517,0.4483,"LOW"
66,"2","N2","T0",0.3656,0.6344,"HIGH"
67,"2","N2","T0",0.3781,0.6219,"HIGH"
68,"2","N2","T0",0.3811,0.6189,"HIGH"
69,"2","N2","T0",0.3794,0.6206,"HIGH"
70,"2","N2","T0",0.3923,0.6077,"HIGH"
71,"2","N2","T0",0.3583,0.6417,"HIGH"
72,"2","N2","T0",0.3847,0.6153,"HIGH"
73,"2","N2","T0",0.3838,0.6162,"HIGH"
74,"2","N2","T0",0.3712,0.6288,"HIGH"
75,"2","N2","T0",0.4049,0.5951,"HIGH"
76,"2","N2","T0",0.412,0.588,"HIGH"
77,"2","N2","T0",0.3787,0.6213,"HIGH"
78,"2","N2","T0",0.4274,0.5726,"HIGH"
79,"2","N2","T0",0.4254,0.5746,"HIGH"
80,"2","N2","T0",0.4072,0.5928,"HIGH"
81,"2","N2","T0",0.404,0.596,"HIGH"
82,"2","N2","T0",0.3996,0.6004,"HIGH"
83,"2","N2","T0",0.4442,0.5558,"HIGH"
84,"2","N2","T0",0.5153,0.4847,"LOW"
85,"2","N2","T0",0.4009,0.5991,"HIGH"
86,"2","N2","T0",0.4119,0.5881,"HIGH"
87,"2","N2","T0",0.4792,0.5208,"HIGH"
88,"2","N2","T0",0.6059,0.3941,"LOW"
89,"2","N2","T0",0.6531,0.3469,"LOW"
90,"2","N2","T0",0.5586,0.4414,"LOW"
91,"2","N2","T0",0.5586,0.4414,"LOW"
92,"2","N2","T0",0.5586,0.4414,"LOW"
93,"2","N2","T0",0.5586,0.4414,"LOW"
94,"2","N2","T0",0.5586,0.4414,"LOW"
95,"2","N2","T0",0.5586,0.4414,"LOW"
96,"2","N2","T0",0.5586,0.4414,"LOW"
97,"2","N2","T0",0.5586,0.4414,"LOW"
98,"2","N2","T0",0.5586,0.4414,"LOW"
99,"2","N2","T0",0.5586,0.4414,"LOW"
0,"1","N3","T0",0.18,0.82,"HIGH"
1,"1","N3","T0",0.18,0.82,"HIGH"
2,"1","N3","T0",0.18,0.82,"HIGH"
3,"1","N3","T0",0.18,0.82,"HIGH"
4,"1","N3","T0",0.18,0.82,"HIGH"
5,"1","N3","T0",0.18,0.82,"HIGH"
6,"1","N3","T0",0.18,0.82,"HIGH"
7,"1","N3","T0",0.18,0.82,"HIGH"
8,"1","N3","T0",0.18,0.82,"HIGH"
9,"1","N3","T0",0.18,0.82,"HIGH"
10,"1","N3","T0",0.18,0.82,"HIGH"
11,"1","N3","T0",0.18,0.82,"HIGH"
12,"1","N3","T0",0.18,0.82,"HIGH"
13,"1","N3","T0",0.18,0.82,"HIGH"
14,"1","N3","T0",0.18,0.82,"HIGH"
15,"1","N3","T0",0.18,0.82,"HIGH"
16,"1","N3","T0",0.18,0.82,"HIGH"
17,"1","N3","T0",0.18,0.82,"HIGH"
18,"1","N3","T0",0.18,0.82,"HIGH"
19,"1","N3","T0",0.18,0.82,"HIGH"
20,"1","N3","T0",0.18,0.82,"HIGH"
21,"1","N3","T0",0.18,0.82,"HIGH"
22,"1","N3","T0",0.18,0.82,"HIGH"
23,"1","N3","T0",0.18,0.82,"HIGH"
24,"1","N3","T0",0.18,0.82,"HIGH"
25,"1","N3","T0",0.18,0.82,"HIGH"
26,"1","N3","T0",0.18,0.82,"HIGH"
27,"1","N3","T0",0.18,0.82,"HIGH"
28,"1","N3","T0",0.18,0.82,"HIGH"
29,"1","N3","T0",0.18,0.82,"HIGH"
30,"1","N3","T0",0.18,0.82,"HIGH"
31,"1","N3","T0",0.18,0.82,"HIGH"
32,"1","N3","T0",0.18,0.82,"HIGH"
33,"1","N3","T0",0.18,0.82,"HIGH"
34,"1","N3","T0",0.18,0.82,"HIGH"
35,"1","N3","T0",0.18,0.82,"HIGH"
36,"1","N3","T0",0.1978,0.8022,"HIGH"
37,"1","N3","T0",0.2058,0.7942,"HIGH"
38,"1","N3","T0",0.2219,0.7781,"HIGH"
39,"1","N3","T0",0.2529,0.7471,"HIGH"
40,"1","N3","T0",0.2409,0.7591,"HIGH"
41,"1","N3","T0",0.2206,0.7794,"HIGH"
42,"1","N3","T0",0.2178,0.7822,"HIGH"
43,"1","N3","T0",0.4415,0.5585,"HIGH"
44,"1","N3","T0",0.611,0.389,"LOW"
45,"1","N3","T0",0.5788,0.4212,"LOW"
46,"1","N3","T0",0.5435,0.4565,"LOW"
47,"1","N3","T0",0.5517,0.4483,"LOW"
48,"1","N3","T0",0.5104,0.4896,"LOW"
49,"1","N3","T0",0.5187,0.4813,"LOW"
50,"1","N3","T0",0.5564,0.4436,"LOW"
51,"1","N3","T0",0.511,0.489,"LOW"
52,"1","N3","T0",0.4958,0.5042,"HIGH"
53,"1","N3","T0",0.5167,0.4833,"LOW"
54,"1","N3","T0",0.5132,0.4868,"LOW"
55,"1","N3","T0",0.5393,0.4607,"LOW"
56,"1","N3","T0",0.5013,0.4987,"LOW"
57,"1","N3","T0",0.5682,0.4318,"LOW"
58,"1","N3","T0",0.563,0.437,"LOW"
59,"1","N3","T0",0.445,0.555,"HIGH"
60,"1","N3","T0",0.4045,0.5955,"HIGH"
61,"1","N3","T0",0.3505,0.6495,"HIGH"
62,"1","N3","T0",0.3418,0.6582,"HIGH"
63,"1","N3","T0",0.3303,0.6697,"HIGH"
64,"1","N3","T0",0.3482,0.6518,"HIGH"
65,"1","N3","T0",0.4316,0.5684,"HIGH"
66,"1","N3","T0",0.296,0.704,"HIGH"
67,"1","N3","T0",0.2792,0.7208,"HIGH"
68,"1","N3","T0",0.2872,0.7128,"HIGH"
69,"1","N3","T0",0.3141,0.6859,"HIGH"
70,"1","N3","T0",0.2849,0.7151,"HIGH"
71,"1","N3","T0",0.3433,0.6567,"HIGH"
72,"1","N3","T0",0.2357,0.7643,"HIGH"
73,"1","N3","T0",0.1428,0.8572,"HIGH"
74,"1","N3","T0",0.2137,0.7863,"HIGH"
75,"1","N3","T0",0.2142,0.7858,"HIGH"
76,"1","N3","T0",0.2044,0.7956,"HIGH"
77,"1","N3","T0",0.2161,0.7839,"HIGH"
78,"1","N3","T0",0.192,0.808,"HIGH"
79,"1","N3","T0",0.261,0.739,"HIGH"
80,"1","N3","T0",0.2952,0.7048,"HIGH"
81,"1","N3","T0",0.3112,0.6888,"HIGH"
82,"1","N3","T0",0.2677,0.7323,"HIGH"
83,"1","N3","T0",0.3407,0.6593,"HIGH"
84,"1","N3","T0",0.1229,0.8771,"HIGH"
85,"1","N3","T0",0.2021,0.7979,"HIGH"
86,"1","N3","T0",0.1976,0.8024,"HIGH"
87,"1","N3","T0",0.225,0.775,"HIGH"
88,"1","N3","T0",0.3243,0.6757,"HIGH"
89,"1","N3","T0",0.257,0.743,"HIGH"
90,"1","N3","T0",0.2578,0.7422,"HIGH"
91,"1","N3","T0",0.2578,0.7422,"HIGH"
92,"1","N3","T0",0.2578,0.7422,"HIGH"
93,"1","N3","T0",0.2578,0.7422,"HIGH"
94,"1","N3","T0",0.2578,0.7422,"HIGH"
95,"1","N3","T0",0.2578,0.7422,"HIGH"
96,"1","N3","T0",0.2578,0.7422,"HIGH"
97,"1","N3","T0",0.2578,0.7422,"HIGH"
98,"1","N3","T0",0.2578,0.7422,"HIGH"
99,"1","N3","T0",0.2578,0.7422,"HIGH"
0,"2","N3","T0",0.3106,0.6894,"HIGH"
1,"2","N3","T0",0.3106,0.6894,"HIGH"
2,"2","N3","T0",0.3106,0.6894,"HIGH"
3,"2","N3","T0",0.3106,0.6894,"HIGH"
4,"2","N3","T0",0.3106,0.6894,"HIGH"
5,"2","N3","T0",0.3106,0.6894,"HIGH"
6,"2","N3","T0",0.3106,0.6894,"HIGH"
7,"2","N3","T0",0.3106,0.6894,"HIGH"
8,"2","N3","T0",0.3106,0.6894,"HIGH"
9,"2","N3","T0",0.3106,0.6894,"HIGH"
10,"2","N3","T0",0.3106,0.6894,"HIGH"
11,"2","N3","T0",0.3106,0.6894,"HIGH"
12,"2","N3","T0",0.3106,0.6894,"HIGH"
13,"2","N3","T0",0.3106,0.6894,"HIGH"
14,"2","N3","T0",0.3106,0.6894,"HIGH"
15,"2","N3","T0",0.3106,0.6894,"HIGH"
16,"2","N3","T0",0.3106,0.6894,"HIGH"
17,"2","N3","T0",0.3106,0.6894,"HIGH"
18,"2","N3","T0",0.3106,0.6894,"HIGH"
19,"2","N3","T0",0.3106,0.6894,"HIGH"
20,"2","N3","T0",0.3106,0.6894,"HIGH"
21,"2","N3","T0",0.3106,0.6894,"HIGH"
22,"2","N3","T0",0.3106,0.6894,"HIGH"
23,"2","N3","T0",0.3106,0.6894,"HIGH"
24,"2","N3","T0",0.3106,0.6894,"HIGH"
25,"2","N3","T0",0.3106,0.6894,"HIGH"
26,"2","N3","T0",0.3106,0.6894,"HIGH"
27,"2","N3","T0",0.3106,0.6894,"HIGH"
28,"2","N3","T0",0.3106,0.6894,"HIGH"
29,"2","N3","T0",0.3106,0.6894,"HIGH"
30,"2","N3","T0",0.3106,0.6894,"HIGH"
31,"2","N3","T0",0.3106,0.6894,"HIGH"
32,"2","N3","T0",0.3106,0.6894,"HIGH"
33,"2","N3","T0",0.3106,0.6894,"HIGH"
34,"2","N3","T0",0.3106,0.6894,"HIGH"
35,"2","N3","T0",0.3106,0.6894,"HIGH"
36,"2","N3","T0",0.3406,0.6594,"HIGH"
37,"2","N3","T0",0.3706,0.6294,"HIGH"
38,"2","N3","T0",0.4004,0.5996,"HIGH"
39,"2","N3","T0",0.4725,0.5275,"HIGH"
40,"2","N3","T0",0.4605,0.5395,"HIGH"
41,"2","N3","T0",0.4136,0.5864,"HIGH"
42,"2","N3","T0",0.3915,0.6085,"HIGH"
43,"2","N3","T0",0.5858,0.4142,"LOW"
44,"2","N3","T0",0.658,0.342,"LOW"
45,"2","N3","T0",0.5074,0.4926,"LOW"
46,"2","N3","T0",0.5151,0.4849,"LOW"
47,"2","N3","T0",0.7124,0.2876,"LOW"
48,"2","N3","T0",0.7628,0.2372,"LOW"
49,"2","N3","T0",0.7652,0.2348,"LOW"
50,"2","N3","T0",0.7327,0.2673,"LOW"
51,"2","N3","T0",0.6868,0.3132,"LOW"
52,"2","N3","T0",0.6438,0.3562,"LOW"
53,"2","N3","T0",0.6557,0.3443,"LOW"
54,"2","N3","T0",0.7187,0.2813,"LOW"
55,"2","N3","T0",0.6651,0.3349,"LOW"
56,"2","N3","T0",0.6046,0.3954,"LOW"
57,"2","N3","T0",0.6611,0.3389,"LOW"
58,"2","N3","T0",0.6895,0.3105,"LOW"
59,"2","N3","T0",0.5369,0.4631,"LOW"
60,"2","N3","T0",0.5841,0.4159,"LOW"
61,"2","N3","T0",0.5425,0.4575,"LOW"
62,"2","N3","T0",0.5061,0.4939,"LOW"
63,"2","N3","T0",0.5057,0.4943,"LOW"
64,"2","N3","T0",0.4626,0.5374,"HIGH"
65,"2","N3","T0",0.5088,0.4912,"LOW"
66,"2","N3","T0",0.5206,0.4794,"LOW"
67,"2","N3","T0",0.4647,0.5353,"HIGH"
68,"2","N3","T0",0.4378,0.5622,"HIGH"
69,"2","N3","T0",0.4662,0.5338,"HIGH"
70,"2","N3","T0",0.47,0.53,"HIGH"
71,"2","N3","T0",0.4069,0.5931,"HIGH"
72,"2","N3","T0",0.3548,0.6452,"HIGH"
73,"2","N3","T0",0.379,0.621,"HIGH"
74,"2","N3","T0",0.3294,0.6706,"HIGH"
75,"2","N3","T0",0.2429,0.7571,"HIGH"
76,"2","N3","T0",0.2422,0.7578,"HIGH"
77,"2","N3","T0",0.1966,0.8034,"HIGH"
78,"2","N3","T0",0.2846,0.7154,"HIGH"
79,"2","N3","T0",0.3413,0.6587,"HIGH"
80,"2","N3","T0",0.2856,0.7144,"HIGH"
81,"2","N3","T0",0.299,0.701,"HIGH"
82,"2","N3","T0",0.2942,0.7058,"HIGH"
83,"2","N3","T0",0.3122,0.6878,"HIGH"
84,"2","N3","T0",0.401,0.599,"HIGH"
85,"2","N3","T0",0.3988,0.6012,"HIGH"
86,"2","N3","T0",0.3676,0.6324,"HIGH"
87,"2","N3","T0",0.4117,0.5883,"HIGH"
88,"2","N3","T0",0.3603,0.6397,"HIGH"
89,"2","N3","T0",0.3815,0.6185,"HIGH"
90,"2","N3","T0",0.5771,0.4229,"LOW"
91,"2","N3","T0",0.5771,0.4229,"LOW"
92,"2","N3","T0",0.5771,0.4229,"LOW"
93,"2","N3","T0",0.5771,0.4229,"LOW"
94,"2","N3","T0",0.5771,0.4229,"LOW"
95,"2","N3","T0",0.5771,0.4229,"LOW"
96,"2","N3","T0",0.5771,0.4229,"LOW"
97,"2","N3","T0",0.5771,0.4229,"LOW"
98,"2","N3","T0",0.5771,0.4229,"LOW"
99,"2","N3","T0",0.5771,0.4229,"LOW"
0,"1","Other/Unknown","T0",0.7146,0.2854,"LOW"
1,"1","Other/Unknown","T0",0.7332,0.2668,"LOW"
2,"1","Other/Unknown","T0",0.7358,0.2642,"LOW"
3,"1","Other/Unknown","T0",0.7358,0.2642,"LOW"
4,"1","Other/Unknown","T0",0.7331,0.2669,"LOW"
5,"1","Other/Unknown","T0",0.7354,0.2646,"LOW"
6,"1","Other/Unknown","T0",0.7354,0.2646,"LOW"
7,"1","Other/Unknown","T0",0.7354,0.2646,"LOW"
8,"1","Other/Unknown","T0",0.7354,0.2646,"LOW"
9,"1","Other/Unknown","T0",0.7354,0.2646,"LOW"
10,"1","Other/Unknown","T0",0.7354,0.2646,"LOW"
11,"1","Other/Unknown","T0",0.7354,0.2646,"LOW"
12,"1","Other/Unknown","T0",0.7354,0.2646,"LOW"
13,"1","Other/Unknown","T0",0.7354,0.2646,"LOW"
14,"1","Other/Unknown","T0",0.7354,0.2646,"LOW"
15,"1","Other/Unknown","T0",0.7354,0.2646,"LOW"
16,"1","Other/Unknown","T0",0.7354,0.2646,"LOW"
17,"1","Other/Unknown","T0",0.7354,0.2646,"LOW"
18,"1","Other/Unknown","T0",0.7354,0.2646,"LOW"
19,"1","Other/Unknown","T0",0.7354,0.2646,"LOW"
20,"1","Other/Unknown","T0",0.7354,0.2646,"LOW"
21,"1","Other/Unknown","T0",0.7326,0.2674,"LOW"
22,"1","Other/Unknown","T0",0.7326,0.2674,"LOW"
23,"1","Other/Unknown","T0",0.7356,0.2644,"LOW"
24,"1","Other/Unknown","T0",0.7362,0.2638,"LOW"
25,"1","Other/Unknown","T0",0.7362,0.2638,"LOW"
26,"1","Other/Unknown","T0",0.7362,0.2638,"LOW"
27,"1","Other/Unknown","T0",0.7362,0.2638,"LOW"
28,"1","Other/Unknown","T0",0.7362,0.2638,"LOW"
29,"1","Other/Unknown","T0",0.7494,0.2506,"LOW"
30,"1","Other/Unknown","T0",0.7487,0.2513,"LOW"
31,"1","Other/Unknown","T0",0.7529,0.2471,"LOW"
32,"1","Other/Unknown","T0",0.7501,0.2499,"LOW"
33,"1","Other/Unknown","T0",0.7502,0.2498,"LOW"
34,"1","Other/Unknown","T0",0.7626,0.2374,"LOW"
35,"1","Other/Unknown","T0",0.7678,0.2322,"LOW"
36,"1","Other/Unknown","T0",0.7702,0.2298,"LOW"
37,"1","Other/Unknown","T0",0.7722,0.2278,"LOW"
38,"1","Other/Unknown","T0",0.7694,0.2306,"LOW"
39,"1","Other/Unknown","T0",0.7704,0.2296,"LOW"
40,"1","Other/Unknown","T0",0.7636,0.2364,"LOW"
41,"1","Other/Unknown","T0",0.7638,0.2362,"LOW"
42,"1","Other/Unknown","T0",0.763,0.237,"LOW"
43,"1","Other/Unknown","T0",0.765,0.235,"LOW"
44,"1","Other/Unknown","T0",0.7622,0.2378,"LOW"
45,"1","Other/Unknown","T0",0.7308,0.2692,"LOW"
46,"1","Other/Unknown","T0",0.7233,0.2767,"LOW"
47,"1","Other/Unknown","T0",0.6862,0.3138,"LOW"
48,"1","Other/Unknown","T0",0.6895,0.3105,"LOW"
49,"1","Other/Unknown","T0",0.6679,0.3321,"LOW"
50,"1","Other/Unknown","T0",0.6458,0.3542,"LOW"
51,"1","Other/Unknown","T0",0.6693,0.3307,"LOW"
52,"1","Other/Unknown","T0",0.7124,0.2876,"LOW"
53,"1","Other/Unknown","T0",0.7373,0.2627,"LOW"
54,"1","Other/Unknown","T0",0.7364,0.2636,"LOW"
55,"1","Other/Unknown","T0",0.7065,0.2935,"LOW"
56,"1","Other/Unknown","T0",0.6944,0.3056,"LOW"
57,"1","Other/Unknown","T0",0.6217,0.3783,"LOW"
58,"1","Other/Unknown","T0",0.6018,0.3982,"LOW"
59,"1","Other/Unknown","T0",0.6243,0.3757,"LOW"
60,"1","Other/Unknown","T0",0.6687,0.3313,"LOW"
61,"1","Other/Unknown","T0",0.7518,0.2482,"LOW"
62,"1","Other/Unknown","T0",0.8072,0.1928,"LOW"
63,"1","Other/Unknown","T0",0.8192,0.1808,"LOW"
64,"1","Other/Unknown","T0",0.8179,0.1821,"LOW"
65,"1","Other/Unknown","T0",0.8282,0.1718,"LOW"
66,"1","Other/Unknown","T0",0.8134,0.1866,"LOW"
67,"1","Other/Unknown","T0",0.7456,0.2544,"LOW"
68,"1","Other/Unknown","T0",0.8618,0.1382,"LOW"
69,"1","Other/Unknown","T0",0.8847,0.1153,"LOW"
70,"1","Other/Unknown","T0",0.884,0.116,"LOW"
71,"1","Other/Unknown","T0",0.8884,0.1116,"LOW"
72,"1","Other/Unknown","T0",0.8733,0.1267,"LOW"
73,"1","Other/Unknown","T0",0.8927,0.1073,"LOW"
74,"1","Other/Unknown","T0",0.8813,0.1187,"LOW"
75,"1","Other/Unknown","T0",0.8854,0.1146,"LOW"
76,"1","Other/Unknown","T0",0.8616,0.1384,"LOW"
77,"1","Other/Unknown","T0",0.778,0.222,"LOW"
78,"1","Other/Unknown","T0",0.802,0.198,"LOW"
79,"1","Other/Unknown","T0",0.8712,0.1288,"LOW"
80,"1","Other/Unknown","T0",0.8583,0.1417,"LOW"
81,"1","Other/Unknown","T0",0.8697,0.1303,"LOW"
82,"1","Other/Unknown","T0",0.8383,0.1617,"LOW"
83,"1","Other/Unknown","T0",0.8039,0.1961,"LOW"
84,"1","Other/Unknown","T0",0.8163,0.1837,"LOW"
85,"1","Other/Unknown","T0",0.8413,0.1587,"LOW"
86,"1","Other/Unknown","T0",0.8706,0.1294,"LOW"
87,"1","Other/Unknown","T0",0.8893,0.1107,"LOW"
88,"1","Other/Unknown","T0",0.8837,0.1163,"LOW"
89,"1","Other/Unknown","T0",0.7594,0.2406,"LOW"
90,"1","Other/Unknown","T0",0.8348,0.1652,"LOW"
91,"1","Other/Unknown","T0",0.8348,0.1652,"LOW"
92,"1","Other/Unknown","T0",0.8348,0.1652,"LOW"
93,"1","Other/Unknown","T0",0.8348,0.1652,"LOW"
94,"1","Other/Unknown","T0",0.8348,0.1652,"LOW"
95,"1","Other/Unknown","T0",0.8348,0.1652,"LOW"
96,"1","Other/Unknown","T0",0.8348,0.1652,"LOW"
97,"1","Other/Unknown","T0",0.8348,0.1652,"LOW"
98,"1","Other/Unknown","T0",0.8348,0.1652,"LOW"
99,"1","Other/Unknown","T0",0.8348,0.1652,"LOW"
0,"2","Other/Unknown","T0",0.8351,0.1649,"LOW"
1,"2","Other/Unknown","T0",0.8729,0.1271,"LOW"
2,"2","Other/Unknown","T0",0.8727,0.1273,"LOW"
3,"2","Other/Unknown","T0",0.8727,0.1273,"LOW"
4,"2","Other/Unknown","T0",0.872,0.128,"LOW"
5,"2","Other/Unknown","T0",0.8727,0.1273,"LOW"
6,"2","Other/Unknown","T0",0.8727,0.1273,"LOW"
7,"2","Other/Unknown","T0",0.8727,0.1273,"LOW"
8,"2","Other/Unknown","T0",0.8727,0.1273,"LOW"
9,"2","Other/Unknown","T0",0.8727,0.1273,"LOW"
10,"2","Other/Unknown","T0",0.8727,0.1273,"LOW"
11,"2","Other/Unknown","T0",0.8727,0.1273,"LOW"
12,"2","Other/Unknown","T0",0.8727,0.1273,"LOW"
13,"2","Other/Unknown","T0",0.8727,0.1273,"LOW"
14,"2","Other/Unknown","T0",0.8727,0.1273,"LOW"
15,"2","Other/Unknown","T0",0.8727,0.1273,"LOW"
16,"2","Other/Unknown","T0",0.8727,0.1273,"LOW"
17,"2","Other/Unknown","T0",0.8727,0.1273,"LOW"
18,"2","Other/Unknown","T0",0.8727,0.1273,"LOW"
19,"2","Other/Unknown","T0",0.8727,0.1273,"LOW"
20,"2","Other/Unknown","T0",0.8727,0.1273,"LOW"
21,"2","Other/Unknown","T0",0.8717,0.1283,"LOW"
22,"2","Other/Unknown","T0",0.8717,0.1283,"LOW"
23,"2","Other/Unknown","T0",0.8717,0.1283,"LOW"
24,"2","Other/Unknown","T0",0.872,0.128,"LOW"
25,"2","Other/Unknown","T0",0.872,0.128,"LOW"
26,"2","Other/Unknown","T0",0.873,0.127,"LOW"
27,"2","Other/Unknown","T0",0.8491,0.1509,"LOW"
28,"2","Other/Unknown","T0",0.8325,0.1675,"LOW"
29,"2","Other/Unknown","T0",0.8512,0.1488,"LOW"
30,"2","Other/Unknown","T0",0.8533,0.1467,"LOW"
31,"2","Other/Unknown","T0",0.8382,0.1618,"LOW"
32,"2","Other/Unknown","T0",0.8376,0.1624,"LOW"
33,"2","Other/Unknown","T0",0.8389,0.1611,"LOW"
34,"2","Other/Unknown","T0",0.8761,0.1239,"LOW"
35,"2","Other/Unknown","T0",0.8914,0.1086,"LOW"
36,"2","Other/Unknown","T0",0.8919,0.1081,"LOW"
37,"2","Other/Unknown","T0",0.8903,0.1097,"LOW"
38,"2","Other/Unknown","T0",0.8925,0.1075,"LOW"
39,"2","Other/Unknown","T0",0.8922,0.1078,"LOW"
40,"2","Other/Unknown","T0",0.8891,0.1109,"LOW"
41,"2","Other/Unknown","T0",0.8848,0.1152,"LOW"
42,"2","Other/Unknown","T0",0.8846,0.1154,"LOW"
43,"2","Other/Unknown","T0",0.8895,0.1105,"LOW"
44,"2","Other/Unknown","T0",0.8904,0.1096,"LOW"
45,"2","Other/Unknown","T0",0.8672,0.1328,"LOW"
46,"2","Other/Unknown","T0",0.8398,0.1602,"LOW"
47,"2","Other/Unknown","T0",0.8411,0.1589,"LOW"
48,"2","Other/Unknown","T0",0.8451,0.1549,"LOW"
49,"2","Other/Unknown","T0",0.8705,0.1295,"LOW"
50,"2","Other/Unknown","T0",0.8657,0.1343,"LOW"
51,"2","Other/Unknown","T0",0.868,0.132,"LOW"
52,"2","Other/Unknown","T0",0.8743,0.1257,"LOW"
53,"2","Other/Unknown","T0",0.8738,0.1262,"LOW"
54,"2","Other/Unknown","T0",0.8563,0.1437,"LOW"
55,"2","Other/Unknown","T0",0.8325,0.1675,"LOW"
56,"2","Other/Unknown","T0",0.8229,0.1771,"LOW"
57,"2","Other/Unknown","T0",0.7851,0.2149,"LOW"
58,"2","Other/Unknown","T0",0.7733,0.2267,"LOW"
59,"2","Other/Unknown","T0",0.7694,0.2306,"LOW"
60,"2","Other/Unknown","T0",0.7704,0.2296,"LOW"
61,"2","Other/Unknown","T0",0.7671,0.2329,"LOW"
62,"2","Other/Unknown","T0",0.7844,0.2156,"LOW"
63,"2","Other/Unknown","T0",0.7825,0.2175,"LOW"
64,"2","Other/Unknown","T0",0.7615,0.2385,"LOW"
65,"2","Other/Unknown","T0",0.7799,0.2201,"LOW"
66,"2","Other/Unknown","T0",0.7674,0.2326,"LOW"
67,"2","Other/Unknown","T0",0.6163,0.3837,"LOW"
68,"2","Other/Unknown","T0",0.6795,0.3205,"LOW"
69,"2","Other/Unknown","T0",0.7598,0.2402,"LOW"
70,"2","Other/Unknown","T0",0.7172,0.2828,"LOW"
71,"2","Other/Unknown","T0",0.7209,0.2791,"LOW"
72,"2","Other/Unknown","T0",0.6625,0.3375,"LOW"
73,"2","Other/Unknown","T0",0.644,0.356,"LOW"
74,"2","Other/Unknown","T0",0.6139,0.3861,"LOW"
75,"2","Other/Unknown","T0",0.6747,0.3253,"LOW"
76,"2","Other/Unknown","T0",0.7341,0.2659,"LOW"
77,"2","Other/Unknown","T0",0.7115,0.2885,"LOW"
78,"2","Other/Unknown","T0",0.7352,0.2648,"LOW"
79,"2","Other/Unknown","T0",0.6961,0.3039,"LOW"
80,"2","Other/Unknown","T0",0.6744,0.3256,"LOW"
81,"2","Other/Unknown","T0",0.6957,0.3043,"LOW"
82,"2","Other/Unknown","T0",0.6848,0.3152,"LOW"
83,"2","Other/Unknown","T0",0.7043,0.2957,"LOW"
84,"2","Other/Unknown","T0",0.6993,0.3007,"LOW"
85,"2","Other/Unknown","T0",0.7145,0.2855,"LOW"
86,"2","Other/Unknown","T0",0.7271,0.2729,"LOW"
87,"2","Other/Unknown","T0",0.7421,0.2579,"LOW"
88,"2","Other/Unknown","T0",0.7094,0.2906,"LOW"
89,"2","Other/Unknown","T0",0.7039,0.2961,"LOW"
90,"2","Other/Unknown","T0",0.7289,0.2711,"LOW"
91,"2","Other/Unknown","T0",0.7289,0.2711,"LOW"
92,"2","Other/Unknown","T0",0.7289,0.2711,"LOW"
93,"2","Other/Unknown","T0",0.7289,0.2711,"LOW"
94,"2","Other/Unknown","T0",0.7289,0.2711,"LOW"
95,"2","Other/Unknown","T0",0.7289,0.2711,"LOW"
96,"2","Other/Unknown","T0",0.7289,0.2711,"LOW"
97,"2","Other/Unknown","T0",0.7289,0.2711,"LOW"
98,"2","Other/Unknown","T0",0.7289,0.2711,"LOW"
99,"2","Other/Unknown","T0",0.7289,0.2711,"LOW"
0,"1","N0","Other/Unknown",0.9907,0.0093,"LOW"
1,"1","N0","Other/Unknown",0.9933,0.0067,"LOW"
2,"1","N0","Other/Unknown",0.9933,0.0067,"LOW"
3,"1","N0","Other/Unknown",0.9933,0.0067,"LOW"
4,"1","N0","Other/Unknown",0.9933,0.0067,"LOW"
5,"1","N0","Other/Unknown",0.9933,0.0067,"LOW"
6,"1","N0","Other/Unknown",0.9933,0.0067,"LOW"
7,"1","N0","Other/Unknown",0.9933,0.0067,"LOW"
8,"1","N0","Other/Unknown",0.9933,0.0067,"LOW"
9,"1","N0","Other/Unknown",0.9933,0.0067,"LOW"
10,"1","N0","Other/Unknown",0.9933,0.0067,"LOW"
11,"1","N0","Other/Unknown",0.9933,0.0067,"LOW"
12,"1","N0","Other/Unknown",0.9933,0.0067,"LOW"
13,"1","N0","Other/Unknown",0.9933,0.0067,"LOW"
14,"1","N0","Other/Unknown",0.9933,0.0067,"LOW"
15,"1","N0","Other/Unknown",0.9933,0.0067,"LOW"
16,"1","N0","Other/Unknown",0.9933,0.0067,"LOW"
17,"1","N0","Other/Unknown",0.9933,0.0067,"LOW"
18,"1","N0","Other/Unknown",0.9933,0.0067,"LOW"
19,"1","N0","Other/Unknown",0.9933,0.0067,"LOW"
20,"1","N0","Other/Unknown",0.9933,0.0067,"LOW"
21,"1","N0","Other/Unknown",0.9933,0.0067,"LOW"
22,"1","N0","Other/Unknown",0.9933,0.0067,"LOW"
23,"1","N0","Other/Unknown",0.9933,0.0067,"LOW"
24,"1","N0","Other/Unknown",0.9933,0.0067,"LOW"
25,"1","N0","Other/Unknown",0.9933,0.0067,"LOW"
26,"1","N0","Other/Unknown",0.9933,0.0067,"LOW"
27,"1","N0","Other/Unknown",0.9933,0.0067,"LOW"
28,"1","N0","Other/Unknown",0.9931,0.0069,"LOW"
29,"1","N0","Other/Unknown",0.9911,0.0089,"LOW"
30,"1","N0","Other/Unknown",0.9934,0.0066,"LOW"
31,"1","N0","Other/Unknown",0.9934,0.0066,"LOW"
32,"1","N0","Other/Unknown",0.9933,0.0067,"LOW"
33,"1","N0","Other/Unknown",0.9934,0.0066,"LOW"
34,"1","N0","Other/Unknown",0.9934,0.0066,"LOW"
35,"1","N0","Other/Unknown",0.9926,0.0074,"LOW"
36,"1","N0","Other/Unknown",0.9934,0.0066,"LOW"
37,"1","N0","Other/Unknown",0.9934,0.0066,"LOW"
38,"1","N0","Other/Unknown",0.9934,0.0066,"LOW"
39,"1","N0","Other/Unknown",0.9934,0.0066,"LOW"
40,"1","N0","Other/Unknown",0.9929,0.0071,"LOW"
41,"1","N0","Other/Unknown",0.9928,0.0072,"LOW"
42,"1","N0","Other/Unknown",0.9932,0.0068,"LOW"
43,"1","N0","Other/Unknown",0.9931,0.0069,"LOW"
44,"1","N0","Other/Unknown",0.9926,0.0074,"LOW"
45,"1","N0","Other/Unknown",0.9921,0.0079,"LOW"
46,"1","N0","Other/Unknown",0.9917,0.0083,"LOW"
47,"1","N0","Other/Unknown",0.9915,0.0085,"LOW"
48,"1","N0","Other/Unknown",0.9919,0.0081,"LOW"
49,"1","N0","Other/Unknown",0.992,0.008,"LOW"
50,"1","N0","Other/Unknown",0.9914,0.0086,"LOW"
51,"1","N0","Other/Unknown",0.9916,0.0084,"LOW"
52,"1","N0","Other/Unknown",0.9914,0.0086,"LOW"
53,"1","N0","Other/Unknown",0.9915,0.0085,"LOW"
54,"1","N0","Other/Unknown",0.9914,0.0086,"LOW"
55,"1","N0","Other/Unknown",0.9915,0.0085,"LOW"
56,"1","N0","Other/Unknown",0.9916,0.0084,"LOW"
57,"1","N0","Other/Unknown",0.9918,0.0082,"LOW"
58,"1","N0","Other/Unknown",0.9919,0.0081,"LOW"
59,"1","N0","Other/Unknown",0.9912,0.0088,"LOW"
60,"1","N0","Other/Unknown",0.9907,0.0093,"LOW"
61,"1","N0","Other/Unknown",0.9908,0.0092,"LOW"
62,"1","N0","Other/Unknown",0.9911,0.0089,"LOW"
63,"1","N0","Other/Unknown",0.9913,0.0087,"LOW"
64,"1","N0","Other/Unknown",0.9913,0.0087,"LOW"
65,"1","N0","Other/Unknown",0.9914,0.0086,"LOW"
66,"1","N0","Other/Unknown",0.991,0.009,"LOW"
67,"1","N0","Other/Unknown",0.9909,0.0091,"LOW"
68,"1","N0","Other/Unknown",0.9913,0.0087,"LOW"
69,"1","N0","Other/Unknown",0.9914,0.0086,"LOW"
70,"1","N0","Other/Unknown",0.9914,0.0086,"LOW"
71,"1","N0","Other/Unknown",0.9914,0.0086,"LOW"
72,"1","N0","Other/Unknown",0.9915,0.0085,"LOW"
73,"1","N0","Other/Unknown",0.9918,0.0082,"LOW"
74,"1","N0","Other/Unknown",0.9906,0.0094,"LOW"
75,"1","N0","Other/Unknown",0.9907,0.0093,"LOW"
76,"1","N0","Other/Unknown",0.9905,0.0095,"LOW"
77,"1","N0","Other/Unknown",0.9906,0.0094,"LOW"
78,"1","N0","Other/Unknown",0.9905,0.0095,"LOW"
79,"1","N0","Other/Unknown",0.9905,0.0095,"LOW"
80,"1","N0","Other/Unknown",0.9908,0.0092,"LOW"
81,"1","N0","Other/Unknown",0.9892,0.0108,"LOW"
82,"1","N0","Other/Unknown",0.9892,0.0108,"LOW"
83,"1","N0","Other/Unknown",0.9893,0.0107,"LOW"
84,"1","N0","Other/Unknown",0.9894,0.0106,"LOW"
85,"1","N0","Other/Unknown",0.9897,0.0103,"LOW"
86,"1","N0","Other/Unknown",0.9892,0.0108,"LOW"
87,"1","N0","Other/Unknown",0.9878,0.0122,"LOW"
88,"1","N0","Other/Unknown",0.9881,0.0119,"LOW"
89,"1","N0","Other/Unknown",0.988,0.012,"LOW"
90,"1","N0","Other/Unknown",0.9879,0.0121,"LOW"
91,"1","N0","Other/Unknown",0.9879,0.0121,"LOW"
92,"1","N0","Other/Unknown",0.9879,0.0121,"LOW"
93,"1","N0","Other/Unknown",0.9879,0.0121,"LOW"
94,"1","N0","Other/Unknown",0.9879,0.0121,"LOW"
95,"1","N0","Other/Unknown",0.9879,0.0121,"LOW"
96,"1","N0","Other/Unknown",0.9879,0.0121,"LOW"
97,"1","N0","Other/Unknown",0.9879,0.0121,"LOW"
98,"1","N0","Other/Unknown",0.9879,0.0121,"LOW"
99,"1","N0","Other/Unknown",0.9879,0.0121,"LOW"
0,"2","N0","Other/Unknown",0.9883,0.0117,"LOW"
1,"2","N0","Other/Unknown",0.9892,0.0108,"LOW"
2,"2","N0","Other/Unknown",0.9891,0.0109,"LOW"
3,"2","N0","Other/Unknown",0.9891,0.0109,"LOW"
4,"2","N0","Other/Unknown",0.9891,0.0109,"LOW"
5,"2","N0","Other/Unknown",0.9891,0.0109,"LOW"
6,"2","N0","Other/Unknown",0.9891,0.0109,"LOW"
7,"2","N0","Other/Unknown",0.9891,0.0109,"LOW"
8,"2","N0","Other/Unknown",0.9891,0.0109,"LOW"
9,"2","N0","Other/Unknown",0.9891,0.0109,"LOW"
10,"2","N0","Other/Unknown",0.9891,0.0109,"LOW"
11,"2","N0","Other/Unknown",0.9891,0.0109,"LOW"
12,"2","N0","Other/Unknown",0.9891,0.0109,"LOW"
13,"2","N0","Other/Unknown",0.9891,0.0109,"LOW"
14,"2","N0","Other/Unknown",0.9891,0.0109,"LOW"
15,"2","N0","Other/Unknown",0.9891,0.0109,"LOW"
16,"2","N0","Other/Unknown",0.9891,0.0109,"LOW"
17,"2","N0","Other/Unknown",0.9891,0.0109,"LOW"
18,"2","N0","Other/Unknown",0.9891,0.0109,"LOW"
19,"2","N0","Other/Unknown",0.9891,0.0109,"LOW"
20,"2","N0","Other/Unknown",0.9891,0.0109,"LOW"
21,"2","N0","Other/Unknown",0.9891,0.0109,"LOW"
22,"2","N0","Other/Unknown",0.9891,0.0109,"LOW"
23,"2","N0","Other/Unknown",0.9891,0.0109,"LOW"
24,"2","N0","Other/Unknown",0.9891,0.0109,"LOW"
25,"2","N0","Other/Unknown",0.9891,0.0109,"LOW"
26,"2","N0","Other/Unknown",0.9891,0.0109,"LOW"
27,"2","N0","Other/Unknown",0.9891,0.0109,"LOW"
28,"2","N0","Other/Unknown",0.9834,0.0166,"LOW"
29,"2","N0","Other/Unknown",0.9886,0.0114,"LOW"
30,"2","N0","Other/Unknown",0.9886,0.0114,"LOW"
31,"2","N0","Other/Unknown",0.9885,0.0115,"LOW"
32,"2","N0","Other/Unknown",0.987,0.013,"LOW"
33,"2","N0","Other/Unknown",0.9878,0.0122,"LOW"
34,"2","N0","Other/Unknown",0.9893,0.0107,"LOW"
35,"2","N0","Other/Unknown",0.9879,0.0121,"LOW"
36,"2","N0","Other/Unknown",0.99,0.01,"LOW"
37,"2","N0","Other/Unknown",0.99,0.01,"LOW"
38,"2","N0","Other/Unknown",0.99,0.01,"LOW"
39,"2","N0","Other/Unknown",0.99,0.01,"LOW"
40,"2","N0","Other/Unknown",0.9899,0.0101,"LOW"
41,"2","N0","Other/Unknown",0.9899,0.0101,"LOW"
42,"2","N0","Other/Unknown",0.988,0.012,"LOW"
43,"2","N0","Other/Unknown",0.9884,0.0116,"LOW"
44,"2","N0","Other/Unknown",0.9882,0.0118,"LOW"
45,"2","N0","Other/Unknown",0.9879,0.0121,"LOW"
46,"2","N0","Other/Unknown",0.9889,0.0111,"LOW"
47,"2","N0","Other/Unknown",0.9888,0.0112,"LOW"
48,"2","N0","Other/Unknown",0.9889,0.0111,"LOW"
49,"2","N0","Other/Unknown",0.9886,0.0114,"LOW"
50,"2","N0","Other/Unknown",0.9889,0.0111,"LOW"
51,"2","N0","Other/Unknown",0.9888,0.0112,"LOW"
52,"2","N0","Other/Unknown",0.989,0.011,"LOW"
53,"2","N0","Other/Unknown",0.9889,0.0111,"LOW"
54,"2","N0","Other/Unknown",0.9886,0.0114,"LOW"
55,"2","N0","Other/Unknown",0.989,0.011,"LOW"
56,"2","N0","Other/Unknown",0.9883,0.0117,"LOW"
57,"2","N0","Other/Unknown",0.9888,0.0112,"LOW"
58,"2","N0","Other/Unknown",0.99,0.01,"LOW"
59,"2","N0","Other/Unknown",0.9897,0.0103,"LOW"
60,"2","N0","Other/Unknown",0.9895,0.0105,"LOW"
61,"2","N0","Other/Unknown",0.9894,0.0106,"LOW"
62,"2","N0","Other/Unknown",0.9895,0.0105,"LOW"
63,"2","N0","Other/Unknown",0.9903,0.0097,"LOW"
64,"2","N0","Other/Unknown",0.9902,0.0098,"LOW"
65,"2","N0","Other/Unknown",0.9897,0.0103,"LOW"
66,"2","N0","Other/Unknown",0.9901,0.0099,"LOW"
67,"2","N0","Other/Unknown",0.9899,0.0101,"LOW"
68,"2","N0","Other/Unknown",0.9898,0.0102,"LOW"
69,"2","N0","Other/Unknown",0.9898,0.0102,"LOW"
70,"2","N0","Other/Unknown",0.9899,0.0101,"LOW"
71,"2","N0","Other/Unknown",0.9901,0.0099,"LOW"
72,"2","N0","Other/Unknown",0.9896,0.0104,"LOW"
73,"2","N0","Other/Unknown",0.9895,0.0105,"LOW"
74,"2","N0","Other/Unknown",0.9864,0.0136,"LOW"
75,"2","N0","Other/Unknown",0.9879,0.0121,"LOW"
76,"2","N0","Other/Unknown",0.9876,0.0124,"LOW"
77,"2","N0","Other/Unknown",0.9866,0.0134,"LOW"
78,"2","N0","Other/Unknown",0.9865,0.0135,"LOW"
79,"2","N0","Other/Unknown",0.9868,0.0132,"LOW"
80,"2","N0","Other/Unknown",0.9863,0.0137,"LOW"
81,"2","N0","Other/Unknown",0.9859,0.0141,"LOW"
82,"2","N0","Other/Unknown",0.9861,0.0139,"LOW"
83,"2","N0","Other/Unknown",0.9862,0.0138,"LOW"
84,"2","N0","Other/Unknown",0.9859,0.0141,"LOW"
85,"2","N0","Other/Unknown",0.9861,0.0139,"LOW"
86,"2","N0","Other/Unknown",0.9852,0.0148,"LOW"
87,"2","N0","Other/Unknown",0.984,0.016,"LOW"
88,"2","N0","Other/Unknown",0.9861,0.0139,"LOW"
89,"2","N0","Other/Unknown",0.9814,0.0186,"LOW"
90,"2","N0","Other/Unknown",0.9813,0.0187,"LOW"
91,"2","N0","Other/Unknown",0.9813,0.0187,"LOW"
92,"2","N0","Other/Unknown",0.9813,0.0187,"LOW"
93,"2","N0","Other/Unknown",0.9813,0.0187,"LOW"
94,"2","N0","Other/Unknown",0.9813,0.0187,"LOW"
95,"2","N0","Other/Unknown",0.9813,0.0187,"LOW"
96,"2","N0","Other/Unknown",0.9813,0.0187,"LOW"
97,"2","N0","Other/Unknown",0.9813,0.0187,"LOW"
98,"2","N0","Other/Unknown",0.9813,0.0187,"LOW"
99,"2","N0","Other/Unknown",0.9813,0.0187,"LOW"
0,"1","N1","Other/Unknown",0.7449,0.2551,"LOW"
1,"1","N1","Other/Unknown",0.7458,0.2542,"LOW"
2,"1","N1","Other/Unknown",0.7458,0.2542,"LOW"
3,"1","N1","Other/Unknown",0.7458,0.2542,"LOW"
4,"1","N1","Other/Unknown",0.7458,0.2542,"LOW"
5,"1","N1","Other/Unknown",0.7458,0.2542,"LOW"
6,"1","N1","Other/Unknown",0.7458,0.2542,"LOW"
7,"1","N1","Other/Unknown",0.7458,0.2542,"LOW"
8,"1","N1","Other/Unknown",0.7458,0.2542,"LOW"
9,"1","N1","Other/Unknown",0.7458,0.2542,"LOW"
10,"1","N1","Other/Unknown",0.7458,0.2542,"LOW"
11,"1","N1","Other/Unknown",0.7458,0.2542,"LOW"
12,"1","N1","Other/Unknown",0.7458,0.2542,"LOW"
13,"1","N1","Other/Unknown",0.7458,0.2542,"LOW"
14,"1","N1","Other/Unknown",0.7458,0.2542,"LOW"
15,"1","N1","Other/Unknown",0.7458,0.2542,"LOW"
16,"1","N1","Other/Unknown",0.7458,0.2542,"LOW"
17,"1","N1","Other/Unknown",0.7458,0.2542,"LOW"
18,"1","N1","Other/Unknown",0.7458,0.2542,"LOW"
19,"1","N1","Other/Unknown",0.7458,0.2542,"LOW"
20,"1","N1","Other/Unknown",0.7458,0.2542,"LOW"
21,"1","N1","Other/Unknown",0.7438,0.2562,"LOW"
22,"1","N1","Other/Unknown",0.7438,0.2562,"LOW"
23,"1","N1","Other/Unknown",0.7438,0.2562,"LOW"
24,"1","N1","Other/Unknown",0.7438,0.2562,"LOW"
25,"1","N1","Other/Unknown",0.7438,0.2562,"LOW"
26,"1","N1","Other/Unknown",0.7438,0.2562,"LOW"
27,"1","N1","Other/Unknown",0.7438,0.2562,"LOW"
28,"1","N1","Other/Unknown",0.747,0.253,"LOW"
29,"1","N1","Other/Unknown",0.7715,0.2285,"LOW"
30,"1","N1","Other/Unknown",0.7715,0.2285,"LOW"
31,"1","N1","Other/Unknown",0.7715,0.2285,"LOW"
32,"1","N1","Other/Unknown",0.7715,0.2285,"LOW"
33,"1","N1","Other/Unknown",0.7715,0.2285,"LOW"
34,"1","N1","Other/Unknown",0.7715,0.2285,"LOW"
35,"1","N1","Other/Unknown",0.7715,0.2285,"LOW"
36,"1","N1","Other/Unknown",0.7715,0.2285,"LOW"
37,"1","N1","Other/Unknown",0.7715,0.2285,"LOW"
38,"1","N1","Other/Unknown",0.7715,0.2285,"LOW"
39,"1","N1","Other/Unknown",0.7715,0.2285,"LOW"
40,"1","N1","Other/Unknown",0.7553,0.2447,"LOW"
41,"1","N1","Other/Unknown",0.7487,0.2513,"LOW"
42,"1","N1","Other/Unknown",0.7288,0.2712,"LOW"
43,"1","N1","Other/Unknown",0.5383,0.4617,"LOW"
44,"1","N1","Other/Unknown",0.5181,0.4819,"LOW"
45,"1","N1","Other/Unknown",0.5101,0.4899,"LOW"
46,"1","N1","Other/Unknown",0.5823,0.4177,"LOW"
47,"1","N1","Other/Unknown",0.608,0.392,"LOW"
48,"1","N1","Other/Unknown",0.6573,0.3427,"LOW"
49,"1","N1","Other/Unknown",0.6584,0.3416,"LOW"
50,"1","N1","Other/Unknown",0.6305,0.3695,"LOW"
51,"1","N1","Other/Unknown",0.6569,0.3431,"LOW"
52,"1","N1","Other/Unknown",0.638,0.362,"LOW"
53,"1","N1","Other/Unknown",0.5978,0.4022,"LOW"
54,"1","N1","Other/Unknown",0.5537,0.4463,"LOW"
55,"1","N1","Other/Unknown",0.5384,0.4616,"LOW"
56,"1","N1","Other/Unknown",0.5633,0.4367,"LOW"
57,"1","N1","Other/Unknown",0.566,0.434,"LOW"
58,"1","N1","Other/Unknown",0.5542,0.4458,"LOW"
59,"1","N1","Other/Unknown",0.5551,0.4449,"LOW"
60,"1","N1","Other/Unknown",0.5534,0.4466,"LOW"
61,"1","N1","Other/Unknown",0.5386,0.4614,"LOW"
62,"1","N1","Other/Unknown",0.5345,0.4655,"LOW"
63,"1","N1","Other/Unknown",0.5551,0.4449,"LOW"
64,"1","N1","Other/Unknown",0.5546,0.4454,"LOW"
65,"1","N1","Other/Unknown",0.5681,0.4319,"LOW"
66,"1","N1","Other/Unknown",0.5661,0.4339,"LOW"
67,"1","N1","Other/Unknown",0.5577,0.4423,"LOW"
68,"1","N1","Other/Unknown",0.5498,0.4502,"LOW"
69,"1","N1","Other/Unknown",0.5441,0.4559,"LOW"
70,"1","N1","Other/Unknown",0.5859,0.4141,"LOW"
71,"1","N1","Other/Unknown",0.5865,0.4135,"LOW"
72,"1","N1","Other/Unknown",0.5704,0.4296,"LOW"
73,"1","N1","Other/Unknown",0.5856,0.4144,"LOW"
74,"1","N1","Other/Unknown",0.5975,0.4025,"LOW"
75,"1","N1","Other/Unknown",0.6018,0.3982,"LOW"
76,"1","N1","Other/Unknown",0.6182,0.3818,"LOW"
77,"1","N1","Other/Unknown",0.6067,0.3933,"LOW"
78,"1","N1","Other/Unknown",0.6179,0.3821,"LOW"
79,"1","N1","Other/Unknown",0.6022,0.3978,"LOW"
80,"1","N1","Other/Unknown",0.5951,0.4049,"LOW"
81,"1","N1","Other/Unknown",0.6179,0.3821,"LOW"
82,"1","N1","Other/Unknown",0.6135,0.3865,"LOW"
83,"1","N1","Other/Unknown",0.6239,0.3761,"LOW"
84,"1","N1","Other/Unknown",0.6353,0.3647,"LOW"
85,"1","N1","Other/Unknown",0.5886,0.4114,"LOW"
86,"1","N1","Other/Unknown",0.571,0.429,"LOW"
87,"1","N1","Other/Unknown",0.553,0.447,"LOW"
88,"1","N1","Other/Unknown",0.5156,0.4844,"LOW"
89,"1","N1","Other/Unknown",0.4986,0.5014,"HIGH"
90,"1","N1","Other/Unknown",0.5572,0.4428,"LOW"
91,"1","N1","Other/Unknown",0.5572,0.4428,"LOW"
92,"1","N1","Other/Unknown",0.5572,0.4428,"LOW"
93,"1","N1","Other/Unknown",0.5572,0.4428,"LOW"
94,"1","N1","Other/Unknown",0.5572,0.4428,"LOW"
95,"1","N1","Other/Unknown",0.5572,0.4428,"LOW"
96,"1","N1","Other/Unknown",0.5572,0.4428,"LOW"
97,"1","N1","Other/Unknown",0.5572,0.4428,"LOW"
98,"1","N1","Other/Unknown",0.5572,0.4428,"LOW"
99,"1","N1","Other/Unknown",0.5572,0.4428,"LOW"
0,"2","N1","Other/Unknown",0.7921,0.2079,"LOW"
1,"2","N1","Other/Unknown",0.7929,0.2071,"LOW"
2,"2","N1","Other/Unknown",0.7929,0.2071,"LOW"
3,"2","N1","Other/Unknown",0.7929,0.2071,"LOW"
4,"2","N1","Other/Unknown",0.7929,0.2071,"LOW"
5,"2","N1","Other/Unknown",0.7929,0.2071,"LOW"
6,"2","N1","Other/Unknown",0.7929,0.2071,"LOW"
7,"2","N1","Other/Unknown",0.7929,0.2071,"LOW"
8,"2","N1","Other/Unknown",0.7929,0.2071,"LOW"
9,"2","N1","Other/Unknown",0.7929,0.2071,"LOW"
10,"2","N1","Other/Unknown",0.7929,0.2071,"LOW"
11,"2","N1","Other/Unknown",0.7929,0.2071,"LOW"
12,"2","N1","Other/Unknown",0.7929,0.2071,"LOW"
13,"2","N1","Other/Unknown",0.7929,0.2071,"LOW"
14,"2","N1","Other/Unknown",0.7929,0.2071,"LOW"
15,"2","N1","Other/Unknown",0.7929,0.2071,"LOW"
16,"2","N1","Other/Unknown",0.7929,0.2071,"LOW"
17,"2","N1","Other/Unknown",0.7929,0.2071,"LOW"
18,"2","N1","Other/Unknown",0.7929,0.2071,"LOW"
19,"2","N1","Other/Unknown",0.7929,0.2071,"LOW"
20,"2","N1","Other/Unknown",0.7909,0.2091,"LOW"
21,"2","N1","Other/Unknown",0.7889,0.2111,"LOW"
22,"2","N1","Other/Unknown",0.7889,0.2111,"LOW"
23,"2","N1","Other/Unknown",0.7889,0.2111,"LOW"
24,"2","N1","Other/Unknown",0.7889,0.2111,"LOW"
25,"2","N1","Other/Unknown",0.7889,0.2111,"LOW"
26,"2","N1","Other/Unknown",0.7889,0.2111,"LOW"
27,"2","N1","Other/Unknown",0.7889,0.2111,"LOW"
28,"2","N1","Other/Unknown",0.7939,0.2061,"LOW"
29,"2","N1","Other/Unknown",0.8248,0.1752,"LOW"
30,"2","N1","Other/Unknown",0.8248,0.1752,"LOW"
31,"2","N1","Other/Unknown",0.8247,0.1753,"LOW"
32,"2","N1","Other/Unknown",0.8247,0.1753,"LOW"
33,"2","N1","Other/Unknown",0.8247,0.1753,"LOW"
34,"2","N1","Other/Unknown",0.8235,0.1765,"LOW"
35,"2","N1","Other/Unknown",0.8235,0.1765,"LOW"
36,"2","N1","Other/Unknown",0.8235,0.1765,"LOW"
37,"2","N1","Other/Unknown",0.8215,0.1785,"LOW"
38,"2","N1","Other/Unknown",0.8229,0.1771,"LOW"
39,"2","N1","Other/Unknown",0.8229,0.1771,"LOW"
40,"2","N1","Other/Unknown",0.8078,0.1922,"LOW"
41,"2","N1","Other/Unknown",0.7991,0.2009,"LOW"
42,"2","N1","Other/Unknown",0.7859,0.2141,"LOW"
43,"2","N1","Other/Unknown",0.648,0.352,"LOW"
44,"2","N1","Other/Unknown",0.5922,0.4078,"LOW"
45,"2","N1","Other/Unknown",0.5968,0.4032,"LOW"
46,"2","N1","Other/Unknown",0.6576,0.3424,"LOW"
47,"2","N1","Other/Unknown",0.6405,0.3595,"LOW"
48,"2","N1","Other/Unknown",0.5708,0.4292,"LOW"
49,"2","N1","Other/Unknown",0.53,0.47,"LOW"
50,"2","N1","Other/Unknown",0.5412,0.4588,"LOW"
51,"2","N1","Other/Unknown",0.5082,0.4918,"LOW"
52,"2","N1","Other/Unknown",0.593,0.407,"LOW"
53,"2","N1","Other/Unknown",0.5378,0.4622,"LOW"
54,"2","N1","Other/Unknown",0.5531,0.4469,"LOW"
55,"2","N1","Other/Unknown",0.5633,0.4367,"LOW"
56,"2","N1","Other/Unknown",0.5545,0.4455,"LOW"
57,"2","N1","Other/Unknown",0.5899,0.4101,"LOW"
58,"2","N1","Other/Unknown",0.6086,0.3914,"LOW"
59,"2","N1","Other/Unknown",0.5769,0.4231,"LOW"
60,"2","N1","Other/Unknown",0.5846,0.4154,"LOW"
61,"2","N1","Other/Unknown",0.5496,0.4504,"LOW"
62,"2","N1","Other/Unknown",0.5897,0.4103,"LOW"
63,"2","N1","Other/Unknown",0.6112,0.3888,"LOW"
64,"2","N1","Other/Unknown",0.5692,0.4308,"LOW"
65,"2","N1","Other/Unknown",0.5687,0.4313,"LOW"
66,"2","N1","Other/Unknown",0.5782,0.4218,"LOW"
67,"2","N1","Other/Unknown",0.5571,0.4429,"LOW"
68,"2","N1","Other/Unknown",0.5564,0.4436,"LOW"
69,"2","N1","Other/Unknown",0.6034,0.3966,"LOW"
70,"2","N1","Other/Unknown",0.611,0.389,"LOW"
71,"2","N1","Other/Unknown",0.6079,0.3921,"LOW"
72,"2","N1","Other/Unknown",0.5606,0.4394,"LOW"
73,"2","N1","Other/Unknown",0.5604,0.4396,"LOW"
74,"2","N1","Other/Unknown",0.5851,0.4149,"LOW"
75,"2","N1","Other/Unknown",0.5267,0.4733,"LOW"
76,"2","N1","Other/Unknown",0.5387,0.4613,"LOW"
77,"2","N1","Other/Unknown",0.5216,0.4784,"LOW"
78,"2","N1","Other/Unknown",0.5313,0.4687,"LOW"
79,"2","N1","Other/Unknown",0.5822,0.4178,"LOW"
80,"2","N1","Other/Unknown",0.5697,0.4303,"LOW"
81,"2","N1","Other/Unknown",0.5701,0.4299,"LOW"
82,"2","N1","Other/Unknown",0.5419,0.4581,"LOW"
83,"2","N1","Other/Unknown",0.5517,0.4483,"LOW"
84,"2","N1","Other/Unknown",0.5446,0.4554,"LOW"
85,"2","N1","Other/Unknown",0.5654,0.4346,"LOW"
86,"2","N1","Other/Unknown",0.5392,0.4608,"LOW"
87,"2","N1","Other/Unknown",0.4999,0.5001,"HIGH"
88,"2","N1","Other/Unknown",0.5493,0.4507,"LOW"
89,"2","N1","Other/Unknown",0.5173,0.4827,"LOW"
90,"2","N1","Other/Unknown",0.5423,0.4577,"LOW"
91,"2","N1","Other/Unknown",0.5423,0.4577,"LOW"
92,"2","N1","Other/Unknown",0.5423,0.4577,"LOW"
93,"2","N1","Other/Unknown",0.5423,0.4577,"LOW"
94,"2","N1","Other/Unknown",0.5423,0.4577,"LOW"
95,"2","N1","Other/Unknown",0.5423,0.4577,"LOW"
96,"2","N1","Other/Unknown",0.5423,0.4577,"LOW"
97,"2","N1","Other/Unknown",0.5423,0.4577,"LOW"
98,"2","N1","Other/Unknown",0.5423,0.4577,"LOW"
99,"2","N1","Other/Unknown",0.5423,0.4577,"LOW"
0,"1","N2","Other/Unknown",0.2704,0.7296,"HIGH"
1,"1","N2","Other/Unknown",0.2704,0.7296,"HIGH"
2,"1","N2","Other/Unknown",0.2704,0.7296,"HIGH"
3,"1","N2","Other/Unknown",0.2704,0.7296,"HIGH"
4,"1","N2","Other/Unknown",0.2704,0.7296,"HIGH"
5,"1","N2","Other/Unknown",0.2704,0.7296,"HIGH"
6,"1","N2","Other/Unknown",0.2704,0.7296,"HIGH"
7,"1","N2","Other/Unknown",0.2704,0.7296,"HIGH"
8,"1","N2","Other/Unknown",0.2704,0.7296,"HIGH"
9,"1","N2","Other/Unknown",0.2704,0.7296,"HIGH"
10,"1","N2","Other/Unknown",0.2704,0.7296,"HIGH"
11,"1","N2","Other/Unknown",0.2704,0.7296,"HIGH"
12,"1","N2","Other/Unknown",0.2704,0.7296,"HIGH"
13,"1","N2","Other/Unknown",0.2704,0.7296,"HIGH"
14,"1","N2","Other/Unknown",0.2704,0.7296,"HIGH"
15,"1","N2","Other/Unknown",0.2704,0.7296,"HIGH"
16,"1","N2","Other/Unknown",0.2704,0.7296,"HIGH"
17,"1","N2","Other/Unknown",0.2704,0.7296,"HIGH"
18,"1","N2","Other/Unknown",0.2704,0.7296,"HIGH"
19,"1","N2","Other/Unknown",0.2704,0.7296,"HIGH"
20,"1","N2","Other/Unknown",0.2704,0.7296,"HIGH"
21,"1","N2","Other/Unknown",0.2704,0.7296,"HIGH"
22,"1","N2","Other/Unknown",0.2704,0.7296,"HIGH"
23,"1","N2","Other/Unknown",0.2704,0.7296,"HIGH"
24,"1","N2","Other/Unknown",0.2704,0.7296,"HIGH"
25,"1","N2","Other/Unknown",0.2704,0.7296,"HIGH"
26,"1","N2","Other/Unknown",0.2764,0.7236,"HIGH"
27,"1","N2","Other/Unknown",0.2774,0.7226,"HIGH"
28,"1","N2","Other/Unknown",0.2774,0.7226,"HIGH"
29,"1","N2","Other/Unknown",0.2774,0.7226,"HIGH"
30,"1","N2","Other/Unknown",0.2844,0.7156,"HIGH"
31,"1","N2","Other/Unknown",0.3253,0.6747,"HIGH"
32,"1","N2","Other/Unknown",0.3078,0.6922,"HIGH"
33,"1","N2","Other/Unknown",0.3133,0.6867,"HIGH"
34,"1","N2","Other/Unknown",0.3158,0.6842,"HIGH"
35,"1","N2","Other/Unknown",0.3259,0.6741,"HIGH"
36,"1","N2","Other/Unknown",0.3355,0.6645,"HIGH"
37,"1","N2","Other/Unknown",0.3365,0.6635,"HIGH"
38,"1","N2","Other/Unknown",0.3793,0.6207,"HIGH"
39,"1","N2","Other/Unknown",0.3889,0.6111,"HIGH"
40,"1","N2","Other/Unknown",0.5217,0.4783,"LOW"
41,"1","N2","Other/Unknown",0.5411,0.4589,"LOW"
42,"1","N2","Other/Unknown",0.5406,0.4594,"LOW"
43,"1","N2","Other/Unknown",0.4766,0.5234,"HIGH"
44,"1","N2","Other/Unknown",0.4384,0.5616,"HIGH"
45,"1","N2","Other/Unknown",0.4353,0.5647,"HIGH"
46,"1","N2","Other/Unknown",0.4991,0.5009,"HIGH"
47,"1","N2","Other/Unknown",0.4744,0.5256,"HIGH"
48,"1","N2","Other/Unknown",0.52,0.48,"LOW"
49,"1","N2","Other/Unknown",0.4969,0.5031,"HIGH"
50,"1","N2","Other/Unknown",0.5107,0.4893,"LOW"
51,"1","N2","Other/Unknown",0.502,0.498,"LOW"
52,"1","N2","Other/Unknown",0.4938,0.5062,"HIGH"
53,"1","N2","Other/Unknown",0.4877,0.5123,"HIGH"
54,"1","N2","Other/Unknown",0.5062,0.4938,"LOW"
55,"1","N2","Other/Unknown",0.5211,0.4789,"LOW"
56,"1","N2","Other/Unknown",0.4796,0.5204,"HIGH"
57,"1","N2","Other/Unknown",0.488,0.512,"HIGH"
58,"1","N2","Other/Unknown",0.4723,0.5277,"HIGH"
59,"1","N2","Other/Unknown",0.4368,0.5632,"HIGH"
60,"1","N2","Other/Unknown",0.4846,0.5154,"HIGH"
61,"1","N2","Other/Unknown",0.4663,0.5337,"HIGH"
62,"1","N2","Other/Unknown",0.4768,0.5232,"HIGH"
63,"1","N2","Other/Unknown",0.5067,0.4933,"LOW"
64,"1","N2","Other/Unknown",0.5328,0.4672,"LOW"
65,"1","N2","Other/Unknown",0.5248,0.4752,"LOW"
66,"1","N2","Other/Unknown",0.5267,0.4733,"LOW"
67,"1","N2","Other/Unknown",0.5366,0.4634,"LOW"
68,"1","N2","Other/Unknown",0.5205,0.4795,"LOW"
69,"1","N2","Other/Unknown",0.4963,0.5037,"HIGH"
70,"1","N2","Other/Unknown",0.4703,0.5297,"HIGH"
71,"1","N2","Other/Unknown",0.4493,0.5507,"HIGH"
72,"1","N2","Other/Unknown",0.4805,0.5195,"HIGH"
73,"1","N2","Other/Unknown",0.494,0.506,"HIGH"
74,"1","N2","Other/Unknown",0.5074,0.4926,"LOW"
75,"1","N2","Other/Unknown",0.4887,0.5113,"HIGH"
76,"1","N2","Other/Unknown",0.4792,0.5208,"HIGH"
77,"1","N2","Other/Unknown",0.5115,0.4885,"LOW"
78,"1","N2","Other/Unknown",0.5235,0.4765,"LOW"
79,"1","N2","Other/Unknown",0.5146,0.4854,"LOW"
80,"1","N2","Other/Unknown",0.494,0.506,"HIGH"
81,"1","N2","Other/Unknown",0.44,0.56,"HIGH"
82,"1","N2","Other/Unknown",0.4302,0.5698,"HIGH"
83,"1","N2","Other/Unknown",0.4525,0.5475,"HIGH"
84,"1","N2","Other/Unknown",0.5204,0.4796,"LOW"
85,"1","N2","Other/Unknown",0.4734,0.5266,"HIGH"
86,"1","N2","Other/Unknown",0.4447,0.5553,"HIGH"
87,"1","N2","Other/Unknown",0.4981,0.5019,"HIGH"
88,"1","N2","Other/Unknown",0.4551,0.5449,"HIGH"
89,"1","N2","Other/Unknown",0.4276,0.5724,"HIGH"
90,"1","N2","Other/Unknown",0.4143,0.5857,"HIGH"
91,"1","N2","Other/Unknown",0.4143,0.5857,"HIGH"
92,"1","N2","Other/Unknown",0.4143,0.5857,"HIGH"
93,"1","N2","Other/Unknown",0.4143,0.5857,"HIGH"
94,"1","N2","Other/Unknown",0.4143,0.5857,"HIGH"
95,"1","N2","Other/Unknown",0.4143,0.5857,"HIGH"
96,"1","N2","Other/Unknown",0.4143,0.5857,"HIGH"
97,"1","N2","Other/Unknown",0.4143,0.5857,"HIGH"
98,"1","N2","Other/Unknown",0.4143,0.5857,"HIGH"
99,"1","N2","Other/Unknown",0.4143,0.5857,"HIGH"
0,"2","N2","Other/Unknown",0.3729,0.6271,"HIGH"
1,"2","N2","Other/Unknown",0.3729,0.6271,"HIGH"
2,"2","N2","Other/Unknown",0.3729,0.6271,"HIGH"
3,"2","N2","Other/Unknown",0.3729,0.6271,"HIGH"
4,"2","N2","Other/Unknown",0.3729,0.6271,"HIGH"
5,"2","N2","Other/Unknown",0.3729,0.6271,"HIGH"
6,"2","N2","Other/Unknown",0.3729,0.6271,"HIGH"
7,"2","N2","Other/Unknown",0.3729,0.6271,"HIGH"
8,"2","N2","Other/Unknown",0.3729,0.6271,"HIGH"
9,"2","N2","Other/Unknown",0.3729,0.6271,"HIGH"
10,"2","N2","Other/Unknown",0.3729,0.6271,"HIGH"
11,"2","N2","Other/Unknown",0.3729,0.6271,"HIGH"
12,"2","N2","Other/Unknown",0.3729,0.6271,"HIGH"
13,"2","N2","Other/Unknown",0.3729,0.6271,"HIGH"
14,"2","N2","Other/Unknown",0.3729,0.6271,"HIGH"
15,"2","N2","Other/Unknown",0.3729,0.6271,"HIGH"
16,"2","N2","Other/Unknown",0.3729,0.6271,"HIGH"
17,"2","N2","Other/Unknown",0.3729,0.6271,"HIGH"
18,"2","N2","Other/Unknown",0.3729,0.6271,"HIGH"
19,"2","N2","Other/Unknown",0.3729,0.6271,"HIGH"
20,"2","N2","Other/Unknown",0.3729,0.6271,"HIGH"
21,"2","N2","Other/Unknown",0.3729,0.6271,"HIGH"
22,"2","N2","Other/Unknown",0.3729,0.6271,"HIGH"
23,"2","N2","Other/Unknown",0.3729,0.6271,"HIGH"
24,"2","N2","Other/Unknown",0.3729,0.6271,"HIGH"
25,"2","N2","Other/Unknown",0.3749,0.6251,"HIGH"
26,"2","N2","Other/Unknown",0.3769,0.6231,"HIGH"
27,"2","N2","Other/Unknown",0.3778,0.6222,"HIGH"
28,"2","N2","Other/Unknown",0.3778,0.6222,"HIGH"
29,"2","N2","Other/Unknown",0.3778,0.6222,"HIGH"
30,"2","N2","Other/Unknown",0.3879,0.6121,"HIGH"
31,"2","N2","Other/Unknown",0.4449,0.5551,"HIGH"
32,"2","N2","Other/Unknown",0.436,0.564,"HIGH"
33,"2","N2","Other/Unknown",0.4888,0.5112,"HIGH"
34,"2","N2","Other/Unknown",0.4933,0.5067,"HIGH"
35,"2","N2","Other/Unknown",0.4204,0.5796,"HIGH"
36,"2","N2","Other/Unknown",0.4291,0.5709,"HIGH"
37,"2","N2","Other/Unknown",0.4311,0.5689,"HIGH"
38,"2","N2","Other/Unknown",0.4828,0.5172,"HIGH"
39,"2","N2","Other/Unknown",0.5049,0.4951,"LOW"
40,"2","N2","Other/Unknown",0.6279,0.3721,"LOW"
41,"2","N2","Other/Unknown",0.6556,0.3444,"LOW"
42,"2","N2","Other/Unknown",0.6559,0.3441,"LOW"
43,"2","N2","Other/Unknown",0.5865,0.4135,"LOW"
44,"2","N2","Other/Unknown",0.4878,0.5122,"HIGH"
45,"2","N2","Other/Unknown",0.5024,0.4976,"LOW"
46,"2","N2","Other/Unknown",0.5285,0.4715,"LOW"
47,"2","N2","Other/Unknown",0.5115,0.4885,"LOW"
48,"2","N2","Other/Unknown",0.5617,0.4383,"LOW"
49,"2","N2","Other/Unknown",0.5394,0.4606,"LOW"
50,"2","N2","Other/Unknown",0.5139,0.4861,"LOW"
51,"2","N2","Other/Unknown",0.5339,0.4661,"LOW"
52,"2","N2","Other/Unknown",0.5477,0.4523,"LOW"
53,"2","N2","Other/Unknown",0.5738,0.4262,"LOW"
54,"2","N2","Other/Unknown",0.5387,0.4613,"LOW"
55,"2","N2","Other/Unknown",0.5869,0.4131,"LOW"
56,"2","N2","Other/Unknown",0.5487,0.4513,"LOW"
57,"2","N2","Other/Unknown",0.4983,0.5017,"HIGH"
58,"2","N2","Other/Unknown",0.5581,0.4419,"LOW"
59,"2","N2","Other/Unknown",0.541,0.459,"LOW"
60,"2","N2","Other/Unknown",0.5538,0.4462,"LOW"
61,"2","N2","Other/Unknown",0.5155,0.4845,"LOW"
62,"2","N2","Other/Unknown",0.4968,0.5032,"HIGH"
63,"2","N2","Other/Unknown",0.51,0.49,"LOW"
64,"2","N2","Other/Unknown",0.4793,0.5207,"HIGH"
65,"2","N2","Other/Unknown",0.4404,0.5596,"HIGH"
66,"2","N2","Other/Unknown",0.475,0.525,"HIGH"
67,"2","N2","Other/Unknown",0.4895,0.5105,"HIGH"
68,"2","N2","Other/Unknown",0.4851,0.5149,"HIGH"
69,"2","N2","Other/Unknown",0.4881,0.5119,"HIGH"
70,"2","N2","Other/Unknown",0.5,0.5,"HIGH"
71,"2","N2","Other/Unknown",0.5002,0.4998,"LOW"
72,"2","N2","Other/Unknown",0.5285,0.4715,"LOW"
73,"2","N2","Other/Unknown",0.5255,0.4745,"LOW"
74,"2","N2","Other/Unknown",0.5213,0.4787,"LOW"
75,"2","N2","Other/Unknown",0.5281,0.4719,"LOW"
76,"2","N2","Other/Unknown",0.5491,0.4509,"LOW"
77,"2","N2","Other/Unknown",0.5146,0.4854,"LOW"
78,"2","N2","Other/Unknown",0.527,0.473,"LOW"
79,"2","N2","Other/Unknown",0.5242,0.4758,"LOW"
80,"2","N2","Other/Unknown",0.5258,0.4742,"LOW"
81,"2","N2","Other/Unknown",0.4391,0.5609,"HIGH"
82,"2","N2","Other/Unknown",0.4794,0.5206,"HIGH"
83,"2","N2","Other/Unknown",0.5058,0.4942,"LOW"
84,"2","N2","Other/Unknown",0.5614,0.4386,"LOW"
85,"2","N2","Other/Unknown",0.4645,0.5355,"HIGH"
86,"2","N2","Other/Unknown",0.5263,0.4737,"LOW"
87,"2","N2","Other/Unknown",0.5286,0.4714,"LOW"
88,"2","N2","Other/Unknown",0.5847,0.4153,"LOW"
89,"2","N2","Other/Unknown",0.5557,0.4443,"LOW"
90,"2","N2","Other/Unknown",0.5509,0.4491,"LOW"
91,"2","N2","Other/Unknown",0.5509,0.4491,"LOW"
92,"2","N2","Other/Unknown",0.5509,0.4491,"LOW"
93,"2","N2","Other/Unknown",0.5509,0.4491,"LOW"
94,"2","N2","Other/Unknown",0.5509,0.4491,"LOW"
95,"2","N2","Other/Unknown",0.5509,0.4491,"LOW"
96,"2","N2","Other/Unknown",0.5509,0.4491,"LOW"
97,"2","N2","Other/Unknown",0.5509,0.4491,"LOW"
98,"2","N2","Other/Unknown",0.5509,0.4491,"LOW"
99,"2","N2","Other/Unknown",0.5509,0.4491,"LOW"
0,"1","N3","Other/Unknown",0.1369,0.8631,"HIGH"
1,"1","N3","Other/Unknown",0.1369,0.8631,"HIGH"
2,"1","N3","Other/Unknown",0.1369,0.8631,"HIGH"
3,"1","N3","Other/Unknown",0.1369,0.8631,"HIGH"
4,"1","N3","Other/Unknown",0.1369,0.8631,"HIGH"
5,"1","N3","Other/Unknown",0.1369,0.8631,"HIGH"
6,"1","N3","Other/Unknown",0.1369,0.8631,"HIGH"
7,"1","N3","Other/Unknown",0.1369,0.8631,"HIGH"
8,"1","N3","Other/Unknown",0.1369,0.8631,"HIGH"
9,"1","N3","Other/Unknown",0.1369,0.8631,"HIGH"
10,"1","N3","Other/Unknown",0.1369,0.8631,"HIGH"
11,"1","N3","Other/Unknown",0.1369,0.8631,"HIGH"
12,"1","N3","Other/Unknown",0.1369,0.8631,"HIGH"
13,"1","N3","Other/Unknown",0.1369,0.8631,"HIGH"
14,"1","N3","Other/Unknown",0.1369,0.8631,"HIGH"
15,"1","N3","Other/Unknown",0.1369,0.8631,"HIGH"
16,"1","N3","Other/Unknown",0.1369,0.8631,"HIGH"
17,"1","N3","Other/Unknown",0.1369,0.8631,"HIGH"
18,"1","N3","Other/Unknown",0.1369,0.8631,"HIGH"
19,"1","N3","Other/Unknown",0.1369,0.8631,"HIGH"
20,"1","N3","Other/Unknown",0.1369,0.8631,"HIGH"
21,"1","N3","Other/Unknown",0.1369,0.8631,"HIGH"
22,"1","N3","Other/Unknown",0.1369,0.8631,"HIGH"
23,"1","N3","Other/Unknown",0.1369,0.8631,"HIGH"
24,"1","N3","Other/Unknown",0.1369,0.8631,"HIGH"
25,"1","N3","Other/Unknown",0.1369,0.8631,"HIGH"
26,"1","N3","Other/Unknown",0.1369,0.8631,"HIGH"
27,"1","N3","Other/Unknown",0.1369,0.8631,"HIGH"
28,"1","N3","Other/Unknown",0.1369,0.8631,"HIGH"
29,"1","N3","Other/Unknown",0.1369,0.8631,"HIGH"
30,"1","N3","Other/Unknown",0.1369,0.8631,"HIGH"
31,"1","N3","Other/Unknown",0.1369,0.8631,"HIGH"
32,"1","N3","Other/Unknown",0.1369,0.8631,"HIGH"
33,"1","N3","Other/Unknown",0.1369,0.8631,"HIGH"
34,"1","N3","Other/Unknown",0.1369,0.8631,"HIGH"
35,"1","N3","Other/Unknown",0.1369,0.8631,"HIGH"
36,"1","N3","Other/Unknown",0.1369,0.8631,"HIGH"
37,"1","N3","Other/Unknown",0.1399,0.8601,"HIGH"
38,"1","N3","Other/Unknown",0.1425,0.8575,"HIGH"
39,"1","N3","Other/Unknown",0.1685,0.8315,"HIGH"
40,"1","N3","Other/Unknown",0.1594,0.8406,"HIGH"
41,"1","N3","Other/Unknown",0.1546,0.8454,"HIGH"
42,"1","N3","Other/Unknown",0.1581,0.8419,"HIGH"
43,"1","N3","Other/Unknown",0.3377,0.6623,"HIGH"
44,"1","N3","Other/Unknown",0.4204,0.5796,"HIGH"
45,"1","N3","Other/Unknown",0.4188,0.5812,"HIGH"
46,"1","N3","Other/Unknown",0.4282,0.5718,"HIGH"
47,"1","N3","Other/Unknown",0.3418,0.6582,"HIGH"
48,"1","N3","Other/Unknown",0.5054,0.4946,"LOW"
49,"1","N3","Other/Unknown",0.4745,0.5255,"HIGH"
50,"1","N3","Other/Unknown",0.4506,0.5494,"HIGH"
51,"1","N3","Other/Unknown",0.3855,0.6145,"HIGH"
52,"1","N3","Other/Unknown",0.3462,0.6538,"HIGH"
53,"1","N3","Other/Unknown",0.5336,0.4664,"LOW"
54,"1","N3","Other/Unknown",0.3523,0.6477,"HIGH"
55,"1","N3","Other/Unknown",0.3582,0.6418,"HIGH"
56,"1","N3","Other/Unknown",0.3553,0.6447,"HIGH"
57,"1","N3","Other/Unknown",0.3259,0.6741,"HIGH"
58,"1","N3","Other/Unknown",0.402,0.598,"HIGH"
59,"1","N3","Other/Unknown",0.4521,0.5479,"HIGH"
60,"1","N3","Other/Unknown",0.4762,0.5238,"HIGH"
61,"1","N3","Other/Unknown",0.4695,0.5305,"HIGH"
62,"1","N3","Other/Unknown",0.3535,0.6465,"HIGH"
63,"1","N3","Other/Unknown",0.4247,0.5753,"HIGH"
64,"1","N3","Other/Unknown",0.3916,0.6084,"HIGH"
65,"1","N3","Other/Unknown",0.3919,0.6081,"HIGH"
66,"1","N3","Other/Unknown",0.3593,0.6407,"HIGH"
67,"1","N3","Other/Unknown",0.4449,0.5551,"HIGH"
68,"1","N3","Other/Unknown",0.4614,0.5386,"HIGH"
69,"1","N3","Other/Unknown",0.3789,0.6211,"HIGH"
70,"1","N3","Other/Unknown",0.3269,0.6731,"HIGH"
71,"1","N3","Other/Unknown",0.4626,0.5374,"HIGH"
72,"1","N3","Other/Unknown",0.5188,0.4812,"LOW"
73,"1","N3","Other/Unknown",0.3724,0.6276,"HIGH"
74,"1","N3","Other/Unknown",0.3549,0.6451,"HIGH"
75,"1","N3","Other/Unknown",0.4736,0.5264,"HIGH"
76,"1","N3","Other/Unknown",0.4436,0.5564,"HIGH"
77,"1","N3","Other/Unknown",0.429,0.571,"HIGH"
78,"1","N3","Other/Unknown",0.337,0.663,"HIGH"
79,"1","N3","Other/Unknown",0.3448,0.6552,"HIGH"
80,"1","N3","Other/Unknown",0.4417,0.5583,"HIGH"
81,"1","N3","Other/Unknown",0.4027,0.5973,"HIGH"
82,"1","N3","Other/Unknown",0.5199,0.4801,"LOW"
83,"1","N3","Other/Unknown",0.5064,0.4936,"LOW"
84,"1","N3","Other/Unknown",0.3703,0.6297,"HIGH"
85,"1","N3","Other/Unknown",0.4859,0.5141,"HIGH"
86,"1","N3","Other/Unknown",0.4753,0.5247,"HIGH"
87,"1","N3","Other/Unknown",0.3379,0.6621,"HIGH"
88,"1","N3","Other/Unknown",0.481,0.519,"HIGH"
89,"1","N3","Other/Unknown",0.4212,0.5788,"HIGH"
90,"1","N3","Other/Unknown",0.3467,0.6533,"HIGH"
91,"1","N3","Other/Unknown",0.3467,0.6533,"HIGH"
92,"1","N3","Other/Unknown",0.3467,0.6533,"HIGH"
93,"1","N3","Other/Unknown",0.3467,0.6533,"HIGH"
94,"1","N3","Other/Unknown",0.3467,0.6533,"HIGH"
95,"1","N3","Other/Unknown",0.3467,0.6533,"HIGH"
96,"1","N3","Other/Unknown",0.3467,0.6533,"HIGH"
97,"1","N3","Other/Unknown",0.3467,0.6533,"HIGH"
98,"1","N3","Other/Unknown",0.3467,0.6533,"HIGH"
99,"1","N3","Other/Unknown",0.3467,0.6533,"HIGH"
0,"2","N3","Other/Unknown",0.1413,0.8587,"HIGH"
1,"2","N3","Other/Unknown",0.1413,0.8587,"HIGH"
2,"2","N3","Other/Unknown",0.1413,0.8587,"HIGH"
3,"2","N3","Other/Unknown",0.1413,0.8587,"HIGH"
4,"2","N3","Other/Unknown",0.1413,0.8587,"HIGH"
5,"2","N3","Other/Unknown",0.1413,0.8587,"HIGH"
6,"2","N3","Other/Unknown",0.1413,0.8587,"HIGH"
7,"2","N3","Other/Unknown",0.1413,0.8587,"HIGH"
8,"2","N3","Other/Unknown",0.1413,0.8587,"HIGH"
9,"2","N3","Other/Unknown",0.1413,0.8587,"HIGH"
10,"2","N3","Other/Unknown",0.1413,0.8587,"HIGH"
11,"2","N3","Other/Unknown",0.1413,0.8587,"HIGH"
12,"2","N3","Other/Unknown",0.1413,0.8587,"HIGH"
13,"2","N3","Other/Unknown",0.1413,0.8587,"HIGH"
14,"2","N3","Other/Unknown",0.1413,0.8587,"HIGH"
15,"2","N3","Other/Unknown",0.1413,0.8587,"HIGH"
16,"2","N3","Other/Unknown",0.1413,0.8587,"HIGH"
17,"2","N3","Other/Unknown",0.1413,0.8587,"HIGH"
18,"2","N3","Other/Unknown",0.1413,0.8587,"HIGH"
19,"2","N3","Other/Unknown",0.1413,0.8587,"HIGH"
20,"2","N3","Other/Unknown",0.1413,0.8587,"HIGH"
21,"2","N3","Other/Unknown",0.1413,0.8587,"HIGH"
22,"2","N3","Other/Unknown",0.1413,0.8587,"HIGH"
23,"2","N3","Other/Unknown",0.1413,0.8587,"HIGH"
24,"2","N3","Other/Unknown",0.1413,0.8587,"HIGH"
25,"2","N3","Other/Unknown",0.1413,0.8587,"HIGH"
26,"2","N3","Other/Unknown",0.1413,0.8587,"HIGH"
27,"2","N3","Other/Unknown",0.1413,0.8587,"HIGH"
28,"2","N3","Other/Unknown",0.1413,0.8587,"HIGH"
29,"2","N3","Other/Unknown",0.1413,0.8587,"HIGH"
30,"2","N3","Other/Unknown",0.1413,0.8587,"HIGH"
31,"2","N3","Other/Unknown",0.1413,0.8587,"HIGH"
32,"2","N3","Other/Unknown",0.1413,0.8587,"HIGH"
33,"2","N3","Other/Unknown",0.1413,0.8587,"HIGH"
34,"2","N3","Other/Unknown",0.1413,0.8587,"HIGH"
35,"2","N3","Other/Unknown",0.1413,0.8587,"HIGH"
36,"2","N3","Other/Unknown",0.1457,0.8543,"HIGH"
37,"2","N3","Other/Unknown",0.1483,0.8517,"HIGH"
38,"2","N3","Other/Unknown",0.1549,0.8451,"HIGH"
39,"2","N3","Other/Unknown",0.2119,0.7881,"HIGH"
40,"2","N3","Other/Unknown",0.2029,0.7971,"HIGH"
41,"2","N3","Other/Unknown",0.1801,0.8199,"HIGH"
42,"2","N3","Other/Unknown",0.1883,0.8117,"HIGH"
43,"2","N3","Other/Unknown",0.3584,0.6416,"HIGH"
44,"2","N3","Other/Unknown",0.4466,0.5534,"HIGH"
45,"2","N3","Other/Unknown",0.4323,0.5677,"HIGH"
46,"2","N3","Other/Unknown",0.4666,0.5334,"HIGH"
47,"2","N3","Other/Unknown",0.409,0.591,"HIGH"
48,"2","N3","Other/Unknown",0.3896,0.6104,"HIGH"
49,"2","N3","Other/Unknown",0.3678,0.6322,"HIGH"
50,"2","N3","Other/Unknown",0.3944,0.6056,"HIGH"
51,"2","N3","Other/Unknown",0.4499,0.5501,"HIGH"
52,"2","N3","Other/Unknown",0.4479,0.5521,"HIGH"
53,"2","N3","Other/Unknown",0.541,0.459,"LOW"
54,"2","N3","Other/Unknown",0.4506,0.5494,"HIGH"
55,"2","N3","Other/Unknown",0.4605,0.5395,"HIGH"
56,"2","N3","Other/Unknown",0.2898,0.7102,"HIGH"
57,"2","N3","Other/Unknown",0.2852,0.7148,"HIGH"
58,"2","N3","Other/Unknown",0.3302,0.6698,"HIGH"
59,"2","N3","Other/Unknown",0.3541,0.6459,"HIGH"
60,"2","N3","Other/Unknown",0.4174,0.5826,"HIGH"
61,"2","N3","Other/Unknown",0.4183,0.5817,"HIGH"
62,"2","N3","Other/Unknown",0.4435,0.5565,"HIGH"
63,"2","N3","Other/Unknown",0.5241,0.4759,"LOW"
64,"2","N3","Other/Unknown",0.4906,0.5094,"HIGH"
65,"2","N3","Other/Unknown",0.4869,0.5131,"HIGH"
66,"2","N3","Other/Unknown",0.5301,0.4699,"LOW"
67,"2","N3","Other/Unknown",0.5348,0.4652,"LOW"
68,"2","N3","Other/Unknown",0.5016,0.4984,"LOW"
69,"2","N3","Other/Unknown",0.5114,0.4886,"LOW"
70,"2","N3","Other/Unknown",0.4644,0.5356,"HIGH"
71,"2","N3","Other/Unknown",0.5386,0.4614,"LOW"
72,"2","N3","Other/Unknown",0.4191,0.5809,"HIGH"
73,"2","N3","Other/Unknown",0.4679,0.5321,"HIGH"
74,"2","N3","Other/Unknown",0.528,0.472,"LOW"
75,"2","N3","Other/Unknown",0.4596,0.5404,"HIGH"
76,"2","N3","Other/Unknown",0.3788,0.6212,"HIGH"
77,"2","N3","Other/Unknown",0.3148,0.6852,"HIGH"
78,"2","N3","Other/Unknown",0.4372,0.5628,"HIGH"
79,"2","N3","Other/Unknown",0.3659,0.6341,"HIGH"
80,"2","N3","Other/Unknown",0.461,0.539,"HIGH"
81,"2","N3","Other/Unknown",0.4067,0.5933,"HIGH"
82,"2","N3","Other/Unknown",0.3245,0.6755,"HIGH"
83,"2","N3","Other/Unknown",0.2843,0.7157,"HIGH"
84,"2","N3","Other/Unknown",0.2792,0.7208,"HIGH"
85,"2","N3","Other/Unknown",0.2868,0.7132,"HIGH"
86,"2","N3","Other/Unknown",0.2471,0.7529,"HIGH"
87,"2","N3","Other/Unknown",0.2129,0.7871,"HIGH"
88,"2","N3","Other/Unknown",0.2816,0.7184,"HIGH"
89,"2","N3","Other/Unknown",0.317,0.683,"HIGH"
90,"2","N3","Other/Unknown",0.31,0.69,"HIGH"
91,"2","N3","Other/Unknown",0.31,0.69,"HIGH"
92,"2","N3","Other/Unknown",0.31,0.69,"HIGH"
93,"2","N3","Other/Unknown",0.31,0.69,"HIGH"
94,"2","N3","Other/Unknown",0.31,0.69,"HIGH"
95,"2","N3","Other/Unknown",0.31,0.69,"HIGH"
96,"2","N3","Other/Unknown",0.31,0.69,"HIGH"
97,"2","N3","Other/Unknown",0.31,0.69,"HIGH"
98,"2","N3","Other/Unknown",0.31,0.69,"HIGH"
99,"2","N3","Other/Unknown",0.31,0.69,"HIGH"
0,"1","Other/Unknown","Other/Unknown",0.8271,0.1729,"LOW"
1,"1","Other/Unknown","Other/Unknown",0.9014,0.0986,"LOW"
2,"1","Other/Unknown","Other/Unknown",0.9069,0.0931,"LOW"
3,"1","Other/Unknown","Other/Unknown",0.9069,0.0931,"LOW"
4,"1","Other/Unknown","Other/Unknown",0.8967,0.1033,"LOW"
5,"1","Other/Unknown","Other/Unknown",0.9089,0.0911,"LOW"
6,"1","Other/Unknown","Other/Unknown",0.9089,0.0911,"LOW"
7,"1","Other/Unknown","Other/Unknown",0.9089,0.0911,"LOW"
8,"1","Other/Unknown","Other/Unknown",0.9089,0.0911,"LOW"
9,"1","Other/Unknown","Other/Unknown",0.9089,0.0911,"LOW"
10,"1","Other/Unknown","Other/Unknown",0.9089,0.0911,"LOW"
11,"1","Other/Unknown","Other/Unknown",0.9089,0.0911,"LOW"
12,"1","Other/Unknown","Other/Unknown",0.9089,0.0911,"LOW"
13,"1","Other/Unknown","Other/Unknown",0.9089,0.0911,"LOW"
14,"1","Other/Unknown","Other/Unknown",0.9089,0.0911,"LOW"
15,"1","Other/Unknown","Other/Unknown",0.9089,0.0911,"LOW"
16,"1","Other/Unknown","Other/Unknown",0.9089,0.0911,"LOW"
17,"1","Other/Unknown","Other/Unknown",0.9089,0.0911,"LOW"
18,"1","Other/Unknown","Other/Unknown",0.9089,0.0911,"LOW"
19,"1","Other/Unknown","Other/Unknown",0.9089,0.0911,"LOW"
20,"1","Other/Unknown","Other/Unknown",0.9089,0.0911,"LOW"
21,"1","Other/Unknown","Other/Unknown",0.8959,0.1041,"LOW"
22,"1","Other/Unknown","Other/Unknown",0.8959,0.1041,"LOW"
23,"1","Other/Unknown","Other/Unknown",0.9095,0.0905,"LOW"
24,"1","Other/Unknown","Other/Unknown",0.9095,0.0905,"LOW"
25,"1","Other/Unknown","Other/Unknown",0.9095,0.0905,"LOW"
26,"1","Other/Unknown","Other/Unknown",0.9095,0.0905,"LOW"
27,"1","Other/Unknown","Other/Unknown",0.9095,0.0905,"LOW"
28,"1","Other/Unknown","Other/Unknown",0.9095,0.0905,"LOW"
29,"1","Other/Unknown","Other/Unknown",0.9095,0.0905,"LOW"
30,"1","Other/Unknown","Other/Unknown",0.9042,0.0958,"LOW"
31,"1","Other/Unknown","Other/Unknown",0.8996,0.1004,"LOW"
32,"1","Other/Unknown","Other/Unknown",0.9049,0.0951,"LOW"
33,"1","Other/Unknown","Other/Unknown",0.9023,0.0977,"LOW"
34,"1","Other/Unknown","Other/Unknown",0.9088,0.0912,"LOW"
35,"1","Other/Unknown","Other/Unknown",0.9088,0.0912,"LOW"
36,"1","Other/Unknown","Other/Unknown",0.9088,0.0912,"LOW"
37,"1","Other/Unknown","Other/Unknown",0.9085,0.0915,"LOW"
38,"1","Other/Unknown","Other/Unknown",0.8952,0.1048,"LOW"
39,"1","Other/Unknown","Other/Unknown",0.9,0.1,"LOW"
40,"1","Other/Unknown","Other/Unknown",0.8844,0.1156,"LOW"
41,"1","Other/Unknown","Other/Unknown",0.8985,0.1015,"LOW"
42,"1","Other/Unknown","Other/Unknown",0.8965,0.1035,"LOW"
43,"1","Other/Unknown","Other/Unknown",0.8927,0.1073,"LOW"
44,"1","Other/Unknown","Other/Unknown",0.899,0.101,"LOW"
45,"1","Other/Unknown","Other/Unknown",0.8908,0.1092,"LOW"
46,"1","Other/Unknown","Other/Unknown",0.8926,0.1074,"LOW"
47,"1","Other/Unknown","Other/Unknown",0.898,0.102,"LOW"
48,"1","Other/Unknown","Other/Unknown",0.9002,0.0998,"LOW"
49,"1","Other/Unknown","Other/Unknown",0.9007,0.0993,"LOW"
50,"1","Other/Unknown","Other/Unknown",0.8981,0.1019,"LOW"
51,"1","Other/Unknown","Other/Unknown",0.8961,0.1039,"LOW"
52,"1","Other/Unknown","Other/Unknown",0.9,0.1,"LOW"
53,"1","Other/Unknown","Other/Unknown",0.9032,0.0968,"LOW"
54,"1","Other/Unknown","Other/Unknown",0.9047,0.0953,"LOW"
55,"1","Other/Unknown","Other/Unknown",0.9042,0.0958,"LOW"
56,"1","Other/Unknown","Other/Unknown",0.9027,0.0973,"LOW"
57,"1","Other/Unknown","Other/Unknown",0.8996,0.1004,"LOW"
58,"1","Other/Unknown","Other/Unknown",0.9007,0.0993,"LOW"
59,"1","Other/Unknown","Other/Unknown",0.9001,0.0999,"LOW"
60,"1","Other/Unknown","Other/Unknown",0.9019,0.0981,"LOW"
61,"1","Other/Unknown","Other/Unknown",0.9025,0.0975,"LOW"
62,"1","Other/Unknown","Other/Unknown",0.9017,0.0983,"LOW"
63,"1","Other/Unknown","Other/Unknown",0.9029,0.0971,"LOW"
64,"1","Other/Unknown","Other/Unknown",0.9028,0.0972,"LOW"
65,"1","Other/Unknown","Other/Unknown",0.9018,0.0982,"LOW"
66,"1","Other/Unknown","Other/Unknown",0.9045,0.0955,"LOW"
67,"1","Other/Unknown","Other/Unknown",0.9049,0.0951,"LOW"
68,"1","Other/Unknown","Other/Unknown",0.9031,0.0969,"LOW"
69,"1","Other/Unknown","Other/Unknown",0.9015,0.0985,"LOW"
70,"1","Other/Unknown","Other/Unknown",0.9064,0.0936,"LOW"
71,"1","Other/Unknown","Other/Unknown",0.9069,0.0931,"LOW"
72,"1","Other/Unknown","Other/Unknown",0.907,0.093,"LOW"
73,"1","Other/Unknown","Other/Unknown",0.9072,0.0928,"LOW"
74,"1","Other/Unknown","Other/Unknown",0.9079,0.0921,"LOW"
75,"1","Other/Unknown","Other/Unknown",0.9062,0.0938,"LOW"
76,"1","Other/Unknown","Other/Unknown",0.9061,0.0939,"LOW"
77,"1","Other/Unknown","Other/Unknown",0.9055,0.0945,"LOW"
78,"1","Other/Unknown","Other/Unknown",0.9054,0.0946,"LOW"
79,"1","Other/Unknown","Other/Unknown",0.9066,0.0934,"LOW"
80,"1","Other/Unknown","Other/Unknown",0.9078,0.0922,"LOW"
81,"1","Other/Unknown","Other/Unknown",0.9062,0.0938,"LOW"
82,"1","Other/Unknown","Other/Unknown",0.9006,0.0994,"LOW"
83,"1","Other/Unknown","Other/Unknown",0.9007,0.0993,"LOW"
84,"1","Other/Unknown","Other/Unknown",0.9019,0.0981,"LOW"
85,"1","Other/Unknown","Other/Unknown",0.902,0.098,"LOW"
86,"1","Other/Unknown","Other/Unknown",0.8856,0.1144,"LOW"
87,"1","Other/Unknown","Other/Unknown",0.8947,0.1053,"LOW"
88,"1","Other/Unknown","Other/Unknown",0.89,0.11,"LOW"
89,"1","Other/Unknown","Other/Unknown",0.8872,0.1128,"LOW"
90,"1","Other/Unknown","Other/Unknown",0.8898,0.1102,"LOW"
91,"1","Other/Unknown","Other/Unknown",0.8898,0.1102,"LOW"
92,"1","Other/Unknown","Other/Unknown",0.8898,0.1102,"LOW"
93,"1","Other/Unknown","Other/Unknown",0.8898,0.1102,"LOW"
94,"1","Other/Unknown","Other/Unknown",0.8898,0.1102,"LOW"
95,"1","Other/Unknown","Other/Unknown",0.8898,0.1102,"LOW"
96,"1","Other/Unknown","Other/Unknown",0.8898,0.1102,"LOW"
97,"1","Other/Unknown","Other/Unknown",0.8898,0.1102,"LOW"
98,"1","Other/Unknown","Other/Unknown",0.8898,0.1102,"LOW"
99,"1","Other/Unknown","Other/Unknown",0.8898,0.1102,"LOW"
0,"2","Other/Unknown","Other/Unknown",0.8243,0.1757,"LOW"
1,"2","Other/Unknown","Other/Unknown",0.8965,0.1035,"LOW"
2,"2","Other/Unknown","Other/Unknown",0.8962,0.1038,"LOW"
3,"2","Other/Unknown","Other/Unknown",0.8962,0.1038,"LOW"
4,"2","Other/Unknown","Other/Unknown",0.8949,0.1051,"LOW"
5,"2","Other/Unknown","Other/Unknown",0.8962,0.1038,"LOW"
6,"2","Other/Unknown","Other/Unknown",0.8962,0.1038,"LOW"
7,"2","Other/Unknown","Other/Unknown",0.8962,0.1038,"LOW"
8,"2","Other/Unknown","Other/Unknown",0.8962,0.1038,"LOW"
9,"2","Other/Unknown","Other/Unknown",0.8962,0.1038,"LOW"
10,"2","Other/Unknown","Other/Unknown",0.8962,0.1038,"LOW"
11,"2","Other/Unknown","Other/Unknown",0.8962,0.1038,"LOW"
12,"2","Other/Unknown","Other/Unknown",0.8962,0.1038,"LOW"
13,"2","Other/Unknown","Other/Unknown",0.8962,0.1038,"LOW"
14,"2","Other/Unknown","Other/Unknown",0.8962,0.1038,"LOW"
15,"2","Other/Unknown","Other/Unknown",0.8962,0.1038,"LOW"
16,"2","Other/Unknown","Other/Unknown",0.8962,0.1038,"LOW"
17,"2","Other/Unknown","Other/Unknown",0.8962,0.1038,"LOW"
18,"2","Other/Unknown","Other/Unknown",0.8962,0.1038,"LOW"
19,"2","Other/Unknown","Other/Unknown",0.8962,0.1038,"LOW"
20,"2","Other/Unknown","Other/Unknown",0.8962,0.1038,"LOW"
21,"2","Other/Unknown","Other/Unknown",0.8936,0.1064,"LOW"
22,"2","Other/Unknown","Other/Unknown",0.8936,0.1064,"LOW"
23,"2","Other/Unknown","Other/Unknown",0.8951,0.1049,"LOW"
24,"2","Other/Unknown","Other/Unknown",0.8933,0.1067,"LOW"
25,"2","Other/Unknown","Other/Unknown",0.8933,0.1067,"LOW"
26,"2","Other/Unknown","Other/Unknown",0.8907,0.1093,"LOW"
27,"2","Other/Unknown","Other/Unknown",0.8266,0.1734,"LOW"
28,"2","Other/Unknown","Other/Unknown",0.8037,0.1963,"LOW"
29,"2","Other/Unknown","Other/Unknown",0.8265,0.1735,"LOW"
30,"2","Other/Unknown","Other/Unknown",0.8263,0.1737,"LOW"
31,"2","Other/Unknown","Other/Unknown",0.7891,0.2109,"LOW"
32,"2","Other/Unknown","Other/Unknown",0.7905,0.2095,"LOW"
33,"2","Other/Unknown","Other/Unknown",0.7874,0.2126,"LOW"
34,"2","Other/Unknown","Other/Unknown",0.8492,0.1508,"LOW"
35,"2","Other/Unknown","Other/Unknown",0.8733,0.1267,"LOW"
36,"2","Other/Unknown","Other/Unknown",0.8733,0.1267,"LOW"
37,"2","Other/Unknown","Other/Unknown",0.8652,0.1348,"LOW"
38,"2","Other/Unknown","Other/Unknown",0.8717,0.1283,"LOW"
39,"2","Other/Unknown","Other/Unknown",0.869,0.131,"LOW"
40,"2","Other/Unknown","Other/Unknown",0.8641,0.1359,"LOW"
41,"2","Other/Unknown","Other/Unknown",0.8712,0.1288,"LOW"
42,"2","Other/Unknown","Other/Unknown",0.8767,0.1233,"LOW"
43,"2","Other/Unknown","Other/Unknown",0.8744,0.1256,"LOW"
44,"2","Other/Unknown","Other/Unknown",0.8688,0.1312,"LOW"
45,"2","Other/Unknown","Other/Unknown",0.8779,0.1221,"LOW"
46,"2","Other/Unknown","Other/Unknown",0.8727,0.1273,"LOW"
47,"2","Other/Unknown","Other/Unknown",0.8634,0.1366,"LOW"
48,"2","Other/Unknown","Other/Unknown",0.8602,0.1398,"LOW"
49,"2","Other/Unknown","Other/Unknown",0.8621,0.1379,"LOW"
50,"2","Other/Unknown","Other/Unknown",0.86,0.14,"LOW"
51,"2","Other/Unknown","Other/Unknown",0.8584,0.1416,"LOW"
52,"2","Other/Unknown","Other/Unknown",0.8584,0.1416,"LOW"
53,"2","Other/Unknown","Other/Unknown",0.8662,0.1338,"LOW"
54,"2","Other/Unknown","Other/Unknown",0.8638,0.1362,"LOW"
55,"2","Other/Unknown","Other/Unknown",0.8662,0.1338,"LOW"
56,"2","Other/Unknown","Other/Unknown",0.8515,0.1485,"LOW"
57,"2","Other/Unknown","Other/Unknown",0.861,0.139,"LOW"
58,"2","Other/Unknown","Other/Unknown",0.8602,0.1398,"LOW"
59,"2","Other/Unknown","Other/Unknown",0.8619,0.1381,"LOW"
60,"2","Other/Unknown","Other/Unknown",0.8621,0.1379,"LOW"
61,"2","Other/Unknown","Other/Unknown",0.8698,0.1302,"LOW"
62,"2","Other/Unknown","Other/Unknown",0.8711,0.1289,"LOW"
63,"2","Other/Unknown","Other/Unknown",0.8775,0.1225,"LOW"
64,"2","Other/Unknown","Other/Unknown",0.8735,0.1265,"LOW"
65,"2","Other/Unknown","Other/Unknown",0.8749,0.1251,"LOW"
66,"2","Other/Unknown","Other/Unknown",0.8726,0.1274,"LOW"
67,"2","Other/Unknown","Other/Unknown",0.8712,0.1288,"LOW"
68,"2","Other/Unknown","Other/Unknown",0.8726,0.1274,"LOW"
69,"2","Other/Unknown","Other/Unknown",0.8735,0.1265,"LOW"
70,"2","Other/Unknown","Other/Unknown",0.8754,0.1246,"LOW"
71,"2","Other/Unknown","Other/Unknown",0.8769,0.1231,"LOW"
72,"2","Other/Unknown","Other/Unknown",0.8685,0.1315,"LOW"
73,"2","Other/Unknown","Other/Unknown",0.8707,0.1293,"LOW"
74,"2","Other/Unknown","Other/Unknown",0.8712,0.1288,"LOW"
75,"2","Other/Unknown","Other/Unknown",0.8718,0.1282,"LOW"
76,"2","Other/Unknown","Other/Unknown",0.8704,0.1296,"LOW"
77,"2","Other/Unknown","Other/Unknown",0.8665,0.1335,"LOW"
78,"2","Other/Unknown","Other/Unknown",0.8707,0.1293,"LOW"
79,"2","Other/Unknown","Other/Unknown",0.8676,0.1324,"LOW"
80,"2","Other/Unknown","Other/Unknown",0.8526,0.1474,"LOW"
81,"2","Other/Unknown","Other/Unknown",0.8637,0.1363,"LOW"
82,"2","Other/Unknown","Other/Unknown",0.8596,0.1404,"LOW"
83,"2","Other/Unknown","Other/Unknown",0.8671,0.1329,"LOW"
84,"2","Other/Unknown","Other/Unknown",0.8629,0.1371,"LOW"
85,"2","Other/Unknown","Other/Unknown",0.8602,0.1398,"LOW"
86,"2","Other/Unknown","Other/Unknown",0.8533,0.1467,"LOW"
87,"2","Other/Unknown","Other/Unknown",0.8613,0.1387,"LOW"
88,"2","Other/Unknown","Other/Unknown",0.8503,0.1497,"LOW"
89,"2","Other/Unknown","Other/Unknown",0.8463,0.1537,"LOW"
90,"2","Other/Unknown","Other/Unknown",0.87,0.13,"LOW"
91,"2","Other/Unknown","Other/Unknown",0.87,0.13,"LOW"
92,"2","Other/Unknown","Other/Unknown",0.87,0.13,"LOW"
93,"2","Other/Unknown","Other/Unknown",0.87,0.13,"LOW"
94,"2","Other/Unknown","Other/Unknown",0.87,0.13,"LOW"
95,"2","Other/Unknown","Other/Unknown",0.87,0.13,"LOW"
96,"2","Other/Unknown","Other/Unknown",0.87,0.13,"LOW"
97,"2","Other/Unknown","Other/Unknown",0.87,0.13,"LOW"
98,"2","Other/Unknown","Other/Unknown",0.87,0.13,"LOW"
99,"2","Other/Unknown","Other/Unknown",0.87,0.13,"LOW"
0,"1","N0","T1",0.9841,0.0159,"LOW"
1,"1","N0","T1",0.9859,0.0141,"LOW"
2,"1","N0","T1",0.9858,0.0142,"LOW"
3,"1","N0","T1",0.9858,0.0142,"LOW"
4,"1","N0","T1",0.9858,0.0142,"LOW"
5,"1","N0","T1",0.9858,0.0142,"LOW"
6,"1","N0","T1",0.9858,0.0142,"LOW"
7,"1","N0","T1",0.9858,0.0142,"LOW"
8,"1","N0","T1",0.9858,0.0142,"LOW"
9,"1","N0","T1",0.9858,0.0142,"LOW"
10,"1","N0","T1",0.9858,0.0142,"LOW"
11,"1","N0","T1",0.9858,0.0142,"LOW"
12,"1","N0","T1",0.9858,0.0142,"LOW"
13,"1","N0","T1",0.9858,0.0142,"LOW"
14,"1","N0","T1",0.9858,0.0142,"LOW"
15,"1","N0","T1",0.9858,0.0142,"LOW"
16,"1","N0","T1",0.9858,0.0142,"LOW"
17,"1","N0","T1",0.9858,0.0142,"LOW"
18,"1","N0","T1",0.9858,0.0142,"LOW"
19,"1","N0","T1",0.9858,0.0142,"LOW"
20,"1","N0","T1",0.9858,0.0142,"LOW"
21,"1","N0","T1",0.9858,0.0142,"LOW"
22,"1","N0","T1",0.9858,0.0142,"LOW"
23,"1","N0","T1",0.9858,0.0142,"LOW"
24,"1","N0","T1",0.9858,0.0142,"LOW"
25,"1","N0","T1",0.9858,0.0142,"LOW"
26,"1","N0","T1",0.9858,0.0142,"LOW"
27,"1","N0","T1",0.9816,0.0184,"LOW"
28,"1","N0","T1",0.9858,0.0142,"LOW"
29,"1","N0","T1",0.9564,0.0436,"LOW"
30,"1","N0","T1",0.9908,0.0092,"LOW"
31,"1","N0","T1",0.9908,0.0092,"LOW"
32,"1","N0","T1",0.9908,0.0092,"LOW"
33,"1","N0","T1",0.9908,0.0092,"LOW"
34,"1","N0","T1",0.9907,0.0093,"LOW"
35,"1","N0","T1",0.9907,0.0093,"LOW"
36,"1","N0","T1",0.9907,0.0093,"LOW"
37,"1","N0","T1",0.9907,0.0093,"LOW"
38,"1","N0","T1",0.9907,0.0093,"LOW"
39,"1","N0","T1",0.9907,0.0093,"LOW"
40,"1","N0","T1",0.9907,0.0093,"LOW"
41,"1","N0","T1",0.9906,0.0094,"LOW"
42,"1","N0","T1",0.988,0.012,"LOW"
43,"1","N0","T1",0.9867,0.0133,"LOW"
44,"1","N0","T1",0.9848,0.0152,"LOW"
45,"1","N0","T1",0.9852,0.0148,"LOW"
46,"1","N0","T1",0.9867,0.0133,"LOW"
47,"1","N0","T1",0.9868,0.0132,"LOW"
48,"1","N0","T1",0.9848,0.0152,"LOW"
49,"1","N0","T1",0.9864,0.0136,"LOW"
50,"1","N0","T1",0.9866,0.0134,"LOW"
51,"1","N0","T1",0.9867,0.0133,"LOW"
52,"1","N0","T1",0.9879,0.0121,"LOW"
53,"1","N0","T1",0.9881,0.0119,"LOW"
54,"1","N0","T1",0.9878,0.0122,"LOW"
55,"1","N0","T1",0.9878,0.0122,"LOW"
56,"1","N0","T1",0.988,0.012,"LOW"
57,"1","N0","T1",0.9879,0.0121,"LOW"
58,"1","N0","T1",0.9879,0.0121,"LOW"
59,"1","N0","T1",0.9868,0.0132,"LOW"
60,"1","N0","T1",0.9875,0.0125,"LOW"
61,"1","N0","T1",0.9883,0.0117,"LOW"
62,"1","N0","T1",0.988,0.012,"LOW"
63,"1","N0","T1",0.988,0.012,"LOW"
64,"1","N0","T1",0.9881,0.0119,"LOW"
65,"1","N0","T1",0.9881,0.0119,"LOW"
66,"1","N0","T1",0.9881,0.0119,"LOW"
67,"1","N0","T1",0.9883,0.0117,"LOW"
68,"1","N0","T1",0.9883,0.0117,"LOW"
69,"1","N0","T1",0.9882,0.0118,"LOW"
70,"1","N0","T1",0.988,0.012,"LOW"
71,"1","N0","T1",0.9881,0.0119,"LOW"
72,"1","N0","T1",0.9879,0.0121,"LOW"
73,"1","N0","T1",0.9879,0.0121,"LOW"
74,"1","N0","T1",0.9881,0.0119,"LOW"
75,"1","N0","T1",0.9879,0.0121,"LOW"
76,"1","N0","T1",0.988,0.012,"LOW"
77,"1","N0","T1",0.9879,0.0121,"LOW"
78,"1","N0","T1",0.988,0.012,"LOW"
79,"1","N0","T1",0.9881,0.0119,"LOW"
80,"1","N0","T1",0.9877,0.0123,"LOW"
81,"1","N0","T1",0.9885,0.0115,"LOW"
82,"1","N0","T1",0.9884,0.0116,"LOW"
83,"1","N0","T1",0.9885,0.0115,"LOW"
84,"1","N0","T1",0.9891,0.0109,"LOW"
85,"1","N0","T1",0.9887,0.0113,"LOW"
86,"1","N0","T1",0.9883,0.0117,"LOW"
87,"1","N0","T1",0.989,0.011,"LOW"
88,"1","N0","T1",0.9887,0.0113,"LOW"
89,"1","N0","T1",0.9881,0.0119,"LOW"
90,"1","N0","T1",0.9884,0.0116,"LOW"
91,"1","N0","T1",0.9884,0.0116,"LOW"
92,"1","N0","T1",0.9884,0.0116,"LOW"
93,"1","N0","T1",0.9884,0.0116,"LOW"
94,"1","N0","T1",0.9884,0.0116,"LOW"
95,"1","N0","T1",0.9884,0.0116,"LOW"
96,"1","N0","T1",0.9884,0.0116,"LOW"
97,"1","N0","T1",0.9884,0.0116,"LOW"
98,"1","N0","T1",0.9884,0.0116,"LOW"
99,"1","N0","T1",0.9884,0.0116,"LOW"
0,"2","N0","T1",0.9647,0.0353,"LOW"
1,"2","N0","T1",0.9655,0.0345,"LOW"
2,"2","N0","T1",0.9655,0.0345,"LOW"
3,"2","N0","T1",0.9655,0.0345,"LOW"
4,"2","N0","T1",0.9655,0.0345,"LOW"
5,"2","N0","T1",0.9655,0.0345,"LOW"
6,"2","N0","T1",0.9655,0.0345,"LOW"
7,"2","N0","T1",0.9655,0.0345,"LOW"
8,"2","N0","T1",0.9655,0.0345,"LOW"
9,"2","N0","T1",0.9655,0.0345,"LOW"
10,"2","N0","T1",0.9655,0.0345,"LOW"
11,"2","N0","T1",0.9655,0.0345,"LOW"
12,"2","N0","T1",0.9655,0.0345,"LOW"
13,"2","N0","T1",0.9655,0.0345,"LOW"
14,"2","N0","T1",0.9655,0.0345,"LOW"
15,"2","N0","T1",0.9655,0.0345,"LOW"
16,"2","N0","T1",0.9655,0.0345,"LOW"
17,"2","N0","T1",0.9655,0.0345,"LOW"
18,"2","N0","T1",0.9655,0.0345,"LOW"
19,"2","N0","T1",0.9655,0.0345,"LOW"
20,"2","N0","T1",0.9655,0.0345,"LOW"
21,"2","N0","T1",0.9655,0.0345,"LOW"
22,"2","N0","T1",0.9655,0.0345,"LOW"
23,"2","N0","T1",0.9655,0.0345,"LOW"
24,"2","N0","T1",0.9647,0.0353,"LOW"
25,"2","N0","T1",0.9489,0.0511,"LOW"
26,"2","N0","T1",0.9285,0.0715,"LOW"
27,"2","N0","T1",0.8452,0.1548,"LOW"
28,"2","N0","T1",0.9646,0.0354,"LOW"
29,"2","N0","T1",0.9778,0.0222,"LOW"
30,"2","N0","T1",0.9854,0.0146,"LOW"
31,"2","N0","T1",0.9854,0.0146,"LOW"
32,"2","N0","T1",0.985,0.015,"LOW"
33,"2","N0","T1",0.9853,0.0147,"LOW"
34,"2","N0","T1",0.9853,0.0147,"LOW"
35,"2","N0","T1",0.9853,0.0147,"LOW"
36,"2","N0","T1",0.9853,0.0147,"LOW"
37,"2","N0","T1",0.9853,0.0147,"LOW"
38,"2","N0","T1",0.9853,0.0147,"LOW"
39,"2","N0","T1",0.9853,0.0147,"LOW"
40,"2","N0","T1",0.9853,0.0147,"LOW"
41,"2","N0","T1",0.9853,0.0147,"LOW"
42,"2","N0","T1",0.9846,0.0154,"LOW"
43,"2","N0","T1",0.9805,0.0195,"LOW"
44,"2","N0","T1",0.9812,0.0188,"LOW"
45,"2","N0","T1",0.9834,0.0166,"LOW"
46,"2","N0","T1",0.9834,0.0166,"LOW"
47,"2","N0","T1",0.9821,0.0179,"LOW"
48,"2","N0","T1",0.9809,0.0191,"LOW"
49,"2","N0","T1",0.9827,0.0173,"LOW"
50,"2","N0","T1",0.9811,0.0189,"LOW"
51,"2","N0","T1",0.9803,0.0197,"LOW"
52,"2","N0","T1",0.9825,0.0175,"LOW"
53,"2","N0","T1",0.9821,0.0179,"LOW"
54,"2","N0","T1",0.98,0.02,"LOW"
55,"2","N0","T1",0.9801,0.0199,"LOW"
56,"2","N0","T1",0.9824,0.0176,"LOW"
57,"2","N0","T1",0.9823,0.0177,"LOW"
58,"2","N0","T1",0.9831,0.0169,"LOW"
59,"2","N0","T1",0.9825,0.0175,"LOW"
60,"2","N0","T1",0.9825,0.0175,"LOW"
61,"2","N0","T1",0.9831,0.0169,"LOW"
62,"2","N0","T1",0.9833,0.0167,"LOW"
63,"2","N0","T1",0.9831,0.0169,"LOW"
64,"2","N0","T1",0.9832,0.0168,"LOW"
65,"2","N0","T1",0.9832,0.0168,"LOW"
66,"2","N0","T1",0.9829,0.0171,"LOW"
67,"2","N0","T1",0.9829,0.0171,"LOW"
68,"2","N0","T1",0.9832,0.0168,"LOW"
69,"2","N0","T1",0.9834,0.0166,"LOW"
70,"2","N0","T1",0.983,0.017,"LOW"
71,"2","N0","T1",0.9831,0.0169,"LOW"
72,"2","N0","T1",0.9838,0.0162,"LOW"
73,"2","N0","T1",0.9848,0.0152,"LOW"
74,"2","N0","T1",0.9818,0.0182,"LOW"
75,"2","N0","T1",0.9812,0.0188,"LOW"
76,"2","N0","T1",0.9799,0.0201,"LOW"
77,"2","N0","T1",0.9811,0.0189,"LOW"
78,"2","N0","T1",0.9804,0.0196,"LOW"
79,"2","N0","T1",0.9811,0.0189,"LOW"
80,"2","N0","T1",0.9813,0.0187,"LOW"
81,"2","N0","T1",0.9814,0.0186,"LOW"
82,"2","N0","T1",0.9812,0.0188,"LOW"
83,"2","N0","T1",0.9797,0.0203,"LOW"
84,"2","N0","T1",0.9829,0.0171,"LOW"
85,"2","N0","T1",0.9827,0.0173,"LOW"
86,"2","N0","T1",0.9819,0.0181,"LOW"
87,"2","N0","T1",0.982,0.018,"LOW"
88,"2","N0","T1",0.9832,0.0168,"LOW"
89,"2","N0","T1",0.9827,0.0173,"LOW"
90,"2","N0","T1",0.983,0.017,"LOW"
91,"2","N0","T1",0.983,0.017,"LOW"
92,"2","N0","T1",0.983,0.017,"LOW"
93,"2","N0","T1",0.983,0.017,"LOW"
94,"2","N0","T1",0.983,0.017,"LOW"
95,"2","N0","T1",0.983,0.017,"LOW"
96,"2","N0","T1",0.983,0.017,"LOW"
97,"2","N0","T1",0.983,0.017,"LOW"
98,"2","N0","T1",0.983,0.017,"LOW"
99,"2","N0","T1",0.983,0.017,"LOW"
0,"1","N1","T1",0.7821,0.2179,"LOW"
1,"1","N1","T1",0.7826,0.2174,"LOW"
2,"1","N1","T1",0.7826,0.2174,"LOW"
3,"1","N1","T1",0.7826,0.2174,"LOW"
4,"1","N1","T1",0.7826,0.2174,"LOW"
5,"1","N1","T1",0.7826,0.2174,"LOW"
6,"1","N1","T1",0.7826,0.2174,"LOW"
7,"1","N1","T1",0.7826,0.2174,"LOW"
8,"1","N1","T1",0.7826,0.2174,"LOW"
9,"1","N1","T1",0.7826,0.2174,"LOW"
10,"1","N1","T1",0.7826,0.2174,"LOW"
11,"1","N1","T1",0.7826,0.2174,"LOW"
12,"1","N1","T1",0.7826,0.2174,"LOW"
13,"1","N1","T1",0.7826,0.2174,"LOW"
14,"1","N1","T1",0.7826,0.2174,"LOW"
15,"1","N1","T1",0.7826,0.2174,"LOW"
16,"1","N1","T1",0.7826,0.2174,"LOW"
17,"1","N1","T1",0.7826,0.2174,"LOW"
18,"1","N1","T1",0.7826,0.2174,"LOW"
19,"1","N1","T1",0.7826,0.2174,"LOW"
20,"1","N1","T1",0.7746,0.2254,"LOW"
21,"1","N1","T1",0.7726,0.2274,"LOW"
22,"1","N1","T1",0.7726,0.2274,"LOW"
23,"1","N1","T1",0.7726,0.2274,"LOW"
24,"1","N1","T1",0.7726,0.2274,"LOW"
25,"1","N1","T1",0.7726,0.2274,"LOW"
26,"1","N1","T1",0.7726,0.2274,"LOW"
27,"1","N1","T1",0.7726,0.2274,"LOW"
28,"1","N1","T1",0.7739,0.2261,"LOW"
29,"1","N1","T1",0.8055,0.1945,"LOW"
30,"1","N1","T1",0.8079,0.1921,"LOW"
31,"1","N1","T1",0.8079,0.1921,"LOW"
32,"1","N1","T1",0.8079,0.1921,"LOW"
33,"1","N1","T1",0.8079,0.1921,"LOW"
34,"1","N1","T1",0.8079,0.1921,"LOW"
35,"1","N1","T1",0.8079,0.1921,"LOW"
36,"1","N1","T1",0.8071,0.1929,"LOW"
37,"1","N1","T1",0.8025,0.1975,"LOW"
38,"1","N1","T1",0.8034,0.1966,"LOW"
39,"1","N1","T1",0.7786,0.2214,"LOW"
40,"1","N1","T1",0.6832,0.3168,"LOW"
41,"1","N1","T1",0.7213,0.2787,"LOW"
42,"1","N1","T1",0.6911,0.3089,"LOW"
43,"1","N1","T1",0.7031,0.2969,"LOW"
44,"1","N1","T1",0.6904,0.3096,"LOW"
45,"1","N1","T1",0.6156,0.3844,"LOW"
46,"1","N1","T1",0.6059,0.3941,"LOW"
47,"1","N1","T1",0.6087,0.3913,"LOW"
48,"1","N1","T1",0.7073,0.2927,"LOW"
49,"1","N1","T1",0.7646,0.2354,"LOW"
50,"1","N1","T1",0.7115,0.2885,"LOW"
51,"1","N1","T1",0.7551,0.2449,"LOW"
52,"1","N1","T1",0.7616,0.2384,"LOW"
53,"1","N1","T1",0.7263,0.2737,"LOW"
54,"1","N1","T1",0.7274,0.2726,"LOW"
55,"1","N1","T1",0.6735,0.3265,"LOW"
56,"1","N1","T1",0.6711,0.3289,"LOW"
57,"1","N1","T1",0.6563,0.3437,"LOW"
58,"1","N1","T1",0.6024,0.3976,"LOW"
59,"1","N1","T1",0.6233,0.3767,"LOW"
60,"1","N1","T1",0.626,0.374,"LOW"
61,"1","N1","T1",0.6921,0.3079,"LOW"
62,"1","N1","T1",0.6753,0.3247,"LOW"
63,"1","N1","T1",0.7182,0.2818,"LOW"
64,"1","N1","T1",0.6961,0.3039,"LOW"
65,"1","N1","T1",0.7135,0.2865,"LOW"
66,"1","N1","T1",0.6702,0.3298,"LOW"
67,"1","N1","T1",0.6576,0.3424,"LOW"
68,"1","N1","T1",0.6516,0.3484,"LOW"
69,"1","N1","T1",0.5571,0.4429,"LOW"
70,"1","N1","T1",0.5063,0.4937,"LOW"
71,"1","N1","T1",0.6058,0.3942,"LOW"
72,"1","N1","T1",0.5679,0.4321,"LOW"
73,"1","N1","T1",0.6734,0.3266,"LOW"
74,"1","N1","T1",0.7176,0.2824,"LOW"
75,"1","N1","T1",0.6791,0.3209,"LOW"
76,"1","N1","T1",0.6794,0.3206,"LOW"
77,"1","N1","T1",0.7424,0.2576,"LOW"
78,"1","N1","T1",0.6571,0.3429,"LOW"
79,"1","N1","T1",0.7684,0.2316,"LOW"
80,"1","N1","T1",0.7694,0.2306,"LOW"
81,"1","N1","T1",0.7742,0.2258,"LOW"
82,"1","N1","T1",0.7512,0.2488,"LOW"
83,"1","N1","T1",0.6758,0.3242,"LOW"
84,"1","N1","T1",0.7757,0.2243,"LOW"
85,"1","N1","T1",0.6918,0.3082,"LOW"
86,"1","N1","T1",0.6565,0.3435,"LOW"
87,"1","N1","T1",0.6529,0.3471,"LOW"
88,"1","N1","T1",0.7027,0.2973,"LOW"
89,"1","N1","T1",0.7358,0.2642,"LOW"
90,"1","N1","T1",0.7984,0.2016,"LOW"
91,"1","N1","T1",0.7984,0.2016,"LOW"
92,"1","N1","T1",0.7984,0.2016,"LOW"
93,"1","N1","T1",0.7984,0.2016,"LOW"
94,"1","N1","T1",0.7984,0.2016,"LOW"
95,"1","N1","T1",0.7984,0.2016,"LOW"
96,"1","N1","T1",0.7984,0.2016,"LOW"
97,"1","N1","T1",0.7984,0.2016,"LOW"
98,"1","N1","T1",0.7984,0.2016,"LOW"
99,"1","N1","T1",0.7984,0.2016,"LOW"
0,"2","N1","T1",0.6921,0.3079,"LOW"
1,"2","N1","T1",0.6925,0.3075,"LOW"
2,"2","N1","T1",0.6925,0.3075,"LOW"
3,"2","N1","T1",0.6925,0.3075,"LOW"
4,"2","N1","T1",0.6925,0.3075,"LOW"
5,"2","N1","T1",0.6925,0.3075,"LOW"
6,"2","N1","T1",0.6925,0.3075,"LOW"
7,"2","N1","T1",0.6925,0.3075,"LOW"
8,"2","N1","T1",0.6925,0.3075,"LOW"
9,"2","N1","T1",0.6925,0.3075,"LOW"
10,"2","N1","T1",0.6925,0.3075,"LOW"
11,"2","N1","T1",0.6925,0.3075,"LOW"
12,"2","N1","T1",0.6925,0.3075,"LOW"
13,"2","N1","T1",0.6925,0.3075,"LOW"
14,"2","N1","T1",0.6925,0.3075,"LOW"
15,"2","N1","T1",0.6925,0.3075,"LOW"
16,"2","N1","T1",0.6925,0.3075,"LOW"
17,"2","N1","T1",0.6925,0.3075,"LOW"
18,"2","N1","T1",0.6925,0.3075,"LOW"
19,"2","N1","T1",0.6925,0.3075,"LOW"
20,"2","N1","T1",0.6693,0.3307,"LOW"
21,"2","N1","T1",0.6653,0.3347,"LOW"
22,"2","N1","T1",0.6653,0.3347,"LOW"
23,"2","N1","T1",0.6653,0.3347,"LOW"
24,"2","N1","T1",0.6653,0.3347,"LOW"
25,"2","N1","T1",0.6653,0.3347,"LOW"
26,"2","N1","T1",0.6653,0.3347,"LOW"
27,"2","N1","T1",0.6618,0.3382,"LOW"
28,"2","N1","T1",0.6693,0.3307,"LOW"
29,"2","N1","T1",0.6966,0.3034,"LOW"
30,"2","N1","T1",0.6424,0.3576,"LOW"
31,"2","N1","T1",0.6424,0.3576,"LOW"
32,"2","N1","T1",0.64,0.36,"LOW"
33,"2","N1","T1",0.64,0.36,"LOW"
34,"2","N1","T1",0.638,0.362,"LOW"
35,"2","N1","T1",0.632,0.368,"LOW"
36,"2","N1","T1",0.6242,0.3758,"LOW"
37,"2","N1","T1",0.6182,0.3818,"LOW"
38,"2","N1","T1",0.6252,0.3748,"LOW"
39,"2","N1","T1",0.6053,0.3947,"LOW"
40,"2","N1","T1",0.5388,0.4612,"LOW"
41,"2","N1","T1",0.5511,0.4489,"LOW"
42,"2","N1","T1",0.5103,0.4897,"LOW"
43,"2","N1","T1",0.5297,0.4703,"LOW"
44,"2","N1","T1",0.5447,0.4553,"LOW"
45,"2","N1","T1",0.5878,0.4122,"LOW"
46,"2","N1","T1",0.5913,0.4087,"LOW"
47,"2","N1","T1",0.5792,0.4208,"LOW"
48,"2","N1","T1",0.5944,0.4056,"LOW"
49,"2","N1","T1",0.6156,0.3844,"LOW"
50,"2","N1","T1",0.6018,0.3982,"LOW"
51,"2","N1","T1",0.6185,0.3815,"LOW"
52,"2","N1","T1",0.6302,0.3698,"LOW"
53,"2","N1","T1",0.6251,0.3749,"LOW"
54,"2","N1","T1",0.6233,0.3767,"LOW"
55,"2","N1","T1",0.655,0.345,"LOW"
56,"2","N1","T1",0.6295,0.3705,"LOW"
57,"2","N1","T1",0.6012,0.3988,"LOW"
58,"2","N1","T1",0.4876,0.5124,"HIGH"
59,"2","N1","T1",0.4798,0.5202,"HIGH"
60,"2","N1","T1",0.4802,0.5198,"HIGH"
61,"2","N1","T1",0.5731,0.4269,"LOW"
62,"2","N1","T1",0.6806,0.3194,"LOW"
63,"2","N1","T1",0.6985,0.3015,"LOW"
64,"2","N1","T1",0.6338,0.3662,"LOW"
65,"2","N1","T1",0.5871,0.4129,"LOW"
66,"2","N1","T1",0.5625,0.4375,"LOW"
67,"2","N1","T1",0.6604,0.3396,"LOW"
68,"2","N1","T1",0.5708,0.4292,"LOW"
69,"2","N1","T1",0.5737,0.4263,"LOW"
70,"2","N1","T1",0.5816,0.4184,"LOW"
71,"2","N1","T1",0.6428,0.3572,"LOW"
72,"2","N1","T1",0.6331,0.3669,"LOW"
73,"2","N1","T1",0.5928,0.4072,"LOW"
74,"2","N1","T1",0.6501,0.3499,"LOW"
75,"2","N1","T1",0.604,0.396,"LOW"
76,"2","N1","T1",0.6755,0.3245,"LOW"
77,"2","N1","T1",0.7132,0.2868,"LOW"
78,"2","N1","T1",0.6177,0.3823,"LOW"
79,"2","N1","T1",0.6656,0.3344,"LOW"
80,"2","N1","T1",0.697,0.303,"LOW"
81,"2","N1","T1",0.6713,0.3287,"LOW"
82,"2","N1","T1",0.7128,0.2872,"LOW"
83,"2","N1","T1",0.588,0.412,"LOW"
84,"2","N1","T1",0.6494,0.3506,"LOW"
85,"2","N1","T1",0.7306,0.2694,"LOW"
86,"2","N1","T1",0.727,0.273,"LOW"
87,"2","N1","T1",0.73,0.27,"LOW"
88,"2","N1","T1",0.7709,0.2291,"LOW"
89,"2","N1","T1",0.7778,0.2222,"LOW"
90,"2","N1","T1",0.5861,0.4139,"LOW"
91,"2","N1","T1",0.5861,0.4139,"LOW"
92,"2","N1","T1",0.5861,0.4139,"LOW"
93,"2","N1","T1",0.5861,0.4139,"LOW"
94,"2","N1","T1",0.5861,0.4139,"LOW"
95,"2","N1","T1",0.5861,0.4139,"LOW"
96,"2","N1","T1",0.5861,0.4139,"LOW"
97,"2","N1","T1",0.5861,0.4139,"LOW"
98,"2","N1","T1",0.5861,0.4139,"LOW"
99,"2","N1","T1",0.5861,0.4139,"LOW"
0,"1","N2","T1",0.6112,0.3888,"LOW"
1,"1","N2","T1",0.6112,0.3888,"LOW"
2,"1","N2","T1",0.6112,0.3888,"LOW"
3,"1","N2","T1",0.6112,0.3888,"LOW"
4,"1","N2","T1",0.6112,0.3888,"LOW"
5,"1","N2","T1",0.6112,0.3888,"LOW"
6,"1","N2","T1",0.6112,0.3888,"LOW"
7,"1","N2","T1",0.6112,0.3888,"LOW"
8,"1","N2","T1",0.6112,0.3888,"LOW"
9,"1","N2","T1",0.6112,0.3888,"LOW"
10,"1","N2","T1",0.6112,0.3888,"LOW"
11,"1","N2","T1",0.6112,0.3888,"LOW"
12,"1","N2","T1",0.6112,0.3888,"LOW"
13,"1","N2","T1",0.6112,0.3888,"LOW"
14,"1","N2","T1",0.6112,0.3888,"LOW"
15,"1","N2","T1",0.6112,0.3888,"LOW"
16,"1","N2","T1",0.6112,0.3888,"LOW"
17,"1","N2","T1",0.6112,0.3888,"LOW"
18,"1","N2","T1",0.6112,0.3888,"LOW"
19,"1","N2","T1",0.6112,0.3888,"LOW"
20,"1","N2","T1",0.6112,0.3888,"LOW"
21,"1","N2","T1",0.6112,0.3888,"LOW"
22,"1","N2","T1",0.6112,0.3888,"LOW"
23,"1","N2","T1",0.6112,0.3888,"LOW"
24,"1","N2","T1",0.6112,0.3888,"LOW"
25,"1","N2","T1",0.6163,0.3837,"LOW"
26,"1","N2","T1",0.6292,0.3708,"LOW"
27,"1","N2","T1",0.6292,0.3708,"LOW"
28,"1","N2","T1",0.6292,0.3708,"LOW"
29,"1","N2","T1",0.6292,0.3708,"LOW"
30,"1","N2","T1",0.6601,0.3399,"LOW"
31,"1","N2","T1",0.7035,0.2965,"LOW"
32,"1","N2","T1",0.6694,0.3306,"LOW"
33,"1","N2","T1",0.6519,0.3481,"LOW"
34,"1","N2","T1",0.664,0.336,"LOW"
35,"1","N2","T1",0.6764,0.3236,"LOW"
36,"1","N2","T1",0.6832,0.3168,"LOW"
37,"1","N2","T1",0.6949,0.3051,"LOW"
38,"1","N2","T1",0.6503,0.3497,"LOW"
39,"1","N2","T1",0.4852,0.5148,"HIGH"
40,"1","N2","T1",0.4695,0.5305,"HIGH"
41,"1","N2","T1",0.4053,0.5947,"HIGH"
42,"1","N2","T1",0.359,0.641,"HIGH"
43,"1","N2","T1",0.3426,0.6574,"HIGH"
44,"1","N2","T1",0.3503,0.6497,"HIGH"
45,"1","N2","T1",0.5185,0.4815,"LOW"
46,"1","N2","T1",0.6099,0.3901,"LOW"
47,"1","N2","T1",0.5969,0.4031,"LOW"
48,"1","N2","T1",0.4992,0.5008,"HIGH"
49,"1","N2","T1",0.4736,0.5264,"HIGH"
50,"1","N2","T1",0.5496,0.4504,"LOW"
51,"1","N2","T1",0.5925,0.4075,"LOW"
52,"1","N2","T1",0.5847,0.4153,"LOW"
53,"1","N2","T1",0.5909,0.4091,"LOW"
54,"1","N2","T1",0.6022,0.3978,"LOW"
55,"1","N2","T1",0.6083,0.3917,"LOW"
56,"1","N2","T1",0.5975,0.4025,"LOW"
57,"1","N2","T1",0.5266,0.4734,"LOW"
58,"1","N2","T1",0.5463,0.4537,"LOW"
59,"1","N2","T1",0.5471,0.4529,"LOW"
60,"1","N2","T1",0.5304,0.4696,"LOW"
61,"1","N2","T1",0.5678,0.4322,"LOW"
62,"1","N2","T1",0.5599,0.4401,"LOW"
63,"1","N2","T1",0.5289,0.4711,"LOW"
64,"1","N2","T1",0.5193,0.4807,"LOW"
65,"1","N2","T1",0.5494,0.4506,"LOW"
66,"1","N2","T1",0.5982,0.4018,"LOW"
67,"1","N2","T1",0.5727,0.4273,"LOW"
68,"1","N2","T1",0.5544,0.4456,"LOW"
69,"1","N2","T1",0.5532,0.4468,"LOW"
70,"1","N2","T1",0.5976,0.4024,"LOW"
71,"1","N2","T1",0.5329,0.4671,"LOW"
72,"1","N2","T1",0.5526,0.4474,"LOW"
73,"1","N2","T1",0.4779,0.5221,"HIGH"
74,"1","N2","T1",0.4683,0.5317,"HIGH"
75,"1","N2","T1",0.4885,0.5115,"HIGH"
76,"1","N2","T1",0.4728,0.5272,"HIGH"
77,"1","N2","T1",0.4493,0.5507,"HIGH"
78,"1","N2","T1",0.5116,0.4884,"LOW"
79,"1","N2","T1",0.5473,0.4527,"LOW"
80,"1","N2","T1",0.4948,0.5052,"HIGH"
81,"1","N2","T1",0.4552,0.5448,"HIGH"
82,"1","N2","T1",0.551,0.449,"LOW"
83,"1","N2","T1",0.5916,0.4084,"LOW"
84,"1","N2","T1",0.6085,0.3915,"LOW"
85,"1","N2","T1",0.4277,0.5723,"HIGH"
86,"1","N2","T1",0.5362,0.4638,"LOW"
87,"1","N2","T1",0.5674,0.4326,"LOW"
88,"1","N2","T1",0.5285,0.4715,"LOW"
89,"1","N2","T1",0.6949,0.3051,"LOW"
90,"1","N2","T1",0.5539,0.4461,"LOW"
91,"1","N2","T1",0.5539,0.4461,"LOW"
92,"1","N2","T1",0.5539,0.4461,"LOW"
93,"1","N2","T1",0.5539,0.4461,"LOW"
94,"1","N2","T1",0.5539,0.4461,"LOW"
95,"1","N2","T1",0.5539,0.4461,"LOW"
96,"1","N2","T1",0.5539,0.4461,"LOW"
97,"1","N2","T1",0.5539,0.4461,"LOW"
98,"1","N2","T1",0.5539,0.4461,"LOW"
99,"1","N2","T1",0.5539,0.4461,"LOW"
0,"2","N2","T1",0.4945,0.5055,"HIGH"
1,"2","N2","T1",0.4945,0.5055,"HIGH"
2,"2","N2","T1",0.4945,0.5055,"HIGH"
3,"2","N2","T1",0.4945,0.5055,"HIGH"
4,"2","N2","T1",0.4945,0.5055,"HIGH"
5,"2","N2","T1",0.4945,0.5055,"HIGH"
6,"2","N2","T1",0.4945,0.5055,"HIGH"
7,"2","N2","T1",0.4945,0.5055,"HIGH"
8,"2","N2","T1",0.4945,0.5055,"HIGH"
9,"2","N2","T1",0.4945,0.5055,"HIGH"
10,"2","N2","T1",0.4945,0.5055,"HIGH"
11,"2","N2","T1",0.4945,0.5055,"HIGH"
12,"2","N2","T1",0.4945,0.5055,"HIGH"
13,"2","N2","T1",0.4945,0.5055,"HIGH"
14,"2","N2","T1",0.4945,0.5055,"HIGH"
15,"2","N2","T1",0.4945,0.5055,"HIGH"
16,"2","N2","T1",0.4945,0.5055,"HIGH"
17,"2","N2","T1",0.4945,0.5055,"HIGH"
18,"2","N2","T1",0.4945,0.5055,"HIGH"
19,"2","N2","T1",0.4945,0.5055,"HIGH"
20,"2","N2","T1",0.4945,0.5055,"HIGH"
21,"2","N2","T1",0.4945,0.5055,"HIGH"
22,"2","N2","T1",0.4945,0.5055,"HIGH"
23,"2","N2","T1",0.4945,0.5055,"HIGH"
24,"2","N2","T1",0.4945,0.5055,"HIGH"
25,"2","N2","T1",0.5111,0.4889,"LOW"
26,"2","N2","T1",0.5131,0.4869,"LOW"
27,"2","N2","T1",0.5131,0.4869,"LOW"
28,"2","N2","T1",0.5131,0.4869,"LOW"
29,"2","N2","T1",0.5131,0.4869,"LOW"
30,"2","N2","T1",0.564,0.436,"LOW"
31,"2","N2","T1",0.6042,0.3958,"LOW"
32,"2","N2","T1",0.5896,0.4104,"LOW"
33,"2","N2","T1",0.5621,0.4379,"LOW"
34,"2","N2","T1",0.5589,0.4411,"LOW"
35,"2","N2","T1",0.5606,0.4394,"LOW"
36,"2","N2","T1",0.5689,0.4311,"LOW"
37,"2","N2","T1",0.5679,0.4321,"LOW"
38,"2","N2","T1",0.5342,0.4658,"LOW"
39,"2","N2","T1",0.3759,0.6241,"HIGH"
40,"2","N2","T1",0.3974,0.6026,"HIGH"
41,"2","N2","T1",0.4077,0.5923,"HIGH"
42,"2","N2","T1",0.418,0.582,"HIGH"
43,"2","N2","T1",0.3978,0.6022,"HIGH"
44,"2","N2","T1",0.3621,0.6379,"HIGH"
45,"2","N2","T1",0.4085,0.5915,"HIGH"
46,"2","N2","T1",0.4735,0.5265,"HIGH"
47,"2","N2","T1",0.458,0.542,"HIGH"
48,"2","N2","T1",0.4106,0.5894,"HIGH"
49,"2","N2","T1",0.4035,0.5965,"HIGH"
50,"2","N2","T1",0.4321,0.5679,"HIGH"
51,"2","N2","T1",0.4674,0.5326,"HIGH"
52,"2","N2","T1",0.4768,0.5232,"HIGH"
53,"2","N2","T1",0.5427,0.4573,"LOW"
54,"2","N2","T1",0.3751,0.6249,"HIGH"
55,"2","N2","T1",0.4069,0.5931,"HIGH"
56,"2","N2","T1",0.4337,0.5663,"HIGH"
57,"2","N2","T1",0.3671,0.6329,"HIGH"
58,"2","N2","T1",0.4251,0.5749,"HIGH"
59,"2","N2","T1",0.4301,0.5699,"HIGH"
60,"2","N2","T1",0.4416,0.5584,"HIGH"
61,"2","N2","T1",0.4916,0.5084,"HIGH"
62,"2","N2","T1",0.4966,0.5034,"HIGH"
63,"2","N2","T1",0.4663,0.5337,"HIGH"
64,"2","N2","T1",0.5763,0.4237,"LOW"
65,"2","N2","T1",0.615,0.385,"LOW"
66,"2","N2","T1",0.6194,0.3806,"LOW"
67,"2","N2","T1",0.5405,0.4595,"LOW"
68,"2","N2","T1",0.5715,0.4285,"LOW"
69,"2","N2","T1",0.5744,0.4256,"LOW"
70,"2","N2","T1",0.5451,0.4549,"LOW"
71,"2","N2","T1",0.4579,0.5421,"HIGH"
72,"2","N2","T1",0.4955,0.5045,"HIGH"
73,"2","N2","T1",0.513,0.487,"LOW"
74,"2","N2","T1",0.4651,0.5349,"HIGH"
75,"2","N2","T1",0.4885,0.5115,"HIGH"
76,"2","N2","T1",0.5191,0.4809,"LOW"
77,"2","N2","T1",0.4726,0.5274,"HIGH"
78,"2","N2","T1",0.5672,0.4328,"LOW"
79,"2","N2","T1",0.5892,0.4108,"LOW"
80,"2","N2","T1",0.5006,0.4994,"LOW"
81,"2","N2","T1",0.5262,0.4738,"LOW"
82,"2","N2","T1",0.5376,0.4624,"LOW"
83,"2","N2","T1",0.5389,0.4611,"LOW"
84,"2","N2","T1",0.5575,0.4425,"LOW"
85,"2","N2","T1",0.402,0.598,"HIGH"
86,"2","N2","T1",0.4562,0.5438,"HIGH"
87,"2","N2","T1",0.4422,0.5578,"HIGH"
88,"2","N2","T1",0.6083,0.3917,"LOW"
89,"2","N2","T1",0.6507,0.3493,"LOW"
90,"2","N2","T1",0.3438,0.6562,"HIGH"
91,"2","N2","T1",0.3438,0.6562,"HIGH"
92,"2","N2","T1",0.3438,0.6562,"HIGH"
93,"2","N2","T1",0.3438,0.6562,"HIGH"
94,"2","N2","T1",0.3438,0.6562,"HIGH"
95,"2","N2","T1",0.3438,0.6562,"HIGH"
96,"2","N2","T1",0.3438,0.6562,"HIGH"
97,"2","N2","T1",0.3438,0.6562,"HIGH"
98,"2","N2","T1",0.3438,0.6562,"HIGH"
99,"2","N2","T1",0.3438,0.6562,"HIGH"
0,"1","N3","T1",0.4099,0.5901,"HIGH"
1,"1","N3","T1",0.4099,0.5901,"HIGH"
2,"1","N3","T1",0.4099,0.5901,"HIGH"
3,"1","N3","T1",0.4099,0.5901,"HIGH"
4,"1","N3","T1",0.4099,0.5901,"HIGH"
5,"1","N3","T1",0.4099,0.5901,"HIGH"
6,"1","N3","T1",0.4099,0.5901,"HIGH"
7,"1","N3","T1",0.4099,0.5901,"HIGH"
8,"1","N3","T1",0.4099,0.5901,"HIGH"
9,"1","N3","T1",0.4099,0.5901,"HIGH"
10,"1","N3","T1",0.4099,0.5901,"HIGH"
11,"1","N3","T1",0.4099,0.5901,"HIGH"
12,"1","N3","T1",0.4099,0.5901,"HIGH"
13,"1","N3","T1",0.4099,0.5901,"HIGH"
14,"1","N3","T1",0.4099,0.5901,"HIGH"
15,"1","N3","T1",0.4099,0.5901,"HIGH"
16,"1","N3","T1",0.4099,0.5901,"HIGH"
17,"1","N3","T1",0.4099,0.5901,"HIGH"
18,"1","N3","T1",0.4099,0.5901,"HIGH"
19,"1","N3","T1",0.4099,0.5901,"HIGH"
20,"1","N3","T1",0.4099,0.5901,"HIGH"
21,"1","N3","T1",0.4099,0.5901,"HIGH"
22,"1","N3","T1",0.4099,0.5901,"HIGH"
23,"1","N3","T1",0.4099,0.5901,"HIGH"
24,"1","N3","T1",0.4099,0.5901,"HIGH"
25,"1","N3","T1",0.4099,0.5901,"HIGH"
26,"1","N3","T1",0.4099,0.5901,"HIGH"
27,"1","N3","T1",0.4096,0.5904,"HIGH"
28,"1","N3","T1",0.4096,0.5904,"HIGH"
29,"1","N3","T1",0.4096,0.5904,"HIGH"
30,"1","N3","T1",0.4098,0.5902,"HIGH"
31,"1","N3","T1",0.4098,0.5902,"HIGH"
32,"1","N3","T1",0.4098,0.5902,"HIGH"
33,"1","N3","T1",0.4098,0.5902,"HIGH"
34,"1","N3","T1",0.4098,0.5902,"HIGH"
35,"1","N3","T1",0.4098,0.5902,"HIGH"
36,"1","N3","T1",0.4266,0.5734,"HIGH"
37,"1","N3","T1",0.4342,0.5658,"HIGH"
38,"1","N3","T1",0.4437,0.5563,"HIGH"
39,"1","N3","T1",0.4749,0.5251,"HIGH"
40,"1","N3","T1",0.4509,0.5491,"HIGH"
41,"1","N3","T1",0.4446,0.5554,"HIGH"
42,"1","N3","T1",0.4486,0.5514,"HIGH"
43,"1","N3","T1",0.5833,0.4167,"LOW"
44,"1","N3","T1",0.6731,0.3269,"LOW"
45,"1","N3","T1",0.657,0.343,"LOW"
46,"1","N3","T1",0.6625,0.3375,"LOW"
47,"1","N3","T1",0.6243,0.3757,"LOW"
48,"1","N3","T1",0.4754,0.5246,"HIGH"
49,"1","N3","T1",0.5062,0.4938,"LOW"
50,"1","N3","T1",0.5929,0.4071,"LOW"
51,"1","N3","T1",0.5632,0.4368,"LOW"
52,"1","N3","T1",0.4368,0.5632,"HIGH"
53,"1","N3","T1",0.4293,0.5707,"HIGH"
54,"1","N3","T1",0.5513,0.4487,"LOW"
55,"1","N3","T1",0.65,0.35,"LOW"
56,"1","N3","T1",0.7385,0.2615,"LOW"
57,"1","N3","T1",0.758,0.242,"LOW"
58,"1","N3","T1",0.7526,0.2474,"LOW"
59,"1","N3","T1",0.5916,0.4084,"LOW"
60,"1","N3","T1",0.5101,0.4899,"LOW"
61,"1","N3","T1",0.3996,0.6004,"HIGH"
62,"1","N3","T1",0.3552,0.6448,"HIGH"
63,"1","N3","T1",0.3664,0.6336,"HIGH"
64,"1","N3","T1",0.5674,0.4326,"LOW"
65,"1","N3","T1",0.6662,0.3338,"LOW"
66,"1","N3","T1",0.481,0.519,"HIGH"
67,"1","N3","T1",0.2739,0.7261,"HIGH"
68,"1","N3","T1",0.2676,0.7324,"HIGH"
69,"1","N3","T1",0.4859,0.5141,"HIGH"
70,"1","N3","T1",0.4694,0.5306,"HIGH"
71,"1","N3","T1",0.4403,0.5597,"HIGH"
72,"1","N3","T1",0.5287,0.4713,"LOW"
73,"1","N3","T1",0.4386,0.5614,"HIGH"
74,"1","N3","T1",0.5332,0.4668,"LOW"
75,"1","N3","T1",0.6413,0.3587,"LOW"
76,"1","N3","T1",0.4684,0.5316,"HIGH"
77,"1","N3","T1",0.5017,0.4983,"LOW"
78,"1","N3","T1",0.5837,0.4163,"LOW"
79,"1","N3","T1",0.5689,0.4311,"LOW"
80,"1","N3","T1",0.5552,0.4448,"LOW"
81,"1","N3","T1",0.5202,0.4798,"LOW"
82,"1","N3","T1",0.5178,0.4822,"LOW"
83,"1","N3","T1",0.6281,0.3719,"LOW"
84,"1","N3","T1",0.4275,0.5725,"HIGH"
85,"1","N3","T1",0.2823,0.7177,"HIGH"
86,"1","N3","T1",0.2273,0.7727,"HIGH"
87,"1","N3","T1",0.2324,0.7676,"HIGH"
88,"1","N3","T1",0.2781,0.7219,"HIGH"
89,"1","N3","T1",0.1883,0.8117,"HIGH"
90,"1","N3","T1",0.2391,0.7609,"HIGH"
91,"1","N3","T1",0.2391,0.7609,"HIGH"
92,"1","N3","T1",0.2391,0.7609,"HIGH"
93,"1","N3","T1",0.2391,0.7609,"HIGH"
94,"1","N3","T1",0.2391,0.7609,"HIGH"
95,"1","N3","T1",0.2391,0.7609,"HIGH"
96,"1","N3","T1",0.2391,0.7609,"HIGH"
97,"1","N3","T1",0.2391,0.7609,"HIGH"
98,"1","N3","T1",0.2391,0.7609,"HIGH"
99,"1","N3","T1",0.2391,0.7609,"HIGH"
0,"2","N3","T1",0.6113,0.3887,"LOW"
1,"2","N3","T1",0.6113,0.3887,"LOW"
2,"2","N3","T1",0.6113,0.3887,"LOW"
3,"2","N3","T1",0.6113,0.3887,"LOW"
4,"2","N3","T1",0.6113,0.3887,"LOW"
5,"2","N3","T1",0.6113,0.3887,"LOW"
6,"2","N3","T1",0.6113,0.3887,"LOW"
7,"2","N3","T1",0.6113,0.3887,"LOW"
8,"2","N3","T1",0.6113,0.3887,"LOW"
9,"2","N3","T1",0.6113,0.3887,"LOW"
10,"2","N3","T1",0.6113,0.3887,"LOW"
11,"2","N3","T1",0.6113,0.3887,"LOW"
12,"2","N3","T1",0.6113,0.3887,"LOW"
13,"2","N3","T1",0.6113,0.3887,"LOW"
14,"2","N3","T1",0.6113,0.3887,"LOW"
15,"2","N3","T1",0.6113,0.3887,"LOW"
16,"2","N3","T1",0.6113,0.3887,"LOW"
17,"2","N3","T1",0.6113,0.3887,"LOW"
18,"2","N3","T1",0.6113,0.3887,"LOW"
19,"2","N3","T1",0.6113,0.3887,"LOW"
20,"2","N3","T1",0.6113,0.3887,"LOW"
21,"2","N3","T1",0.6113,0.3887,"LOW"
22,"2","N3","T1",0.6113,0.3887,"LOW"
23,"2","N3","T1",0.6113,0.3887,"LOW"
24,"2","N3","T1",0.6113,0.3887,"LOW"
25,"2","N3","T1",0.6113,0.3887,"LOW"
26,"2","N3","T1",0.6113,0.3887,"LOW"
27,"2","N3","T1",0.6111,0.3889,"LOW"
28,"2","N3","T1",0.6111,0.3889,"LOW"
29,"2","N3","T1",0.6111,0.3889,"LOW"
30,"2","N3","T1",0.6113,0.3887,"LOW"
31,"2","N3","T1",0.6113,0.3887,"LOW"
32,"2","N3","T1",0.6113,0.3887,"LOW"
33,"2","N3","T1",0.6113,0.3887,"LOW"
34,"2","N3","T1",0.6113,0.3887,"LOW"
35,"2","N3","T1",0.6113,0.3887,"LOW"
36,"2","N3","T1",0.6411,0.3589,"LOW"
37,"2","N3","T1",0.6568,0.3432,"LOW"
38,"2","N3","T1",0.6751,0.3249,"LOW"
39,"2","N3","T1",0.732,0.268,"LOW"
40,"2","N3","T1",0.71,0.29,"LOW"
41,"2","N3","T1",0.6898,0.3102,"LOW"
42,"2","N3","T1",0.6838,0.3162,"LOW"
43,"2","N3","T1",0.7865,0.2135,"LOW"
44,"2","N3","T1",0.8157,0.1843,"LOW"
45,"2","N3","T1",0.7595,0.2405,"LOW"
46,"2","N3","T1",0.7707,0.2293,"LOW"
47,"2","N3","T1",0.8618,0.1382,"LOW"
48,"2","N3","T1",0.8253,0.1747,"LOW"
49,"2","N3","T1",0.8407,0.1593,"LOW"
50,"2","N3","T1",0.8754,0.1246,"LOW"
51,"2","N3","T1",0.8663,0.1337,"LOW"
52,"2","N3","T1",0.8296,0.1704,"LOW"
53,"2","N3","T1",0.8079,0.1921,"LOW"
54,"2","N3","T1",0.8487,0.1513,"LOW"
55,"2","N3","T1",0.8417,0.1583,"LOW"
56,"2","N3","T1",0.8663,0.1337,"LOW"
57,"2","N3","T1",0.8583,0.1417,"LOW"
58,"2","N3","T1",0.8529,0.1471,"LOW"
59,"2","N3","T1",0.747,0.253,"LOW"
60,"2","N3","T1",0.7485,0.2515,"LOW"
61,"2","N3","T1",0.6658,0.3342,"LOW"
62,"2","N3","T1",0.5852,0.4148,"LOW"
63,"2","N3","T1",0.5789,0.4211,"LOW"
64,"2","N3","T1",0.6187,0.3813,"LOW"
65,"2","N3","T1",0.6701,0.3299,"LOW"
66,"2","N3","T1",0.523,0.477,"LOW"
67,"2","N3","T1",0.4143,0.5857,"HIGH"
68,"2","N3","T1",0.4086,0.5914,"HIGH"
69,"2","N3","T1",0.4445,0.5555,"HIGH"
70,"2","N3","T1",0.3626,0.6374,"HIGH"
71,"2","N3","T1",0.3506,0.6494,"HIGH"
72,"2","N3","T1",0.3573,0.6427,"HIGH"
73,"2","N3","T1",0.3179,0.6821,"HIGH"
74,"2","N3","T1",0.4628,0.5372,"HIGH"
75,"2","N3","T1",0.3019,0.6981,"HIGH"
76,"2","N3","T1",0.1779,0.8221,"HIGH"
77,"2","N3","T1",0.1743,0.8257,"HIGH"
78,"2","N3","T1",0.2179,0.7821,"HIGH"
79,"2","N3","T1",0.3051,0.6949,"HIGH"
80,"2","N3","T1",0.2935,0.7065,"HIGH"
81,"2","N3","T1",0.2516,0.7484,"HIGH"
82,"2","N3","T1",0.2213,0.7787,"HIGH"
83,"2","N3","T1",0.2482,0.7518,"HIGH"
84,"2","N3","T1",0.3264,0.6736,"HIGH"
85,"2","N3","T1",0.3504,0.6496,"HIGH"
86,"2","N3","T1",0.3375,0.6625,"HIGH"
87,"2","N3","T1",0.5003,0.4997,"LOW"
88,"2","N3","T1",0.4974,0.5026,"HIGH"
89,"2","N3","T1",0.5253,0.4747,"LOW"
90,"2","N3","T1",0.7462,0.2538,"LOW"
91,"2","N3","T1",0.7462,0.2538,"LOW"
92,"2","N3","T1",0.7462,0.2538,"LOW"
93,"2","N3","T1",0.7462,0.2538,"LOW"
94,"2","N3","T1",0.7462,0.2538,"LOW"
95,"2","N3","T1",0.7462,0.2538,"LOW"
96,"2","N3","T1",0.7462,0.2538,"LOW"
97,"2","N3","T1",0.7462,0.2538,"LOW"
98,"2","N3","T1",0.7462,0.2538,"LOW"
99,"2","N3","T1",0.7462,0.2538,"LOW"
0,"1","Other/Unknown","T1",0.5593,0.4407,"LOW"
1,"1","Other/Unknown","T1",0.5631,0.4369,"LOW"
2,"1","Other/Unknown","T1",0.5635,0.4365,"LOW"
3,"1","Other/Unknown","T1",0.5635,0.4365,"LOW"
4,"1","Other/Unknown","T1",0.5634,0.4366,"LOW"
5,"1","Other/Unknown","T1",0.5634,0.4366,"LOW"
6,"1","Other/Unknown","T1",0.5634,0.4366,"LOW"
7,"1","Other/Unknown","T1",0.5634,0.4366,"LOW"
8,"1","Other/Unknown","T1",0.5634,0.4366,"LOW"
9,"1","Other/Unknown","T1",0.5634,0.4366,"LOW"
10,"1","Other/Unknown","T1",0.5634,0.4366,"LOW"
11,"1","Other/Unknown","T1",0.5634,0.4366,"LOW"
12,"1","Other/Unknown","T1",0.5634,0.4366,"LOW"
13,"1","Other/Unknown","T1",0.5634,0.4366,"LOW"
14,"1","Other/Unknown","T1",0.5634,0.4366,"LOW"
15,"1","Other/Unknown","T1",0.5634,0.4366,"LOW"
16,"1","Other/Unknown","T1",0.5634,0.4366,"LOW"
17,"1","Other/Unknown","T1",0.5634,0.4366,"LOW"
18,"1","Other/Unknown","T1",0.5634,0.4366,"LOW"
19,"1","Other/Unknown","T1",0.5634,0.4366,"LOW"
20,"1","Other/Unknown","T1",0.5634,0.4366,"LOW"
21,"1","Other/Unknown","T1",0.5634,0.4366,"LOW"
22,"1","Other/Unknown","T1",0.5634,0.4366,"LOW"
23,"1","Other/Unknown","T1",0.5634,0.4366,"LOW"
24,"1","Other/Unknown","T1",0.5634,0.4366,"LOW"
25,"1","Other/Unknown","T1",0.5634,0.4366,"LOW"
26,"1","Other/Unknown","T1",0.5634,0.4366,"LOW"
27,"1","Other/Unknown","T1",0.5601,0.4399,"LOW"
28,"1","Other/Unknown","T1",0.5625,0.4375,"LOW"
29,"1","Other/Unknown","T1",0.6967,0.3033,"LOW"
30,"1","Other/Unknown","T1",0.7084,0.2916,"LOW"
31,"1","Other/Unknown","T1",0.7323,0.2677,"LOW"
32,"1","Other/Unknown","T1",0.6751,0.3249,"LOW"
33,"1","Other/Unknown","T1",0.6771,0.3229,"LOW"
34,"1","Other/Unknown","T1",0.8273,0.1727,"LOW"
35,"1","Other/Unknown","T1",0.8774,0.1226,"LOW"
36,"1","Other/Unknown","T1",0.8926,0.1074,"LOW"
37,"1","Other/Unknown","T1",0.8961,0.1039,"LOW"
38,"1","Other/Unknown","T1",0.8967,0.1033,"LOW"
39,"1","Other/Unknown","T1",0.8976,0.1024,"LOW"
40,"1","Other/Unknown","T1",0.8823,0.1177,"LOW"
41,"1","Other/Unknown","T1",0.8359,0.1641,"LOW"
42,"1","Other/Unknown","T1",0.7007,0.2993,"LOW"
43,"1","Other/Unknown","T1",0.9172,0.0828,"LOW"
44,"1","Other/Unknown","T1",0.9364,0.0636,"LOW"
45,"1","Other/Unknown","T1",0.9147,0.0853,"LOW"
46,"1","Other/Unknown","T1",0.9556,0.0444,"LOW"
47,"1","Other/Unknown","T1",0.9562,0.0438,"LOW"
48,"1","Other/Unknown","T1",0.9564,0.0436,"LOW"
49,"1","Other/Unknown","T1",0.9564,0.0436,"LOW"
50,"1","Other/Unknown","T1",0.9564,0.0436,"LOW"
51,"1","Other/Unknown","T1",0.9564,0.0436,"LOW"
52,"1","Other/Unknown","T1",0.9495,0.0505,"LOW"
53,"1","Other/Unknown","T1",0.9562,0.0438,"LOW"
54,"1","Other/Unknown","T1",0.9561,0.0439,"LOW"
55,"1","Other/Unknown","T1",0.9552,0.0448,"LOW"
56,"1","Other/Unknown","T1",0.9553,0.0447,"LOW"
57,"1","Other/Unknown","T1",0.9341,0.0659,"LOW"
58,"1","Other/Unknown","T1",0.9371,0.0629,"LOW"
59,"1","Other/Unknown","T1",0.9409,0.0591,"LOW"
60,"1","Other/Unknown","T1",0.9331,0.0669,"LOW"
61,"1","Other/Unknown","T1",0.9497,0.0503,"LOW"
62,"1","Other/Unknown","T1",0.9487,0.0513,"LOW"
63,"1","Other/Unknown","T1",0.9502,0.0498,"LOW"
64,"1","Other/Unknown","T1",0.9481,0.0519,"LOW"
65,"1","Other/Unknown","T1",0.9481,0.0519,"LOW"
66,"1","Other/Unknown","T1",0.9469,0.0531,"LOW"
67,"1","Other/Unknown","T1",0.9461,0.0539,"LOW"
68,"1","Other/Unknown","T1",0.9433,0.0567,"LOW"
69,"1","Other/Unknown","T1",0.9439,0.0561,"LOW"
70,"1","Other/Unknown","T1",0.9429,0.0571,"LOW"
71,"1","Other/Unknown","T1",0.9448,0.0552,"LOW"
72,"1","Other/Unknown","T1",0.939,0.061,"LOW"
73,"1","Other/Unknown","T1",0.9406,0.0594,"LOW"
74,"1","Other/Unknown","T1",0.9377,0.0623,"LOW"
75,"1","Other/Unknown","T1",0.936,0.064,"LOW"
76,"1","Other/Unknown","T1",0.939,0.061,"LOW"
77,"1","Other/Unknown","T1",0.9405,0.0595,"LOW"
78,"1","Other/Unknown","T1",0.9473,0.0527,"LOW"
79,"1","Other/Unknown","T1",0.9485,0.0515,"LOW"
80,"1","Other/Unknown","T1",0.9458,0.0542,"LOW"
81,"1","Other/Unknown","T1",0.948,0.052,"LOW"
82,"1","Other/Unknown","T1",0.9509,0.0491,"LOW"
83,"1","Other/Unknown","T1",0.9515,0.0485,"LOW"
84,"1","Other/Unknown","T1",0.9544,0.0456,"LOW"
85,"1","Other/Unknown","T1",0.9532,0.0468,"LOW"
86,"1","Other/Unknown","T1",0.9536,0.0464,"LOW"
87,"1","Other/Unknown","T1",0.9285,0.0715,"LOW"
88,"1","Other/Unknown","T1",0.9235,0.0765,"LOW"
89,"1","Other/Unknown","T1",0.9432,0.0568,"LOW"
90,"1","Other/Unknown","T1",0.9441,0.0559,"LOW"
91,"1","Other/Unknown","T1",0.9441,0.0559,"LOW"
92,"1","Other/Unknown","T1",0.9441,0.0559,"LOW"
93,"1","Other/Unknown","T1",0.9441,0.0559,"LOW"
94,"1","Other/Unknown","T1",0.9441,0.0559,"LOW"
95,"1","Other/Unknown","T1",0.9441,0.0559,"LOW"
96,"1","Other/Unknown","T1",0.9441,0.0559,"LOW"
97,"1","Other/Unknown","T1",0.9441,0.0559,"LOW"
98,"1","Other/Unknown","T1",0.9441,0.0559,"LOW"
99,"1","Other/Unknown","T1",0.9441,0.0559,"LOW"
0,"2","Other/Unknown","T1",0.6725,0.3275,"LOW"
1,"2","Other/Unknown","T1",0.681,0.319,"LOW"
2,"2","Other/Unknown","T1",0.6808,0.3192,"LOW"
3,"2","Other/Unknown","T1",0.6808,0.3192,"LOW"
4,"2","Other/Unknown","T1",0.6808,0.3192,"LOW"
5,"2","Other/Unknown","T1",0.6808,0.3192,"LOW"
6,"2","Other/Unknown","T1",0.6808,0.3192,"LOW"
7,"2","Other/Unknown","T1",0.6808,0.3192,"LOW"
8,"2","Other/Unknown","T1",0.6808,0.3192,"LOW"
9,"2","Other/Unknown","T1",0.6808,0.3192,"LOW"
10,"2","Other/Unknown","T1",0.6808,0.3192,"LOW"
11,"2","Other/Unknown","T1",0.6808,0.3192,"LOW"
12,"2","Other/Unknown","T1",0.6808,0.3192,"LOW"
13,"2","Other/Unknown","T1",0.6808,0.3192,"LOW"
14,"2","Other/Unknown","T1",0.6808,0.3192,"LOW"
15,"2","Other/Unknown","T1",0.6808,0.3192,"LOW"
16,"2","Other/Unknown","T1",0.6808,0.3192,"LOW"
17,"2","Other/Unknown","T1",0.6808,0.3192,"LOW"
18,"2","Other/Unknown","T1",0.6808,0.3192,"LOW"
19,"2","Other/Unknown","T1",0.6808,0.3192,"LOW"
20,"2","Other/Unknown","T1",0.6808,0.3192,"LOW"
21,"2","Other/Unknown","T1",0.6808,0.3192,"LOW"
22,"2","Other/Unknown","T1",0.6808,0.3192,"LOW"
23,"2","Other/Unknown","T1",0.6808,0.3192,"LOW"
24,"2","Other/Unknown","T1",0.6808,0.3192,"LOW"
25,"2","Other/Unknown","T1",0.6788,0.3212,"LOW"
26,"2","Other/Unknown","T1",0.6788,0.3212,"LOW"
27,"2","Other/Unknown","T1",0.6711,0.3289,"LOW"
28,"2","Other/Unknown","T1",0.6752,0.3248,"LOW"
29,"2","Other/Unknown","T1",0.7503,0.2497,"LOW"
30,"2","Other/Unknown","T1",0.7576,0.2424,"LOW"
31,"2","Other/Unknown","T1",0.7609,0.2391,"LOW"
32,"2","Other/Unknown","T1",0.7259,0.2741,"LOW"
33,"2","Other/Unknown","T1",0.7259,0.2741,"LOW"
34,"2","Other/Unknown","T1",0.8151,0.1849,"LOW"
35,"2","Other/Unknown","T1",0.842,0.158,"LOW"
36,"2","Other/Unknown","T1",0.8484,0.1516,"LOW"
37,"2","Other/Unknown","T1",0.8484,0.1516,"LOW"
38,"2","Other/Unknown","T1",0.8484,0.1516,"LOW"
39,"2","Other/Unknown","T1",0.8484,0.1516,"LOW"
40,"2","Other/Unknown","T1",0.7904,0.2096,"LOW"
41,"2","Other/Unknown","T1",0.7568,0.2432,"LOW"
42,"2","Other/Unknown","T1",0.7015,0.2985,"LOW"
43,"2","Other/Unknown","T1",0.9007,0.0993,"LOW"
44,"2","Other/Unknown","T1",0.9416,0.0584,"LOW"
45,"2","Other/Unknown","T1",0.9366,0.0634,"LOW"
46,"2","Other/Unknown","T1",0.9472,0.0528,"LOW"
47,"2","Other/Unknown","T1",0.9472,0.0528,"LOW"
48,"2","Other/Unknown","T1",0.948,0.052,"LOW"
49,"2","Other/Unknown","T1",0.948,0.052,"LOW"
50,"2","Other/Unknown","T1",0.9482,0.0518,"LOW"
51,"2","Other/Unknown","T1",0.9482,0.0518,"LOW"
52,"2","Other/Unknown","T1",0.947,0.053,"LOW"
53,"2","Other/Unknown","T1",0.9481,0.0519,"LOW"
54,"2","Other/Unknown","T1",0.9478,0.0522,"LOW"
55,"2","Other/Unknown","T1",0.9067,0.0933,"LOW"
56,"2","Other/Unknown","T1",0.9357,0.0643,"LOW"
57,"2","Other/Unknown","T1",0.9099,0.0901,"LOW"
58,"2","Other/Unknown","T1",0.9389,0.0611,"LOW"
59,"2","Other/Unknown","T1",0.9281,0.0719,"LOW"
60,"2","Other/Unknown","T1",0.942,0.058,"LOW"
61,"2","Other/Unknown","T1",0.924,0.076,"LOW"
62,"2","Other/Unknown","T1",0.9555,0.0445,"LOW"
63,"2","Other/Unknown","T1",0.9556,0.0444,"LOW"
64,"2","Other/Unknown","T1",0.9489,0.0511,"LOW"
65,"2","Other/Unknown","T1",0.9584,0.0416,"LOW"
66,"2","Other/Unknown","T1",0.9582,0.0418,"LOW"
67,"2","Other/Unknown","T1",0.9582,0.0418,"LOW"
68,"2","Other/Unknown","T1",0.9576,0.0424,"LOW"
69,"2","Other/Unknown","T1",0.9576,0.0424,"LOW"
70,"2","Other/Unknown","T1",0.9566,0.0434,"LOW"
71,"2","Other/Unknown","T1",0.937,0.063,"LOW"
72,"2","Other/Unknown","T1",0.9555,0.0445,"LOW"
73,"2","Other/Unknown","T1",0.9553,0.0447,"LOW"
74,"2","Other/Unknown","T1",0.9555,0.0445,"LOW"
75,"2","Other/Unknown","T1",0.9553,0.0447,"LOW"
76,"2","Other/Unknown","T1",0.9552,0.0448,"LOW"
77,"2","Other/Unknown","T1",0.9434,0.0566,"LOW"
78,"2","Other/Unknown","T1",0.943,0.057,"LOW"
79,"2","Other/Unknown","T1",0.948,0.052,"LOW"
80,"2","Other/Unknown","T1",0.9566,0.0434,"LOW"
81,"2","Other/Unknown","T1",0.9571,0.0429,"LOW"
82,"2","Other/Unknown","T1",0.9577,0.0423,"LOW"
83,"2","Other/Unknown","T1",0.9512,0.0488,"LOW"
84,"2","Other/Unknown","T1",0.9583,0.0417,"LOW"
85,"2","Other/Unknown","T1",0.9583,0.0417,"LOW"
86,"2","Other/Unknown","T1",0.9588,0.0412,"LOW"
87,"2","Other/Unknown","T1",0.9556,0.0444,"LOW"
88,"2","Other/Unknown","T1",0.9322,0.0678,"LOW"
89,"2","Other/Unknown","T1",0.934,0.066,"LOW"
90,"2","Other/Unknown","T1",0.943,0.057,"LOW"
91,"2","Other/Unknown","T1",0.943,0.057,"LOW"
92,"2","Other/Unknown","T1",0.943,0.057,"LOW"
93,"2","Other/Unknown","T1",0.943,0.057,"LOW"
94,"2","Other/Unknown","T1",0.943,0.057,"LOW"
95,"2","Other/Unknown","T1",0.943,0.057,"LOW"
96,"2","Other/Unknown","T1",0.943,0.057,"LOW"
97,"2","Other/Unknown","T1",0.943,0.057,"LOW"
98,"2","Other/Unknown","T1",0.943,0.057,"LOW"
99,"2","Other/Unknown","T1",0.943,0.057,"LOW"
0,"1","N0","T2",0.9182,0.0818,"LOW"
1,"1","N0","T2",0.9182,0.0818,"LOW"
2,"1","N0","T2",0.9182,0.0818,"LOW"
3,"1","N0","T2",0.9182,0.0818,"LOW"
4,"1","N0","T2",0.9182,0.0818,"LOW"
5,"1","N0","T2",0.9182,0.0818,"LOW"
6,"1","N0","T2",0.9182,0.0818,"LOW"
7,"1","N0","T2",0.9182,0.0818,"LOW"
8,"1","N0","T2",0.9182,0.0818,"LOW"
9,"1","N0","T2",0.9182,0.0818,"LOW"
10,"1","N0","T2",0.9182,0.0818,"LOW"
11,"1","N0","T2",0.9182,0.0818,"LOW"
12,"1","N0","T2",0.9182,0.0818,"LOW"
13,"1","N0","T2",0.9182,0.0818,"LOW"
14,"1","N0","T2",0.9182,0.0818,"LOW"
15,"1","N0","T2",0.9182,0.0818,"LOW"
16,"1","N0","T2",0.9182,0.0818,"LOW"
17,"1","N0","T2",0.9182,0.0818,"LOW"
18,"1","N0","T2",0.9182,0.0818,"LOW"
19,"1","N0","T2",0.9182,0.0818,"LOW"
20,"1","N0","T2",0.9182,0.0818,"LOW"
21,"1","N0","T2",0.9182,0.0818,"LOW"
22,"1","N0","T2",0.9182,0.0818,"LOW"
23,"1","N0","T2",0.906,0.094,"LOW"
24,"1","N0","T2",0.906,0.094,"LOW"
25,"1","N0","T2",0.9486,0.0514,"LOW"
26,"1","N0","T2",0.9523,0.0477,"LOW"
27,"1","N0","T2",0.9533,0.0467,"LOW"
28,"1","N0","T2",0.9533,0.0467,"LOW"
29,"1","N0","T2",0.9533,0.0467,"LOW"
30,"1","N0","T2",0.9533,0.0467,"LOW"
31,"1","N0","T2",0.9499,0.0501,"LOW"
32,"1","N0","T2",0.9498,0.0502,"LOW"
33,"1","N0","T2",0.9256,0.0744,"LOW"
34,"1","N0","T2",0.9058,0.0942,"LOW"
35,"1","N0","T2",0.9226,0.0774,"LOW"
36,"1","N0","T2",0.9311,0.0689,"LOW"
37,"1","N0","T2",0.9391,0.0609,"LOW"
38,"1","N0","T2",0.9346,0.0654,"LOW"
39,"1","N0","T2",0.9326,0.0674,"LOW"
40,"1","N0","T2",0.9123,0.0877,"LOW"
41,"1","N0","T2",0.9461,0.0539,"LOW"
42,"1","N0","T2",0.9468,0.0532,"LOW"
43,"1","N0","T2",0.9465,0.0535,"LOW"
44,"1","N0","T2",0.9463,0.0537,"LOW"
45,"1","N0","T2",0.9481,0.0519,"LOW"
46,"1","N0","T2",0.9443,0.0557,"LOW"
47,"1","N0","T2",0.9451,0.0549,"LOW"
48,"1","N0","T2",0.9447,0.0553,"LOW"
49,"1","N0","T2",0.9467,0.0533,"LOW"
50,"1","N0","T2",0.9469,0.0531,"LOW"
51,"1","N0","T2",0.9479,0.0521,"LOW"
52,"1","N0","T2",0.947,0.053,"LOW"
53,"1","N0","T2",0.95,0.05,"LOW"
54,"1","N0","T2",0.9509,0.0491,"LOW"
55,"1","N0","T2",0.9498,0.0502,"LOW"
56,"1","N0","T2",0.9498,0.0502,"LOW"
57,"1","N0","T2",0.949,0.051,"LOW"
58,"1","N0","T2",0.9477,0.0523,"LOW"
59,"1","N0","T2",0.9473,0.0527,"LOW"
60,"1","N0","T2",0.948,0.052,"LOW"
61,"1","N0","T2",0.9475,0.0525,"LOW"
62,"1","N0","T2",0.9469,0.0531,"LOW"
63,"1","N0","T2",0.9481,0.0519,"LOW"
64,"1","N0","T2",0.9495,0.0505,"LOW"
65,"1","N0","T2",0.9496,0.0504,"LOW"
66,"1","N0","T2",0.9522,0.0478,"LOW"
67,"1","N0","T2",0.9525,0.0475,"LOW"
68,"1","N0","T2",0.9528,0.0472,"LOW"
69,"1","N0","T2",0.9541,0.0459,"LOW"
70,"1","N0","T2",0.9517,0.0483,"LOW"
71,"1","N0","T2",0.9533,0.0467,"LOW"
72,"1","N0","T2",0.9529,0.0471,"LOW"
73,"1","N0","T2",0.9537,0.0463,"LOW"
74,"1","N0","T2",0.952,0.048,"LOW"
75,"1","N0","T2",0.9527,0.0473,"LOW"
76,"1","N0","T2",0.9522,0.0478,"LOW"
77,"1","N0","T2",0.9532,0.0468,"LOW"
78,"1","N0","T2",0.953,0.047,"LOW"
79,"1","N0","T2",0.9528,0.0472,"LOW"
80,"1","N0","T2",0.9515,0.0485,"LOW"
81,"1","N0","T2",0.9522,0.0478,"LOW"
82,"1","N0","T2",0.9533,0.0467,"LOW"
83,"1","N0","T2",0.955,0.045,"LOW"
84,"1","N0","T2",0.9545,0.0455,"LOW"
85,"1","N0","T2",0.9537,0.0463,"LOW"
86,"1","N0","T2",0.9528,0.0472,"LOW"
87,"1","N0","T2",0.9547,0.0453,"LOW"
88,"1","N0","T2",0.9536,0.0464,"LOW"
89,"1","N0","T2",0.957,0.043,"LOW"
90,"1","N0","T2",0.9594,0.0406,"LOW"
91,"1","N0","T2",0.9594,0.0406,"LOW"
92,"1","N0","T2",0.9594,0.0406,"LOW"
93,"1","N0","T2",0.9594,0.0406,"LOW"
94,"1","N0","T2",0.9594,0.0406,"LOW"
95,"1","N0","T2",0.9594,0.0406,"LOW"
96,"1","N0","T2",0.9594,0.0406,"LOW"
97,"1","N0","T2",0.9594,0.0406,"LOW"
98,"1","N0","T2",0.9594,0.0406,"LOW"
99,"1","N0","T2",0.9594,0.0406,"LOW"
0,"2","N0","T2",0.8422,0.1578,"LOW"
1,"2","N0","T2",0.8422,0.1578,"LOW"
2,"2","N0","T2",0.8422,0.1578,"LOW"
3,"2","N0","T2",0.8422,0.1578,"LOW"
4,"2","N0","T2",0.8422,0.1578,"LOW"
5,"2","N0","T2",0.8422,0.1578,"LOW"
6,"2","N0","T2",0.8422,0.1578,"LOW"
7,"2","N0","T2",0.8422,0.1578,"LOW"
8,"2","N0","T2",0.8422,0.1578,"LOW"
9,"2","N0","T2",0.8422,0.1578,"LOW"
10,"2","N0","T2",0.8422,0.1578,"LOW"
11,"2","N0","T2",0.8422,0.1578,"LOW"
12,"2","N0","T2",0.8422,0.1578,"LOW"
13,"2","N0","T2",0.8422,0.1578,"LOW"
14,"2","N0","T2",0.8422,0.1578,"LOW"
15,"2","N0","T2",0.8422,0.1578,"LOW"
16,"2","N0","T2",0.8422,0.1578,"LOW"
17,"2","N0","T2",0.8422,0.1578,"LOW"
18,"2","N0","T2",0.8422,0.1578,"LOW"
19,"2","N0","T2",0.8422,0.1578,"LOW"
20,"2","N0","T2",0.8422,0.1578,"LOW"
21,"2","N0","T2",0.8422,0.1578,"LOW"
22,"2","N0","T2",0.8422,0.1578,"LOW"
23,"2","N0","T2",0.795,0.205,"LOW"
24,"2","N0","T2",0.793,0.207,"LOW"
25,"2","N0","T2",0.9162,0.0838,"LOW"
26,"2","N0","T2",0.9309,0.0691,"LOW"
27,"2","N0","T2",0.9376,0.0624,"LOW"
28,"2","N0","T2",0.9403,0.0597,"LOW"
29,"2","N0","T2",0.9403,0.0597,"LOW"
30,"2","N0","T2",0.9398,0.0602,"LOW"
31,"2","N0","T2",0.9232,0.0768,"LOW"
32,"2","N0","T2",0.9229,0.0771,"LOW"
33,"2","N0","T2",0.9379,0.0621,"LOW"
34,"2","N0","T2",0.9373,0.0627,"LOW"
35,"2","N0","T2",0.9263,0.0737,"LOW"
36,"2","N0","T2",0.9419,0.0581,"LOW"
37,"2","N0","T2",0.9343,0.0657,"LOW"
38,"2","N0","T2",0.9447,0.0553,"LOW"
39,"2","N0","T2",0.9436,0.0564,"LOW"
40,"2","N0","T2",0.9131,0.0869,"LOW"
41,"2","N0","T2",0.9519,0.0481,"LOW"
42,"2","N0","T2",0.9519,0.0481,"LOW"
43,"2","N0","T2",0.9517,0.0483,"LOW"
44,"2","N0","T2",0.9514,0.0486,"LOW"
45,"2","N0","T2",0.9447,0.0553,"LOW"
46,"2","N0","T2",0.9328,0.0672,"LOW"
47,"2","N0","T2",0.9404,0.0596,"LOW"
48,"2","N0","T2",0.9358,0.0642,"LOW"
49,"2","N0","T2",0.9319,0.0681,"LOW"
50,"2","N0","T2",0.9338,0.0662,"LOW"
51,"2","N0","T2",0.9355,0.0645,"LOW"
52,"2","N0","T2",0.9387,0.0613,"LOW"
53,"2","N0","T2",0.9444,0.0556,"LOW"
54,"2","N0","T2",0.9445,0.0555,"LOW"
55,"2","N0","T2",0.9461,0.0539,"LOW"
56,"2","N0","T2",0.947,0.053,"LOW"
57,"2","N0","T2",0.9484,0.0516,"LOW"
58,"2","N0","T2",0.9474,0.0526,"LOW"
59,"2","N0","T2",0.9451,0.0549,"LOW"
60,"2","N0","T2",0.9452,0.0548,"LOW"
61,"2","N0","T2",0.9443,0.0557,"LOW"
62,"2","N0","T2",0.9429,0.0571,"LOW"
63,"2","N0","T2",0.9427,0.0573,"LOW"
64,"2","N0","T2",0.9436,0.0564,"LOW"
65,"2","N0","T2",0.9436,0.0564,"LOW"
66,"2","N0","T2",0.95,0.05,"LOW"
67,"2","N0","T2",0.9493,0.0507,"LOW"
68,"2","N0","T2",0.9496,0.0504,"LOW"
69,"2","N0","T2",0.9517,0.0483,"LOW"
70,"2","N0","T2",0.9489,0.0511,"LOW"
71,"2","N0","T2",0.9477,0.0523,"LOW"
72,"2","N0","T2",0.947,0.053,"LOW"
73,"2","N0","T2",0.9473,0.0527,"LOW"
74,"2","N0","T2",0.9475,0.0525,"LOW"
75,"2","N0","T2",0.9471,0.0529,"LOW"
76,"2","N0","T2",0.9451,0.0549,"LOW"
77,"2","N0","T2",0.9506,0.0494,"LOW"
78,"2","N0","T2",0.9487,0.0513,"LOW"
79,"2","N0","T2",0.9493,0.0507,"LOW"
80,"2","N0","T2",0.9482,0.0518,"LOW"
81,"2","N0","T2",0.9493,0.0507,"LOW"
82,"2","N0","T2",0.9482,0.0518,"LOW"
83,"2","N0","T2",0.9492,0.0508,"LOW"
84,"2","N0","T2",0.9481,0.0519,"LOW"
85,"2","N0","T2",0.9483,0.0517,"LOW"
86,"2","N0","T2",0.9487,0.0513,"LOW"
87,"2","N0","T2",0.9485,0.0515,"LOW"
88,"2","N0","T2",0.9473,0.0527,"LOW"
89,"2","N0","T2",0.9496,0.0504,"LOW"
90,"2","N0","T2",0.9549,0.0451,"LOW"
91,"2","N0","T2",0.9549,0.0451,"LOW"
92,"2","N0","T2",0.9549,0.0451,"LOW"
93,"2","N0","T2",0.9549,0.0451,"LOW"
94,"2","N0","T2",0.9549,0.0451,"LOW"
95,"2","N0","T2",0.9549,0.0451,"LOW"
96,"2","N0","T2",0.9549,0.0451,"LOW"
97,"2","N0","T2",0.9549,0.0451,"LOW"
98,"2","N0","T2",0.9549,0.0451,"LOW"
99,"2","N0","T2",0.9549,0.0451,"LOW"
0,"1","N1","T2",0.7426,0.2574,"LOW"
1,"1","N1","T2",0.7426,0.2574,"LOW"
2,"1","N1","T2",0.7426,0.2574,"LOW"
3,"1","N1","T2",0.7426,0.2574,"LOW"
4,"1","N1","T2",0.7426,0.2574,"LOW"
5,"1","N1","T2",0.7426,0.2574,"LOW"
6,"1","N1","T2",0.7426,0.2574,"LOW"
7,"1","N1","T2",0.7426,0.2574,"LOW"
8,"1","N1","T2",0.7426,0.2574,"LOW"
9,"1","N1","T2",0.7426,0.2574,"LOW"
10,"1","N1","T2",0.7426,0.2574,"LOW"
11,"1","N1","T2",0.7426,0.2574,"LOW"
12,"1","N1","T2",0.7426,0.2574,"LOW"
13,"1","N1","T2",0.7426,0.2574,"LOW"
14,"1","N1","T2",0.7426,0.2574,"LOW"
15,"1","N1","T2",0.7426,0.2574,"LOW"
16,"1","N1","T2",0.7426,0.2574,"LOW"
17,"1","N1","T2",0.7426,0.2574,"LOW"
18,"1","N1","T2",0.7426,0.2574,"LOW"
19,"1","N1","T2",0.7426,0.2574,"LOW"
20,"1","N1","T2",0.7366,0.2634,"LOW"
21,"1","N1","T2",0.7366,0.2634,"LOW"
22,"1","N1","T2",0.7366,0.2634,"LOW"
23,"1","N1","T2",0.7366,0.2634,"LOW"
24,"1","N1","T2",0.7366,0.2634,"LOW"
25,"1","N1","T2",0.7366,0.2634,"LOW"
26,"1","N1","T2",0.7366,0.2634,"LOW"
27,"1","N1","T2",0.7366,0.2634,"LOW"
28,"1","N1","T2",0.7386,0.2614,"LOW"
29,"1","N1","T2",0.7668,0.2332,"LOW"
30,"1","N1","T2",0.7668,0.2332,"LOW"
31,"1","N1","T2",0.7666,0.2334,"LOW"
32,"1","N1","T2",0.7666,0.2334,"LOW"
33,"1","N1","T2",0.7656,0.2344,"LOW"
34,"1","N1","T2",0.7666,0.2334,"LOW"
35,"1","N1","T2",0.7474,0.2526,"LOW"
36,"1","N1","T2",0.7354,0.2646,"LOW"
37,"1","N1","T2",0.7219,0.2781,"LOW"
38,"1","N1","T2",0.7483,0.2517,"LOW"
39,"1","N1","T2",0.7605,0.2395,"LOW"
40,"1","N1","T2",0.7755,0.2245,"LOW"
41,"1","N1","T2",0.7453,0.2547,"LOW"
42,"1","N1","T2",0.674,0.326,"LOW"
43,"1","N1","T2",0.8161,0.1839,"LOW"
44,"1","N1","T2",0.8465,0.1535,"LOW"
45,"1","N1","T2",0.8461,0.1539,"LOW"
46,"1","N1","T2",0.7871,0.2129,"LOW"
47,"1","N1","T2",0.7609,0.2391,"LOW"
48,"1","N1","T2",0.7295,0.2705,"LOW"
49,"1","N1","T2",0.8295,0.1705,"LOW"
50,"1","N1","T2",0.8092,0.1908,"LOW"
51,"1","N1","T2",0.7996,0.2004,"LOW"
52,"1","N1","T2",0.7885,0.2115,"LOW"
53,"1","N1","T2",0.8255,0.1745,"LOW"
54,"1","N1","T2",0.8266,0.1734,"LOW"
55,"1","N1","T2",0.7966,0.2034,"LOW"
56,"1","N1","T2",0.8016,0.1984,"LOW"
57,"1","N1","T2",0.7951,0.2049,"LOW"
58,"1","N1","T2",0.8002,0.1998,"LOW"
59,"1","N1","T2",0.8039,0.1961,"LOW"
60,"1","N1","T2",0.7626,0.2374,"LOW"
61,"1","N1","T2",0.7778,0.2222,"LOW"
62,"1","N1","T2",0.7653,0.2347,"LOW"
63,"1","N1","T2",0.7718,0.2282,"LOW"
64,"1","N1","T2",0.7716,0.2284,"LOW"
65,"1","N1","T2",0.7361,0.2639,"LOW"
66,"1","N1","T2",0.76,0.24,"LOW"
67,"1","N1","T2",0.7276,0.2724,"LOW"
68,"1","N1","T2",0.7339,0.2661,"LOW"
69,"1","N1","T2",0.753,0.247,"LOW"
70,"1","N1","T2",0.7573,0.2427,"LOW"
71,"1","N1","T2",0.7791,0.2209,"LOW"
72,"1","N1","T2",0.784,0.216,"LOW"
73,"1","N1","T2",0.7888,0.2112,"LOW"
74,"1","N1","T2",0.7886,0.2114,"LOW"
75,"1","N1","T2",0.8058,0.1942,"LOW"
76,"1","N1","T2",0.8186,0.1814,"LOW"
77,"1","N1","T2",0.8046,0.1954,"LOW"
78,"1","N1","T2",0.7691,0.2309,"LOW"
79,"1","N1","T2",0.7705,0.2295,"LOW"
80,"1","N1","T2",0.77,0.23,"LOW"
81,"1","N1","T2",0.7751,0.2249,"LOW"
82,"1","N1","T2",0.7496,0.2504,"LOW"
83,"1","N1","T2",0.717,0.283,"LOW"
84,"1","N1","T2",0.7657,0.2343,"LOW"
85,"1","N1","T2",0.7669,0.2331,"LOW"
86,"1","N1","T2",0.7558,0.2442,"LOW"
87,"1","N1","T2",0.6922,0.3078,"LOW"
88,"1","N1","T2",0.6056,0.3944,"LOW"
89,"1","N1","T2",0.7239,0.2761,"LOW"
90,"1","N1","T2",0.6935,0.3065,"LOW"
91,"1","N1","T2",0.6935,0.3065,"LOW"
92,"1","N1","T2",0.6935,0.3065,"LOW"
93,"1","N1","T2",0.6935,0.3065,"LOW"
94,"1","N1","T2",0.6935,0.3065,"LOW"
95,"1","N1","T2",0.6935,0.3065,"LOW"
96,"1","N1","T2",0.6935,0.3065,"LOW"
97,"1","N1","T2",0.6935,0.3065,"LOW"
98,"1","N1","T2",0.6935,0.3065,"LOW"
99,"1","N1","T2",0.6935,0.3065,"LOW"
0,"2","N1","T2",0.7158,0.2842,"LOW"
1,"2","N1","T2",0.7158,0.2842,"LOW"
2,"2","N1","T2",0.7158,0.2842,"LOW"
3,"2","N1","T2",0.7158,0.2842,"LOW"
4,"2","N1","T2",0.7158,0.2842,"LOW"
5,"2","N1","T2",0.7158,0.2842,"LOW"
6,"2","N1","T2",0.7158,0.2842,"LOW"
7,"2","N1","T2",0.7158,0.2842,"LOW"
8,"2","N1","T2",0.7158,0.2842,"LOW"
9,"2","N1","T2",0.7158,0.2842,"LOW"
10,"2","N1","T2",0.7158,0.2842,"LOW"
11,"2","N1","T2",0.7158,0.2842,"LOW"
12,"2","N1","T2",0.7158,0.2842,"LOW"
13,"2","N1","T2",0.7158,0.2842,"LOW"
14,"2","N1","T2",0.7158,0.2842,"LOW"
15,"2","N1","T2",0.7158,0.2842,"LOW"
16,"2","N1","T2",0.7158,0.2842,"LOW"
17,"2","N1","T2",0.7158,0.2842,"LOW"
18,"2","N1","T2",0.7158,0.2842,"LOW"
19,"2","N1","T2",0.7158,0.2842,"LOW"
20,"2","N1","T2",0.7078,0.2922,"LOW"
21,"2","N1","T2",0.7078,0.2922,"LOW"
22,"2","N1","T2",0.7078,0.2922,"LOW"
23,"2","N1","T2",0.7078,0.2922,"LOW"
24,"2","N1","T2",0.7078,0.2922,"LOW"
25,"2","N1","T2",0.7086,0.2914,"LOW"
26,"2","N1","T2",0.7086,0.2914,"LOW"
27,"2","N1","T2",0.7086,0.2914,"LOW"
28,"2","N1","T2",0.7106,0.2894,"LOW"
29,"2","N1","T2",0.7403,0.2597,"LOW"
30,"2","N1","T2",0.7403,0.2597,"LOW"
31,"2","N1","T2",0.7401,0.2599,"LOW"
32,"2","N1","T2",0.7401,0.2599,"LOW"
33,"2","N1","T2",0.7401,0.2599,"LOW"
34,"2","N1","T2",0.7401,0.2599,"LOW"
35,"2","N1","T2",0.6376,0.3624,"LOW"
36,"2","N1","T2",0.629,0.371,"LOW"
37,"2","N1","T2",0.5982,0.4018,"LOW"
38,"2","N1","T2",0.6189,0.3811,"LOW"
39,"2","N1","T2",0.6416,0.3584,"LOW"
40,"2","N1","T2",0.7732,0.2268,"LOW"
41,"2","N1","T2",0.7954,0.2046,"LOW"
42,"2","N1","T2",0.6741,0.3259,"LOW"
43,"2","N1","T2",0.7575,0.2425,"LOW"
44,"2","N1","T2",0.8089,0.1911,"LOW"
45,"2","N1","T2",0.8079,0.1921,"LOW"
46,"2","N1","T2",0.7514,0.2486,"LOW"
47,"2","N1","T2",0.6968,0.3032,"LOW"
48,"2","N1","T2",0.6996,0.3004,"LOW"
49,"2","N1","T2",0.8106,0.1894,"LOW"
50,"2","N1","T2",0.8042,0.1958,"LOW"
51,"2","N1","T2",0.7912,0.2088,"LOW"
52,"2","N1","T2",0.8159,0.1841,"LOW"
53,"2","N1","T2",0.8178,0.1822,"LOW"
54,"2","N1","T2",0.8157,0.1843,"LOW"
55,"2","N1","T2",0.7717,0.2283,"LOW"
56,"2","N1","T2",0.7754,0.2246,"LOW"
57,"2","N1","T2",0.7743,0.2257,"LOW"
58,"2","N1","T2",0.7857,0.2143,"LOW"
59,"2","N1","T2",0.7911,0.2089,"LOW"
60,"2","N1","T2",0.755,0.245,"LOW"
61,"2","N1","T2",0.7222,0.2778,"LOW"
62,"2","N1","T2",0.7735,0.2265,"LOW"
63,"2","N1","T2",0.7376,0.2624,"LOW"
64,"2","N1","T2",0.7464,0.2536,"LOW"
65,"2","N1","T2",0.7551,0.2449,"LOW"
66,"2","N1","T2",0.7619,0.2381,"LOW"
67,"2","N1","T2",0.7202,0.2798,"LOW"
68,"2","N1","T2",0.7623,0.2377,"LOW"
69,"2","N1","T2",0.7616,0.2384,"LOW"
70,"2","N1","T2",0.7648,0.2352,"LOW"
71,"2","N1","T2",0.7787,0.2213,"LOW"
72,"2","N1","T2",0.7539,0.2461,"LOW"
73,"2","N1","T2",0.7289,0.2711,"LOW"
74,"2","N1","T2",0.7373,0.2627,"LOW"
75,"2","N1","T2",0.7595,0.2405,"LOW"
76,"2","N1","T2",0.7995,0.2005,"LOW"
77,"2","N1","T2",0.7996,0.2004,"LOW"
78,"2","N1","T2",0.7791,0.2209,"LOW"
79,"2","N1","T2",0.7669,0.2331,"LOW"
80,"2","N1","T2",0.7855,0.2145,"LOW"
81,"2","N1","T2",0.7521,0.2479,"LOW"
82,"2","N1","T2",0.7363,0.2637,"LOW"
83,"2","N1","T2",0.7285,0.2715,"LOW"
84,"2","N1","T2",0.7506,0.2494,"LOW"
85,"2","N1","T2",0.7649,0.2351,"LOW"
86,"2","N1","T2",0.8038,0.1962,"LOW"
87,"2","N1","T2",0.7955,0.2045,"LOW"
88,"2","N1","T2",0.7392,0.2608,"LOW"
89,"2","N1","T2",0.6698,0.3302,"LOW"
90,"2","N1","T2",0.6261,0.3739,"LOW"
91,"2","N1","T2",0.6261,0.3739,"LOW"
92,"2","N1","T2",0.6261,0.3739,"LOW"
93,"2","N1","T2",0.6261,0.3739,"LOW"
94,"2","N1","T2",0.6261,0.3739,"LOW"
95,"2","N1","T2",0.6261,0.3739,"LOW"
96,"2","N1","T2",0.6261,0.3739,"LOW"
97,"2","N1","T2",0.6261,0.3739,"LOW"
98,"2","N1","T2",0.6261,0.3739,"LOW"
99,"2","N1","T2",0.6261,0.3739,"LOW"
0,"1","N2","T2",0.5089,0.4911,"LOW"
1,"1","N2","T2",0.5089,0.4911,"LOW"
2,"1","N2","T2",0.5089,0.4911,"LOW"
3,"1","N2","T2",0.5089,0.4911,"LOW"
4,"1","N2","T2",0.5089,0.4911,"LOW"
5,"1","N2","T2",0.5089,0.4911,"LOW"
6,"1","N2","T2",0.5089,0.4911,"LOW"
7,"1","N2","T2",0.5089,0.4911,"LOW"
8,"1","N2","T2",0.5089,0.4911,"LOW"
9,"1","N2","T2",0.5089,0.4911,"LOW"
10,"1","N2","T2",0.5089,0.4911,"LOW"
11,"1","N2","T2",0.5089,0.4911,"LOW"
12,"1","N2","T2",0.5089,0.4911,"LOW"
13,"1","N2","T2",0.5089,0.4911,"LOW"
14,"1","N2","T2",0.5089,0.4911,"LOW"
15,"1","N2","T2",0.5089,0.4911,"LOW"
16,"1","N2","T2",0.5089,0.4911,"LOW"
17,"1","N2","T2",0.5089,0.4911,"LOW"
18,"1","N2","T2",0.5089,0.4911,"LOW"
19,"1","N2","T2",0.5089,0.4911,"LOW"
20,"1","N2","T2",0.5089,0.4911,"LOW"
21,"1","N2","T2",0.5089,0.4911,"LOW"
22,"1","N2","T2",0.5089,0.4911,"LOW"
23,"1","N2","T2",0.5089,0.4911,"LOW"
24,"1","N2","T2",0.5089,0.4911,"LOW"
25,"1","N2","T2",0.5189,0.4811,"LOW"
26,"1","N2","T2",0.5257,0.4743,"LOW"
27,"1","N2","T2",0.5257,0.4743,"LOW"
28,"1","N2","T2",0.5257,0.4743,"LOW"
29,"1","N2","T2",0.5257,0.4743,"LOW"
30,"1","N2","T2",0.5566,0.4434,"LOW"
31,"1","N2","T2",0.592,0.408,"LOW"
32,"1","N2","T2",0.5555,0.4445,"LOW"
33,"1","N2","T2",0.5482,0.4518,"LOW"
34,"1","N2","T2",0.5772,0.4228,"LOW"
35,"1","N2","T2",0.6154,0.3846,"LOW"
36,"1","N2","T2",0.6462,0.3538,"LOW"
37,"1","N2","T2",0.7233,0.2767,"LOW"
38,"1","N2","T2",0.7493,0.2507,"LOW"
39,"1","N2","T2",0.5852,0.4148,"LOW"
40,"1","N2","T2",0.5549,0.4451,"LOW"
41,"1","N2","T2",0.544,0.456,"LOW"
42,"1","N2","T2",0.4842,0.5158,"HIGH"
43,"1","N2","T2",0.5334,0.4666,"LOW"
44,"1","N2","T2",0.5261,0.4739,"LOW"
45,"1","N2","T2",0.593,0.407,"LOW"
46,"1","N2","T2",0.5501,0.4499,"LOW"
47,"1","N2","T2",0.5871,0.4129,"LOW"
48,"1","N2","T2",0.5698,0.4302,"LOW"
49,"1","N2","T2",0.6147,0.3853,"LOW"
50,"1","N2","T2",0.6199,0.3801,"LOW"
51,"1","N2","T2",0.6263,0.3737,"LOW"
52,"1","N2","T2",0.5873,0.4127,"LOW"
53,"1","N2","T2",0.6188,0.3812,"LOW"
54,"1","N2","T2",0.6033,0.3967,"LOW"
55,"1","N2","T2",0.6299,0.3701,"LOW"
56,"1","N2","T2",0.6128,0.3872,"LOW"
57,"1","N2","T2",0.5627,0.4373,"LOW"
58,"1","N2","T2",0.5507,0.4493,"LOW"
59,"1","N2","T2",0.5779,0.4221,"LOW"
60,"1","N2","T2",0.5903,0.4097,"LOW"
61,"1","N2","T2",0.5814,0.4186,"LOW"
62,"1","N2","T2",0.6051,0.3949,"LOW"
63,"1","N2","T2",0.6015,0.3985,"LOW"
64,"1","N2","T2",0.5958,0.4042,"LOW"
65,"1","N2","T2",0.6037,0.3963,"LOW"
66,"1","N2","T2",0.6206,0.3794,"LOW"
67,"1","N2","T2",0.6078,0.3922,"LOW"
68,"1","N2","T2",0.6146,0.3854,"LOW"
69,"1","N2","T2",0.5757,0.4243,"LOW"
70,"1","N2","T2",0.5888,0.4112,"LOW"
71,"1","N2","T2",0.574,0.426,"LOW"
72,"1","N2","T2",0.5493,0.4507,"LOW"
73,"1","N2","T2",0.5617,0.4383,"LOW"
74,"1","N2","T2",0.573,0.427,"LOW"
75,"1","N2","T2",0.5829,0.4171,"LOW"
76,"1","N2","T2",0.5547,0.4453,"LOW"
77,"1","N2","T2",0.5834,0.4166,"LOW"
78,"1","N2","T2",0.613,0.387,"LOW"
79,"1","N2","T2",0.6159,0.3841,"LOW"
80,"1","N2","T2",0.5646,0.4354,"LOW"
81,"1","N2","T2",0.6007,0.3993,"LOW"
82,"1","N2","T2",0.5602,0.4398,"LOW"
83,"1","N2","T2",0.581,0.419,"LOW"
84,"1","N2","T2",0.6004,0.3996,"LOW"
85,"1","N2","T2",0.653,0.347,"LOW"
86,"1","N2","T2",0.6201,0.3799,"LOW"
87,"1","N2","T2",0.592,0.408,"LOW"
88,"1","N2","T2",0.5848,0.4152,"LOW"
89,"1","N2","T2",0.6227,0.3773,"LOW"
90,"1","N2","T2",0.5037,0.4963,"LOW"
91,"1","N2","T2",0.5037,0.4963,"LOW"
92,"1","N2","T2",0.5037,0.4963,"LOW"
93,"1","N2","T2",0.5037,0.4963,"LOW"
94,"1","N2","T2",0.5037,0.4963,"LOW"
95,"1","N2","T2",0.5037,0.4963,"LOW"
96,"1","N2","T2",0.5037,0.4963,"LOW"
97,"1","N2","T2",0.5037,0.4963,"LOW"
98,"1","N2","T2",0.5037,0.4963,"LOW"
99,"1","N2","T2",0.5037,0.4963,"LOW"
0,"2","N2","T2",0.3092,0.6908,"HIGH"
1,"2","N2","T2",0.3092,0.6908,"HIGH"
2,"2","N2","T2",0.3092,0.6908,"HIGH"
3,"2","N2","T2",0.3092,0.6908,"HIGH"
4,"2","N2","T2",0.3092,0.6908,"HIGH"
5,"2","N2","T2",0.3092,0.6908,"HIGH"
6,"2","N2","T2",0.3092,0.6908,"HIGH"
7,"2","N2","T2",0.3092,0.6908,"HIGH"
8,"2","N2","T2",0.3092,0.6908,"HIGH"
9,"2","N2","T2",0.3092,0.6908,"HIGH"
10,"2","N2","T2",0.3092,0.6908,"HIGH"
11,"2","N2","T2",0.3092,0.6908,"HIGH"
12,"2","N2","T2",0.3092,0.6908,"HIGH"
13,"2","N2","T2",0.3092,0.6908,"HIGH"
14,"2","N2","T2",0.3092,0.6908,"HIGH"
15,"2","N2","T2",0.3092,0.6908,"HIGH"
16,"2","N2","T2",0.3092,0.6908,"HIGH"
17,"2","N2","T2",0.3092,0.6908,"HIGH"
18,"2","N2","T2",0.3092,0.6908,"HIGH"
19,"2","N2","T2",0.3092,0.6908,"HIGH"
20,"2","N2","T2",0.3092,0.6908,"HIGH"
21,"2","N2","T2",0.3092,0.6908,"HIGH"
22,"2","N2","T2",0.3092,0.6908,"HIGH"
23,"2","N2","T2",0.3092,0.6908,"HIGH"
24,"2","N2","T2",0.3092,0.6908,"HIGH"
25,"2","N2","T2",0.329,0.671,"HIGH"
26,"2","N2","T2",0.331,0.669,"HIGH"
27,"2","N2","T2",0.331,0.669,"HIGH"
28,"2","N2","T2",0.331,0.669,"HIGH"
29,"2","N2","T2",0.331,0.669,"HIGH"
30,"2","N2","T2",0.3811,0.6189,"HIGH"
31,"2","N2","T2",0.4129,0.5871,"HIGH"
32,"2","N2","T2",0.3803,0.6197,"HIGH"
33,"2","N2","T2",0.3309,0.6691,"HIGH"
34,"2","N2","T2",0.3254,0.6746,"HIGH"
35,"2","N2","T2",0.3299,0.6701,"HIGH"
36,"2","N2","T2",0.3581,0.6419,"HIGH"
37,"2","N2","T2",0.3626,0.6374,"HIGH"
38,"2","N2","T2",0.3452,0.6548,"HIGH"
39,"2","N2","T2",0.3564,0.6436,"HIGH"
40,"2","N2","T2",0.3965,0.6035,"HIGH"
41,"2","N2","T2",0.4818,0.5182,"HIGH"
42,"2","N2","T2",0.5085,0.4915,"LOW"
43,"2","N2","T2",0.4829,0.5171,"HIGH"
44,"2","N2","T2",0.3488,0.6512,"HIGH"
45,"2","N2","T2",0.4163,0.5837,"HIGH"
46,"2","N2","T2",0.5217,0.4783,"LOW"
47,"2","N2","T2",0.4885,0.5115,"HIGH"
48,"2","N2","T2",0.509,0.491,"LOW"
49,"2","N2","T2",0.6507,0.3493,"LOW"
50,"2","N2","T2",0.6038,0.3962,"LOW"
51,"2","N2","T2",0.5849,0.4151,"LOW"
52,"2","N2","T2",0.5591,0.4409,"LOW"
53,"2","N2","T2",0.5963,0.4037,"LOW"
54,"2","N2","T2",0.6282,0.3718,"LOW"
55,"2","N2","T2",0.6526,0.3474,"LOW"
56,"2","N2","T2",0.6278,0.3722,"LOW"
57,"2","N2","T2",0.628,0.372,"LOW"
58,"2","N2","T2",0.608,0.392,"LOW"
59,"2","N2","T2",0.6022,0.3978,"LOW"
60,"2","N2","T2",0.5773,0.4227,"LOW"
61,"2","N2","T2",0.5946,0.4054,"LOW"
62,"2","N2","T2",0.6043,0.3957,"LOW"
63,"2","N2","T2",0.6128,0.3872,"LOW"
64,"2","N2","T2",0.6105,0.3895,"LOW"
65,"2","N2","T2",0.651,0.349,"LOW"
66,"2","N2","T2",0.5922,0.4078,"LOW"
67,"2","N2","T2",0.5674,0.4326,"LOW"
68,"2","N2","T2",0.5711,0.4289,"LOW"
69,"2","N2","T2",0.5571,0.4429,"LOW"
70,"2","N2","T2",0.5681,0.4319,"LOW"
71,"2","N2","T2",0.5256,0.4744,"LOW"
72,"2","N2","T2",0.5471,0.4529,"LOW"
73,"2","N2","T2",0.5391,0.4609,"LOW"
74,"2","N2","T2",0.5325,0.4675,"LOW"
75,"2","N2","T2",0.5708,0.4292,"LOW"
76,"2","N2","T2",0.5709,0.4291,"LOW"
77,"2","N2","T2",0.5776,0.4224,"LOW"
78,"2","N2","T2",0.6473,0.3527,"LOW"
79,"2","N2","T2",0.6231,0.3769,"LOW"
80,"2","N2","T2",0.6232,0.3768,"LOW"
81,"2","N2","T2",0.5641,0.4359,"LOW"
82,"2","N2","T2",0.4749,0.5251,"HIGH"
83,"2","N2","T2",0.6096,0.3904,"LOW"
84,"2","N2","T2",0.6686,0.3314,"LOW"
85,"2","N2","T2",0.6287,0.3713,"LOW"
86,"2","N2","T2",0.567,0.433,"LOW"
87,"2","N2","T2",0.5568,0.4432,"LOW"
88,"2","N2","T2",0.6925,0.3075,"LOW"
89,"2","N2","T2",0.6927,0.3073,"LOW"
90,"2","N2","T2",0.7106,0.2894,"LOW"
91,"2","N2","T2",0.7106,0.2894,"LOW"
92,"2","N2","T2",0.7106,0.2894,"LOW"
93,"2","N2","T2",0.7106,0.2894,"LOW"
94,"2","N2","T2",0.7106,0.2894,"LOW"
95,"2","N2","T2",0.7106,0.2894,"LOW"
96,"2","N2","T2",0.7106,0.2894,"LOW"
97,"2","N2","T2",0.7106,0.2894,"LOW"
98,"2","N2","T2",0.7106,0.2894,"LOW"
99,"2","N2","T2",0.7106,0.2894,"LOW"
0,"1","N3","T2",0.2116,0.7884,"HIGH"
1,"1","N3","T2",0.2116,0.7884,"HIGH"
2,"1","N3","T2",0.2116,0.7884,"HIGH"
3,"1","N3","T2",0.2116,0.7884,"HIGH"
4,"1","N3","T2",0.2116,0.7884,"HIGH"
5,"1","N3","T2",0.2116,0.7884,"HIGH"
6,"1","N3","T2",0.2116,0.7884,"HIGH"
7,"1","N3","T2",0.2116,0.7884,"HIGH"
8,"1","N3","T2",0.2116,0.7884,"HIGH"
9,"1","N3","T2",0.2116,0.7884,"HIGH"
10,"1","N3","T2",0.2116,0.7884,"HIGH"
11,"1","N3","T2",0.2116,0.7884,"HIGH"
12,"1","N3","T2",0.2116,0.7884,"HIGH"
13,"1","N3","T2",0.2116,0.7884,"HIGH"
14,"1","N3","T2",0.2116,0.7884,"HIGH"
15,"1","N3","T2",0.2116,0.7884,"HIGH"
16,"1","N3","T2",0.2116,0.7884,"HIGH"
17,"1","N3","T2",0.2116,0.7884,"HIGH"
18,"1","N3","T2",0.2116,0.7884,"HIGH"
19,"1","N3","T2",0.2116,0.7884,"HIGH"
20,"1","N3","T2",0.2116,0.7884,"HIGH"
21,"1","N3","T2",0.2116,0.7884,"HIGH"
22,"1","N3","T2",0.2116,0.7884,"HIGH"
23,"1","N3","T2",0.2116,0.7884,"HIGH"
24,"1","N3","T2",0.2116,0.7884,"HIGH"
25,"1","N3","T2",0.2116,0.7884,"HIGH"
26,"1","N3","T2",0.2116,0.7884,"HIGH"
27,"1","N3","T2",0.2116,0.7884,"HIGH"
28,"1","N3","T2",0.2116,0.7884,"HIGH"
29,"1","N3","T2",0.2116,0.7884,"HIGH"
30,"1","N3","T2",0.2116,0.7884,"HIGH"
31,"1","N3","T2",0.2115,0.7885,"HIGH"
32,"1","N3","T2",0.2115,0.7885,"HIGH"
33,"1","N3","T2",0.2115,0.7885,"HIGH"
34,"1","N3","T2",0.2115,0.7885,"HIGH"
35,"1","N3","T2",0.2115,0.7885,"HIGH"
36,"1","N3","T2",0.2152,0.7848,"HIGH"
37,"1","N3","T2",0.2196,0.7804,"HIGH"
38,"1","N3","T2",0.2236,0.7764,"HIGH"
39,"1","N3","T2",0.2478,0.7522,"HIGH"
40,"1","N3","T2",0.2378,0.7622,"HIGH"
41,"1","N3","T2",0.19,0.81,"HIGH"
42,"1","N3","T2",0.1758,0.8242,"HIGH"
43,"1","N3","T2",0.3601,0.6399,"HIGH"
44,"1","N3","T2",0.6689,0.3311,"LOW"
45,"1","N3","T2",0.6324,0.3676,"LOW"
46,"1","N3","T2",0.4904,0.5096,"HIGH"
47,"1","N3","T2",0.426,0.574,"HIGH"
48,"1","N3","T2",0.4044,0.5956,"HIGH"
49,"1","N3","T2",0.4263,0.5737,"HIGH"
50,"1","N3","T2",0.5629,0.4371,"LOW"
51,"1","N3","T2",0.5357,0.4643,"LOW"
52,"1","N3","T2",0.6539,0.3461,"LOW"
53,"1","N3","T2",0.6508,0.3492,"LOW"
54,"1","N3","T2",0.5979,0.4021,"LOW"
55,"1","N3","T2",0.6796,0.3204,"LOW"
56,"1","N3","T2",0.4965,0.5035,"HIGH"
57,"1","N3","T2",0.5305,0.4695,"LOW"
58,"1","N3","T2",0.5776,0.4224,"LOW"
59,"1","N3","T2",0.4922,0.5078,"HIGH"
60,"1","N3","T2",0.5046,0.4954,"LOW"
61,"1","N3","T2",0.5227,0.4773,"LOW"
62,"1","N3","T2",0.5606,0.4394,"LOW"
63,"1","N3","T2",0.5415,0.4585,"LOW"
64,"1","N3","T2",0.4777,0.5223,"HIGH"
65,"1","N3","T2",0.5524,0.4476,"LOW"
66,"1","N3","T2",0.5755,0.4245,"LOW"
67,"1","N3","T2",0.512,0.488,"LOW"
68,"1","N3","T2",0.5433,0.4567,"LOW"
69,"1","N3","T2",0.5835,0.4165,"LOW"
70,"1","N3","T2",0.5558,0.4442,"LOW"
71,"1","N3","T2",0.645,0.355,"LOW"
72,"1","N3","T2",0.5145,0.4855,"LOW"
73,"1","N3","T2",0.3272,0.6728,"HIGH"
74,"1","N3","T2",0.3559,0.6441,"HIGH"
75,"1","N3","T2",0.4389,0.5611,"HIGH"
76,"1","N3","T2",0.5039,0.4961,"LOW"
77,"1","N3","T2",0.4913,0.5087,"HIGH"
78,"1","N3","T2",0.46,0.54,"HIGH"
79,"1","N3","T2",0.4705,0.5295,"HIGH"
80,"1","N3","T2",0.4117,0.5883,"HIGH"
81,"1","N3","T2",0.4573,0.5427,"HIGH"
82,"1","N3","T2",0.535,0.465,"LOW"
83,"1","N3","T2",0.5311,0.4689,"LOW"
84,"1","N3","T2",0.6132,0.3868,"LOW"
85,"1","N3","T2",0.5988,0.4012,"LOW"
86,"1","N3","T2",0.4285,0.5715,"HIGH"
87,"1","N3","T2",0.6069,0.3931,"LOW"
88,"1","N3","T2",0.6725,0.3275,"LOW"
89,"1","N3","T2",0.6465,0.3535,"LOW"
90,"1","N3","T2",0.4988,0.5012,"HIGH"
91,"1","N3","T2",0.4988,0.5012,"HIGH"
92,"1","N3","T2",0.4988,0.5012,"HIGH"
93,"1","N3","T2",0.4988,0.5012,"HIGH"
94,"1","N3","T2",0.4988,0.5012,"HIGH"
95,"1","N3","T2",0.4988,0.5012,"HIGH"
96,"1","N3","T2",0.4988,0.5012,"HIGH"
97,"1","N3","T2",0.4988,0.5012,"HIGH"
98,"1","N3","T2",0.4988,0.5012,"HIGH"
99,"1","N3","T2",0.4988,0.5012,"HIGH"
0,"2","N3","T2",0.4894,0.5106,"HIGH"
1,"2","N3","T2",0.4894,0.5106,"HIGH"
2,"2","N3","T2",0.4894,0.5106,"HIGH"
3,"2","N3","T2",0.4894,0.5106,"HIGH"
4,"2","N3","T2",0.4894,0.5106,"HIGH"
5,"2","N3","T2",0.4894,0.5106,"HIGH"
6,"2","N3","T2",0.4894,0.5106,"HIGH"
7,"2","N3","T2",0.4894,0.5106,"HIGH"
8,"2","N3","T2",0.4894,0.5106,"HIGH"
9,"2","N3","T2",0.4894,0.5106,"HIGH"
10,"2","N3","T2",0.4894,0.5106,"HIGH"
11,"2","N3","T2",0.4894,0.5106,"HIGH"
12,"2","N3","T2",0.4894,0.5106,"HIGH"
13,"2","N3","T2",0.4894,0.5106,"HIGH"
14,"2","N3","T2",0.4894,0.5106,"HIGH"
15,"2","N3","T2",0.4894,0.5106,"HIGH"
16,"2","N3","T2",0.4894,0.5106,"HIGH"
17,"2","N3","T2",0.4894,0.5106,"HIGH"
18,"2","N3","T2",0.4894,0.5106,"HIGH"
19,"2","N3","T2",0.4894,0.5106,"HIGH"
20,"2","N3","T2",0.4894,0.5106,"HIGH"
21,"2","N3","T2",0.4894,0.5106,"HIGH"
22,"2","N3","T2",0.4894,0.5106,"HIGH"
23,"2","N3","T2",0.488,0.512,"HIGH"
24,"2","N3","T2",0.488,0.512,"HIGH"
25,"2","N3","T2",0.488,0.512,"HIGH"
26,"2","N3","T2",0.4888,0.5112,"HIGH"
27,"2","N3","T2",0.4888,0.5112,"HIGH"
28,"2","N3","T2",0.4888,0.5112,"HIGH"
29,"2","N3","T2",0.4888,0.5112,"HIGH"
30,"2","N3","T2",0.4888,0.5112,"HIGH"
31,"2","N3","T2",0.4879,0.5121,"HIGH"
32,"2","N3","T2",0.4879,0.5121,"HIGH"
33,"2","N3","T2",0.4879,0.5121,"HIGH"
34,"2","N3","T2",0.4879,0.5121,"HIGH"
35,"2","N3","T2",0.4879,0.5121,"HIGH"
36,"2","N3","T2",0.5006,0.4994,"LOW"
37,"2","N3","T2",0.529,0.471,"LOW"
38,"2","N3","T2",0.5482,0.4518,"LOW"
39,"2","N3","T2",0.608,0.392,"LOW"
40,"2","N3","T2",0.598,0.402,"LOW"
41,"2","N3","T2",0.5069,0.4931,"LOW"
42,"2","N3","T2",0.4716,0.5284,"HIGH"
43,"2","N3","T2",0.5332,0.4668,"LOW"
44,"2","N3","T2",0.6363,0.3637,"LOW"
45,"2","N3","T2",0.4005,0.5995,"HIGH"
46,"2","N3","T2",0.3391,0.6609,"HIGH"
47,"2","N3","T2",0.4572,0.5428,"HIGH"
48,"2","N3","T2",0.4489,0.5511,"HIGH"
49,"2","N3","T2",0.4813,0.5187,"HIGH"
50,"2","N3","T2",0.563,0.437,"LOW"
51,"2","N3","T2",0.5058,0.4942,"LOW"
52,"2","N3","T2",0.5132,0.4868,"LOW"
53,"2","N3","T2",0.4852,0.5148,"HIGH"
54,"2","N3","T2",0.5678,0.4322,"LOW"
55,"2","N3","T2",0.4959,0.5041,"HIGH"
56,"2","N3","T2",0.4742,0.5258,"HIGH"
57,"2","N3","T2",0.5735,0.4265,"LOW"
58,"2","N3","T2",0.608,0.392,"LOW"
59,"2","N3","T2",0.4328,0.5672,"HIGH"
60,"2","N3","T2",0.5375,0.4625,"LOW"
61,"2","N3","T2",0.5565,0.4435,"LOW"
62,"2","N3","T2",0.5843,0.4157,"LOW"
63,"2","N3","T2",0.5294,0.4706,"LOW"
64,"2","N3","T2",0.4701,0.5299,"HIGH"
65,"2","N3","T2",0.4844,0.5156,"HIGH"
66,"2","N3","T2",0.5035,0.4965,"LOW"
67,"2","N3","T2",0.4218,0.5782,"HIGH"
68,"2","N3","T2",0.387,0.613,"HIGH"
69,"2","N3","T2",0.4023,0.5977,"HIGH"
70,"2","N3","T2",0.5125,0.4875,"LOW"
71,"2","N3","T2",0.5255,0.4745,"LOW"
72,"2","N3","T2",0.4596,0.5404,"HIGH"
73,"2","N3","T2",0.4036,0.5964,"HIGH"
74,"2","N3","T2",0.273,0.727,"HIGH"
75,"2","N3","T2",0.2564,0.7436,"HIGH"
76,"2","N3","T2",0.2564,0.7436,"HIGH"
77,"2","N3","T2",0.2576,0.7424,"HIGH"
78,"2","N3","T2",0.3429,0.6571,"HIGH"
79,"2","N3","T2",0.4268,0.5732,"HIGH"
80,"2","N3","T2",0.2612,0.7388,"HIGH"
81,"2","N3","T2",0.4192,0.5808,"HIGH"
82,"2","N3","T2",0.5046,0.4954,"LOW"
83,"2","N3","T2",0.4375,0.5625,"HIGH"
84,"2","N3","T2",0.5809,0.4191,"LOW"
85,"2","N3","T2",0.4982,0.5018,"HIGH"
86,"2","N3","T2",0.3786,0.6214,"HIGH"
87,"2","N3","T2",0.4944,0.5056,"HIGH"
88,"2","N3","T2",0.4944,0.5056,"HIGH"
89,"2","N3","T2",0.5219,0.4781,"LOW"
90,"2","N3","T2",0.5677,0.4323,"LOW"
91,"2","N3","T2",0.5677,0.4323,"LOW"
92,"2","N3","T2",0.5677,0.4323,"LOW"
93,"2","N3","T2",0.5677,0.4323,"LOW"
94,"2","N3","T2",0.5677,0.4323,"LOW"
95,"2","N3","T2",0.5677,0.4323,"LOW"
96,"2","N3","T2",0.5677,0.4323,"LOW"
97,"2","N3","T2",0.5677,0.4323,"LOW"
98,"2","N3","T2",0.5677,0.4323,"LOW"
99,"2","N3","T2",0.5677,0.4323,"LOW"
0,"1","Other/Unknown","T2",0.8751,0.1249,"LOW"
1,"1","Other/Unknown","T2",0.8796,0.1204,"LOW"
2,"1","Other/Unknown","T2",0.8796,0.1204,"LOW"
3,"1","Other/Unknown","T2",0.8796,0.1204,"LOW"
4,"1","Other/Unknown","T2",0.8796,0.1204,"LOW"
5,"1","Other/Unknown","T2",0.8796,0.1204,"LOW"
6,"1","Other/Unknown","T2",0.8796,0.1204,"LOW"
7,"1","Other/Unknown","T2",0.8796,0.1204,"LOW"
8,"1","Other/Unknown","T2",0.8796,0.1204,"LOW"
9,"1","Other/Unknown","T2",0.8796,0.1204,"LOW"
10,"1","Other/Unknown","T2",0.8796,0.1204,"LOW"
11,"1","Other/Unknown","T2",0.8796,0.1204,"LOW"
12,"1","Other/Unknown","T2",0.8796,0.1204,"LOW"
13,"1","Other/Unknown","T2",0.8796,0.1204,"LOW"
14,"1","Other/Unknown","T2",0.8796,0.1204,"LOW"
15,"1","Other/Unknown","T2",0.8796,0.1204,"LOW"
16,"1","Other/Unknown","T2",0.8796,0.1204,"LOW"
17,"1","Other/Unknown","T2",0.8796,0.1204,"LOW"
18,"1","Other/Unknown","T2",0.8796,0.1204,"LOW"
19,"1","Other/Unknown","T2",0.8796,0.1204,"LOW"
20,"1","Other/Unknown","T2",0.8796,0.1204,"LOW"
21,"1","Other/Unknown","T2",0.8796,0.1204,"LOW"
22,"1","Other/Unknown","T2",0.8796,0.1204,"LOW"
23,"1","Other/Unknown","T2",0.8766,0.1234,"LOW"
24,"1","Other/Unknown","T2",0.8783,0.1217,"LOW"
25,"1","Other/Unknown","T2",0.8843,0.1157,"LOW"
26,"1","Other/Unknown","T2",0.8843,0.1157,"LOW"
27,"1","Other/Unknown","T2",0.8843,0.1157,"LOW"
28,"1","Other/Unknown","T2",0.8843,0.1157,"LOW"
29,"1","Other/Unknown","T2",0.8843,0.1157,"LOW"
30,"1","Other/Unknown","T2",0.8843,0.1157,"LOW"
31,"1","Other/Unknown","T2",0.8863,0.1137,"LOW"
32,"1","Other/Unknown","T2",0.8863,0.1137,"LOW"
33,"1","Other/Unknown","T2",0.8855,0.1145,"LOW"
34,"1","Other/Unknown","T2",0.885,0.115,"LOW"
35,"1","Other/Unknown","T2",0.886,0.114,"LOW"
36,"1","Other/Unknown","T2",0.8856,0.1144,"LOW"
37,"1","Other/Unknown","T2",0.8859,0.1141,"LOW"
38,"1","Other/Unknown","T2",0.8853,0.1147,"LOW"
39,"1","Other/Unknown","T2",0.8859,0.1141,"LOW"
40,"1","Other/Unknown","T2",0.8855,0.1145,"LOW"
41,"1","Other/Unknown","T2",0.885,0.115,"LOW"
42,"1","Other/Unknown","T2",0.885,0.115,"LOW"
43,"1","Other/Unknown","T2",0.885,0.115,"LOW"
44,"1","Other/Unknown","T2",0.8799,0.1201,"LOW"
45,"1","Other/Unknown","T2",0.8392,0.1608,"LOW"
46,"1","Other/Unknown","T2",0.8446,0.1554,"LOW"
47,"1","Other/Unknown","T2",0.857,0.143,"LOW"
48,"1","Other/Unknown","T2",0.825,0.175,"LOW"
49,"1","Other/Unknown","T2",0.7533,0.2467,"LOW"
50,"1","Other/Unknown","T2",0.7729,0.2271,"LOW"
51,"1","Other/Unknown","T2",0.848,0.152,"LOW"
52,"1","Other/Unknown","T2",0.8146,0.1854,"LOW"
53,"1","Other/Unknown","T2",0.8335,0.1665,"LOW"
54,"1","Other/Unknown","T2",0.8544,0.1456,"LOW"
55,"1","Other/Unknown","T2",0.8448,0.1552,"LOW"
56,"1","Other/Unknown","T2",0.8315,0.1685,"LOW"
57,"1","Other/Unknown","T2",0.8493,0.1507,"LOW"
58,"1","Other/Unknown","T2",0.8621,0.1379,"LOW"
59,"1","Other/Unknown","T2",0.863,0.137,"LOW"
60,"1","Other/Unknown","T2",0.857,0.143,"LOW"
61,"1","Other/Unknown","T2",0.857,0.143,"LOW"
62,"1","Other/Unknown","T2",0.8504,0.1496,"LOW"
63,"1","Other/Unknown","T2",0.862,0.138,"LOW"
64,"1","Other/Unknown","T2",0.852,0.148,"LOW"
65,"1","Other/Unknown","T2",0.8371,0.1629,"LOW"
66,"1","Other/Unknown","T2",0.8423,0.1577,"LOW"
67,"1","Other/Unknown","T2",0.8375,0.1625,"LOW"
68,"1","Other/Unknown","T2",0.8412,0.1588,"LOW"
69,"1","Other/Unknown","T2",0.8439,0.1561,"LOW"
70,"1","Other/Unknown","T2",0.8348,0.1652,"LOW"
71,"1","Other/Unknown","T2",0.841,0.159,"LOW"
72,"1","Other/Unknown","T2",0.8428,0.1572,"LOW"
73,"1","Other/Unknown","T2",0.8499,0.1501,"LOW"
74,"1","Other/Unknown","T2",0.85,0.15,"LOW"
75,"1","Other/Unknown","T2",0.8574,0.1426,"LOW"
76,"1","Other/Unknown","T2",0.8484,0.1516,"LOW"
77,"1","Other/Unknown","T2",0.8273,0.1727,"LOW"
78,"1","Other/Unknown","T2",0.8421,0.1579,"LOW"
79,"1","Other/Unknown","T2",0.8398,0.1602,"LOW"
80,"1","Other/Unknown","T2",0.8519,0.1481,"LOW"
81,"1","Other/Unknown","T2",0.8467,0.1533,"LOW"
82,"1","Other/Unknown","T2",0.8631,0.1369,"LOW"
83,"1","Other/Unknown","T2",0.8548,0.1452,"LOW"
84,"1","Other/Unknown","T2",0.8522,0.1478,"LOW"
85,"1","Other/Unknown","T2",0.8439,0.1561,"LOW"
86,"1","Other/Unknown","T2",0.8468,0.1532,"LOW"
87,"1","Other/Unknown","T2",0.8784,0.1216,"LOW"
88,"1","Other/Unknown","T2",0.8722,0.1278,"LOW"
89,"1","Other/Unknown","T2",0.8445,0.1555,"LOW"
90,"1","Other/Unknown","T2",0.8766,0.1234,"LOW"
91,"1","Other/Unknown","T2",0.8766,0.1234,"LOW"
92,"1","Other/Unknown","T2",0.8766,0.1234,"LOW"
93,"1","Other/Unknown","T2",0.8766,0.1234,"LOW"
94,"1","Other/Unknown","T2",0.8766,0.1234,"LOW"
95,"1","Other/Unknown","T2",0.8766,0.1234,"LOW"
96,"1","Other/Unknown","T2",0.8766,0.1234,"LOW"
97,"1","Other/Unknown","T2",0.8766,0.1234,"LOW"
98,"1","Other/Unknown","T2",0.8766,0.1234,"LOW"
99,"1","Other/Unknown","T2",0.8766,0.1234,"LOW"
0,"2","Other/Unknown","T2",0.8566,0.1434,"LOW"
1,"2","Other/Unknown","T2",0.8659,0.1341,"LOW"
2,"2","Other/Unknown","T2",0.8659,0.1341,"LOW"
3,"2","Other/Unknown","T2",0.8659,0.1341,"LOW"
4,"2","Other/Unknown","T2",0.8659,0.1341,"LOW"
5,"2","Other/Unknown","T2",0.8659,0.1341,"LOW"
6,"2","Other/Unknown","T2",0.8659,0.1341,"LOW"
7,"2","Other/Unknown","T2",0.8659,0.1341,"LOW"
8,"2","Other/Unknown","T2",0.8659,0.1341,"LOW"
9,"2","Other/Unknown","T2",0.8659,0.1341,"LOW"
10,"2","Other/Unknown","T2",0.8659,0.1341,"LOW"
11,"2","Other/Unknown","T2",0.8659,0.1341,"LOW"
12,"2","Other/Unknown","T2",0.8659,0.1341,"LOW"
13,"2","Other/Unknown","T2",0.8659,0.1341,"LOW"
14,"2","Other/Unknown","T2",0.8659,0.1341,"LOW"
15,"2","Other/Unknown","T2",0.8659,0.1341,"LOW"
16,"2","Other/Unknown","T2",0.8659,0.1341,"LOW"
17,"2","Other/Unknown","T2",0.8659,0.1341,"LOW"
18,"2","Other/Unknown","T2",0.8659,0.1341,"LOW"
19,"2","Other/Unknown","T2",0.8659,0.1341,"LOW"
20,"2","Other/Unknown","T2",0.8659,0.1341,"LOW"
21,"2","Other/Unknown","T2",0.8659,0.1341,"LOW"
22,"2","Other/Unknown","T2",0.8659,0.1341,"LOW"
23,"2","Other/Unknown","T2",0.8599,0.1401,"LOW"
24,"2","Other/Unknown","T2",0.8616,0.1384,"LOW"
25,"2","Other/Unknown","T2",0.8731,0.1269,"LOW"
26,"2","Other/Unknown","T2",0.8741,0.1259,"LOW"
27,"2","Other/Unknown","T2",0.871,0.129,"LOW"
28,"2","Other/Unknown","T2",0.8662,0.1338,"LOW"
29,"2","Other/Unknown","T2",0.8717,0.1283,"LOW"
30,"2","Other/Unknown","T2",0.872,0.128,"LOW"
31,"2","Other/Unknown","T2",0.8713,0.1287,"LOW"
32,"2","Other/Unknown","T2",0.8713,0.1287,"LOW"
33,"2","Other/Unknown","T2",0.8727,0.1273,"LOW"
34,"2","Other/Unknown","T2",0.8763,0.1237,"LOW"
35,"2","Other/Unknown","T2",0.876,0.124,"LOW"
36,"2","Other/Unknown","T2",0.876,0.124,"LOW"
37,"2","Other/Unknown","T2",0.8755,0.1245,"LOW"
38,"2","Other/Unknown","T2",0.876,0.124,"LOW"
39,"2","Other/Unknown","T2",0.876,0.124,"LOW"
40,"2","Other/Unknown","T2",0.8756,0.1244,"LOW"
41,"2","Other/Unknown","T2",0.8753,0.1247,"LOW"
42,"2","Other/Unknown","T2",0.8753,0.1247,"LOW"
43,"2","Other/Unknown","T2",0.8753,0.1247,"LOW"
44,"2","Other/Unknown","T2",0.8739,0.1261,"LOW"
45,"2","Other/Unknown","T2",0.8578,0.1422,"LOW"
46,"2","Other/Unknown","T2",0.8539,0.1461,"LOW"
47,"2","Other/Unknown","T2",0.8579,0.1421,"LOW"
48,"2","Other/Unknown","T2",0.8408,0.1592,"LOW"
49,"2","Other/Unknown","T2",0.7974,0.2026,"LOW"
50,"2","Other/Unknown","T2",0.764,0.236,"LOW"
51,"2","Other/Unknown","T2",0.8293,0.1707,"LOW"
52,"2","Other/Unknown","T2",0.8393,0.1607,"LOW"
53,"2","Other/Unknown","T2",0.7958,0.2042,"LOW"
54,"2","Other/Unknown","T2",0.8276,0.1724,"LOW"
55,"2","Other/Unknown","T2",0.8219,0.1781,"LOW"
56,"2","Other/Unknown","T2",0.8357,0.1643,"LOW"
57,"2","Other/Unknown","T2",0.833,0.167,"LOW"
58,"2","Other/Unknown","T2",0.8088,0.1912,"LOW"
59,"2","Other/Unknown","T2",0.762,0.238,"LOW"
60,"2","Other/Unknown","T2",0.8439,0.1561,"LOW"
61,"2","Other/Unknown","T2",0.861,0.139,"LOW"
62,"2","Other/Unknown","T2",0.8585,0.1415,"LOW"
63,"2","Other/Unknown","T2",0.8651,0.1349,"LOW"
64,"2","Other/Unknown","T2",0.8728,0.1272,"LOW"
65,"2","Other/Unknown","T2",0.871,0.129,"LOW"
66,"2","Other/Unknown","T2",0.8688,0.1312,"LOW"
67,"2","Other/Unknown","T2",0.8375,0.1625,"LOW"
68,"2","Other/Unknown","T2",0.8425,0.1575,"LOW"
69,"2","Other/Unknown","T2",0.8425,0.1575,"LOW"
70,"2","Other/Unknown","T2",0.8282,0.1718,"LOW"
71,"2","Other/Unknown","T2",0.8367,0.1633,"LOW"
72,"2","Other/Unknown","T2",0.8485,0.1515,"LOW"
73,"2","Other/Unknown","T2",0.8361,0.1639,"LOW"
74,"2","Other/Unknown","T2",0.8432,0.1568,"LOW"
75,"2","Other/Unknown","T2",0.851,0.149,"LOW"
76,"2","Other/Unknown","T2",0.8397,0.1603,"LOW"
77,"2","Other/Unknown","T2",0.8249,0.1751,"LOW"
78,"2","Other/Unknown","T2",0.8375,0.1625,"LOW"
79,"2","Other/Unknown","T2",0.8239,0.1761,"LOW"
80,"2","Other/Unknown","T2",0.8365,0.1635,"LOW"
81,"2","Other/Unknown","T2",0.832,0.168,"LOW"
82,"2","Other/Unknown","T2",0.8263,0.1737,"LOW"
83,"2","Other/Unknown","T2",0.8301,0.1699,"LOW"
84,"2","Other/Unknown","T2",0.8526,0.1474,"LOW"
85,"2","Other/Unknown","T2",0.8441,0.1559,"LOW"
86,"2","Other/Unknown","T2",0.855,0.145,"LOW"
87,"2","Other/Unknown","T2",0.871,0.129,"LOW"
88,"2","Other/Unknown","T2",0.8013,0.1987,"LOW"
89,"2","Other/Unknown","T2",0.7851,0.2149,"LOW"
90,"2","Other/Unknown","T2",0.8169,0.1831,"LOW"
91,"2","Other/Unknown","T2",0.8169,0.1831,"LOW"
92,"2","Other/Unknown","T2",0.8169,0.1831,"LOW"
93,"2","Other/Unknown","T2",0.8169,0.1831,"LOW"
94,"2","Other/Unknown","T2",0.8169,0.1831,"LOW"
95,"2","Other/Unknown","T2",0.8169,0.1831,"LOW"
96,"2","Other/Unknown","T2",0.8169,0.1831,"LOW"
97,"2","Other/Unknown","T2",0.8169,0.1831,"LOW"
98,"2","Other/Unknown","T2",0.8169,0.1831,"LOW"
99,"2","Other/Unknown","T2",0.8169,0.1831,"LOW"
0,"1","N0","T3",0.8715,0.1285,"LOW"
1,"1","N0","T3",0.8724,0.1276,"LOW"
2,"1","N0","T3",0.8724,0.1276,"LOW"
3,"1","N0","T3",0.8724,0.1276,"LOW"
4,"1","N0","T3",0.8724,0.1276,"LOW"
5,"1","N0","T3",0.8724,0.1276,"LOW"
6,"1","N0","T3",0.8724,0.1276,"LOW"
7,"1","N0","T3",0.8724,0.1276,"LOW"
8,"1","N0","T3",0.8724,0.1276,"LOW"
9,"1","N0","T3",0.8724,0.1276,"LOW"
10,"1","N0","T3",0.8724,0.1276,"LOW"
11,"1","N0","T3",0.8724,0.1276,"LOW"
12,"1","N0","T3",0.8724,0.1276,"LOW"
13,"1","N0","T3",0.8724,0.1276,"LOW"
14,"1","N0","T3",0.8724,0.1276,"LOW"
15,"1","N0","T3",0.8724,0.1276,"LOW"
16,"1","N0","T3",0.8724,0.1276,"LOW"
17,"1","N0","T3",0.8724,0.1276,"LOW"
18,"1","N0","T3",0.8724,0.1276,"LOW"
19,"1","N0","T3",0.8724,0.1276,"LOW"
20,"1","N0","T3",0.8724,0.1276,"LOW"
21,"1","N0","T3",0.8724,0.1276,"LOW"
22,"1","N0","T3",0.8724,0.1276,"LOW"
23,"1","N0","T3",0.8724,0.1276,"LOW"
24,"1","N0","T3",0.8724,0.1276,"LOW"
25,"1","N0","T3",0.871,0.129,"LOW"
26,"1","N0","T3",0.871,0.129,"LOW"
27,"1","N0","T3",0.8298,0.1702,"LOW"
28,"1","N0","T3",0.8258,0.1742,"LOW"
29,"1","N0","T3",0.7179,0.2821,"LOW"
30,"1","N0","T3",0.7495,0.2505,"LOW"
31,"1","N0","T3",0.8901,0.1099,"LOW"
32,"1","N0","T3",0.8942,0.1058,"LOW"
33,"1","N0","T3",0.9328,0.0672,"LOW"
34,"1","N0","T3",0.9459,0.0541,"LOW"
35,"1","N0","T3",0.9459,0.0541,"LOW"
36,"1","N0","T3",0.9465,0.0535,"LOW"
37,"1","N0","T3",0.947,0.053,"LOW"
38,"1","N0","T3",0.9469,0.0531,"LOW"
39,"1","N0","T3",0.9469,0.0531,"LOW"
40,"1","N0","T3",0.9467,0.0533,"LOW"
41,"1","N0","T3",0.9468,0.0532,"LOW"
42,"1","N0","T3",0.9414,0.0586,"LOW"
43,"1","N0","T3",0.9309,0.0691,"LOW"
44,"1","N0","T3",0.9435,0.0565,"LOW"
45,"1","N0","T3",0.9435,0.0565,"LOW"
46,"1","N0","T3",0.9402,0.0598,"LOW"
47,"1","N0","T3",0.9219,0.0781,"LOW"
48,"1","N0","T3",0.9374,0.0626,"LOW"
49,"1","N0","T3",0.9315,0.0685,"LOW"
50,"1","N0","T3",0.9353,0.0647,"LOW"
51,"1","N0","T3",0.9221,0.0779,"LOW"
52,"1","N0","T3",0.9142,0.0858,"LOW"
53,"1","N0","T3",0.9322,0.0678,"LOW"
54,"1","N0","T3",0.927,0.073,"LOW"
55,"1","N0","T3",0.929,0.071,"LOW"
56,"1","N0","T3",0.9389,0.0611,"LOW"
57,"1","N0","T3",0.9398,0.0602,"LOW"
58,"1","N0","T3",0.9391,0.0609,"LOW"
59,"1","N0","T3",0.9385,0.0615,"LOW"
60,"1","N0","T3",0.9375,0.0625,"LOW"
61,"1","N0","T3",0.9333,0.0667,"LOW"
62,"1","N0","T3",0.9354,0.0646,"LOW"
63,"1","N0","T3",0.935,0.065,"LOW"
64,"1","N0","T3",0.9362,0.0638,"LOW"
65,"1","N0","T3",0.9337,0.0663,"LOW"
66,"1","N0","T3",0.9341,0.0659,"LOW"
67,"1","N0","T3",0.9339,0.0661,"LOW"
68,"1","N0","T3",0.9335,0.0665,"LOW"
69,"1","N0","T3",0.9384,0.0616,"LOW"
70,"1","N0","T3",0.9385,0.0615,"LOW"
71,"1","N0","T3",0.9397,0.0603,"LOW"
72,"1","N0","T3",0.9366,0.0634,"LOW"
73,"1","N0","T3",0.9373,0.0627,"LOW"
74,"1","N0","T3",0.9402,0.0598,"LOW"
75,"1","N0","T3",0.9349,0.0651,"LOW"
76,"1","N0","T3",0.934,0.066,"LOW"
77,"1","N0","T3",0.9355,0.0645,"LOW"
78,"1","N0","T3",0.9328,0.0672,"LOW"
79,"1","N0","T3",0.9269,0.0731,"LOW"
80,"1","N0","T3",0.9393,0.0607,"LOW"
81,"1","N0","T3",0.9432,0.0568,"LOW"
82,"1","N0","T3",0.9369,0.0631,"LOW"
83,"1","N0","T3",0.9506,0.0494,"LOW"
84,"1","N0","T3",0.9522,0.0478,"LOW"
85,"1","N0","T3",0.9512,0.0488,"LOW"
86,"1","N0","T3",0.9449,0.0551,"LOW"
87,"1","N0","T3",0.9532,0.0468,"LOW"
88,"1","N0","T3",0.9542,0.0458,"LOW"
89,"1","N0","T3",0.9591,0.0409,"LOW"
90,"1","N0","T3",0.9563,0.0437,"LOW"
91,"1","N0","T3",0.9563,0.0437,"LOW"
92,"1","N0","T3",0.9563,0.0437,"LOW"
93,"1","N0","T3",0.9563,0.0437,"LOW"
94,"1","N0","T3",0.9563,0.0437,"LOW"
95,"1","N0","T3",0.9563,0.0437,"LOW"
96,"1","N0","T3",0.9563,0.0437,"LOW"
97,"1","N0","T3",0.9563,0.0437,"LOW"
98,"1","N0","T3",0.9563,0.0437,"LOW"
99,"1","N0","T3",0.9563,0.0437,"LOW"
0,"2","N0","T3",0.807,0.193,"LOW"
1,"2","N0","T3",0.8073,0.1927,"LOW"
2,"2","N0","T3",0.8073,0.1927,"LOW"
3,"2","N0","T3",0.8073,0.1927,"LOW"
4,"2","N0","T3",0.8073,0.1927,"LOW"
5,"2","N0","T3",0.8073,0.1927,"LOW"
6,"2","N0","T3",0.8073,0.1927,"LOW"
7,"2","N0","T3",0.8073,0.1927,"LOW"
8,"2","N0","T3",0.8073,0.1927,"LOW"
9,"2","N0","T3",0.8073,0.1927,"LOW"
10,"2","N0","T3",0.8073,0.1927,"LOW"
11,"2","N0","T3",0.8073,0.1927,"LOW"
12,"2","N0","T3",0.8073,0.1927,"LOW"
13,"2","N0","T3",0.8073,0.1927,"LOW"
14,"2","N0","T3",0.8073,0.1927,"LOW"
15,"2","N0","T3",0.8073,0.1927,"LOW"
16,"2","N0","T3",0.8073,0.1927,"LOW"
17,"2","N0","T3",0.8073,0.1927,"LOW"
18,"2","N0","T3",0.8073,0.1927,"LOW"
19,"2","N0","T3",0.8073,0.1927,"LOW"
20,"2","N0","T3",0.8073,0.1927,"LOW"
21,"2","N0","T3",0.8073,0.1927,"LOW"
22,"2","N0","T3",0.8073,0.1927,"LOW"
23,"2","N0","T3",0.8053,0.1947,"LOW"
24,"2","N0","T3",0.8033,0.1967,"LOW"
25,"2","N0","T3",0.8134,0.1866,"LOW"
26,"2","N0","T3",0.8147,0.1853,"LOW"
27,"2","N0","T3",0.8015,0.1985,"LOW"
28,"2","N0","T3",0.7995,0.2005,"LOW"
29,"2","N0","T3",0.7725,0.2275,"LOW"
30,"2","N0","T3",0.7811,0.2189,"LOW"
31,"2","N0","T3",0.7227,0.2773,"LOW"
32,"2","N0","T3",0.6827,0.3173,"LOW"
33,"2","N0","T3",0.8465,0.1535,"LOW"
34,"2","N0","T3",0.9432,0.0568,"LOW"
35,"2","N0","T3",0.9432,0.0568,"LOW"
36,"2","N0","T3",0.9438,0.0562,"LOW"
37,"2","N0","T3",0.9433,0.0567,"LOW"
38,"2","N0","T3",0.9437,0.0563,"LOW"
39,"2","N0","T3",0.9437,0.0563,"LOW"
40,"2","N0","T3",0.9433,0.0567,"LOW"
41,"2","N0","T3",0.9424,0.0576,"LOW"
42,"2","N0","T3",0.8919,0.1081,"LOW"
43,"2","N0","T3",0.9383,0.0617,"LOW"
44,"2","N0","T3",0.9416,0.0584,"LOW"
45,"2","N0","T3",0.9416,0.0584,"LOW"
46,"2","N0","T3",0.9054,0.0946,"LOW"
47,"2","N0","T3",0.8954,0.1046,"LOW"
48,"2","N0","T3",0.9367,0.0633,"LOW"
49,"2","N0","T3",0.9373,0.0627,"LOW"
50,"2","N0","T3",0.9344,0.0656,"LOW"
51,"2","N0","T3",0.9469,0.0531,"LOW"
52,"2","N0","T3",0.9467,0.0533,"LOW"
53,"2","N0","T3",0.9493,0.0507,"LOW"
54,"2","N0","T3",0.9492,0.0508,"LOW"
55,"2","N0","T3",0.9486,0.0514,"LOW"
56,"2","N0","T3",0.9494,0.0506,"LOW"
57,"2","N0","T3",0.9451,0.0549,"LOW"
58,"2","N0","T3",0.9472,0.0528,"LOW"
59,"2","N0","T3",0.9193,0.0807,"LOW"
60,"2","N0","T3",0.9164,0.0836,"LOW"
61,"2","N0","T3",0.9305,0.0695,"LOW"
62,"2","N0","T3",0.9289,0.0711,"LOW"
63,"2","N0","T3",0.9321,0.0679,"LOW"
64,"2","N0","T3",0.9331,0.0669,"LOW"
65,"2","N0","T3",0.9356,0.0644,"LOW"
66,"2","N0","T3",0.9319,0.0681,"LOW"
67,"2","N0","T3",0.9333,0.0667,"LOW"
68,"2","N0","T3",0.9289,0.0711,"LOW"
69,"2","N0","T3",0.9329,0.0671,"LOW"
70,"2","N0","T3",0.9362,0.0638,"LOW"
71,"2","N0","T3",0.9306,0.0694,"LOW"
72,"2","N0","T3",0.9263,0.0737,"LOW"
73,"2","N0","T3",0.9297,0.0703,"LOW"
74,"2","N0","T3",0.9319,0.0681,"LOW"
75,"2","N0","T3",0.9305,0.0695,"LOW"
76,"2","N0","T3",0.931,0.069,"LOW"
77,"2","N0","T3",0.936,0.064,"LOW"
78,"2","N0","T3",0.9347,0.0653,"LOW"
79,"2","N0","T3",0.933,0.067,"LOW"
80,"2","N0","T3",0.9295,0.0705,"LOW"
81,"2","N0","T3",0.9391,0.0609,"LOW"
82,"2","N0","T3",0.9312,0.0688,"LOW"
83,"2","N0","T3",0.9371,0.0629,"LOW"
84,"2","N0","T3",0.9335,0.0665,"LOW"
85,"2","N0","T3",0.9388,0.0612,"LOW"
86,"2","N0","T3",0.9397,0.0603,"LOW"
87,"2","N0","T3",0.9322,0.0678,"LOW"
88,"2","N0","T3",0.9397,0.0603,"LOW"
89,"2","N0","T3",0.9335,0.0665,"LOW"
90,"2","N0","T3",0.9537,0.0463,"LOW"
91,"2","N0","T3",0.9537,0.0463,"LOW"
92,"2","N0","T3",0.9537,0.0463,"LOW"
93,"2","N0","T3",0.9537,0.0463,"LOW"
94,"2","N0","T3",0.9537,0.0463,"LOW"
95,"2","N0","T3",0.9537,0.0463,"LOW"
96,"2","N0","T3",0.9537,0.0463,"LOW"
97,"2","N0","T3",0.9537,0.0463,"LOW"
98,"2","N0","T3",0.9537,0.0463,"LOW"
99,"2","N0","T3",0.9537,0.0463,"LOW"
0,"1","N1","T3",0.7255,0.2745,"LOW"
1,"1","N1","T3",0.7259,0.2741,"LOW"
2,"1","N1","T3",0.7259,0.2741,"LOW"
3,"1","N1","T3",0.7259,0.2741,"LOW"
4,"1","N1","T3",0.7259,0.2741,"LOW"
5,"1","N1","T3",0.7259,0.2741,"LOW"
6,"1","N1","T3",0.7259,0.2741,"LOW"
7,"1","N1","T3",0.7259,0.2741,"LOW"
8,"1","N1","T3",0.7259,0.2741,"LOW"
9,"1","N1","T3",0.7259,0.2741,"LOW"
10,"1","N1","T3",0.7259,0.2741,"LOW"
11,"1","N1","T3",0.7259,0.2741,"LOW"
12,"1","N1","T3",0.7259,0.2741,"LOW"
13,"1","N1","T3",0.7259,0.2741,"LOW"
14,"1","N1","T3",0.7259,0.2741,"LOW"
15,"1","N1","T3",0.7259,0.2741,"LOW"
16,"1","N1","T3",0.7259,0.2741,"LOW"
17,"1","N1","T3",0.7259,0.2741,"LOW"
18,"1","N1","T3",0.7259,0.2741,"LOW"
19,"1","N1","T3",0.7259,0.2741,"LOW"
20,"1","N1","T3",0.7239,0.2761,"LOW"
21,"1","N1","T3",0.7239,0.2761,"LOW"
22,"1","N1","T3",0.7239,0.2761,"LOW"
23,"1","N1","T3",0.7239,0.2761,"LOW"
24,"1","N1","T3",0.7239,0.2761,"LOW"
25,"1","N1","T3",0.7239,0.2761,"LOW"
26,"1","N1","T3",0.7239,0.2761,"LOW"
27,"1","N1","T3",0.7239,0.2761,"LOW"
28,"1","N1","T3",0.7239,0.2761,"LOW"
29,"1","N1","T3",0.7362,0.2638,"LOW"
30,"1","N1","T3",0.7362,0.2638,"LOW"
31,"1","N1","T3",0.7411,0.2589,"LOW"
32,"1","N1","T3",0.7411,0.2589,"LOW"
33,"1","N1","T3",0.7427,0.2573,"LOW"
34,"1","N1","T3",0.7427,0.2573,"LOW"
35,"1","N1","T3",0.7387,0.2613,"LOW"
36,"1","N1","T3",0.6417,0.3583,"LOW"
37,"1","N1","T3",0.6357,0.3643,"LOW"
38,"1","N1","T3",0.7366,0.2634,"LOW"
39,"1","N1","T3",0.8299,0.1701,"LOW"
40,"1","N1","T3",0.8505,0.1495,"LOW"
41,"1","N1","T3",0.8128,0.1872,"LOW"
42,"1","N1","T3",0.8594,0.1406,"LOW"
43,"1","N1","T3",0.8891,0.1109,"LOW"
44,"1","N1","T3",0.8925,0.1075,"LOW"
45,"1","N1","T3",0.8895,0.1105,"LOW"
46,"1","N1","T3",0.7986,0.2014,"LOW"
47,"1","N1","T3",0.8738,0.1262,"LOW"
48,"1","N1","T3",0.8795,0.1205,"LOW"
49,"1","N1","T3",0.8935,0.1065,"LOW"
50,"1","N1","T3",0.8731,0.1269,"LOW"
51,"1","N1","T3",0.8847,0.1153,"LOW"
52,"1","N1","T3",0.8495,0.1505,"LOW"
53,"1","N1","T3",0.8364,0.1636,"LOW"
54,"1","N1","T3",0.8596,0.1404,"LOW"
55,"1","N1","T3",0.8477,0.1523,"LOW"
56,"1","N1","T3",0.8184,0.1816,"LOW"
57,"1","N1","T3",0.8593,0.1407,"LOW"
58,"1","N1","T3",0.8364,0.1636,"LOW"
59,"1","N1","T3",0.8161,0.1839,"LOW"
60,"1","N1","T3",0.7639,0.2361,"LOW"
61,"1","N1","T3",0.7877,0.2123,"LOW"
62,"1","N1","T3",0.8175,0.1825,"LOW"
63,"1","N1","T3",0.8442,0.1558,"LOW"
64,"1","N1","T3",0.8431,0.1569,"LOW"
65,"1","N1","T3",0.8393,0.1607,"LOW"
66,"1","N1","T3",0.8419,0.1581,"LOW"
67,"1","N1","T3",0.8484,0.1516,"LOW"
68,"1","N1","T3",0.8536,0.1464,"LOW"
69,"1","N1","T3",0.8318,0.1682,"LOW"
70,"1","N1","T3",0.8511,0.1489,"LOW"
71,"1","N1","T3",0.8018,0.1982,"LOW"
72,"1","N1","T3",0.8344,0.1656,"LOW"
73,"1","N1","T3",0.8094,0.1906,"LOW"
74,"1","N1","T3",0.8289,0.1711,"LOW"
75,"1","N1","T3",0.8146,0.1854,"LOW"
76,"1","N1","T3",0.7932,0.2068,"LOW"
77,"1","N1","T3",0.8106,0.1894,"LOW"
78,"1","N1","T3",0.8242,0.1758,"LOW"
79,"1","N1","T3",0.8223,0.1777,"LOW"
80,"1","N1","T3",0.8423,0.1577,"LOW"
81,"1","N1","T3",0.8469,0.1531,"LOW"
82,"1","N1","T3",0.8457,0.1543,"LOW"
83,"1","N1","T3",0.8545,0.1455,"LOW"
84,"1","N1","T3",0.7717,0.2283,"LOW"
85,"1","N1","T3",0.8234,0.1766,"LOW"
86,"1","N1","T3",0.8337,0.1663,"LOW"
87,"1","N1","T3",0.8377,0.1623,"LOW"
88,"1","N1","T3",0.7586,0.2414,"LOW"
89,"1","N1","T3",0.6546,0.3454,"LOW"
90,"1","N1","T3",0.7854,0.2146,"LOW"
91,"1","N1","T3",0.7854,0.2146,"LOW"
92,"1","N1","T3",0.7854,0.2146,"LOW"
93,"1","N1","T3",0.7854,0.2146,"LOW"
94,"1","N1","T3",0.7854,0.2146,"LOW"
95,"1","N1","T3",0.7854,0.2146,"LOW"
96,"1","N1","T3",0.7854,0.2146,"LOW"
97,"1","N1","T3",0.7854,0.2146,"LOW"
98,"1","N1","T3",0.7854,0.2146,"LOW"
99,"1","N1","T3",0.7854,0.2146,"LOW"
0,"2","N1","T3",0.7376,0.2624,"LOW"
1,"2","N1","T3",0.738,0.262,"LOW"
2,"2","N1","T3",0.738,0.262,"LOW"
3,"2","N1","T3",0.738,0.262,"LOW"
4,"2","N1","T3",0.738,0.262,"LOW"
5,"2","N1","T3",0.738,0.262,"LOW"
6,"2","N1","T3",0.738,0.262,"LOW"
7,"2","N1","T3",0.738,0.262,"LOW"
8,"2","N1","T3",0.738,0.262,"LOW"
9,"2","N1","T3",0.738,0.262,"LOW"
10,"2","N1","T3",0.738,0.262,"LOW"
11,"2","N1","T3",0.738,0.262,"LOW"
12,"2","N1","T3",0.738,0.262,"LOW"
13,"2","N1","T3",0.738,0.262,"LOW"
14,"2","N1","T3",0.738,0.262,"LOW"
15,"2","N1","T3",0.738,0.262,"LOW"
16,"2","N1","T3",0.738,0.262,"LOW"
17,"2","N1","T3",0.738,0.262,"LOW"
18,"2","N1","T3",0.738,0.262,"LOW"
19,"2","N1","T3",0.738,0.262,"LOW"
20,"2","N1","T3",0.736,0.264,"LOW"
21,"2","N1","T3",0.736,0.264,"LOW"
22,"2","N1","T3",0.736,0.264,"LOW"
23,"2","N1","T3",0.736,0.264,"LOW"
24,"2","N1","T3",0.736,0.264,"LOW"
25,"2","N1","T3",0.736,0.264,"LOW"
26,"2","N1","T3",0.736,0.264,"LOW"
27,"2","N1","T3",0.736,0.264,"LOW"
28,"2","N1","T3",0.736,0.264,"LOW"
29,"2","N1","T3",0.7519,0.2481,"LOW"
30,"2","N1","T3",0.7519,0.2481,"LOW"
31,"2","N1","T3",0.7477,0.2523,"LOW"
32,"2","N1","T3",0.7477,0.2523,"LOW"
33,"2","N1","T3",0.7487,0.2513,"LOW"
34,"2","N1","T3",0.7507,0.2493,"LOW"
35,"2","N1","T3",0.7387,0.2613,"LOW"
36,"2","N1","T3",0.685,0.315,"LOW"
37,"2","N1","T3",0.685,0.315,"LOW"
38,"2","N1","T3",0.7903,0.2097,"LOW"
39,"2","N1","T3",0.8206,0.1794,"LOW"
40,"2","N1","T3",0.7869,0.2131,"LOW"
41,"2","N1","T3",0.7113,0.2887,"LOW"
42,"2","N1","T3",0.7649,0.2351,"LOW"
43,"2","N1","T3",0.805,0.195,"LOW"
44,"2","N1","T3",0.8642,0.1358,"LOW"
45,"2","N1","T3",0.8717,0.1283,"LOW"
46,"2","N1","T3",0.8626,0.1374,"LOW"
47,"2","N1","T3",0.8758,0.1242,"LOW"
48,"2","N1","T3",0.8003,0.1997,"LOW"
49,"2","N1","T3",0.8825,0.1175,"LOW"
50,"2","N1","T3",0.8877,0.1123,"LOW"
51,"2","N1","T3",0.9045,0.0955,"LOW"
52,"2","N1","T3",0.9022,0.0978,"LOW"
53,"2","N1","T3",0.901,0.099,"LOW"
54,"2","N1","T3",0.901,0.099,"LOW"
55,"2","N1","T3",0.8964,0.1036,"LOW"
56,"2","N1","T3",0.8917,0.1083,"LOW"
57,"2","N1","T3",0.9011,0.0989,"LOW"
58,"2","N1","T3",0.889,0.111,"LOW"
59,"2","N1","T3",0.8861,0.1139,"LOW"
60,"2","N1","T3",0.801,0.199,"LOW"
61,"2","N1","T3",0.8165,0.1835,"LOW"
62,"2","N1","T3",0.8265,0.1735,"LOW"
63,"2","N1","T3",0.823,0.177,"LOW"
64,"2","N1","T3",0.8423,0.1577,"LOW"
65,"2","N1","T3",0.8681,0.1319,"LOW"
66,"2","N1","T3",0.8468,0.1532,"LOW"
67,"2","N1","T3",0.8736,0.1264,"LOW"
68,"2","N1","T3",0.8757,0.1243,"LOW"
69,"2","N1","T3",0.8528,0.1472,"LOW"
70,"2","N1","T3",0.8739,0.1261,"LOW"
71,"2","N1","T3",0.8569,0.1431,"LOW"
72,"2","N1","T3",0.8577,0.1423,"LOW"
73,"2","N1","T3",0.7778,0.2222,"LOW"
74,"2","N1","T3",0.7795,0.2205,"LOW"
75,"2","N1","T3",0.7459,0.2541,"LOW"
76,"2","N1","T3",0.8165,0.1835,"LOW"
77,"2","N1","T3",0.8311,0.1689,"LOW"
78,"2","N1","T3",0.7881,0.2119,"LOW"
79,"2","N1","T3",0.8022,0.1978,"LOW"
80,"2","N1","T3",0.8821,0.1179,"LOW"
81,"2","N1","T3",0.8864,0.1136,"LOW"
82,"2","N1","T3",0.8858,0.1142,"LOW"
83,"2","N1","T3",0.887,0.113,"LOW"
84,"2","N1","T3",0.8641,0.1359,"LOW"
85,"2","N1","T3",0.8616,0.1384,"LOW"
86,"2","N1","T3",0.7657,0.2343,"LOW"
87,"2","N1","T3",0.8151,0.1849,"LOW"
88,"2","N1","T3",0.7237,0.2763,"LOW"
89,"2","N1","T3",0.7101,0.2899,"LOW"
90,"2","N1","T3",0.8598,0.1402,"LOW"
91,"2","N1","T3",0.8598,0.1402,"LOW"
92,"2","N1","T3",0.8598,0.1402,"LOW"
93,"2","N1","T3",0.8598,0.1402,"LOW"
94,"2","N1","T3",0.8598,0.1402,"LOW"
95,"2","N1","T3",0.8598,0.1402,"LOW"
96,"2","N1","T3",0.8598,0.1402,"LOW"
97,"2","N1","T3",0.8598,0.1402,"LOW"
98,"2","N1","T3",0.8598,0.1402,"LOW"
99,"2","N1","T3",0.8598,0.1402,"LOW"
0,"1","N2","T3",0.7556,0.2444,"LOW"
1,"1","N2","T3",0.7556,0.2444,"LOW"
2,"1","N2","T3",0.7556,0.2444,"LOW"
3,"1","N2","T3",0.7556,0.2444,"LOW"
4,"1","N2","T3",0.7556,0.2444,"LOW"
5,"1","N2","T3",0.7556,0.2444,"LOW"
6,"1","N2","T3",0.7556,0.2444,"LOW"
7,"1","N2","T3",0.7556,0.2444,"LOW"
8,"1","N2","T3",0.7556,0.2444,"LOW"
9,"1","N2","T3",0.7556,0.2444,"LOW"
10,"1","N2","T3",0.7556,0.2444,"LOW"
11,"1","N2","T3",0.7556,0.2444,"LOW"
12,"1","N2","T3",0.7556,0.2444,"LOW"
13,"1","N2","T3",0.7556,0.2444,"LOW"
14,"1","N2","T3",0.7556,0.2444,"LOW"
15,"1","N2","T3",0.7556,0.2444,"LOW"
16,"1","N2","T3",0.7556,0.2444,"LOW"
17,"1","N2","T3",0.7556,0.2444,"LOW"
18,"1","N2","T3",0.7556,0.2444,"LOW"
19,"1","N2","T3",0.7556,0.2444,"LOW"
20,"1","N2","T3",0.7556,0.2444,"LOW"
21,"1","N2","T3",0.7556,0.2444,"LOW"
22,"1","N2","T3",0.7556,0.2444,"LOW"
23,"1","N2","T3",0.7556,0.2444,"LOW"
24,"1","N2","T3",0.7556,0.2444,"LOW"
25,"1","N2","T3",0.7596,0.2404,"LOW"
26,"1","N2","T3",0.7596,0.2404,"LOW"
27,"1","N2","T3",0.7596,0.2404,"LOW"
28,"1","N2","T3",0.7596,0.2404,"LOW"
29,"1","N2","T3",0.7583,0.2417,"LOW"
30,"1","N2","T3",0.7743,0.2257,"LOW"
31,"1","N2","T3",0.7823,0.2177,"LOW"
32,"1","N2","T3",0.7783,0.2217,"LOW"
33,"1","N2","T3",0.7797,0.2203,"LOW"
34,"1","N2","T3",0.7858,0.2142,"LOW"
35,"1","N2","T3",0.7883,0.2117,"LOW"
36,"1","N2","T3",0.7837,0.2163,"LOW"
37,"1","N2","T3",0.7746,0.2254,"LOW"
38,"1","N2","T3",0.7794,0.2206,"LOW"
39,"1","N2","T3",0.7695,0.2305,"LOW"
40,"1","N2","T3",0.766,0.234,"LOW"
41,"1","N2","T3",0.7625,0.2375,"LOW"
42,"1","N2","T3",0.7451,0.2549,"LOW"
43,"1","N2","T3",0.7071,0.2929,"LOW"
44,"1","N2","T3",0.6038,0.3962,"LOW"
45,"1","N2","T3",0.5834,0.4166,"LOW"
46,"1","N2","T3",0.5932,0.4068,"LOW"
47,"1","N2","T3",0.7115,0.2885,"LOW"
48,"1","N2","T3",0.7171,0.2829,"LOW"
49,"1","N2","T3",0.6857,0.3143,"LOW"
50,"1","N2","T3",0.7072,0.2928,"LOW"
51,"1","N2","T3",0.698,0.302,"LOW"
52,"1","N2","T3",0.6781,0.3219,"LOW"
53,"1","N2","T3",0.6405,0.3595,"LOW"
54,"1","N2","T3",0.6959,0.3041,"LOW"
55,"1","N2","T3",0.6809,0.3191,"LOW"
56,"1","N2","T3",0.6996,0.3004,"LOW"
57,"1","N2","T3",0.7012,0.2988,"LOW"
58,"1","N2","T3",0.7257,0.2743,"LOW"
59,"1","N2","T3",0.7061,0.2939,"LOW"
60,"1","N2","T3",0.6913,0.3087,"LOW"
61,"1","N2","T3",0.6609,0.3391,"LOW"
62,"1","N2","T3",0.6707,0.3293,"LOW"
63,"1","N2","T3",0.6898,0.3102,"LOW"
64,"1","N2","T3",0.6884,0.3116,"LOW"
65,"1","N2","T3",0.691,0.309,"LOW"
66,"1","N2","T3",0.6926,0.3074,"LOW"
67,"1","N2","T3",0.7153,0.2847,"LOW"
68,"1","N2","T3",0.6992,0.3008,"LOW"
69,"1","N2","T3",0.7138,0.2862,"LOW"
70,"1","N2","T3",0.7064,0.2936,"LOW"
71,"1","N2","T3",0.73,0.27,"LOW"
72,"1","N2","T3",0.7233,0.2767,"LOW"
73,"1","N2","T3",0.6967,0.3033,"LOW"
74,"1","N2","T3",0.7056,0.2944,"LOW"
75,"1","N2","T3",0.7112,0.2888,"LOW"
76,"1","N2","T3",0.6906,0.3094,"LOW"
77,"1","N2","T3",0.6865,0.3135,"LOW"
78,"1","N2","T3",0.6992,0.3008,"LOW"
79,"1","N2","T3",0.6719,0.3281,"LOW"
80,"1","N2","T3",0.7014,0.2986,"LOW"
81,"1","N2","T3",0.6922,0.3078,"LOW"
82,"1","N2","T3",0.6999,0.3001,"LOW"
83,"1","N2","T3",0.684,0.316,"LOW"
84,"1","N2","T3",0.6962,0.3038,"LOW"
85,"1","N2","T3",0.7496,0.2504,"LOW"
86,"1","N2","T3",0.628,0.372,"LOW"
87,"1","N2","T3",0.5765,0.4235,"LOW"
88,"1","N2","T3",0.5674,0.4326,"LOW"
89,"1","N2","T3",0.5464,0.4536,"LOW"
90,"1","N2","T3",0.4877,0.5123,"HIGH"
91,"1","N2","T3",0.4877,0.5123,"HIGH"
92,"1","N2","T3",0.4877,0.5123,"HIGH"
93,"1","N2","T3",0.4877,0.5123,"HIGH"
94,"1","N2","T3",0.4877,0.5123,"HIGH"
95,"1","N2","T3",0.4877,0.5123,"HIGH"
96,"1","N2","T3",0.4877,0.5123,"HIGH"
97,"1","N2","T3",0.4877,0.5123,"HIGH"
98,"1","N2","T3",0.4877,0.5123,"HIGH"
99,"1","N2","T3",0.4877,0.5123,"HIGH"
0,"2","N2","T3",0.7537,0.2463,"LOW"
1,"2","N2","T3",0.7537,0.2463,"LOW"
2,"2","N2","T3",0.7537,0.2463,"LOW"
3,"2","N2","T3",0.7537,0.2463,"LOW"
4,"2","N2","T3",0.7537,0.2463,"LOW"
5,"2","N2","T3",0.7537,0.2463,"LOW"
6,"2","N2","T3",0.7537,0.2463,"LOW"
7,"2","N2","T3",0.7537,0.2463,"LOW"
8,"2","N2","T3",0.7537,0.2463,"LOW"
9,"2","N2","T3",0.7537,0.2463,"LOW"
10,"2","N2","T3",0.7537,0.2463,"LOW"
11,"2","N2","T3",0.7537,0.2463,"LOW"
12,"2","N2","T3",0.7537,0.2463,"LOW"
13,"2","N2","T3",0.7537,0.2463,"LOW"
14,"2","N2","T3",0.7537,0.2463,"LOW"
15,"2","N2","T3",0.7537,0.2463,"LOW"
16,"2","N2","T3",0.7537,0.2463,"LOW"
17,"2","N2","T3",0.7537,0.2463,"LOW"
18,"2","N2","T3",0.7537,0.2463,"LOW"
19,"2","N2","T3",0.7537,0.2463,"LOW"
20,"2","N2","T3",0.7537,0.2463,"LOW"
21,"2","N2","T3",0.7537,0.2463,"LOW"
22,"2","N2","T3",0.7537,0.2463,"LOW"
23,"2","N2","T3",0.7537,0.2463,"LOW"
24,"2","N2","T3",0.7537,0.2463,"LOW"
25,"2","N2","T3",0.7632,0.2368,"LOW"
26,"2","N2","T3",0.7632,0.2368,"LOW"
27,"2","N2","T3",0.7632,0.2368,"LOW"
28,"2","N2","T3",0.7632,0.2368,"LOW"
29,"2","N2","T3",0.7632,0.2368,"LOW"
30,"2","N2","T3",0.7881,0.2119,"LOW"
31,"2","N2","T3",0.7994,0.2006,"LOW"
32,"2","N2","T3",0.7974,0.2026,"LOW"
33,"2","N2","T3",0.7934,0.2066,"LOW"
34,"2","N2","T3",0.7956,0.2044,"LOW"
35,"2","N2","T3",0.7834,0.2166,"LOW"
36,"2","N2","T3",0.7791,0.2209,"LOW"
37,"2","N2","T3",0.725,0.275,"LOW"
38,"2","N2","T3",0.7378,0.2622,"LOW"
39,"2","N2","T3",0.7412,0.2588,"LOW"
40,"2","N2","T3",0.7484,0.2516,"LOW"
41,"2","N2","T3",0.7971,0.2029,"LOW"
42,"2","N2","T3",0.8074,0.1926,"LOW"
43,"2","N2","T3",0.8088,0.1912,"LOW"
44,"2","N2","T3",0.7942,0.2058,"LOW"
45,"2","N2","T3",0.7845,0.2155,"LOW"
46,"2","N2","T3",0.7865,0.2135,"LOW"
47,"2","N2","T3",0.8016,0.1984,"LOW"
48,"2","N2","T3",0.8006,0.1994,"LOW"
49,"2","N2","T3",0.7919,0.2081,"LOW"
50,"2","N2","T3",0.8027,0.1973,"LOW"
51,"2","N2","T3",0.8008,0.1992,"LOW"
52,"2","N2","T3",0.7887,0.2113,"LOW"
53,"2","N2","T3",0.6235,0.3765,"LOW"
54,"2","N2","T3",0.6632,0.3368,"LOW"
55,"2","N2","T3",0.6734,0.3266,"LOW"
56,"2","N2","T3",0.6545,0.3455,"LOW"
57,"2","N2","T3",0.7182,0.2818,"LOW"
58,"2","N2","T3",0.7406,0.2594,"LOW"
59,"2","N2","T3",0.7394,0.2606,"LOW"
60,"2","N2","T3",0.7303,0.2697,"LOW"
61,"2","N2","T3",0.7471,0.2529,"LOW"
62,"2","N2","T3",0.7557,0.2443,"LOW"
63,"2","N2","T3",0.7569,0.2431,"LOW"
64,"2","N2","T3",0.6893,0.3107,"LOW"
65,"2","N2","T3",0.7482,0.2518,"LOW"
66,"2","N2","T3",0.7432,0.2568,"LOW"
67,"2","N2","T3",0.7534,0.2466,"LOW"
68,"2","N2","T3",0.7202,0.2798,"LOW"
69,"2","N2","T3",0.7071,0.2929,"LOW"
70,"2","N2","T3",0.7414,0.2586,"LOW"
71,"2","N2","T3",0.7521,0.2479,"LOW"
72,"2","N2","T3",0.7414,0.2586,"LOW"
73,"2","N2","T3",0.7097,0.2903,"LOW"
74,"2","N2","T3",0.7031,0.2969,"LOW"
75,"2","N2","T3",0.7449,0.2551,"LOW"
76,"2","N2","T3",0.7486,0.2514,"LOW"
77,"2","N2","T3",0.6968,0.3032,"LOW"
78,"2","N2","T3",0.7083,0.2917,"LOW"
79,"2","N2","T3",0.6607,0.3393,"LOW"
80,"2","N2","T3",0.6897,0.3103,"LOW"
81,"2","N2","T3",0.7059,0.2941,"LOW"
82,"2","N2","T3",0.7269,0.2731,"LOW"
83,"2","N2","T3",0.6902,0.3098,"LOW"
84,"2","N2","T3",0.742,0.258,"LOW"
85,"2","N2","T3",0.6571,0.3429,"LOW"
86,"2","N2","T3",0.6689,0.3311,"LOW"
87,"2","N2","T3",0.6217,0.3783,"LOW"
88,"2","N2","T3",0.5965,0.4035,"LOW"
89,"2","N2","T3",0.5854,0.4146,"LOW"
90,"2","N2","T3",0.5578,0.4422,"LOW"
91,"2","N2","T3",0.5578,0.4422,"LOW"
92,"2","N2","T3",0.5578,0.4422,"LOW"
93,"2","N2","T3",0.5578,0.4422,"LOW"
94,"2","N2","T3",0.5578,0.4422,"LOW"
95,"2","N2","T3",0.5578,0.4422,"LOW"
96,"2","N2","T3",0.5578,0.4422,"LOW"
97,"2","N2","T3",0.5578,0.4422,"LOW"
98,"2","N2","T3",0.5578,0.4422,"LOW"
99,"2","N2","T3",0.5578,0.4422,"LOW"
0,"1","N3","T3",0.3768,0.6232,"HIGH"
1,"1","N3","T3",0.3768,0.6232,"HIGH"
2,"1","N3","T3",0.3768,0.6232,"HIGH"
3,"1","N3","T3",0.3768,0.6232,"HIGH"
4,"1","N3","T3",0.3768,0.6232,"HIGH"
5,"1","N3","T3",0.3768,0.6232,"HIGH"
6,"1","N3","T3",0.3768,0.6232,"HIGH"
7,"1","N3","T3",0.3768,0.6232,"HIGH"
8,"1","N3","T3",0.3768,0.6232,"HIGH"
9,"1","N3","T3",0.3768,0.6232,"HIGH"
10,"1","N3","T3",0.3768,0.6232,"HIGH"
11,"1","N3","T3",0.3768,0.6232,"HIGH"
12,"1","N3","T3",0.3768,0.6232,"HIGH"
13,"1","N3","T3",0.3768,0.6232,"HIGH"
14,"1","N3","T3",0.3768,0.6232,"HIGH"
15,"1","N3","T3",0.3768,0.6232,"HIGH"
16,"1","N3","T3",0.3768,0.6232,"HIGH"
17,"1","N3","T3",0.3768,0.6232,"HIGH"
18,"1","N3","T3",0.3768,0.6232,"HIGH"
19,"1","N3","T3",0.3768,0.6232,"HIGH"
20,"1","N3","T3",0.3768,0.6232,"HIGH"
21,"1","N3","T3",0.3768,0.6232,"HIGH"
22,"1","N3","T3",0.3768,0.6232,"HIGH"
23,"1","N3","T3",0.3768,0.6232,"HIGH"
24,"1","N3","T3",0.3768,0.6232,"HIGH"
25,"1","N3","T3",0.3768,0.6232,"HIGH"
26,"1","N3","T3",0.3768,0.6232,"HIGH"
27,"1","N3","T3",0.3768,0.6232,"HIGH"
28,"1","N3","T3",0.3768,0.6232,"HIGH"
29,"1","N3","T3",0.3768,0.6232,"HIGH"
30,"1","N3","T3",0.3768,0.6232,"HIGH"
31,"1","N3","T3",0.3768,0.6232,"HIGH"
32,"1","N3","T3",0.3768,0.6232,"HIGH"
33,"1","N3","T3",0.3768,0.6232,"HIGH"
34,"1","N3","T3",0.3768,0.6232,"HIGH"
35,"1","N3","T3",0.3768,0.6232,"HIGH"
36,"1","N3","T3",0.3965,0.6035,"HIGH"
37,"1","N3","T3",0.4045,0.5955,"HIGH"
38,"1","N3","T3",0.4625,0.5375,"HIGH"
39,"1","N3","T3",0.4902,0.5098,"HIGH"
40,"1","N3","T3",0.4854,0.5146,"HIGH"
41,"1","N3","T3",0.4784,0.5216,"HIGH"
42,"1","N3","T3",0.4853,0.5147,"HIGH"
43,"1","N3","T3",0.825,0.175,"LOW"
44,"1","N3","T3",0.8429,0.1571,"LOW"
45,"1","N3","T3",0.7674,0.2326,"LOW"
46,"1","N3","T3",0.7484,0.2516,"LOW"
47,"1","N3","T3",0.7941,0.2059,"LOW"
48,"1","N3","T3",0.8384,0.1616,"LOW"
49,"1","N3","T3",0.837,0.163,"LOW"
50,"1","N3","T3",0.8099,0.1901,"LOW"
51,"1","N3","T3",0.6366,0.3634,"LOW"
52,"1","N3","T3",0.647,0.353,"LOW"
53,"1","N3","T3",0.6281,0.3719,"LOW"
54,"1","N3","T3",0.6362,0.3638,"LOW"
55,"1","N3","T3",0.5865,0.4135,"LOW"
56,"1","N3","T3",0.4986,0.5014,"HIGH"
57,"1","N3","T3",0.7167,0.2833,"LOW"
58,"1","N3","T3",0.6887,0.3113,"LOW"
59,"1","N3","T3",0.6157,0.3843,"LOW"
60,"1","N3","T3",0.531,0.469,"LOW"
61,"1","N3","T3",0.5201,0.4799,"LOW"
62,"1","N3","T3",0.5472,0.4528,"LOW"
63,"1","N3","T3",0.4377,0.5623,"HIGH"
64,"1","N3","T3",0.4683,0.5317,"HIGH"
65,"1","N3","T3",0.6617,0.3383,"LOW"
66,"1","N3","T3",0.6148,0.3852,"LOW"
67,"1","N3","T3",0.6092,0.3908,"LOW"
68,"1","N3","T3",0.5786,0.4214,"LOW"
69,"1","N3","T3",0.4815,0.5185,"HIGH"
70,"1","N3","T3",0.4873,0.5127,"HIGH"
71,"1","N3","T3",0.5606,0.4394,"LOW"
72,"1","N3","T3",0.4201,0.5799,"HIGH"
73,"1","N3","T3",0.3451,0.6549,"HIGH"
74,"1","N3","T3",0.5907,0.4093,"LOW"
75,"1","N3","T3",0.6468,0.3532,"LOW"
76,"1","N3","T3",0.5251,0.4749,"LOW"
77,"1","N3","T3",0.4724,0.5276,"HIGH"
78,"1","N3","T3",0.3554,0.6446,"HIGH"
79,"1","N3","T3",0.5056,0.4944,"LOW"
80,"1","N3","T3",0.5234,0.4766,"LOW"
81,"1","N3","T3",0.5083,0.4917,"LOW"
82,"1","N3","T3",0.3481,0.6519,"HIGH"
83,"1","N3","T3",0.3838,0.6162,"HIGH"
84,"1","N3","T3",0.3412,0.6588,"HIGH"
85,"1","N3","T3",0.4238,0.5762,"HIGH"
86,"1","N3","T3",0.3999,0.6001,"HIGH"
87,"1","N3","T3",0.7098,0.2902,"LOW"
88,"1","N3","T3",0.751,0.249,"LOW"
89,"1","N3","T3",0.68,0.32,"LOW"
90,"1","N3","T3",0.7406,0.2594,"LOW"
91,"1","N3","T3",0.7406,0.2594,"LOW"
92,"1","N3","T3",0.7406,0.2594,"LOW"
93,"1","N3","T3",0.7406,0.2594,"LOW"
94,"1","N3","T3",0.7406,0.2594,"LOW"
95,"1","N3","T3",0.7406,0.2594,"LOW"
96,"1","N3","T3",0.7406,0.2594,"LOW"
97,"1","N3","T3",0.7406,0.2594,"LOW"
98,"1","N3","T3",0.7406,0.2594,"LOW"
99,"1","N3","T3",0.7406,0.2594,"LOW"
0,"2","N3","T3",0.2957,0.7043,"HIGH"
1,"2","N3","T3",0.2957,0.7043,"HIGH"
2,"2","N3","T3",0.2957,0.7043,"HIGH"
3,"2","N3","T3",0.2957,0.7043,"HIGH"
4,"2","N3","T3",0.2957,0.7043,"HIGH"
5,"2","N3","T3",0.2957,0.7043,"HIGH"
6,"2","N3","T3",0.2957,0.7043,"HIGH"
7,"2","N3","T3",0.2957,0.7043,"HIGH"
8,"2","N3","T3",0.2957,0.7043,"HIGH"
9,"2","N3","T3",0.2957,0.7043,"HIGH"
10,"2","N3","T3",0.2957,0.7043,"HIGH"
11,"2","N3","T3",0.2957,0.7043,"HIGH"
12,"2","N3","T3",0.2957,0.7043,"HIGH"
13,"2","N3","T3",0.2957,0.7043,"HIGH"
14,"2","N3","T3",0.2957,0.7043,"HIGH"
15,"2","N3","T3",0.2957,0.7043,"HIGH"
16,"2","N3","T3",0.2957,0.7043,"HIGH"
17,"2","N3","T3",0.2957,0.7043,"HIGH"
18,"2","N3","T3",0.2957,0.7043,"HIGH"
19,"2","N3","T3",0.2957,0.7043,"HIGH"
20,"2","N3","T3",0.2957,0.7043,"HIGH"
21,"2","N3","T3",0.2957,0.7043,"HIGH"
22,"2","N3","T3",0.2957,0.7043,"HIGH"
23,"2","N3","T3",0.2957,0.7043,"HIGH"
24,"2","N3","T3",0.2957,0.7043,"HIGH"
25,"2","N3","T3",0.2957,0.7043,"HIGH"
26,"2","N3","T3",0.2957,0.7043,"HIGH"
27,"2","N3","T3",0.2957,0.7043,"HIGH"
28,"2","N3","T3",0.2957,0.7043,"HIGH"
29,"2","N3","T3",0.2957,0.7043,"HIGH"
30,"2","N3","T3",0.2957,0.7043,"HIGH"
31,"2","N3","T3",0.2957,0.7043,"HIGH"
32,"2","N3","T3",0.2957,0.7043,"HIGH"
33,"2","N3","T3",0.2957,0.7043,"HIGH"
34,"2","N3","T3",0.2957,0.7043,"HIGH"
35,"2","N3","T3",0.2957,0.7043,"HIGH"
36,"2","N3","T3",0.3169,0.6831,"HIGH"
37,"2","N3","T3",0.3449,0.6551,"HIGH"
38,"2","N3","T3",0.4238,0.5762,"HIGH"
39,"2","N3","T3",0.4687,0.5313,"HIGH"
40,"2","N3","T3",0.4619,0.5381,"HIGH"
41,"2","N3","T3",0.4437,0.5563,"HIGH"
42,"2","N3","T3",0.4397,0.5603,"HIGH"
43,"2","N3","T3",0.6619,0.3381,"LOW"
44,"2","N3","T3",0.6382,0.3618,"LOW"
45,"2","N3","T3",0.4166,0.5834,"HIGH"
46,"2","N3","T3",0.403,0.597,"HIGH"
47,"2","N3","T3",0.5596,0.4404,"LOW"
48,"2","N3","T3",0.692,0.308,"LOW"
49,"2","N3","T3",0.7351,0.2649,"LOW"
50,"2","N3","T3",0.7211,0.2789,"LOW"
51,"2","N3","T3",0.5476,0.4524,"LOW"
52,"2","N3","T3",0.5842,0.4158,"LOW"
53,"2","N3","T3",0.6936,0.3064,"LOW"
54,"2","N3","T3",0.7254,0.2746,"LOW"
55,"2","N3","T3",0.6916,0.3084,"LOW"
56,"2","N3","T3",0.5536,0.4464,"LOW"
57,"2","N3","T3",0.5081,0.4919,"LOW"
58,"2","N3","T3",0.5825,0.4175,"LOW"
59,"2","N3","T3",0.4666,0.5334,"HIGH"
60,"2","N3","T3",0.5475,0.4525,"LOW"
61,"2","N3","T3",0.5157,0.4843,"LOW"
62,"2","N3","T3",0.4819,0.5181,"HIGH"
63,"2","N3","T3",0.4295,0.5705,"HIGH"
64,"2","N3","T3",0.3476,0.6524,"HIGH"
65,"2","N3","T3",0.4549,0.5451,"HIGH"
66,"2","N3","T3",0.5562,0.4438,"LOW"
67,"2","N3","T3",0.4931,0.5069,"HIGH"
68,"2","N3","T3",0.4302,0.5698,"HIGH"
69,"2","N3","T3",0.5272,0.4728,"LOW"
70,"2","N3","T3",0.5192,0.4808,"LOW"
71,"2","N3","T3",0.4865,0.5135,"HIGH"
72,"2","N3","T3",0.4786,0.5214,"HIGH"
73,"2","N3","T3",0.4711,0.5289,"HIGH"
74,"2","N3","T3",0.4669,0.5331,"HIGH"
75,"2","N3","T3",0.4281,0.5719,"HIGH"
76,"2","N3","T3",0.3274,0.6726,"HIGH"
77,"2","N3","T3",0.2887,0.7113,"HIGH"
78,"2","N3","T3",0.2552,0.7448,"HIGH"
79,"2","N3","T3",0.3443,0.6557,"HIGH"
80,"2","N3","T3",0.3981,0.6019,"HIGH"
81,"2","N3","T3",0.4051,0.5949,"HIGH"
82,"2","N3","T3",0.4295,0.5705,"HIGH"
83,"2","N3","T3",0.5473,0.4527,"LOW"
84,"2","N3","T3",0.6588,0.3412,"LOW"
85,"2","N3","T3",0.6318,0.3682,"LOW"
86,"2","N3","T3",0.619,0.381,"LOW"
87,"2","N3","T3",0.5673,0.4327,"LOW"
88,"2","N3","T3",0.4077,0.5923,"HIGH"
89,"2","N3","T3",0.387,0.613,"HIGH"
90,"2","N3","T3",0.6503,0.3497,"LOW"
91,"2","N3","T3",0.6503,0.3497,"LOW"
92,"2","N3","T3",0.6503,0.3497,"LOW"
93,"2","N3","T3",0.6503,0.3497,"LOW"
94,"2","N3","T3",0.6503,0.3497,"LOW"
95,"2","N3","T3",0.6503,0.3497,"LOW"
96,"2","N3","T3",0.6503,0.3497,"LOW"
97,"2","N3","T3",0.6503,0.3497,"LOW"
98,"2","N3","T3",0.6503,0.3497,"LOW"
99,"2","N3","T3",0.6503,0.3497,"LOW"
0,"1","Other/Unknown","T3",0.6879,0.3121,"LOW"
1,"1","Other/Unknown","T3",0.6874,0.3126,"LOW"
2,"1","Other/Unknown","T3",0.6875,0.3125,"LOW"
3,"1","Other/Unknown","T3",0.6875,0.3125,"LOW"
4,"1","Other/Unknown","T3",0.6872,0.3128,"LOW"
5,"1","Other/Unknown","T3",0.6872,0.3128,"LOW"
6,"1","Other/Unknown","T3",0.6872,0.3128,"LOW"
7,"1","Other/Unknown","T3",0.6872,0.3128,"LOW"
8,"1","Other/Unknown","T3",0.6872,0.3128,"LOW"
9,"1","Other/Unknown","T3",0.6872,0.3128,"LOW"
10,"1","Other/Unknown","T3",0.6872,0.3128,"LOW"
11,"1","Other/Unknown","T3",0.6872,0.3128,"LOW"
12,"1","Other/Unknown","T3",0.6872,0.3128,"LOW"
13,"1","Other/Unknown","T3",0.6872,0.3128,"LOW"
14,"1","Other/Unknown","T3",0.6872,0.3128,"LOW"
15,"1","Other/Unknown","T3",0.6872,0.3128,"LOW"
16,"1","Other/Unknown","T3",0.6872,0.3128,"LOW"
17,"1","Other/Unknown","T3",0.6872,0.3128,"LOW"
18,"1","Other/Unknown","T3",0.6872,0.3128,"LOW"
19,"1","Other/Unknown","T3",0.6872,0.3128,"LOW"
20,"1","Other/Unknown","T3",0.6872,0.3128,"LOW"
21,"1","Other/Unknown","T3",0.6872,0.3128,"LOW"
22,"1","Other/Unknown","T3",0.6872,0.3128,"LOW"
23,"1","Other/Unknown","T3",0.6872,0.3128,"LOW"
24,"1","Other/Unknown","T3",0.6892,0.3108,"LOW"
25,"1","Other/Unknown","T3",0.6892,0.3108,"LOW"
26,"1","Other/Unknown","T3",0.6892,0.3108,"LOW"
27,"1","Other/Unknown","T3",0.6892,0.3108,"LOW"
28,"1","Other/Unknown","T3",0.6892,0.3108,"LOW"
29,"1","Other/Unknown","T3",0.6852,0.3148,"LOW"
30,"1","Other/Unknown","T3",0.6852,0.3148,"LOW"
31,"1","Other/Unknown","T3",0.6914,0.3086,"LOW"
32,"1","Other/Unknown","T3",0.6914,0.3086,"LOW"
33,"1","Other/Unknown","T3",0.6923,0.3077,"LOW"
34,"1","Other/Unknown","T3",0.6952,0.3048,"LOW"
35,"1","Other/Unknown","T3",0.6952,0.3048,"LOW"
36,"1","Other/Unknown","T3",0.6956,0.3044,"LOW"
37,"1","Other/Unknown","T3",0.6976,0.3024,"LOW"
38,"1","Other/Unknown","T3",0.6967,0.3033,"LOW"
39,"1","Other/Unknown","T3",0.6977,0.3023,"LOW"
40,"1","Other/Unknown","T3",0.6966,0.3034,"LOW"
41,"1","Other/Unknown","T3",0.6967,0.3033,"LOW"
42,"1","Other/Unknown","T3",0.6967,0.3033,"LOW"
43,"1","Other/Unknown","T3",0.6963,0.3037,"LOW"
44,"1","Other/Unknown","T3",0.6923,0.3077,"LOW"
45,"1","Other/Unknown","T3",0.6587,0.3413,"LOW"
46,"1","Other/Unknown","T3",0.7196,0.2804,"LOW"
47,"1","Other/Unknown","T3",0.7198,0.2802,"LOW"
48,"1","Other/Unknown","T3",0.7719,0.2281,"LOW"
49,"1","Other/Unknown","T3",0.7773,0.2227,"LOW"
50,"1","Other/Unknown","T3",0.7742,0.2258,"LOW"
51,"1","Other/Unknown","T3",0.7728,0.2272,"LOW"
52,"1","Other/Unknown","T3",0.7184,0.2816,"LOW"
53,"1","Other/Unknown","T3",0.7171,0.2829,"LOW"
54,"1","Other/Unknown","T3",0.6772,0.3228,"LOW"
55,"1","Other/Unknown","T3",0.7349,0.2651,"LOW"
56,"1","Other/Unknown","T3",0.7683,0.2317,"LOW"
57,"1","Other/Unknown","T3",0.7629,0.2371,"LOW"
58,"1","Other/Unknown","T3",0.5948,0.4052,"LOW"
59,"1","Other/Unknown","T3",0.6453,0.3547,"LOW"
60,"1","Other/Unknown","T3",0.6488,0.3512,"LOW"
61,"1","Other/Unknown","T3",0.6364,0.3636,"LOW"
62,"1","Other/Unknown","T3",0.6453,0.3547,"LOW"
63,"1","Other/Unknown","T3",0.6928,0.3072,"LOW"
64,"1","Other/Unknown","T3",0.6528,0.3472,"LOW"
65,"1","Other/Unknown","T3",0.6972,0.3028,"LOW"
66,"1","Other/Unknown","T3",0.7419,0.2581,"LOW"
67,"1","Other/Unknown","T3",0.776,0.224,"LOW"
68,"1","Other/Unknown","T3",0.7899,0.2101,"LOW"
69,"1","Other/Unknown","T3",0.7898,0.2102,"LOW"
70,"1","Other/Unknown","T3",0.7404,0.2596,"LOW"
71,"1","Other/Unknown","T3",0.7497,0.2503,"LOW"
72,"1","Other/Unknown","T3",0.7133,0.2867,"LOW"
73,"1","Other/Unknown","T3",0.802,0.198,"LOW"
74,"1","Other/Unknown","T3",0.7985,0.2015,"LOW"
75,"1","Other/Unknown","T3",0.7856,0.2144,"LOW"
76,"1","Other/Unknown","T3",0.7467,0.2533,"LOW"
77,"1","Other/Unknown","T3",0.7659,0.2341,"LOW"
78,"1","Other/Unknown","T3",0.7787,0.2213,"LOW"
79,"1","Other/Unknown","T3",0.7504,0.2496,"LOW"
80,"1","Other/Unknown","T3",0.7618,0.2382,"LOW"
81,"1","Other/Unknown","T3",0.8,0.2,"LOW"
82,"1","Other/Unknown","T3",0.7206,0.2794,"LOW"
83,"1","Other/Unknown","T3",0.739,0.261,"LOW"
84,"1","Other/Unknown","T3",0.7735,0.2265,"LOW"
85,"1","Other/Unknown","T3",0.7562,0.2438,"LOW"
86,"1","Other/Unknown","T3",0.7994,0.2006,"LOW"
87,"1","Other/Unknown","T3",0.8493,0.1507,"LOW"
88,"1","Other/Unknown","T3",0.8498,0.1502,"LOW"
89,"1","Other/Unknown","T3",0.8536,0.1464,"LOW"
90,"1","Other/Unknown","T3",0.8648,0.1352,"LOW"
91,"1","Other/Unknown","T3",0.8648,0.1352,"LOW"
92,"1","Other/Unknown","T3",0.8648,0.1352,"LOW"
93,"1","Other/Unknown","T3",0.8648,0.1352,"LOW"
94,"1","Other/Unknown","T3",0.8648,0.1352,"LOW"
95,"1","Other/Unknown","T3",0.8648,0.1352,"LOW"
96,"1","Other/Unknown","T3",0.8648,0.1352,"LOW"
97,"1","Other/Unknown","T3",0.8648,0.1352,"LOW"
98,"1","Other/Unknown","T3",0.8648,0.1352,"LOW"
99,"1","Other/Unknown","T3",0.8648,0.1352,"LOW"
0,"2","Other/Unknown","T3",0.8165,0.1835,"LOW"
1,"2","Other/Unknown","T3",0.8351,0.1649,"LOW"
2,"2","Other/Unknown","T3",0.8351,0.1649,"LOW"
3,"2","Other/Unknown","T3",0.8351,0.1649,"LOW"
4,"2","Other/Unknown","T3",0.8351,0.1649,"LOW"
5,"2","Other/Unknown","T3",0.8351,0.1649,"LOW"
6,"2","Other/Unknown","T3",0.8351,0.1649,"LOW"
7,"2","Other/Unknown","T3",0.8351,0.1649,"LOW"
8,"2","Other/Unknown","T3",0.8351,0.1649,"LOW"
9,"2","Other/Unknown","T3",0.8351,0.1649,"LOW"
10,"2","Other/Unknown","T3",0.8351,0.1649,"LOW"
11,"2","Other/Unknown","T3",0.8351,0.1649,"LOW"
12,"2","Other/Unknown","T3",0.8351,0.1649,"LOW"
13,"2","Other/Unknown","T3",0.8351,0.1649,"LOW"
14,"2","Other/Unknown","T3",0.8351,0.1649,"LOW"
15,"2","Other/Unknown","T3",0.8351,0.1649,"LOW"
16,"2","Other/Unknown","T3",0.8351,0.1649,"LOW"
17,"2","Other/Unknown","T3",0.8351,0.1649,"LOW"
18,"2","Other/Unknown","T3",0.8351,0.1649,"LOW"
19,"2","Other/Unknown","T3",0.8351,0.1649,"LOW"
20,"2","Other/Unknown","T3",0.8351,0.1649,"LOW"
21,"2","Other/Unknown","T3",0.8351,0.1649,"LOW"
22,"2","Other/Unknown","T3",0.8351,0.1649,"LOW"
23,"2","Other/Unknown","T3",0.8351,0.1649,"LOW"
24,"2","Other/Unknown","T3",0.8365,0.1635,"LOW"
25,"2","Other/Unknown","T3",0.8365,0.1635,"LOW"
26,"2","Other/Unknown","T3",0.8365,0.1635,"LOW"
27,"2","Other/Unknown","T3",0.8295,0.1705,"LOW"
28,"2","Other/Unknown","T3",0.8259,0.1741,"LOW"
29,"2","Other/Unknown","T3",0.8297,0.1703,"LOW"
30,"2","Other/Unknown","T3",0.8292,0.1708,"LOW"
31,"2","Other/Unknown","T3",0.8241,0.1759,"LOW"
32,"2","Other/Unknown","T3",0.8241,0.1759,"LOW"
33,"2","Other/Unknown","T3",0.8264,0.1736,"LOW"
34,"2","Other/Unknown","T3",0.8406,0.1594,"LOW"
35,"2","Other/Unknown","T3",0.8456,0.1544,"LOW"
36,"2","Other/Unknown","T3",0.8461,0.1539,"LOW"
37,"2","Other/Unknown","T3",0.8455,0.1545,"LOW"
38,"2","Other/Unknown","T3",0.8461,0.1539,"LOW"
39,"2","Other/Unknown","T3",0.8461,0.1539,"LOW"
40,"2","Other/Unknown","T3",0.8456,0.1544,"LOW"
41,"2","Other/Unknown","T3",0.846,0.154,"LOW"
42,"2","Other/Unknown","T3",0.8462,0.1538,"LOW"
43,"2","Other/Unknown","T3",0.8455,0.1545,"LOW"
44,"2","Other/Unknown","T3",0.8435,0.1565,"LOW"
45,"2","Other/Unknown","T3",0.8003,0.1997,"LOW"
46,"2","Other/Unknown","T3",0.716,0.284,"LOW"
47,"2","Other/Unknown","T3",0.7223,0.2777,"LOW"
48,"2","Other/Unknown","T3",0.7566,0.2434,"LOW"
49,"2","Other/Unknown","T3",0.8341,0.1659,"LOW"
50,"2","Other/Unknown","T3",0.8497,0.1503,"LOW"
51,"2","Other/Unknown","T3",0.8518,0.1482,"LOW"
52,"2","Other/Unknown","T3",0.8472,0.1528,"LOW"
53,"2","Other/Unknown","T3",0.8485,0.1515,"LOW"
54,"2","Other/Unknown","T3",0.8104,0.1896,"LOW"
55,"2","Other/Unknown","T3",0.8306,0.1694,"LOW"
56,"2","Other/Unknown","T3",0.8195,0.1805,"LOW"
57,"2","Other/Unknown","T3",0.7601,0.2399,"LOW"
58,"2","Other/Unknown","T3",0.7491,0.2509,"LOW"
59,"2","Other/Unknown","T3",0.7457,0.2543,"LOW"
60,"2","Other/Unknown","T3",0.6774,0.3226,"LOW"
61,"2","Other/Unknown","T3",0.6643,0.3357,"LOW"
62,"2","Other/Unknown","T3",0.7395,0.2605,"LOW"
63,"2","Other/Unknown","T3",0.7341,0.2659,"LOW"
64,"2","Other/Unknown","T3",0.6502,0.3498,"LOW"
65,"2","Other/Unknown","T3",0.7318,0.2682,"LOW"
66,"2","Other/Unknown","T3",0.7413,0.2587,"LOW"
67,"2","Other/Unknown","T3",0.7509,0.2491,"LOW"
68,"2","Other/Unknown","T3",0.7706,0.2294,"LOW"
69,"2","Other/Unknown","T3",0.7693,0.2307,"LOW"
70,"2","Other/Unknown","T3",0.6672,0.3328,"LOW"
71,"2","Other/Unknown","T3",0.7185,0.2815,"LOW"
72,"2","Other/Unknown","T3",0.7082,0.2918,"LOW"
73,"2","Other/Unknown","T3",0.7231,0.2769,"LOW"
74,"2","Other/Unknown","T3",0.7227,0.2773,"LOW"
75,"2","Other/Unknown","T3",0.8153,0.1847,"LOW"
76,"2","Other/Unknown","T3",0.7441,0.2559,"LOW"
77,"2","Other/Unknown","T3",0.7583,0.2417,"LOW"
78,"2","Other/Unknown","T3",0.7925,0.2075,"LOW"
79,"2","Other/Unknown","T3",0.7606,0.2394,"LOW"
80,"2","Other/Unknown","T3",0.7731,0.2269,"LOW"
81,"2","Other/Unknown","T3",0.7977,0.2023,"LOW"
82,"2","Other/Unknown","T3",0.7295,0.2705,"LOW"
83,"2","Other/Unknown","T3",0.7857,0.2143,"LOW"
84,"2","Other/Unknown","T3",0.7204,0.2796,"LOW"
85,"2","Other/Unknown","T3",0.7933,0.2067,"LOW"
86,"2","Other/Unknown","T3",0.8076,0.1924,"LOW"
87,"2","Other/Unknown","T3",0.8133,0.1867,"LOW"
88,"2","Other/Unknown","T3",0.7258,0.2742,"LOW"
89,"2","Other/Unknown","T3",0.7836,0.2164,"LOW"
90,"2","Other/Unknown","T3",0.7672,0.2328,"LOW"
91,"2","Other/Unknown","T3",0.7672,0.2328,"LOW"
92,"2","Other/Unknown","T3",0.7672,0.2328,"LOW"
93,"2","Other/Unknown","T3",0.7672,0.2328,"LOW"
94,"2","Other/Unknown","T3",0.7672,0.2328,"LOW"
95,"2","Other/Unknown","T3",0.7672,0.2328,"LOW"
96,"2","Other/Unknown","T3",0.7672,0.2328,"LOW"
97,"2","Other/Unknown","T3",0.7672,0.2328,"LOW"
98,"2","Other/Unknown","T3",0.7672,0.2328,"LOW"
99,"2","Other/Unknown","T3",0.7672,0.2328,"LOW"
0,"1","N0","T4",0.8275,0.1725,"LOW"
1,"1","N0","T4",0.8275,0.1725,"LOW"
2,"1","N0","T4",0.8275,0.1725,"LOW"
3,"1","N0","T4",0.8275,0.1725,"LOW"
4,"1","N0","T4",0.8275,0.1725,"LOW"
5,"1","N0","T4",0.8275,0.1725,"LOW"
6,"1","N0","T4",0.8275,0.1725,"LOW"
7,"1","N0","T4",0.8275,0.1725,"LOW"
8,"1","N0","T4",0.8275,0.1725,"LOW"
9,"1","N0","T4",0.8275,0.1725,"LOW"
10,"1","N0","T4",0.8275,0.1725,"LOW"
11,"1","N0","T4",0.8275,0.1725,"LOW"
12,"1","N0","T4",0.8275,0.1725,"LOW"
13,"1","N0","T4",0.8275,0.1725,"LOW"
14,"1","N0","T4",0.8275,0.1725,"LOW"
15,"1","N0","T4",0.8275,0.1725,"LOW"
16,"1","N0","T4",0.8275,0.1725,"LOW"
17,"1","N0","T4",0.8275,0.1725,"LOW"
18,"1","N0","T4",0.8275,0.1725,"LOW"
19,"1","N0","T4",0.8275,0.1725,"LOW"
20,"1","N0","T4",0.8275,0.1725,"LOW"
21,"1","N0","T4",0.8275,0.1725,"LOW"
22,"1","N0","T4",0.8275,0.1725,"LOW"
23,"1","N0","T4",0.8261,0.1739,"LOW"
24,"1","N0","T4",0.8261,0.1739,"LOW"
25,"1","N0","T4",0.8278,0.1722,"LOW"
26,"1","N0","T4",0.8278,0.1722,"LOW"
27,"1","N0","T4",0.8366,0.1634,"LOW"
28,"1","N0","T4",0.8366,0.1634,"LOW"
29,"1","N0","T4",0.8362,0.1638,"LOW"
30,"1","N0","T4",0.8362,0.1638,"LOW"
31,"1","N0","T4",0.8362,0.1638,"LOW"
32,"1","N0","T4",0.8251,0.1749,"LOW"
33,"1","N0","T4",0.8113,0.1887,"LOW"
34,"1","N0","T4",0.7652,0.2348,"LOW"
35,"1","N0","T4",0.7849,0.2151,"LOW"
36,"1","N0","T4",0.7919,0.2081,"LOW"
37,"1","N0","T4",0.8169,0.1831,"LOW"
38,"1","N0","T4",0.8166,0.1834,"LOW"
39,"1","N0","T4",0.8166,0.1834,"LOW"
40,"1","N0","T4",0.7559,0.2441,"LOW"
41,"1","N0","T4",0.8013,0.1987,"LOW"
42,"1","N0","T4",0.7928,0.2072,"LOW"
43,"1","N0","T4",0.7532,0.2468,"LOW"
44,"1","N0","T4",0.8546,0.1454,"LOW"
45,"1","N0","T4",0.8567,0.1433,"LOW"
46,"1","N0","T4",0.8627,0.1373,"LOW"
47,"1","N0","T4",0.8631,0.1369,"LOW"
48,"1","N0","T4",0.7819,0.2181,"LOW"
49,"1","N0","T4",0.8277,0.1723,"LOW"
50,"1","N0","T4",0.8383,0.1617,"LOW"
51,"1","N0","T4",0.8472,0.1528,"LOW"
52,"1","N0","T4",0.8427,0.1573,"LOW"
53,"1","N0","T4",0.8377,0.1623,"LOW"
54,"1","N0","T4",0.8424,0.1576,"LOW"
55,"1","N0","T4",0.8373,0.1627,"LOW"
56,"1","N0","T4",0.8348,0.1652,"LOW"
57,"1","N0","T4",0.8371,0.1629,"LOW"
58,"1","N0","T4",0.8332,0.1668,"LOW"
59,"1","N0","T4",0.8345,0.1655,"LOW"
60,"1","N0","T4",0.8462,0.1538,"LOW"
61,"1","N0","T4",0.845,0.155,"LOW"
62,"1","N0","T4",0.8418,0.1582,"LOW"
63,"1","N0","T4",0.8467,0.1533,"LOW"
64,"1","N0","T4",0.8499,0.1501,"LOW"
65,"1","N0","T4",0.8487,0.1513,"LOW"
66,"1","N0","T4",0.8444,0.1556,"LOW"
67,"1","N0","T4",0.8467,0.1533,"LOW"
68,"1","N0","T4",0.8429,0.1571,"LOW"
69,"1","N0","T4",0.8432,0.1568,"LOW"
70,"1","N0","T4",0.8432,0.1568,"LOW"
71,"1","N0","T4",0.8495,0.1505,"LOW"
72,"1","N0","T4",0.8539,0.1461,"LOW"
73,"1","N0","T4",0.8497,0.1503,"LOW"
74,"1","N0","T4",0.8565,0.1435,"LOW"
75,"1","N0","T4",0.8614,0.1386,"LOW"
76,"1","N0","T4",0.8519,0.1481,"LOW"
77,"1","N0","T4",0.8488,0.1512,"LOW"
78,"1","N0","T4",0.8496,0.1504,"LOW"
79,"1","N0","T4",0.8487,0.1513,"LOW"
80,"1","N0","T4",0.8478,0.1522,"LOW"
81,"1","N0","T4",0.8523,0.1477,"LOW"
82,"1","N0","T4",0.8481,0.1519,"LOW"
83,"1","N0","T4",0.8543,0.1457,"LOW"
84,"1","N0","T4",0.8519,0.1481,"LOW"
85,"1","N0","T4",0.8556,0.1444,"LOW"
86,"1","N0","T4",0.8608,0.1392,"LOW"
87,"1","N0","T4",0.8599,0.1401,"LOW"
88,"1","N0","T4",0.8617,0.1383,"LOW"
89,"1","N0","T4",0.8503,0.1497,"LOW"
90,"1","N0","T4",0.8532,0.1468,"LOW"
91,"1","N0","T4",0.8532,0.1468,"LOW"
92,"1","N0","T4",0.8532,0.1468,"LOW"
93,"1","N0","T4",0.8532,0.1468,"LOW"
94,"1","N0","T4",0.8532,0.1468,"LOW"
95,"1","N0","T4",0.8532,0.1468,"LOW"
96,"1","N0","T4",0.8532,0.1468,"LOW"
97,"1","N0","T4",0.8532,0.1468,"LOW"
98,"1","N0","T4",0.8532,0.1468,"LOW"
99,"1","N0","T4",0.8532,0.1468,"LOW"
0,"2","N0","T4",0.7565,0.2435,"LOW"
1,"2","N0","T4",0.7565,0.2435,"LOW"
2,"2","N0","T4",0.7565,0.2435,"LOW"
3,"2","N0","T4",0.7565,0.2435,"LOW"
4,"2","N0","T4",0.7565,0.2435,"LOW"
5,"2","N0","T4",0.7565,0.2435,"LOW"
6,"2","N0","T4",0.7565,0.2435,"LOW"
7,"2","N0","T4",0.7565,0.2435,"LOW"
8,"2","N0","T4",0.7565,0.2435,"LOW"
9,"2","N0","T4",0.7565,0.2435,"LOW"
10,"2","N0","T4",0.7565,0.2435,"LOW"
11,"2","N0","T4",0.7565,0.2435,"LOW"
12,"2","N0","T4",0.7565,0.2435,"LOW"
13,"2","N0","T4",0.7565,0.2435,"LOW"
14,"2","N0","T4",0.7565,0.2435,"LOW"
15,"2","N0","T4",0.7565,0.2435,"LOW"
16,"2","N0","T4",0.7565,0.2435,"LOW"
17,"2","N0","T4",0.7565,0.2435,"LOW"
18,"2","N0","T4",0.7565,0.2435,"LOW"
19,"2","N0","T4",0.7565,0.2435,"LOW"
20,"2","N0","T4",0.7565,0.2435,"LOW"
21,"2","N0","T4",0.7565,0.2435,"LOW"
22,"2","N0","T4",0.7565,0.2435,"LOW"
23,"2","N0","T4",0.7581,0.2419,"LOW"
24,"2","N0","T4",0.7581,0.2419,"LOW"
25,"2","N0","T4",0.7597,0.2403,"LOW"
26,"2","N0","T4",0.7613,0.2387,"LOW"
27,"2","N0","T4",0.7718,0.2282,"LOW"
28,"2","N0","T4",0.7794,0.2206,"LOW"
29,"2","N0","T4",0.7812,0.2188,"LOW"
30,"2","N0","T4",0.7812,0.2188,"LOW"
31,"2","N0","T4",0.7812,0.2188,"LOW"
32,"2","N0","T4",0.7258,0.2742,"LOW"
33,"2","N0","T4",0.7138,0.2862,"LOW"
34,"2","N0","T4",0.7118,0.2882,"LOW"
35,"2","N0","T4",0.7913,0.2087,"LOW"
36,"2","N0","T4",0.8255,0.1745,"LOW"
37,"2","N0","T4",0.8319,0.1681,"LOW"
38,"2","N0","T4",0.8343,0.1657,"LOW"
39,"2","N0","T4",0.8341,0.1659,"LOW"
40,"2","N0","T4",0.8064,0.1936,"LOW"
41,"2","N0","T4",0.8239,0.1761,"LOW"
42,"2","N0","T4",0.8311,0.1689,"LOW"
43,"2","N0","T4",0.8224,0.1776,"LOW"
44,"2","N0","T4",0.8183,0.1817,"LOW"
45,"2","N0","T4",0.8383,0.1617,"LOW"
46,"2","N0","T4",0.8401,0.1599,"LOW"
47,"2","N0","T4",0.8398,0.1602,"LOW"
48,"2","N0","T4",0.7972,0.2028,"LOW"
49,"2","N0","T4",0.807,0.193,"LOW"
50,"2","N0","T4",0.7965,0.2035,"LOW"
51,"2","N0","T4",0.8019,0.1981,"LOW"
52,"2","N0","T4",0.8117,0.1883,"LOW"
53,"2","N0","T4",0.8134,0.1866,"LOW"
54,"2","N0","T4",0.7793,0.2207,"LOW"
55,"2","N0","T4",0.7822,0.2178,"LOW"
56,"2","N0","T4",0.7769,0.2231,"LOW"
57,"2","N0","T4",0.7804,0.2196,"LOW"
58,"2","N0","T4",0.7955,0.2045,"LOW"
59,"2","N0","T4",0.8083,0.1917,"LOW"
60,"2","N0","T4",0.815,0.185,"LOW"
61,"2","N0","T4",0.8101,0.1899,"LOW"
62,"2","N0","T4",0.787,0.213,"LOW"
63,"2","N0","T4",0.7911,0.2089,"LOW"
64,"2","N0","T4",0.803,0.197,"LOW"
65,"2","N0","T4",0.8093,0.1907,"LOW"
66,"2","N0","T4",0.8109,0.1891,"LOW"
67,"2","N0","T4",0.8094,0.1906,"LOW"
68,"2","N0","T4",0.8135,0.1865,"LOW"
69,"2","N0","T4",0.8307,0.1693,"LOW"
70,"2","N0","T4",0.8251,0.1749,"LOW"
71,"2","N0","T4",0.828,0.172,"LOW"
72,"2","N0","T4",0.837,0.163,"LOW"
73,"2","N0","T4",0.8254,0.1746,"LOW"
74,"2","N0","T4",0.8217,0.1783,"LOW"
75,"2","N0","T4",0.8363,0.1637,"LOW"
76,"2","N0","T4",0.8368,0.1632,"LOW"
77,"2","N0","T4",0.8358,0.1642,"LOW"
78,"2","N0","T4",0.8344,0.1656,"LOW"
79,"2","N0","T4",0.8353,0.1647,"LOW"
80,"2","N0","T4",0.8376,0.1624,"LOW"
81,"2","N0","T4",0.8323,0.1677,"LOW"
82,"2","N0","T4",0.8299,0.1701,"LOW"
83,"2","N0","T4",0.831,0.169,"LOW"
84,"2","N0","T4",0.8264,0.1736,"LOW"
85,"2","N0","T4",0.8266,0.1734,"LOW"
86,"2","N0","T4",0.8316,0.1684,"LOW"
87,"2","N0","T4",0.8331,0.1669,"LOW"
88,"2","N0","T4",0.8544,0.1456,"LOW"
89,"2","N0","T4",0.8388,0.1612,"LOW"
90,"2","N0","T4",0.8482,0.1518,"LOW"
91,"2","N0","T4",0.8482,0.1518,"LOW"
92,"2","N0","T4",0.8482,0.1518,"LOW"
93,"2","N0","T4",0.8482,0.1518,"LOW"
94,"2","N0","T4",0.8482,0.1518,"LOW"
95,"2","N0","T4",0.8482,0.1518,"LOW"
96,"2","N0","T4",0.8482,0.1518,"LOW"
97,"2","N0","T4",0.8482,0.1518,"LOW"
98,"2","N0","T4",0.8482,0.1518,"LOW"
99,"2","N0","T4",0.8482,0.1518,"LOW"
0,"1","N1","T4",0.6276,0.3724,"LOW"
1,"1","N1","T4",0.6276,0.3724,"LOW"
2,"1","N1","T4",0.6276,0.3724,"LOW"
3,"1","N1","T4",0.6276,0.3724,"LOW"
4,"1","N1","T4",0.6276,0.3724,"LOW"
5,"1","N1","T4",0.6276,0.3724,"LOW"
6,"1","N1","T4",0.6276,0.3724,"LOW"
7,"1","N1","T4",0.6276,0.3724,"LOW"
8,"1","N1","T4",0.6276,0.3724,"LOW"
9,"1","N1","T4",0.6276,0.3724,"LOW"
10,"1","N1","T4",0.6276,0.3724,"LOW"
11,"1","N1","T4",0.6276,0.3724,"LOW"
12,"1","N1","T4",0.6276,0.3724,"LOW"
13,"1","N1","T4",0.6276,0.3724,"LOW"
14,"1","N1","T4",0.6276,0.3724,"LOW"
15,"1","N1","T4",0.6276,0.3724,"LOW"
16,"1","N1","T4",0.6276,0.3724,"LOW"
17,"1","N1","T4",0.6276,0.3724,"LOW"
18,"1","N1","T4",0.6276,0.3724,"LOW"
19,"1","N1","T4",0.6276,0.3724,"LOW"
20,"1","N1","T4",0.6196,0.3804,"LOW"
21,"1","N1","T4",0.6176,0.3824,"LOW"
22,"1","N1","T4",0.6176,0.3824,"LOW"
23,"1","N1","T4",0.6176,0.3824,"LOW"
24,"1","N1","T4",0.6176,0.3824,"LOW"
25,"1","N1","T4",0.6176,0.3824,"LOW"
26,"1","N1","T4",0.6176,0.3824,"LOW"
27,"1","N1","T4",0.6236,0.3764,"LOW"
28,"1","N1","T4",0.6276,0.3724,"LOW"
29,"1","N1","T4",0.7588,0.2412,"LOW"
30,"1","N1","T4",0.7932,0.2068,"LOW"
31,"1","N1","T4",0.7985,0.2015,"LOW"
32,"1","N1","T4",0.7992,0.2008,"LOW"
33,"1","N1","T4",0.7992,0.2008,"LOW"
34,"1","N1","T4",0.7992,0.2008,"LOW"
35,"1","N1","T4",0.7985,0.2015,"LOW"
36,"1","N1","T4",0.7965,0.2035,"LOW"
37,"1","N1","T4",0.7845,0.2155,"LOW"
38,"1","N1","T4",0.8014,0.1986,"LOW"
39,"1","N1","T4",0.8026,0.1974,"LOW"
40,"1","N1","T4",0.7674,0.2326,"LOW"
41,"1","N1","T4",0.7801,0.2199,"LOW"
42,"1","N1","T4",0.7768,0.2232,"LOW"
43,"1","N1","T4",0.7715,0.2285,"LOW"
44,"1","N1","T4",0.776,0.224,"LOW"
45,"1","N1","T4",0.7756,0.2244,"LOW"
46,"1","N1","T4",0.7037,0.2963,"LOW"
47,"1","N1","T4",0.7224,0.2776,"LOW"
48,"1","N1","T4",0.7273,0.2727,"LOW"
49,"1","N1","T4",0.6815,0.3185,"LOW"
50,"1","N1","T4",0.7174,0.2826,"LOW"
51,"1","N1","T4",0.7349,0.2651,"LOW"
52,"1","N1","T4",0.7565,0.2435,"LOW"
53,"1","N1","T4",0.7195,0.2805,"LOW"
54,"1","N1","T4",0.6648,0.3352,"LOW"
55,"1","N1","T4",0.6664,0.3336,"LOW"
56,"1","N1","T4",0.6799,0.3201,"LOW"
57,"1","N1","T4",0.687,0.313,"LOW"
58,"1","N1","T4",0.6672,0.3328,"LOW"
59,"1","N1","T4",0.6545,0.3455,"LOW"
60,"1","N1","T4",0.69,0.31,"LOW"
61,"1","N1","T4",0.6135,0.3865,"LOW"
62,"1","N1","T4",0.6482,0.3518,"LOW"
63,"1","N1","T4",0.6895,0.3105,"LOW"
64,"1","N1","T4",0.6209,0.3791,"LOW"
65,"1","N1","T4",0.6479,0.3521,"LOW"
66,"1","N1","T4",0.6365,0.3635,"LOW"
67,"1","N1","T4",0.6657,0.3343,"LOW"
68,"1","N1","T4",0.6944,0.3056,"LOW"
69,"1","N1","T4",0.6614,0.3386,"LOW"
70,"1","N1","T4",0.6929,0.3071,"LOW"
71,"1","N1","T4",0.6878,0.3122,"LOW"
72,"1","N1","T4",0.7347,0.2653,"LOW"
73,"1","N1","T4",0.7058,0.2942,"LOW"
74,"1","N1","T4",0.7345,0.2655,"LOW"
75,"1","N1","T4",0.722,0.278,"LOW"
76,"1","N1","T4",0.7343,0.2657,"LOW"
77,"1","N1","T4",0.7315,0.2685,"LOW"
78,"1","N1","T4",0.7239,0.2761,"LOW"
79,"1","N1","T4",0.6584,0.3416,"LOW"
80,"1","N1","T4",0.5964,0.4036,"LOW"
81,"1","N1","T4",0.5815,0.4185,"LOW"
82,"1","N1","T4",0.5951,0.4049,"LOW"
83,"1","N1","T4",0.5703,0.4297,"LOW"
84,"1","N1","T4",0.663,0.337,"LOW"
85,"1","N1","T4",0.7254,0.2746,"LOW"
86,"1","N1","T4",0.7219,0.2781,"LOW"
87,"1","N1","T4",0.7324,0.2676,"LOW"
88,"1","N1","T4",0.7406,0.2594,"LOW"
89,"1","N1","T4",0.7196,0.2804,"LOW"
90,"1","N1","T4",0.6982,0.3018,"LOW"
91,"1","N1","T4",0.6982,0.3018,"LOW"
92,"1","N1","T4",0.6982,0.3018,"LOW"
93,"1","N1","T4",0.6982,0.3018,"LOW"
94,"1","N1","T4",0.6982,0.3018,"LOW"
95,"1","N1","T4",0.6982,0.3018,"LOW"
96,"1","N1","T4",0.6982,0.3018,"LOW"
97,"1","N1","T4",0.6982,0.3018,"LOW"
98,"1","N1","T4",0.6982,0.3018,"LOW"
99,"1","N1","T4",0.6982,0.3018,"LOW"
0,"2","N1","T4",0.4335,0.5665,"HIGH"
1,"2","N1","T4",0.4335,0.5665,"HIGH"
2,"2","N1","T4",0.4335,0.5665,"HIGH"
3,"2","N1","T4",0.4335,0.5665,"HIGH"
4,"2","N1","T4",0.4335,0.5665,"HIGH"
5,"2","N1","T4",0.4335,0.5665,"HIGH"
6,"2","N1","T4",0.4335,0.5665,"HIGH"
7,"2","N1","T4",0.4335,0.5665,"HIGH"
8,"2","N1","T4",0.4335,0.5665,"HIGH"
9,"2","N1","T4",0.4335,0.5665,"HIGH"
10,"2","N1","T4",0.4335,0.5665,"HIGH"
11,"2","N1","T4",0.4335,0.5665,"HIGH"
12,"2","N1","T4",0.4335,0.5665,"HIGH"
13,"2","N1","T4",0.4335,0.5665,"HIGH"
14,"2","N1","T4",0.4335,0.5665,"HIGH"
15,"2","N1","T4",0.4335,0.5665,"HIGH"
16,"2","N1","T4",0.4335,0.5665,"HIGH"
17,"2","N1","T4",0.4335,0.5665,"HIGH"
18,"2","N1","T4",0.4335,0.5665,"HIGH"
19,"2","N1","T4",0.4335,0.5665,"HIGH"
20,"2","N1","T4",0.4128,0.5872,"HIGH"
21,"2","N1","T4",0.4088,0.5912,"HIGH"
22,"2","N1","T4",0.4088,0.5912,"HIGH"
23,"2","N1","T4",0.4088,0.5912,"HIGH"
24,"2","N1","T4",0.4088,0.5912,"HIGH"
25,"2","N1","T4",0.4088,0.5912,"HIGH"
26,"2","N1","T4",0.4088,0.5912,"HIGH"
27,"2","N1","T4",0.4157,0.5843,"HIGH"
28,"2","N1","T4",0.4277,0.5723,"HIGH"
29,"2","N1","T4",0.5985,0.4015,"LOW"
30,"2","N1","T4",0.6225,0.3775,"LOW"
31,"2","N1","T4",0.6273,0.3727,"LOW"
32,"2","N1","T4",0.6302,0.3698,"LOW"
33,"2","N1","T4",0.6338,0.3662,"LOW"
34,"2","N1","T4",0.6338,0.3662,"LOW"
35,"2","N1","T4",0.634,0.366,"LOW"
36,"2","N1","T4",0.6008,0.3992,"LOW"
37,"2","N1","T4",0.5812,0.4188,"LOW"
38,"2","N1","T4",0.6505,0.3495,"LOW"
39,"2","N1","T4",0.6567,0.3433,"LOW"
40,"2","N1","T4",0.5963,0.4037,"LOW"
41,"2","N1","T4",0.6083,0.3917,"LOW"
42,"2","N1","T4",0.6784,0.3216,"LOW"
43,"2","N1","T4",0.6932,0.3068,"LOW"
44,"2","N1","T4",0.7076,0.2924,"LOW"
45,"2","N1","T4",0.7091,0.2909,"LOW"
46,"2","N1","T4",0.6924,0.3076,"LOW"
47,"2","N1","T4",0.607,0.393,"LOW"
48,"2","N1","T4",0.5894,0.4106,"LOW"
49,"2","N1","T4",0.6592,0.3408,"LOW"
50,"2","N1","T4",0.672,0.328,"LOW"
51,"2","N1","T4",0.6979,0.3021,"LOW"
52,"2","N1","T4",0.6989,0.3011,"LOW"
53,"2","N1","T4",0.659,0.341,"LOW"
54,"2","N1","T4",0.685,0.315,"LOW"
55,"2","N1","T4",0.6798,0.3202,"LOW"
56,"2","N1","T4",0.6427,0.3573,"LOW"
57,"2","N1","T4",0.6228,0.3772,"LOW"
58,"2","N1","T4",0.6334,0.3666,"LOW"
59,"2","N1","T4",0.6514,0.3486,"LOW"
60,"2","N1","T4",0.7027,0.2973,"LOW"
61,"2","N1","T4",0.6913,0.3087,"LOW"
62,"2","N1","T4",0.7063,0.2937,"LOW"
63,"2","N1","T4",0.7013,0.2987,"LOW"
64,"2","N1","T4",0.7005,0.2995,"LOW"
65,"2","N1","T4",0.6892,0.3108,"LOW"
66,"2","N1","T4",0.6434,0.3566,"LOW"
67,"2","N1","T4",0.6444,0.3556,"LOW"
68,"2","N1","T4",0.6011,0.3989,"LOW"
69,"2","N1","T4",0.6376,0.3624,"LOW"
70,"2","N1","T4",0.6656,0.3344,"LOW"
71,"2","N1","T4",0.6439,0.3561,"LOW"
72,"2","N1","T4",0.6788,0.3212,"LOW"
73,"2","N1","T4",0.6389,0.3611,"LOW"
74,"2","N1","T4",0.6513,0.3487,"LOW"
75,"2","N1","T4",0.6331,0.3669,"LOW"
76,"2","N1","T4",0.6121,0.3879,"LOW"
77,"2","N1","T4",0.622,0.378,"LOW"
78,"2","N1","T4",0.5709,0.4291,"LOW"
79,"2","N1","T4",0.5423,0.4577,"LOW"
80,"2","N1","T4",0.6724,0.3276,"LOW"
81,"2","N1","T4",0.7159,0.2841,"LOW"
82,"2","N1","T4",0.6721,0.3279,"LOW"
83,"2","N1","T4",0.6852,0.3148,"LOW"
84,"2","N1","T4",0.6775,0.3225,"LOW"
85,"2","N1","T4",0.8244,0.1756,"LOW"
86,"2","N1","T4",0.8417,0.1583,"LOW"
87,"2","N1","T4",0.8598,0.1402,"LOW"
88,"2","N1","T4",0.8651,0.1349,"LOW"
89,"2","N1","T4",0.8605,0.1395,"LOW"
90,"2","N1","T4",0.8575,0.1425,"LOW"
91,"2","N1","T4",0.8575,0.1425,"LOW"
92,"2","N1","T4",0.8575,0.1425,"LOW"
93,"2","N1","T4",0.8575,0.1425,"LOW"
94,"2","N1","T4",0.8575,0.1425,"LOW"
95,"2","N1","T4",0.8575,0.1425,"LOW"
96,"2","N1","T4",0.8575,0.1425,"LOW"
97,"2","N1","T4",0.8575,0.1425,"LOW"
98,"2","N1","T4",0.8575,0.1425,"LOW"
99,"2","N1","T4",0.8575,0.1425,"LOW"
0,"1","N2","T4",0.4161,0.5839,"HIGH"
1,"1","N2","T4",0.4161,0.5839,"HIGH"
2,"1","N2","T4",0.4161,0.5839,"HIGH"
3,"1","N2","T4",0.4161,0.5839,"HIGH"
4,"1","N2","T4",0.4161,0.5839,"HIGH"
5,"1","N2","T4",0.4161,0.5839,"HIGH"
6,"1","N2","T4",0.4161,0.5839,"HIGH"
7,"1","N2","T4",0.4161,0.5839,"HIGH"
8,"1","N2","T4",0.4161,0.5839,"HIGH"
9,"1","N2","T4",0.4161,0.5839,"HIGH"
10,"1","N2","T4",0.4161,0.5839,"HIGH"
11,"1","N2","T4",0.4161,0.5839,"HIGH"
12,"1","N2","T4",0.4161,0.5839,"HIGH"
13,"1","N2","T4",0.4161,0.5839,"HIGH"
14,"1","N2","T4",0.4161,0.5839,"HIGH"
15,"1","N2","T4",0.4161,0.5839,"HIGH"
16,"1","N2","T4",0.4161,0.5839,"HIGH"
17,"1","N2","T4",0.4161,0.5839,"HIGH"
18,"1","N2","T4",0.4161,0.5839,"HIGH"
19,"1","N2","T4",0.4161,0.5839,"HIGH"
20,"1","N2","T4",0.4161,0.5839,"HIGH"
21,"1","N2","T4",0.4161,0.5839,"HIGH"
22,"1","N2","T4",0.4161,0.5839,"HIGH"
23,"1","N2","T4",0.4161,0.5839,"HIGH"
24,"1","N2","T4",0.4161,0.5839,"HIGH"
25,"1","N2","T4",0.4421,0.5579,"HIGH"
26,"1","N2","T4",0.4482,0.5518,"HIGH"
27,"1","N2","T4",0.4502,0.5498,"HIGH"
28,"1","N2","T4",0.4502,0.5498,"HIGH"
29,"1","N2","T4",0.4502,0.5498,"HIGH"
30,"1","N2","T4",0.5253,0.4747,"LOW"
31,"1","N2","T4",0.5574,0.4426,"LOW"
32,"1","N2","T4",0.469,0.531,"HIGH"
33,"1","N2","T4",0.4516,0.5484,"HIGH"
34,"1","N2","T4",0.5455,0.4545,"LOW"
35,"1","N2","T4",0.6019,0.3981,"LOW"
36,"1","N2","T4",0.6203,0.3797,"LOW"
37,"1","N2","T4",0.6353,0.3647,"LOW"
38,"1","N2","T4",0.6267,0.3733,"LOW"
39,"1","N2","T4",0.5081,0.4919,"LOW"
40,"1","N2","T4",0.4429,0.5571,"HIGH"
41,"1","N2","T4",0.5255,0.4745,"LOW"
42,"1","N2","T4",0.4558,0.5442,"HIGH"
43,"1","N2","T4",0.4872,0.5128,"HIGH"
44,"1","N2","T4",0.5119,0.4881,"LOW"
45,"1","N2","T4",0.5139,0.4861,"LOW"
46,"1","N2","T4",0.4948,0.5052,"HIGH"
47,"1","N2","T4",0.5292,0.4708,"LOW"
48,"1","N2","T4",0.5416,0.4584,"LOW"
49,"1","N2","T4",0.6061,0.3939,"LOW"
50,"1","N2","T4",0.5561,0.4439,"LOW"
51,"1","N2","T4",0.5461,0.4539,"LOW"
52,"1","N2","T4",0.5758,0.4242,"LOW"
53,"1","N2","T4",0.5741,0.4259,"LOW"
54,"1","N2","T4",0.5516,0.4484,"LOW"
55,"1","N2","T4",0.6364,0.3636,"LOW"
56,"1","N2","T4",0.6143,0.3857,"LOW"
57,"1","N2","T4",0.5947,0.4053,"LOW"
58,"1","N2","T4",0.5933,0.4067,"LOW"
59,"1","N2","T4",0.5685,0.4315,"LOW"
60,"1","N2","T4",0.5823,0.4177,"LOW"
61,"1","N2","T4",0.5268,0.4732,"LOW"
62,"1","N2","T4",0.5403,0.4597,"LOW"
63,"1","N2","T4",0.536,0.464,"LOW"
64,"1","N2","T4",0.5333,0.4667,"LOW"
65,"1","N2","T4",0.5018,0.4982,"LOW"
66,"1","N2","T4",0.5118,0.4882,"LOW"
67,"1","N2","T4",0.5604,0.4396,"LOW"
68,"1","N2","T4",0.553,0.447,"LOW"
69,"1","N2","T4",0.5491,0.4509,"LOW"
70,"1","N2","T4",0.5512,0.4488,"LOW"
71,"1","N2","T4",0.5451,0.4549,"LOW"
72,"1","N2","T4",0.5382,0.4618,"LOW"
73,"1","N2","T4",0.5264,0.4736,"LOW"
74,"1","N2","T4",0.5503,0.4497,"LOW"
75,"1","N2","T4",0.5222,0.4778,"LOW"
76,"1","N2","T4",0.5268,0.4732,"LOW"
77,"1","N2","T4",0.5657,0.4343,"LOW"
78,"1","N2","T4",0.5542,0.4458,"LOW"
79,"1","N2","T4",0.5384,0.4616,"LOW"
80,"1","N2","T4",0.5252,0.4748,"LOW"
81,"1","N2","T4",0.5095,0.4905,"LOW"
82,"1","N2","T4",0.5032,0.4968,"LOW"
83,"1","N2","T4",0.509,0.491,"LOW"
84,"1","N2","T4",0.5441,0.4559,"LOW"
85,"1","N2","T4",0.5883,0.4117,"LOW"
86,"1","N2","T4",0.6418,0.3582,"LOW"
87,"1","N2","T4",0.6132,0.3868,"LOW"
88,"1","N2","T4",0.6411,0.3589,"LOW"
89,"1","N2","T4",0.7399,0.2601,"LOW"
90,"1","N2","T4",0.6502,0.3498,"LOW"
91,"1","N2","T4",0.6502,0.3498,"LOW"
92,"1","N2","T4",0.6502,0.3498,"LOW"
93,"1","N2","T4",0.6502,0.3498,"LOW"
94,"1","N2","T4",0.6502,0.3498,"LOW"
95,"1","N2","T4",0.6502,0.3498,"LOW"
96,"1","N2","T4",0.6502,0.3498,"LOW"
97,"1","N2","T4",0.6502,0.3498,"LOW"
98,"1","N2","T4",0.6502,0.3498,"LOW"
99,"1","N2","T4",0.6502,0.3498,"LOW"
0,"2","N2","T4",0.3251,0.6749,"HIGH"
1,"2","N2","T4",0.3251,0.6749,"HIGH"
2,"2","N2","T4",0.3251,0.6749,"HIGH"
3,"2","N2","T4",0.3251,0.6749,"HIGH"
4,"2","N2","T4",0.3251,0.6749,"HIGH"
5,"2","N2","T4",0.3251,0.6749,"HIGH"
6,"2","N2","T4",0.3251,0.6749,"HIGH"
7,"2","N2","T4",0.3251,0.6749,"HIGH"
8,"2","N2","T4",0.3251,0.6749,"HIGH"
9,"2","N2","T4",0.3251,0.6749,"HIGH"
10,"2","N2","T4",0.3251,0.6749,"HIGH"
11,"2","N2","T4",0.3251,0.6749,"HIGH"
12,"2","N2","T4",0.3251,0.6749,"HIGH"
13,"2","N2","T4",0.3251,0.6749,"HIGH"
14,"2","N2","T4",0.3251,0.6749,"HIGH"
15,"2","N2","T4",0.3251,0.6749,"HIGH"
16,"2","N2","T4",0.3251,0.6749,"HIGH"
17,"2","N2","T4",0.3251,0.6749,"HIGH"
18,"2","N2","T4",0.3251,0.6749,"HIGH"
19,"2","N2","T4",0.3251,0.6749,"HIGH"
20,"2","N2","T4",0.3251,0.6749,"HIGH"
21,"2","N2","T4",0.3251,0.6749,"HIGH"
22,"2","N2","T4",0.3251,0.6749,"HIGH"
23,"2","N2","T4",0.3251,0.6749,"HIGH"
24,"2","N2","T4",0.3251,0.6749,"HIGH"
25,"2","N2","T4",0.3868,0.6132,"HIGH"
26,"2","N2","T4",0.3908,0.6092,"HIGH"
27,"2","N2","T4",0.3928,0.6072,"HIGH"
28,"2","N2","T4",0.3928,0.6072,"HIGH"
29,"2","N2","T4",0.3928,0.6072,"HIGH"
30,"2","N2","T4",0.5667,0.4333,"LOW"
31,"2","N2","T4",0.6197,0.3803,"LOW"
32,"2","N2","T4",0.5431,0.4569,"LOW"
33,"2","N2","T4",0.3891,0.6109,"HIGH"
34,"2","N2","T4",0.3884,0.6116,"HIGH"
35,"2","N2","T4",0.3655,0.6345,"HIGH"
36,"2","N2","T4",0.362,0.638,"HIGH"
37,"2","N2","T4",0.3496,0.6504,"HIGH"
38,"2","N2","T4",0.3324,0.6676,"HIGH"
39,"2","N2","T4",0.3126,0.6874,"HIGH"
40,"2","N2","T4",0.3324,0.6676,"HIGH"
41,"2","N2","T4",0.4232,0.5768,"HIGH"
42,"2","N2","T4",0.5663,0.4337,"LOW"
43,"2","N2","T4",0.5467,0.4533,"LOW"
44,"2","N2","T4",0.5781,0.4219,"LOW"
45,"2","N2","T4",0.5294,0.4706,"LOW"
46,"2","N2","T4",0.6272,0.3728,"LOW"
47,"2","N2","T4",0.6921,0.3079,"LOW"
48,"2","N2","T4",0.6283,0.3717,"LOW"
49,"2","N2","T4",0.7312,0.2688,"LOW"
50,"2","N2","T4",0.7365,0.2635,"LOW"
51,"2","N2","T4",0.7109,0.2891,"LOW"
52,"2","N2","T4",0.7022,0.2978,"LOW"
53,"2","N2","T4",0.7485,0.2515,"LOW"
54,"2","N2","T4",0.742,0.258,"LOW"
55,"2","N2","T4",0.7112,0.2888,"LOW"
56,"2","N2","T4",0.7287,0.2713,"LOW"
57,"2","N2","T4",0.6545,0.3455,"LOW"
58,"2","N2","T4",0.5989,0.4011,"LOW"
59,"2","N2","T4",0.5892,0.4108,"LOW"
60,"2","N2","T4",0.6722,0.3278,"LOW"
61,"2","N2","T4",0.6079,0.3921,"LOW"
62,"2","N2","T4",0.6076,0.3924,"LOW"
63,"2","N2","T4",0.6414,0.3586,"LOW"
64,"2","N2","T4",0.6311,0.3689,"LOW"
65,"2","N2","T4",0.5989,0.4011,"LOW"
66,"2","N2","T4",0.5943,0.4057,"LOW"
67,"2","N2","T4",0.6596,0.3404,"LOW"
68,"2","N2","T4",0.6395,0.3605,"LOW"
69,"2","N2","T4",0.6216,0.3784,"LOW"
70,"2","N2","T4",0.657,0.343,"LOW"
71,"2","N2","T4",0.62,0.38,"LOW"
72,"2","N2","T4",0.6515,0.3485,"LOW"
73,"2","N2","T4",0.6296,0.3704,"LOW"
74,"2","N2","T4",0.6381,0.3619,"LOW"
75,"2","N2","T4",0.6509,0.3491,"LOW"
76,"2","N2","T4",0.62,0.38,"LOW"
77,"2","N2","T4",0.5998,0.4002,"LOW"
78,"2","N2","T4",0.6145,0.3855,"LOW"
79,"2","N2","T4",0.6219,0.3781,"LOW"
80,"2","N2","T4",0.6208,0.3792,"LOW"
81,"2","N2","T4",0.6388,0.3612,"LOW"
82,"2","N2","T4",0.5991,0.4009,"LOW"
83,"2","N2","T4",0.6155,0.3845,"LOW"
84,"2","N2","T4",0.6957,0.3043,"LOW"
85,"2","N2","T4",0.5343,0.4657,"LOW"
86,"2","N2","T4",0.533,0.467,"LOW"
87,"2","N2","T4",0.5089,0.4911,"LOW"
88,"2","N2","T4",0.6101,0.3899,"LOW"
89,"2","N2","T4",0.7477,0.2523,"LOW"
90,"2","N2","T4",0.7523,0.2477,"LOW"
91,"2","N2","T4",0.7523,0.2477,"LOW"
92,"2","N2","T4",0.7523,0.2477,"LOW"
93,"2","N2","T4",0.7523,0.2477,"LOW"
94,"2","N2","T4",0.7523,0.2477,"LOW"
95,"2","N2","T4",0.7523,0.2477,"LOW"
96,"2","N2","T4",0.7523,0.2477,"LOW"
97,"2","N2","T4",0.7523,0.2477,"LOW"
98,"2","N2","T4",0.7523,0.2477,"LOW"
99,"2","N2","T4",0.7523,0.2477,"LOW"
0,"1","N3","T4",0.1149,0.8851,"HIGH"
1,"1","N3","T4",0.1149,0.8851,"HIGH"
2,"1","N3","T4",0.1149,0.8851,"HIGH"
3,"1","N3","T4",0.1149,0.8851,"HIGH"
4,"1","N3","T4",0.1149,0.8851,"HIGH"
5,"1","N3","T4",0.1149,0.8851,"HIGH"
6,"1","N3","T4",0.1149,0.8851,"HIGH"
7,"1","N3","T4",0.1149,0.8851,"HIGH"
8,"1","N3","T4",0.1149,0.8851,"HIGH"
9,"1","N3","T4",0.1149,0.8851,"HIGH"
10,"1","N3","T4",0.1149,0.8851,"HIGH"
11,"1","N3","T4",0.1149,0.8851,"HIGH"
12,"1","N3","T4",0.1149,0.8851,"HIGH"
13,"1","N3","T4",0.1149,0.8851,"HIGH"
14,"1","N3","T4",0.1149,0.8851,"HIGH"
15,"1","N3","T4",0.1149,0.8851,"HIGH"
16,"1","N3","T4",0.1149,0.8851,"HIGH"
17,"1","N3","T4",0.1149,0.8851,"HIGH"
18,"1","N3","T4",0.1149,0.8851,"HIGH"
19,"1","N3","T4",0.1149,0.8851,"HIGH"
20,"1","N3","T4",0.1149,0.8851,"HIGH"
21,"1","N3","T4",0.1149,0.8851,"HIGH"
22,"1","N3","T4",0.1149,0.8851,"HIGH"
23,"1","N3","T4",0.1149,0.8851,"HIGH"
24,"1","N3","T4",0.1149,0.8851,"HIGH"
25,"1","N3","T4",0.1149,0.8851,"HIGH"
26,"1","N3","T4",0.1149,0.8851,"HIGH"
27,"1","N3","T4",0.1149,0.8851,"HIGH"
28,"1","N3","T4",0.1149,0.8851,"HIGH"
29,"1","N3","T4",0.1149,0.8851,"HIGH"
30,"1","N3","T4",0.1149,0.8851,"HIGH"
31,"1","N3","T4",0.1149,0.8851,"HIGH"
32,"1","N3","T4",0.1149,0.8851,"HIGH"
33,"1","N3","T4",0.1149,0.8851,"HIGH"
34,"1","N3","T4",0.1129,0.8871,"HIGH"
35,"1","N3","T4",0.1129,0.8871,"HIGH"
36,"1","N3","T4",0.1129,0.8871,"HIGH"
37,"1","N3","T4",0.1149,0.8851,"HIGH"
38,"1","N3","T4",0.1165,0.8835,"HIGH"
39,"1","N3","T4",0.1266,0.8734,"HIGH"
40,"1","N3","T4",0.1182,0.8818,"HIGH"
41,"1","N3","T4",0.1216,0.8784,"HIGH"
42,"1","N3","T4",0.1243,0.8757,"HIGH"
43,"1","N3","T4",0.211,0.789,"HIGH"
44,"1","N3","T4",0.3121,0.6879,"HIGH"
45,"1","N3","T4",0.3428,0.6572,"HIGH"
46,"1","N3","T4",0.38,0.62,"HIGH"
47,"1","N3","T4",0.5784,0.4216,"LOW"
48,"1","N3","T4",0.4233,0.5767,"HIGH"
49,"1","N3","T4",0.3956,0.6044,"HIGH"
50,"1","N3","T4",0.3464,0.6536,"HIGH"
51,"1","N3","T4",0.4673,0.5327,"HIGH"
52,"1","N3","T4",0.4829,0.5171,"HIGH"
53,"1","N3","T4",0.512,0.488,"LOW"
54,"1","N3","T4",0.5861,0.4139,"LOW"
55,"1","N3","T4",0.542,0.458,"LOW"
56,"1","N3","T4",0.5692,0.4308,"LOW"
57,"1","N3","T4",0.5499,0.4501,"LOW"
58,"1","N3","T4",0.504,0.496,"LOW"
59,"1","N3","T4",0.4486,0.5514,"HIGH"
60,"1","N3","T4",0.4921,0.5079,"HIGH"
61,"1","N3","T4",0.4488,0.5512,"HIGH"
62,"1","N3","T4",0.5177,0.4823,"LOW"
63,"1","N3","T4",0.5322,0.4678,"LOW"
64,"1","N3","T4",0.4538,0.5462,"HIGH"
65,"1","N3","T4",0.5617,0.4383,"LOW"
66,"1","N3","T4",0.6197,0.3803,"LOW"
67,"1","N3","T4",0.4998,0.5002,"HIGH"
68,"1","N3","T4",0.4402,0.5598,"HIGH"
69,"1","N3","T4",0.4357,0.5643,"HIGH"
70,"1","N3","T4",0.4363,0.5637,"HIGH"
71,"1","N3","T4",0.4932,0.5068,"HIGH"
72,"1","N3","T4",0.4579,0.5421,"HIGH"
73,"1","N3","T4",0.2992,0.7008,"HIGH"
74,"1","N3","T4",0.3639,0.6361,"HIGH"
75,"1","N3","T4",0.2895,0.7105,"HIGH"
76,"1","N3","T4",0.4471,0.5529,"HIGH"
77,"1","N3","T4",0.3996,0.6004,"HIGH"
78,"1","N3","T4",0.3092,0.6908,"HIGH"
79,"1","N3","T4",0.37,0.63,"HIGH"
80,"1","N3","T4",0.5014,0.4986,"LOW"
81,"1","N3","T4",0.5267,0.4733,"LOW"
82,"1","N3","T4",0.4334,0.5666,"HIGH"
83,"1","N3","T4",0.4979,0.5021,"HIGH"
84,"1","N3","T4",0.2938,0.7062,"HIGH"
85,"1","N3","T4",0.3177,0.6823,"HIGH"
86,"1","N3","T4",0.5007,0.4993,"LOW"
87,"1","N3","T4",0.4463,0.5537,"HIGH"
88,"1","N3","T4",0.3291,0.6709,"HIGH"
89,"1","N3","T4",0.2955,0.7045,"HIGH"
90,"1","N3","T4",0.292,0.708,"HIGH"
91,"1","N3","T4",0.292,0.708,"HIGH"
92,"1","N3","T4",0.292,0.708,"HIGH"
93,"1","N3","T4",0.292,0.708,"HIGH"
94,"1","N3","T4",0.292,0.708,"HIGH"
95,"1","N3","T4",0.292,0.708,"HIGH"
96,"1","N3","T4",0.292,0.708,"HIGH"
97,"1","N3","T4",0.292,0.708,"HIGH"
98,"1","N3","T4",0.292,0.708,"HIGH"
99,"1","N3","T4",0.292,0.708,"HIGH"
0,"2","N3","T4",0.1443,0.8557,"HIGH"
1,"2","N3","T4",0.1443,0.8557,"HIGH"
2,"2","N3","T4",0.1443,0.8557,"HIGH"
3,"2","N3","T4",0.1443,0.8557,"HIGH"
4,"2","N3","T4",0.1443,0.8557,"HIGH"
5,"2","N3","T4",0.1443,0.8557,"HIGH"
6,"2","N3","T4",0.1443,0.8557,"HIGH"
7,"2","N3","T4",0.1443,0.8557,"HIGH"
8,"2","N3","T4",0.1443,0.8557,"HIGH"
9,"2","N3","T4",0.1443,0.8557,"HIGH"
10,"2","N3","T4",0.1443,0.8557,"HIGH"
11,"2","N3","T4",0.1443,0.8557,"HIGH"
12,"2","N3","T4",0.1443,0.8557,"HIGH"
13,"2","N3","T4",0.1443,0.8557,"HIGH"
14,"2","N3","T4",0.1443,0.8557,"HIGH"
15,"2","N3","T4",0.1443,0.8557,"HIGH"
16,"2","N3","T4",0.1443,0.8557,"HIGH"
17,"2","N3","T4",0.1443,0.8557,"HIGH"
18,"2","N3","T4",0.1443,0.8557,"HIGH"
19,"2","N3","T4",0.1443,0.8557,"HIGH"
20,"2","N3","T4",0.1443,0.8557,"HIGH"
21,"2","N3","T4",0.1443,0.8557,"HIGH"
22,"2","N3","T4",0.1443,0.8557,"HIGH"
23,"2","N3","T4",0.1443,0.8557,"HIGH"
24,"2","N3","T4",0.1443,0.8557,"HIGH"
25,"2","N3","T4",0.1443,0.8557,"HIGH"
26,"2","N3","T4",0.1443,0.8557,"HIGH"
27,"2","N3","T4",0.1463,0.8537,"HIGH"
28,"2","N3","T4",0.1463,0.8537,"HIGH"
29,"2","N3","T4",0.1463,0.8537,"HIGH"
30,"2","N3","T4",0.1463,0.8537,"HIGH"
31,"2","N3","T4",0.1463,0.8537,"HIGH"
32,"2","N3","T4",0.1443,0.8557,"HIGH"
33,"2","N3","T4",0.1443,0.8557,"HIGH"
34,"2","N3","T4",0.1443,0.8557,"HIGH"
35,"2","N3","T4",0.1443,0.8557,"HIGH"
36,"2","N3","T4",0.1467,0.8533,"HIGH"
37,"2","N3","T4",0.1547,0.8453,"HIGH"
38,"2","N3","T4",0.1653,0.8347,"HIGH"
39,"2","N3","T4",0.1986,0.8014,"HIGH"
40,"2","N3","T4",0.1902,0.8098,"HIGH"
41,"2","N3","T4",0.1747,0.8253,"HIGH"
42,"2","N3","T4",0.1575,0.8425,"HIGH"
43,"2","N3","T4",0.228,0.772,"HIGH"
44,"2","N3","T4",0.2496,0.7504,"HIGH"
45,"2","N3","T4",0.2526,0.7474,"HIGH"
46,"2","N3","T4",0.3158,0.6842,"HIGH"
47,"2","N3","T4",0.5959,0.4041,"LOW"
48,"2","N3","T4",0.5702,0.4298,"LOW"
49,"2","N3","T4",0.58,0.42,"LOW"
50,"2","N3","T4",0.4357,0.5643,"HIGH"
51,"2","N3","T4",0.5621,0.4379,"LOW"
52,"2","N3","T4",0.3683,0.6317,"HIGH"
53,"2","N3","T4",0.3986,0.6014,"HIGH"
54,"2","N3","T4",0.5123,0.4877,"LOW"
55,"2","N3","T4",0.4473,0.5527,"HIGH"
56,"2","N3","T4",0.4513,0.5487,"HIGH"
57,"2","N3","T4",0.5791,0.4209,"LOW"
58,"2","N3","T4",0.6124,0.3876,"LOW"
59,"2","N3","T4",0.5962,0.4038,"LOW"
60,"2","N3","T4",0.5202,0.4798,"LOW"
61,"2","N3","T4",0.494,0.506,"HIGH"
62,"2","N3","T4",0.4936,0.5064,"HIGH"
63,"2","N3","T4",0.538,0.462,"LOW"
64,"2","N3","T4",0.4587,0.5413,"HIGH"
65,"2","N3","T4",0.5122,0.4878,"LOW"
66,"2","N3","T4",0.6461,0.3539,"LOW"
67,"2","N3","T4",0.6378,0.3622,"LOW"
68,"2","N3","T4",0.6142,0.3858,"LOW"
69,"2","N3","T4",0.5794,0.4206,"LOW"
70,"2","N3","T4",0.6466,0.3534,"LOW"
71,"2","N3","T4",0.4094,0.5906,"HIGH"
72,"2","N3","T4",0.4253,0.5747,"HIGH"
73,"2","N3","T4",0.4607,0.5393,"HIGH"
74,"2","N3","T4",0.3062,0.6938,"HIGH"
75,"2","N3","T4",0.2935,0.7065,"HIGH"
76,"2","N3","T4",0.4988,0.5012,"HIGH"
77,"2","N3","T4",0.3842,0.6158,"HIGH"
78,"2","N3","T4",0.4737,0.5263,"HIGH"
79,"2","N3","T4",0.4473,0.5527,"HIGH"
80,"2","N3","T4",0.3551,0.6449,"HIGH"
81,"2","N3","T4",0.3359,0.6641,"HIGH"
82,"2","N3","T4",0.3678,0.6322,"HIGH"
83,"2","N3","T4",0.4482,0.5518,"HIGH"
84,"2","N3","T4",0.461,0.539,"HIGH"
85,"2","N3","T4",0.467,0.533,"HIGH"
86,"2","N3","T4",0.499,0.501,"HIGH"
87,"2","N3","T4",0.5442,0.4558,"LOW"
88,"2","N3","T4",0.4021,0.5979,"HIGH"
89,"2","N3","T4",0.4168,0.5832,"HIGH"
90,"2","N3","T4",0.5997,0.4003,"LOW"
91,"2","N3","T4",0.5997,0.4003,"LOW"
92,"2","N3","T4",0.5997,0.4003,"LOW"
93,"2","N3","T4",0.5997,0.4003,"LOW"
94,"2","N3","T4",0.5997,0.4003,"LOW"
95,"2","N3","T4",0.5997,0.4003,"LOW"
96,"2","N3","T4",0.5997,0.4003,"LOW"
97,"2","N3","T4",0.5997,0.4003,"LOW"
98,"2","N3","T4",0.5997,0.4003,"LOW"
99,"2","N3","T4",0.5997,0.4003,"LOW"
0,"1","Other/Unknown","T4",0.5829,0.4171,"LOW"
1,"1","Other/Unknown","T4",0.5829,0.4171,"LOW"
2,"1","Other/Unknown","T4",0.5829,0.4171,"LOW"
3,"1","Other/Unknown","T4",0.5829,0.4171,"LOW"
4,"1","Other/Unknown","T4",0.5829,0.4171,"LOW"
5,"1","Other/Unknown","T4",0.5829,0.4171,"LOW"
6,"1","Other/Unknown","T4",0.5829,0.4171,"LOW"
7,"1","Other/Unknown","T4",0.5829,0.4171,"LOW"
8,"1","Other/Unknown","T4",0.5829,0.4171,"LOW"
9,"1","Other/Unknown","T4",0.5829,0.4171,"LOW"
10,"1","Other/Unknown","T4",0.5829,0.4171,"LOW"
11,"1","Other/Unknown","T4",0.5829,0.4171,"LOW"
12,"1","Other/Unknown","T4",0.5829,0.4171,"LOW"
13,"1","Other/Unknown","T4",0.5829,0.4171,"LOW"
14,"1","Other/Unknown","T4",0.5829,0.4171,"LOW"
15,"1","Other/Unknown","T4",0.5829,0.4171,"LOW"
16,"1","Other/Unknown","T4",0.5829,0.4171,"LOW"
17,"1","Other/Unknown","T4",0.5829,0.4171,"LOW"
18,"1","Other/Unknown","T4",0.5829,0.4171,"LOW"
19,"1","Other/Unknown","T4",0.5829,0.4171,"LOW"
20,"1","Other/Unknown","T4",0.5829,0.4171,"LOW"
21,"1","Other/Unknown","T4",0.5829,0.4171,"LOW"
22,"1","Other/Unknown","T4",0.5829,0.4171,"LOW"
23,"1","Other/Unknown","T4",0.5839,0.4161,"LOW"
24,"1","Other/Unknown","T4",0.585,0.415,"LOW"
25,"1","Other/Unknown","T4",0.587,0.413,"LOW"
26,"1","Other/Unknown","T4",0.587,0.413,"LOW"
27,"1","Other/Unknown","T4",0.59,0.41,"LOW"
28,"1","Other/Unknown","T4",0.59,0.41,"LOW"
29,"1","Other/Unknown","T4",0.59,0.41,"LOW"
30,"1","Other/Unknown","T4",0.59,0.41,"LOW"
31,"1","Other/Unknown","T4",0.6355,0.3645,"LOW"
32,"1","Other/Unknown","T4",0.6469,0.3531,"LOW"
33,"1","Other/Unknown","T4",0.6492,0.3508,"LOW"
34,"1","Other/Unknown","T4",0.6486,0.3514,"LOW"
35,"1","Other/Unknown","T4",0.6519,0.3481,"LOW"
36,"1","Other/Unknown","T4",0.6531,0.3469,"LOW"
37,"1","Other/Unknown","T4",0.6531,0.3469,"LOW"
38,"1","Other/Unknown","T4",0.6531,0.3469,"LOW"
39,"1","Other/Unknown","T4",0.6531,0.3469,"LOW"
40,"1","Other/Unknown","T4",0.6511,0.3489,"LOW"
41,"1","Other/Unknown","T4",0.6531,0.3469,"LOW"
42,"1","Other/Unknown","T4",0.6531,0.3469,"LOW"
43,"1","Other/Unknown","T4",0.6534,0.3466,"LOW"
44,"1","Other/Unknown","T4",0.6443,0.3557,"LOW"
45,"1","Other/Unknown","T4",0.6233,0.3767,"LOW"
46,"1","Other/Unknown","T4",0.5183,0.4817,"LOW"
47,"1","Other/Unknown","T4",0.514,0.486,"LOW"
48,"1","Other/Unknown","T4",0.5339,0.4661,"LOW"
49,"1","Other/Unknown","T4",0.4883,0.5117,"HIGH"
50,"1","Other/Unknown","T4",0.4621,0.5379,"HIGH"
51,"1","Other/Unknown","T4",0.4505,0.5495,"HIGH"
52,"1","Other/Unknown","T4",0.5191,0.4809,"LOW"
53,"1","Other/Unknown","T4",0.5127,0.4873,"LOW"
54,"1","Other/Unknown","T4",0.5029,0.4971,"LOW"
55,"1","Other/Unknown","T4",0.5202,0.4798,"LOW"
56,"1","Other/Unknown","T4",0.5135,0.4865,"LOW"
57,"1","Other/Unknown","T4",0.5544,0.4456,"LOW"
58,"1","Other/Unknown","T4",0.5076,0.4924,"LOW"
59,"1","Other/Unknown","T4",0.4963,0.5037,"HIGH"
60,"1","Other/Unknown","T4",0.5084,0.4916,"LOW"
61,"1","Other/Unknown","T4",0.5583,0.4417,"LOW"
62,"1","Other/Unknown","T4",0.5765,0.4235,"LOW"
63,"1","Other/Unknown","T4",0.5537,0.4463,"LOW"
64,"1","Other/Unknown","T4",0.5231,0.4769,"LOW"
65,"1","Other/Unknown","T4",0.5254,0.4746,"LOW"
66,"1","Other/Unknown","T4",0.5177,0.4823,"LOW"
67,"1","Other/Unknown","T4",0.5582,0.4418,"LOW"
68,"1","Other/Unknown","T4",0.5632,0.4368,"LOW"
69,"1","Other/Unknown","T4",0.551,0.449,"LOW"
70,"1","Other/Unknown","T4",0.5606,0.4394,"LOW"
71,"1","Other/Unknown","T4",0.5367,0.4633,"LOW"
72,"1","Other/Unknown","T4",0.5271,0.4729,"LOW"
73,"1","Other/Unknown","T4",0.6025,0.3975,"LOW"
74,"1","Other/Unknown","T4",0.6228,0.3772,"LOW"
75,"1","Other/Unknown","T4",0.6494,0.3506,"LOW"
76,"1","Other/Unknown","T4",0.5254,0.4746,"LOW"
77,"1","Other/Unknown","T4",0.5551,0.4449,"LOW"
78,"1","Other/Unknown","T4",0.5178,0.4822,"LOW"
79,"1","Other/Unknown","T4",0.5404,0.4596,"LOW"
80,"1","Other/Unknown","T4",0.5283,0.4717,"LOW"
81,"1","Other/Unknown","T4",0.587,0.413,"LOW"
82,"1","Other/Unknown","T4",0.5813,0.4187,"LOW"
83,"1","Other/Unknown","T4",0.6051,0.3949,"LOW"
84,"1","Other/Unknown","T4",0.6354,0.3646,"LOW"
85,"1","Other/Unknown","T4",0.5236,0.4764,"LOW"
86,"1","Other/Unknown","T4",0.5505,0.4495,"LOW"
87,"1","Other/Unknown","T4",0.6396,0.3604,"LOW"
88,"1","Other/Unknown","T4",0.6485,0.3515,"LOW"
89,"1","Other/Unknown","T4",0.6751,0.3249,"LOW"
90,"1","Other/Unknown","T4",0.6666,0.3334,"LOW"
91,"1","Other/Unknown","T4",0.6666,0.3334,"LOW"
92,"1","Other/Unknown","T4",0.6666,0.3334,"LOW"
93,"1","Other/Unknown","T4",0.6666,0.3334,"LOW"
94,"1","Other/Unknown","T4",0.6666,0.3334,"LOW"
95,"1","Other/Unknown","T4",0.6666,0.3334,"LOW"
96,"1","Other/Unknown","T4",0.6666,0.3334,"LOW"
97,"1","Other/Unknown","T4",0.6666,0.3334,"LOW"
98,"1","Other/Unknown","T4",0.6666,0.3334,"LOW"
99,"1","Other/Unknown","T4",0.6666,0.3334,"LOW"
0,"2","Other/Unknown","T4",0.4935,0.5065,"HIGH"
1,"2","Other/Unknown","T4",0.4935,0.5065,"HIGH"
2,"2","Other/Unknown","T4",0.4935,0.5065,"HIGH"
3,"2","Other/Unknown","T4",0.4935,0.5065,"HIGH"
4,"2","Other/Unknown","T4",0.4935,0.5065,"HIGH"
5,"2","Other/Unknown","T4",0.4935,0.5065,"HIGH"
6,"2","Other/Unknown","T4",0.4935,0.5065,"HIGH"
7,"2","Other/Unknown","T4",0.4935,0.5065,"HIGH"
8,"2","Other/Unknown","T4",0.4935,0.5065,"HIGH"
9,"2","Other/Unknown","T4",0.4935,0.5065,"HIGH"
10,"2","Other/Unknown","T4",0.4935,0.5065,"HIGH"
11,"2","Other/Unknown","T4",0.4935,0.5065,"HIGH"
12,"2","Other/Unknown","T4",0.4935,0.5065,"HIGH"
13,"2","Other/Unknown","T4",0.4935,0.5065,"HIGH"
14,"2","Other/Unknown","T4",0.4935,0.5065,"HIGH"
15,"2","Other/Unknown","T4",0.4935,0.5065,"HIGH"
16,"2","Other/Unknown","T4",0.4935,0.5065,"HIGH"
17,"2","Other/Unknown","T4",0.4935,0.5065,"HIGH"
18,"2","Other/Unknown","T4",0.4935,0.5065,"HIGH"
19,"2","Other/Unknown","T4",0.4935,0.5065,"HIGH"
20,"2","Other/Unknown","T4",0.4935,0.5065,"HIGH"
21,"2","Other/Unknown","T4",0.4935,0.5065,"HIGH"
22,"2","Other/Unknown","T4",0.4935,0.5065,"HIGH"
23,"2","Other/Unknown","T4",0.4962,0.5038,"HIGH"
24,"2","Other/Unknown","T4",0.4972,0.5028,"HIGH"
25,"2","Other/Unknown","T4",0.4992,0.5008,"HIGH"
26,"2","Other/Unknown","T4",0.5008,0.4992,"LOW"
27,"2","Other/Unknown","T4",0.5039,0.4961,"LOW"
28,"2","Other/Unknown","T4",0.5039,0.4961,"LOW"
29,"2","Other/Unknown","T4",0.5072,0.4928,"LOW"
30,"2","Other/Unknown","T4",0.5072,0.4928,"LOW"
31,"2","Other/Unknown","T4",0.5541,0.4459,"LOW"
32,"2","Other/Unknown","T4",0.6307,0.3693,"LOW"
33,"2","Other/Unknown","T4",0.6351,0.3649,"LOW"
34,"2","Other/Unknown","T4",0.6386,0.3614,"LOW"
35,"2","Other/Unknown","T4",0.6501,0.3499,"LOW"
36,"2","Other/Unknown","T4",0.6511,0.3489,"LOW"
37,"2","Other/Unknown","T4",0.6531,0.3469,"LOW"
38,"2","Other/Unknown","T4",0.6541,0.3459,"LOW"
39,"2","Other/Unknown","T4",0.6541,0.3459,"LOW"
40,"2","Other/Unknown","T4",0.6511,0.3489,"LOW"
41,"2","Other/Unknown","T4",0.6542,0.3458,"LOW"
42,"2","Other/Unknown","T4",0.6546,0.3454,"LOW"
43,"2","Other/Unknown","T4",0.6532,0.3468,"LOW"
44,"2","Other/Unknown","T4",0.653,0.347,"LOW"
45,"2","Other/Unknown","T4",0.6321,0.3679,"LOW"
46,"2","Other/Unknown","T4",0.5618,0.4382,"LOW"
47,"2","Other/Unknown","T4",0.6112,0.3888,"LOW"
48,"2","Other/Unknown","T4",0.5487,0.4513,"LOW"
49,"2","Other/Unknown","T4",0.5736,0.4264,"LOW"
50,"2","Other/Unknown","T4",0.5186,0.4814,"LOW"
51,"2","Other/Unknown","T4",0.5102,0.4898,"LOW"
52,"2","Other/Unknown","T4",0.5411,0.4589,"LOW"
53,"2","Other/Unknown","T4",0.564,0.436,"LOW"
54,"2","Other/Unknown","T4",0.5665,0.4335,"LOW"
55,"2","Other/Unknown","T4",0.5583,0.4417,"LOW"
56,"2","Other/Unknown","T4",0.4919,0.5081,"HIGH"
57,"2","Other/Unknown","T4",0.5095,0.4905,"LOW"
58,"2","Other/Unknown","T4",0.4996,0.5004,"HIGH"
59,"2","Other/Unknown","T4",0.4968,0.5032,"HIGH"
60,"2","Other/Unknown","T4",0.4817,0.5183,"HIGH"
61,"2","Other/Unknown","T4",0.5315,0.4685,"LOW"
62,"2","Other/Unknown","T4",0.5218,0.4782,"LOW"
63,"2","Other/Unknown","T4",0.4999,0.5001,"HIGH"
64,"2","Other/Unknown","T4",0.5284,0.4716,"LOW"
65,"2","Other/Unknown","T4",0.5299,0.4701,"LOW"
66,"2","Other/Unknown","T4",0.5143,0.4857,"LOW"
67,"2","Other/Unknown","T4",0.5495,0.4505,"LOW"
68,"2","Other/Unknown","T4",0.5571,0.4429,"LOW"
69,"2","Other/Unknown","T4",0.505,0.495,"LOW"
70,"2","Other/Unknown","T4",0.5125,0.4875,"LOW"
71,"2","Other/Unknown","T4",0.4917,0.5083,"HIGH"
72,"2","Other/Unknown","T4",0.4606,0.5394,"HIGH"
73,"2","Other/Unknown","T4",0.6037,0.3963,"LOW"
74,"2","Other/Unknown","T4",0.6081,0.3919,"LOW"
75,"2","Other/Unknown","T4",0.5903,0.4097,"LOW"
76,"2","Other/Unknown","T4",0.5297,0.4703,"LOW"
77,"2","Other/Unknown","T4",0.5113,0.4887,"LOW"
78,"2","Other/Unknown","T4",0.5236,0.4764,"LOW"
79,"2","Other/Unknown","T4",0.5195,0.4805,"LOW"
80,"2","Other/Unknown","T4",0.4706,0.5294,"HIGH"
81,"2","Other/Unknown","T4",0.4847,0.5153,"HIGH"
82,"2","Other/Unknown","T4",0.5122,0.4878,"LOW"
83,"2","Other/Unknown","T4",0.6206,0.3794,"LOW"
84,"2","Other/Unknown","T4",0.5923,0.4077,"LOW"
85,"2","Other/Unknown","T4",0.6361,0.3639,"LOW"
86,"2","Other/Unknown","T4",0.6085,0.3915,"LOW"
87,"2","Other/Unknown","T4",0.5767,0.4233,"LOW"
88,"2","Other/Unknown","T4",0.6494,0.3506,"LOW"
89,"2","Other/Unknown","T4",0.5915,0.4085,"LOW"
90,"2","Other/Unknown","T4",0.5377,0.4623,"LOW"
91,"2","Other/Unknown","T4",0.5377,0.4623,"LOW"
92,"2","Other/Unknown","T4",0.5377,0.4623,"LOW"
93,"2","Other/Unknown","T4",0.5377,0.4623,"LOW"
94,"2","Other/Unknown","T4",0.5377,0.4623,"LOW"
95,"2","Other/Unknown","T4",0.5377,0.4623,"LOW"
96,"2","Other/Unknown","T4",0.5377,0.4623,"LOW"
97,"2","Other/Unknown","T4",0.5377,0.4623,"LOW"
98,"2","Other/Unknown","T4",0.5377,0.4623,"LOW"
99,"2","Other/Unknown","T4",0.5377,0.4623,"LOW"
